Price,0
2012-01-04,0.0
2012-01-05,0.0
2012-01-06,-0.0
2012-01-09,0.0
2012-01-10,0.0
2012-01-11,0.0
2012-01-12,0.0
2012-01-13,-0.0
2012-01-17,0.0
2012-01-18,0.0
2012-01-19,0.0
2012-01-20,0.0
2012-01-23,-0.0
2012-01-24,-0.0
2012-01-25,0.0
2012-01-26,-0.0
2012-01-27,-0.0
2012-01-30,-0.0
2012-01-31,-0.0
2012-02-01,0.0
2012-02-02,0.0
2012-02-03,0.0
2012-02-06,-0.0
2012-02-07,0.0
2012-02-08,0.0
2012-02-09,0.0
2012-02-10,-0.0
2012-02-13,0.0
2012-02-14,-0.0
2012-02-15,-0.0
2012-02-16,0.0
2012-02-17,0.0
2012-02-21,0.0
2012-02-22,-0.0
2012-02-23,0.0
2012-02-24,0.0
2012-02-27,0.0
2012-02-28,0.0
2012-02-29,-0.0
2012-03-01,0.0
2012-03-02,-0.0
2012-03-05,-0.0
2012-03-06,-0.0
2012-03-07,0.0
2012-03-08,0.0
2012-03-09,0.0
2012-03-12,0.0
2012-03-13,0.0
2012-03-14,-0.0
2012-03-15,0.0
2012-03-16,0.0
2012-03-19,0.0
2012-03-20,-0.0
2012-03-21,-0.0
2012-03-22,-0.0
2012-03-23,0.0
2012-03-26,0.0
2012-03-27,-0.0
2012-03-28,-0.0
2012-03-29,-0.0
2012-03-30,0.0
2012-04-02,0.0
2012-04-03,-0.0
2012-04-04,-0.0
2012-04-05,-0.0
2012-04-09,-0.0
2012-04-10,-0.0
2012-04-11,0.0
2012-04-12,0.0
2012-04-13,-0.0
2012-04-16,-0.0
2012-04-17,0.0
2012-04-18,-0.0
2012-04-19,-0.0
2012-04-20,0.0
2012-04-23,-0.0
2012-04-24,0.0
2012-04-25,0.0
2012-04-26,0.0
2012-04-27,0.0
2012-04-30,-0.0
2012-05-01,0.0
2012-05-02,-0.0
2012-05-03,-0.0
2012-05-04,-0.0
2012-05-07,0.0
2012-05-08,-0.0
2012-05-09,-0.0
2012-05-10,0.0
2012-05-11,-0.0
2012-05-14,-0.0
2012-05-15,-0.0
2012-05-16,-0.0
2012-05-17,-0.0
2012-05-18,-0.0
2012-05-21,0.0
2012-05-22,0.0
2012-05-23,0.0
2012-05-24,0.0
2012-05-25,-0.0
2012-05-29,0.0
2012-05-30,-0.0
2012-05-31,-0.0
2012-06-01,-0.0
2012-06-04,-0.0
2012-06-05,0.0
2012-06-06,0.0
2012-06-07,0.0
2012-06-08,0.0
2012-06-11,-0.0
2012-06-12,0.0
2012-06-13,-0.0
2012-06-14,0.0
2012-06-15,0.0
2012-06-18,0.0
2012-06-19,0.0
2012-06-20,-0.0
2012-06-21,-0.0
2012-06-22,0.0
2012-06-25,-0.0
2012-06-26,0.0
2012-06-27,0.0
2012-06-28,-0.0
2012-06-29,0.0
2012-07-02,0.0
2012-07-03,0.0
2012-07-05,-0.0
2012-07-06,-0.0
2012-07-09,-0.0
2012-07-10,-0.0
2012-07-11,0.0
2012-07-12,-0.0
2012-07-13,0.0
2012-07-16,-0.0
2012-07-17,0.0
2012-07-18,0.0
2012-07-19,0.0
2012-07-20,-0.0
2012-07-23,-0.0
2012-07-24,-0.0
2012-07-25,0.0
2012-07-26,0.0
2012-07-27,0.0
2012-07-30,0.0
2012-07-31,-0.0
2012-08-01,-0.0
2012-08-02,-0.0
2012-08-03,0.0
2012-08-06,0.0
2012-08-07,0.0
2012-08-08,0.0
2012-08-09,0.0
2012-08-10,0.0
2012-08-13,-0.0
2012-08-14,0.0
2012-08-15,0.0
2012-08-16,0.0
2012-08-17,0.0
2012-08-20,0.0
2012-08-21,-0.0
2012-08-22,0.0
2012-08-23,-0.0
2012-08-24,0.0
2012-08-27,0.0
2012-08-28,-0.0
2012-08-29,0.0
2012-08-30,-0.0
2012-08-31,0.0
2012-09-04,-0.0
2012-09-05,-0.0
2012-09-06,0.0
2012-09-07,0.0
2012-09-10,-0.0
2012-09-11,0.0
2012-09-12,0.0
2012-09-13,0.0
2012-09-14,0.0
2012-09-17,-0.0
2012-09-18,-0.0
2012-09-19,0.0
2012-09-20,0.0
2012-09-21,-0.0
2012-09-24,-0.0
2012-09-25,-0.0
2012-09-26,-0.0
2012-09-27,0.0
2012-09-28,-0.0
2012-10-01,0.0
2012-10-02,0.0
2012-10-03,0.0
2012-10-04,0.0
2012-10-05,0.0
2012-10-08,-0.0
2012-10-09,-0.0
2012-10-10,-0.0
2012-10-11,0.0
2012-10-12,-0.0
2012-10-15,0.0
2012-10-16,0.0
2012-10-17,0.0
2012-10-18,-0.0
2012-10-19,-0.0
2012-10-22,0.0
2012-10-23,-0.0
2012-10-24,-0.0
2012-10-25,0.0
2012-10-26,-0.0
2012-10-31,0.0
2012-11-01,0.0
2012-11-02,-0.0
2012-11-05,0.0
2012-11-06,0.0
2012-11-07,-0.0
2012-11-08,-0.0
2012-11-09,0.0
2012-11-12,0.0
2012-11-13,-0.0
2012-11-14,-0.0
2012-11-15,-0.0
2012-11-16,0.0
2012-11-19,0.0
2012-11-20,0.0
2012-11-21,0.0
2012-11-23,0.0
2012-11-26,-0.0
2012-11-27,-0.0
2012-11-28,0.0
2012-11-29,0.0
2012-11-30,0.0
2012-12-03,-0.0
2012-12-04,-0.0
2012-12-05,0.0
2012-12-06,0.0
2012-12-07,0.0
2012-12-10,0.0
2012-12-11,0.0
2012-12-12,0.0
2012-12-13,-0.0
2012-12-14,-0.0
2012-12-17,0.0
2012-12-18,0.0
2012-12-19,-0.0
2012-12-20,0.0
2012-12-21,-0.0
2012-12-24,-0.0
2012-12-26,-0.0
2012-12-27,-0.0
2012-12-28,-0.0
2012-12-31,0.0
2013-01-02,0.0
2013-01-03,-0.0
2013-01-04,0.0
2013-01-07,-0.0
2013-01-08,-0.0
2013-01-09,0.0
2013-01-10,0.0
2013-01-11,-0.0
2013-01-14,-0.0
2013-01-15,0.0
2013-01-16,-0.0
2013-01-17,0.0
2013-01-18,0.0
2013-01-22,0.0
2013-01-23,0.0
2013-01-24,0.0
2013-01-25,0.0
2013-01-28,-0.0
2013-01-29,0.0
2013-01-30,-0.0
2013-01-31,-0.0
2013-02-01,0.0
2013-02-04,-0.0
2013-02-05,0.0
2013-02-06,0.0
2013-02-07,-0.0
2013-02-08,0.0
2013-02-11,-0.0
2013-02-12,0.0
2013-02-13,0.0
2013-02-14,0.0
2013-02-15,-0.0
2013-02-19,0.0
2013-02-20,-0.0
2013-02-21,-0.0
2013-02-22,0.0
2013-02-25,-0.0
2013-02-26,0.0
2013-02-27,0.0
2013-02-28,-0.0
2013-03-01,0.0
2013-03-04,0.0
2013-03-05,0.0
2013-03-06,0.0
2013-03-07,0.0
2013-03-08,0.0
2013-03-11,0.0
2013-03-12,-0.0
2013-03-13,0.0
2013-03-14,0.0
2013-03-15,-0.0
2013-03-18,-0.0
2013-03-19,-0.0
2013-03-20,0.0
2013-03-21,-0.0
2013-03-22,0.0
2013-03-25,-0.0
2013-03-26,0.0
2013-03-27,0.0
2013-03-28,0.0
2013-04-01,-0.0
2013-04-02,0.0
2013-04-03,-0.0
2013-04-04,0.0
2013-04-05,-0.0
2013-04-08,0.0
2013-04-09,0.0
2013-04-10,0.0
2013-04-11,0.0
2013-04-12,-0.0
2013-04-15,-0.0
2013-04-16,0.0
2013-04-17,-0.0
2013-04-18,-0.0
2013-04-19,0.0
2013-04-22,0.0
2013-04-23,0.0
2013-04-24,0.0
2013-04-25,0.0
2013-04-26,-0.0
2013-04-29,0.0
2013-04-30,0.0
2013-05-01,-0.0
2013-05-02,0.0
2013-05-03,0.0
2013-05-06,0.0
2013-05-07,0.0
2013-05-08,0.0
2013-05-09,-0.0
2013-05-10,0.0
2013-05-13,0.0
2013-05-14,0.0
2013-05-15,0.0
2013-05-16,-0.0
2013-05-17,0.0
2013-05-20,-0.0
2013-05-21,0.0
2013-05-22,-0.0
2013-05-23,-0.0
2013-05-24,-0.0
2013-05-28,0.0
2013-05-29,-0.0
2013-05-30,0.0
2013-05-31,-0.0
2013-06-03,0.0
2013-06-04,-0.0
2013-06-05,-0.0
2013-06-06,0.0
2013-06-07,0.0
2013-06-10,0.0
2013-06-11,-0.0
2013-06-12,-0.0
2013-06-13,0.0
2013-06-14,-0.0
2013-06-17,0.0
2013-06-18,0.0
2013-06-19,-0.0
2013-06-20,-0.0
2013-06-21,0.0
2013-06-24,-0.0
2013-06-25,0.0
2013-06-26,0.0
2013-06-27,0.0
2013-06-28,-0.0
2013-07-01,0.0
2013-07-02,-0.0
2013-07-03,0.0
2013-07-05,0.0
2013-07-08,0.0
2013-07-09,0.0
2013-07-10,0.0
2013-07-11,0.0
2013-07-12,0.0
2013-07-15,0.0
2013-07-16,-0.0
2013-07-17,0.0
2013-07-18,0.0
2013-07-19,0.0
2013-07-22,0.0
2013-07-23,-0.0
2013-07-24,-0.0
2013-07-25,0.0
2013-07-26,0.0
2013-07-29,-0.0
2013-07-30,0.0
2013-07-31,0.0
2013-08-01,0.0
2013-08-02,0.0
2013-08-05,-0.0
2013-08-06,-0.0
2013-08-07,-0.0
2013-08-08,0.0
2013-08-09,-0.0
2013-08-12,-0.0
2013-08-13,0.0
2013-08-14,-0.0
2013-08-15,-0.0
2013-08-16,-0.0
2013-08-19,-0.0
2013-08-20,0.0
2013-08-21,-0.0
2013-08-22,0.0
2013-08-23,0.0
2013-08-26,-0.0
2013-08-27,-0.0
2013-08-28,0.0
2013-08-29,0.0
2013-08-30,-0.0
2013-09-03,0.0
2013-09-04,0.0
2013-09-05,0.0
2013-09-06,0.0
2013-09-09,0.0
2013-09-10,0.0
2013-09-11,0.0
2013-09-12,-0.0
2013-09-13,0.0
2013-09-16,0.0
2013-09-17,0.0
2013-09-18,0.0
2013-09-19,-0.0
2013-09-20,-0.0
2013-09-23,-0.0
2013-09-24,-0.0
2013-09-25,-0.0
2013-09-26,0.0
2013-09-27,-0.0
2013-09-30,-0.0
2013-10-01,0.0
2013-10-02,-0.0
2013-10-03,-0.0
2013-10-04,0.0
2013-10-07,-0.0
2013-10-08,-0.0
2013-10-09,0.0
2013-10-10,0.0
2013-10-11,0.0
2013-10-14,0.0
2013-10-15,-0.0
2013-10-16,0.0
2013-10-17,0.0
2013-10-18,0.0
2013-10-21,0.0
2013-10-22,0.0
2013-10-23,-0.0
2013-10-24,0.0
2013-10-25,0.0
2013-10-28,0.0
2013-10-29,0.0
2013-10-30,-0.0
2013-10-31,-0.0
2013-11-01,0.0
2013-11-04,0.0
2013-11-05,-0.0
2013-11-06,0.0
2013-11-07,-0.0
2013-11-08,0.0
2013-11-11,0.0
2013-11-12,-0.0
2013-11-13,0.0
2013-11-14,0.0
2013-11-15,0.0
2013-11-18,-0.0
2013-11-19,-0.0
2013-11-20,-0.0
2013-11-21,0.0
2013-11-22,0.0
2013-11-25,-0.0
2013-11-26,0.0
2013-11-27,0.0
2013-11-29,-0.0
2013-12-02,-0.0
2013-12-03,-0.0
2013-12-04,-0.0
2013-12-05,-0.0
2013-12-06,0.0
2013-12-09,0.0
2013-12-10,-0.0
2013-12-11,-0.0
2013-12-12,-0.0
2013-12-13,-0.0
2013-12-16,0.0
2013-12-17,-0.0
2013-12-18,0.0
2013-12-19,-0.0
2013-12-20,0.0
2013-12-23,0.0
2013-12-24,0.0
2013-12-26,0.0
2013-12-27,-0.0
2013-12-30,-0.0
2013-12-31,0.0
2014-01-02,-0.0
2014-01-03,-0.0
2014-01-06,-0.0
2014-01-07,0.0
2014-01-08,0.0
2014-01-09,0.0
2014-01-10,0.0
2014-01-13,-0.0
2014-01-14,0.0
2014-01-15,0.0
2014-01-16,-0.0
2014-01-17,-0.0
2014-01-21,0.0
2014-01-22,0.0
2014-01-23,-0.0
2014-01-24,-0.0
2014-01-27,-0.0
2014-01-28,0.0
2014-01-29,-0.0
2014-01-30,0.0
2014-01-31,-0.0
2014-02-03,-0.0
2014-02-04,0.0
2014-02-05,-0.0
2014-02-06,0.010698113176181578
2014-02-07,0.01070282954356085
2014-02-10,0.0016033757359575618
2014-02-11,0.00923820003898805
2014-02-12,0.00036913513534120887
2014-02-13,0.0040654096534982285
2014-02-14,0.0034736158562745415
2014-02-18,0.000786697624425292
2014-02-19,-0.004298575874464507
2014-02-20,0.0029363017303481783
2014-02-21,-0.0005826695106026018
2014-02-24,0.0022501372959227673
2014-02-25,-0.000158725201615989
2014-02-26,-0.00018867136903824558
2014-02-27,-0.0015520537481530543
2014-02-28,-0.0009458155694066659
2014-03-03,0.0021247746396493967
2014-03-04,-0.006190626984168765
2014-03-05,-0.00040008222783014614
2014-03-06,-0.0007947270781378979
2014-03-07,-0.0005216507192345276
2014-03-10,0.0002914098780728814
2014-03-11,0.002954013053585119
2014-03-12,-0.0002164497364136658
2014-03-13,0.0051168734402521725
2014-03-14,0.001072643318122809
2014-03-17,-0.0025494262657988205
2014-03-18,-0.0011508853101852444
2014-03-19,0.0002506237316844374
2014-03-20,0.0001659050694744504
2014-03-21,-0.0007419929175495613
2014-03-24,-0.0010168686057903022
2014-03-25,0.0015138409772105378
2014-03-26,-0.003000181002757547
2014-03-27,-0.0008779885733604424
2014-03-28,0.002432678705594243
2014-03-31,0.004633912612724898
2014-04-01,0.0037873884217514754
2014-04-02,0.001943576998977953
2014-04-03,-0.0007096907554336492
2014-04-04,-0.004473739997861122
2014-04-07,-0.00426491909640775
2014-04-08,0.0018096622917363285
2014-04-09,0.005157196910468821
2014-04-10,-0.009303958572070652
2014-04-11,-0.0025680498099577634
2014-04-14,0.0029503613164401812
2014-04-15,0.0030909494415212353
2014-04-16,0.005897952665496876
2014-04-17,0.0005482877203271399
2014-04-21,0.0014594592063034283
2014-04-22,0.0009552235597753915
2014-04-23,-0.0007034234885852536
2014-04-24,0.0003540120281247066
2014-04-25,-0.001585265316760989
2014-04-28,0.0006154636617446253
2014-04-29,0.00043243422116880423
2014-04-30,0.0003464724588183747
2014-05-01,-6.991700141564931e-06
2014-05-02,-0.00036050820993988085
2014-05-05,0.0004279569096691465
2014-05-06,-0.002587154593655853
2014-05-07,0.0014403183898678176
2014-05-08,-0.000262837878764528
2014-05-09,6.42659263936534e-05
2014-05-12,0.0014807999652720586
2014-05-13,0.0001314762885312424
2014-05-14,-4.809603561893344e-05
2014-05-15,0.0022856616361305784
2014-05-16,-0.0005858059234144709
2014-05-19,-0.0002082627786054481
2014-05-20,-0.0014824404655483531
2014-05-21,0.0007949731155718087
2014-05-22,0.00031264212196237213
2014-05-23,0.0009094293915223993
2014-05-27,0.001091792447681556
2014-05-28,-0.00015097075220473104
2014-05-29,0.0003749699750967164
2014-05-30,0.00016550068291751826
2014-06-02,0.00012242859748032712
2014-06-03,-7.555872114666164e-05
2014-06-04,0.00020960117486794246
2014-06-05,0.00043514553349273595
2014-06-06,0.0006179266394449697
2014-06-09,-0.00014082973276359384
2014-06-10,-6.334839906556459e-05
2014-06-11,0.00033122861956336126
2014-06-12,0.0010175761068362038
2014-06-13,-0.00010175622306711901
2014-06-16,1.4115106632556076e-05
2014-06-17,-0.0001646354903419173
2014-06-18,-0.0017360690204740027
2014-06-19,-0.00027370042125637547
2014-06-20,-0.0005356712244521098
2014-06-23,2.9873875045868017e-05
2014-06-24,0.0020558441146680383
2014-06-25,-0.0014450274587078581
2014-06-26,8.993567621021646e-05
2014-06-27,-0.00041413157044525384
2014-06-30,7.612668012314184e-05
2014-07-01,-0.0012480285845400418
2014-07-02,-0.00022299550552773402
2014-07-03,-0.0009196834789681311
2014-07-07,0.0007344835952997908
2014-07-08,0.0012528040525992751
2014-07-09,-0.0006076755790902683
2014-07-10,0.0002544595311980881
2014-07-11,-0.00017532602322637694
2014-07-14,-0.0005103753310351734
2014-07-15,0.0002696187543362915
2014-07-16,-0.0006446889364853267
2014-07-17,0.0013637622369758746
2014-07-18,-0.0011247980225128614
2014-07-21,3.2312682432765596e-05
2014-07-22,0.0003133823294366713
2014-07-23,0.00028754673113085347
2014-07-24,-3.530541398846152e-05
2014-07-25,-0.0007969856921187918
2014-07-28,1.2225862261372457e-05
2014-07-29,-0.0005601690628250017
2014-07-30,-5.829043117192472e-06
2014-07-31,-0.0020954776177811436
2014-08-01,-0.0005576319236010331
2014-08-04,0.0022215627777399244
2014-08-05,-0.004182830160884405
2014-08-06,0.00012014050707775869
2014-08-07,-0.002409778550814005
2014-08-08,0.005318643452110364
2014-08-11,0.0014096639111073376
2014-08-12,-0.0007218176923059359
2014-08-13,0.0028707535940764696
2014-08-14,0.002118993827536242
2014-08-15,-0.00010120044635609592
2014-08-18,0.003355960944801122
2014-08-19,0.0015854718628081086
2014-08-20,0.0008666173541994481
2014-08-21,0.0008146286027883353
2014-08-22,-0.0004275133704088384
2014-08-25,0.0013445226217213932
2014-08-26,0.0001701819965566998
2014-08-27,-0.00011850559571906347
2014-08-28,-0.00016783155323951563
2014-08-29,0.0005886868288209556
2014-09-02,-0.00012679534722175506
2014-09-03,-0.00020711629269607482
2014-09-04,0.0001189084507049079
2014-09-05,-0.00039449931539515057
2014-09-08,0.0003720960022358604
2014-09-09,0.0011498824572388157
2014-09-10,-0.0009684178690852208
2014-09-11,-0.00026453330779097354
2014-09-12,0.000553929378922536
2014-09-15,7.037125411828184e-05
2014-09-16,-0.0006871854872654106
2014-09-17,-9.559725167534621e-05
2014-09-18,0.00012566423929463608
2014-09-19,-3.599730842232034e-05
2014-09-22,1.5038851487497445e-05
2014-09-23,-5.6062778788404214e-05
2014-09-24,0.0005028571694464575
2014-09-25,-0.0007384767301357496
2014-09-26,0.00038480492812637045
2014-09-29,-0.0004694005581031448
2014-09-30,-0.0006567393093336627
2014-10-01,-0.0030086892644147073
2014-10-02,-2.85433981191186e-05
2014-10-03,0.0037015206338512374
2014-10-06,-0.0005618387228682203
2014-10-07,-0.006488756623334007
2014-10-08,0.007159411623851338
2014-10-09,-0.009436111414828079
2014-10-10,-0.0060470341960764395
2014-10-13,-0.009465391558949612
2014-10-14,0.0009226794979357577
2014-10-15,-0.004738054411543399
2014-10-16,-0.0007233054965114272
2014-10-17,0.009163295469303018
2014-10-20,0.008080557751276106
2014-10-21,0.01741097554521892
2014-10-22,-0.006403177090773711
2014-10-23,0.010375841040209275
2014-10-24,0.006866425415135358
2014-10-27,-0.0012671136478909775
2014-10-28,0.00990263892299924
2014-10-29,-0.001306459507735687
2014-10-30,0.0053463138630595805
2014-10-31,0.009299537923127446
2014-11-03,0.0003047565794418274
2014-11-04,-0.0023120994024191164
2014-11-05,0.004191992047516048
2014-11-06,0.002488886900809397
2014-11-07,0.0005019159276862
2014-11-10,0.0016346974578155594
2014-11-11,0.00016497063171485766
2014-11-12,-0.00035942255397066543
2014-11-13,-0.00020562127112724784
2014-11-14,-0.00015527888531888026
2014-11-17,-0.00011084162578453491
2014-11-18,-0.001818853513409661
2014-11-19,0.0004770861866425152
2014-11-20,-0.0005097827489253001
2014-11-21,-0.001177136901386564
2014-11-24,-0.0006011842757049939
2014-11-25,0.00014939017114011941
2014-11-26,-0.0004008723960749981
2014-11-28,0.000314839854611944
2014-12-01,0.0003289026035522039
2014-12-02,2.8673061637010642e-05
2014-12-03,0.0007009934164892856
2014-12-04,-0.0003923402713461642
2014-12-05,0.00038226973530177473
2014-12-08,-0.0011382651055335347
2014-12-09,-0.0002993194385145142
2014-12-10,-0.005244637141971203
2014-12-11,0.0019457881783765294
2014-12-12,-0.007668737496107686
2014-12-15,-0.003911925522119023
2014-12-16,-0.0046254104200221195
2014-12-17,0.012854180501461452
2014-12-18,0.01779354673151241
2014-12-19,0.0033815282764609114
2014-12-22,0.003393358910449401
2014-12-23,0.000934203894912263
2014-12-24,6.235012680015184e-05
2014-12-26,0.0023793313945842938
2014-12-29,0.0008251245310064156
2014-12-30,-0.0031086958865571405
2014-12-31,-0.004657224975230011
2015-01-02,-0.00030143994469126155
2015-01-05,-0.00637559664533399
2015-01-06,-0.003925430184502931
2015-01-07,0.006095932907103088
2015-01-08,0.010689246369525542
2015-01-09,-0.005054956278189724
2015-01-12,-0.0042993948865710264
2015-01-13,-0.0014305726195270917
2015-01-14,-0.0030469197039942647
2015-01-15,-0.0054504916050522705
2015-01-16,0.005593081151316683
2015-01-20,0.0006481613723792693
2015-01-21,0.001619520998558457
2015-01-22,0.004543220384800894
2015-01-23,-0.0018459908481934949
2015-01-26,0.0008779250504834634
2015-01-27,-0.005195867509472949
2015-01-28,-0.0037354015091747533
2015-01-29,0.0031766601238084917
2015-01-30,-0.006820897654912602
2015-02-02,0.007126916580915406
2015-02-03,0.009046322526919923
2015-02-04,-0.002307823324059349
2015-02-05,0.006022379630012604
2015-02-06,-0.001524909549891225
2015-02-09,-0.0020452308455815825
2015-02-10,0.005298860136051169
2015-02-11,0.0002855461928598785
2015-02-12,0.004390708485186541
2015-02-13,0.001418045864634397
2015-02-17,0.0004721983696347468
2015-02-18,3.0315989825671876e-05
2015-02-19,-0.0002465737159252731
2015-02-20,0.0018798791763714958
2015-02-23,-0.00011718161445608809
2015-02-24,0.0009322980025780303
2015-02-25,-0.0002918490079433233
2015-02-26,-0.0003891773200454411
2015-02-27,-0.0013228924605522795
2015-03-02,0.0021299973438816296
2015-03-03,-0.0010486601530730708
2015-03-04,-0.0011378106438789137
2015-03-05,-5.298328444108092e-05
2015-03-06,-0.001736263578561055
2015-03-09,0.0008137098558352734
2015-03-10,-0.004779145107783645
2015-03-11,-0.0009759516474767062
2015-03-12,0.004539702986341576
2015-03-13,-0.002673706930204411
2015-03-16,0.005821101712969395
2015-03-17,-0.0014710857849954994
2015-03-18,0.005891431191752231
2015-03-19,-0.0021718594458883843
2015-03-20,0.003917309823864575
2015-03-23,-0.0008032008890514982
2015-03-24,-0.001988487788685637
2015-03-25,-0.004139687998254431
2015-03-26,-0.0008559754243131107
2015-03-27,0.0007962114094945004
2015-03-30,0.005530072998616103
2015-03-31,-0.0035169910455577036
2015-04-01,-0.0013671189325061032
2015-04-02,0.0013674794375777956
2015-04-06,0.0032720327944119067
2015-04-07,-0.0012500636708867392
2015-04-08,0.0014161150323618926
2015-04-09,0.00067004040938263
2015-04-10,0.0011602646808105933
2015-04-13,-0.00042126293241694237
2015-04-14,-3.181922249254314e-05
2015-04-15,-2.8286756430566103e-05
2015-04-16,-6.373964025501943e-05
2015-04-17,0.0014406798638065326
2015-04-20,-0.0014858976500290511
2015-04-21,2.404862988553461e-06
2015-04-22,5.882928123480098e-05
2015-04-23,-0.00014406085668772884
2015-04-24,2.092046454749098e-05
2015-04-27,-7.455947994206716e-05
2015-04-28,-0.000263749784203237
2015-04-29,0.0004774727416844979
2015-04-30,0.0010208570842621637
2015-05-01,-0.0009303818051112165
2015-05-04,-0.00021310138485656206
2015-05-05,0.0011981673024806516
2015-05-06,0.0005983084755109758
2015-05-07,-0.0003513211068776887
2015-05-08,0.0011020125359737733
2015-05-11,-0.0008049168676629823
2015-05-12,-0.0003193504019777452
2015-05-13,-7.181102043777591e-05
2015-05-14,0.0019036341313044731
2015-05-15,0.00021965746331760916
2015-05-18,0.0006049445082417888
2015-05-19,-0.00017336729038973592
2015-05-20,-4.987139648633397e-05
2015-05-21,-6.92626846264499e-05
2015-05-22,-1.4967050087328725e-05
2015-05-26,0.0007153466354025284
2015-05-27,-0.0006887197030769391
2015-05-28,-1.5224945557997171e-05
2015-05-29,-0.0005863116562155107
2015-06-01,-6.313690586418149e-05
2015-06-02,-4.77977657800497e-06
2015-06-03,-0.00015875997797422476
2015-06-04,-9.546857253520418e-05
2015-06-05,-5.6072366835429765e-06
2015-06-08,-4.26838941207679e-05
2015-06-09,-3.490294046232156e-05
2015-06-10,-0.0003031143616898912
2015-06-11,9.694197262537989e-06
2015-06-12,-0.00014255589600375675
2015-06-15,0.00020764972846621705
2015-06-16,-0.00032375245728716973
2015-06-17,-3.092303735684096e-05
2015-06-18,0.0015036561757127565
2015-06-19,-0.00016304960721774927
2015-06-22,-5.4549512132909854e-05
2015-06-23,-2.5518012565993e-05
2015-06-24,-0.0011629651393030905
2015-06-25,-0.00032113231980104384
2015-06-26,-5.038725285870678e-05
2015-06-29,0.001045220825454604
2015-06-30,1.2727932945956466e-05
2015-07-01,0.0015030493748210284
2015-07-02,-0.0003919881381529505
2015-07-06,-0.0008079117094569049
2015-07-07,0.0017102955861283114
2015-07-08,-0.004442967508658305
2015-07-09,0.0005428730080450268
2015-07-10,0.004289533515234469
2015-07-13,0.0038709831360637615
2015-07-14,0.0013668074154371327
2015-07-15,-0.00011282178201236189
2015-07-16,0.0009752797419695362
2015-07-17,0.00011722490895392249
2015-07-20,2.358643291778705e-05
2015-07-21,-0.0004056710188039902
2015-07-22,-0.00011653851276440905
2015-07-23,-0.0002767571455520511
2015-07-24,-0.0002980804335352081
2015-07-27,-4.063094620098432e-05
2015-07-28,-0.000520033144975951
2015-07-29,-0.00044741478414686114
2015-07-30,-0.00011729112823807755
2015-07-31,0.0002864396780611893
2015-08-03,0.001027233454691984
2015-08-04,0.0006350189791814113
2015-08-05,-0.0012213957401707178
2015-08-06,0.0034038748320509215
2015-08-07,0.0008645565641730414
2015-08-10,-0.0064731752239350175
2015-08-11,0.004790870454828393
2015-08-12,-0.0006368945382273445
2015-08-13,0.0006269948861174026
2015-08-14,-0.0018843073871969002
2015-08-17,-0.0029721257268103597
2015-08-18,0.0015641287556042386
2015-08-19,0.004329203761003508
2015-08-20,0.011618512312284281
2015-08-21,0.01724066927164136
2015-08-24,0.024607727407563347
2015-08-25,0.006928010291845639
2015-08-26,-0.0215055023941385
2015-08-27,-0.012167719157925675
2015-08-28,-4.4534758352463e-05
2015-08-31,0.00458890187349363
2015-09-01,0.018411038741088643
2015-09-02,-0.011632285503650948
2015-09-03,-0.0004406637844397708
2015-09-04,0.009587644032735439
2015-09-08,-0.01524854048359006
2015-09-09,0.007606274128200519
2015-09-10,-0.003198962733100434
2015-09-11,-0.0023950976386139496
2015-09-14,0.0019015390238388628
2015-09-15,-0.006341095971013512
2015-09-16,-0.004358443608237291
2015-09-17,0.0011713500128841246
2015-09-18,0.008593143771111448
2015-09-21,-0.0028881935212213775
2015-09-22,0.007201241664230367
2015-09-23,0.0009042984688432661
2015-09-24,0.0021871975492649214
2015-09-25,0.00013798761520081887
2015-09-28,0.015228128549858432
2015-09-29,-0.0003925308081672799
2015-09-30,-0.007042884924590791
2015-10-01,-0.0006959293101104329
2015-10-02,-0.0024310071490927865
2015-10-05,-0.0013241877209130446
2015-10-06,-0.0003985966226156332
2015-10-07,0.0018111478534057607
2015-10-08,0.00292720973176946
2015-10-09,5.4989295394365054e-05
2015-10-12,0.00022375511729180855
2015-10-13,-0.0023375103182198416
2015-10-14,-0.001742173639104826
2015-10-15,0.007236836038667833
2015-10-16,0.0022494439810588854
2015-10-19,0.0002294972206943196
2015-10-20,-0.0006152977346815448
2015-10-21,-0.003445933527962222
2015-10-22,0.009471990950944715
2015-10-23,0.006424052080932881
2015-10-26,-0.0012968958689392129
2015-10-27,-0.0009628758504479681
2015-10-28,0.006257624815434103
2015-10-29,-0.0005133230623200608
2015-10-30,-0.0029116324032174914
2015-11-02,0.006372377538872307
2015-11-03,0.0014023803195970192
2015-11-04,-0.0013055275320846159
2015-11-05,-0.0003957723585341435
2015-11-06,-0.000152579478356554
2015-11-09,-0.000476025600025084
2015-11-10,-5.7036594389180284e-06
2015-11-11,0.00022617164671845234
2015-11-12,0.001308003182215609
2015-11-13,0.0008382459201448658
2015-11-16,-0.0001797276595357458
2015-11-17,-3.135217342682532e-05
2015-11-18,-0.0018227464826890876
2015-11-19,9.18880584515473e-05
2015-11-20,-0.0005119428469866057
2015-11-23,7.280325192685763e-05
2015-11-24,-0.0004811633294090042
2015-11-25,-1.880043392294215e-05
2015-11-27,-0.00035122629573823436
2015-11-30,0.0013466307618780465
2015-12-01,-0.004053458599366627
2015-12-02,0.0033536799820306786
2015-12-03,0.004645454759346163
2015-12-04,-0.008475237244387411
2015-12-07,0.0027048356315559027
2015-12-08,0.0031132430927916697
2015-12-09,0.0035171241748432553
2015-12-10,-0.001207181323346359
2015-12-11,0.008407398472730442
2015-12-14,-0.002329440603265919
2015-12-15,-0.005144699144881076
2015-12-16,-0.006506884969006806
2015-12-17,0.005711233793354154
2015-12-18,0.007623318043702042
2015-12-21,-0.0037179017883063052
2015-12-22,-0.005199146111411205
2015-12-23,-0.007721923054538834
2015-12-24,0.0010611677686300407
2015-12-28,0.001597597489837593
2015-12-29,-0.007884040267070985
2015-12-30,0.005228644835187742
2015-12-31,0.007701012658416183
2016-01-04,0.011246349922559566
2016-01-05,-0.0015032017077888692
2016-01-06,0.010498145142863487
2016-01-07,0.019806192387639594
2016-01-08,0.009450570771428855
2016-01-11,-0.0008560181787077235
2016-01-12,-0.00689761849180228
2016-01-13,0.021145380029896063
2016-01-14,-0.013629750767552077
2016-01-15,0.01755517214308056
2016-01-19,-0.0010835117983992383
2016-01-20,0.010119539678827998
2016-01-21,-0.004300297720200691
2016-01-22,-0.015632191254315957
2016-01-25,0.010120224898280355
2016-01-26,-0.00950861224498866
2016-01-27,0.007320784738698607
2016-01-28,-0.0034262161205849437
2016-01-29,-0.014928645672468809
2016-02-01,0.00021632105675909954
2016-02-02,0.011809462830753379
2016-02-03,-0.0033125067036864813
2016-02-04,-0.0008133037710182784
2016-02-05,0.006276233739482392
2016-02-08,0.0038874755033510835
2016-02-09,-3.844028067680643e-05
2016-02-10,-0.00010202946376757143
2016-02-11,-0.0025303812793602237
2016-02-12,0.006077984292987583
2016-02-16,0.005523529438513196
2016-02-17,0.00897440456168625
2016-02-18,-0.0023416427600778124
2016-02-19,-0.0004981944386353923
2016-02-22,0.010399887139067676
2016-02-23,-0.01065839535962589
2016-02-24,0.003650078394499975
2016-02-25,0.00757559188930294
2016-02-26,-0.0017403099293062277
2016-02-29,-0.006011023777855934
2016-03-01,0.018608700983853286
2016-03-02,0.0034650772506300215
2016-03-03,0.0028266684883321955
2016-03-04,0.002064538885198089
2016-03-07,0.0005136076729472918
2016-03-08,-0.0083002733117075
2016-03-09,0.0035365153005385017
2016-03-10,0.000446248419102912
2016-03-11,0.011789262565863635
2016-03-14,-0.000934120863398042
2016-03-15,-0.0011034585208974817
2016-03-16,0.0034696555509848084
2016-03-17,0.003433353611727132
2016-03-18,0.0009779267687308707
2016-03-21,-0.00043930892899374084
2016-03-22,7.669481233635044e-06
2016-03-23,0.0004999564865108652
2016-03-24,-4.344728781632606e-05
2016-03-28,-0.0001406652885799088
2016-03-29,-0.0023727400729882295
2016-03-30,-0.0012796770692875459
2016-03-31,9.403777623725126e-05
2016-04-01,-0.0006274572536801001
2016-04-04,0.0004396212325863522
2016-04-05,0.00293642256070228
2016-04-06,-0.005189017243247437
2016-04-07,0.0068517571036291565
2016-04-08,-0.0018171251100722553
2016-04-11,0.0013711847859283956
2016-04-12,-0.006248665845810304
2016-04-13,-0.007442621306829276
2016-04-14,-9.615821585151541e-05
2016-04-15,0.0008751464117962379
2016-04-18,-0.005674276912630582
2016-04-19,-0.0027990387126945408
2016-04-20,-0.0008268462699164817
2016-04-21,0.004800279300224616
2016-04-22,-2.152579930357712e-05
2016-04-25,0.0015984476439415331
2016-04-26,-0.0013809055027096044
2016-04-27,-0.001890338041277685
2016-04-28,0.008338542308148976
2016-04-29,0.005030769327193143
2016-05-02,-0.00741668190686079
2016-05-03,0.00779363834257183
2016-05-04,0.004950047515244692
2016-05-05,0.00016494501938640047
2016-05-06,-0.0032061797124898228
2016-05-09,-0.0007233349357974591
2016-05-10,-0.010382637899001046
2016-05-11,0.008113128015285293
2016-05-12,-0.0002631042213450079
2016-05-13,0.007692654927369898
2016-05-16,-0.008837345368896118
2016-05-17,0.008526593682824483
2016-05-18,-0.00029337301479524287
2016-05-19,0.0031386792180242416
2016-05-20,-0.005735569665329847
2016-05-23,0.001236181848448997
2016-05-24,-0.011077524557681729
2016-05-25,-0.005637135118509336
2016-05-26,-0.0002576562087765632
2016-05-27,-0.0034665644840188143
2016-05-31,0.0015394308481975038
2016-06-01,-0.0016532690484676175
2016-06-02,-0.0024201464263011547
2016-06-03,0.0024034777066212
2016-06-06,-0.003995454443127839
2016-06-07,-0.0012108791553305884
2016-06-08,-0.0025765883557485793
2016-06-09,0.0010755759308127028
2016-06-10,0.007526733517432603
2016-06-13,0.00647785935133899
2016-06-14,0.0016184261581036088
2016-06-15,0.00111895898772739
2016-06-16,-0.0023579001106595553
2016-06-17,0.002943199505841336
2016-06-20,-0.004629788187889106
2016-06-21,-0.0017893749237730223
2016-06-22,0.0007937531776733088
2016-06-23,-0.0072202101481675576
2016-06-24,0.018573888236260053
2016-06-27,0.01024462042993206
2016-06-28,-0.010940677174440912
2016-06-29,-0.010249772394109471
2016-06-30,-0.0075389942365275695
2016-07-01,-0.0011658853905105356
2016-07-05,0.004252379133071247
2016-07-06,-0.0034055978028511695
2016-07-07,0.0003433433193946926
2016-07-08,-0.009882199527727401
2016-07-11,-0.002481658340501866
2016-07-12,-0.005299344811467782
2016-07-13,-2.5988516386811033e-06
2016-07-14,-0.002933929807093335
2016-07-15,0.00047910254375467575
2016-07-18,-0.00117910839894664
2016-07-19,0.0003217578037532578
2016-07-20,-0.0014407924849352814
2016-07-21,0.0005656626068571126
2016-07-22,-0.001226173105297344
2016-07-25,0.0003995829452062787
2016-07-26,-8.404077948009566e-05
2016-07-27,0.00019194733527259
2016-07-28,-0.000326192116555999
2016-07-29,2.8217883115657673e-05
2016-08-01,-0.00014494283882888635
2016-08-02,0.0023435027555497416
2016-08-03,-0.0017110704763394476
2016-08-04,-0.0005905534979272921
2016-08-05,-0.0038992479821638283
2016-08-08,0.00027505233534756506
2016-08-09,-0.0003383931176526668
2016-08-10,0.0012922640168210517
2016-08-11,-0.002350632755402585
2016-08-12,0.0004291484192829012
2016-08-15,-0.0016204437274017697
2016-08-16,0.00291347828608823
2016-08-17,-0.0011265618137870905
2016-08-18,-0.0012744363437932268
2016-08-19,0.0008288966220883643
2016-08-22,1.5847973647330413e-05
2016-08-23,-0.001398658639054003
2016-08-24,0.0035783410646720087
2016-08-25,0.00048507343554078186
2016-08-26,0.001392751708991243
2016-08-29,-0.0039884924338031
2016-08-30,0.0011920963485169127
2016-08-31,0.0021022688986532872
2016-09-01,-3.894547285018367e-05
2016-09-02,-0.0032801437058528624
2016-09-06,-0.0022385774605127614
2016-09-07,7.912630624877203e-06
2016-09-08,0.001617636705789074
2016-09-09,0.016974963539834475
2016-09-12,-0.009815373297517874
2016-09-13,0.009105628836577345
2016-09-14,0.0002354462200583454
2016-09-15,-0.006870755107991674
2016-09-16,0.0025280404428620895
2016-09-19,-0.00014546023283511778
2016-09-20,-3.356862126344382e-05
2016-09-21,-0.00794904420090387
2016-09-22,-0.004351236254037888
2016-09-23,0.003781002048394238
2016-09-26,0.006200807348229676
2016-09-27,-0.004727639568643549
2016-09-28,-0.003761387010281002
2016-09-29,0.006522802035138068
2016-09-30,-0.005678823933698866
2016-10-03,0.0018049524698772448
2016-10-04,0.003995918853581032
2016-10-05,-0.0035010801938133067
2016-10-06,-0.0005868584731221234
2016-10-07,0.0028373676873019614
2016-10-10,-0.004210379754693068
2016-10-11,0.010048316747196934
2016-10-12,-0.0010150624384278634
2016-10-13,0.0022927951406869016
2016-10-14,-0.00037390694359379557
2016-10-17,0.002072047491033913
2016-10-18,-0.00388910496046127
2016-10-19,-0.0016054225914095548
2016-10-20,0.0011057449416027678
2016-10-21,-0.00028465660527624546
2016-10-24,-0.0028195469849561067
2016-10-25,0.002206285780127285
2016-10-26,0.0012568179728480366
2016-10-27,0.0016405436577308368
2016-10-28,0.0019155686777353525
2016-10-31,-3.3261716272413904e-05
2016-11-01,0.00428240772367057
2016-11-02,0.003626243721330352
2016-11-03,0.0025412133203157783
2016-11-04,0.0004401502341382944
2016-11-07,-0.00893638927778604
2016-11-08,-0.001705086762887811
2016-11-09,-0.0026850697289705966
2016-11-10,-0.0008136131406413836
2016-11-11,2.7890878519830212e-05
2016-11-14,-8.879416166487135e-05
2016-11-15,0.00022251655257382835
2016-11-16,-5.382689155522728e-05
2016-11-17,0.00015052042290976617
2016-11-18,-0.0002615377568991799
2016-11-21,0.0012667849073376219
2016-11-22,0.00040072302920754894
2016-11-23,9.558050796583516e-05
2016-11-25,0.0009711169781549461
2016-11-28,-0.0011477340661981228
2016-11-29,0.0004979426267422108
2016-11-30,-0.0008743333816822205
2016-12-01,-0.0011922808953672723
2016-12-02,8.007362146486869e-05
2016-12-05,0.0017804689632379448
2016-12-06,0.0009699652253188428
2016-12-07,0.005344397319031419
2016-12-08,0.0010696324274827426
2016-12-09,0.0019943062034840195
2016-12-12,-0.00038942313785577775
2016-12-13,0.0002607231855848682
2016-12-14,-0.0012793014709198227
2016-12-15,6.628402502954558e-05
2016-12-16,9.055720166649474e-06
2016-12-19,-0.0003926843826018754
2016-12-20,-0.00025873254088908874
2016-12-21,0.00026774793755457665
2016-12-22,0.00026717378388163083
2016-12-23,-0.00022612666803336275
2016-12-27,-0.00016986361422520192
2016-12-28,0.00033562928608140596
2016-12-29,-4.69115017774564e-05
2016-12-30,0.00026543415788330587
2017-01-03,9.271894677510699e-05
2017-01-04,-0.0006312475032277209
2017-01-05,6.345222601435414e-05
2017-01-06,-0.0006342823431264545
2017-01-09,0.0005518263626647059
2017-01-10,-7.15416270971826e-05
2017-01-11,-0.0007928189716702183
2017-01-12,0.000800105437963422
2017-01-13,-0.0009269450707419276
2017-01-17,0.0014607254929255417
2017-01-18,-0.0010005382993952053
2017-01-19,0.001392147708953833
2017-01-20,-0.0012494961346993828
2017-01-23,0.0007083464091106911
2017-01-24,-0.0013222419730109676
2017-01-25,-0.0014396246020986026
2017-01-26,-0.0001468385372595806
2017-01-27,5.645309681642694e-05
2017-01-30,0.00040496762729634746
2017-01-31,-9.45805906893179e-05
2017-02-01,-8.793915192322929e-05
2017-02-02,9.853657070877893e-05
2017-02-03,0.0018882911748344601
2017-02-06,-0.0004697271672814
2017-02-07,-4.217220083334781e-05
2017-02-08,0.0001226308838621147
2017-02-09,0.0014596165121900752
2017-02-10,0.001326659969179981
2017-02-13,0.0024363867553018957
2017-02-14,0.0015201391471056428
2017-02-15,0.0024113548847680562
2017-02-16,-0.00040766263553518827
2017-02-17,0.0007017050479734622
2017-02-21,0.0024328888678347795
2017-02-22,-0.0004701395660190642
2017-02-23,0.00016027152308027573
2017-02-24,0.0003007111704291253
2017-02-27,0.0002416825426561981
2017-02-28,-0.0005079939081061498
2017-03-01,0.0022699250697912074
2017-03-02,-0.0010404968135090816
2017-03-03,8.835322703383769e-05
2017-03-06,-0.0005629630473753001
2017-03-07,-0.00035436320799488673
2017-03-08,-0.00012644984368337218
2017-03-09,3.013001402939183e-05
2017-03-10,0.0002480520450830168
2017-03-13,1.1629974411821677e-05
2017-03-14,-0.0003456778899349791
2017-03-15,-3.571148487972075e-05
2017-03-16,5.8047953778701195e-05
2017-03-17,-0.0001587180713302777
2017-03-20,-2.9796553761069095e-05
2017-03-21,0.0011090792145062197
2017-03-22,-0.0006163595765883414
2017-03-23,-2.3995817375806853e-05
2017-03-24,5.202201030376581e-05
2017-03-27,0.00010993903749915112
2017-03-28,-0.0006616244924483452
2017-03-29,-8.077703746234463e-05
2017-03-30,-0.00025021284551588
2017-03-31,0.0002315530972623546
2017-04-03,0.00023417676478805553
2017-04-04,-0.00011035126854377339
2017-04-05,0.0004961667297613199
2017-04-06,-0.0005412295889705738
2017-04-07,2.451235712504072e-05
2017-04-10,-7.319776669015349e-05
2017-04-11,9.625080368993579e-05
2017-04-12,0.0004967430762009209
2017-04-13,0.0011085020242260313
2017-04-17,-0.0011828542002259895
2017-04-18,0.0006168181107930051
2017-04-19,0.0003401760075024496
2017-04-20,-0.001705509631709502
2017-04-21,0.0006429509838654848
2017-04-24,-0.0025576252229601148
2017-04-25,-0.0013299154739175132
2017-04-26,-1.428309090422852e-05
2017-04-27,-0.00013928970135022796
2017-04-28,0.0003431898843424201
2017-05-01,-0.0005280585833877115
2017-05-02,-8.5356489526983e-05
2017-05-03,0.00018712463884152766
2017-05-04,-0.0003072062180245739
2017-05-05,-0.0007297703470407683
2017-05-08,-1.2260747505936436e-05
2017-05-09,0.00012660780385928005
2017-05-10,-0.00034082078906183885
2017-05-11,0.0003261707102637451
2017-05-12,0.00023499334116655856
2017-05-15,-0.0007010542671719833
2017-05-16,0.00010958578424132253
2017-05-17,0.0020909906356323354
2017-05-18,-0.0007354278760199371
2017-05-19,-0.000248398964121322
2017-05-22,0.0003123034104837566
2017-05-23,0.00021407683009637087
2017-05-24,0.0002593941481019481
2017-05-25,3.279396909422278e-05
2017-05-26,-2.427893961684293e-05
2017-05-30,-6.150462066119697e-05
2017-05-31,-3.929780519863254e-05
2017-06-01,-2.341005140809306e-05
2017-06-02,-0.00025042990190064063
2017-06-05,3.830753265585087e-05
2017-06-06,0.0002383007852674406
2017-06-07,-0.0002893998956407566
2017-06-08,-0.00017963498740794325
2017-06-09,0.0003195836717091705
2017-06-12,2.214551030728828e-05
2017-06-13,-0.0009760749756486263
2017-06-14,0.00014826897990300584
2017-06-15,0.00022094298246669447
2017-06-16,-9.628769621419664e-05
2017-06-19,-0.0011588743650314335
2017-06-20,0.0010042786381463283
2017-06-21,8.989858146593483e-06
2017-06-22,2.8605053807654033e-05
2017-06-23,-0.0002098095139323136
2017-06-26,-0.00010276098621982511
2017-06-27,0.0008154474041582417
2017-06-28,-0.0013000843003845126
2017-06-29,0.00024647151297970484
2017-06-30,1.6503305310423306e-05
2017-07-03,0.00012328175742868362
2017-07-05,-0.00012058208346251673
2017-07-06,0.00015803300087166764
2017-07-07,0.00019204084612524838
2017-07-10,4.292637828904096e-05
2017-07-11,-5.9542056097247344e-05
2017-07-12,0.00041789677100318763
2017-07-13,-4.4785042355787266e-07
2017-07-14,0.00021259353238226543
2017-07-17,-1.8056269034524874e-05
2017-07-18,1.0489792764581971e-05
2017-07-19,-9.497836963883726e-05
2017-07-20,-4.266718757423248e-05
2017-07-21,2.2039534850418536e-05
2017-07-24,-1.7804130202198396e-05
2017-07-25,-0.0005331973196144378
2017-07-26,-2.3982706843552407e-05
2017-07-27,0.00017026432986627172
2017-07-28,0.0001720635894281798
2017-07-31,5.5357865204181566e-05
2017-08-01,-0.0004848604267708915
2017-08-02,-0.0001307875070306019
2017-08-03,0.0004409692477683043
2017-08-04,-0.0004677733469968895
2017-08-07,-0.00044800973158795116
2017-08-08,0.0006046769781566776
2017-08-09,6.270608464004915e-07
2017-08-10,0.0040810230424106865
2017-08-11,-0.0004422617992412791
2017-08-14,-0.002589822901317421
2017-08-15,-3.545935306882915e-05
2017-08-16,-0.000426765155594441
2017-08-17,0.003012831733568808
2017-08-18,0.0003152581632788436
2017-08-21,-0.00018479246413969914
2017-08-22,-0.0010132166386931795
2017-08-23,0.00021579860612714214
2017-08-24,1.586383441385238e-05
2017-08-25,-0.00013445264025143354
2017-08-28,-2.6850427775495045e-05
2017-08-29,-1.9777736006250328e-05
2017-08-30,0.00015268283647827248
2017-08-31,8.511504880335147e-05
2017-09-01,2.6716213598932087e-05
2017-09-05,-0.00034273175105227667
2017-09-06,0.00014677756771484888
2017-09-07,-4.21723072310962e-05
2017-09-08,-8.827534533718665e-05
2017-09-11,0.0007178866408881854
2017-09-12,0.00024528101364924376
2017-09-13,6.9505027445803815e-06
2017-09-14,-9.707440598100523e-05
2017-09-15,6.939040016538035e-05
2017-09-18,0.0002183017380674881
2017-09-19,0.00010871718074831928
2017-09-20,-3.8077380316978243e-06
2017-09-21,-0.0002306893404406642
2017-09-22,7.934024176897572e-06
2017-09-25,-0.00020317923872778686
2017-09-26,1.0641068108933602e-05
2017-09-27,0.0003200073504805057
2017-09-28,0.00010534716461865694
2017-09-29,0.00037727564078415284
2017-10-02,0.0004896726939422495
2017-10-03,0.00021004940278670015
2017-10-04,0.0001275264997002539
2017-10-05,0.0008320176796917492
2017-10-06,-0.0001615944834746716
2017-10-09,-0.0002286792988910461
2017-10-10,0.0004277849224910677
2017-10-11,0.0002835819623356965
2017-10-12,-0.0002573015704936965
2017-10-13,0.00018256352323357716
2017-10-16,0.00016901994327752875
2017-10-17,9.249909469631979e-05
2017-10-18,0.0001560144169259298
2017-10-19,4.2242862462696224e-05
2017-10-20,0.0011911233123007888
2017-10-23,-0.0009070481776737966
2017-10-24,0.0003810833766882993
2017-10-25,-0.0012266221934444776
2017-10-26,0.00030604463819150534
2017-10-27,0.0018604930993757734
2017-10-30,-0.0008059847730916396
2017-10-31,0.0003515321962051281
2017-11-01,0.0003387462790074076
2017-11-02,9.454406671405126e-05
2017-11-03,0.0009682138665378337
2017-11-06,0.0004609949977421898
2017-11-07,-0.00027607742978764016
2017-11-08,0.0006039261286520112
2017-11-09,-0.0014174747452529008
2017-11-10,-0.00014401866782631225
2017-11-13,0.00032541778923773847
2017-11-14,-0.0009470722012504904
2017-11-15,-0.002080981603235836
2017-11-16,0.003416923656679581
2017-11-17,-0.0012467541618177036
2017-11-20,0.0006634143800195819
2017-11-21,0.002868443093450122
2017-11-22,-0.00040240066993323077
2017-11-24,0.0010498003685010995
2017-11-27,-0.0002438986359520008
2017-11-28,0.004436967748064114
2017-11-29,-0.0002840218972204589
2017-11-30,0.0038708229030147987
2017-12-01,-0.0010125097758790522
2017-12-04,-0.0005705435577315395
2017-12-05,-0.00184317200567427
2017-12-06,9.06362067901023e-05
2017-12-07,0.0016680844407106308
2017-12-08,0.002857994268951232
2017-12-11,0.0016154568817099688
2017-12-12,0.0009426326341677496
2017-12-13,-6.651874926317297e-05
2017-12-14,-0.0020643746754255943
2017-12-15,0.004029196372514904
2017-12-18,0.0031144625056055693
2017-12-19,-0.002046797307117233
2017-12-20,-0.0002961986679800498
2017-12-21,0.0011413623548306626
2017-12-22,-0.00015670910443427654
2017-12-26,-0.0007330457813963094
2017-12-27,0.00027037151397714767
2017-12-28,0.001319459741632138
2017-12-29,-0.002493566918224175
2018-01-02,0.0047909381388389445
2018-01-03,0.0044046392009141466
2018-01-04,0.0029223557181644816
2018-01-05,0.004806420054484431
2018-01-08,0.0012341664933362682
2018-01-09,0.00152491101677014
2018-01-10,-0.0010205183452430605
2018-01-11,0.004637484282555157
2018-01-12,0.004078519942168659
2018-01-16,-0.0020611146257103583
2018-01-17,0.005331485731530674
2018-01-18,-0.0009589786181410762
2018-01-19,0.0023083523557371997
2018-01-22,0.00428115096753872
2018-01-23,0.0011063106417395986
2018-01-24,-0.00022507628596412065
2018-01-25,9.759462894354201e-05
2018-01-26,0.004490149002267902
2018-01-29,-0.0023910826490468277
2018-01-30,-0.003464583017998662
2018-01-31,0.00013665826778198686
2018-02-01,-0.0004218731096010666
2018-02-02,-0.006729601995232152
2018-02-05,-0.011898913106696569
2018-02-06,0.007785051803834288
2018-02-07,-0.0037459541672093806
2018-02-08,-0.02557586596599301
2018-02-09,0.010823200063201126
2018-02-12,0.012406467015527825
2018-02-13,0.00216476675376586
2018-02-14,0.011715151193245248
2018-02-15,0.01107898015549322
2018-02-16,0.0002372128915680928
2018-02-20,-0.005123509361529519
2018-02-21,-0.003786788772936363
2018-02-22,0.0009310908249836808
2018-02-23,0.011783478481150073
2018-02-26,0.007872126651004502
2018-02-27,-0.007325947041863698
2018-02-28,-0.0045407818007198
2018-03-01,-0.005736245615178244
2018-03-02,0.0016249659812910871
2018-03-05,0.003182597402321193
2018-03-06,0.0005585785049796482
2018-03-07,-0.00011255631019727803
2018-03-08,-8.013413317368062e-05
2018-03-09,-0.003043300581483342
2018-03-12,0.00023361399349037702
2018-03-13,0.0019302578253644824
2018-03-14,0.0018090341885839026
2018-03-15,0.00037851144058942133
2018-03-16,-0.000382588462881674
2018-03-19,0.004146187202313996
2018-03-20,-0.0004450790809126534
2018-03-21,-8.846430677270854e-05
2018-03-22,0.0014423770231426442
2018-03-23,0.003203228772302101
2018-03-26,-0.005330339347229494
2018-03-27,0.0012947299364749383
2018-03-28,0.000509021746985024
2018-03-29,-0.0013105012229482874
2018-04-02,0.0019591045708239954
2018-04-03,-0.0041911690680929035
2018-04-04,-0.0036787487728596377
2018-04-05,-0.0023851671383715444
2018-04-06,0.0074997486710822875
2018-04-09,-0.0016354740943740113
2018-04-10,-0.0035894360711877546
2018-04-11,0.0014447950914765087
2018-04-12,-0.001572462065378841
2018-04-13,0.00020713860240447672
2018-04-16,-0.0010494289833635293
2018-04-17,-0.0018419895869476025
2018-04-18,-0.00026435777054493017
2018-04-19,0.001092523138494411
2018-04-20,0.0022575466759506913
2018-04-23,4.014384336359646e-06
2018-04-24,0.002107219618885796
2018-04-25,-0.00042994358388729747
2018-04-26,-0.0012702744253256081
2018-04-27,-0.0001217359473072035
2018-04-30,0.00047738413825652273
2018-05-01,-0.0004420678003541727
2018-05-02,-2.2771498663329802e-05
2018-05-03,0.0001275109688222961
2018-05-04,-0.0005080864006086279
2018-05-07,0.00023269876426679938
2018-05-08,-3.1655587211143476e-06
2018-05-09,-0.00017336123843322786
2018-05-10,-0.00023972489275316688
2018-05-11,1.4569040589679088e-05
2018-05-14,-4.064665203613594e-05
2018-05-15,9.248023484102707e-05
2018-05-16,-1.0568052977762732e-05
2018-05-17,-0.00020985836502141055
2018-05-18,-0.000310088271001371
2018-05-21,0.0013448796891519892
2018-05-22,-0.0007779127787186139
2018-05-23,0.0003869737705642835
2018-05-24,-0.0002685185573960172
2018-05-25,-0.0001641024319719613
2018-05-29,-0.0007833814994563992
2018-05-30,0.0018057650566200574
2018-05-31,-0.0014133811018219994
2018-06-01,0.0004975936577836986
2018-06-04,0.00043788029585795036
2018-06-05,-1.2131984200532483e-05
2018-06-06,-0.0004088716724249544
2018-06-07,-1.6905827594999233e-05
2018-06-08,7.419472057006045e-05
2018-06-11,1.7848480715215006e-05
2018-06-12,3.8446789628891134e-05
2018-06-13,-0.00026602784845256055
2018-06-14,0.00014306455590861353
2018-06-15,-0.0002436291327813966
2018-06-18,-0.00018641326988699778
2018-06-19,-0.0003587593817708729
2018-06-20,0.00017673934995042723
2018-06-21,-0.0008062237240488902
2018-06-22,0.00021949967563769185
2018-06-25,-0.002693992782962982
2018-06-26,0.0003250804756855069
2018-06-27,-0.0013117163170498186
2018-06-28,0.0008691368821070343
2018-06-29,0.00023340090061036464
2018-07-02,0.0004545858413651998
2018-07-03,-0.0007536100065457214
2018-07-05,0.001538730426456777
2018-07-06,0.0017414406409663676
2018-07-09,0.0018663504808379195
2018-07-10,0.0005743704420619595
2018-07-11,-0.0016803237585046578
2018-07-12,0.0012782931042534047
2018-07-13,0.00010130871331656352
2018-07-16,-0.00021858515139369243
2018-07-17,0.0009732882404281749
2018-07-18,0.0005889617500312732
2018-07-19,-0.0011356917778901424
2018-07-20,-0.0003300030952475391
2018-07-23,0.0004446990393746135
2018-07-24,0.0013398415947443341
2018-07-25,0.0021794180391816517
2018-07-26,-0.0007114622064464487
2018-07-27,-0.0014604132286713688
2018-07-30,-0.0009663127114591202
2018-07-31,0.0010601571774696142
2018-08-01,-0.0005260387960336482
2018-08-02,0.0016900332605270301
2018-08-03,0.0014015005325166566
2018-08-06,0.0011369070258389282
2018-08-07,0.0010891091743047954
2018-08-08,-0.00016171952547610902
2018-08-09,-0.0003807471460021279
2018-08-10,-0.00169735277827055
2018-08-13,-0.0007981558291585029
2018-08-14,0.0005542567815946778
2018-08-15,-0.0009350681159476705
2018-08-16,0.0011394300152675174
2018-08-17,0.0005318981678295886
2018-08-20,0.00023648350720237093
2018-08-21,0.00033097937322194973
2018-08-22,-0.0001294206501934737
2018-08-23,-0.00023192590940361842
2018-08-24,0.0007919824142604454
2018-08-27,0.0017234283177772574
2018-08-28,8.190204586387473e-05
2018-08-29,0.001315288796673507
2018-08-30,-0.0007807616222176125
2018-08-31,-9.290091205462064e-05
2018-09-04,-0.0001381348782500725
2018-09-05,-0.0005363381865373319
2018-09-06,-0.000565603618160011
2018-09-07,-0.00030836672686252164
2018-09-10,0.00026019226662570157
2018-09-11,0.0004524987617316367
2018-09-12,2.2631774131163883e-05
2018-09-13,0.0007468928922719323
2018-09-14,-5.967609840725042e-05
2018-09-17,-2.9383477482339318e-05
2018-09-18,-0.0002516897365265495
2018-09-19,-3.9513939297441286e-05
2018-09-20,-0.00033609005940870434
2018-09-21,3.126299233136896e-05
2018-09-24,0.0002660987655213737
2018-09-25,7.754975806285384e-05
2018-09-26,0.0007628394809403761
2018-09-27,-0.0006807187826323089
2018-09-28,-5.293683623263052e-05
2018-10-01,-0.000989481093480068
2018-10-02,0.00014589214790660575
2018-10-03,-0.0002599273654409365
2018-10-04,0.003074178499022302
2018-10-05,0.002275160094704758
2018-10-08,-6.14118391896169e-05
2018-10-09,0.0005376633945471776
2018-10-10,0.012623945884592896
2018-10-11,0.0077575245489495525
2018-10-12,-0.004258694669556943
2018-10-15,0.0011780098310048238
2018-10-16,-0.004966071613219372
2018-10-17,-8.937183036987835e-05
2018-10-18,0.0037457757419227817
2018-10-19,0.00011065845525237574
2018-10-22,0.0016642751154568813
2018-10-23,0.0019814336979221557
2018-10-24,0.012643365692696478
2018-10-25,-0.0071054170693925865
2018-10-26,0.007037111387059423
2018-10-29,0.002431236999837404
2018-10-30,-0.006120757446600873
2018-10-31,-0.004305539178079231
2018-11-01,-0.004159596339184137
2018-11-02,0.002404627650134083
2018-11-05,-0.0022352762540275325
2018-11-06,-0.002775929410822101
2018-11-07,-0.010185230009265004
2018-11-08,0.0008858197272373666
2018-11-09,0.0057265241174266806
2018-11-12,0.011063511329223497
2018-11-13,0.001129399117461217
2018-11-14,0.003960528036441575
2018-11-15,-0.005952032770774475
2018-11-16,-0.0014032848790267705
2018-11-19,0.009171089062692856
2018-11-20,0.011211498143133719
2018-11-21,-0.0022580389482204605
2018-11-23,0.004434504488364737
2018-11-26,-0.011832347073825735
2018-11-27,-0.0025383590669197857
2018-11-28,-0.017435657260483784
2018-11-29,0.0017280177423183076
2018-11-30,-0.00534596153337969
2018-12-03,-0.011650189748770159
2018-12-04,0.028881710198591756
2018-12-06,0.0013580259318756807
2018-12-07,0.021068639727717702
2018-12-10,-0.0017034278217735212
2018-12-11,-0.00021167603148787643
2018-12-12,-0.0042512812505114675
2018-12-13,0.000250391952547006
2018-12-14,0.015313491278696934
2018-12-17,0.016607816978542366
2018-12-18,0.0009109519114601863
2018-12-19,0.012375739474360053
2018-12-20,0.012184507470478903
2018-12-21,0.013947443029024072
2018-12-24,0.015679306191985397
2018-12-26,-0.025852892474517452
2018-12-27,-0.0012730012431109187
2018-12-28,0.0001763843773202001
2018-12-31,-0.0024146909680125444
2019-01-02,-0.00027109422233344223
2019-01-03,-0.005433916162026194
2019-01-04,0.009567382741585041
2019-01-07,0.004592039837704035
2019-01-08,0.00579496601982097
2019-01-09,0.0022111276094911652
2019-01-10,0.001105207470330614
2019-01-11,-9.753448307869868e-05
2019-01-14,-0.001138773678619625
2019-01-15,0.0023687051777901216
2019-01-16,0.0007438425948800574
2019-01-17,0.0035651068624551457
2019-01-18,0.005690296320391543
2019-01-22,-0.004601685806260832
2019-01-23,0.0006818775982941723
2019-01-24,0.000157826209962945
2019-01-25,0.004159314508748557
2019-01-28,-0.004840639404399249
2019-01-29,-0.0008251737715012963
2019-01-30,0.010615847619692425
2019-01-31,0.006116217543338368
2019-02-01,0.00032896940553186235
2019-02-04,0.00443211694556742
2019-02-05,0.002815723903239055
2019-02-06,-0.0008776805573627736
2019-02-07,-0.0047193272588232
2019-02-08,0.0006019893147621256
2019-02-11,0.0002755234704484062
2019-02-12,0.009053709802001353
2019-02-13,0.0023216038828534065
2019-02-14,-0.0015698054871188128
2019-02-15,0.00720475103162018
2019-02-19,0.001144536071983995
2019-02-20,0.0013564086493819193
2019-02-21,-0.002432806645486548
2019-02-22,0.0038854405746470604
2019-02-25,0.0008725236537136359
2019-02-26,-0.00048805014109462477
2019-02-27,-0.0003224854299981779
2019-02-28,-0.0012397548020413446
2019-03-01,0.003186667484334947
2019-03-04,-0.002164540534528515
2019-03-05,-0.0007777825021337361
2019-03-06,-0.00308720077488373
2019-03-07,-0.004706461173714433
2019-03-08,-0.0013821130666029705
2019-03-11,0.009548461706980963
2019-03-12,0.0022783179329061683
2019-03-13,0.004114558026585269
2019-03-14,-0.00043643904054261874
2019-03-15,0.0022455586136675156
2019-03-18,0.0016098232288479868
2019-03-19,0.00010220201135242885
2019-03-20,-0.0012132591393979786
2019-03-21,0.003069896782716764
2019-03-22,-0.005160870380023008
2019-03-25,-0.0002047624489500623
2019-03-26,0.0026495146927936666
2019-03-27,-0.0023202031314273285
2019-03-28,0.0016196801331147552
2019-03-29,0.002487741227799878
2019-04-01,0.0050983845724943706
2019-04-02,0.00018553681017435825
2019-04-03,0.0005377169737867056
2019-04-04,0.0008991375304102575
2019-04-05,0.0017467971009576663
2019-04-08,0.0002093308284357984
2019-04-09,-0.0011379160778771298
2019-04-10,8.341891164358485e-05
2019-04-11,-6.431404407470742e-05
2019-04-12,-0.0004981159506696924
2019-04-15,1.3680860046180775e-05
2019-04-16,-0.0002448653052915825
2019-04-17,0.0008050452801502401
2019-04-18,-0.0008808270668185054
2019-04-22,-0.0004205188391096874
2019-04-23,-0.004550837597185818
2019-04-24,0.0011608660762630917
2019-04-25,0.0003125901406966808
2019-04-26,-0.0029953508574289875
2019-04-29,-0.0010827583920093294
2019-04-30,-0.0003683947999481171
2019-05-01,0.0053054440963918635
2019-05-02,0.001626953214620578
2019-05-03,-0.007789389997665362
2019-05-06,0.0033408892117844685
2019-05-07,0.013971947135561845
2019-05-08,0.0011737870460574093
2019-05-09,0.0024394337384422223
2019-05-10,-0.003997933696708443
2019-05-13,0.020046282152093215
2019-05-14,-0.007028490285110422
2019-05-15,-0.004343608417719624
2019-05-16,-0.00606162233815352
2019-05-17,0.004580251113965954
2019-05-20,0.004728195717432859
2019-05-21,-0.006668219103813789
2019-05-22,0.001761846315022915
2019-05-23,0.007854703144054379
2019-05-24,-0.0015282749879845954
2019-05-28,0.006029148201750142
2019-05-29,0.004386698435367598
2019-05-30,-0.001843788339765873
2019-05-31,0.008710117275810128
2019-06-03,0.0014705814138401576
2019-06-04,-0.012258932368763254
2019-06-05,-0.004737379715239239
2019-06-06,-0.003016592818361579
2019-06-07,-0.004718087757853244
2019-06-10,-0.002077068030625697
2019-06-11,7.307042793535857e-05
2019-06-12,0.0007714705952907791
2019-06-13,-0.0020795731171634724
2019-06-14,0.000549699084200427
2019-06-17,-0.00021169745137582257
2019-06-18,-0.005946170896655405
2019-06-19,-0.0012924860122656488
2019-06-20,-0.005547308741702253
2019-06-21,0.0008698949975384346
2019-06-24,0.0007905206092332445
2019-06-25,0.006791169127818112
2019-06-26,0.0006921910988610945
2019-06-27,-0.0026085961206589793
2019-06-28,-0.003727990879134024
2019-07-01,-0.0067701686976059895
2019-07-02,-0.0018875038615674608
2019-07-03,-0.005730786872190757
2019-07-05,0.0007948160237441642
2019-07-08,0.0041142601287278875
2019-07-09,-0.0009645742599782082
2019-07-10,-0.0036867334657335166
2019-07-11,-0.001798701975156776
2019-07-12,-0.0033764249984764576
2019-07-15,-0.00029690054417261545
2019-07-16,0.0025210592781934396
2019-07-17,0.00519852196924041
2019-07-18,-0.0028140923766522205
2019-07-19,0.004322421114998586
2019-07-22,-0.0019366028671934088
2019-07-23,-0.005759508797415186
2019-07-24,-0.0037992062683349843
2019-07-25,0.0038622317900514173
2019-07-26,-0.005540614075258553
2019-07-29,0.0015230766069723274
2019-07-30,0.0020950930329585522
2019-07-31,0.009074038676426826
2019-08-01,0.007431895513223802
2019-08-02,0.006431094528625576
2019-08-05,0.02447429502725273
2019-08-06,-0.011356337413252943
2019-08-07,-0.0005003956965173023
2019-08-08,-0.012749942973926598
2019-08-09,0.004076267006127568
2019-08-12,0.006655931111293109
2019-08-13,-0.00862331325958535
2019-08-14,0.013041053767464875
2019-08-15,-0.0011230877593036556
2019-08-16,-0.005172260786718185
2019-08-19,-0.003909608468860268
2019-08-20,0.0024970186346490696
2019-08-21,-0.0028865037889780807
2019-08-22,5.597154241175056e-05
2019-08-23,0.008080234153753033
2019-08-26,-0.003609070746716175
2019-08-27,0.000660826880437794
2019-08-28,-0.000141092475617857
2019-08-29,-0.00014497047833391777
2019-08-30,-1.6388867467540047e-05
2019-09-03,0.0003647821877426317
2019-09-04,-0.00018676078600733995
2019-09-05,-0.0020803820639054512
2019-09-06,-0.00030057292760999807
2019-09-09,-0.00026062115159962256
2019-09-10,-1.4909482615604831e-05
2019-09-11,-0.0035405123482282106
2019-09-12,-0.0017568148930807877
2019-09-13,0.0002976614244862471
2019-09-16,0.0020415015005968047
2019-09-17,-0.0018853466986092468
2019-09-18,-0.0004485040957571771
2019-09-19,1.8389670690359312e-05
2019-09-20,0.003349202890271677
2019-09-23,0.00016306500747734556
2019-09-24,0.005405271163673369
2019-09-25,-0.004122002437268288
2019-09-26,0.0014144980416323585
2019-09-27,0.0036444038102127164
2019-09-30,-0.0030489576625630558
2019-10-01,0.007491561375431074
2019-10-02,0.010234171115338218
2019-10-03,-0.004063563888281571
2019-10-04,-0.005327899894577534
2019-10-07,0.0007894807862255102
2019-10-08,0.004161719635008047
2019-10-09,-0.002554686810961732
2019-10-10,-0.0014456460394122214
2019-10-11,-0.000628176886575977
2019-10-14,3.434663816192342e-05
2019-10-15,-0.0019878445751002633
2019-10-16,0.0003277010680697739
2019-10-17,-0.0007874240046004645
2019-10-18,0.0013287920591965703
2019-10-21,-0.002453508667775668
2019-10-22,0.0011146827048450379
2019-10-23,-0.0012578079107446111
2019-10-24,-0.000684986911838873
2019-10-25,-0.001529618561733681
2019-10-28,-0.0020539536114585846
2019-10-29,0.00010134571739096949
2019-10-30,-0.0015867136700219735
2019-10-31,0.001225240640045391
2019-11-01,-0.005022765914491283
2019-11-04,-0.0023674054467187127
2019-11-05,0.0006453519095436454
2019-11-06,-0.00015154536122156313
2019-11-07,-0.0022728068176155617
2019-11-08,-0.0017504941482478383
2019-11-11,0.0012179769586974274
2019-11-12,-0.0013979478984055829
2019-11-13,-0.00022558361883361452
2019-11-14,-0.0009362768729908927
2019-11-15,-0.0045144483921420574
2019-11-18,-0.0004625287041163035
2019-11-19,0.0001656410424244475
2019-11-20,0.0021299264621801603
2019-11-21,0.0008353134401996702
2019-11-22,-0.0011494534577098326
2019-11-25,-0.003827974782809961
2019-11-26,-0.0010956176926539148
2019-11-27,-0.0019916637149597185
2019-11-29,0.0016140415288836264
2019-12-02,0.0038450860261419533
2019-12-03,0.002714173959100345
2019-12-04,-0.001993887621736564
2019-12-05,-0.000537737399869982
2019-12-06,-0.0022652794219650547
2019-12-09,0.0007797008559029142
2019-12-10,-5.690973730931631e-05
2019-12-11,-0.00014794673159644186
2019-12-12,0.0004492354663312434
2019-12-13,3.7277745225899574e-06
2019-12-16,0.0013798451385778896
2019-12-17,-2.5096070099718847e-05
2019-12-18,-9.493605121349659e-05
2019-12-19,0.0013883472798731855
2019-12-20,0.0018189364995423983
2019-12-23,0.0006251318029869099
2019-12-24,-1.9367923819849035e-05
2019-12-26,0.002466891580065872
2019-12-27,-0.0001676695503612701
2019-12-30,-0.0031350395142217677
2019-12-31,0.0009658256125759857
2020-01-02,0.004603419278992969
2020-01-03,-0.00294251920715822
2020-01-06,0.0008216820021495024
2020-01-07,-0.0006580002188671239
2020-01-08,0.0015023442848571696
2020-01-09,0.002785171308485256
2020-01-10,-0.0011470800003585467
2020-01-13,0.0023739753578556877
2020-01-14,-0.0007058278037826819
2020-01-15,0.0009545427364854118
2020-01-16,0.0033410385485163827
2020-01-17,0.0012930967733482685
2020-01-21,-0.0008819558267833109
2020-01-22,-3.6058623351610454e-06
2020-01-23,0.0005816332501892328
2020-01-24,-0.004943654691272553
2020-01-27,-0.009102539371895646
2020-01-28,0.0057231938736507035
2020-01-29,-0.0005544153999904325
2020-01-30,0.0012416126760592754
2020-01-31,-0.005458713870052675
2020-02-03,0.0013746923934163642
2020-02-04,0.002388248899129521
2020-02-05,0.0024531789456712434
2020-02-06,-0.00027135872786867465
2020-02-07,0.0011211306915159711
2020-02-10,-0.0038305103708330362
2020-02-11,-0.0009578847351466072
2020-02-12,-0.0038668174272751387
2020-02-13,0.0006412414598471377
2020-02-14,-0.0014335978054856062
2020-02-18,0.002274832085430849
2020-02-19,-0.004500426107784287
2020-02-20,0.003903938017750179
2020-02-21,0.009917422603606656
2020-02-24,0.03213202544370417
2020-02-25,0.029844181301107133
2020-02-26,0.003580467683889777
2020-02-27,0.0433367140340169
2020-02-28,0.00400601678837044
2020-03-02,-0.04144354048868831
2020-03-03,0.027287309058402296
2020-03-04,-0.03837529338425648
2020-03-05,0.02925420987529742
2020-03-06,0.014612719239023929
2020-03-09,0.07070612924680635
2020-03-10,-0.04783218555438722
2020-03-11,0.04501325460405567
2020-03-12,0.08155369362281226
2020-03-13,-0.07407955313513435
2020-03-16,-0.012646322153712622
2020-03-17,0.04934102079171159
2020-03-18,-0.04906917320828341
2020-03-19,0.0020703758490566698
2020-03-20,-0.042639739598686256
2020-03-23,-0.025343481591106228
2020-03-24,0.08991364265497935
2020-03-25,0.014927087381956892
2020-03-26,0.0583509980259369
2020-03-27,-0.029786341288540154
2020-03-30,0.032412201241705255
2020-03-31,-0.014887099009027727
2020-04-01,-0.04486426416352947
2020-04-02,0.022971769659393262
2020-04-03,-0.014399872555084906
2020-04-06,0.06673858520568612
2020-04-07,0.0010127427804797074
2020-04-08,0.03333289515869344
2020-04-09,0.015129469200655485
2020-04-13,-0.009057924476205508
2020-04-14,0.029211793763983494
2020-04-15,-0.021033396432264727
2020-04-16,0.004768106568496773
2020-04-17,0.026689630751023066
2020-04-20,-0.017311311768397314
2020-04-21,-0.029694677947601913
2020-04-22,0.021541148434200855
2020-04-23,-7.857975943777175e-05
2020-04-24,0.013562396032698433
2020-04-27,0.014015325040091333
2020-04-28,-0.0044878707209806004
2020-04-29,0.025463377989808057
2020-04-30,-0.009089811255840841
2020-05-01,-0.025675529390503164
2020-05-04,0.0026755793987954667
2020-05-05,0.0089958162977222
2020-05-06,-0.006622843663857046
2020-05-07,0.011759853445077734
2020-05-08,0.016166321229330285
2020-05-11,0.00019527388883893297
2020-05-12,-0.0195684911526257
2020-05-13,-0.017420470508289626
2020-05-14,0.01179955433346239
2020-05-15,0.0045351607624858365
2020-05-18,0.030073329127833844
2020-05-19,-0.010123551242360413
2020-05-20,0.016706667223069255
2020-05-21,-0.006786792836950644
2020-05-22,0.0018614269347869464
2020-05-26,0.012078121030112464
2020-05-27,0.014556564552457784
2020-05-28,-0.001799344948145086
2020-05-29,0.0043151925423907415
2020-06-01,0.003910138584847304
2020-06-02,0.008006623547474065
2020-06-03,0.012861304948950558
2020-06-04,-0.002537386887008122
2020-06-05,0.02463508325322181
2020-06-08,0.011562341066246963
2020-06-09,-0.007020873459779691
2020-06-10,-0.004771081729891195
2020-06-11,-0.037652156262292326
2020-06-12,0.009797854417354375
2020-06-15,0.008541293528380647
2020-06-16,0.018040161149372524
2020-06-17,-0.0038323740321415845
2020-06-18,0.0002884196332568848
2020-06-19,-0.004684337408434659
2020-06-22,0.005692777731408927
2020-06-23,0.004215559087009005
2020-06-24,-0.023742711314250122
2020-06-25,0.009320841550682439
2020-06-26,-0.02230984956619256
2020-06-29,0.01365783598867581
2020-06-30,0.012126308274359234
2020-07-01,0.006682672446170275
2020-07-02,0.005181582743550959
2020-07-06,0.014401263030512779
2020-07-07,-0.009657266852384713
2020-07-08,0.007189624537392172
2020-07-09,-0.005291939410908231
2020-07-10,0.009536974516603942
2020-07-13,-0.00819808385858281
2020-07-14,0.01226092957911592
2020-07-15,0.008583188141156847
2020-07-16,-0.003051653375640557
2020-07-17,0.0025640231086719147
2020-07-20,0.00708923735576732
2020-07-21,0.0019080718452456026
2020-07-22,0.005254201293221819
2020-07-23,-0.01099198541855809
2020-07-24,-0.0058720261918259135
2020-07-27,0.006640717413418544
2020-07-28,-0.005799433042165426
2020-07-29,0.010818838607089374
2020-07-30,-0.0032463605085937893
2020-07-31,0.006961537389890524
2020-08-03,0.006281753531646963
2020-08-04,0.003559509224264648
2020-08-05,0.005563048063488547
2020-08-06,0.006084162458960898
2020-08-07,0.0004981142051191635
2020-08-10,0.002450797977394679
2020-08-11,-0.006177841739221628
2020-08-12,0.008111315150912556
2020-08-13,-0.001534549406517494
2020-08-14,-1.2606011127657807e-05
2020-08-17,0.0023150043696440075
2020-08-18,0.0015535862988739829
2020-08-19,-0.002837109593004379
2020-08-20,0.002073993494950258
2020-08-21,0.0027185795865629324
2020-08-24,0.008142460368937978
2020-08-25,0.0028157131894575972
2020-08-26,0.003170308795014846
2020-08-27,-0.0005330602660864753
2020-08-28,-0.0014358014126262396
2020-08-31,0.0017131689763588273
2020-09-01,-0.007546348985891109
2020-09-02,-0.011166198939247389
2020-09-03,0.02953152168307898
2020-09-04,0.007549383726792657
2020-09-08,0.025706484925796275
2020-09-09,-0.017397979663872885
2020-09-10,0.01602967136547306
2020-09-11,-0.0005275781103392592
2020-09-14,-0.012471748901072853
2020-09-15,-0.004858619435471982
2020-09-16,0.003830295940584152
2020-09-17,0.00862985519140484
2020-09-18,0.01121318300006825
2020-09-21,0.011007783576375491
2020-09-22,-0.009796756318974465
2020-09-23,0.022419074774062468
2020-09-24,-0.0025427506434867785
2020-09-25,-0.014759510973021257
2020-09-28,-0.01314989749412215
2020-09-29,0.0039803953961365275
2020-09-30,-0.006136526716243746
2020-10-01,-0.00464639376021047
2020-10-02,0.00634353591209257
2020-10-05,-0.01443182164071513
2020-10-06,0.011201618727234198
2020-10-07,-0.014237803085720934
2020-10-08,-0.006892018900466663
2020-10-09,-0.0075667265455387645
2020-10-12,-0.01410584782853566
2020-10-13,0.004950327244605568
2020-10-14,0.004983625237982368
2020-10-15,0.0008320014137345035
2020-10-16,0.0003892181816901734
2020-10-19,0.007628121996123501
2020-10-20,-0.0017116277182541713
2020-10-21,-0.0006888509870569251
2020-10-22,0.00024661155549214267
2020-10-23,-0.0006782082844254489
2020-10-26,0.0028700874934793987
2020-10-27,0.0012090811401557903
2020-10-28,0.0016522437605113007
2020-10-29,0.00023378347987602406
2020-10-30,-0.008709255404494281
2020-11-02,0.010004311564818942
2020-11-03,0.01512866159487048
2020-11-04,0.02035678240836074
2020-11-05,0.01564321691798473
2020-11-06,-0.0002840566331045128
2020-11-09,0.0007258662870251114
2020-11-10,-0.00011371049620002098
2020-11-11,0.001472822539992332
2020-11-12,0.0014461218077437513
2020-11-13,-0.00372220356376869
2020-11-16,8.162270580347973e-05
2020-11-17,0.001304602380974568
2020-11-18,0.002893054840884559
2020-11-19,-0.0009069069680742469
2020-11-20,-0.0001240958264498556
2020-11-23,0.0007405161556842345
2020-11-24,0.0026812857578526112
2020-11-25,-0.0002526720572337045
2020-11-27,-0.00012977297523099148
2020-11-30,0.0011393360684519103
2020-12-01,-0.003954465290774266
2020-12-02,-0.00025972526263282904
2020-12-03,-3.428104816066763e-05
2020-12-04,-0.00025917472591317975
2020-12-07,3.647283022489059e-05
2020-12-08,-0.0009470048565639873
2020-12-09,0.0036237483584910316
2020-12-10,0.00011762127750278155
2020-12-11,0.00019515546011207352
2020-12-14,5.007375380768116e-05
2020-12-15,-0.0007058113536883859
2020-12-16,-1.4996717201323046e-05
2020-12-17,-0.0024534504059895356
2020-12-18,0.0010615302458319785
2020-12-21,0.0012856280329567673
2020-12-22,0.0005491791898748493
2020-12-23,-0.00032874384070080817
2020-12-24,-0.0013300462344438546
2020-12-28,-0.003594321845513886
2020-12-29,0.0004772002949775412
2020-12-30,-0.00041490692039127235
2020-12-31,-0.0018216090256332285
2021-01-04,0.006255918464899888
2021-01-05,-0.004522408184346502
2021-01-06,-0.0034898655520506907
2021-01-07,-0.009340207594656204
2021-01-08,-0.0042195574705555525
2021-01-11,0.0046358504023513445
2021-01-12,-0.00018912847238760348
2021-01-13,-0.0015021418410270898
2021-01-14,0.0018029444218964883
2021-01-15,0.004320678863726631
2021-01-19,-0.005594444169377452
2021-01-20,-0.00813334354338432
2021-01-21,-0.0005329371801813488
2021-01-22,0.0018456319359155498
2021-01-25,-0.0020401078250674625
2021-01-26,0.0006185882945519082
2021-01-27,-0.00040259493898551157
2021-01-28,-0.00271228068599342
2021-01-29,-0.00042241740246948625
2021-02-01,0.0033398609999128973
2021-02-02,0.002446889113754862
2021-02-03,0.00012292561235417905
2021-02-04,-0.00705426536571668
2021-02-05,-0.002238656433656661
2021-02-08,-0.003907375823823564
2021-02-09,0.0002489840139332309
2021-02-10,9.8673365741513e-05
2021-02-11,-0.0013691247039476354
2021-02-12,-0.003693791795090843
2021-02-16,0.0005999691884286779
2021-02-17,-0.00018193033129261486
2021-02-18,0.002903266518742488
2021-02-19,0.0009640425118732941
2021-02-22,0.0036412692940376067
2021-02-23,-0.0005438896322434463
2021-02-24,-0.0016351416076810592
2021-02-25,-0.0024964979160760157
2021-02-26,0.0007591402527914224
2021-03-01,-0.007664691449565478
2021-03-02,-9.722390766811942e-05
2021-03-03,0.0034937637694944616
2021-03-04,0.005464691901540424
2021-03-05,0.0018298555600786874
2021-03-08,-0.00279647272224571
2021-03-09,0.009580795515897945
2021-03-10,0.004321738039331653
2021-03-11,0.007752055853785393
2021-03-12,0.0006537734475892271
2021-03-15,0.0033580182495813733
2021-03-16,-0.0006908554992578377
2021-03-17,0.0005421067495093713
2021-03-18,-0.00872543434089434
2021-03-19,-0.0012711516062060705
2021-03-22,0.006726422649270452
2021-03-23,-0.007309797549572909
2021-03-24,-0.004760915924442757
2021-03-25,0.005334496850719233
2021-03-26,0.015472567488516062
2021-03-29,-0.0004899268934801787
2021-03-30,-0.0025403453470158035
2021-03-31,0.0038627246504092665
2021-04-01,0.010380066473314164
2021-04-05,0.013691134600716305
2021-04-06,-0.0005654921665442237
2021-04-07,0.0010872149277126144
2021-04-08,0.004491787587443706
2021-04-09,0.00682568942815625
2021-04-12,0.000340372892178018
2021-04-13,0.002814192124180353
2021-04-14,-0.0032452998884874226
2021-04-15,0.009893651621393319
2021-04-16,0.0030340204415206734
2021-04-19,-0.003674951313615101
2021-04-20,-0.004870578933303297
2021-04-21,0.0007024054152521779
2021-04-22,-0.0010801141037071508
2021-04-23,-0.0014176396875113114
2021-04-26,-0.00021969191955358423
2021-04-27,-0.000395382849476388
2021-04-28,-7.860489964650181e-05
2021-04-29,0.001982273685836352
2021-04-30,-0.0010297084575182083
2021-05-03,-2.8003988078607143e-05
2021-05-04,-0.0003703582513367798
2021-05-05,-0.000504388227383078
2021-05-06,-0.0021659744287153998
2021-05-07,-0.0010461299213904633
2021-05-10,-0.00045980756551885566
2021-05-11,-0.0005568053759928168
2021-05-12,-0.006862903826598019
2021-05-13,0.005725101998913042
2021-05-14,0.010330015837939058
2021-05-17,-0.0021725262895539383
2021-05-18,-0.006237751220677157
2021-05-19,-0.0017630691318082149
2021-05-20,0.007686838008785808
2021-05-21,-0.0006113221809022357
2021-05-24,0.0058887446144674175
2021-05-25,-0.0014730157749662457
2021-05-26,0.0011261095007739118
2021-05-27,0.0002485545441949555
2021-05-28,0.0009900509034360273
2021-06-01,-0.0006637772334090031
2021-06-02,0.0010768770794177514
2021-06-03,-0.0029711633284189858
2021-06-04,0.005720916760991904
2021-06-07,-0.0006810638372591206
2021-06-08,9.922229162639921e-05
2021-06-09,-0.000901905285723902
2021-06-10,0.0024846761972467605
2021-06-11,0.0008806752024342983
2021-06-14,0.0009556638246012999
2021-06-15,-0.0006212769092015124
2021-06-16,-0.0005459792400268922
2021-06-17,-8.199022742366599e-05
2021-06-18,-0.0038209137349033096
2021-06-21,0.0059245638933020225
2021-06-22,0.00288584261306611
2021-06-23,-0.0008501883492636276
2021-06-24,0.003611356870950684
2021-06-25,0.002032100237273619
2021-06-28,0.0011870106179918103
2021-06-29,0.00031644534348423405
2021-06-30,0.0005083175515417604
2021-07-01,0.0034873792117082877
2021-07-02,0.00465009574361662
2021-07-06,-0.0013295084374758998
2021-07-07,0.0024252172555199
2021-07-08,-0.005791370683592884
2021-07-09,0.00795739632749322
2021-07-12,0.002767130927287778
2021-07-13,-0.002618647772498233
2021-07-14,0.0010101646440040999
2021-07-15,-0.0019569010098266807
2021-07-16,-0.004486980251473571
2021-07-19,-0.008893110903165836
2021-07-20,0.00998896915499917
2021-07-21,0.0059317285078430365
2021-07-22,0.0013426401189659206
2021-07-23,0.005899223305784546
2021-07-26,0.0014825634884564974
2021-07-27,-0.0028802920741536377
2021-07-28,-0.0003287524583362373
2021-07-29,0.0022246385011222797
2021-07-30,-0.0022405208394424376
2021-08-02,-0.001055786946865541
2021-08-03,0.004482935572402336
2021-08-04,-0.0026757227169771076
2021-08-05,0.003218380481400134
2021-08-06,0.0009389944059192205
2021-08-09,-0.0005546032499506835
2021-08-10,0.0006620396690295069
2021-08-11,0.0009335068303253204
2021-08-12,0.001116030907802009
2021-08-13,0.00039998211836136087
2021-08-16,0.0006063737175867321
2021-08-17,-0.0018195071330058931
2021-08-18,-0.0017333008510308928
2021-08-19,0.00023459354752160836
2021-08-20,0.0005625405738436334
2021-08-23,0.0011542938255813529
2021-08-24,0.0002743715049556832
2021-08-25,0.00035289656716871586
2021-08-26,-0.000780356839475379
2021-08-27,0.0009587703273111269
2021-08-30,0.0011378648846930455
2021-08-31,-0.0005384130607834048
2021-09-01,0.00016395855937338156
2021-09-02,0.0007062355784623104
2021-09-03,-0.00011546309442725772
2021-09-07,-0.0009705740881690012
2021-09-08,-0.0003096483829452724
2021-09-09,-0.0014132305649996167
2021-09-10,-0.002485963042383503
2021-09-13,0.000889953625912611
2021-09-14,-0.001850968003527468
2021-09-15,0.0032814554625310733
2021-09-16,-0.0005784902400591942
2021-09-17,-0.002587002511829954
2021-09-20,-0.00361034724300144
2021-09-21,-0.0003175348571506558
2021-09-22,0.0031581427627212022
2021-09-23,0.0037291242124481354
2021-09-24,0.0005162459624467554
2021-09-27,-0.0009116010048323764
2021-09-28,-0.009116778262961218
2021-09-29,0.0007750412320573327
2021-09-30,-0.006445791500311581
2021-10-01,0.007142609156148807
2021-10-04,-0.00952249980439281
2021-10-05,0.007740352007858456
2021-10-06,0.0031122806370007736
2021-10-07,0.0057691502041796175
2021-10-08,-0.0012128747111677424
2021-10-11,-0.00402342364785078
2021-10-12,-0.0015471476436543469
2021-10-13,0.002079319855280501
2021-10-14,0.009305598791530617
2021-10-15,0.004619880266241938
2021-10-18,0.0017665418348888756
2021-10-19,0.004794875111213389
2021-10-20,0.0020038813487152814
2021-10-21,0.0009365553776690279
2021-10-22,-0.00042072728746974714
2021-10-25,0.002241423150031751
2021-10-26,0.00012018544236290336
2021-10-27,-0.0010414820033953658
2021-10-28,0.0027025736410954673
2021-10-29,0.0007024719476886553
2021-11-01,0.0007088495417304217
2021-11-02,0.0016659703775612632
2021-11-03,0.0021833918487071404
2021-11-04,0.0018570278675932113
2021-11-05,0.001445294490852058
2021-11-08,0.0003549159700104063
2021-11-09,-0.0013206315965441269
2021-11-10,-0.003528849755090031
2021-11-11,8.073878294373815e-05
2021-11-12,0.002882547398451825
2021-11-15,2.4838236177443727e-05
2021-11-16,0.0008217195586438533
2021-11-17,-0.0008640138462341771
2021-11-18,0.0005794973237876961
2021-11-19,-0.0002623171444610813
2021-11-22,-0.0003139152771167732
2021-11-23,0.0001512449910408549
2021-11-24,0.000434020587805899
2021-11-26,-0.0038958500470590005
2021-11-29,0.0006948979100994392
2021-11-30,-0.005989551828922995
2021-12-01,-0.002186857569867684
2021-12-02,0.006001466364200662
2021-12-03,-0.004350870601451059
2021-12-06,0.0067409726464586536
2021-12-07,0.01330722168012213
2021-12-08,0.001743700935850254
2021-12-09,-0.004676166728144687
2021-12-10,0.006137758103828275
2021-12-13,-0.006668559663863301
2021-12-14,-0.00478413077757606
2021-12-15,0.010559309948663193
2021-12-16,-0.005851837941162204
2021-12-17,-0.007258436608936046
2021-12-20,-0.007638680547346083
2021-12-21,0.011998717043260557
2021-12-22,0.006372672629326908
2021-12-23,0.003480973453017294
2021-12-27,0.006206683357725718
2021-12-28,-0.00038033634566752797
2021-12-29,0.00021172519350832575
2021-12-30,-0.00010105760665238118
2021-12-31,0.0003766086728031078
2022-01-03,-0.001952112426708469
2022-01-04,4.6366648135291405e-05
2022-01-05,0.007595459935394707
2022-01-06,0.0003672049927224718
2022-01-07,0.0013640545145954819
2022-01-10,0.0004095350057503789
2022-01-11,-0.0031750778174676484
2022-01-12,-0.0009347020629822339
2022-01-13,0.005469175373253351
2022-01-14,-0.000287029008240578
2022-01-18,0.009348310663708287
2022-01-19,0.004619294559100598
2022-01-20,0.003570347569869967
2022-01-21,0.007145084515219724
2022-01-24,-0.002064249821446525
2022-01-25,0.004700887800385413
2022-01-26,0.0007808344284642997
2022-01-27,0.0016990145345046497
2022-01-28,-0.006058377656528489
2022-01-31,0.00016423901274288308
2022-02-01,-0.0018530812992816087
2022-02-02,-0.0021971600754027154
2022-02-03,0.008353714345542473
2022-02-04,-0.0021352792219099586
2022-02-07,0.0014596201135032476
2022-02-08,-0.004185012365395916
2022-02-09,-0.008272319828908907
2022-02-10,0.01114671628923624
2022-02-11,0.013286834372352476
2022-02-14,0.0022216211607038227
2022-02-15,-0.010961786165044533
2022-02-16,-0.0007751491474908355
2022-02-17,0.015336694387792437
2022-02-18,0.004738505538107737
2022-02-22,0.007989067988372144
2022-02-23,0.013457003228442352
2022-02-24,-0.011773808753589386
2022-02-25,-0.015923855629818327
2022-02-28,0.0017694695755071552
2022-03-01,0.01165920855924209
2022-03-02,-0.013518792404243724
2022-03-03,0.003671187979402625
2022-03-04,0.005682327153434112
2022-03-07,0.01829398160388132
2022-03-08,0.004035616054024984
2022-03-09,-0.014489950204382077
2022-03-10,0.002136293992394333
2022-03-11,0.005727412905928847
2022-03-14,0.002726763165723892
2022-03-15,-0.006409391753131413
2022-03-16,-0.005066253082654943
2022-03-17,-0.002794591600276308
2022-03-18,-0.0031329934167234103
2022-03-21,-1.2901578081577958e-05
2022-03-22,-0.004992814277501207
2022-03-23,0.00635547740855798
2022-03-24,-0.00882777665296928
2022-03-25,-0.003083309392478516
2022-03-28,-0.00445981935235908
2022-03-29,-0.009146624525910006
2022-03-30,0.004778634525276
2022-03-31,0.012658777188582679
2022-04-01,-0.0024699940225276777
2022-04-04,-0.007300205824382847
2022-04-05,0.01098029283114988
2022-04-06,0.008765103035238985
2022-04-07,-0.004512069405112939
2022-04-08,0.0023914479766491354
2022-04-11,0.015283948759821154
2022-04-12,0.0033665297257086434
2022-04-13,-0.01067247303228961
2022-04-14,0.011751458714119105
2022-04-18,-0.00039749855398298875
2022-04-19,-0.015250248582242217
2022-04-20,0.0006241235974085174
2022-04-21,0.01350256875614589
2022-04-22,0.02541728157960805
2022-04-25,-0.005384041052167994
2022-04-26,0.026073231047246338
2022-04-27,-0.002508813750115982
2022-04-28,-0.022397431423849836
2022-04-29,0.032238881306829954
2022-05-02,-0.005151856756365402
2022-05-03,-0.004003136943354509
2022-05-04,-0.02579135221780108
2022-05-05,0.029889607118329817
2022-05-06,0.005240642527898439
2022-05-09,0.029349676628493748
2022-05-10,-0.0020855429335616352
2022-05-11,0.013899658181999988
2022-05-12,0.0008017327898337095
2022-05-13,-0.02008153915902192
2022-05-16,0.0033731381292725114
2022-05-17,-0.01849789318911853
2022-05-18,0.03707173165623177
2022-05-19,0.005775423845354444
2022-05-20,-0.00041549235582230765
2022-05-23,-0.017521307094599727
2022-05-24,0.0072423836610258354
2022-05-25,-0.008573069063203459
2022-05-26,-0.019402021138367646
2022-05-27,-0.02388264758019439
2022-05-31,0.005484211197396762
2022-06-01,0.007955120327822673
2022-06-02,-0.01897040048633463
2022-06-03,0.016327617719148296
2022-06-06,-0.0030396697403264655
2022-06-07,-0.009535079365252256
2022-06-08,0.010809562224588457
2022-06-09,0.02374812356613381
2022-06-10,0.028976615453688015
2022-06-13,0.03789497767247125
2022-06-14,0.0029745044395864347
2022-06-15,-0.014027956114082368
2022-06-16,0.03194680304640263
2022-06-17,-0.0020791245624301965
2022-06-21,-0.0238206471298709
2022-06-22,0.0015770377904920688
2022-06-23,-0.008968669608244651
2022-06-24,-0.02891920299408395
2022-06-27,0.003379178423219492
2022-06-28,0.018784654727210134
2022-06-29,0.0007481319354333394
2022-06-30,0.007383079693492665
2022-07-01,-0.008668785192345888
2022-07-05,-0.0014207430292508408
2022-07-06,-0.002365556472585746
2022-07-07,-0.009320729783682896
2022-07-08,2.6322151785249798e-05
2022-07-11,0.004137738131305417
2022-07-12,0.003386814547654585
2022-07-13,0.001912350445456887
2022-07-14,-1.765551046057994e-06
2022-07-15,0.0009192229541503463
2022-07-18,0.0006991285129832312
2022-07-19,-0.002204453189697604
2022-07-20,0.0011864300144276772
2022-07-21,0.0020688053450681927
2022-07-22,0.0010543614046784064
2022-07-25,-0.00017818799484194012
2022-07-26,0.0011100879477830515
2022-07-27,-0.003549084366055536
2022-07-28,-0.005039179812001185
2022-07-29,-0.005649168401117969
2022-08-01,0.0016803565207063609
2022-08-02,0.005051816387847733
2022-08-03,-0.013490905887619108
2022-08-04,0.0005544858187657408
2022-08-05,0.0014323504166793206
2022-08-08,0.0009994521474635976
2022-08-09,0.003418944926769825
2022-08-10,-0.01933846204996925
2022-08-11,-9.49667616334282e-06
2022-08-12,-0.01610088128842737
2022-08-15,-0.00392557983852314
2022-08-16,-0.001917106957567815
2022-08-17,0.006955723159281964
2022-08-18,-0.00287520394163114
2022-08-19,0.013322943557025853
2022-08-22,0.020416255037749017
2022-08-23,0.002394990839045979
2022-08-24,-0.003171079911497037
2022-08-25,-0.013930995823484027
2022-08-26,0.03289155281994118
2022-08-29,0.006545486414940633
2022-08-30,0.010817607328353672
2022-08-31,0.007214193396091648
2022-09-01,-0.0029683791991552875
2022-09-02,0.009979876927760966
2022-09-06,0.003536038667913204
2022-09-07,-0.013833469005971724
2022-09-08,-0.004750489041905199
2022-09-09,-0.012202791386215496
2022-09-12,-0.009143866859688946
2022-09-13,0.0378944461105769
2022-09-14,-0.003702788314104095
2022-09-15,0.010909773965834955
2022-09-16,0.007273657457835106
2022-09-19,-0.00743469661058888
2022-09-20,0.010801473475213565
2022-09-21,0.016720024782792994
2022-09-22,0.008005459069165756
2022-09-23,0.015542354813703196
2022-09-26,0.008046338407361174
2022-09-27,0.0018627326996771493
2022-09-28,-0.0056928191264899305
2022-09-29,-0.015279544670271674
2022-09-30,-0.00846494945637588
2022-10-03,0.010296001915008781
2022-10-04,0.026091439955741435
2022-10-05,-0.002186819729313116
2022-10-06,-0.002775326240597903
2022-10-07,0.013174774625834414
2022-10-10,0.0017469645070726477
2022-10-11,-0.0016921368120997315
2022-10-12,-0.0010144105619261396
2022-10-13,0.0023805486691578313
2022-10-14,-0.008901725658879917
2022-10-17,0.006357221529676045
2022-10-18,0.006183396877239348
2022-10-19,-0.005169319228118063
2022-10-20,-0.005362191982286497
2022-10-21,0.015921077068582663
2022-10-24,0.009509486853672963
2022-10-25,0.011238972143138471
2022-10-26,-0.0017698765628616207
2022-10-27,0.00045172400084046775
2022-10-28,-0.010931523120698875
2022-10-31,0.0026536320799427494
2022-11-01,0.0021948829889892104
2022-11-02,0.018974702817203187
2022-11-03,0.008655168568280802
2022-11-04,-0.010968548338612178
2022-11-07,-0.0027215139130927846
2022-11-08,-0.003404498229047811
2022-11-09,0.014325196936938156
2022-11-10,-0.040338540252699
2022-11-11,-0.004137145218675921
2022-11-14,0.0053182617486538675
2022-11-15,-0.008160974735204857
2022-11-16,0.0072096708691137355
2022-11-17,0.002903776585825258
2022-11-18,-0.004276790706483728
2022-11-21,0.0034726298174896073
2022-11-22,-0.013011202442638507
2022-11-23,-0.006127216186215818
2022-11-25,0.00021522683845903249
2022-11-28,0.015817499003685093
2022-11-29,0.0016837873496436408
2022-11-30,-0.03073215661056761
2022-12-01,0.000708869347343224
2022-12-02,0.0011222623298413404
2022-12-05,0.017924687861107985
2022-12-06,0.014281412849767335
2022-12-07,0.0016534392761690185
2022-12-08,-0.0076312508633897234
2022-12-09,0.007312640532393882
2022-12-12,-0.014134991495514745
2022-12-13,-0.007404701844146931
2022-12-14,0.006247296692921809
2022-12-15,0.02402292506351842
2022-12-16,0.011665355463010077
2022-12-19,0.00826903519681789
2022-12-20,-0.0013305228058373777
2022-12-21,-0.014376013048691273
2022-12-22,0.013731877759112035
2022-12-23,-0.005550327684247968
2022-12-27,0.0037631059334501575
2022-12-28,0.011460004679147127
2022-12-29,-0.01668031068210889
2022-12-30,0.0023393565319491543
2023-01-03,0.0036119489704759026
2023-01-04,-0.006882763625842834
2023-01-05,0.009575676784360013
2023-01-06,-0.01842889396059374
2023-01-09,0.00024827000522650736
2023-01-10,-0.004704742949737833
2023-01-11,-0.009866463245542786
2023-01-12,-0.0027390385668896893
2023-01-13,-0.0032696943709339915
2023-01-17,0.001435424096005678
2023-01-18,0.013544263928667408
2023-01-19,0.006060286444569834
2023-01-20,-0.0150050296257254
2023-01-23,-0.00922598356591515
2023-01-24,0.0008260496978526574
2023-01-25,-0.00036208388562809866
2023-01-26,-0.009975212333690173
2023-01-27,-0.0020370376938807395
2023-01-30,0.011184536585504803
2023-01-31,-0.013676796134865329
2023-02-01,-0.009985845891465872
2023-02-02,-0.013560167265908045
2023-02-03,0.0098809496202347
2023-02-06,0.0057434213782360044
2023-02-07,-0.01219455041646245
2023-02-08,0.009869724760486687
2023-02-09,0.008069288875258592
2023-02-10,-0.002201242786602279
2023-02-13,-0.01084313349721093
2023-02-14,0.00034116807751499365
2023-02-15,-0.0028577859856153045
2023-02-16,0.01180696819972677
2023-02-17,0.0021124309127933784
2023-02-21,0.016558004036611253
2023-02-22,0.0010368068161626992
2023-02-23,-0.004191651637231889
2023-02-24,0.0073670455352806506
2023-02-27,-0.0023194177606136014
2023-02-28,0.0025044765856212605
2023-03-01,0.0022710268584079374
2023-03-02,-0.0036285711610986237
2023-03-03,-0.005058143423088903
2023-03-06,-0.0003978876459403617
2023-03-07,0.006734630883023603
2023-03-08,-0.0007047862325338719
2023-03-09,0.00013042935445735073
2023-03-10,-0.0013615793785769867
2023-03-13,-5.614081640203232e-05
2023-03-14,0.005774032984623404
2023-03-15,-0.004834259412855735
2023-03-16,0.01433048164022239
2023-03-17,-0.006119928161438882
2023-03-20,0.007098137221293724
2023-03-21,0.010807920002635646
2023-03-22,-0.015573357751101986
2023-03-23,0.0018777861620467775
2023-03-24,0.0052405604485418105
2023-03-27,0.0015251401980594206
2023-03-28,-0.00206541547605118
2023-03-29,0.011122862671638027
2023-03-30,0.00399425096050131
2023-03-31,0.010896667284980293
2023-04-03,0.001954514416731764
2023-04-04,-0.002153378113017167
2023-04-05,-0.0003900234220635804
2023-04-06,-0.0009456303515039664
2023-04-10,-0.00032734598524785714
2023-04-11,-0.00016385853758546425
2023-04-12,0.0018826269702052086
2023-04-13,-0.007583705461379631
2023-04-14,0.0013811612586900736
2023-04-17,-0.002221462934695951
2023-04-18,-0.0005740133985790985
2023-04-19,0.00011998968840843709
2023-04-20,0.003334852259126125
2023-04-21,-0.000568277418731163
2023-04-24,-0.000735320614032006
2023-04-25,0.008973575687399767
2023-04-26,0.0018687189413031141
2023-04-27,-0.011493483160692776
2023-04-28,-0.003966342658039689
2023-05-01,6.552561851573722e-05
2023-05-02,0.0058284791916598825
2023-05-03,0.004206529685523818
2023-05-04,0.0027095204339119073
2023-05-05,-0.002613331777883521
2023-05-08,-0.0001834528333606239
2023-05-09,0.001351029416425355
2023-05-10,-0.0012372200589783585
2023-05-11,0.0005768628484438298
2023-05-12,0.00026935603375453205
2023-05-15,-0.0015809733246798267
2023-05-16,0.0024087641494462703
2023-05-17,-0.005599710478262596
2023-05-18,-0.003036898014940759
2023-05-19,0.00014466686544493246
2023-05-22,-0.00023371927476338142
2023-05-23,0.0003204881192343889
2023-05-24,0.002250658404633267
2023-05-25,-0.0007330334202118182
2023-05-26,-0.001297211084637498
2023-05-30,-0.00023312018452961895
2023-05-31,0.0013231611240619515
2023-06-01,-0.0036991463475938334
2023-06-02,0.001988850918957648
2023-06-05,-0.0009544389957946043
2023-06-06,-0.0005336230474992495
2023-06-07,0.000771810004901508
2023-06-08,0.001266022012367425
2023-06-09,0.0005301753725175989
2023-06-12,-0.002006168131562776
2023-06-13,-0.0032606012375217984
2023-06-14,-0.0005850164825799469
2023-06-15,-0.006969899991093706
2023-06-16,0.0023523551552149372
2023-06-20,0.0043648353425923304
2023-06-21,0.004512489791049831
2023-06-22,-0.0032199624855642735
2023-06-23,0.006810813919271895
2023-06-26,0.0037049283986642506
2023-06-27,-0.010040237449726803
2023-06-28,-0.0004787995841720402
2023-06-29,-0.0034853459181614275
2023-06-30,-0.009974832234104445
2023-07-03,-0.0009572019655563064
2023-07-05,0.0010975102543582824
2023-07-06,0.006374033075889846
2023-07-07,0.002112484461867091
2023-07-10,-0.001994648391469548
2023-07-11,-0.00459973944704591
2023-07-12,-0.0060496018414621005
2023-07-13,-0.005642583748610547
2023-07-14,0.0003869619410129872
2023-07-17,-0.00264363228393323
2023-07-18,-0.005692606767335585
2023-07-19,-0.0017463215869839117
2023-07-20,0.005642385285163175
2023-07-21,-1.5194681861348424e-05
2023-07-24,-0.004007249095548985
2023-07-25,-0.002399220747589405
2023-07-26,-0.00014693809154685885
2023-07-27,0.005937727519115954
2023-07-28,-0.009222741366380807
2023-07-31,-0.001763041285688246
2023-08-01,0.0025799350285718053
2023-08-02,0.012817757472609211
2023-08-03,0.0026322654746145273
2023-08-04,0.00395634089250854
2023-08-07,-0.007202237976316933
2023-08-08,0.0036214762888129672
2023-08-09,0.0056155786378933
2023-08-10,-0.0003633965172711142
2023-08-11,0.00038089449079387245
2023-08-14,-0.0039353662226537895
2023-08-15,0.008196629337410825
2023-08-16,0.004862361130288224
2023-08-17,0.004814191778103563
2023-08-18,-0.00038849543955232714
2023-08-21,-0.002406611205682147
2023-08-22,0.00023540516528611972
2023-08-23,-0.002643082455987101
2023-08-24,0.0016930561546061405
2023-08-25,-0.0010248978791867992
2023-08-28,-0.0012300195818336726
2023-08-29,-0.003036929806172648
2023-08-30,-0.0012027590652735503
2023-08-31,0.0002678193704602369
2023-09-01,-0.0007108511105474209
2023-09-05,0.0016006182649565878
2023-09-06,0.003454472581171403
2023-09-07,0.0017259758511734772
2023-09-08,-0.0008528223538835515
2023-09-11,-0.0034220747140808684
2023-09-12,0.003015632790998518
2023-09-13,-0.0006457961797238435
2023-09-14,-0.00426967226525332
2023-09-15,0.005205561876465211
2023-09-18,-0.00026013621072750137
2023-09-19,0.0010127822114896728
2023-09-20,0.004671553341577154
2023-09-21,0.008804474506530647
2023-09-22,0.0010999944549199168
2023-09-25,-0.002056368185448162
2023-09-26,0.005878291465547707
2023-09-27,-0.0002823318988351139
2023-09-28,-0.0027590113674186966
2023-09-29,0.0007391408113750721
2023-10-02,0.0001139448942755087
2023-10-03,0.005498986552026685
2023-10-04,-0.0022314278591575205
2023-10-05,-0.00013579601448756687
2023-10-06,-0.00039053242331301444
2023-10-09,0.0009405878111691273
2023-10-10,0.0019717870124251365
2023-10-11,0.0016240305555255408
2023-10-12,-0.0021269683043472825
2023-10-13,-0.0009394935576461702
2023-10-16,0.0023904671360019236
2023-10-17,-7.664365114830001e-05
2023-10-18,0.00011862506221315235
2023-10-19,0.0010953132138948592
2023-10-20,0.0028140712277835095
2023-10-23,-0.0007034575063074001
2023-10-24,0.002747869649486826
2023-10-25,-0.005879927364410894
2023-10-26,-0.005402979179393647
2023-10-27,-0.0031617386392198193
2023-10-30,0.009249731288590874
2023-10-31,0.005483497497186309
2023-11-01,0.009746913649231222
2023-11-02,0.01739663705770799
2023-11-03,0.00792701630722838
2023-11-06,0.001654516090630447
2023-11-07,0.001587670142376015
2023-11-08,0.00017067525774825255
2023-11-09,-0.004079939760169371
2023-11-10,0.00925753480206673
2023-11-13,-0.0006842973514034307
2023-11-14,0.011787688491995458
2023-11-15,0.0012301913201046729
2023-11-16,0.0007508052882495918
2023-11-17,0.0008112482214190947
2023-11-20,0.005433450318433648
2023-11-21,-0.0014444348538348896
2023-11-22,0.0020216687862187996
2023-11-24,-2.205735964799427e-05
2023-11-27,-0.0007611409884295771
2023-11-28,0.00016780290520998514
2023-11-29,-0.0002019278237814764
2023-11-30,0.0010082831679583155
2023-12-01,0.002125654326480992
2023-12-04,-0.0014953015971231065
2023-12-05,-5.7055709350656313e-05
2023-12-06,-0.0012346203605160119
2023-12-07,0.0034532031448304057
2023-12-08,0.0024193070562820774
2023-12-11,0.0020932615097188933
2023-12-12,0.0022976332327348113
2023-12-13,0.007592544743325103
2023-12-14,0.001635692517283329
2023-12-15,-0.0008019211405178631
2023-12-18,-0.0016208094404702434
2023-12-19,-0.0013341705764187972
2023-12-20,0.002330735974714704
2023-12-21,-0.0029842532673433676
2023-12-22,-0.0010146664727646647
2023-12-26,-0.0016561875186475504
2023-12-27,-0.0009595657910883399
2023-12-28,-0.00018605986290552194
2023-12-29,0.001521611458516487
2024-01-02,0.002618446509719948
2024-01-03,0.003998837866966704
2024-01-04,0.0014479178477920618
2024-01-05,-0.0006921121219470518
2024-01-08,-0.007120691969527103
2024-01-09,0.0006375061333510385
2024-01-10,-0.002173843947127806
2024-01-11,0.00015706651991397188
2024-01-12,-0.0003035183362749093
2024-01-16,0.0005660742162866953
2024-01-17,0.0006948609058284728
2024-01-18,-0.0022191979737266622
2024-01-19,-0.0030573863188985066
2024-01-22,-0.00026269018933037716
2024-01-23,-5.204161945038382e-05
2024-01-24,-0.0006618061075924565
2024-01-25,-0.002221334117621934
2024-01-26,0.0004519989077261204
2024-01-29,-0.002920572896913516
2024-01-30,0.0002614104372301026
2024-01-31,0.008262790797575964
2024-02-01,-0.0068810097265490965
2024-02-02,-0.004749861222279045
2024-02-05,0.0015442978858432477
2024-02-06,-0.0016042808650638652
2024-02-07,-0.003929527759395976
2024-02-08,-0.0002443081860987945
2024-02-09,-0.001772423445134544
2024-02-12,0.00011167509614129226
2024-02-13,0.003393451681599687
2024-02-14,-0.0014261391720568246
2024-02-15,-0.00039369463302485475
2024-02-16,-0.0008125509828947088
2024-02-20,-0.0004468893734279138
2024-02-21,3.016038533443917e-05
2024-02-22,0.00026992315882754106
2024-02-23,-1.919075529400022e-06
2024-02-26,-4.1488655084962905e-05
2024-02-27,-0.00028924626324318593
2024-02-28,-2.424580112258559e-05
2024-02-29,-0.00012467471339497595
2024-03-01,-0.0004488996449380512
2024-03-04,-7.999256899514339e-05
2024-03-05,-0.0012819871324675324
2024-03-06,-0.00028517053552950535
2024-03-07,0.0005065196837083639
2024-03-08,-0.0014718411113715181
2024-03-11,-0.0001900341919013504
2024-03-12,0.001354633446306173
2024-03-13,-0.00018309728674389137
2024-03-14,-0.00018904306036421448
2024-03-15,-3.95288104813325e-05
2024-03-18,-0.00019522149038730602
2024-03-19,-0.000495709853388718
2024-03-20,2.697785240533292e-05
2024-03-21,-0.0001369815762990389
2024-03-22,0.000134581795095729
2024-03-25,0.000528214681309772
2024-03-26,0.000435107199985646
2024-03-27,-0.0033124402435422036
2024-03-28,5.6385927528812026e-05
2024-04-01,0.0006982366667913332
2024-04-02,0.003240925709786921
2024-04-03,-0.000700627431116424
2024-04-04,0.007166324618439655
2024-04-05,-0.006417173438982121
2024-04-08,-0.0003827572492894576
2024-04-09,-0.0007829099253461067
2024-04-10,0.00685865003065842
2024-04-11,-0.005396956428342921
2024-04-12,0.00888969346672754
2024-04-15,0.007380909718695883
2024-04-16,0.0009180103860673896
2024-04-17,0.0024234199886657955
2024-04-18,0.0002586044705744781
2024-04-19,-0.0005909073579243211
2024-04-22,0.0011992702134155494
2024-04-23,0.002821176079529287
2024-04-24,-0.00022717446144957437
2024-04-25,-0.0011533161427522511
2024-04-26,0.002736520764972583
2024-04-29,0.0011738038901269957
2024-04-30,-0.0054640721845618245
2024-05-01,-0.0009785379367656761
2024-05-02,0.003299210715361246
2024-05-03,0.005768465409750359
2024-05-06,0.005343088494264964
2024-05-07,0.0003535947871110988
2024-05-08,-2.9172423291396276e-05
2024-05-09,0.0021724226451588836
2024-05-10,0.0005202822821838396
2024-05-13,-4.406226948028516e-05
2024-05-14,0.0013195296283601656
2024-05-15,0.0033766181305553973
2024-05-16,-0.00046755675814587686
2024-05-17,8.573250526843085e-05
2024-05-20,-0.0001432242594455111
2024-05-21,0.00016613976486728007
2024-05-22,-0.0006989655692307407
2024-05-23,-0.0019037174713783939
2024-05-24,0.0018958146770050015
2024-05-28,0.0001481810611153183
2024-05-29,-0.004256390884142693
2024-05-30,-0.00423899327598392
2024-05-31,0.006107540421141649
2024-06-03,0.0005464835875829996
2024-06-04,0.0007789790048530955
2024-06-05,0.009149950083137785
2024-06-06,-2.4276819933566046e-05
2024-06-07,-0.000958267314510104
2024-06-10,0.002303051652743116
2024-06-11,0.0019051896874800213
2024-06-12,0.006652693165193627
2024-06-13,0.0016340950375186357
2024-06-14,0.00048406159343516785
2024-06-17,0.006304684130785075
2024-06-18,0.001978989940434922
2024-06-20,-0.002360562874339
2024-06-21,-0.0011228068583812052
2024-06-24,-0.002605214363061665
2024-06-25,0.003086204600449572
2024-06-26,0.0010101877159085092
2024-06-27,0.0012921377776493174
2024-06-28,-0.003325686589787028
2024-07-01,0.0017403983986386765
2024-07-02,0.005543670820162688
2024-07-03,0.003695806597385705
2024-07-05,0.0048465235994990695
2024-07-08,0.0008786424943307135
2024-07-09,0.0005923786142302481
2024-07-10,0.006816516737070717
2024-07-11,-0.005547634184036633
2024-07-12,0.003491846494762696
2024-07-15,0.0015516227498921786
2024-07-16,0.002991738210105719
2024-07-17,-0.006683641881705556
2024-07-18,-0.0031253408850889374
2024-07-19,-0.0027549779261451302
2024-07-22,0.0041738294602335566
2024-07-23,-0.0009092640643758134
2024-07-24,-0.013727632985881377
2024-07-25,-0.0033359297634664178
2024-07-26,0.007714748128649002
2024-07-29,0.0003835859053406819
2024-07-30,-0.0038269406303423946
2024-07-31,0.01248459135208372
2024-08-01,-0.01107088658503946
2024-08-02,-0.014484192675217484
2024-08-05,-0.022473778876719443
2024-08-06,0.007565238881981718
2024-08-07,-0.006079340443512777
2024-08-08,0.021223863577838824
2024-08-09,0.004056522556123288
2024-08-12,0.00048170075458298285
2024-08-13,0.014853861893706634
2024-08-14,0.002771721145916579
2024-08-15,0.014832056267596637
2024-08-16,0.0018645119910900836
2024-08-19,0.007813415963596167
2024-08-20,-0.0012997674201904537
2024-08-21,0.0024644899517546454
2024-08-22,-0.005727977691538474
2024-08-23,0.007686553539096513
2024-08-26,-0.0018072086894893656
2024-08-27,0.0010424257763751894
2024-08-28,-0.004437872371568617
2024-08-29,5.4817267158999215e-05
2024-08-30,0.007458738370353169
2024-09-03,-0.01567556435417674
2024-09-04,-0.0015405739891806065
2024-09-05,-0.002004846650075677
2024-09-06,-0.01263257470657906
2024-09-09,0.008729347064501
2024-09-10,0.0035501647184786028
2024-09-11,0.008665113910544829
2024-09-12,0.007203194886948476
2024-09-13,0.004490778490968138
2024-09-16,0.0012664046324969713
2024-09-17,0.00033934920177980366
2024-09-18,-0.002550326973161611
2024-09-19,0.014735243655392352
2024-09-20,-0.0015157772606705787
2024-09-23,0.0021993948221282877
2024-09-24,0.0024574911296400136
2024-09-25,-0.001893430962500404
2024-09-26,0.0029366368965046538
2024-09-27,-0.001203154151922611
2024-09-30,0.003265249270689204
2024-10-01,-0.0070137749515788925
2024-10-02,0.00031671928318048495
2024-10-03,-0.0014760990511976694
2024-10-04,0.006291562173844698
2024-10-07,-0.00593302187208016
2024-10-08,0.005960453600459556
2024-10-09,0.004228101034438035
2024-10-10,-0.0012803431422609855
2024-10-11,0.004198762996901032
2024-10-14,0.005708608296288236
2024-10-15,-0.005794630362110896
2024-10-16,0.0028154766788324468
2024-10-17,2.3411366946994217e-05
2024-10-18,0.0027951254919802056
2024-10-21,-0.001191338134155994
2024-10-22,-0.0004047827798815319
2024-10-23,-0.0061423849871294605
2024-10-24,0.0014838270027046317
2024-10-25,-0.00028255444316921966
2024-10-28,0.0022163009649156535
2024-10-29,0.0011771955430186461
2024-10-30,-0.0022259278481688966
2024-10-31,-0.01384857014664409
2024-11-01,0.002747141772647377
2024-11-04,-0.001749886572229252
2024-11-05,0.009742567526657312
2024-11-06,0.020973204363990996
2024-11-07,0.006596631699981798
2024-11-08,0.0038550802225182
2024-11-11,0.0008062113320883255
2024-11-12,-0.002713725479398814
2024-11-13,0.00040840647701233804
2024-11-14,-0.005800881166845154
2024-11-15,-0.011382086422026087
2024-11-18,0.0035768815841173305
2024-11-19,0.0032691632342886734
2024-11-20,0.00029518735730819066
2024-11-21,0.004583584741212756
2024-11-22,0.0025645296899773906
2024-11-25,0.002758597811080696
2024-11-26,0.0038748239981426648
2024-11-27,-0.0023904784644293575
2024-11-29,0.004573515052716712
2024-12-02,0.0013183373292920547
2024-12-03,0.00027162589913113077
2024-12-04,0.0036397151592237552
2024-12-05,-0.0010116508552992036
2024-12-06,0.0011681407888930447
2024-12-09,-0.003165720980174418
2024-12-10,-0.0017816275222556806
2024-12-11,0.004273972951186631
2024-12-12,-0.002911823478765009
2024-12-13,-0.00016759991445990094
2024-12-16,0.0019504337437634212
2024-12-17,-0.0016914626335705065
2024-12-18,-0.011599353222680906
2024-12-19,-0.00015850701217006065
2024-12-20,0.0072446431327923
2024-12-23,0.003818932944305202
2024-12-24,0.007245524169940166
2024-12-26,7.672887346830824e-06
2024-12-27,-0.006068778454974285
2024-12-30,-0.004457857763682573
2024-12-31,-0.001589730790207943
2025-01-02,-0.0013288805618149706
2025-01-03,0.006446136250735511
2025-01-06,0.003263446949754485
2025-01-07,-0.005877491454909851
2025-01-08,0.0005771041101467707
2025-01-10,-0.00699765739992238
2025-01-13,0.000726593227359435
2025-01-14,0.0007129939371917498
2025-01-15,0.011277348195241788
2025-01-16,-0.0011775117012308306
2025-01-17,0.005279251084557373
2025-01-21,0.00437524654247497
2025-01-22,0.0019334170984603577
2025-01-23,0.0014646358031261356
2025-01-24,-0.0001405419808916201
2025-01-27,0.0026335560804497367
2025-01-28,-0.0013747553011062698
2025-01-29,6.847667575222361e-05
2025-01-30,0.0004140026541944249
2025-01-31,-0.00045575937908727207
2025-02-03,-0.00025003298692681454
2025-02-04,6.0845113334980694e-05
2025-02-05,7.069590172003524e-05
2025-02-06,-0.0003664210040240138
2025-02-07,0.000952534537049064
2025-02-10,-0.0010888519941142192
2025-02-11,-0.00033864257491634717
2025-02-12,0.0011241614728663273
2025-02-13,-0.0051845974855442775
2025-02-14,-1.346552347717836e-05
2025-02-18,-0.0014914678625713618
2025-02-19,-0.001186780322200012
2025-02-20,0.002134209814753733
2025-02-21,0.008974192187087573
2025-02-24,0.001915322588260047
2025-02-25,0.0018502184737881294
2025-02-26,-0.00024373486325079366
2025-02-27,0.0033852359004813335
2025-02-28,-0.0041835455613932265
2025-03-03,0.00501854989267793
2025-03-04,0.004325405674823765
2025-03-05,-0.0032144977995304854
2025-03-06,0.005032823673334306
2025-03-07,-0.0023148934684913856
2025-03-10,0.00855598569274614
2025-03-11,0.00189601752749258
2025-03-12,-0.0016083187172592117
2025-03-13,0.0047933378523091616
2025-03-14,-0.008992426831457357
2025-03-17,-0.003268378912732615
2025-03-18,0.0052570172522298335
2025-03-19,-0.006007801446596574
2025-03-20,0.0016036508783235138
2025-03-21,-0.0002508629713710732
2025-03-24,-0.011607944209283495
2025-03-25,-0.0015308822966199128
2025-03-26,0.0083206795471083
2025-03-27,0.0019206659632924632
2025-03-28,0.014032771912155066
2025-03-31,-0.0051195568174735836
2025-04-01,-0.0022105488257500665
2025-04-02,-0.004673305652255105
2025-04-03,0.0365715675679515
2025-04-04,0.04670016630753199
2025-04-07,0.0012764377136456702
2025-04-08,0.010103894178219767
2025-04-09,-0.04111955998434198
2025-04-10,-0.014080183917371217
2025-04-11,-0.0005500337682527881
2025-04-14,0.003102388117957696
2025-04-15,-0.0006630494535149377
2025-04-16,-0.010440960356966872
2025-04-17,0.0007686907167492227
2025-04-21,-0.02228164801936931
2025-04-22,0.024219084305007417
2025-04-23,0.014729109867133605
2025-04-24,0.020150355913490396
2025-04-25,0.006934707779105967
2025-04-28,0.0003641502904448418
2025-04-29,0.006040222152131973
2025-04-30,0.00037984541151835424
2025-05-01,0.006790245391227407
2025-05-02,0.01428519791798696
2025-05-05,-0.005537188452984853
2025-05-06,-0.00806267422381282
2025-05-07,0.0040134792357360526
2025-05-08,0.006522286857413565
2025-05-09,-0.00119393813437799
2025-05-12,0.03082818877764928
2025-05-13,0.005380978094523429
2025-05-14,0.0009183596252201938
2025-05-15,0.0026318410519110195
2025-05-16,0.003915902820366432
2025-05-19,0.0006023583200075103
2025-05-20,-0.001843554049862167
2025-05-21,-0.006407875503677441
2025-05-22,-7.176181817005371e-05
2025-05-23,-0.0025776413147055852
2025-05-27,0.010662497291532956
2025-05-28,-0.003515301873965845
2025-05-29,0.002579352815304175
2025-05-30,-0.0008323454396117521
2025-06-02,0.004032458665413351
2025-06-03,0.004443126054580254
2025-06-04,-0.00023286484103981873
2025-06-05,-0.0037163445363012715
2025-06-06,0.007803695578520972
2025-06-09,0.0006844943344450014
2025-06-10,0.004284523892590944
2025-06-11,-0.002207537059608067
2025-06-12,0.0032429877769215285
2025-06-13,-0.008478732806406581
2025-06-16,0.00742191417694708
2025-06-17,-0.007081706395611094
2025-06-18,-0.00013216649645081044
2025-06-20,-0.0020744574875363156
2025-06-23,0.008755839982499092
2025-06-24,0.00989266087516734
2025-06-25,0.0004538497587341935
2025-06-26,0.006751957648257968
2025-06-27,0.00417175841674461
2025-06-30,0.0036967737189743874
2025-07-01,-0.0002742725596198257
2025-07-02,0.0035977775051618957
2025-07-03,0.0058316093441088
2025-07-07,-0.005029058529664367
2025-07-08,-0.00037729109908530645
2025-07-09,0.003909828040512132
2025-07-10,0.0019140246803746061
2025-07-11,-0.0024401843373785814
2025-07-14,0.0013597463063227183
2025-07-15,-0.0026762595832939312
2025-07-16,0.0016186277281247505
2025-07-17,0.004552889361443056
2025-07-18,-0.0005822427254073405
2025-07-21,0.001480881341682217
2025-07-22,-0.00010740533482610423
2025-07-23,0.005834350515466532
2025-07-24,0.0001274959934318998
2025-07-25,0.0023120220575931017
2025-07-28,-0.00020442360757012273
2025-07-29,-0.00124731423884364
2025-07-30,-0.0005924854131754801
2025-07-31,-0.0019324760444490493
2025-08-01,-0.007759832572473933
2025-08-04,0.008180326384986829
2025-08-05,-0.003021403211641387
2025-08-06,0.004426626034690981
2025-08-07,-0.000504769430543257
2025-08-08,0.005287060034969233
2025-08-11,-0.0014965765132818718
2025-08-12,0.008145532173747897
2025-08-13,0.0019047168226626041
2025-08-14,4.468904707998235e-05
2025-08-15,-0.001323846815454912
2025-08-18,-0.00013503690296021116
2025-08-19,-0.0027511076548346015
2025-08-20,-0.0016852529953938799
2025-08-21,-0.0022858563644968413
2025-08-22,0.008817709733608693
2025-08-25,-0.002378457714175629
2025-08-26,0.0024338789295565103
2025-08-27,0.001031083899696786
2025-08-28,0.001511665753862531
2025-08-29,-0.00225084029695736
2025-09-02,-0.0034613848281152197
2025-09-03,0.0017499959435930453
2025-09-04,0.0030428466135731034
2025-09-05,-0.0008117294650986058
2025-09-08,0.00045371860650322355
2025-09-09,0.00014790768811961868
2025-09-10,-0.00024641870440998676
2025-09-11,-0.0009803744614981444
2025-09-12,-4.5224848271612376e-05
2025-09-15,-0.0016236724328601419
2025-09-16,0.00041694425029608956
2025-09-17,0.0004185474069742091
2025-09-18,-0.0016899517778613286
2025-09-19,-0.0020597054688059656
2025-09-22,-0.00180806829788756
2025-09-23,0.0019230474737762405
2025-09-24,0.0007617672600298931
2025-09-25,0.0016275361790408082
2025-09-26,-0.00183592703583606
2025-09-29,-0.0008525734257240389
2025-09-30,-0.0010001895315398252
2025-10-01,-0.0011716260236741352
2025-10-02,-0.00036852481784012116
2025-10-03,-7.731125997882085e-05
2025-10-06,-0.0016321556581213557
2025-10-07,0.0015383521970662778
2025-10-08,-0.003496713633495641
2025-10-09,0.0017593414752868999
2025-10-10,0.01846886799349335
2025-10-13,-0.01117819318873259
2025-10-14,0.0003184836729601423
2025-10-15,-0.002400363560718167
2025-10-16,0.0030547842414001313
2025-10-17,-0.0026163363279741694
2025-10-20,-0.0030286933076481564
2025-10-21,-6.831779888672988e-06
2025-10-22,0.0015105486394764644
2025-10-23,-0.0021794774751337613
2025-10-24,-0.002493944932220471
2025-10-27,-0.0037492630024235766
2025-10-28,-0.0012264577439640289
2025-10-29,-0.0002982687382531766
2025-10-30,0.005433342598155293
2025-10-31,-0.0014555451091212673
2025-11-03,-0.0007840215516771092
2025-11-04,0.0047252763440476875
2025-11-05,-0.0016456377338675038
2025-11-06,0.005043949342545046
2025-11-07,-0.00047909047153563475
2025-11-10,-0.0068264413349850275
2025-11-11,-0.0008619620150680057
2025-11-12,-0.0004208644736935387
2025-11-13,0.00811992196003749
2025-11-14,5.960081306320442e-05
2025-11-17,0.003949807939278872
2025-11-18,0.0028544782713107765
2025-11-19,-0.0013114574098269933
2025-11-20,0.004831430078808423
2025-11-21,-0.003307835251887044
2025-11-24,-0.0033055425411836446
2025-11-25,-0.001326457392737284
2025-11-26,-0.0006496616895803477
2025-11-28,-0.0009570207809622053
2025-12-01,0.0010906461002783176
2025-12-02,-0.0006576914411484031
2025-12-03,-0.001002550955042177
2025-12-04,-0.00020358792136537178
2025-12-05,-0.0005195960501934743
2025-12-08,0.0010218302397117045
2025-12-09,0.0003162563819338858
2025-12-10,-0.0024870484944107046
2025-12-11,-0.0007159849896359112
2025-12-12,0.002982753901926557
2025-12-15,0.0004630762896852456
2025-12-16,0.0006850716941564218
2025-12-17,0.003393005284098537
2025-12-18,-0.0022751033461388013
2025-12-19,-0.0032713415961880144
2025-12-22,-0.0024349949182636173
2025-12-23,-0.0020669434543745123
2025-12-24,-0.0020094596071162656
2025-12-26,-3.3769157801754893e-05
2025-12-29,0.0023542040372054856
2025-12-30,0.0007823194689079116
2025-12-31,0.00472129167322986
2026-01-02,-0.001279158306614309
2026-01-05,-0.0044451900306109755
2026-01-06,-0.0037743364747972507
2026-01-07,0.0020845977604493976
2026-01-08,5.9659462577578854e-05
2026-01-09,-0.004349726235636621
2026-01-12,-0.0010149316192364774
2026-01-13,0.0013057816607414203
2026-01-14,0.003669019573459213
2026-01-15,-0.002101397158483481
2026-01-16,0.0006385774463085793
2026-01-20,0.01670908165119144
2026-01-21,-0.009647379447061394
2026-01-22,-0.004012529783372218
2026-01-23,-0.00032126232623220596
2026-01-26,-0.004247483957864298
2026-01-27,-0.003417299705362667
2026-01-28,6.762054420410499e-05
2026-01-29,0.0015915792583495777
2026-01-30,0.002458052986095531
2026-02-02,-0.004069265694175671
2026-02-03,0.0061912423573399775
2026-02-04,0.0034748682474185486
2026-02-05,0.00895891104328231
2026-02-06,-0.014636593301830253
2026-02-09,-0.003587991385770294
2026-02-10,0.0015226245154978514
2026-02-11,0.0001359464029677794
2026-02-12,0.010058884807527873
2026-02-13,-0.0004612777471956344
2026-02-17,-0.0010097082224953839
2026-02-18,-0.0029677355093082496
2026-02-19,0.0015592773885881022
2026-02-20,-0.0038262032329818363
2026-02-23,0.005426324623782072
2026-02-24,-0.004081784983835225
2026-02-25,-0.004332581817606694
2026-02-26,0.0026525729629179027
2026-02-27,0.002469119627389534
2026-03-02,-0.0003725880256138785
2026-03-03,0.005485900046096813
2026-03-04,-0.00441866961811151
2026-03-05,0.003118919100796375
2026-03-06,0.007330355311729153
2026-03-09,-0.005443097168581799
2026-03-10,0.0009009458360691849
2026-03-11,0.000542855807310941
2026-03-12,0.008549724122009715
2026-03-13,0.002803604015823644
2026-03-16,-0.0048026576542350334
2026-03-17,-0.0010034439755054626
2026-03-18,0.0036811658695078534
2026-03-19,0.0008044532343194496
2026-03-20,0.0007163206893552764
2026-03-23,0.002067575609948923
2026-03-24,-0.002504319809102977
2026-03-25,0.004382782738659901
2026-03-26,-0.01501651408867387
2026-03-27,-0.015234900957539304
2026-03-30,-0.0030926723189376726
2026-03-31,0.02743889444936586
2026-04-01,0.007156751409559525
2026-04-02,0.0008554778343929148
2026-04-06,0.004437638493194033
2026-04-07,0.00041044889865487913
2026-04-08,0.024129954612074574
2026-04-09,0.005431570226956083
2026-04-10,-0.000624009978235842
2026-04-13,0.009060629909820699
2026-04-14,0.01141223975214872
2026-04-15,0.007351415173696257
2026-04-16,0.0022536382021099664
2026-04-17,0.011062348248607433
2026-04-20,-0.001861775119316799
2026-04-21,-0.0060022232149285195
2026-04-22,0.008922385171332578
2026-04-23,-0.003194003441535802
2026-04-24,0.006546991827801984
2026-04-27,0.0015012309699758027
2026-04-28,-0.004283139569282022
2026-04-29,-0.00016364157035256242
2026-04-30,0.008236222062340186
2026-05-01,0.002412195374926003
2026-05-04,-0.0033138015483066743
2026-05-05,0.007097278379082533
2026-05-06,0.012356906366894396
2026-05-07,-0.0027002216740548
2026-05-08,0.0072597582029209394
2026-05-11,0.002036755059690745
2026-05-12,-0.0013767684893215887
2026-05-13,0.004998366046757403
2026-05-14,0.006337552050127418
2026-05-15,-0.010104313230129289
2026-05-18,-0.0006067466010251832
2026-05-19,-0.005828168923526088
2026-05-20,0.009013711833380149
2026-05-21,0.0017363886418379198
2026-05-22,0.0034112096075387083
2026-05-26,0.005226301056300808
2026-05-27,-0.00013977610605989525
2026-05-28,0.003979360708999517
2026-05-29,0.0014721016772821767
2026-06-01,0.0013920986772111513
2026-06-02,0.0005828091166240941
2026-06-03,-0.003940766158739932
2026-06-04,0.001946351757294182
2026-06-05,-0.014116860582817877
2026-06-08,0.001186799947264869
2026-06-09,-0.0022510339573700126
2026-06-10,-0.013574862343633592
2026-06-11,0.014080013685295828
2026-06-12,0.004551341853722963
2026-06-15,0.015035028587480632
2026-06-16,-0.0050639391825241615
2026-06-17,-0.01060684460168889
2026-06-18,0.0083829918731284
2026-06-22,-0.0026752436049264808
2026-06-23,-0.011657209525992196
2026-06-24,-0.0004101719987579784
2026-06-25,0.001056738150061639
2026-06-26,-0.005807007803958994
2026-06-29,0.013419307527631853
2026-06-30,0.0059739208519581175
2026-07-01,-0.0010341614581214913
2026-07-02,-0.0009951295704271345
2026-07-06,0.006706932594404244
2026-07-07,-0.003932299065219528
2026-07-08,-0.0024692164144158404
2026-07-09,0.006752720100170405
2026-07-10,0.0034020213141818596
2026-07-13,-0.005837434873131479
2026-07-14,0.0027339066103616574
2026-07-15,0.002778021371645059
2026-07-16,-0.004288715809264619
2026-07-17,-0.008178862858337821
2026-07-20,-0.0013635668201623828
2026-07-21,0.0068552680086983704
2026-07-22,-0.0009765475631989134
2026-07-23,-0.010590070585152789
2026-07-24,0.0008696755219969282
2026-07-27,0.0001502319672731293
2026-07-28,0.0020469009762703735
2026-07-29,-0.013264328187226292
2026-07-30,0.014831059385172067
2026-07-31,0.006504977999936832
2026-08-03,0.013067716293882915
2026-08-04,0.01605050908424055
2026-08-05,-0.0018145592733119869
2026-08-06,-0.001439626888784708
2026-08-07,0.005416038177921364
2026-08-10,-0.0003021756477343262
2026-08-11,-0.0026208450623930917
2026-08-12,0.0018269939153749346
2026-08-13,0.005127772272110842
2026-08-14,-0.0014372577665808658
2026-08-17,-0.0032076342441401126
2026-08-18,-0.004030499985024175
2026-08-19,0.0010192713026699947
2026-08-20,-0.0041788322410687175
2026-08-21,0.002180813319396081
2026-08-24,-0.0017498135133986958
2026-08-25,0.0014613964232771538
2026-08-26,0.00010738392008211958
2026-08-27,0.003102190499925545
2026-08-28,-0.0010662916257427285
2026-08-31,-0.0004656536878759101
2026-09-01,-0.0
2026-09-02,0.0
2026-09-03,0.0
2026-09-04,-0.0
2026-09-08,-0.0
2026-09-09,-0.0
2026-09-10,-0.0
2026-09-11,0.0
2026-09-14,-0.0
2026-09-15,-0.0
2026-09-16,-0.0
2026-09-17,0.0
2026-09-18,0.0
2026-09-21,0.0
2026-09-22,-0.0
2026-09-23,-0.0
2026-09-24,-0.0
2026-09-25,0.0
