Price,sentiment,signal
2012-01-04,,0.0
2012-01-05,,0.0
2012-01-06,,0.0
2012-01-09,,0.0
2012-01-10,,0.0
2012-01-11,,0.0
2012-01-12,,0.0
2012-01-13,,0.0
2012-01-17,,0.0
2012-01-18,,0.0
2012-01-19,,0.0
2012-01-20,,0.0
2012-01-23,,0.0
2012-01-24,,0.0
2012-01-25,,0.0
2012-01-26,,0.0
2012-01-27,,0.0
2012-01-30,,0.0
2012-01-31,,0.0
2012-02-01,,0.0
2012-02-02,-0.044920568793718536,0.0
2012-02-03,-0.06185190030718283,0.0
2012-02-06,-0.05672047009827569,0.0
2012-02-07,-0.10553610746969248,-1.0
2012-02-08,-0.15385317695527187,-1.0
2012-02-09,-0.14594302901608577,-1.0
2012-02-10,-0.16727983596472437,-1.0
2012-02-13,-0.1950462017018913,-1.0
2012-02-14,-0.22630629025844254,-1.0
2012-02-15,-0.2223542107620366,-1.0
2012-02-16,-0.24810898581325547,-1.0
2012-02-17,-0.19580000677446327,-1.0
2012-02-21,-0.18556264824997948,-1.0
2012-02-22,-0.2152707686527165,-1.0
2012-02-23,-0.15242430980676622,-1.0
2012-02-24,-0.14065942945098986,-1.0
2012-02-27,-0.12253379962379396,-1.0
2012-02-28,-0.1445898244362276,-1.0
2012-02-29,-0.18255986386183956,-1.0
2012-03-01,-0.15698121987096894,-1.0
2012-03-02,-0.10675909751824339,-1.0
2012-03-05,-0.1374983023488432,-1.0
2012-03-06,-0.13523253804762597,-1.0
2012-03-07,-0.14412811411809828,-1.0
2012-03-08,-0.14555260791089758,-1.0
2012-03-09,-0.1497683213401588,-1.0
2012-03-12,-0.16267114799343052,-1.0
2012-03-13,-0.1108685044751049,-1.0
2012-03-14,-0.11140032234591976,-1.0
2012-03-15,-0.13837306728020343,-1.0
2012-03-16,-0.12375006127203031,-1.0
2012-03-19,-0.11874450529857576,-1.0
2012-03-20,-0.17763793601626707,-1.0
2012-03-21,-0.16330334427987786,-1.0
2012-03-22,-0.11473001495176295,-1.0
2012-03-23,-0.1121833595075037,-1.0
2012-03-26,-0.10320418145034493,-1.0
2012-03-27,-0.11544799330989322,-1.0
2012-03-28,-0.061339833063953214,0.0
2012-03-29,-0.006562781992421169,0.0
2012-03-30,-0.022665801687916935,0.0
2012-04-02,-0.044608286610334766,0.0
2012-04-03,-0.0747649874018838,0.0
2012-04-04,-0.10023230535914972,-1.0
2012-04-05,-0.07404864492334794,0.0
2012-04-09,-0.007114791321967533,0.0
2012-04-10,0.007961224754197872,0.0
2012-04-11,0.042356809072850166,0.0
2012-04-12,0.025345274509903926,0.0
2012-04-13,0.0014773748653140717,0.0
2012-04-16,0.05200484739603585,0.0
2012-04-17,0.08062675941517486,0.0
2012-04-18,0.08874423020397608,0.0
2012-04-19,0.14139030852451082,1.0
2012-04-20,0.06535701850893953,0.0
2012-04-23,0.06032098035077707,0.0
2012-04-24,0.04026047989301845,0.0
2012-04-25,0.05321221942350706,0.0
2012-04-26,0.0628759382090155,0.0
2012-04-27,0.00789048967664895,0.0
2012-04-30,-0.02040767500379053,0.0
2012-05-01,-0.0004373427932768371,0.0
2012-05-02,0.039083068478769724,0.0
2012-05-03,0.05286478102030963,0.0
2012-05-04,0.061906409705225096,0.0
2012-05-07,0.030572908922548686,0.0
2012-05-08,0.020174216974854456,0.0
2012-05-09,0.029776984665022058,0.0
2012-05-10,-0.006747836071859226,0.0
2012-05-11,-0.003168240833801007,0.0
2012-05-14,0.014354354600925445,0.0
2012-05-15,0.02837740792866281,0.0
2012-05-16,-0.025425210058727974,0.0
2012-05-17,-0.03271496156935727,0.0
2012-05-18,-0.07935631708064075,0.0
2012-05-21,-0.05200971407934799,0.0
2012-05-22,-0.06440216020964232,0.0
2012-05-23,-0.06019423676510674,0.0
2012-05-24,-0.052972127653240796,0.0
2012-05-25,-0.060760713779249034,0.0
2012-05-29,-0.04741959426138002,0.0
2012-05-30,-0.0524843342141403,0.0
2012-05-31,-0.06947506959687584,0.0
2012-06-01,-0.12347031661994722,-1.0
2012-06-04,-0.11519063962849295,-1.0
2012-06-05,-0.08640844579328842,0.0
2012-06-06,-0.029426362634987855,0.0
2012-06-07,-0.04636286515487158,0.0
2012-06-08,-0.04758674887051751,0.0
2012-06-11,-0.036385027658005935,0.0
2012-06-12,-0.09381190489126225,0.0
2012-06-13,-0.09640104850305743,0.0
2012-06-14,-0.11745416399541257,-1.0
2012-06-15,-0.04197818009565814,0.0
2012-06-18,-0.03809571480007289,0.0
2012-06-19,-0.021151726697920058,0.0
2012-06-20,0.012921250777164526,0.0
2012-06-21,-0.02195844267983971,0.0
2012-06-22,-0.001306434027362413,0.0
2012-06-25,0.016039808115888822,0.0
2012-06-26,0.04015494598854018,0.0
2012-06-27,0.052233362466985775,0.0
2012-06-28,0.09565008461534566,0.0
2012-06-29,0.07129182985121307,0.0
2012-07-02,0.10477724624580015,1.0
2012-07-03,0.160351113607013,1.0
2012-07-05,0.12801090366698623,1.0
2012-07-06,0.07010783286324576,0.0
2012-07-09,0.06780603584884083,0.0
2012-07-10,0.04927689129296024,0.0
2012-07-11,0.013653723051614112,0.0
2012-07-12,0.06090753029282901,0.0
2012-07-13,0.03621078233179577,0.0
2012-07-16,0.046067990930146664,0.0
2012-07-17,-0.034463606825382805,0.0
2012-07-18,0.007056047008049638,0.0
2012-07-19,-0.019012305563619467,0.0
2012-07-20,-0.025851861153077096,0.0
2012-07-23,0.02120982563879772,0.0
2012-07-24,-0.0353104068306881,0.0
2012-07-25,-0.04762181534789728,0.0
2012-07-26,-0.035039119961792174,0.0
2012-07-27,-0.05140362705500798,0.0
2012-07-30,-0.08020320967677391,0.0
2012-07-31,-0.040902808860199424,0.0
2012-08-01,-0.036619912721753044,0.0
2012-08-02,-0.11790081896107278,-1.0
2012-08-03,-0.12576623856666502,-1.0
2012-08-06,-0.09995535227469383,0.0
2012-08-07,-0.0949384932186209,0.0
2012-08-08,-0.07662135242090003,0.0
2012-08-09,-0.03126062814062966,0.0
2012-08-10,-0.048996870091779166,0.0
2012-08-13,-0.01818902676299635,0.0
2012-08-14,-0.02261212729010765,0.0
2012-08-15,-0.01786524642979794,0.0
2012-08-16,-0.010554530713190735,0.0
2012-08-17,0.019417797865724742,0.0
2012-08-20,-0.001187762589224142,0.0
2012-08-21,-0.004696329558532089,0.0
2012-08-22,0.001552092287645315,0.0
2012-08-23,0.014936887133160211,0.0
2012-08-24,0.01120087701262053,0.0
2012-08-27,0.02964926637014443,0.0
2012-08-28,0.04787428938355449,0.0
2012-08-29,0.05123758959543931,0.0
2012-08-30,0.052135121726329184,0.0
2012-08-31,0.1260393011595073,1.0
2012-09-04,0.1510459772488594,1.0
2012-09-05,0.12121064563463145,1.0
2012-09-06,0.09334510207617017,0.0
2012-09-07,0.06800897443819741,0.0
2012-09-10,0.0580575144250495,0.0
2012-09-11,0.0824056529466126,0.0
2012-09-12,0.08360986193346082,0.0
2012-09-13,0.09638269166022552,0.0
2012-09-14,0.1136279250261992,1.0
2012-09-17,0.10401645560911146,1.0
2012-09-18,0.08664965010556959,0.0
2012-09-19,0.1780228045054163,1.0
2012-09-20,0.17721650408696582,1.0
2012-09-21,0.17999219732503652,1.0
2012-09-24,0.13680450463018407,1.0
2012-09-25,0.12084653435701956,1.0
2012-09-26,0.13477470997468236,1.0
2012-09-27,0.12883885839226017,1.0
2012-09-28,0.13018234063183415,1.0
2012-10-01,0.10923121296098633,1.0
2012-10-02,0.04446948006304382,0.0
2012-10-03,0.014403377339448652,0.0
2012-10-04,0.021705397366421762,0.0
2012-10-05,0.06302071053147791,0.0
2012-10-08,0.08722528619376424,0.0
2012-10-09,0.05924005062646701,0.0
2012-10-10,0.05483896716991583,0.0
2012-10-11,0.057018647522364456,0.0
2012-10-12,0.016047056711968034,0.0
2012-10-15,0.0192724412851307,0.0
2012-10-16,-0.013932174569301379,0.0
2012-10-17,-0.0348205837768839,0.0
2012-10-18,-0.09080344530773166,0.0
2012-10-19,-0.09233945432091646,0.0
2012-10-22,-0.04662478625148391,0.0
2012-10-23,0.0037019586154051908,0.0
2012-10-24,-0.04068085408388464,0.0
2012-10-25,-0.05769973719815371,0.0
2012-10-26,-0.06243301126613324,0.0
2012-10-31,-0.061292736445864984,0.0
2012-11-01,-0.047326998560479915,0.0
2012-11-02,0.0643516480946936,0.0
2012-11-05,0.11361938562382883,1.0
2012-11-06,0.1503818537316346,1.0
2012-11-07,0.1522556988790782,1.0
2012-11-08,0.16220612533132303,1.0
2012-11-09,0.18357924510199827,1.0
2012-11-12,0.19686167031248897,1.0
2012-11-13,0.17017211190701656,1.0
2012-11-14,0.18503309128928333,1.0
2012-11-15,0.17009117297942755,1.0
2012-11-16,0.17051103190635972,1.0
2012-11-19,0.24910054229162826,1.0
2012-11-20,0.1989952809583898,1.0
2012-11-21,0.20227893249946144,1.0
2012-11-23,0.1405807125636542,1.0
2012-11-26,0.10522405209019203,1.0
2012-11-27,0.1633126549681896,1.0
2012-11-28,0.18674788808089668,1.0
2012-11-29,0.15009065112690478,1.0
2012-11-30,0.12130141811699346,1.0
2012-12-03,0.12518481349013738,1.0
2012-12-04,0.01669581474808968,0.0
2012-12-05,0.00814006624433962,0.0
2012-12-06,-0.01768572636218374,0.0
2012-12-07,-0.05546963680611596,0.0
2012-12-10,-0.01961223797593658,0.0
2012-12-11,0.0033595715153756332,0.0
2012-12-12,-0.06245588386036283,0.0
2012-12-13,-0.039436842504371426,0.0
2012-12-14,-0.04928612090788771,0.0
2012-12-17,-0.01722017522059117,0.0
2012-12-18,-0.03803111719436053,0.0
2012-12-19,-0.09553263478111836,0.0
2012-12-20,-0.03945223838497291,0.0
2012-12-21,-0.03560119803232271,0.0
2012-12-24,-0.026286794732499116,0.0
2012-12-26,-0.02321327272403942,0.0
2012-12-27,-0.06080500576871274,0.0
2012-12-28,-0.0780125805236284,0.0
2012-12-31,-0.010280022420309296,0.0
2013-01-02,0.016632675805473132,0.0
2013-01-03,-0.02929877554812804,0.0
2013-01-04,0.010333315701436165,0.0
2013-01-07,0.05586936290648897,0.0
2013-01-08,0.07923207938521948,0.0
2013-01-09,0.05868956564277597,0.0
2013-01-10,-0.003919582443972905,0.0
2013-01-11,0.011081931026773885,0.0
2013-01-14,0.04248054345811074,0.0
2013-01-15,0.04868939707287319,0.0
2013-01-16,0.08271098864955716,0.0
2013-01-17,0.04046516878734465,0.0
2013-01-18,0.05796045269511892,0.0
2013-01-22,-0.01643263954895805,0.0
2013-01-23,-0.05276225252352806,0.0
2013-01-24,-0.07910263119618913,0.0
2013-01-25,-0.07994462254538576,0.0
2013-01-28,-0.033060915603562516,0.0
2013-01-29,-0.05544234874267961,0.0
2013-01-30,-0.050336352989617264,0.0
2013-01-31,-0.08924947573856586,0.0
2013-02-01,-0.06502326954151447,0.0
2013-02-04,-0.06946625567952792,0.0
2013-02-05,-0.06397998921340928,0.0
2013-02-06,-0.11398342537058512,-1.0
2013-02-07,-0.1609748724688157,-1.0
2013-02-08,-0.11464976357940089,-1.0
2013-02-11,-0.09855098860031568,0.0
2013-02-12,-0.14235688397344456,-1.0
2013-02-13,-0.12419029076689835,-1.0
2013-02-14,-0.1436302276295719,-1.0
2013-02-15,-0.15897804207265562,-1.0
2013-02-19,-0.12201543823782816,-1.0
2013-02-20,-0.08349899834109827,0.0
2013-02-21,-0.03614843577677947,0.0
2013-02-22,0.03864788075194183,0.0
2013-02-25,-0.0021411669525557486,0.0
2013-02-26,0.023877253420244007,0.0
2013-02-27,-0.0009968104080381672,0.0
2013-02-28,0.039695326673333954,0.0
2013-03-01,0.035581927106462685,0.0
2013-03-04,0.027727076471301067,0.0
2013-03-05,-0.018123960500671343,0.0
2013-03-06,0.0022001122995814423,0.0
2013-03-07,-0.005129265538706479,0.0
2013-03-08,0.0032382915387568554,0.0
2013-03-11,0.0101585340784956,0.0
2013-03-12,0.020517080026992318,0.0
2013-03-13,0.023151380828101403,0.0
2013-03-14,0.056743270862859865,0.0
2013-03-15,0.0699132097717422,0.0
2013-03-18,0.059351221181599086,0.0
2013-03-19,0.04329080564943699,0.0
2013-03-20,0.045254220681072155,0.0
2013-03-21,0.022146549070946764,0.0
2013-03-22,0.05110292389406633,0.0
2013-03-25,0.0034459234024045203,0.0
2013-03-26,0.08040199640186485,0.0
2013-03-27,0.07009274828419323,0.0
2013-03-28,0.06906609747390173,0.0
2013-04-01,0.05770587447394203,0.0
2013-04-02,0.06700631396177588,0.0
2013-04-03,0.09762363704388514,0.0
2013-04-04,0.12836142233075298,1.0
2013-04-05,0.16087841668392,1.0
2013-04-08,0.1712288376254431,1.0
2013-04-09,0.16346976608133484,1.0
2013-04-10,0.1952613971967755,1.0
2013-04-11,0.16753634639432435,1.0
2013-04-12,0.16774898583760448,1.0
2013-04-15,0.1458280081070218,1.0
2013-04-16,0.1332079463101571,1.0
2013-04-17,0.16608088740788848,1.0
2013-04-18,0.15988031113736303,1.0
2013-04-19,0.19108104230344825,1.0
2013-04-22,0.1537813167382419,1.0
2013-04-23,0.12609466322554486,1.0
2013-04-24,0.15056622893129587,1.0
2013-04-25,0.13937188132677306,1.0
2013-04-26,0.16767902583845246,1.0
2013-04-29,0.16964234513049267,1.0
2013-04-30,0.17394405188173845,1.0
2013-05-01,0.15833970324698743,1.0
2013-05-02,0.13471029913367238,1.0
2013-05-03,0.09966630640405111,0.0
2013-05-06,0.10363595617104174,1.0
2013-05-07,0.0696165642620382,0.0
2013-05-08,0.04950971935300697,0.0
2013-05-09,0.025573145107564626,0.0
2013-05-10,0.042653287340719735,0.0
2013-05-13,0.02175224117176169,0.0
2013-05-14,0.005394614336439584,0.0
2013-05-15,0.009242000844607237,0.0
2013-05-16,0.001411291339359985,0.0
2013-05-17,0.009215016470899659,0.0
2013-05-20,-0.05172753309144335,0.0
2013-05-21,-0.022326838583827672,0.0
2013-05-22,-0.028054757978556544,0.0
2013-05-23,-0.0892699771358614,0.0
2013-05-24,-0.12500960224257077,-1.0
2013-05-28,-0.14488318885290374,-1.0
2013-05-29,-0.15239116441509074,-1.0
2013-05-30,-0.11775872793458092,-1.0
2013-05-31,-0.07650272756601634,0.0
2013-06-03,-0.08242278288283103,0.0
2013-06-04,-0.06721521693356976,0.0
2013-06-05,-0.11425367163854848,-1.0
2013-06-06,-0.11144942177171058,-1.0
2013-06-07,-0.09896478124966648,0.0
2013-06-10,-0.08390045482711023,0.0
2013-06-11,-0.11321146874364299,-1.0
2013-06-12,-0.08774979653058021,0.0
2013-06-13,-0.03214795179855833,0.0
2013-06-14,-0.04069015941841372,0.0
2013-06-17,-0.037013328852921266,0.0
2013-06-18,-0.008622203814099968,0.0
2013-06-19,-0.0073503006284052486,0.0
2013-06-20,-0.007717839813643214,0.0
2013-06-21,0.026664565630019413,0.0
2013-06-24,0.06215467710396642,0.0
2013-06-25,0.060756425284227734,0.0
2013-06-26,0.0666610486346066,0.0
2013-06-27,0.07118165762284148,0.0
2013-06-28,0.0709791395061047,0.0
2013-07-01,0.07359672531786476,0.0
2013-07-02,0.12831772246938564,1.0
2013-07-03,0.11109418390095123,1.0
2013-07-05,0.15531205066035256,1.0
2013-07-08,0.1601352871302742,1.0
2013-07-09,0.2172246950942487,1.0
2013-07-10,0.19179066968992697,1.0
2013-07-11,0.19172550203743782,1.0
2013-07-12,0.16609135828986687,1.0
2013-07-15,0.0806360842613547,0.0
2013-07-16,0.07094100585072306,0.0
2013-07-17,0.04332028531677839,0.0
2013-07-18,0.030478673951169096,0.0
2013-07-19,0.04849486994955815,0.0
2013-07-22,0.08792059564957236,0.0
2013-07-23,0.11043976898535021,1.0
2013-07-24,0.09491342022050422,0.0
2013-07-25,0.09208915321730954,0.0
2013-07-26,0.10291087232227504,1.0
2013-07-29,0.059800554207004385,0.0
2013-07-30,0.06857160190198178,0.0
2013-07-31,0.0737270783804205,0.0
2013-08-01,0.011459288168796676,0.0
2013-08-02,-0.011054188481482612,0.0
2013-08-05,0.00026770689898211394,0.0
2013-08-06,-0.007018155037710541,0.0
2013-08-07,-0.029956694778049766,0.0
2013-08-08,-0.04909382499124369,0.0
2013-08-09,-0.04373172856454707,0.0
2013-08-12,-0.02960351132647529,0.0
2013-08-13,0.02190946721335262,0.0
2013-08-14,0.023359375316228406,0.0
2013-08-15,0.05593161270793913,0.0
2013-08-16,0.02664290901479769,0.0
2013-08-19,0.014817070439142106,0.0
2013-08-20,-0.027310896851195695,0.0
2013-08-21,-0.03773029482754614,0.0
2013-08-22,-0.007026417356551101,0.0
2013-08-23,-0.012337395820086298,0.0
2013-08-26,-0.06057989027246447,0.0
2013-08-27,0.0011958463964319027,0.0
2013-08-28,-0.034602640594869866,0.0
2013-08-29,-0.08061176106160146,0.0
2013-08-30,-0.03286728657622445,0.0
2013-09-03,0.010685028760112899,0.0
2013-09-04,0.006582648569879996,0.0
2013-09-05,0.010998008614690195,0.0
2013-09-06,0.03085979038290334,0.0
2013-09-09,0.11052123891723774,1.0
2013-09-10,0.11904747823168839,1.0
2013-09-11,0.14183706455799405,1.0
2013-09-12,0.15597587756912493,1.0
2013-09-13,0.19824593914812205,1.0
2013-09-16,0.1619827455296016,1.0
2013-09-17,0.2027765856906619,1.0
2013-09-18,0.2304436907942801,1.0
2013-09-19,0.18801803126017094,1.0
2013-09-20,0.14879108344261152,1.0
2013-09-23,0.08412327091615177,0.0
2013-09-24,0.10405904826663998,1.0
2013-09-25,0.15674928522524753,1.0
2013-09-26,0.16189936461907692,1.0
2013-09-27,0.15590627833334136,1.0
2013-09-30,0.21074009863848323,1.0
2013-10-01,0.14326146974759932,1.0
2013-10-02,0.10034749684422029,1.0
2013-10-03,0.07104652315813688,0.0
2013-10-04,0.07840208242607084,0.0
2013-10-07,0.028264293736803045,0.0
2013-10-08,-0.06312187808669886,0.0
2013-10-09,-0.05944699474530306,0.0
2013-10-10,-0.11331039408903618,-1.0
2013-10-11,-0.11272642459508776,-1.0
2013-10-14,-0.13612429660385622,-1.0
2013-10-15,-0.1352985064411589,-1.0
2013-10-16,-0.16320705415010003,-1.0
2013-10-17,-0.21182669414255123,-1.0
2013-10-18,-0.17287968313788088,-1.0
2013-10-21,-0.1228056704543576,-1.0
2013-10-22,-0.09785417208837227,0.0
2013-10-23,-0.07930325215925223,0.0
2013-10-24,-0.10854114791305237,-1.0
2013-10-25,-0.16197840773594466,-1.0
2013-10-28,-0.16597707881064286,-1.0
2013-10-29,-0.2268331373567011,-1.0
2013-10-30,-0.20806142649245438,-1.0
2013-10-31,-0.1963929630886733,-1.0
2013-11-01,-0.14970975775555667,-1.0
2013-11-04,-0.15783436809910242,-1.0
2013-11-05,-0.17302273111343114,-1.0
2013-11-06,-0.11972805538631975,-1.0
2013-11-07,-0.12030329874425581,-1.0
2013-11-08,-0.09485729064610167,0.0
2013-11-11,-0.09632702007842368,0.0
2013-11-12,-0.08727243515327279,0.0
2013-11-13,-0.07772475629699281,0.0
2013-11-14,-0.0792695288000973,0.0
2013-11-15,-0.0608077720353919,0.0
2013-11-18,-0.1137843710369912,-1.0
2013-11-19,-0.17169078442157837,-1.0
2013-11-20,-0.11695985505042814,-1.0
2013-11-21,-0.09015276372347882,0.0
2013-11-22,-0.08352809829440748,0.0
2013-11-25,-0.051085184875586824,0.0
2013-11-26,-0.041102115007942495,0.0
2013-11-27,0.05673293454060706,0.0
2013-11-29,0.09628356346880168,0.0
2013-12-02,0.12139559292431662,1.0
2013-12-03,0.052336448187410504,0.0
2013-12-04,0.013228312958795587,0.0
2013-12-05,0.03466961425433735,0.0
2013-12-06,0.011672145727421009,0.0
2013-12-09,-0.019519992648923297,0.0
2013-12-10,-0.029727565554889954,0.0
2013-12-11,-0.07007628446287874,0.0
2013-12-12,-0.04823588392617269,0.0
2013-12-13,-0.014998771722872539,0.0
2013-12-16,-0.0017378233731811673,0.0
2013-12-17,0.04007274798724947,0.0
2013-12-18,0.09651086469551438,0.0
2013-12-19,0.11213868768825513,1.0
2013-12-20,0.11600110506251242,1.0
2013-12-23,0.09018333242369551,0.0
2013-12-24,0.0716392308751225,0.0
2013-12-26,0.05353869903273513,0.0
2013-12-27,0.02530302913729969,0.0
2013-12-30,-0.08069162469469181,0.0
2013-12-31,-0.08524987676642919,0.0
2014-01-02,-0.0369360046166123,0.0
2014-01-03,-0.047492180003696094,0.0
2014-01-06,0.004223031338010762,0.0
2014-01-07,-0.01616890729171249,0.0
2014-01-08,-0.009768831499441499,0.0
2014-01-09,0.010000611229639576,0.0
2014-01-10,0.004842593343150443,0.0
2014-01-13,0.03179150975340687,0.0
2014-01-14,-0.027935119538284807,0.0
2014-01-15,-0.0423128809115078,0.0
2014-01-16,-0.04323136663990169,0.0
2014-01-17,-0.08401450303115326,0.0
2014-01-21,-0.10739470250639097,-1.0
2014-01-22,-0.10102309387750373,-1.0
2014-01-23,-0.11958807944721708,-1.0
2014-01-24,-0.12104389061425225,-1.0
2014-01-27,-0.12006681467866487,-1.0
2014-01-28,-0.11379475004537618,-1.0
2014-01-29,-0.07570836974410408,0.0
2014-01-30,-0.0826373254239538,0.0
2014-01-31,-0.09188508812770901,0.0
2014-02-03,-0.15233315961683752,-1.0
2014-02-04,-0.10627788273454719,-1.0
2014-02-05,-0.13745489120680152,-1.0
2014-02-06,-0.16416928593543578,-1.0
2014-02-07,-0.19019838813099765,-1.0
2014-02-10,-0.17517951967378495,-1.0
2014-02-11,-0.14873451620025283,-1.0
2014-02-12,-0.17056676753019237,-1.0
2014-02-13,-0.1362411851603694,-1.0
2014-02-14,-0.1809000300889572,-1.0
2014-02-18,-0.1811884202460802,-1.0
2014-02-19,-0.20349885475281496,-1.0
2014-02-20,-0.1976422710016144,-1.0
2014-02-21,-0.18318241946823657,-1.0
2014-02-24,-0.21978137582578866,-1.0
2014-02-25,-0.239383578348011,-1.0
2014-02-26,-0.19403979488761436,-1.0
2014-02-27,-0.2090192379297101,-1.0
2014-02-28,-0.2069190613532627,-1.0
2014-03-03,-0.19441596951106302,-1.0
2014-03-04,-0.19438636756529204,-1.0
2014-03-05,-0.1454379520415921,-1.0
2014-03-06,-0.21527405384413245,-1.0
2014-03-07,-0.21579639147956264,-1.0
2014-03-10,-0.16121266866202041,-1.0
2014-03-11,-0.1283427784764022,-1.0
2014-03-12,-0.12126856022126711,-1.0
2014-03-13,-0.14201944475929873,-1.0
2014-03-14,-0.11920902033120302,-1.0
2014-03-17,-0.13800846283937862,-1.0
2014-03-18,-0.07165965191182208,0.0
2014-03-19,-0.06398671476427371,0.0
2014-03-20,-0.027179901278531808,0.0
2014-03-21,-0.021519660784217468,0.0
2014-03-24,-0.03432044984339692,0.0
2014-03-25,-0.024217674448435922,0.0
2014-03-26,-0.005889321032443246,0.0
2014-03-27,-0.039975534010750886,0.0
2014-03-28,-0.01940167543166854,0.0
2014-03-31,0.010207969288464335,0.0
2014-04-01,0.05784100566380505,0.0
2014-04-02,0.03756892916987579,0.0
2014-04-03,0.031779632895419005,0.0
2014-04-04,0.08051148633517138,0.0
2014-04-07,0.050766759560008215,0.0
2014-04-08,0.012996681961215686,0.0
2014-04-09,-0.026956825363715325,0.0
2014-04-10,-0.04423776184715375,0.0
2014-04-11,-0.02932515545991482,0.0
2014-04-14,0.008568837075525118,0.0
2014-04-15,0.019988417994248893,0.0
2014-04-16,-0.01283113108548664,0.0
2014-04-17,0.0010129796685845259,0.0
2014-04-21,-0.0594678608080677,0.0
2014-04-22,-0.04392260949283954,0.0
2014-04-23,-0.01387333380165391,0.0
2014-04-24,-0.038720858933644985,0.0
2014-04-25,-0.020784646014696904,0.0
2014-04-28,-0.002675519225784189,0.0
2014-04-29,-0.019497749040790678,0.0
2014-04-30,-0.05386981923151381,0.0
2014-05-01,-0.020705688096749903,0.0
2014-05-02,-0.008744889131464735,0.0
2014-05-05,-0.03152174949555935,0.0
2014-05-06,-0.03262748666975856,0.0
2014-05-07,-0.004219719055178421,0.0
2014-05-08,0.03961575877750643,0.0
2014-05-09,0.06405463042480174,0.0
2014-05-12,0.07448841296533282,0.0
2014-05-13,0.06286168511984984,0.0
2014-05-14,0.03444970497130038,0.0
2014-05-15,0.034660788775780056,0.0
2014-05-16,0.06428575476057168,0.0
2014-05-19,0.03206479120393389,0.0
2014-05-20,0.07788755736192854,0.0
2014-05-21,0.04903655894750773,0.0
2014-05-22,0.020170510524719996,0.0
2014-05-23,0.064416356653058,0.0
2014-05-27,0.05544085553398553,0.0
2014-05-28,0.025645148450617862,0.0
2014-05-29,0.05629413757057859,0.0
2014-05-30,0.0735328377247471,0.0
2014-06-02,0.029410223712702264,0.0
2014-06-03,0.06967258695423979,0.0
2014-06-04,0.045572061873222,0.0
2014-06-05,0.027053657381920997,0.0
2014-06-06,0.005108232906750632,0.0
2014-06-09,0.0210975020612932,0.0
2014-06-10,0.0570170996568503,0.0
2014-06-11,0.05379394682815146,0.0
2014-06-12,0.07164072051770003,0.0
2014-06-13,0.03350008031823198,0.0
2014-06-16,0.0835624280291673,0.0
2014-06-17,0.062168892555814516,0.0
2014-06-18,0.07710843312129696,0.0
2014-06-19,0.10075422099013187,1.0
2014-06-20,0.13503600392909101,1.0
2014-06-23,0.15054499120737194,1.0
2014-06-24,0.12313844366620519,1.0
2014-06-25,0.11624272208959253,1.0
2014-06-26,0.18134132245975254,1.0
2014-06-27,0.1921188734227499,1.0
2014-06-30,0.19754715791861868,1.0
2014-07-01,0.17631799200040807,1.0
2014-07-02,0.10953517692976733,1.0
2014-07-03,0.1247316541729835,1.0
2014-07-07,0.15498002562750654,1.0
2014-07-08,0.22081694663959697,1.0
2014-07-09,0.14733745061365133,1.0
2014-07-10,0.16750048533624678,1.0
2014-07-11,0.16517705320010037,1.0
2014-07-14,0.14886899557880412,1.0
2014-07-15,0.1516088268456383,1.0
2014-07-16,0.05510469386395922,0.0
2014-07-17,0.07154933214881132,0.0
2014-07-18,0.07054022148031262,0.0
2014-07-21,0.02257399859776572,0.0
2014-07-22,-0.01979695969572825,0.0
2014-07-23,-0.03300999173031043,0.0
2014-07-24,0.02551984477232094,0.0
2014-07-25,0.008146139447711382,0.0
2014-07-28,-0.07238059495523053,0.0
2014-07-29,-0.11001733663335536,-1.0
2014-07-30,-0.15403687167265911,-1.0
2014-07-31,-0.20471189910884882,-1.0
2014-08-01,-0.18359265221618012,-1.0
2014-08-04,-0.18632105964352136,-1.0
2014-08-05,-0.17181596706946597,-1.0
2014-08-06,-0.15442731563856263,-1.0
2014-08-07,-0.08824235461352277,0.0
2014-08-08,-0.13047135206626465,-1.0
2014-08-11,-0.15253227392799296,-1.0
2014-08-12,-0.082023842654471,0.0
2014-08-13,-0.05644762320141731,0.0
2014-08-14,-0.016621568144892337,0.0
2014-08-15,-0.03666079667184306,0.0
2014-08-18,-0.03344579583933189,0.0
2014-08-19,-0.0060320318499578335,0.0
2014-08-20,0.011290875720755402,0.0
2014-08-21,0.006290988568472561,0.0
2014-08-22,-0.034078481496364124,0.0
2014-08-25,-0.040756538897241186,0.0
2014-08-26,-0.021835379453004528,0.0
2014-08-27,-0.013342609942776938,0.0
2014-08-28,-0.012579352008976502,0.0
2014-08-29,0.08748900182525864,0.0
2014-09-02,0.026077752083362077,0.0
2014-09-03,0.057743512223511935,0.0
2014-09-04,0.07106414957329465,0.0
2014-09-05,-0.022105749935086867,0.0
2014-09-08,-0.0571284078795026,0.0
2014-09-09,-0.05957863700441719,0.0
2014-09-10,-0.06678729234540752,0.0
2014-09-11,-0.14586013975215423,-1.0
2014-09-12,-0.17330349698065,-1.0
2014-09-15,-0.13295557523995896,-1.0
2014-09-16,-0.11058213397355059,-1.0
2014-09-17,-0.0854330460648837,0.0
2014-09-18,-0.06500853519849428,0.0
2014-09-19,-0.07829088509035538,0.0
2014-09-22,-0.07800177318167685,0.0
2014-09-23,-0.06578154904407395,0.0
2014-09-24,-0.08215932071295193,0.0
2014-09-25,-0.04855321634582318,0.0
2014-09-26,-0.056891937831362975,0.0
2014-09-29,-0.05985364425089249,0.0
2014-09-30,-0.0789115889072027,0.0
2014-10-01,-0.005482358425670547,0.0
2014-10-02,-0.04010687019718322,0.0
2014-10-03,-0.042273948217072484,0.0
2014-10-06,-0.018845438125833676,0.0
2014-10-07,0.004152503134357331,0.0
2014-10-08,0.027055629776679652,0.0
2014-10-09,0.05286108546030354,0.0
2014-10-10,0.0786911630373116,0.0
2014-10-13,0.07516957030273816,0.0
2014-10-14,0.054976539727853296,0.0
2014-10-15,0.027988434328883528,0.0
2014-10-16,-0.014898480703795618,0.0
2014-10-17,-0.007078267830541616,0.0
2014-10-20,0.0033014748509804727,0.0
2014-10-21,-0.01735218234562581,0.0
2014-10-22,-0.06552631289312603,0.0
2014-10-23,-0.02147674242465214,0.0
2014-10-24,-0.06841219756986716,0.0
2014-10-27,-0.020725697316300043,0.0
2014-10-28,-0.060986732121587846,0.0
2014-10-29,-0.037115710458652376,0.0
2014-10-30,-0.04231492940477288,0.0
2014-10-31,-0.03569816074868746,0.0
2014-11-03,-0.07595742182046038,0.0
2014-11-04,-0.040455900364841375,0.0
2014-11-05,-0.055916182516230484,0.0
2014-11-06,-0.04364421858815208,0.0
2014-11-07,-0.033176610611279696,0.0
2014-11-10,-0.036777666067231984,0.0
2014-11-11,-0.015313249248628277,0.0
2014-11-12,-0.038100042791516166,0.0
2014-11-13,-0.026016423659514527,0.0
2014-11-14,-0.0541218169864024,0.0
2014-11-17,-0.1108762992098251,-1.0
2014-11-18,-0.07697679418396214,0.0
2014-11-19,-0.039758330348952355,0.0
2014-11-20,-0.007420317201751152,0.0
2014-11-21,-0.02167030402578862,0.0
2014-11-24,0.01686721258189191,0.0
2014-11-25,-0.03784589313428337,0.0
2014-11-26,-0.007015944664502157,0.0
2014-11-28,-0.04297665577890342,0.0
2014-12-01,-0.07145899464517758,0.0
2014-12-02,-0.059720497685617886,0.0
2014-12-03,-0.08725887717656146,0.0
2014-12-04,-0.07251842203741714,0.0
2014-12-05,-0.060562936339313186,0.0
2014-12-08,-0.08074173841251926,0.0
2014-12-09,-0.06048809198383044,0.0
2014-12-10,-0.02478680705223331,0.0
2014-12-11,0.007612570973689603,0.0
2014-12-12,-0.03522608183921125,0.0
2014-12-15,-0.07334568321644844,0.0
2014-12-16,-0.04767872663060901,0.0
2014-12-17,-0.014930284095967741,0.0
2014-12-18,-0.020038144882830213,0.0
2014-12-19,-0.04100028744024012,0.0
2014-12-22,-0.03177920888694817,0.0
2014-12-23,-0.04997293725201858,0.0
2014-12-24,-0.07266539049968733,0.0
2014-12-26,-0.09317395246605283,0.0
2014-12-29,-0.09666173325030798,0.0
2014-12-30,-0.1330754567231207,-1.0
2014-12-31,-0.13311510032974158,-1.0
2015-01-02,-0.11833266242879634,-1.0
2015-01-05,-0.10102474756745522,-1.0
2015-01-06,-0.06339321332530569,0.0
2015-01-07,-0.06292064671737682,0.0
2015-01-08,-0.06463083823362874,0.0
2015-01-09,-0.1078694543835724,-1.0
2015-01-12,-0.1302577335410543,-1.0
2015-01-13,-0.16701765216250572,-1.0
2015-01-14,-0.12125452594571268,-1.0
2015-01-15,-0.03014555466688399,0.0
2015-01-16,-0.017528998886742267,0.0
2015-01-20,0.009133424299980701,0.0
2015-01-21,-0.020004440202197816,0.0
2015-01-22,-0.003708025964560384,0.0
2015-01-23,0.03365502524748916,0.0
2015-01-26,0.03640970624410647,0.0
2015-01-27,0.09359964498563782,0.0
2015-01-28,0.14294122558356284,1.0
2015-01-29,0.15108754072474248,1.0
2015-01-30,0.19683047745239332,1.0
2015-02-02,0.24118627839116233,1.0
2015-02-03,0.23194980598100184,1.0
2015-02-04,0.21849563855585166,1.0
2015-02-05,0.14165989805253462,1.0
2015-02-06,0.12443949703769956,1.0
2015-02-09,0.11849812449098826,1.0
2015-02-10,0.15314520131439444,1.0
2015-02-11,0.14099064880492418,1.0
2015-02-12,0.12347596645131192,1.0
2015-02-13,0.13009042896240186,1.0
2015-02-17,0.08448675547447711,0.0
2015-02-18,0.1001336326797233,1.0
2015-02-19,0.0985752955243182,0.0
2015-02-20,0.13449145272181942,1.0
2015-02-23,0.14582441149110914,1.0
2015-02-24,0.10256483465366838,1.0
2015-02-25,0.07817735634092893,0.0
2015-02-26,0.04549122342233697,0.0
2015-02-27,0.033828478646102215,0.0
2015-03-02,0.05387385114943569,0.0
2015-03-03,0.008568496352261019,0.0
2015-03-04,-0.04044764718135568,0.0
2015-03-05,-0.03052049176200401,0.0
2015-03-06,0.005555405250171138,0.0
2015-03-09,0.038507501107144335,0.0
2015-03-10,0.0446748538188471,0.0
2015-03-11,0.0469083035334499,0.0
2015-03-12,0.0542428382976867,0.0
2015-03-13,0.03764410029015881,0.0
2015-03-16,0.07156600423215415,0.0
2015-03-17,0.0516071338048636,0.0
2015-03-18,0.026723126763945386,0.0
2015-03-19,0.006153995576429356,0.0
2015-03-20,-0.014286129559664906,0.0
2015-03-23,-0.04549159211002464,0.0
2015-03-24,-0.02679846471972814,0.0
2015-03-25,-0.04661883422823497,0.0
2015-03-26,-0.011830747024422933,0.0
2015-03-27,-0.032570242663798626,0.0
2015-03-30,-0.003217720724979631,0.0
2015-03-31,-0.004974835165640334,0.0
2015-04-01,0.050067867144098235,0.0
2015-04-02,0.040595192726248834,0.0
2015-04-06,0.021996146331175456,0.0
2015-04-07,0.04432905634803131,0.0
2015-04-08,0.030507767906415063,0.0
2015-04-09,0.05558026956696155,0.0
2015-04-10,0.04279474971394997,0.0
2015-04-13,0.05415970475222955,0.0
2015-04-14,0.12074210958275754,1.0
2015-04-15,0.10988871056861836,1.0
2015-04-16,0.10991720973645061,1.0
2015-04-17,0.15400168724481034,1.0
2015-04-20,0.19733587125796404,1.0
2015-04-21,0.18013572483485873,1.0
2015-04-22,0.18143982767012204,1.0
2015-04-23,0.14614847592791938,1.0
2015-04-24,0.13583929036263162,1.0
2015-04-27,0.11899048473874717,1.0
2015-04-28,0.10579648007121961,1.0
2015-04-29,0.053395927427266114,0.0
2015-04-30,0.047865359011786075,0.0
2015-05-01,0.02887343174259608,0.0
2015-05-04,0.10061603595927254,1.0
2015-05-05,0.07064150239133418,0.0
2015-05-06,0.07283315178072418,0.0
2015-05-07,0.06570817032239726,0.0
2015-05-08,0.03904131663212084,0.0
2015-05-11,0.067334902677246,0.0
2015-05-12,0.007139308174627875,0.0
2015-05-13,-0.0384317117388319,0.0
2015-05-14,-0.025872343163378254,0.0
2015-05-15,-0.0033389313115820664,0.0
2015-05-18,-0.030946274367234353,0.0
2015-05-19,-0.009981907310241447,0.0
2015-05-20,-0.0126691857909955,0.0
2015-05-21,-0.015319132723304664,0.0
2015-05-22,-0.023719189104895917,0.0
2015-05-26,-0.004994154598666242,0.0
2015-05-27,0.0016012850241080509,0.0
2015-05-28,0.053665487734526826,0.0
2015-05-29,0.10548496125910702,1.0
2015-06-01,0.09291779093351153,0.0
2015-06-02,0.06762791279454178,0.0
2015-06-03,0.042022913870358655,0.0
2015-06-04,0.05267280636833796,0.0
2015-06-05,0.04416676860617141,0.0
2015-06-08,0.05389602778860584,0.0
2015-06-09,0.01902243460934579,0.0
2015-06-10,0.0398003598313278,0.0
2015-06-11,0.1088003037765795,1.0
2015-06-12,0.08520762751609229,0.0
2015-06-15,0.07214068248790094,0.0
2015-06-16,0.06711821177715573,0.0
2015-06-17,0.06810669534599063,0.0
2015-06-18,0.02538082572138512,0.0
2015-06-19,0.08831693705730101,0.0
2015-06-22,0.09677651109884403,0.0
2015-06-23,0.09279260906337769,0.0
2015-06-24,0.07324249197478463,0.0
2015-06-25,0.07100035297978378,0.0
2015-06-26,0.04180873164257627,0.0
2015-06-29,0.05047901476041197,0.0
2015-06-30,0.05157662457475021,0.0
2015-07-01,0.07653947459818114,0.0
2015-07-02,0.06494787690971411,0.0
2015-07-06,0.10626191293977014,1.0
2015-07-07,0.1506837672736874,1.0
2015-07-08,0.13357865039772168,1.0
2015-07-09,0.15754695506247757,1.0
2015-07-10,0.1459106223918825,1.0
2015-07-13,0.11996721122707073,1.0
2015-07-14,0.17745893989223271,1.0
2015-07-15,0.2000151175235533,1.0
2015-07-16,0.185459572541246,1.0
2015-07-17,0.1914151790645892,1.0
2015-07-20,0.20168578569698645,1.0
2015-07-21,0.17422854254362974,1.0
2015-07-22,0.1897639097986075,1.0
2015-07-23,0.23195156675793785,1.0
2015-07-24,0.28833988823368584,1.0
2015-07-27,0.3337148041319478,1.0
2015-07-28,0.34829726217537527,1.0
2015-07-29,0.3068899398365431,1.0
2015-07-30,0.3213705156499287,1.0
2015-07-31,0.3424143476409966,1.0
2015-08-03,0.32560759382258025,1.0
2015-08-04,0.3079128367668279,1.0
2015-08-05,0.24365422811412227,1.0
2015-08-06,0.25614872893574203,1.0
2015-08-07,0.29506138455888165,1.0
2015-08-10,0.2762495033932733,1.0
2015-08-11,0.26205406906391915,1.0
2015-08-12,0.1893865560863349,1.0
2015-08-13,0.19284888351160656,1.0
2015-08-14,0.21555654759844037,1.0
2015-08-17,0.2508939202484374,1.0
2015-08-18,0.21896177199756447,1.0
2015-08-19,0.20505076626599192,1.0
2015-08-20,0.1987388683939586,1.0
2015-08-21,0.2096386458992206,1.0
2015-08-24,0.1798934961267078,1.0
2015-08-25,0.15385092878879655,1.0
2015-08-26,0.15273283919778588,1.0
2015-08-27,0.161004229120135,1.0
2015-08-28,0.14750865573603866,1.0
2015-08-31,0.12394914737072198,1.0
2015-09-01,0.1680471338034517,1.0
2015-09-02,0.13545825268275039,1.0
2015-09-03,0.14753648989923931,1.0
2015-09-04,0.13063061716311195,1.0
2015-09-08,0.12879511825727744,1.0
2015-09-09,0.08852309634892093,0.0
2015-09-10,0.07431858069921182,0.0
2015-09-11,0.1154539269946429,1.0
2015-09-14,0.13463813146804512,1.0
2015-09-15,0.11823075879888476,1.0
2015-09-16,0.05413648785796466,0.0
2015-09-17,0.1059241628254303,1.0
2015-09-18,0.06681652312136505,0.0
2015-09-21,0.008992078507786905,0.0
2015-09-22,-0.0173650229847844,0.0
2015-09-23,-0.026251216839132924,0.0
2015-09-24,-0.05664850516411674,0.0
2015-09-25,-0.054479532041642534,0.0
2015-09-28,-0.053494901360158525,0.0
2015-09-29,-0.056791259136071796,0.0
2015-09-30,-0.09197029558045097,0.0
2015-10-01,-0.09666229260277401,0.0
2015-10-02,-0.05629066563350523,0.0
2015-10-05,-0.06100224016944573,0.0
2015-10-06,-5.7542540453710755e-05,0.0
2015-10-07,-0.05365002818967713,0.0
2015-10-08,-0.05342633120155884,0.0
2015-10-09,-0.056500286220115756,0.0
2015-10-12,-0.0665816283387861,0.0
2015-10-13,-0.09790275310797084,0.0
2015-10-14,-0.10224319726380354,-1.0
2015-10-15,-0.08091837072948437,0.0
2015-10-16,-0.15434100138473536,-1.0
2015-10-19,-0.08645348475324842,0.0
2015-10-20,-0.03596591878008186,0.0
2015-10-21,-0.019448946096696368,0.0
2015-10-22,0.0011408095724845136,0.0
2015-10-23,0.036611737222155646,0.0
2015-10-26,0.033894543696314075,0.0
2015-10-27,0.03935952376778497,0.0
2015-10-28,0.06826499593529786,0.0
2015-10-29,0.12981791405117185,1.0
2015-10-30,0.11400780730670143,1.0
2015-11-02,0.11507591027827883,1.0
2015-11-03,0.1148864471859341,1.0
2015-11-04,0.1050072583156493,1.0
2015-11-05,0.11392647497965647,1.0
2015-11-06,0.19084471604134576,1.0
2015-11-09,0.20550659374833366,1.0
2015-11-10,0.17348451702478387,1.0
2015-11-11,0.17059181693184378,1.0
2015-11-12,0.1600177384277431,1.0
2015-11-13,0.1711339338502612,1.0
2015-11-16,0.18472136124786545,1.0
2015-11-17,0.14083798998664332,1.0
2015-11-18,0.09847800334353027,0.0
2015-11-19,0.061526775125336504,0.0
2015-11-20,-0.00430590956141891,0.0
2015-11-23,-0.05283492937084341,0.0
2015-11-24,-0.048444435365237334,0.0
2015-11-25,-0.040695812261000816,0.0
2015-11-27,-0.046052278961951944,0.0
2015-11-30,-0.10036200564404175,-1.0
2015-12-01,-0.10630534800167998,-1.0
2015-12-02,-0.12341345088717817,-1.0
2015-12-03,-0.14844280207375024,-1.0
2015-12-04,-0.14703995174327053,-1.0
2015-12-07,-0.11092454052548827,-1.0
2015-12-08,-0.158221723675267,-1.0
2015-12-09,-0.15654325732366842,-1.0
2015-12-10,-0.11849124436764288,-1.0
2015-12-11,-0.16908155849019146,-1.0
2015-12-14,-0.15877763122027425,-1.0
2015-12-15,-0.19367012886047957,-1.0
2015-12-16,-0.20156161025051222,-1.0
2015-12-17,-0.19786122224374078,-1.0
2015-12-18,-0.11240819044652864,-1.0
2015-12-21,-0.08696361007154624,0.0
2015-12-22,-0.04323655234980639,0.0
2015-12-23,0.00799930353606912,0.0
2015-12-24,0.023426536641696104,0.0
2015-12-28,0.02695227959045014,0.0
2015-12-29,0.01838930812456862,0.0
2015-12-30,0.02583341074947937,0.0
2015-12-31,0.043392565759988344,0.0
2016-01-04,0.05281530785438548,0.0
2016-01-05,0.10100670572184459,1.0
2016-01-06,0.07995996181525011,0.0
2016-01-07,0.08363131839124338,0.0
2016-01-08,0.07591392220385536,0.0
2016-01-11,0.10600544287466171,1.0
2016-01-12,0.10562450923463138,1.0
2016-01-13,0.20140276276751656,1.0
2016-01-14,0.19117530734189908,1.0
2016-01-15,0.2456737383570317,1.0
2016-01-19,0.2719894371750636,1.0
2016-01-20,0.26373378644417383,1.0
2016-01-21,0.21244045507224962,1.0
2016-01-22,0.19049055455412925,1.0
2016-01-25,0.2133603734846278,1.0
2016-01-26,0.212261557375667,1.0
2016-01-27,0.1668675815967904,1.0
2016-01-28,0.14472017217896888,1.0
2016-01-29,0.19306614846283668,1.0
2016-02-01,0.24694518445502958,1.0
2016-02-02,0.24143851087073806,1.0
2016-02-03,0.23374241387587297,1.0
2016-02-04,0.21633100365472097,1.0
2016-02-05,0.21598412819220433,1.0
2016-02-08,0.16880020671646126,1.0
2016-02-09,0.17534150148038588,1.0
2016-02-10,0.10560802726162488,1.0
2016-02-11,0.11076830910910379,1.0
2016-02-12,0.07739303235628253,0.0
2016-02-16,0.0828425222685746,0.0
2016-02-17,0.0795536257602014,0.0
2016-02-18,0.04665532556748995,0.0
2016-02-19,0.027840753010553845,0.0
2016-02-22,0.044877752821114246,0.0
2016-02-23,0.07733374516367318,0.0
2016-02-24,0.10712953976094915,1.0
2016-02-25,0.08399314491221403,0.0
2016-02-26,0.12272684092144302,1.0
2016-02-29,0.12251517998671468,1.0
2016-03-01,0.06789331393386834,0.0
2016-03-02,0.04807272144844687,0.0
2016-03-03,0.05329858214979261,0.0
2016-03-04,0.015123456187182992,0.0
2016-03-07,0.0476854532661081,0.0
2016-03-08,0.06630419516356112,0.0
2016-03-09,0.07593936779855501,0.0
2016-03-10,0.0917930234590672,0.0
2016-03-11,0.1430876676597522,1.0
2016-03-14,0.14009420276669182,1.0
2016-03-15,0.11200105659176354,1.0
2016-03-16,0.10743108349299424,1.0
2016-03-17,0.06942656383236546,0.0
2016-03-18,0.12565946818605456,1.0
2016-03-21,0.1721551072833491,1.0
2016-03-22,0.15828992044512596,1.0
2016-03-23,0.15185245676117431,1.0
2016-03-24,0.04486484193563588,0.0
2016-03-28,0.0828489304522563,0.0
2016-03-29,0.016059656296393415,0.0
2016-03-30,0.008170160589025205,0.0
2016-03-31,-0.01448541254561034,0.0
2016-04-01,-0.06632078072368251,0.0
2016-04-04,-0.054559505124941975,0.0
2016-04-05,-0.02853135531888598,0.0
2016-04-06,-0.055473477463589056,0.0
2016-04-07,-0.08939687516468715,0.0
2016-04-08,-0.06338963366354339,0.0
2016-04-11,-0.07097990043921373,0.0
2016-04-12,-0.1129434888213254,-1.0
2016-04-13,-0.09561232400568366,0.0
2016-04-14,-0.09431398509727644,0.0
2016-04-15,-0.11515225958513137,-1.0
2016-04-18,-0.12454227698860589,-1.0
2016-04-19,-0.11690007441489655,-1.0
2016-04-20,-0.10980896511821372,-1.0
2016-04-21,-0.10928103954131672,-1.0
2016-04-22,-0.13557595894816665,-1.0
2016-04-25,-0.0760954071134706,0.0
2016-04-26,-0.05415036547519143,0.0
2016-04-27,-0.0038254390227810873,0.0
2016-04-28,0.01481340667063738,0.0
2016-04-29,0.0657033924412501,0.0
2016-05-02,0.10169042607868115,1.0
2016-05-03,0.06797599040064002,0.0
2016-05-04,0.07427130866469406,0.0
2016-05-05,0.06440786493667337,0.0
2016-05-06,0.06465282634280892,0.0
2016-05-09,0.07079877850291924,0.0
2016-05-10,0.07019760751917699,0.0
2016-05-11,0.11775618114896881,1.0
2016-05-12,0.09216854159792662,0.0
2016-05-13,0.10555516415138409,1.0
2016-05-16,0.0947440822597957,0.0
2016-05-17,0.12610920601580355,1.0
2016-05-18,0.09877431300371228,0.0
2016-05-19,0.102248358818626,1.0
2016-05-20,0.041798620601186075,0.0
2016-05-23,0.09969848420747035,0.0
2016-05-24,0.10423190921795404,1.0
2016-05-25,0.08164051466484289,0.0
2016-05-26,0.04821967571015181,0.0
2016-05-27,0.052892574776292785,0.0
2016-05-31,0.0034681636585121006,0.0
2016-06-01,-0.016867822964659652,0.0
2016-06-02,0.03509705514562968,0.0
2016-06-03,0.03539560835354052,0.0
2016-06-06,0.04237748431337829,0.0
2016-06-07,0.06410705312306257,0.0
2016-06-08,0.05855224979062875,0.0
2016-06-09,0.06080969617993165,0.0
2016-06-10,0.05187833031353534,0.0
2016-06-13,0.11049655466581433,1.0
2016-06-14,0.10704199674133555,1.0
2016-06-15,0.15846805478203216,1.0
2016-06-16,0.16154532595192364,1.0
2016-06-17,0.1792191082038509,1.0
2016-06-20,0.18360341092487345,1.0
2016-06-21,0.2636372096927017,1.0
2016-06-22,0.19073195910421206,1.0
2016-06-23,0.23073349377899405,1.0
2016-06-24,0.1787293655054523,1.0
2016-06-27,0.20905603824610014,1.0
2016-06-28,0.17746790385688424,1.0
2016-06-29,0.20002914256395601,1.0
2016-06-30,0.22192649980469317,1.0
2016-07-01,0.18594457579952622,1.0
2016-07-05,0.20022729643245227,1.0
2016-07-06,0.23196322311632542,1.0
2016-07-07,0.22260521513552342,1.0
2016-07-08,0.20589946857902308,1.0
2016-07-11,0.224664530599699,1.0
2016-07-12,0.24356694976610382,1.0
2016-07-13,0.16115321094924046,1.0
2016-07-14,0.17664420275118944,1.0
2016-07-15,0.18844489787273536,1.0
2016-07-18,0.15747007184045733,1.0
2016-07-19,0.16380870205470852,1.0
2016-07-20,0.1326155706788386,1.0
2016-07-21,0.12059018654158943,1.0
2016-07-22,0.14313332149827535,1.0
2016-07-25,0.10538003259173273,1.0
2016-07-26,0.10690698806004811,1.0
2016-07-27,0.06598297758797818,0.0
2016-07-28,0.1214492715440478,1.0
2016-07-29,0.10310679814777524,1.0
2016-08-01,0.07155379749378629,0.0
2016-08-02,0.012323006146814343,0.0
2016-08-03,-0.013251014872733268,0.0
2016-08-04,-0.08306948134449396,0.0
2016-08-05,-0.05500397622946031,0.0
2016-08-08,-0.02523991956503455,0.0
2016-08-09,-0.06472499383599412,0.0
2016-08-10,-0.039624969044711474,0.0
2016-08-11,0.012673643338552937,0.0
2016-08-12,-0.009379635272293052,0.0
2016-08-15,-0.08551790828468168,0.0
2016-08-16,-0.024114330574750716,0.0
2016-08-17,-0.0898030078164898,0.0
2016-08-18,-0.12499496704365862,-1.0
2016-08-19,-0.10400414934805356,-1.0
2016-08-22,-0.042113319876806436,0.0
2016-08-23,-0.00959744536842317,0.0
2016-08-24,0.029895915769446887,0.0
2016-08-25,0.07811649061206043,0.0
2016-08-26,0.060554871796828155,0.0
2016-08-29,0.09848942762451053,0.0
2016-08-30,0.1284284626142149,1.0
2016-08-31,0.18088272898477087,1.0
2016-09-01,0.1941837716358723,1.0
2016-09-02,0.2071715794752513,1.0
2016-09-06,0.1629648771942723,1.0
2016-09-07,0.09968074622664168,0.0
2016-09-08,0.11332380004323823,1.0
2016-09-09,0.03644556877466118,0.0
2016-09-12,-0.013451959024156903,0.0
2016-09-13,-0.0017345207840732044,0.0
2016-09-14,0.09054209191507066,0.0
2016-09-15,0.0580661067759506,0.0
2016-09-16,0.053682332915262324,0.0
2016-09-19,0.06928967433675554,0.0
2016-09-20,0.06754217585480736,0.0
2016-09-21,-0.013747439303619676,0.0
2016-09-22,-0.051869308763075106,0.0
2016-09-23,-0.052109913218280894,0.0
2016-09-26,-0.08898643079779531,0.0
2016-09-27,-0.10658235821077024,-1.0
2016-09-28,-0.1556134013768701,-1.0
2016-09-29,-0.17601381215251352,-1.0
2016-09-30,-0.1709553302291447,-1.0
2016-10-03,-0.20617637063905578,-1.0
2016-10-04,-0.1788637024015347,-1.0
2016-10-05,-0.17283590699474322,-1.0
2016-10-06,-0.12063986054936371,-1.0
2016-10-07,-0.1128784572390128,-1.0
2016-10-10,-0.05725091498973254,0.0
2016-10-11,-0.02788227732020549,0.0
2016-10-12,-0.04224000076568387,0.0
2016-10-13,-0.07231758888586215,0.0
2016-10-14,-0.08141411703671979,0.0
2016-10-17,-0.04291899543852146,0.0
2016-10-18,-0.01844555488999931,0.0
2016-10-19,-0.05762570341203309,0.0
2016-10-20,-0.05013223639115249,0.0
2016-10-21,-0.07806702330148589,0.0
2016-10-24,-0.049642792327877786,0.0
2016-10-25,-0.05630473154342501,0.0
2016-10-26,-0.0752967855446133,0.0
2016-10-27,-0.06066237916109855,0.0
2016-10-28,-0.025224664075693598,0.0
2016-10-31,-0.04005546176572603,0.0
2016-11-01,0.027411840061659917,0.0
2016-11-02,0.000741717107903321,0.0
2016-11-03,0.007622708182059012,0.0
2016-11-04,-0.025330467948416136,0.0
2016-11-07,0.02052931579591352,0.0
2016-11-08,-0.03984795613663534,0.0
2016-11-09,-0.03500818058871359,0.0
2016-11-10,-0.009230575821467385,0.0
2016-11-11,-0.0020526955323791046,0.0
2016-11-14,-0.01904596395014099,0.0
2016-11-15,-0.023245453559615843,0.0
2016-11-16,-0.023103655218627048,0.0
2016-11-17,-0.009840975731478258,0.0
2016-11-18,0.0290007729776259,0.0
2016-11-21,0.11451923290204703,1.0
2016-11-22,0.06012371445154677,0.0
2016-11-23,0.05726864790594233,0.0
2016-11-25,0.07172166631496975,0.0
2016-11-28,0.14934332836237577,1.0
2016-11-29,0.10967859702082067,1.0
2016-11-30,0.15500381174443303,1.0
2016-12-01,0.1650762609819372,1.0
2016-12-02,0.16806607877346066,1.0
2016-12-05,0.1749753815378336,1.0
2016-12-06,0.23134235806264314,1.0
2016-12-07,0.17382091046878617,1.0
2016-12-08,0.1964389986114297,1.0
2016-12-09,0.17581136254232782,1.0
2016-12-12,0.137433430486267,1.0
2016-12-13,0.11242175932189491,1.0
2016-12-14,0.0878284758999032,0.0
2016-12-15,0.09162899280494477,0.0
2016-12-16,0.07231978266794153,0.0
2016-12-19,0.08124108972437005,0.0
2016-12-20,0.02131823738594134,0.0
2016-12-21,-0.023531975626402232,0.0
2016-12-22,0.00948804750201357,0.0
2016-12-23,-0.005445570452849807,0.0
2016-12-27,0.005391920244232097,0.0
2016-12-28,-0.026885725035681887,0.0
2016-12-29,-0.03661134260345825,0.0
2016-12-30,-0.03578641246172049,0.0
2017-01-03,-0.06558294687914754,0.0
2017-01-04,-0.06910989519943361,0.0
2017-01-05,-0.08381131368036766,0.0
2017-01-06,-0.10910731353198208,-1.0
2017-01-09,-0.09857406009247341,0.0
2017-01-10,-0.08131145827235413,0.0
2017-01-11,-0.08954118027404047,0.0
2017-01-12,-0.061774225426953204,0.0
2017-01-13,-0.07994643738833777,0.0
2017-01-17,-0.053631109784620254,0.0
2017-01-18,-0.07591384618202902,0.0
2017-01-19,-0.07511555537858677,0.0
2017-01-20,-0.051384588220225916,0.0
2017-01-23,0.011603779558924427,0.0
2017-01-24,0.018349959408254488,0.0
2017-01-25,-0.02737922339169084,0.0
2017-01-26,0.012612072079007525,0.0
2017-01-27,0.032721841445556774,0.0
2017-01-30,0.006934753050728219,0.0
2017-01-31,0.09070500389012476,0.0
2017-02-01,0.060377373327362836,0.0
2017-02-02,0.05499323325414594,0.0
2017-02-03,0.06435858082170458,0.0
2017-02-06,0.06878411961160391,0.0
2017-02-07,0.0518658003592829,0.0
2017-02-08,0.06692854044687514,0.0
2017-02-09,0.0768957153916595,0.0
2017-02-10,0.08023490197071717,0.0
2017-02-13,0.044852216865749424,0.0
2017-02-14,0.03505103310945662,0.0
2017-02-15,0.04992384726977186,0.0
2017-02-16,0.045381511519771905,0.0
2017-02-17,0.011807803920349767,0.0
2017-02-21,-0.00822791206475748,0.0
2017-02-22,0.02514473199118968,0.0
2017-02-23,0.0104651947354833,0.0
2017-02-24,0.05631537083995228,0.0
2017-02-27,0.06566767886677642,0.0
2017-02-28,0.03459220448757361,0.0
2017-03-01,0.05314143304940308,0.0
2017-03-02,-0.00879211197028314,0.0
2017-03-03,-0.011699963642705632,0.0
2017-03-06,-0.008606681516584844,0.0
2017-03-07,-0.01733844974706357,0.0
2017-03-08,0.0029848207094574568,0.0
2017-03-09,0.0023525210166418314,0.0
2017-03-10,-0.03260346332164487,0.0
2017-03-13,-0.04268746602265123,0.0
2017-03-14,-0.04542278837278409,0.0
2017-03-15,-0.01321732532217116,0.0
2017-03-16,0.030056539287513846,0.0
2017-03-17,0.04362849351972322,0.0
2017-03-20,0.0808202355395812,0.0
2017-03-21,0.13061272073549648,1.0
2017-03-22,0.14040610240749182,1.0
2017-03-23,0.1143909580284253,1.0
2017-03-24,0.1274147710714688,1.0
2017-03-27,0.10795434914562015,1.0
2017-03-28,0.07510456627171914,0.0
2017-03-29,0.05214440620271831,0.0
2017-03-30,0.02303963180093807,0.0
2017-03-31,0.015442879325199981,0.0
2017-04-03,0.004607201296100013,0.0
2017-04-04,-0.0017565950705251813,0.0
2017-04-05,0.026849865438166032,0.0
2017-04-06,0.0015923937250868745,0.0
2017-04-07,0.017369256449780216,0.0
2017-04-10,0.036862289956240864,0.0
2017-04-11,-0.02295239772862828,0.0
2017-04-12,-0.024139962177800855,0.0
2017-04-13,-0.028328994173578263,0.0
2017-04-17,-0.05693435357761549,0.0
2017-04-18,-0.06852427701956419,0.0
2017-04-19,-0.04332071486925881,0.0
2017-04-20,-0.013501618356105761,0.0
2017-04-21,-0.03779384894129846,0.0
2017-04-24,-0.03508694154392608,0.0
2017-04-25,-0.04448540863443838,0.0
2017-04-26,-0.05267139721000865,0.0
2017-04-27,-0.03598521673657739,0.0
2017-04-28,-0.017871842367304182,0.0
2017-05-01,-0.01991391615451768,0.0
2017-05-02,-0.0014133681657406845,0.0
2017-05-03,0.00686129172283439,0.0
2017-05-04,0.005680402749589779,0.0
2017-05-05,0.0035453142906550265,0.0
2017-05-08,0.033608449859949284,0.0
2017-05-09,0.04467137941415661,0.0
2017-05-10,0.007852871393032718,0.0
2017-05-11,-0.005917893244936162,0.0
2017-05-12,0.03881792184172128,0.0
2017-05-15,0.009773539422503573,0.0
2017-05-16,0.03311092365999139,0.0
2017-05-17,-0.009058085930767273,0.0
2017-05-18,-0.0882577413954286,0.0
2017-05-19,-0.10434758614477621,-1.0
2017-05-22,-0.08149579198779858,0.0
2017-05-23,-0.13015223442828902,-1.0
2017-05-24,-0.19365144002402865,-1.0
2017-05-25,-0.19843673994068298,-1.0
2017-05-26,-0.17540130390621841,-1.0
2017-05-30,-0.20241561323254445,-1.0
2017-05-31,-0.18923367315021522,-1.0
2017-06-01,-0.1934056375820727,-1.0
2017-06-02,-0.1837103552186109,-1.0
2017-06-05,-0.18102520345488146,-1.0
2017-06-06,-0.21324218584192414,-1.0
2017-06-07,-0.21311729189470044,-1.0
2017-06-08,-0.23823559424391652,-1.0
2017-06-09,-0.20528841956625052,-1.0
2017-06-12,-0.1679723492279677,-1.0
2017-06-13,-0.19966371306601194,-1.0
2017-06-14,-0.18864340207310987,-1.0
2017-06-15,-0.18728267419608705,-1.0
2017-06-16,-0.1201217773599232,-1.0
2017-06-19,-0.1100060817902004,-1.0
2017-06-20,-0.16034196681150684,-1.0
2017-06-21,-0.1437721224373632,-1.0
2017-06-22,-0.13536877564907257,-1.0
2017-06-23,-0.09044817279783318,0.0
2017-06-26,-0.05308158713172429,0.0
2017-06-27,-0.07678489130679904,0.0
2017-06-28,0.0016395970226277096,0.0
2017-06-29,0.013254388610820816,0.0
2017-06-30,0.001866638980201475,0.0
2017-07-03,0.03938577080058051,0.0
2017-07-05,0.021951222419365254,0.0
2017-07-06,0.06265282675871311,0.0
2017-07-07,0.04135414565939417,0.0
2017-07-10,0.07602855617186671,0.0
2017-07-11,0.11358613960513472,1.0
2017-07-12,0.13630741133102148,1.0
2017-07-13,0.12916375503913383,1.0
2017-07-14,0.1606284944695915,1.0
2017-07-17,0.14901510927326023,1.0
2017-07-18,0.1560486877328138,1.0
2017-07-19,0.1909921700870622,1.0
2017-07-20,0.21951018582906343,1.0
2017-07-21,0.19020543288791497,1.0
2017-07-24,0.16401328457407374,1.0
2017-07-25,0.15706403134533697,1.0
2017-07-26,0.16085698598954415,1.0
2017-07-27,0.1596473006737355,1.0
2017-07-28,0.09241309934497714,0.0
2017-07-31,0.08912413219013948,0.0
2017-08-01,0.12853595717425711,1.0
2017-08-02,0.09465351214631583,0.0
2017-08-03,0.1324267498983568,1.0
2017-08-04,0.09722499084273657,0.0
2017-08-07,0.05646899665819477,0.0
2017-08-08,0.06119767640352077,0.0
2017-08-09,0.016238533309619833,0.0
2017-08-10,0.009226511847875124,0.0
2017-08-11,0.05853703651824117,0.0
2017-08-14,0.060670031934525234,0.0
2017-08-15,0.08736551473139362,0.0
2017-08-16,0.09080744341356795,0.0
2017-08-17,0.07220211084741475,0.0
2017-08-18,0.10256395048321704,1.0
2017-08-21,0.09946642599334048,0.0
2017-08-22,0.1372358500998004,1.0
2017-08-23,0.19511762811578376,1.0
2017-08-24,0.17927254488640992,1.0
2017-08-25,0.2067296611952178,1.0
2017-08-28,0.25447698266917934,1.0
2017-08-29,0.23435015452015157,1.0
2017-08-30,0.18843185145840557,1.0
2017-08-31,0.14776309541521282,1.0
2017-09-01,0.07819846859265846,0.0
2017-09-05,0.14435677981129608,1.0
2017-09-06,0.151811322818008,1.0
2017-09-07,0.11148707950170832,1.0
2017-09-08,0.11273973952209493,1.0
2017-09-11,0.1261177008558202,1.0
2017-09-12,0.11426590651220901,1.0
2017-09-13,0.1215584611445842,1.0
2017-09-14,0.09727524422139758,0.0
2017-09-15,0.04212337138892545,0.0
2017-09-18,0.06420745947092288,0.0
2017-09-19,0.03645056378491265,0.0
2017-09-20,0.07330788884806362,0.0
2017-09-21,0.07867163074046521,0.0
2017-09-22,0.05980214921655192,0.0
2017-09-25,0.06337324754389684,0.0
2017-09-26,0.07835449286077896,0.0
2017-09-27,0.05728629004285218,0.0
2017-09-28,0.035158774051784414,0.0
2017-09-29,0.06457394905055514,0.0
2017-10-02,0.07391331091748177,0.0
2017-10-03,0.10791787836937582,1.0
2017-10-04,0.07329475288370808,0.0
2017-10-05,0.12854595696373128,1.0
2017-10-06,0.13431524383241425,1.0
2017-10-09,0.14799382120587293,1.0
2017-10-10,0.18022431293054625,1.0
2017-10-11,0.16682389467080083,1.0
2017-10-12,0.20673003198674608,1.0
2017-10-13,0.23266243591619593,1.0
2017-10-16,0.19643685588473173,1.0
2017-10-17,0.20717160894171296,1.0
2017-10-18,0.2214787986551194,1.0
2017-10-19,0.21433327415973233,1.0
2017-10-20,0.21848848783433455,1.0
2017-10-23,0.19866805622312048,1.0
2017-10-24,0.1551672421183205,1.0
2017-10-25,0.12288431887836923,1.0
2017-10-26,0.09861250827196509,0.0
2017-10-27,0.11542825268394356,1.0
2017-10-30,0.11975826616812765,1.0
2017-10-31,0.17376117196740404,1.0
2017-11-01,0.19495325563052546,1.0
2017-11-02,0.1536837131817453,1.0
2017-11-03,0.13514118150247237,1.0
2017-11-06,0.16249902860466683,1.0
2017-11-07,0.1411258866489777,1.0
2017-11-08,0.09799050703330893,0.0
2017-11-09,0.09264452697101257,0.0
2017-11-10,0.012236618291036762,0.0
2017-11-13,0.014122265927096228,0.0
2017-11-14,0.05298652504709349,0.0
2017-11-15,0.045048784500372654,0.0
2017-11-16,0.014821344508287095,0.0
2017-11-17,-0.02637657315634975,0.0
2017-11-20,-0.02515283745606552,0.0
2017-11-21,-0.030646607761742408,0.0
2017-11-22,0.03967095458784543,0.0
2017-11-24,0.03523216923350567,0.0
2017-11-27,0.06091637926625521,0.0
2017-11-28,0.09678981350728014,0.0
2017-11-29,0.04943810219327737,0.0
2017-11-30,-0.032126602945976766,0.0
2017-12-01,-0.0776338254038212,0.0
2017-12-04,-0.019268447468347903,0.0
2017-12-05,-0.043027529487633456,0.0
2017-12-06,-0.010725330159432328,0.0
2017-12-07,-0.00966308525451732,0.0
2017-12-08,-0.0020217742753145954,0.0
2017-12-11,0.03447420043793667,0.0
2017-12-12,0.1007425992876455,1.0
2017-12-13,0.13401463802982322,1.0
2017-12-14,0.16513324433599347,1.0
2017-12-15,0.17919641360406377,1.0
2017-12-18,0.21314332421629398,1.0
2017-12-19,0.240655535499916,1.0
2017-12-20,0.2119199166662384,1.0
2017-12-21,0.20168615065340023,1.0
2017-12-22,0.16175766862618485,1.0
2017-12-26,0.1669933831745499,1.0
2017-12-27,0.15112704590044757,1.0
2017-12-28,0.1455044304706477,1.0
2017-12-29,0.200174320603784,1.0
2018-01-02,0.24201194856809954,1.0
2018-01-03,0.3080810973114892,1.0
2018-01-04,0.2555702790838023,1.0
2018-01-05,0.2637380557970585,1.0
2018-01-08,0.19004273342482392,1.0
2018-01-09,0.160075951282023,1.0
2018-01-10,0.15394735559080688,1.0
2018-01-11,0.11508006879247645,1.0
2018-01-12,0.10347051711665234,1.0
2018-01-16,0.0697822398526309,0.0
2018-01-17,0.016827183065922013,0.0
2018-01-18,0.03660613364086493,0.0
2018-01-19,0.05164081026498715,0.0
2018-01-22,0.04713543754697894,0.0
2018-01-23,0.054849803228723674,0.0
2018-01-24,0.05160153620858175,0.0
2018-01-25,0.0430830895057438,0.0
2018-01-26,0.0730164980163968,0.0
2018-01-29,0.1280223555530412,1.0
2018-01-30,0.14778551885871108,1.0
2018-01-31,0.11389305706586476,1.0
2018-02-01,0.08493084120538458,0.0
2018-02-02,0.05240140566170531,0.0
2018-02-05,0.03688988850133664,0.0
2018-02-06,0.04844418157650491,0.0
2018-02-07,0.06092969650043599,0.0
2018-02-08,0.09347233110037807,0.0
2018-02-09,0.057585983905871996,0.0
2018-02-12,0.07239196698406446,0.0
2018-02-13,0.0237683906955652,0.0
2018-02-14,-0.01871799208232091,0.0
2018-02-15,-0.06239819385765987,0.0
2018-02-16,-0.10680138757319733,-1.0
2018-02-20,-0.09382637447197127,0.0
2018-02-21,-0.06848756829422947,0.0
2018-02-22,-0.07401147895737767,0.0
2018-02-23,-0.06552123072057074,0.0
2018-02-26,-0.04565990958710902,0.0
2018-02-27,-0.09510536462244973,0.0
2018-02-28,-0.1323396951160186,-1.0
2018-03-01,-0.15062197720921927,-1.0
2018-03-02,-0.11060847896602412,-1.0
2018-03-05,-0.08625250797896009,0.0
2018-03-06,-0.09364523556790375,0.0
2018-03-07,-0.07194456944411537,0.0
2018-03-08,-0.09830958944646037,0.0
2018-03-09,-0.09913208431122154,0.0
2018-03-12,-0.07884054214364113,0.0
2018-03-13,-0.019253207604973607,0.0
2018-03-14,-0.05042937790533721,0.0
2018-03-15,-0.0024489646770997834,0.0
2018-03-16,0.018152880472533495,0.0
2018-03-19,0.0852479379989794,0.0
2018-03-20,0.067867324514803,0.0
2018-03-21,-0.03243780367924809,0.0
2018-03-22,-0.051510309986118316,0.0
2018-03-23,-0.023367056155269527,0.0
2018-03-26,-0.01625830291490549,0.0
2018-03-27,-0.02629905359927482,0.0
2018-03-28,0.009679680619433933,0.0
2018-03-29,-0.034617163152769505,0.0
2018-04-02,-0.06533208795632522,0.0
2018-04-03,-0.07527758010756291,0.0
2018-04-04,-0.10227392408642283,-1.0
2018-04-05,-0.09070396950713551,0.0
2018-04-06,-0.10208441176163367,-1.0
2018-04-09,-0.07170425659066315,0.0
2018-04-10,-0.06739064480762083,0.0
2018-04-11,-0.11431366410346666,-1.0
2018-04-12,-0.10829983483829682,-1.0
2018-04-13,-0.10649066965491664,-1.0
2018-04-16,-0.16003712415770188,-1.0
2018-04-17,-0.14860831892243698,-1.0
2018-04-18,-0.12099600850788214,-1.0
2018-04-19,-0.12711124558526987,-1.0
2018-04-20,-0.06817545505832613,0.0
2018-04-23,-0.0786416519806767,0.0
2018-04-24,-0.07973330434920885,0.0
2018-04-25,-0.06862491217592064,0.0
2018-04-26,-0.07853439133100343,0.0
2018-04-27,-0.11029600014812732,-1.0
2018-04-30,-0.07128447663601087,0.0
2018-05-01,-0.08400037762438888,0.0
2018-05-02,-0.17120725149932933,-1.0
2018-05-03,-0.13210833343713113,-1.0
2018-05-04,-0.11759941317442031,-1.0
2018-05-07,-0.1412198816953123,-1.0
2018-05-08,-0.17542001593414377,-1.0
2018-05-09,-0.15995225049030581,-1.0
2018-05-10,-0.0735333787715601,0.0
2018-05-11,-0.10054640517169888,-1.0
2018-05-14,-0.10047140912643929,-1.0
2018-05-15,-0.08574698381506982,0.0
2018-05-16,-0.058170275811310214,0.0
2018-05-17,-0.10078066495091627,-1.0
2018-05-18,-0.09571167374501843,0.0
2018-05-21,-0.10846029169445155,-1.0
2018-05-22,-0.14056422652718664,-1.0
2018-05-23,-0.15359006121055932,-1.0
2018-05-24,-0.11963836642948496,-1.0
2018-05-25,-0.10356198723501041,-1.0
2018-05-29,-0.08992120258678128,0.0
2018-05-30,-0.09899434928217486,0.0
2018-05-31,-0.11051355077046943,-1.0
2018-06-01,-0.020151356013562674,0.0
2018-06-04,-0.03215812023137501,0.0
2018-06-05,-0.057844481603290525,0.0
2018-06-06,0.07439356059813805,0.0
2018-06-07,0.10522698980026869,1.0
2018-06-08,0.07263797723679287,0.0
2018-06-11,0.013515290079050654,0.0
2018-06-12,0.04015037769706075,0.0
2018-06-13,0.060027638955024595,0.0
2018-06-14,0.030110058637988636,0.0
2018-06-15,0.019242186168889192,0.0
2018-06-18,0.018692500075529046,0.0
2018-06-19,0.0820979653879995,0.0
2018-06-20,0.11876430423968977,1.0
2018-06-21,0.13050502294505195,1.0
2018-06-22,0.15729612194984197,1.0
2018-06-25,0.12078937049806121,1.0
2018-06-26,0.13312117283696345,1.0
2018-06-27,0.1502033560386753,1.0
2018-06-28,0.1372372613577065,1.0
2018-06-29,0.15865397561219619,1.0
2018-07-02,0.1619417419613914,1.0
2018-07-03,0.15589891067483175,1.0
2018-07-05,0.15070217912236417,1.0
2018-07-06,0.053048083782962864,0.0
2018-07-09,0.056097215570871696,0.0
2018-07-10,0.12262571421520606,1.0
2018-07-11,0.10764671292807024,1.0
2018-07-12,0.08124118268178905,0.0
2018-07-13,0.11188087685295708,1.0
2018-07-16,0.14374498877576156,1.0
2018-07-17,0.1330087753868499,1.0
2018-07-18,0.12387149370047844,1.0
2018-07-19,0.08989435146552958,0.0
2018-07-20,0.06003531040693357,0.0
2018-07-23,0.09406995939459105,0.0
2018-07-24,0.09214970000410183,0.0
2018-07-25,0.15152473779421233,1.0
2018-07-26,0.14544800313552708,1.0
2018-07-27,0.14184763810481726,1.0
2018-07-30,0.16614622549900682,1.0
2018-07-31,0.17272908650353563,1.0
2018-08-01,0.15670526886785874,1.0
2018-08-02,0.1575624367306975,1.0
2018-08-03,0.17081661696057615,1.0
2018-08-06,0.22273544232329873,1.0
2018-08-07,0.1900527850577032,1.0
2018-08-08,0.16867808368369536,1.0
2018-08-09,0.22303843386618022,1.0
2018-08-10,0.2195985697600888,1.0
2018-08-13,0.13809596388184658,1.0
2018-08-14,0.12556503616269565,1.0
2018-08-15,0.1451326135652732,1.0
2018-08-16,0.16931198229339683,1.0
2018-08-17,0.13623262496437671,1.0
2018-08-20,0.12885468389794993,1.0
2018-08-21,0.1255626279936798,1.0
2018-08-22,0.11048030473968959,1.0
2018-08-23,0.04352876313327167,0.0
2018-08-24,0.021095209992212264,0.0
2018-08-27,0.00414015821804141,0.0
2018-08-28,-0.02226213645818382,0.0
2018-08-29,0.024854632039303524,0.0
2018-08-30,0.009250232860349284,0.0
2018-08-31,0.04516032221195509,0.0
2018-09-04,0.07706114244362193,0.0
2018-09-05,0.0692490681944715,0.0
2018-09-06,0.08261602702471288,0.0
2018-09-07,0.06502271898642213,0.0
2018-09-10,0.0331560679540036,0.0
2018-09-11,0.014549760772792445,0.0
2018-09-12,0.0728087109280585,0.0
2018-09-13,0.05949804879380335,0.0
2018-09-14,0.05697789215594518,0.0
2018-09-17,0.04648524707546358,0.0
2018-09-18,0.07490936390179007,0.0
2018-09-19,0.09354706658805705,0.0
2018-09-20,0.0674717783143583,0.0
2018-09-21,0.0684593525286077,0.0
2018-09-24,0.06282181067197831,0.0
2018-09-25,0.09198592474533002,0.0
2018-09-26,0.06924626563325188,0.0
2018-09-27,0.09383450148361304,0.0
2018-09-28,0.10133949793925867,1.0
2018-10-01,0.08527167688570766,0.0
2018-10-02,0.0403996560380621,0.0
2018-10-03,0.01642259378274313,0.0
2018-10-04,-0.003055516621304855,0.0
2018-10-05,0.015529057088186918,0.0
2018-10-08,0.017499456848601058,0.0
2018-10-09,0.032759674109357005,0.0
2018-10-10,0.07995686342892283,0.0
2018-10-11,0.08150043818586857,0.0
2018-10-12,0.10308755020963575,1.0
2018-10-15,0.09067533650671719,0.0
2018-10-16,0.14618520288140008,1.0
2018-10-17,0.13847894280196588,1.0
2018-10-18,0.1089161672230141,1.0
2018-10-19,0.14087484386331295,1.0
2018-10-22,0.12401036920341782,1.0
2018-10-23,0.08347366643474927,0.0
2018-10-24,0.08269699615892782,0.0
2018-10-25,0.10151130048567364,1.0
2018-10-26,0.0960554190740578,0.0
2018-10-29,0.05780710888075494,0.0
2018-10-30,0.08617727580706948,0.0
2018-10-31,0.11891826980613604,1.0
2018-11-01,0.0968502015992367,0.0
2018-11-02,0.10514106898995029,1.0
2018-11-05,0.0911370119057497,0.0
2018-11-06,0.09752113805744174,0.0
2018-11-07,0.09774437945158522,0.0
2018-11-08,0.05010660431163144,0.0
2018-11-09,0.06651821374675992,0.0
2018-11-12,0.05987234288591512,0.0
2018-11-13,0.0629396535843414,0.0
2018-11-14,0.026193160889729693,0.0
2018-11-15,0.0727069451444562,0.0
2018-11-16,0.09033737530722596,0.0
2018-11-19,0.0555481774200641,0.0
2018-11-20,0.057995622543676184,0.0
2018-11-21,0.10239111640511565,1.0
2018-11-23,0.10127173419305333,1.0
2018-11-26,0.0760898768510306,0.0
2018-11-27,0.05401287023029231,0.0
2018-11-28,0.02125161468499555,0.0
2018-11-29,0.0395736801753225,0.0
2018-11-30,0.06363617157393162,0.0
2018-12-03,0.07132182873576084,0.0
2018-12-04,0.05465222533517597,0.0
2018-12-06,0.06185560604263006,0.0
2018-12-07,0.07112560775410363,0.0
2018-12-10,0.033734547235709386,0.0
2018-12-11,0.06124446348646191,0.0
2018-12-12,0.05848443804105409,0.0
2018-12-13,0.08304272016308649,0.0
2018-12-14,0.06845693769917195,0.0
2018-12-17,0.08338570095945261,0.0
2018-12-18,-0.024926281042227473,0.0
2018-12-19,-0.004021852522068432,0.0
2018-12-20,-0.011689295496669205,0.0
2018-12-21,-0.0553315423962486,0.0
2018-12-24,-0.03590214287038802,0.0
2018-12-26,-0.022086841778282636,0.0
2018-12-27,0.013236635496182743,0.0
2018-12-28,0.06093683969160273,0.0
2018-12-31,0.12448942036391576,1.0
2019-01-02,0.13252021224953198,1.0
2019-01-03,0.13062951074578816,1.0
2019-01-04,0.15056934782491116,1.0
2019-01-07,0.15666355359954587,1.0
2019-01-08,0.11825953646436119,1.0
2019-01-09,0.08604168067816273,0.0
2019-01-10,0.0887934869895272,0.0
2019-01-11,0.13450232751473423,1.0
2019-01-14,0.10778442901977185,1.0
2019-01-15,0.09910328253308788,0.0
2019-01-16,0.10808832897489379,1.0
2019-01-17,0.08610375037275708,0.0
2019-01-18,0.18944365817502998,1.0
2019-01-22,0.1601876608363629,1.0
2019-01-23,0.18056962164106458,1.0
2019-01-24,0.20633336170987143,1.0
2019-01-25,0.16440019320918156,1.0
2019-01-28,0.11814738397981855,1.0
2019-01-29,0.12055944023861166,1.0
2019-01-30,0.08786869949338381,0.0
2019-01-31,0.032729044884470274,0.0
2019-02-01,-0.03167343087141755,0.0
2019-02-04,-0.07240941657074991,0.0
2019-02-05,-0.125445983454498,-1.0
2019-02-06,-0.10962547782609279,-1.0
2019-02-07,-0.07013320969431439,0.0
2019-02-08,-0.099372650892891,0.0
2019-02-11,-0.08697651130467196,0.0
2019-02-12,-0.15555486586613942,-1.0
2019-02-13,-0.14401632710616785,-1.0
2019-02-14,-0.11539621209342425,-1.0
2019-02-15,-0.17186483035972036,-1.0
2019-02-19,-0.17033428152185598,-1.0
2019-02-20,-0.2129887325484044,-1.0
2019-02-21,-0.18334265347278328,-1.0
2019-02-22,-0.18293569269721882,-1.0
2019-02-25,-0.18320562748808988,-1.0
2019-02-26,-0.15995677668396652,-1.0
2019-02-27,-0.16420637367397378,-1.0
2019-02-28,-0.13841882872274722,-1.0
2019-03-01,-0.12811021155721994,-1.0
2019-03-04,-0.0671282300384849,0.0
2019-03-05,-0.035531845281721215,0.0
2019-03-06,-0.05086241485223462,0.0
2019-03-07,-0.05146158150514185,0.0
2019-03-08,-0.11210180886107819,-1.0
2019-03-11,-0.15108729032758847,-1.0
2019-03-12,-0.11055062960928362,-1.0
2019-03-13,-0.09110053837454618,0.0
2019-03-14,-0.11044188562218865,-1.0
2019-03-15,-0.09685336734135164,0.0
2019-03-18,-0.1397546373175511,-1.0
2019-03-19,-0.092471691646168,0.0
2019-03-20,-0.05701365005582874,0.0
2019-03-21,-0.03205053712385637,0.0
2019-03-22,-0.05465869835934583,0.0
2019-03-25,-0.08094510074866305,0.0
2019-03-26,-0.11406587983906444,-1.0
2019-03-27,-0.1236155852671626,-1.0
2019-03-28,-0.10981353415209129,-1.0
2019-03-29,-0.1578638178282872,-1.0
2019-04-01,-0.16124041485360582,-1.0
2019-04-02,-0.2029984370123089,-1.0
2019-04-03,-0.20647429606056447,-1.0
2019-04-04,-0.20482701337822984,-1.0
2019-04-05,-0.1658605832854648,-1.0
2019-04-08,-0.11338705931499994,-1.0
2019-04-09,-0.10172338478103059,-1.0
2019-04-10,-0.07480691710654355,0.0
2019-04-11,-0.0893272183612157,0.0
2019-04-12,-0.0516625037200323,0.0
2019-04-15,-0.05617767977424642,0.0
2019-04-16,-0.03926486927833758,0.0
2019-04-17,-0.020073005571834723,0.0
2019-04-18,-0.05173856149888385,0.0
2019-04-22,-0.0873338596079379,0.0
2019-04-23,-0.07225262627121685,0.0
2019-04-24,-0.07810588855550203,0.0
2019-04-25,-0.024269190423393257,0.0
2019-04-26,-0.0076912207453670245,0.0
2019-04-29,-0.0076925171709468386,0.0
2019-04-30,0.012506934955953284,0.0
2019-05-01,-0.029356707384446564,0.0
2019-05-02,-0.044438427827237933,0.0
2019-05-03,-0.03713749811876988,0.0
2019-05-06,-0.01827132845367654,0.0
2019-05-07,-0.046959930268430754,0.0
2019-05-08,-0.02756588064478032,0.0
2019-05-09,-0.022485149899404738,0.0
2019-05-10,-0.03341478211479093,0.0
2019-05-13,-0.02110560749914969,0.0
2019-05-14,-0.03704457904960676,0.0
2019-05-15,-0.011709605005952866,0.0
2019-05-16,-0.04576013054327362,0.0
2019-05-17,-0.046521932671704874,0.0
2019-05-20,-0.029458272070918053,0.0
2019-05-21,-0.030917517161440387,0.0
2019-05-22,-0.006633023406241027,0.0
2019-05-23,0.014457234372623444,0.0
2019-05-24,0.018507111391989083,0.0
2019-05-28,0.025098868103160723,0.0
2019-05-29,0.02659682560536201,0.0
2019-05-30,0.04871000011921261,0.0
2019-05-31,0.11172765825084202,1.0
2019-06-03,0.08343026294336549,0.0
2019-06-04,0.11219142238758957,1.0
2019-06-05,0.06955973276979795,0.0
2019-06-06,0.11872361252069026,1.0
2019-06-07,0.11608809782557361,1.0
2019-06-10,0.11127254978527137,1.0
2019-06-11,0.07927930715643655,0.0
2019-06-12,0.04322807941312533,0.0
2019-06-13,0.05360455453087787,0.0
2019-06-14,0.004027160444263327,0.0
2019-06-17,0.051151862502941035,0.0
2019-06-18,0.060483876219124384,0.0
2019-06-19,0.06995055311567021,0.0
2019-06-20,0.07270040947282687,0.0
2019-06-21,0.03505013106602997,0.0
2019-06-24,0.001030825379136871,0.0
2019-06-25,-0.02493573808633886,0.0
2019-06-26,-0.00798435824929599,0.0
2019-06-27,0.03385606358037861,0.0
2019-06-28,-0.014524645683661649,0.0
2019-07-01,-0.04702626855710015,0.0
2019-07-02,-0.005803997369173495,0.0
2019-07-03,-0.030117275085417117,0.0
2019-07-05,-0.009893557355440305,0.0
2019-07-08,-0.024749161076279825,0.0
2019-07-09,-0.06319789069629728,0.0
2019-07-10,-0.03789737574717646,0.0
2019-07-11,-0.015238103996266171,0.0
2019-07-12,0.01120577754303006,0.0
2019-07-15,0.005962764994308693,0.0
2019-07-16,0.010646159465898152,0.0
2019-07-17,-0.010150481139239335,0.0
2019-07-18,-0.05037977099461023,0.0
2019-07-19,-0.08986721430419427,0.0
2019-07-22,-0.03883614125838978,0.0
2019-07-23,-0.02058457742686938,0.0
2019-07-24,0.012502753510047999,0.0
2019-07-25,0.04843898674857742,0.0
2019-07-26,0.017762779852931416,0.0
2019-07-29,0.007283937650207707,0.0
2019-07-30,0.045250470890940475,0.0
2019-07-31,0.056424299055440684,0.0
2019-08-01,0.06710219502813052,0.0
2019-08-02,0.022332947806552036,0.0
2019-08-05,0.014248235422012315,0.0
2019-08-06,-0.024620825729144064,0.0
2019-08-07,-0.010042605816558726,0.0
2019-08-08,0.03149930962318914,0.0
2019-08-09,0.07158173765448186,0.0
2019-08-12,0.08656027287905778,0.0
2019-08-13,0.10845384486241975,1.0
2019-08-14,0.06824155007658148,0.0
2019-08-15,0.0573988125083625,0.0
2019-08-16,0.047736032606494845,0.0
2019-08-19,0.039148068057664985,0.0
2019-08-20,-0.0026220784859834353,0.0
2019-08-21,-0.027072313955545192,0.0
2019-08-22,-0.06723446766191335,0.0
2019-08-23,-0.06631765290539272,0.0
2019-08-26,-0.08402591994270184,0.0
2019-08-27,-0.10619270716738646,-1.0
2019-08-28,-0.06577894943605106,0.0
2019-08-29,-0.0845902611192634,0.0
2019-08-30,-0.15407003368690028,-1.0
2019-09-03,-0.12327879937463844,-1.0
2019-09-04,-0.07004908151870946,0.0
2019-09-05,0.0053699025432641795,0.0
2019-09-06,-0.027082741290020022,0.0
2019-09-09,-0.056188617425449304,0.0
2019-09-10,-0.11981963961878014,-1.0
2019-09-11,-0.1372890303976697,-1.0
2019-09-12,-0.08668330832441522,0.0
2019-09-13,-0.07928545189053587,0.0
2019-09-16,-0.06024412189237243,0.0
2019-09-17,-0.03053524062828027,0.0
2019-09-18,0.010156640304919367,0.0
2019-09-19,0.016161777458268307,0.0
2019-09-20,0.03444944041868512,0.0
2019-09-23,0.0721501382492311,0.0
2019-09-24,0.06087225158885049,0.0
2019-09-25,0.07817469767460007,0.0
2019-09-26,0.08723597856968393,0.0
2019-09-27,0.029209416044680026,0.0
2019-09-30,0.05967905908742062,0.0
2019-10-01,0.11834122300422813,1.0
2019-10-02,0.15090967054063872,1.0
2019-10-03,0.12367507807500691,1.0
2019-10-04,0.03516093483789818,0.0
2019-10-07,0.09388161575979413,0.0
2019-10-08,0.06056142173177961,0.0
2019-10-09,0.0559847009421547,0.0
2019-10-10,0.0443084538409543,0.0
2019-10-11,0.014098893322560261,0.0
2019-10-14,-0.0006900142846222922,0.0
2019-10-15,0.06801414142664386,0.0
2019-10-16,0.08211082671651292,0.0
2019-10-17,0.06174198484586018,0.0
2019-10-18,0.05828972280935111,0.0
2019-10-21,0.05777843175397169,0.0
2019-10-22,0.07957138085328266,0.0
2019-10-23,0.08856311708165664,0.0
2019-10-24,0.1099505657278173,1.0
2019-10-25,0.09761521083173476,0.0
2019-10-28,0.10185284526095575,1.0
2019-10-29,0.08960452289019266,0.0
2019-10-30,0.0860901116282052,0.0
2019-10-31,0.0866234709689656,0.0
2019-11-01,0.10199908352336062,1.0
2019-11-04,0.07465717767194283,0.0
2019-11-05,0.060536219303734436,0.0
2019-11-06,0.08663743613816657,0.0
2019-11-07,0.10161575919344117,1.0
2019-11-08,0.10646049360614582,1.0
2019-11-11,0.10053050375540862,1.0
2019-11-12,0.1722702953614683,1.0
2019-11-13,0.0805313264622172,0.0
2019-11-14,0.06505415680763114,0.0
2019-11-15,0.03673790588645552,0.0
2019-11-18,0.005173536596469731,0.0
2019-11-19,-0.016498578188938982,0.0
2019-11-20,-0.008399478893244307,0.0
2019-11-21,-0.0011288199942857103,0.0
2019-11-22,-0.002215396144875758,0.0
2019-11-25,0.012876185783143571,0.0
2019-11-26,0.02986707335634015,0.0
2019-11-27,0.018191392276749235,0.0
2019-11-29,0.033033837466243644,0.0
2019-12-02,0.024844595852410126,0.0
2019-12-03,0.02846264405887383,0.0
2019-12-04,0.1258915716470066,1.0
2019-12-05,0.12704584422854823,1.0
2019-12-06,0.13063395332876726,1.0
2019-12-09,0.1560596425240527,1.0
2019-12-10,0.16451574577011896,1.0
2019-12-11,0.11780786894004659,1.0
2019-12-12,0.09166899489159241,0.0
2019-12-13,0.0924556576767697,0.0
2019-12-16,0.06694735580948812,0.0
2019-12-17,0.08656711985658928,0.0
2019-12-18,0.10044806920015925,1.0
2019-12-19,0.10805117620159568,1.0
2019-12-20,0.04290461387424307,0.0
2019-12-23,0.025431974560956867,0.0
2019-12-24,0.013353879977457782,0.0
2019-12-26,-0.02332066553956575,0.0
2019-12-27,-0.020048859997686966,0.0
2019-12-30,0.01743872156409364,0.0
2019-12-31,-0.03102224785504976,0.0
2020-01-02,-0.06804310357460758,0.0
2020-01-03,-0.10394108027961024,-1.0
2020-01-06,-0.153624166394985,-1.0
2020-01-07,-0.1507481776344255,-1.0
2020-01-08,-0.16342622557615485,-1.0
2020-01-09,-0.19420904202303846,-1.0
2020-01-10,-0.2390355788096175,-1.0
2020-01-13,-0.20470804415024588,-1.0
2020-01-14,-0.22909091497183948,-1.0
2020-01-15,-0.21089936837396783,-1.0
2020-01-16,-0.18912878145804482,-1.0
2020-01-17,-0.15440958185638762,-1.0
2020-01-21,-0.1663883077216708,-1.0
2020-01-22,-0.2284534643623534,-1.0
2020-01-23,-0.1812292369299783,-1.0
2020-01-24,-0.14477819331627503,-1.0
2020-01-27,-0.11607884418852142,-1.0
2020-01-28,-0.09213547024926745,0.0
2020-01-29,-0.11935303300576822,-1.0
2020-01-30,-0.12263222115908429,-1.0
2020-01-31,-0.10782358961053694,-1.0
2020-02-03,-0.07849977428323494,0.0
2020-02-04,-0.04811656905020833,0.0
2020-02-05,-0.00039665938339128676,0.0
2020-02-06,0.045758062171652215,0.0
2020-02-07,0.05993102396232169,0.0
2020-02-10,0.054210909959729665,0.0
2020-02-11,0.10102401125908177,1.0
2020-02-12,0.044040583833230215,0.0
2020-02-13,0.05701693300740123,0.0
2020-02-14,0.04580907035341903,0.0
2020-02-18,0.026658405823331982,0.0
2020-02-19,-0.0022146653693614973,0.0
2020-02-20,0.009152199370885891,0.0
2020-02-21,0.10679365234193748,1.0
2020-02-24,0.10184121769846169,1.0
2020-02-25,0.05850511986356497,0.0
2020-02-26,0.02022370364310842,0.0
2020-02-27,0.017954926381824696,0.0
2020-02-28,0.04900398897817024,0.0
2020-03-02,0.009019591616956337,0.0
2020-03-03,0.01658021604192737,0.0
2020-03-04,-0.0018742345914389332,0.0
2020-03-05,-0.0460390392405587,0.0
2020-03-06,-0.09183650440212875,0.0
2020-03-09,-0.16816010010318005,-1.0
2020-03-10,-0.15844752060771553,-1.0
2020-03-11,-0.14241228101063041,-1.0
2020-03-12,-0.13822080034913112,-1.0
2020-03-13,-0.07777225381513848,0.0
2020-03-16,-0.0658076582878225,0.0
2020-03-17,-0.04799002102082082,0.0
2020-03-18,-0.03825080043756942,0.0
2020-03-19,-0.036949271680218304,0.0
2020-03-20,-0.031749949770010236,0.0
2020-03-23,-0.11581779187831155,-1.0
2020-03-24,-0.11792280337757022,-1.0
2020-03-25,-0.08250532662015501,0.0
2020-03-26,-0.050590645984626016,0.0
2020-03-27,-0.028640993559805313,0.0
2020-03-30,-0.0178991786895129,0.0
2020-03-31,0.005229877628383354,0.0
2020-04-01,0.025194511004360473,0.0
2020-04-02,0.01736103606156902,0.0
2020-04-03,0.04194233370837496,0.0
2020-04-06,0.07737239500121931,0.0
2020-04-07,0.1183484750631286,1.0
2020-04-08,0.09662992074654804,0.0
2020-04-09,0.082584526799062,0.0
2020-04-13,0.07948882115578963,0.0
2020-04-14,0.07513681265941065,0.0
2020-04-15,0.04541238502246461,0.0
2020-04-16,-0.01712044547026375,0.0
2020-04-17,-0.027375919014748253,0.0
2020-04-20,-0.06164300664805634,0.0
2020-04-21,-0.05921592727146943,0.0
2020-04-22,-0.0044727250749585275,0.0
2020-04-23,-0.01255189187098278,0.0
2020-04-24,-0.012560327364274065,0.0
2020-04-27,-0.027424628357404217,0.0
2020-04-28,-0.04434616999630524,0.0
2020-04-29,-0.059118892735891354,0.0
2020-04-30,-0.08819325132919723,0.0
2020-05-01,-0.06805866095570637,0.0
2020-05-04,-0.05500442327760119,0.0
2020-05-05,-0.032002011073152106,0.0
2020-05-06,-0.07245774274337671,0.0
2020-05-07,-0.13808429365743213,-1.0
2020-05-08,-0.11632782560230223,-1.0
2020-05-11,-0.09786863058103262,0.0
2020-05-12,-0.11984617990278607,-1.0
2020-05-13,-0.15473366949642267,-1.0
2020-05-14,-0.0949075473757838,0.0
2020-05-15,-0.0689381098588564,0.0
2020-05-18,-0.016859133172518952,0.0
2020-05-19,-0.008371395235026844,0.0
2020-05-20,0.0191988745323293,0.0
2020-05-21,0.01518977590480711,0.0
2020-05-22,0.04056906539709486,0.0
2020-05-26,-0.006764625490300881,0.0
2020-05-27,-0.01866138063804661,0.0
2020-05-28,-0.025011127337847695,0.0
2020-05-29,-0.06367067578227846,0.0
2020-06-01,-0.01871911008627348,0.0
2020-06-02,-0.05524714054742382,0.0
2020-06-03,-0.05863631608192953,0.0
2020-06-04,-0.09727957526446,0.0
2020-06-05,-0.13167933099548584,-1.0
2020-06-08,-0.09960338134893039,0.0
2020-06-09,-0.06197341622962461,0.0
2020-06-10,-0.052619434045203174,0.0
2020-06-11,-0.03199853692935476,0.0
2020-06-12,-0.01794605473682185,0.0
2020-06-15,-0.04419768367506425,0.0
2020-06-16,-0.003172414627183221,0.0
2020-06-17,-0.07011425085661685,0.0
2020-06-18,-0.022580745927027607,0.0
2020-06-19,-0.020926451702415604,0.0
2020-06-22,0.0037026040558141805,0.0
2020-06-23,-0.0005414894082697776,0.0
2020-06-24,0.012416536768602058,0.0
2020-06-25,0.03184702132958983,0.0
2020-06-26,0.04445979194435353,0.0
2020-06-29,0.059423622381445274,0.0
2020-06-30,0.028111106989923303,0.0
2020-07-01,0.042623162383678914,0.0
2020-07-02,0.08503407516977286,0.0
2020-07-06,0.07907370543484239,0.0
2020-07-07,0.10462274826499761,1.0
2020-07-08,0.112726946067403,1.0
2020-07-09,0.056869692069810296,0.0
2020-07-10,0.04260061304978094,0.0
2020-07-13,0.04945387649026784,0.0
2020-07-14,0.0510365369414722,0.0
2020-07-15,0.08621461906775237,0.0
2020-07-16,0.03559775072794783,0.0
2020-07-17,0.04390677102247286,0.0
2020-07-20,0.014943062837941633,0.0
2020-07-21,-0.04119532991761564,0.0
2020-07-22,-0.06237345363854885,0.0
2020-07-23,-0.033158227861710694,0.0
2020-07-24,-0.033068815628825306,0.0
2020-07-27,-0.04343077926617175,0.0
2020-07-28,-0.0871964186809754,0.0
2020-07-29,-0.09325646355302866,0.0
2020-07-30,-0.08860841069700803,0.0
2020-07-31,-0.09850148087452654,0.0
2020-08-03,-0.10506558982756765,-1.0
2020-08-04,-0.06267810543932394,0.0
2020-08-05,-0.05416923285631177,0.0
2020-08-06,-0.0521159829178939,0.0
2020-08-07,-0.04145841057832462,0.0
2020-08-10,-0.018316591227866056,0.0
2020-08-11,0.013500356524232687,0.0
2020-08-12,-0.005452557861479336,0.0
2020-08-13,-0.060287113151450585,0.0
2020-08-14,-0.052195607338650744,0.0
2020-08-17,-0.03818773897115245,0.0
2020-08-18,-0.02482572746393804,0.0
2020-08-19,0.037676261298893794,0.0
2020-08-20,0.040060503467996174,0.0
2020-08-21,-0.006927772056269894,0.0
2020-08-24,-0.003627212898349485,0.0
2020-08-25,-0.028596199664039743,0.0
2020-08-26,0.05143413675164284,0.0
2020-08-27,0.028146552138866972,0.0
2020-08-28,0.04147121421706523,0.0
2020-08-31,0.097003581327461,0.0
2020-09-01,0.06687008683270829,0.0
2020-09-02,0.04885129915142247,0.0
2020-09-03,0.06623215625220062,0.0
2020-09-04,0.05543723136249953,0.0
2020-09-08,0.07563901148496906,0.0
2020-09-09,-0.0047485224989552155,0.0
2020-09-10,-0.006333629348429285,0.0
2020-09-11,-0.01624659824565122,0.0
2020-09-14,-0.0031553389265765695,0.0
2020-09-15,0.016473136689802208,0.0
2020-09-16,0.035934392879937375,0.0
2020-09-17,-0.013255592972882278,0.0
2020-09-18,-0.02608449693125167,0.0
2020-09-21,0.023596586420483946,0.0
2020-09-22,-0.0018042783095105345,0.0
2020-09-23,-0.0013684975981191599,0.0
2020-09-24,0.00241511390943385,0.0
2020-09-25,-0.03724465357506513,0.0
2020-09-28,0.0012288065358625263,0.0
2020-09-29,-0.018260014596900777,0.0
2020-09-30,-0.0546121311295495,0.0
2020-10-01,-0.01199323078820041,0.0
2020-10-02,-0.011780617116580393,0.0
2020-10-05,0.014154578713809242,0.0
2020-10-06,-0.011732837576726714,0.0
2020-10-07,-0.06656081570228559,0.0
2020-10-08,-0.001736464617629875,0.0
2020-10-09,-0.0022472046629265613,0.0
2020-10-12,0.040634651979096346,0.0
2020-10-13,0.03953109597966905,0.0
2020-10-14,0.04984285945457907,0.0
2020-10-15,0.0060561849067908066,0.0
2020-10-16,0.05820752133567557,0.0
2020-10-19,0.06827589060963683,0.0
2020-10-20,0.00951809805008622,0.0
2020-10-21,0.031118472480725363,0.0
2020-10-22,0.033203965255708685,0.0
2020-10-23,0.03853967563058954,0.0
2020-10-26,0.026481870883104733,0.0
2020-10-27,0.07536776985577233,0.0
2020-10-28,0.08394180386623248,0.0
2020-10-29,0.06297794671787993,0.0
2020-10-30,0.004279720819297177,0.0
2020-11-02,0.026324800297446955,0.0
2020-11-03,0.005287715253995108,0.0
2020-11-04,0.021019827526715003,0.0
2020-11-05,0.07558843866150014,0.0
2020-11-06,0.09828240884580422,0.0
2020-11-09,0.049078407349637344,0.0
2020-11-10,-0.003856800350758569,0.0
2020-11-11,0.027459674447283436,0.0
2020-11-12,0.011293681490740335,0.0
2020-11-13,0.06001939678007744,0.0
2020-11-16,-0.0007466435518051137,0.0
2020-11-17,-0.0003257364877915149,0.0
2020-11-18,-0.018129929057652962,0.0
2020-11-19,0.010464434073864097,0.0
2020-11-20,0.004380413658741096,0.0
2020-11-23,-0.007792040215750611,0.0
2020-11-24,-0.015594652135680632,0.0
2020-11-25,-0.04860310897236779,0.0
2020-11-27,-0.03963235658563657,0.0
2020-11-30,-0.016440997469057417,0.0
2020-12-01,0.0463480275766967,0.0
2020-12-02,-0.008422183614994727,0.0
2020-12-03,0.03406061397193728,0.0
2020-12-04,0.05158380250658377,0.0
2020-12-07,-0.0017931115985020199,0.0
2020-12-08,-0.06784481564845297,0.0
2020-12-09,-0.05858936387459339,0.0
2020-12-10,0.007277387994461121,0.0
2020-12-11,-0.019941510450890553,0.0
2020-12-14,0.03209590261963956,0.0
2020-12-15,-0.021394370590781055,0.0
2020-12-16,0.025181716172987045,0.0
2020-12-17,-0.025754683991270035,0.0
2020-12-18,0.011734297580762857,0.0
2020-12-21,0.015502966916597626,0.0
2020-12-22,0.005253741357235581,0.0
2020-12-23,-0.034138521991192744,0.0
2020-12-24,-0.019814426981129344,0.0
2020-12-28,-0.025817628578130976,0.0
2020-12-29,-0.01877377713475922,0.0
2020-12-30,-0.0033318111333238143,0.0
2020-12-31,-0.07584319552649835,0.0
2021-01-04,-0.022671982004792854,0.0
2021-01-05,-0.032882696222592114,0.0
2021-01-06,-0.07757173264991898,0.0
2021-01-07,-0.04859836733830219,0.0
2021-01-08,-0.0287071990580411,0.0
2021-01-11,-0.025958733164177537,0.0
2021-01-12,-0.03935963608126625,0.0
2021-01-13,-0.0478084551270993,0.0
2021-01-14,-0.0997064668838797,0.0
2021-01-15,-0.06467066652102478,0.0
2021-01-19,-0.09012851631711294,0.0
2021-01-20,-0.08619724370895177,0.0
2021-01-21,-0.0787434524533329,0.0
2021-01-22,-0.12645577939872754,-1.0
2021-01-25,-0.10075484086433012,-1.0
2021-01-26,-0.028263751716010952,0.0
2021-01-27,-0.07420134253080077,0.0
2021-01-28,-0.10093614611946158,-1.0
2021-01-29,-0.08260795518347178,0.0
2021-02-01,-0.13496357457495053,-1.0
2021-02-02,-0.12056282270605387,-1.0
2021-02-03,-0.12544348730336466,-1.0
2021-02-04,-0.13463463475893012,-1.0
2021-02-05,-0.09860343913073788,0.0
2021-02-08,-0.12015180062507312,-1.0
2021-02-09,-0.07477506276208978,0.0
2021-02-10,-0.03164029658973391,0.0
2021-02-11,-0.01665969234443922,0.0
2021-02-12,-0.002969842999366296,0.0
2021-02-16,-0.005934353149190132,0.0
2021-02-17,-0.026497661891018966,0.0
2021-02-18,0.011677433748211055,0.0
2021-02-19,0.047208564384491114,0.0
2021-02-22,0.06412246734127908,0.0
2021-02-23,0.10641210094739076,1.0
2021-02-24,0.05477690256187479,0.0
2021-02-25,0.06875523248011009,0.0
2021-02-26,0.08620734589339858,0.0
2021-03-01,0.09344055932942973,0.0
2021-03-02,0.07106959054380237,0.0
2021-03-03,0.14103201479698416,1.0
2021-03-04,0.2231579498070904,1.0
2021-03-05,0.22604035847990603,1.0
2021-03-08,0.20368303700981663,1.0
2021-03-09,0.22140769930852303,1.0
2021-03-10,0.2549510124848683,1.0
2021-03-11,0.2158061975795321,1.0
2021-03-12,0.2173226171169156,1.0
2021-03-15,0.2003611221649195,1.0
2021-03-16,0.20990441053907438,1.0
2021-03-17,0.24310396725627892,1.0
2021-03-18,0.2708546569441673,1.0
2021-03-19,0.27778159308632966,1.0
2021-03-22,0.25488679247012763,1.0
2021-03-23,0.21067852901930323,1.0
2021-03-24,0.17052074458967847,1.0
2021-03-25,0.2153908658626307,1.0
2021-03-26,0.20948396591930352,1.0
2021-03-29,0.2424297917144213,1.0
2021-03-30,0.2881959703324879,1.0
2021-03-31,0.28307365651964256,1.0
2021-04-01,0.25411918237074327,1.0
2021-04-05,0.158582625709156,1.0
2021-04-06,0.1358980561977905,1.0
2021-04-07,0.1566364686947341,1.0
2021-04-08,0.1639843496127763,1.0
2021-04-09,0.13619664184960673,1.0
2021-04-12,0.14191402473437978,1.0
2021-04-13,0.06366138896809725,0.0
2021-04-14,0.04968535120191889,0.0
2021-04-15,0.05895310086600329,0.0
2021-04-16,0.05693146289196183,0.0
2021-04-19,0.058871800912325974,0.0
2021-04-20,0.040295854496206505,0.0
2021-04-21,0.05516736319720386,0.0
2021-04-22,0.052938254070114585,0.0
2021-04-23,0.09559581987728437,0.0
2021-04-26,0.09512350467573107,0.0
2021-04-27,0.08830252327388068,0.0
2021-04-28,0.06506754091770314,0.0
2021-04-29,-0.026175726980289787,0.0
2021-04-30,-0.00017676969682032276,0.0
2021-05-03,-0.027783836982610558,0.0
2021-05-04,-0.022620907720262783,0.0
2021-05-05,0.0027979851930126057,0.0
2021-05-06,-0.023271878995080805,0.0
2021-05-07,-0.01851535738705651,0.0
2021-05-10,0.0030180704376026627,0.0
2021-05-11,0.02060192748875317,0.0
2021-05-12,0.0239058407166833,0.0
2021-05-13,0.060899729226927074,0.0
2021-05-14,0.04577957993662802,0.0
2021-05-17,0.023188748042274138,0.0
2021-05-18,0.01482951235649784,0.0
2021-05-19,-0.02862827468003974,0.0
2021-05-20,-0.01902718764985114,0.0
2021-05-21,-0.02771444727881583,0.0
2021-05-24,-0.07632890314942625,0.0
2021-05-25,-0.122070366494139,-1.0
2021-05-26,-0.1074274901542613,-1.0
2021-05-27,-0.1099177039938261,-1.0
2021-05-28,-0.02257417520179233,0.0
2021-06-01,-0.06134708074901967,0.0
2021-06-02,-0.09039119312133674,0.0
2021-06-03,-0.09626866768495634,0.0
2021-06-04,-0.08339007366424485,0.0
2021-06-07,-0.07785513554803085,0.0
2021-06-08,-0.11574788565834569,-1.0
2021-06-09,-0.1263301829416531,-1.0
2021-06-10,-0.13031681849791563,-1.0
2021-06-11,-0.07154511662589591,0.0
2021-06-14,-0.06576957105367431,0.0
2021-06-15,-0.08041520220542796,0.0
2021-06-16,-0.10299174139208538,-1.0
2021-06-17,-0.11639702626003416,-1.0
2021-06-18,-0.0685143968576344,0.0
2021-06-21,-0.10091465970738368,-1.0
2021-06-22,-0.09925252477174333,0.0
2021-06-23,-0.059161357066796434,0.0
2021-06-24,-0.02406118989122972,0.0
2021-06-25,-0.04967986127630943,0.0
2021-06-28,-0.05276257906491795,0.0
2021-06-29,-0.09442147051469471,0.0
2021-06-30,-0.10350852295931813,-1.0
2021-07-01,-0.04184496615267723,0.0
2021-07-02,0.009408956017762761,0.0
2021-07-06,-0.0637842506888554,0.0
2021-07-07,-0.08210038729874783,0.0
2021-07-08,-0.10439818374174235,-1.0
2021-07-09,-0.12346893138641583,-1.0
2021-07-12,-0.13714550479020396,-1.0
2021-07-13,-0.19657225194853006,-1.0
2021-07-14,-0.2501438869231919,-1.0
2021-07-15,-0.2645608410822323,-1.0
2021-07-16,-0.2305100518511141,-1.0
2021-07-19,-0.21951722507059038,-1.0
2021-07-20,-0.2416244531972149,-1.0
2021-07-21,-0.21587572670202693,-1.0
2021-07-22,-0.20639819088023445,-1.0
2021-07-23,-0.22014499361313133,-1.0
2021-07-26,-0.1808844817427636,-1.0
2021-07-27,-0.1506611673487564,-1.0
2021-07-28,-0.163216397365665,-1.0
2021-07-29,-0.13870142136980157,-1.0
2021-07-30,-0.09815267297080327,0.0
2021-08-02,-0.1460633016529382,-1.0
2021-08-03,-0.15121832742953764,-1.0
2021-08-04,-0.07181405892880849,0.0
2021-08-05,-0.07636252450988863,0.0
2021-08-06,-0.0626571793479501,0.0
2021-08-09,-0.02306966302864634,0.0
2021-08-10,-0.014577486787933587,0.0
2021-08-11,0.033087269994519435,0.0
2021-08-12,0.06306250933340869,0.0
2021-08-13,0.09624864975016237,0.0
2021-08-16,0.06025250597448258,0.0
2021-08-17,0.08341519163139455,0.0
2021-08-18,0.12785953675237055,1.0
2021-08-19,0.11826357202309601,1.0
2021-08-20,0.1298796152163925,1.0
2021-08-23,0.10002512728422625,1.0
2021-08-24,0.0726668809176601,0.0
2021-08-25,0.05449028682049068,0.0
2021-08-26,0.08384294928167307,0.0
2021-08-27,0.09093968563720012,0.0
2021-08-30,0.06398165230477716,0.0
2021-08-31,0.10448397557424022,1.0
2021-09-01,0.06116122560287049,0.0
2021-09-02,0.024089915104949348,0.0
2021-09-03,0.046534094282797735,0.0
2021-09-07,0.07353200645311657,0.0
2021-09-08,0.04052173373622334,0.0
2021-09-09,0.030672200884444476,0.0
2021-09-10,0.03699315556220232,0.0
2021-09-13,0.018271476863698892,0.0
2021-09-14,-0.029439239580381006,0.0
2021-09-15,0.043696644282869054,0.0
2021-09-16,0.05167706648587327,0.0
2021-09-17,-0.007018634245685391,0.0
2021-09-20,0.014721082782473369,0.0
2021-09-21,0.003591307416263447,0.0
2021-09-22,0.04614982545882763,0.0
2021-09-23,0.04076829789409263,0.0
2021-09-24,0.021635598963797527,0.0
2021-09-27,0.004315925580923997,0.0
2021-09-28,-0.03905359784938068,0.0
2021-09-29,-0.05326343082517761,0.0
2021-09-30,-0.08661273913021428,0.0
2021-10-01,-0.06451156383992719,0.0
2021-10-04,-0.08097547200400615,0.0
2021-10-05,-0.06065921990236142,0.0
2021-10-06,-0.03045323024563418,0.0
2021-10-07,-0.03532022361860724,0.0
2021-10-08,-0.026199997329757467,0.0
2021-10-11,-0.03381432681771244,0.0
2021-10-12,-0.012028024645775123,0.0
2021-10-13,0.028172255274492183,0.0
2021-10-14,0.004418098169368319,0.0
2021-10-15,-0.016662889985113265,0.0
2021-10-18,-0.014756176639749988,0.0
2021-10-19,-0.009916423290088879,0.0
2021-10-20,0.02359964399724375,0.0
2021-10-21,-0.0006369544798996191,0.0
2021-10-22,-0.006618494271329506,0.0
2021-10-25,0.015155088392587621,0.0
2021-10-26,0.02885295533554163,0.0
2021-10-27,0.07090156422114599,0.0
2021-10-28,0.14844500933496985,1.0
2021-10-29,0.14980573948412962,1.0
2021-11-01,0.11951111276172272,1.0
2021-11-02,0.14359649680855777,1.0
2021-11-03,0.14467886362204943,1.0
2021-11-04,0.10439163702831991,1.0
2021-11-05,0.15209803526921759,1.0
2021-11-08,0.11518036634004322,1.0
2021-11-09,0.11968398081812744,1.0
2021-11-10,0.09424577877850472,0.0
2021-11-11,0.13275743544167035,1.0
2021-11-12,0.16166817318886112,1.0
2021-11-15,0.13234987612102198,1.0
2021-11-16,0.14814027340876013,1.0
2021-11-17,0.14767314254781944,1.0
2021-11-18,0.11766657904905145,1.0
2021-11-19,0.1343384627957722,1.0
2021-11-22,0.13384968658047938,1.0
2021-11-23,0.07246875967661424,0.0
2021-11-24,0.07684777729913357,0.0
2021-11-26,0.034832487184346464,0.0
2021-11-29,-0.03353604624223368,0.0
2021-11-30,0.019079969684817132,0.0
2021-12-01,0.02167934341573708,0.0
2021-12-02,0.03346297152675971,0.0
2021-12-03,0.009360619709454383,0.0
2021-12-06,0.008272618320688976,0.0
2021-12-07,-0.0072948270554115974,0.0
2021-12-08,0.03273648820887171,0.0
2021-12-09,0.03020936124658077,0.0
2021-12-10,0.06781861579671827,0.0
2021-12-13,0.01902041018696984,0.0
2021-12-14,-0.04291467584547408,0.0
2021-12-15,-0.050515910486596496,0.0
2021-12-16,-0.057343109652010234,0.0
2021-12-17,-0.00798113413750076,0.0
2021-12-20,0.030859710009952926,0.0
2021-12-21,-0.0002430277946103538,0.0
2021-12-22,-0.03218050264263902,0.0
2021-12-23,0.0253130468486159,0.0
2021-12-27,0.039326558160233456,0.0
2021-12-28,0.06910529003218291,0.0
2021-12-29,0.07515920423813224,0.0
2021-12-30,0.03837326293412723,0.0
2021-12-31,0.07621752342067768,0.0
2022-01-03,0.05910477564857542,0.0
2022-01-04,0.012908561060525422,0.0
2022-01-05,0.013667078793990877,0.0
2022-01-06,-0.025991705581904345,0.0
2022-01-07,-0.030345359112074602,0.0
2022-01-10,0.026615659895911185,0.0
2022-01-11,0.01220972617190675,0.0
2022-01-12,0.012664047096384108,0.0
2022-01-13,0.04909897016132575,0.0
2022-01-14,0.08606642470925799,0.0
2022-01-18,0.11523784367955048,1.0
2022-01-19,0.05961660704958017,0.0
2022-01-20,0.07826970504728441,0.0
2022-01-21,0.0829841519229598,0.0
2022-01-24,0.12469895159783949,1.0
2022-01-25,0.09082152494456205,0.0
2022-01-26,0.09023839527150837,0.0
2022-01-27,0.055282072359846016,0.0
2022-01-28,0.05147477944955184,0.0
2022-01-31,0.047757653040056795,0.0
2022-02-01,0.06364363515030738,0.0
2022-02-02,0.08368376126855562,0.0
2022-02-03,0.10698011906463925,1.0
2022-02-04,0.11378661128441206,1.0
2022-02-07,0.11725527297349479,1.0
2022-02-08,0.08371724504762061,0.0
2022-02-09,0.007884272774797705,0.0
2022-02-10,-0.008435511861635216,0.0
2022-02-11,0.05664349726527284,0.0
2022-02-14,0.04496440289652627,0.0
2022-02-15,0.00065948218151901,0.0
2022-02-16,-0.022674858599599848,0.0
2022-02-17,-0.012439963746982186,0.0
2022-02-18,-0.011327638474345422,0.0
2022-02-22,-0.02216618527597201,0.0
2022-02-23,-0.07797410821444617,0.0
2022-02-24,-0.011116034899349323,0.0
2022-02-25,-0.014673749468521263,0.0
2022-02-28,-0.013548796967269667,0.0
2022-03-01,0.009255057159262581,0.0
2022-03-02,-0.046673677840494115,0.0
2022-03-03,-0.07038132239682256,0.0
2022-03-04,-0.08507092461375189,0.0
2022-03-07,-0.03404937963575988,0.0
2022-03-08,-0.05960976750968984,0.0
2022-03-09,-0.04090200134400461,0.0
2022-03-10,-0.03325192264474769,0.0
2022-03-11,-0.022124377731041308,0.0
2022-03-14,-0.03568299355498546,0.0
2022-03-15,-0.10247364238960806,-1.0
2022-03-16,-0.13556715592720417,-1.0
2022-03-17,-0.08708190324105496,0.0
2022-03-18,-0.05246908201773929,0.0
2022-03-21,-0.08156527402597362,0.0
2022-03-22,-0.12941885317695936,-1.0
2022-03-23,-0.125453619417258,-1.0
2022-03-24,-0.08769822984350868,0.0
2022-03-25,-0.13265385096092736,-1.0
2022-03-28,-0.07995091822973006,0.0
2022-03-29,-0.08541334546773376,0.0
2022-03-30,-0.06373591721238522,0.0
2022-03-31,0.022503055996864602,0.0
2022-04-01,0.029239976700606865,0.0
2022-04-04,0.0633881414939993,0.0
2022-04-05,0.05033290757420818,0.0
2022-04-06,0.08374837623724463,0.0
2022-04-07,0.08057160379466617,0.0
2022-04-08,0.1310608420381467,1.0
2022-04-11,0.150473348879484,1.0
2022-04-12,0.1564522840365416,1.0
2022-04-13,0.13480829996735794,1.0
2022-04-14,0.15275323643339153,1.0
2022-04-18,0.11838706671975537,1.0
2022-04-19,0.09619447327266399,0.0
2022-04-20,0.1301457825225346,1.0
2022-04-21,0.11807362262254867,1.0
2022-04-22,0.15050968913407853,1.0
2022-04-25,0.15803533634551034,1.0
2022-04-26,0.17800628367675517,1.0
2022-04-27,0.06347275921659346,0.0
2022-04-28,0.07482620083885201,0.0
2022-04-29,0.04477578115804636,0.0
2022-05-02,0.049612759728633084,0.0
2022-05-03,0.03150792766107004,0.0
2022-05-04,-0.055059977320400286,0.0
2022-05-05,-0.04893202656674342,0.0
2022-05-06,-0.07353913710671377,0.0
2022-05-09,-0.1006674407032547,-1.0
2022-05-10,-0.14446356444949823,-1.0
2022-05-11,-0.17440996282551016,-1.0
2022-05-12,-0.17407214581333472,-1.0
2022-05-13,-0.19418544641349395,-1.0
2022-05-16,-0.16844323896357088,-1.0
2022-05-17,-0.12019912577315456,-1.0
2022-05-18,-0.10358365447366044,-1.0
2022-05-19,-0.1593088925855794,-1.0
2022-05-20,-0.1531823515887888,-1.0
2022-05-23,-0.15246590671971186,-1.0
2022-05-24,-0.1391137139514343,-1.0
2022-05-25,-0.14235444555606372,-1.0
2022-05-26,-0.10608191843706236,-1.0
2022-05-27,-0.08916031791191138,0.0
2022-05-31,-0.0826706635683227,0.0
2022-06-01,-0.07616423426066733,0.0
2022-06-02,-0.047940544013860435,0.0
2022-06-03,0.0157113165981601,0.0
2022-06-06,0.0030261557182042218,0.0
2022-06-07,0.05209745560283182,0.0
2022-06-08,0.0900043438801705,0.0
2022-06-09,0.08475176468134882,0.0
2022-06-10,0.1217797306774224,1.0
2022-06-13,0.1514484442412053,1.0
2022-06-14,0.19139071706968466,1.0
2022-06-15,0.15858568051731317,1.0
2022-06-16,0.13526821611932852,1.0
2022-06-17,0.1309709746361117,1.0
2022-06-21,0.16240635020999983,1.0
2022-06-22,0.17435230397974924,1.0
2022-06-23,0.21437646775626673,1.0
2022-06-24,0.225512921787436,1.0
2022-06-27,0.21446484062591573,1.0
2022-06-28,0.25175244944077274,1.0
2022-06-29,0.22636175383193727,1.0
2022-06-30,0.22445736989236287,1.0
2022-07-01,0.23183263961879128,1.0
2022-07-05,0.210884804272837,1.0
2022-07-06,0.17364337699648588,1.0
2022-07-07,0.1568117519922337,1.0
2022-07-08,0.09830613791434402,0.0
2022-07-11,0.07040681007757048,0.0
2022-07-12,0.08239431096405524,0.0
2022-07-13,0.016303025835629974,0.0
2022-07-14,0.0009718236796323519,0.0
2022-07-15,0.03369359684390783,0.0
2022-07-18,0.024637997537299536,0.0
2022-07-19,0.054647994490411356,0.0
2022-07-20,0.05624274867386064,0.0
2022-07-21,0.07617890334058106,0.0
2022-07-22,0.053517802008229524,0.0
2022-07-25,0.03275696832127114,0.0
2022-07-26,-0.01916776476139031,0.0
2022-07-27,-0.0024833143820201325,0.0
2022-07-28,-0.020554100828950938,0.0
2022-07-29,0.017575766952282936,0.0
2022-08-01,-0.019254905319923347,0.0
2022-08-02,-0.08297854142510995,0.0
2022-08-03,-0.06354797641100653,0.0
2022-08-04,-0.06611566433348225,0.0
2022-08-05,-0.039869427669254144,0.0
2022-08-08,-0.04646278009384262,0.0
2022-08-09,-0.007461955624418974,0.0
2022-08-10,-0.027735801743167084,0.0
2022-08-11,0.01945694857519968,0.0
2022-08-12,0.03441687013494174,0.0
2022-08-15,-0.0031688454458352624,0.0
2022-08-16,0.03215510652942188,0.0
2022-08-17,0.0019747745275936813,0.0
2022-08-18,-0.02364042404385202,0.0
2022-08-19,-0.07266293850214825,0.0
2022-08-22,-0.1042054940570758,-1.0
2022-08-23,-0.11633622765707824,-1.0
2022-08-24,-0.12776131977265934,-1.0
2022-08-25,-0.14687564889013854,-1.0
2022-08-26,-0.1576321891867436,-1.0
2022-08-29,-0.15538096889344696,-1.0
2022-08-30,-0.13584848715224282,-1.0
2022-08-31,-0.12344243499704327,-1.0
2022-09-01,-0.12077803753461698,-1.0
2022-09-02,-0.090880831287916,0.0
2022-09-06,-0.09441201873700317,0.0
2022-09-07,-0.05087700328445104,0.0
2022-09-08,-0.10714763522194364,-1.0
2022-09-09,-0.05981181463243053,0.0
2022-09-12,-0.058626248726014386,0.0
2022-09-13,-0.097909505122941,0.0
2022-09-14,-0.08787334039404864,0.0
2022-09-15,-0.10313395122929983,-1.0
2022-09-16,-0.11308342827007437,-1.0
2022-09-19,-0.09259448450843023,0.0
2022-09-20,-0.034787891766438366,0.0
2022-09-21,0.037700727434077715,0.0
2022-09-22,-0.001999707013966838,0.0
2022-09-23,0.0496031037592776,0.0
2022-09-26,0.07870644473607531,0.0
2022-09-27,0.09414499042906492,0.0
2022-09-28,0.10388938899246801,1.0
2022-09-29,0.15817948749120309,1.0
2022-09-30,0.1900005383958507,1.0
2022-10-03,0.1795778268562859,1.0
2022-10-04,0.19633097281825712,1.0
2022-10-05,0.19268329881937424,1.0
2022-10-06,0.18248503873179545,1.0
2022-10-07,0.2092030196062511,1.0
2022-10-10,0.22657510260474967,1.0
2022-10-11,0.1934409121163528,1.0
2022-10-12,0.2510072823066738,1.0
2022-10-13,0.26762696692000554,1.0
2022-10-14,0.2379203753163873,1.0
2022-10-17,0.24995858436570284,1.0
2022-10-18,0.19537776160845743,1.0
2022-10-19,0.17721879166433543,1.0
2022-10-20,0.17345377748151022,1.0
2022-10-21,0.19075319189875783,1.0
2022-10-24,0.18022095793712636,1.0
2022-10-25,0.19542363891729536,1.0
2022-10-26,0.17543311322813962,1.0
2022-10-27,0.12606697862733626,1.0
2022-10-28,0.11407367482453383,1.0
2022-10-31,0.13600381410375506,1.0
2022-11-01,0.1297075535526355,1.0
2022-11-02,0.12852782098456988,1.0
2022-11-03,0.1558626638002595,1.0
2022-11-04,0.13770470107551117,1.0
2022-11-07,0.13468013905595583,1.0
2022-11-08,0.12739426501931042,1.0
2022-11-09,0.18661824888133366,1.0
2022-11-10,0.16496724462056464,1.0
2022-11-11,0.13335986355642682,1.0
2022-11-14,0.21176551589725495,1.0
2022-11-15,0.19141627279957152,1.0
2022-11-16,0.2312362800411565,1.0
2022-11-17,0.2247967373550435,1.0
2022-11-18,0.23943687462627147,1.0
2022-11-21,0.27136392016860966,1.0
2022-11-22,0.27760632268538277,1.0
2022-11-23,0.24438840403528356,1.0
2022-11-25,0.2562919722259065,1.0
2022-11-28,0.2915705544972374,1.0
2022-11-29,0.201963655813967,1.0
2022-11-30,0.14997763909801778,1.0
2022-12-01,0.15578387219341447,1.0
2022-12-02,0.10549649768255406,1.0
2022-12-05,0.0832395914495888,0.0
2022-12-06,0.09575595686350889,0.0
2022-12-07,0.14810121562718456,1.0
2022-12-08,0.15575989129322135,1.0
2022-12-09,0.10482228167690844,1.0
2022-12-12,0.08762498738576795,0.0
2022-12-13,0.10639564724043639,1.0
2022-12-14,0.04812273564543877,0.0
2022-12-15,0.06461539147653243,0.0
2022-12-16,0.054172039515783886,0.0
2022-12-19,0.018736933817718793,0.0
2022-12-20,-0.003696993150649397,0.0
2022-12-21,-0.009249315213843026,0.0
2022-12-22,-0.038432815519864334,0.0
2022-12-23,-0.028314741426579432,0.0
2022-12-27,-0.04446065638719547,0.0
2022-12-28,-0.051788196118066024,0.0
2022-12-29,0.027773555648566088,0.0
2022-12-30,0.03385733099986043,0.0
2023-01-03,0.03887980858181855,0.0
2023-01-04,0.05393293981240935,0.0
2023-01-05,0.0402322950564651,0.0
2023-01-06,0.04067905008338266,0.0
2023-01-09,-0.018363332316632383,0.0
2023-01-10,-0.05934444650366766,0.0
2023-01-11,-0.08454557031972766,0.0
2023-01-12,-0.09252841561651329,0.0
2023-01-13,-0.09741655973563386,0.0
2023-01-17,-0.09262606388688571,0.0
2023-01-18,-0.10288895633147838,-1.0
2023-01-19,-0.0860649467045226,0.0
2023-01-20,-0.047379631525027166,0.0
2023-01-23,-0.04106414360824174,0.0
2023-01-24,-0.0710374576957253,0.0
2023-01-25,-0.08008657951621977,0.0
2023-01-26,-0.12552408509014001,-1.0
2023-01-27,-0.12204571221155038,-1.0
2023-01-30,-0.13599982903000257,-1.0
2023-01-31,-0.17275970976541202,-1.0
2023-02-01,-0.20144436986748998,-1.0
2023-02-02,-0.22206482597350805,-1.0
2023-02-03,-0.20606850255035367,-1.0
2023-02-06,-0.1878715437221264,-1.0
2023-02-07,-0.196066599108808,-1.0
2023-02-08,-0.18886738559872937,-1.0
2023-02-09,-0.20639921964275024,-1.0
2023-02-10,-0.1719225833145114,-1.0
2023-02-13,-0.1804658756989282,-1.0
2023-02-14,-0.16079137731128118,-1.0
2023-02-15,-0.19604383006403292,-1.0
2023-02-16,-0.19860384577230678,-1.0
2023-02-17,-0.19057667672499398,-1.0
2023-02-21,-0.19771791207473574,-1.0
2023-02-22,-0.15614091488834816,-1.0
2023-02-23,-0.13332577137501272,-1.0
2023-02-24,-0.1292679100286689,-1.0
2023-02-27,-0.10734359261432587,-1.0
2023-02-28,-0.13766143471766315,-1.0
2023-03-01,-0.13153213182339676,-1.0
2023-03-02,-0.1330670095572522,-1.0
2023-03-03,-0.08114770838448812,0.0
2023-03-06,-0.08346445562489149,0.0
2023-03-07,-0.09062704953888917,0.0
2023-03-08,-0.11994762696999098,-1.0
2023-03-09,-0.0661943601870161,0.0
2023-03-10,-0.06425358050544183,0.0
2023-03-13,0.001298716686074187,0.0
2023-03-14,0.021127964770486545,0.0
2023-03-15,0.052931080174074954,0.0
2023-03-16,0.04813884305633942,0.0
2023-03-17,0.09995369370388602,0.0
2023-03-20,0.06309965504398803,0.0
2023-03-21,0.04976261649852141,0.0
2023-03-22,0.06575139937871434,0.0
2023-03-23,0.0010132995552967652,0.0
2023-03-24,-0.040402362245039666,0.0
2023-03-27,-0.017619061745483548,0.0
2023-03-28,0.025510542419565206,0.0
2023-03-29,0.09752804891564101,0.0
2023-03-30,0.09835461699254072,0.0
2023-03-31,0.1403843864721714,1.0
2023-04-03,0.1104935207057239,1.0
2023-04-04,0.08336611796483591,0.0
2023-04-05,0.0642673399491137,0.0
2023-04-06,0.11632330571973241,1.0
2023-04-10,0.06922519298756578,0.0
2023-04-11,0.07151048086916448,0.0
2023-04-12,0.021149187207438618,0.0
2023-04-13,0.04737446915339672,0.0
2023-04-14,0.07449441299732205,0.0
2023-04-17,0.11809258178800558,1.0
2023-04-18,0.10499175404738434,1.0
2023-04-19,0.156763085475809,1.0
2023-04-20,0.12777790658293517,1.0
2023-04-21,0.14254637543928383,1.0
2023-04-24,0.11602886909601766,1.0
2023-04-25,0.15365054030121542,1.0
2023-04-26,0.12936273116627303,1.0
2023-04-27,0.07522094993764857,0.0
2023-04-28,0.025551658786182728,0.0
2023-05-01,0.012348695489662897,0.0
2023-05-02,-0.023390698865656426,0.0
2023-05-03,-0.02819523024146181,0.0
2023-05-04,0.0319743565184494,0.0
2023-05-05,0.02749224673311397,0.0
2023-05-08,-0.004462630724109269,0.0
2023-05-09,0.03119230666046418,0.0
2023-05-10,0.024952389960653,0.0
2023-05-11,0.01484119576568527,0.0
2023-05-12,-0.03603761860900461,0.0
2023-05-15,-0.04676024746774903,0.0
2023-05-16,-0.09476472214723296,0.0
2023-05-17,-0.10351687948159774,-1.0
2023-05-18,-0.0988834688833608,0.0
2023-05-19,-0.0889668124892659,0.0
2023-05-22,-0.1076061659493667,-1.0
2023-05-23,-0.07028202071770953,0.0
2023-05-24,-0.08257695331618548,0.0
2023-05-25,-0.07643772253507655,0.0
2023-05-26,-0.08353852413868741,0.0
2023-05-30,-0.05100293134467254,0.0
2023-05-31,-0.0071792122987631235,0.0
2023-06-01,-0.009303302599090438,0.0
2023-06-02,0.014992271911382794,0.0
2023-06-05,-0.05423467491046877,0.0
2023-06-06,-0.04161831757710747,0.0
2023-06-07,-0.047436597740524694,0.0
2023-06-08,-0.09788581206067942,0.0
2023-06-09,-0.10787376409300933,-1.0
2023-06-12,-0.10648138381534407,-1.0
2023-06-13,-0.09393445566439908,0.0
2023-06-14,-0.12578037040569742,-1.0
2023-06-15,-0.18211797516939673,-1.0
2023-06-16,-0.21849116907991364,-1.0
2023-06-20,-0.2432306657372124,-1.0
2023-06-21,-0.20809055351830374,-1.0
2023-06-22,-0.2849607646284169,-1.0
2023-06-23,-0.30478002736331283,-1.0
2023-06-26,-0.3094157559564473,-1.0
2023-06-27,-0.26071771195506616,-1.0
2023-06-28,-0.2495489610338878,-1.0
2023-06-29,-0.2528116131158543,-1.0
2023-06-30,-0.27687027961890004,-1.0
2023-07-03,-0.30950144530893764,-1.0
2023-07-05,-0.3028967540055711,-1.0
2023-07-06,-0.2524741217858137,-1.0
2023-07-07,-0.22821730247820277,-1.0
2023-07-10,-0.13740490532992256,-1.0
2023-07-11,-0.16470946598962777,-1.0
2023-07-12,-0.1024370861253058,-1.0
2023-07-13,-0.09342876868010762,0.0
2023-07-14,-0.09353882089567397,0.0
2023-07-17,-0.09023592994967183,0.0
2023-07-18,-0.04730784611162346,0.0
2023-07-19,-0.010471846731011715,0.0
2023-07-20,0.011884892619703158,0.0
2023-07-21,-0.03507113708657146,0.0
2023-07-24,0.04835924788414081,0.0
2023-07-25,0.050524455060676605,0.0
2023-07-26,0.03620276765130188,0.0
2023-07-27,-0.00748409150903239,0.0
2023-07-28,0.03164436601677214,0.0
2023-07-31,0.0095919932639313,0.0
2023-08-01,0.01438103833684236,0.0
2023-08-02,0.047443260940376916,0.0
2023-08-03,0.04691543736122724,0.0
2023-08-04,0.05792059173276236,0.0
2023-08-07,0.08957421448544292,0.0
2023-08-08,-0.007911134062756342,0.0
2023-08-09,0.05744310690529476,0.0
2023-08-10,0.018538004387204262,0.0
2023-08-11,0.05589419836209229,0.0
2023-08-14,0.03162156578649338,0.0
2023-08-15,0.05003163575371235,0.0
2023-08-16,0.0550817982905401,0.0
2023-08-17,0.06682488664496757,0.0
2023-08-18,0.06093947681278401,0.0
2023-08-21,0.1026085790746273,1.0
2023-08-22,0.0821945479592495,0.0
2023-08-23,0.09710308822986052,0.0
2023-08-24,0.1605597458477012,1.0
2023-08-25,0.19363843053298574,1.0
2023-08-28,0.18488916618742307,1.0
2023-08-29,0.18686822751536225,1.0
2023-08-30,0.15843898694469685,1.0
2023-08-31,0.19761635448452067,1.0
2023-09-01,0.20065490844430126,1.0
2023-09-05,0.2186535948168344,1.0
2023-09-06,0.16242578938411872,1.0
2023-09-07,0.16116435713482416,1.0
2023-09-08,0.10721666048968172,1.0
2023-09-11,0.09561344903829355,0.0
2023-09-12,0.088608448130098,0.0
2023-09-13,0.0948060180148358,0.0
2023-09-14,0.09245735026540572,0.0
2023-09-15,0.09269336921387321,0.0
2023-09-18,0.10200865785699854,1.0
2023-09-19,0.07277774240579163,0.0
2023-09-20,0.06854986562491655,0.0
2023-09-21,-0.00014742742880841797,0.0
2023-09-22,-0.00997014257004446,0.0
2023-09-25,-0.08659174347569894,0.0
2023-09-26,-0.08172610901192548,0.0
2023-09-27,-0.08419500484048698,0.0
2023-09-28,-0.06259187806376745,0.0
2023-09-29,-0.005685205712242663,0.0
2023-10-02,-0.0513151377477764,0.0
2023-10-03,-0.03077427990812209,0.0
2023-10-04,-0.04365128778003521,0.0
2023-10-05,-0.03473867701455956,0.0
2023-10-06,-0.0020339971345147306,0.0
2023-10-09,0.011007397586329265,0.0
2023-10-10,0.00104867290463162,0.0
2023-10-11,-0.03695462232721014,0.0
2023-10-12,-0.038513970744916845,0.0
2023-10-13,-0.0786812925177261,0.0
2023-10-16,-0.045055460561731674,0.0
2023-10-17,-0.05899319699146152,0.0
2023-10-18,-0.02336247052268549,0.0
2023-10-19,-0.03880977903328064,0.0
2023-10-20,-0.011023020050254026,0.0
2023-10-23,-0.000169855085253578,0.0
2023-10-24,-0.006794688881231505,0.0
2023-10-25,-0.037163537878047,0.0
2023-10-26,-0.0882157204128091,0.0
2023-10-27,-0.05223742075305097,0.0
2023-10-30,-0.06671351583689666,0.0
2023-10-31,-0.041464363003527495,0.0
2023-11-01,-0.05251102329190982,0.0
2023-11-02,-0.09399323103525589,0.0
2023-11-03,-0.07515215690285351,0.0
2023-11-06,-0.09696204816672586,0.0
2023-11-07,-0.06451538014889899,0.0
2023-11-08,-0.014869032130855112,0.0
2023-11-09,0.01698452194311027,0.0
2023-11-10,0.03649430978504355,0.0
2023-11-13,0.022434533918699824,0.0
2023-11-14,-0.02929567090289274,0.0
2023-11-15,-0.025568169168882146,0.0
2023-11-16,-0.031355680389860356,0.0
2023-11-17,-0.04413750258451894,0.0
2023-11-20,0.05698135272793496,0.0
2023-11-21,0.08688334786772099,0.0
2023-11-22,0.1463007092770005,1.0
2023-11-24,0.14995844776454662,1.0
2023-11-27,0.17699328056676453,1.0
2023-11-28,0.10860261885447525,1.0
2023-11-29,0.08909062516341053,0.0
2023-11-30,0.09264146287971875,0.0
2023-12-01,0.0328740181478201,0.0
2023-12-04,0.0604098029495695,0.0
2023-12-05,0.043370487601190624,0.0
2023-12-06,-0.007164773561208314,0.0
2023-12-07,-0.03422510438496396,0.0
2023-12-08,-0.07420192872510183,0.0
2023-12-11,-0.04677430626786201,0.0
2023-12-12,-0.04018377644104329,0.0
2023-12-13,-0.03256263291298205,0.0
2023-12-14,0.001812950656210844,0.0
2023-12-15,-0.03220766215671947,0.0
2023-12-18,-0.008625028942542884,0.0
2023-12-19,0.006759673639529685,0.0
2023-12-20,-0.05288322648026357,0.0
2023-12-21,-0.05743123687304638,0.0
2023-12-22,-0.10215128785201488,-1.0
2023-12-26,-0.13667122532199646,-1.0
2023-12-27,-0.1451849551652633,-1.0
2023-12-28,-0.09848545083420761,0.0
2023-12-29,-0.13602578886285982,-1.0
2024-01-02,-0.20759879253439256,-1.0
2024-01-03,-0.18974162750689355,-1.0
2024-01-04,-0.18494747245843887,-1.0
2024-01-05,-0.15361685260359442,-1.0
2024-01-08,-0.1198796615187644,-1.0
2024-01-09,-0.10919790713912747,-1.0
2024-01-10,-0.07211427147175335,0.0
2024-01-11,-0.16028605178569783,-1.0
2024-01-12,-0.1824352982926632,-1.0
2024-01-16,-0.14740291520560225,-1.0
2024-01-17,-0.14848292753042164,-1.0
2024-01-18,-0.12436054759730474,-1.0
2024-01-19,-0.1489711329041522,-1.0
2024-01-22,-0.19536850528694108,-1.0
2024-01-23,-0.2080652863209082,-1.0
2024-01-24,-0.22771398225987977,-1.0
2024-01-25,-0.22079897122189787,-1.0
2024-01-26,-0.18746483334393485,-1.0
2024-01-29,-0.16373833817382183,-1.0
2024-01-30,-0.1956497471262947,-1.0
2024-01-31,-0.15662653546050104,-1.0
2024-02-01,-0.1126607316796797,-1.0
2024-02-02,-0.10669760504178087,-1.0
2024-02-05,-0.10508486432761416,-1.0
2024-02-06,-0.12927691611356396,-1.0
2024-02-07,-0.13201596137927335,-1.0
2024-02-08,-0.11714246748042509,-1.0
2024-02-09,-0.127466963461032,-1.0
2024-02-12,-0.13185680405099726,-1.0
2024-02-13,-0.0954861481484318,0.0
2024-02-14,-0.10779388188390833,-1.0
2024-02-15,-0.10838161413711843,-1.0
2024-02-16,-0.06825943837966313,0.0
2024-02-20,-0.10156786014088345,-1.0
2024-02-21,-0.05952123253692731,0.0
2024-02-22,-0.0508945951105092,0.0
2024-02-23,-0.08032765487504141,0.0
2024-02-26,-0.015706758896474673,0.0
2024-02-27,-0.03747363218891539,0.0
2024-02-28,-0.06138816398360291,0.0
2024-02-29,-0.048264064229121086,0.0
2024-03-01,-0.08071356085152828,0.0
2024-03-04,-0.06741776361339825,0.0
2024-03-05,-0.05494800630827402,0.0
2024-03-06,-0.07723912518623739,0.0
2024-03-07,-0.08347659088671527,0.0
2024-03-08,-0.08231733696887059,0.0
2024-03-11,-0.12322366670534562,-1.0
2024-03-12,-0.13247288171094304,-1.0
2024-03-13,-0.04263794325966686,0.0
2024-03-14,-0.06972469004143257,0.0
2024-03-15,-0.056420582428369434,0.0
2024-03-18,-0.050035166054406596,0.0
2024-03-19,-0.10818776741919545,-1.0
2024-03-20,-0.03530055407757573,0.0
2024-03-21,-0.013566137431682257,0.0
2024-03-22,0.03216156255085923,0.0
2024-03-25,0.03330059484402202,0.0
2024-03-26,0.0351320693974899,0.0
2024-03-27,0.07371038619867167,0.0
2024-03-28,0.09991150152138256,0.0
2024-04-01,0.10050075956484664,1.0
2024-04-02,0.12281630253680496,1.0
2024-04-03,0.15987081901544442,1.0
2024-04-04,0.15561303666398202,1.0
2024-04-05,0.11724786374989779,1.0
2024-04-08,0.09317221883593058,0.0
2024-04-09,0.10119588003177486,1.0
2024-04-10,0.143890083272663,1.0
2024-04-11,0.13481032430659948,1.0
2024-04-12,0.12199771396897054,1.0
2024-04-15,0.07528601724813423,0.0
2024-04-16,0.07304122890953652,0.0
2024-04-17,0.013037700030699238,0.0
2024-04-18,0.06086449102166038,0.0
2024-04-19,0.017900378782855997,0.0
2024-04-22,0.022902247466340994,0.0
2024-04-23,-0.036534498318233924,0.0
2024-04-24,0.011384648689477143,0.0
2024-04-25,-0.0068982745992550824,0.0
2024-04-26,-0.011280063946085916,0.0
2024-04-29,-0.027610244201300267,0.0
2024-04-30,-0.01945821424165008,0.0
2024-05-01,-0.03034509179586441,0.0
2024-05-02,-0.03830557664435567,0.0
2024-05-03,-0.002185769908692298,0.0
2024-05-06,0.07037002639303525,0.0
2024-05-07,0.07985121020889405,0.0
2024-05-08,0.09315922131695219,0.0
2024-05-09,0.055288254251248344,0.0
2024-05-10,0.07042207069068594,0.0
2024-05-13,0.05257214187872162,0.0
2024-05-14,0.05502208130976054,0.0
2024-05-15,0.024400796058067508,0.0
2024-05-16,0.06137333407825978,0.0
2024-05-17,0.036644906163413475,0.0
2024-05-20,0.010348011530559063,0.0
2024-05-21,0.009578145032302638,0.0
2024-05-22,0.035976571213599644,0.0
2024-05-23,0.0008266626218054748,0.0
2024-05-24,-0.042200468655332744,0.0
2024-05-28,-0.031430164593413946,0.0
2024-05-29,0.010995083498744914,0.0
2024-05-30,-0.014202451433860152,0.0
2024-05-31,-0.012007405253446535,0.0
2024-06-03,-0.020763730572111002,0.0
2024-06-04,-0.06842600245179278,0.0
2024-06-05,-0.0971027684896663,0.0
2024-06-06,-0.06254274511263513,0.0
2024-06-07,-0.11630302898452902,-1.0
2024-06-10,-0.05462318030059448,0.0
2024-06-11,-0.06643846875435332,0.0
2024-06-12,-0.08681833275425177,0.0
2024-06-13,-0.04468735808660102,0.0
2024-06-14,-0.017901904257648628,0.0
2024-06-17,-0.05228758028760668,0.0
2024-06-18,-0.009645516415851312,0.0
2024-06-20,0.020053303235329153,0.0
2024-06-21,0.021368404871775586,0.0
2024-06-24,0.038061980044650105,0.0
2024-06-25,0.01836897990584543,0.0
2024-06-26,0.047626967650280336,0.0
2024-06-27,0.01640907808652013,0.0
2024-06-28,-0.0026672252813427864,0.0
2024-07-01,-0.04173131103376781,0.0
2024-07-02,-0.029398636581099875,0.0
2024-07-03,-0.05523079061917143,0.0
2024-07-05,-0.036417523455633094,0.0
2024-07-08,-0.02195600446145714,0.0
2024-07-09,-0.0562670027936461,0.0
2024-07-10,-0.027869159380274573,0.0
2024-07-11,-0.0618816043723552,0.0
2024-07-12,-0.08484658282288236,0.0
2024-07-15,-0.055133732007128386,0.0
2024-07-16,-0.062004541515598734,0.0
2024-07-17,-0.12993089319362477,-1.0
2024-07-18,-0.09844540679456273,0.0
2024-07-19,-0.1579667231836307,-1.0
2024-07-22,-0.19677786922713134,-1.0
2024-07-23,-0.23520106012309336,-1.0
2024-07-24,-0.2542728395730832,-1.0
2024-07-25,-0.20129564097737096,-1.0
2024-07-26,-0.20513462143452205,-1.0
2024-07-29,-0.21303799758906916,-1.0
2024-07-30,-0.22178672324029516,-1.0
2024-07-31,-0.1836969730709503,-1.0
2024-08-01,-0.19765264389574888,-1.0
2024-08-02,-0.21083704314469395,-1.0
2024-08-05,-0.26044748555972164,-1.0
2024-08-06,-0.2801188074658328,-1.0
2024-08-07,-0.26141059041930953,-1.0
2024-08-08,-0.2477781675770627,-1.0
2024-08-09,-0.25440259661983444,-1.0
2024-08-12,-0.2552597209849558,-1.0
2024-08-13,-0.2601761364315033,-1.0
2024-08-14,-0.28065887076602714,-1.0
2024-08-15,-0.1976309704122897,-1.0
2024-08-16,-0.211321656933487,-1.0
2024-08-19,-0.2044159388763007,-1.0
2024-08-20,-0.20019981575525134,-1.0
2024-08-21,-0.18300725109448981,-1.0
2024-08-22,-0.16263823743081451,-1.0
2024-08-23,-0.18132882397409983,-1.0
2024-08-26,-0.16575609057527363,-1.0
2024-08-27,-0.139351497119584,-1.0
2024-08-28,-0.17568712892211188,-1.0
2024-08-29,-0.1727804407301889,-1.0
2024-08-30,-0.17470500085529922,-1.0
2024-09-03,-0.11651495098590621,-1.0
2024-09-04,-0.10326184979924663,-1.0
2024-09-05,-0.07268304530374277,0.0
2024-09-06,-0.05533915149328484,0.0
2024-09-09,-0.009596273908237776,0.0
2024-09-10,-0.009675678509620873,0.0
2024-09-11,0.029598806115972168,0.0
2024-09-12,0.06926131612437951,0.0
2024-09-13,0.08570246698151637,0.0
2024-09-16,0.030747450333435414,0.0
2024-09-17,0.009514370921713982,0.0
2024-09-18,0.04428189331282505,0.0
2024-09-19,0.034226913913326946,0.0
2024-09-20,0.03738685385070732,0.0
2024-09-23,0.024623912473575656,0.0
2024-09-24,0.016914475498399865,0.0
2024-09-25,0.00375173716077198,0.0
2024-09-26,-0.0032951243553767007,0.0
2024-09-27,0.05341224511788147,0.0
2024-09-30,0.038574643063355826,0.0
2024-10-01,0.04115501540968701,0.0
2024-10-02,-0.008793859447048243,0.0
2024-10-03,0.039619483596777076,0.0
2024-10-04,0.039988200149364744,0.0
2024-10-07,0.02985274763822128,0.0
2024-10-08,0.014670509008784806,0.0
2024-10-09,-0.003545124604049345,0.0
2024-10-10,0.019132835346793414,0.0
2024-10-11,0.000976223338283157,0.0
2024-10-14,0.03301179287544733,0.0
2024-10-15,0.11137224394302203,1.0
2024-10-16,0.11660553435976313,1.0
2024-10-17,0.0873398484268391,0.0
2024-10-18,0.11424511367767147,1.0
2024-10-21,0.13978035614181292,1.0
2024-10-22,0.10466215587877127,1.0
2024-10-23,0.11789608368684952,1.0
2024-10-24,0.1398840741823498,1.0
2024-10-25,0.15080869424808513,1.0
2024-10-28,0.12748398015700152,1.0
2024-10-29,0.1267273724327438,1.0
2024-10-30,0.12259369438931694,1.0
2024-10-31,0.1696505553597175,1.0
2024-11-01,0.168274047980109,1.0
2024-11-04,0.14647906047665357,1.0
2024-11-05,0.12627683579437207,1.0
2024-11-06,0.05080502582628598,0.0
2024-11-07,0.05365586922321697,0.0
2024-11-08,0.05981576596303044,0.0
2024-11-11,-0.006810351722742715,0.0
2024-11-12,-0.019822454199463064,0.0
2024-11-13,-0.038364751686115535,0.0
2024-11-14,-0.029113306607413902,0.0
2024-11-15,-0.012488058250017961,0.0
2024-11-18,0.027249120685484286,0.0
2024-11-19,0.010210726171972743,0.0
2024-11-20,0.10321730361667815,1.0
2024-11-21,0.045997782012350004,0.0
2024-11-22,0.03882814795353506,0.0
2024-11-25,0.018390062671535274,0.0
2024-11-26,0.0301647337087339,0.0
2024-11-27,0.0642219869874362,0.0
2024-11-29,0.06721935016040238,0.0
2024-12-02,0.04322535758477129,0.0
2024-12-03,-0.019245644107291626,0.0
2024-12-04,-0.0037511443951313496,0.0
2024-12-05,0.013195358036003909,0.0
2024-12-06,0.07606025267930004,0.0
2024-12-09,0.12576430546511064,1.0
2024-12-10,0.08896219684708695,0.0
2024-12-11,0.12222951485474333,1.0
2024-12-12,0.09689453642541702,0.0
2024-12-13,0.05626518810140777,0.0
2024-12-16,0.11418243049744552,1.0
2024-12-17,0.14332527025247804,1.0
2024-12-18,0.11561653523728951,1.0
2024-12-19,0.11633959148795589,1.0
2024-12-20,0.026867772085514677,0.0
2024-12-23,0.0940793342374978,0.0
2024-12-24,0.08491284699784843,0.0
2024-12-26,0.1346407992922441,1.0
2024-12-27,0.09569886431640828,0.0
2024-12-30,0.07605900196950997,0.0
2024-12-31,0.09845713205006462,0.0
2025-01-02,0.10804463393609635,1.0
2025-01-03,0.14640540521440948,1.0
2025-01-06,0.1117329241592669,1.0
2025-01-07,0.12539851915282896,1.0
2025-01-08,0.12725009213943447,1.0
2025-01-10,0.08060668730098286,0.0
2025-01-13,0.10371857938946386,1.0
2025-01-14,0.12783132388779705,1.0
2025-01-15,0.15162500005161736,1.0
2025-01-16,0.1702273367399352,1.0
2025-01-17,0.15588242722391354,1.0
2025-01-21,0.10280867568127702,1.0
2025-01-22,0.10967185625527422,1.0
2025-01-23,0.05813805753495301,0.0
2025-01-24,0.10045491801945562,1.0
2025-01-27,0.03571281253614161,0.0
2025-01-28,0.05527766016307044,0.0
2025-01-29,0.0010046721353405717,0.0
2025-01-30,0.016826110258189177,0.0
2025-01-31,0.010993963324424138,0.0
2025-02-03,-0.0011503960185427328,0.0
2025-02-04,0.017416535729688647,0.0
2025-02-05,-0.03665025827082828,0.0
2025-02-06,0.01449712842281561,0.0
2025-02-07,0.0016167331107210835,0.0
2025-02-10,-0.04414139724467692,0.0
2025-02-11,-0.04776366957368748,0.0
2025-02-12,-0.039871333040225,0.0
2025-02-13,-0.08995093717969202,0.0
2025-02-14,-0.12020178906299987,-1.0
2025-02-18,-0.09546902375994461,0.0
2025-02-19,-0.10078833743897724,-1.0
2025-02-20,-0.10312249382704876,-1.0
2025-02-21,-0.09918595514656801,0.0
2025-02-24,-0.07308933962698956,0.0
2025-02-25,-0.06809092612247847,0.0
2025-02-26,-0.00617286222984358,0.0
2025-02-27,-0.02931132075863767,0.0
2025-02-28,-0.012988548332198813,0.0
2025-03-03,0.03378757356772191,0.0
2025-03-04,0.04854473004280095,0.0
2025-03-05,0.027139263521293727,0.0
2025-03-06,0.0037413638442042063,0.0
2025-03-07,0.11177316370971534,1.0
2025-03-10,0.057283994124590114,0.0
2025-03-11,0.040159643516385,0.0
2025-03-12,0.0782625263700339,0.0
2025-03-13,0.10218452164725697,1.0
2025-03-14,0.03927986952377595,0.0
2025-03-17,0.08824243168951389,0.0
2025-03-18,0.16955817497183714,1.0
2025-03-19,0.14783489377225528,1.0
2025-03-20,0.11871651161545055,1.0
2025-03-21,0.10464557176280272,1.0
2025-03-24,0.10608223362532791,1.0
2025-03-25,0.15622461055249184,1.0
2025-03-26,0.14199789549785877,1.0
2025-03-27,0.11735623957217427,1.0
2025-03-28,0.09079697916834598,0.0
2025-03-31,0.056345967698701614,0.0
2025-04-01,0.03454612682313352,0.0
2025-04-02,0.05593595656906481,0.0
2025-04-03,0.04661922880927346,0.0
2025-04-04,0.07301067125076488,0.0
2025-04-07,0.03637231072414488,0.0
2025-04-08,0.09375018886780086,0.0
2025-04-09,0.07081556402729676,0.0
2025-04-10,0.029433330895069196,0.0
2025-04-11,0.028079570619972044,0.0
2025-04-14,0.06406227345340883,0.0
2025-04-15,0.07955705799553599,0.0
2025-04-16,0.04116815525881501,0.0
2025-04-17,0.030131900962182483,0.0
2025-04-21,0.026969039315192622,0.0
2025-04-22,0.09269804807149871,0.0
2025-04-23,0.06387633916217192,0.0
2025-04-24,0.07668543872556156,0.0
2025-04-25,0.05929275313188111,0.0
2025-04-28,0.09759677808081739,0.0
2025-04-29,0.12797873725960865,1.0
2025-04-30,0.15071322051821218,1.0
2025-05-01,0.11939851359301325,1.0
2025-05-02,0.09057661139664211,0.0
2025-05-05,0.13789669869647445,1.0
2025-05-06,0.10346442563560848,1.0
2025-05-07,0.07712215052961613,0.0
2025-05-08,0.04013964045375402,0.0
2025-05-09,0.07432046548350285,0.0
2025-05-12,0.05611946074661422,0.0
2025-05-13,0.07026616416710599,0.0
2025-05-14,0.034676164091616966,0.0
2025-05-15,-0.03463684420895848,0.0
2025-05-16,-0.09122783749417729,0.0
2025-05-19,-0.12726546015178608,-1.0
2025-05-20,-0.13483981417933194,-1.0
2025-05-21,-0.17994108774718426,-1.0
2025-05-22,-0.11259307982541382,-1.0
2025-05-23,-0.16338271226669498,-1.0
2025-05-27,-0.15338397678589075,-1.0
2025-05-28,-0.1812753668903977,-1.0
2025-05-29,-0.19408379437594908,-1.0
2025-05-30,-0.1926998765941693,-1.0
2025-06-02,-0.20833381376338914,-1.0
2025-06-03,-0.16726524830424808,-1.0
2025-06-04,-0.1352178381599275,-1.0
2025-06-05,-0.17605541863438054,-1.0
2025-06-06,-0.18596438461415873,-1.0
2025-06-09,-0.18844123988453695,-1.0
2025-06-10,-0.21251020293928471,-1.0
2025-06-11,-0.15217740590019996,-1.0
2025-06-12,-0.1801082123566129,-1.0
2025-06-13,-0.10718096611097284,-1.0
2025-06-16,-0.052322929306051376,0.0
2025-06-17,-0.007387627518409629,0.0
2025-06-18,0.059487240158719645,0.0
2025-06-20,0.11776681332132784,1.0
2025-06-23,0.12138062242429071,1.0
2025-06-24,0.05640636312204485,0.0
2025-06-25,0.07104043495315422,0.0
2025-06-26,0.0876232897684963,0.0
2025-06-27,0.08160108485283309,0.0
2025-06-30,0.0411563157944295,0.0
2025-07-01,0.023888018096020525,0.0
2025-07-02,0.050675440575956986,0.0
2025-07-03,0.014327824409920274,0.0
2025-07-07,0.018253819643621712,0.0
2025-07-08,0.02525604829349757,0.0
2025-07-09,0.06157363360506934,0.0
2025-07-10,0.10326196115075179,1.0
2025-07-11,0.17871495835269463,1.0
2025-07-14,0.15751410260587784,1.0
2025-07-15,0.18573192824207355,1.0
2025-07-16,0.14880192412157484,1.0
2025-07-17,0.1257017067285812,1.0
2025-07-18,0.11851708633719654,1.0
2025-07-21,0.10484196151787509,1.0
2025-07-22,0.018676196235894765,0.0
2025-07-23,0.04831032762040239,0.0
2025-07-24,0.07063114893608252,0.0
2025-07-25,0.06337295722720533,0.0
2025-07-28,0.0911940457620841,0.0
2025-07-29,0.07167016745286678,0.0
2025-07-30,0.09921168051967269,0.0
2025-07-31,0.16413490429019778,1.0
2025-08-01,0.1462352499088734,1.0
2025-08-04,0.13496911473860282,1.0
2025-08-05,0.08506442377476957,0.0
2025-08-06,0.13732083134498904,1.0
2025-08-07,0.13050797258505598,1.0
2025-08-08,0.06503063076525067,0.0
2025-08-11,-0.0014719376245460052,0.0
2025-08-12,-0.006150694383911684,0.0
2025-08-13,-0.019499986687614837,0.0
2025-08-14,-0.02286543065168538,0.0
2025-08-15,-0.017514787856388814,0.0
2025-08-18,-0.05748871620025902,0.0
2025-08-19,-0.04277751748201198,0.0
2025-08-20,0.02320600874117329,0.0
2025-08-21,0.039846742833236484,0.0
2025-08-22,0.04724988654222986,0.0
2025-08-25,0.07859895610030632,0.0
2025-08-26,0.041142397409265286,0.0
2025-08-27,0.08924616808130396,0.0
2025-08-28,0.1110870661090423,1.0
2025-08-29,0.061918130411210755,0.0
2025-09-02,0.1351459414789871,1.0
2025-09-03,0.16875831960467577,1.0
2025-09-04,0.1853796925004541,1.0
2025-09-05,0.13633923488676372,1.0
2025-09-08,0.10113824341708758,1.0
2025-09-09,0.13839049730272085,1.0
2025-09-10,0.1540853398708701,1.0
2025-09-11,0.15389624958037304,1.0
2025-09-12,0.1589506939628804,1.0
2025-09-15,0.18585716257346832,1.0
2025-09-16,0.19221273889059223,1.0
2025-09-17,0.20683491658728484,1.0
2025-09-18,0.1801072351888712,1.0
2025-09-19,0.15588404954323315,1.0
2025-09-22,0.11450902174292368,1.0
2025-09-23,0.09437309229975108,0.0
2025-09-24,0.05688424952387224,0.0
2025-09-25,0.015797840621018452,0.0
2025-09-26,-0.01953514846273874,0.0
2025-09-29,-0.04524269449007087,0.0
2025-09-30,-0.11208039015575984,-1.0
2025-10-01,-0.11705851477245857,-1.0
2025-10-02,-0.11229806921670661,-1.0
2025-10-03,-0.1344379747956114,-1.0
2025-10-06,-0.10405681677072917,-1.0
2025-10-07,-0.10139037276611927,-1.0
2025-10-08,-0.06832545605668551,0.0
2025-10-09,-0.027070581016310866,0.0
2025-10-10,-0.008990474094291878,0.0
2025-10-13,0.011751868526870124,0.0
2025-10-14,-0.022144222518630196,0.0
2025-10-15,-0.07066108700632526,0.0
2025-10-16,-0.053268115143113325,0.0
2025-10-17,-0.04748525836511548,0.0
2025-10-20,-0.0391390800701452,0.0
2025-10-21,-0.035154127446627735,0.0
2025-10-22,-0.027384610197168355,0.0
2025-10-23,-0.01772520678204679,0.0
2025-10-24,0.013623995082025508,0.0
2025-10-27,-0.008320871320676744,0.0
2025-10-28,-0.011810952087907663,0.0
2025-10-29,0.027354712098946708,0.0
2025-10-30,0.001670673447057435,0.0
2025-10-31,-0.07438091919890852,0.0
2025-11-03,-0.03835100820924433,0.0
2025-11-04,-0.005987154439572694,0.0
2025-11-05,0.014514089209749533,0.0
2025-11-06,-0.08779480579646175,0.0
2025-11-07,-0.14065361374013047,-1.0
2025-11-10,-0.14558155641038908,-1.0
2025-11-11,-0.19244825223810763,-1.0
2025-11-12,-0.20809919418272207,-1.0
2025-11-13,-0.1418000222129655,-1.0
2025-11-14,-0.11697440173900053,-1.0
2025-11-17,-0.14213979761423481,-1.0
2025-11-18,-0.16910603171723326,-1.0
2025-11-19,-0.17191911975670068,-1.0
2025-11-20,-0.1750696064835779,-1.0
2025-11-21,-0.16185293238481163,-1.0
2025-11-24,-0.17542602241255678,-1.0
2025-11-25,-0.13890191506920543,-1.0
2025-11-26,-0.07634414145067028,0.0
2025-11-28,-0.026296199679413094,0.0
2025-12-01,-0.05057262322473151,0.0
2025-12-02,-0.004691412221591624,0.0
2025-12-03,-0.04039806877729558,0.0
2025-12-04,-0.04511952402883331,0.0
2025-12-05,-0.052662654724966104,0.0
2025-12-08,0.010520400966902982,0.0
2025-12-09,0.020415048991208537,0.0
2025-12-10,0.009954479507651964,0.0
2025-12-11,0.0012021063530984785,0.0
2025-12-12,0.021089217443861673,0.0
2025-12-15,-0.01686535269636473,0.0
2025-12-16,-0.020789289182359456,0.0
2025-12-17,-0.011335824290502965,0.0
2025-12-18,0.056014781400443255,0.0
2025-12-19,0.04332228930035391,0.0
2025-12-22,0.08929462423212248,0.0
2025-12-23,0.03634032871757965,0.0
2025-12-24,0.05938913274576918,0.0
2025-12-26,0.058390073618753376,0.0
2025-12-29,-0.006972114091905322,0.0
2025-12-30,-0.016670360021769925,0.0
2025-12-31,0.014655629046029552,0.0
2026-01-02,-0.03391110393705353,0.0
2026-01-05,-0.013471715319848889,0.0
2026-01-06,-0.10060108748508564,-1.0
2026-01-07,-0.10851080309109662,-1.0
2026-01-08,-0.07097704636583606,0.0
2026-01-09,-0.08590376797017935,0.0
2026-01-12,-0.10180374656635716,-1.0
2026-01-13,-0.07399219675833693,0.0
2026-01-14,-0.03249252950047572,0.0
2026-01-15,-0.07450014144364135,0.0
2026-01-16,-0.11113546962644326,-1.0
2026-01-20,-0.0630917440643565,0.0
2026-01-21,-0.048004185600917716,0.0
2026-01-22,-0.029744903781385862,0.0
2026-01-23,-0.09982293137280997,0.0
2026-01-26,-0.008690019862562608,0.0
2026-01-27,0.018835613563950658,0.0
2026-01-28,0.023647507964584015,0.0
2026-01-29,0.023254198985595192,0.0
2026-01-30,0.01210643971211137,0.0
2026-02-02,-0.022153975599014025,0.0
2026-02-03,0.03839096012708997,0.0
2026-02-04,0.06063091661742881,0.0
2026-02-05,0.14002948690342226,1.0
2026-02-06,0.1373003677983106,1.0
2026-02-09,0.1312820186862512,1.0
2026-02-10,0.15214063443372872,1.0
2026-02-11,0.19513145889668979,1.0
2026-02-12,0.23281501705123692,1.0
2026-02-13,0.1598875574537749,1.0
2026-02-17,0.20120056652859353,1.0
2026-02-18,0.21318014526850554,1.0
2026-02-19,0.14276213312167804,1.0
2026-02-20,0.1073785723889618,1.0
2026-02-23,0.16853476543774665,1.0
2026-02-24,0.15467506219178506,1.0
2026-02-25,0.1046908334732755,1.0
2026-02-26,0.08199461107528525,0.0
2026-02-27,0.06882163691736017,0.0
2026-03-02,0.08523780944078173,0.0
2026-03-03,0.05547477905587753,0.0
2026-03-04,0.06477288925304518,0.0
2026-03-05,0.03888583272577438,0.0
2026-03-06,-0.047631714365428145,0.0
2026-03-09,-0.04016905395427247,0.0
2026-03-10,0.00817486885706794,0.0
2026-03-11,-0.02361597829544933,0.0
2026-03-12,-0.025840710433461384,0.0
2026-03-13,-0.016807637133673017,0.0
2026-03-16,-0.04631895729939467,0.0
2026-03-17,0.0015812279707251055,0.0
2026-03-18,-0.004657671660668168,0.0
2026-03-19,0.03914494760610171,0.0
2026-03-20,0.08365508280834393,0.0
2026-03-23,0.07981150793672465,0.0
2026-03-24,-0.010159148516370842,0.0
2026-03-25,0.04018090971598638,0.0
2026-03-26,0.020879964181271804,0.0
2026-03-27,-0.009861836182505159,0.0
2026-03-30,-0.03228585429445215,0.0
2026-03-31,-0.05485391465545047,0.0
2026-04-01,0.0268809066493709,0.0
2026-04-02,0.053472854979625804,0.0
2026-04-06,0.11731805486486252,1.0
2026-04-07,0.1404343024351158,1.0
2026-04-08,0.11451578499399497,1.0
2026-04-09,0.06178720273194703,0.0
2026-04-10,0.04464387692925649,0.0
2026-04-13,0.01799998197379581,0.0
2026-04-14,0.022394857213048437,0.0
2026-04-15,0.008012843983618572,0.0
2026-04-16,0.01255794717663631,0.0
2026-04-17,0.03441070782002676,0.0
2026-04-20,0.05827221955059971,0.0
2026-04-21,0.015795773297717478,0.0
2026-04-22,0.041452832571408464,0.0
2026-04-23,0.09877997462851769,0.0
2026-04-24,0.06925698485487569,0.0
2026-04-27,0.11298607875492106,1.0
2026-04-28,0.13616879902276735,1.0
2026-04-29,0.15004754133996076,1.0
2026-04-30,0.15578464667049008,1.0
2026-05-01,0.08899156394506813,0.0
2026-05-04,0.10572831222648575,1.0
2026-05-05,0.06023379567237599,0.0
2026-05-06,0.10742828485175933,1.0
2026-05-07,0.08696477298459442,0.0
2026-05-08,0.09902872833945887,0.0
2026-05-11,0.14054416735848185,1.0
2026-05-12,0.1300765488529947,1.0
2026-05-13,0.091046385007368,0.0
2026-05-14,0.10091851866633875,1.0
2026-05-15,0.0778892698329311,0.0
2026-05-18,0.05896403139990958,0.0
2026-05-19,0.013463264367962276,0.0
2026-05-20,0.06487251351969402,0.0
2026-05-21,0.05241590463899173,0.0
2026-05-22,0.0017980906055192485,0.0
2026-05-26,0.018334296980608508,0.0
2026-05-27,0.02286682562892054,0.0
2026-05-28,0.03632234671617641,0.0
2026-05-29,0.009093675315706623,0.0
2026-06-01,0.03708674973027562,0.0
2026-06-02,0.007134574926847804,0.0
2026-06-03,-0.040659847502888334,0.0
2026-06-04,0.003953575741807227,0.0
2026-06-05,-0.03763284966913127,0.0
2026-06-08,-0.039170831299816605,0.0
2026-06-09,-0.0030780160690750268,0.0
2026-06-10,-0.06590679907854158,0.0
2026-06-11,-0.04894928866002582,0.0
2026-06-12,-0.024907406267074213,0.0
2026-06-15,-0.04064913478423826,0.0
2026-06-16,-0.048690235434913,0.0
2026-06-17,-0.02654070720969788,0.0
2026-06-18,-0.025855456398727175,0.0
2026-06-22,-0.03616594739518741,0.0
2026-06-23,-0.06194443228055046,0.0
2026-06-24,-0.02994602091092781,0.0
2026-06-25,-0.02657244550176049,0.0
2026-06-26,-0.044307637296673974,0.0
2026-06-29,-0.0773186128354441,0.0
2026-06-30,-0.04909418890923233,0.0
2026-07-01,-0.0808723622470127,0.0
2026-07-02,-0.0345280684689824,0.0
2026-07-06,-0.054858835195468775,0.0
2026-07-07,-0.12573405356578932,-1.0
2026-07-08,-0.09705038794011561,0.0
2026-07-09,-0.07188937503015863,0.0
2026-07-10,-0.07110431009713608,0.0
2026-07-13,-0.04443313711046412,0.0
2026-07-14,-0.01961527853453057,0.0
2026-07-15,-0.020916622959427124,0.0
2026-07-16,0.0044505770761073555,0.0
2026-07-17,-0.009884450121583671,0.0
2026-07-20,-0.024229271991210298,0.0
2026-07-21,-0.025749280666081894,0.0
2026-07-22,-0.03184002313353325,0.0
2026-07-23,-0.07318574288670121,0.0
2026-07-24,-0.07812470073053962,0.0
2026-07-27,-0.022521441640221594,0.0
2026-07-28,-0.0421614339136105,0.0
2026-07-29,-0.04777736740826026,0.0
2026-07-30,-0.03462031053838313,0.0
2026-07-31,-0.0035227832929476286,0.0
2026-08-03,0.025803707000917945,0.0
2026-08-04,0.015598428128063386,0.0
2026-08-05,0.0598255436842745,0.0
2026-08-06,0.0679461035240625,0.0
2026-08-07,0.0595933563991431,0.0
2026-08-10,0.04906542570800408,0.0
2026-08-11,0.08366507197914948,0.0
2026-08-12,0.09462598820339396,0.0
2026-08-13,0.054576782578061846,0.0
2026-08-14,0.06362593787868437,0.0
2026-08-17,0.08169947728081868,0.0
2026-08-18,0.07989243918084181,0.0
2026-08-19,0.07291087447975116,0.0
2026-08-20,0.06920999195246558,0.0
2026-08-21,0.1462579270887586,1.0
2026-08-24,0.14058159080955313,1.0
2026-08-25,0.06216109520687937,0.0
2026-08-26,0.06170102342968572,0.0
2026-08-27,0.08317439496171009,0.0
2026-08-28,0.10331312215432342,1.0
2026-08-31,0.10986843529762193,1.0
2026-09-01,0.061188008404905195,0.0
2026-09-02,0.14878219220686176,1.0
2026-09-03,0.13757685876611075,1.0
2026-09-04,0.15320395991432448,1.0
2026-09-08,0.15280159544049177,1.0
2026-09-09,0.1572457861899405,1.0
2026-09-10,0.15269151542877926,1.0
2026-09-11,0.16050014211805802,1.0
2026-09-14,0.21093116509589047,1.0
2026-09-15,0.21201917195683942,1.0
2026-09-16,0.20641286875112397,1.0
2026-09-17,0.19170576966649364,1.0
2026-09-18,0.19800407609029888,1.0
2026-09-21,0.22299319384717547,1.0
2026-09-22,0.19106095653405153,1.0
2026-09-23,0.21736927651446777,1.0
2026-09-24,0.2750262003605385,1.0
2026-09-25,0.26338279558286437,1.0
