Price,0
2012-01-04,0.0
2012-01-05,0.0
2012-01-06,-0.0
2012-01-09,0.0
2012-01-10,0.0
2012-01-11,0.0
2012-01-12,0.0
2012-01-13,-0.0
2012-01-17,0.0
2012-01-18,0.0
2012-01-19,0.0
2012-01-20,0.0
2012-01-23,-0.0
2012-01-24,-0.0
2012-01-25,0.0
2012-01-26,-0.0
2012-01-27,-0.0
2012-01-30,-0.0
2012-01-31,-0.0
2012-02-01,0.0
2012-02-02,0.0
2012-02-03,0.0
2012-02-06,-0.0
2012-02-07,0.0
2012-02-08,0.0
2012-02-09,0.0
2012-02-10,-0.0
2012-02-13,0.0
2012-02-14,-0.0
2012-02-15,-0.0
2012-02-16,0.0
2012-02-17,0.0
2012-02-21,0.0
2012-02-22,-0.0
2012-02-23,0.0
2012-02-24,0.0
2012-02-27,0.0
2012-02-28,0.0
2012-02-29,-0.0
2012-03-01,0.0
2012-03-02,-0.0
2012-03-05,-0.0
2012-03-06,-0.0
2012-03-07,0.0
2012-03-08,0.0
2012-03-09,0.0
2012-03-12,0.0
2012-03-13,0.0
2012-03-14,-0.0
2012-03-15,0.0
2012-03-16,0.0
2012-03-19,0.0
2012-03-20,-0.0
2012-03-21,-0.0
2012-03-22,-0.0
2012-03-23,0.0
2012-03-26,0.0
2012-03-27,-0.0
2012-03-28,-0.0
2012-03-29,-0.0
2012-03-30,0.0
2012-04-02,0.0
2012-04-03,-0.0
2012-04-04,-0.0
2012-04-05,-0.0
2012-04-09,-0.0
2012-04-10,-0.0
2012-04-11,0.0
2012-04-12,0.0
2012-04-13,-0.0
2012-04-16,-0.0
2012-04-17,0.0
2012-04-18,-0.0
2012-04-19,-0.0
2012-04-20,0.0
2012-04-23,-0.0
2012-04-24,0.0
2012-04-25,0.0
2012-04-26,0.0
2012-04-27,0.0
2012-04-30,-0.0
2012-05-01,0.0
2012-05-02,-0.0
2012-05-03,-0.0
2012-05-04,-0.0
2012-05-07,0.0
2012-05-08,-0.0
2012-05-09,-0.0
2012-05-10,0.0
2012-05-11,-0.0
2012-05-14,-0.0
2012-05-15,-0.0
2012-05-16,-0.0
2012-05-17,-0.0
2012-05-18,-0.0
2012-05-21,0.0
2012-05-22,0.0
2012-05-23,0.0
2012-05-24,0.0
2012-05-25,-0.0
2012-05-29,0.0
2012-05-30,-0.0
2012-05-31,-0.0
2012-06-01,-0.0
2012-06-04,-0.0
2012-06-05,0.0
2012-06-06,0.0
2012-06-07,0.0
2012-06-08,0.0
2012-06-11,-0.0
2012-06-12,0.0
2012-06-13,-0.0
2012-06-14,0.0
2012-06-15,0.0
2012-06-18,0.0
2012-06-19,0.0
2012-06-20,-0.0
2012-06-21,-0.0
2012-06-22,0.0
2012-06-25,-0.0
2012-06-26,0.0
2012-06-27,0.0
2012-06-28,-0.0
2012-06-29,0.0
2012-07-02,0.0
2012-07-03,0.0
2012-07-05,-0.0
2012-07-06,-0.0
2012-07-09,-0.0
2012-07-10,-0.0
2012-07-11,0.0
2012-07-12,-0.0
2012-07-13,0.0
2012-07-16,-0.0
2012-07-17,0.0
2012-07-18,0.0
2012-07-19,0.0
2012-07-20,-0.0
2012-07-23,-0.0
2012-07-24,-0.0
2012-07-25,0.0
2012-07-26,0.0
2012-07-27,0.0
2012-07-30,0.0
2012-07-31,-0.0
2012-08-01,-0.0
2012-08-02,-0.0
2012-08-03,0.0
2012-08-06,0.0
2012-08-07,0.0
2012-08-08,0.0
2012-08-09,0.0
2012-08-10,0.0
2012-08-13,-0.0
2012-08-14,0.0
2012-08-15,0.0
2012-08-16,0.0
2012-08-17,0.0
2012-08-20,0.0
2012-08-21,-0.0
2012-08-22,0.0
2012-08-23,-0.0
2012-08-24,0.0
2012-08-27,0.0
2012-08-28,-0.0
2012-08-29,0.0
2012-08-30,-0.0
2012-08-31,0.0
2012-09-04,-0.0
2012-09-05,-0.0
2012-09-06,0.0
2012-09-07,0.0
2012-09-10,-0.0
2012-09-11,0.0
2012-09-12,0.0
2012-09-13,0.0
2012-09-14,0.0
2012-09-17,-0.0
2012-09-18,-0.0
2012-09-19,0.0
2012-09-20,0.0
2012-09-21,-0.0
2012-09-24,-0.0
2012-09-25,-0.0
2012-09-26,-0.0
2012-09-27,0.0
2012-09-28,-0.0
2012-10-01,0.0
2012-10-02,0.0
2012-10-03,0.0
2012-10-04,0.0
2012-10-05,0.0
2012-10-08,-0.0
2012-10-09,-0.0
2012-10-10,-0.0
2012-10-11,0.0
2012-10-12,-0.0
2012-10-15,0.0
2012-10-16,0.0
2012-10-17,0.0
2012-10-18,-0.0
2012-10-19,-0.0
2012-10-22,0.0
2012-10-23,-0.0
2012-10-24,-0.0
2012-10-25,0.0
2012-10-26,-0.0
2012-10-31,0.0
2012-11-01,0.0
2012-11-02,-0.0
2012-11-05,0.0
2012-11-06,0.0
2012-11-07,-0.0
2012-11-08,-0.0
2012-11-09,0.0
2012-11-12,0.0
2012-11-13,-0.0
2012-11-14,-0.0
2012-11-15,-0.0
2012-11-16,0.0
2012-11-19,0.0
2012-11-20,0.0
2012-11-21,0.0
2012-11-23,0.0
2012-11-26,-0.0
2012-11-27,-0.0
2012-11-28,0.0
2012-11-29,0.0
2012-11-30,0.0
2012-12-03,-0.0
2012-12-04,-0.0
2012-12-05,0.0
2012-12-06,0.0
2012-12-07,0.0
2012-12-10,0.0
2012-12-11,0.0
2012-12-12,0.0
2012-12-13,-0.0
2012-12-14,-0.0
2012-12-17,0.0
2012-12-18,0.0
2012-12-19,-0.0
2012-12-20,0.0
2012-12-21,-0.0
2012-12-24,-0.0
2012-12-26,-0.0
2012-12-27,-0.0
2012-12-28,-0.0
2012-12-31,0.0
2013-01-02,0.0
2013-01-03,-0.0
2013-01-04,0.0
2013-01-07,-0.0
2013-01-08,-0.0
2013-01-09,0.0
2013-01-10,0.0
2013-01-11,-0.0
2013-01-14,-0.0
2013-01-15,0.0
2013-01-16,-0.0
2013-01-17,0.0
2013-01-18,0.0
2013-01-22,0.0
2013-01-23,0.0
2013-01-24,0.0
2013-01-25,0.0
2013-01-28,-0.0
2013-01-29,0.0
2013-01-30,-0.0
2013-01-31,-0.0
2013-02-01,0.0
2013-02-04,-0.0
2013-02-05,-0.007926791135567934
2013-02-06,-0.0007918882848151333
2013-02-07,-0.0003781111800145177
2013-02-08,0.0015898943071082406
2013-02-11,-5.6375140122165256e-05
2013-02-12,0.000470544295173982
2013-02-13,0.0002443610939814204
2013-02-14,0.0002628344500783214
2013-02-15,-0.00016448786063667125
2013-02-19,-0.004996470800081218
2013-02-20,-0.00515447511662718
2013-02-21,0.0030526926408347803
2013-02-22,-0.006097241775916646
2013-02-25,-0.008248241873317519
2013-02-26,-0.0048640973541053695
2013-02-27,-0.006646764283381977
2013-02-28,-0.0019406864795967805
2013-03-01,-0.0025230933364366634
2013-03-04,-0.002535510075486733
2013-03-05,0.0033139176036928457
2013-03-06,0.0006483441205852791
2013-03-07,0.0007289442292285766
2013-03-08,0.0018274683785534256
2013-03-11,0.0016266890153332017
2013-03-12,-0.0009613182196449736
2013-03-13,0.0006056610590905771
2013-03-14,0.0022814998095882343
2013-03-15,-0.0005655770071439121
2013-03-18,0.0019386293235509134
2013-03-19,0.0012167310897189386
2013-03-20,-0.003659016707075062
2013-03-21,-0.0050680208989907745
2013-03-22,-0.005207889511388217
2013-03-25,0.0021882073913424113
2013-03-26,-0.003858495960219746
2013-03-27,-0.0
2013-03-28,-0.0014632371253242042
2013-04-01,-0.003072763463821078
2013-04-02,-0.0033498340210282272
2013-04-03,0.004828280591004718
2013-04-04,-0.0017869378865875433
2013-04-05,0.0016631321461466988
2013-04-08,-0.0023032529569831294
2013-04-09,-0.0010352851207677232
2013-04-10,-0.0029640463791640163
2013-04-11,0.0014968543504362813
2013-04-12,-0.001866696027536852
2013-04-15,0.0034616923086659194
2013-04-16,-0.002156632189314284
2013-04-17,-0.01278047559857931
2013-04-18,0.00019125602675385597
2013-04-19,-0.0016559175158594624
2013-04-22,0.0025926102471499
2013-04-23,0.007806848349553036
2013-04-24,0.0004049423910905944
2013-04-25,0.002655127534836866
2013-04-26,-0.0011411272890433327
2013-04-29,-0.003551929356864303
2013-04-30,0.0004765195116838107
2013-05-01,-0.005057540224628143
2013-05-02,-0.004980404871589588
2013-05-03,0.004359406000082434
2013-05-06,0.0011622415083124458
2013-05-07,0.002124661753240881
2013-05-08,0.0016859838307251255
2013-05-09,-0.000986251944946921
2013-05-10,0.001084487264044383
2013-05-13,0.00026521600552779445
2013-05-14,0.002904927005318489
2013-05-15,0.0012347286539718212
2013-05-16,-0.0011176581405324987
2013-05-17,-0.008372761353591968
2013-05-20,-0.000963846142401165
2013-05-21,0.00027386823721216774
2013-05-22,0.004699348986960313
2013-05-23,0.002018276669405852
2013-05-24,0.0005166074399401133
2013-05-28,-0.0037550371302215646
2013-05-29,-0.0031171476873204716
2013-05-30,-0.0032380241832608114
2013-05-31,0.008153804488862075
2013-06-03,-0.0031466153822327565
2013-06-04,0.0024703448326136475
2013-06-05,0.006619520282081892
2013-06-06,-0.003927445945428381
2013-06-07,-0.004893709987849442
2013-06-10,-0.001
2013-06-11,-0.006385942862347055
2013-06-12,0.0018065998147440074
2013-06-13,-0.004392917966575187
2013-06-14,0.0014458359259980707
2013-06-17,-0.0015183346265302293
2013-06-18,0.0050712829194005694
2013-06-19,-0.010527374567813025
2013-06-20,-0.018878306759121038
2013-06-21,-0.001764233326901057
2013-06-24,-0.00997811656062579
2013-06-25,-0.003746893223025586
2013-06-26,-0.0028288488691341485
2013-06-27,-0.0014452156647171198
2013-06-28,0.0009755521703104708
2013-07-01,0.003232920580520118
2013-07-02,-0.0006673943971815267
2013-07-03,-0.001144872402438434
2013-07-05,0.00572595946028847
2013-07-08,0.0032126534745619416
2013-07-09,0.003722270193507417
2013-07-10,0.00019036364235963926
2013-07-11,0.007134651978545494
2013-07-12,0.000151424012588402
2013-07-15,0.001589822530483369
2013-07-16,-0.00147485081227934
2013-07-17,0.0008078518439761266
2013-07-18,0.0018260471281592579
2013-07-19,0.0005922125109110165
2013-07-22,-0.0021597756822417822
2013-07-23,-0.0016602221515147225
2013-07-24,0.0013171304597398817
2013-07-25,-0.0015062887777470663
2013-07-26,-0.00065967357081916
2013-07-29,0.0019037338146986075
2013-07-30,-0.0
2013-07-31,-0.00045423994664333956
2013-08-01,-0.006102149622500975
2013-08-02,-0.00022400467404186364
2013-08-05,-0.0001864564684733454
2013-08-06,0.0026584129020444406
2013-08-07,0.0013412533175874775
2013-08-08,-0.0014439117052681733
2013-08-09,0.0009144355724132089
2013-08-12,0.00028986573916937934
2013-08-13,-0.000751597541307021
2013-08-14,0.0009294541577646071
2013-08-15,0.0019503611540681461
2013-08-16,0.0002671899269863405
2013-08-19,0.0002567637502524252
2013-08-20,-0.00023406679518123168
2013-08-21,-4.7619047619047675e-05
2013-08-22,0.0
2013-08-23,0.0
2013-08-26,-0.0
2013-08-27,-0.0
2013-08-28,0.0
2013-08-29,0.0
2013-08-30,-0.0
2013-09-03,0.00016772331293087513
2013-09-04,0.00039391771030354155
2013-09-05,6.0349178527501594e-05
2013-09-06,2.296080330343482e-05
2013-09-09,0.0004559967860957903
2013-09-10,0.006444798323955366
2013-09-11,0.002941522177432302
2013-09-12,-0.0024510222635700262
2013-09-13,-0.0012141893215638965
2013-09-16,0.004008291455270079
2013-09-17,0.003564976993142029
2013-09-18,0.00877085899764048
2013-09-19,-0.0012445769886964366
2013-09-20,-0.00470852674978777
2013-09-23,0.0005425579842683521
2013-09-24,0.0007847698568836566
2013-09-25,0.0009633551064277917
2013-09-26,-0.0012818203488521955
2013-09-27,0.0015322323857693463
2013-09-30,0.0017762169665470249
2013-10-01,-0.0026388271066014974
2013-10-02,0.0003150390235860205
2013-10-03,0.003073666677999502
2013-10-04,-0.0025256008565367103
2013-10-07,0.0028814592439755002
2013-10-08,0.0038822870168272097
2013-10-09,-0.00025486007466924397
2013-10-10,-0.005180455894670194
2013-10-11,0.003909409660704966
2013-10-14,0.0028044887199892947
2013-10-15,-0.005180927277073246
2013-10-16,0.009975569570600844
2013-10-17,0.004773697623485149
2013-10-18,0.004824511024030808
2013-10-21,4.0898015929911674e-05
2013-10-22,0.0038135753320609747
2013-10-23,-0.003012168679448572
2013-10-24,0.001850763547622015
2013-10-25,0.002344783085642396
2013-10-28,-0.001757842712634925
2013-10-29,-0.002539978814120682
2013-10-30,0.0023652733503521876
2013-10-31,0.0013506255657667688
2013-11-01,-0.0011378759121018409
2013-11-04,-0.0016757100632224294
2013-11-05,0.0015083459363237786
2013-11-06,-0.002431350427597086
2013-11-07,0.006020737546089354
2013-11-08,-0.006424681857508768
2013-11-11,-0.0009113839886010158
2013-11-12,-8.215884088452925e-05
2013-11-13,-0.0031044744556549975
2013-11-14,-0.0017108448266076341
2013-11-15,0.001900773818530785
2013-11-18,4.7356280718825706e-05
2013-11-19,0.00047003132100877836
2013-11-20,0.0005481844929495507
2013-11-21,-0.0012003176166241445
2013-11-22,-0.0005240506487862186
2013-11-25,-2.090379966582668e-07
2013-11-26,-1.3181737744280699e-05
2013-11-27,-0.0001159561837618647
2013-11-29,3.1542601927270774e-05
2013-12-02,0.0001236470516435935
2013-12-03,0.0002057419865000935
2013-12-04,5.300519516791114e-06
2013-12-05,0.00020931838599480053
2013-12-06,-0.0005322392759416093
2013-12-09,-0.00012106521865211464
2013-12-10,0.000170630204854115
2013-12-11,-4.7619047619047675e-05
2013-12-12,-0.0
2013-12-13,-0.0
2013-12-16,0.0
2013-12-17,-0.00019906502761826063
2013-12-18,0.0008129521130599529
2013-12-19,-0.0021078715385803005
2013-12-20,-0.001
2013-12-23,0.004135238410577344
2013-12-24,0.0019352055195278233
2013-12-26,0.004310016978112249
2013-12-27,-9.159474783928959e-05
2013-12-30,-0.0001717924760575492
2013-12-31,-0.0021268501675083744
2014-01-02,-0.007797882163874299
2014-01-03,-0.0009531392375692169
2014-01-06,0.0008278814595153845
2014-01-07,-0.0017546134553131205
2014-01-08,-6.23883342165042e-05
2014-01-09,-0.00018680080502767434
2014-01-10,-0.0007780288712278934
2014-01-13,0.0038015371227646533
2014-01-14,-0.0031136287288261295
2014-01-15,-0.0015400609319133577
2014-01-16,0.00037138276278305044
2014-01-17,0.001208440603534073
2014-01-21,-0.0008401278304431666
2014-01-22,-0.0002028506218618349
2014-01-23,0.0019508627669304985
2014-01-24,0.0040163192327902055
2014-01-27,0.0006551300115914647
2014-01-28,-0.0006147107714527348
2014-01-29,0.0004097453511469968
2014-01-30,-4.7619047619047675e-05
2014-01-31,-0.0
2014-02-03,-0.0011192971879987479
2014-02-04,0.00033357151537126266
2014-02-05,-5.975027593621437e-05
2014-02-06,0.000627965921789323
2014-02-07,0.0005902641371224348
2014-02-10,0.0008845010662242602
2014-02-11,0.010374663864369586
2014-02-12,0.0004000455623773348
2014-02-13,0.004377797904023464
2014-02-14,0.004419899839415571
2014-02-18,0.0008632392691055445
2014-02-19,-0.004777419394208509
2014-02-20,-0.0026860066532153563
2014-02-21,-0.001712730770728743
2014-02-24,-0.0028488336443984732
2014-02-25,-0.001186696418619078
2014-02-26,-0.0010207403761735797
2014-02-27,-0.001998983261331368
2014-02-28,-0.0009635020427171389
2014-03-03,0.0026789688967786603
2014-03-04,-0.005354628275998778
2014-03-05,-0.00043444772280295076
2014-03-06,-0.001981386243517164
2014-03-07,-0.0007294423120778847
2014-03-10,-0.0007469833205272703
2014-03-11,0.002353522412901421
2014-03-12,-0.00016201647118333856
2014-03-13,0.004224113893470834
2014-03-14,0.0008883537834754677
2014-03-17,-0.002631465030895941
2014-03-18,-0.0017470678675432694
2014-03-19,0.0009673390073880962
2014-03-20,-0.0008818415926524031
2014-03-21,0.0005540832056301549
2014-03-24,0.0003462447193026685
2014-03-25,-0.00045202687833690273
2014-03-26,0.00029489718082349194
2014-03-27,0.00010039588673609651
2014-03-28,-0.00023474553387237696
2014-03-31,-0.0003902321709862847
2014-04-01,-0.00031574620826574135
2014-04-02,-0.00015937710417849693
2014-04-03,-0.002260413475617096
2014-04-04,-0.00043701174896246763
2014-04-07,-4.7619047619047675e-05
2014-04-08,0.0
2014-04-09,0.0
2014-04-10,-0.0
2014-04-11,-0.0
2014-04-14,0.0
2014-04-15,0.0
2014-04-16,0.0
2014-04-17,0.0
2014-04-21,0.0
2014-04-22,0.0
2014-04-23,-0.003182828392200007
2014-04-24,-0.001096546298054255
2014-04-25,0.00039041721042785813
2014-04-28,-0.00015080003903771624
2014-04-29,-0.0002216876549548573
2014-04-30,-0.00014203257109933294
2014-05-01,-5.062430101925102e-06
2014-05-02,6.827612967645158e-05
2014-05-05,-4.7619047619047675e-05
2014-05-06,-0.0
2014-05-07,0.0
2014-05-08,-0.0
2014-05-09,0.0
2014-05-12,0.0
2014-05-13,-9.937521550931533e-05
2014-05-14,-0.0007743908955893085
2014-05-15,0.0004181218157609316
2014-05-16,-0.0001651822593642067
2014-05-19,-0.00017471202848571942
2014-05-20,0.0003002224827726325
2014-05-21,-0.00040116117147023436
2014-05-22,-4.7619047619047675e-05
2014-05-23,0.0
2014-05-27,0.0
2014-05-28,-0.0
2014-05-29,0.0
2014-05-30,0.0
2014-06-02,0.0
2014-06-03,-0.0
2014-06-04,0.0
2014-06-05,0.0
2014-06-06,0.0036023657854665826
2014-06-09,0.0008786534266316523
2014-06-10,-0.0010097485029045563
2014-06-11,-0.0039324815853495915
2014-06-12,-0.0002781270000008963
2014-06-13,-0.00029034845574816783
2014-06-16,-7.843219275495086e-05
2014-06-17,-0.00026474537743370076
2014-06-18,-0.0006990165898892981
2014-06-19,-0.00010677990262120658
2014-06-20,0.0007879152276271655
2014-06-23,-0.0009562302113566638
2014-06-24,0.0008606012253812145
2014-06-25,-0.0006456566423589703
2014-06-26,0.00010219911338887098
2014-06-27,-0.0002776899527065741
2014-06-30,7.297619354700622e-05
2014-07-01,-0.0009562350415026625
2014-07-02,-0.00013070424457900694
2014-07-03,-0.001936736369169847
2014-07-07,0.0006630619326274136
2014-07-08,0.0008709519257601074
2014-07-09,-0.00047468801292418377
2014-07-10,0.0003768686594553988
2014-07-11,-0.00011309236484657867
2014-07-14,-0.00023978904472586962
2014-07-15,8.915758913604801e-05
2014-07-16,-0.0001762512289109198
2014-07-17,0.0005412403978330036
2014-07-18,-0.00048663570083550374
2014-07-21,8.9116978127529e-05
2014-07-22,-4.7619047619047675e-05
2014-07-23,0.0
2014-07-24,0.0
2014-07-25,-0.0
2014-07-28,0.0
2014-07-29,-0.0
2014-07-30,0.0
2014-07-31,-0.0
2014-08-01,-0.0001931066820167327
2014-08-04,0.0003438558585044624
2014-08-05,-0.0004617425955858197
2014-08-06,1.4883917391377094e-05
2014-08-07,-0.0002578315324991159
2014-08-08,0.000550890435834123
2014-08-11,0.00013797546051413145
2014-08-12,-6.631305434990863e-05
2014-08-13,0.00032231032393723215
2014-08-14,0.00022486259126218788
2014-08-15,-9.752251580095829e-06
2014-08-18,0.00039902753731065033
2014-08-19,0.004266714611032315
2014-08-20,0.002496652580939525
2014-08-21,0.0025904463765037303
2014-08-22,-0.000851979755806879
2014-08-25,-0.00048292826014825893
2014-08-26,-6.18258305124863e-05
2014-08-27,-0.001294412544797763
2014-08-28,-0.0009214980520586391
2014-08-29,-0.0004068935792417454
2014-09-02,7.118489697764488e-05
2014-09-03,7.834775313006076e-05
2014-09-04,0.0002065938040173458
2014-09-05,-0.0006421305277935578
2014-09-08,0.0003693828157468962
2014-09-09,0.0009044667533956325
2014-09-10,-0.0005375832331848369
2014-09-11,-0.00016417152223868753
2014-09-12,0.0008343656216759685
2014-09-15,0.00010766480395282436
2014-09-16,-0.0010769496812581233
2014-09-17,-0.00019235037912647618
2014-09-18,-0.0005552574177488667
2014-09-19,-4.705138072856259e-06
2014-09-22,-4.7619047619047675e-05
2014-09-23,-0.0
2014-09-24,0.0
2014-09-25,-0.0
2014-09-26,0.00033075230966242864
2014-09-29,-8.66188314931429e-05
2014-09-30,-0.0001253755115748187
2014-10-01,-0.0006453061779607648
2014-10-02,7.3409587782220275e-06
2014-10-03,0.0005242570844888625
2014-10-06,-5.573744335185544e-05
2014-10-07,-0.0007350623380023736
2014-10-08,0.0008328215230647691
2014-10-09,-0.020785385613762
2014-10-10,-0.001
2014-10-13,-0.0
2014-10-14,0.0
2014-10-15,-0.0
2014-10-16,-0.0
2014-10-17,0.0
2014-10-20,0.0
2014-10-21,0.017915668855926825
2014-10-22,-0.006481294663466253
2014-10-23,0.00991641047970797
2014-10-24,0.006181905844169904
2014-10-27,-0.0010948235993403538
2014-10-28,0.008145265831574244
2014-10-29,-0.0010556371430173103
2014-10-30,0.003920606200634941
2014-10-31,0.006487136081181972
2014-11-03,0.00023813656158905026
2014-11-04,-0.0016996136109920024
2014-11-05,0.002659250059900399
2014-11-06,0.001477412605004542
2014-11-07,0.00035634240707939027
2014-11-10,0.0010014661621659616
2014-11-11,-0.0016536211432928894
2014-11-12,-0.0012601105973221748
2014-11-13,-0.0018051724481531306
2014-11-14,-0.00017502732074205416
2014-11-17,-0.0004546209138852778
2014-11-18,-0.004124064469368844
2014-11-19,0.0010226184836924397
2014-11-20,-0.0011335551619329992
2014-11-21,-0.003105045849346555
2014-11-24,-0.0015176745721718
2014-11-25,-0.0013446983772402766
2014-11-26,-0.002170980557648479
2014-11-28,0.0008604938969106536
2014-12-01,0.0025999106477557553
2014-12-02,-0.002202198932595889
2014-12-03,-0.0011512853494883581
2014-12-04,0.00021571954472331998
2014-12-05,-0.0003594661290011789
2014-12-08,0.0009070346095180949
2014-12-09,1.693679824754655e-05
2014-12-10,0.0007157663609126776
2014-12-11,-0.0002414140041412861
2014-12-12,-4.7619047619047675e-05
2014-12-15,-0.0
2014-12-16,-0.0
2014-12-17,0.0
2014-12-18,0.0
2014-12-19,0.003100034252261036
2014-12-22,0.004114522208803678
2014-12-23,0.0011090323245006217
2014-12-24,3.045849929430999e-05
2014-12-26,0.002610294834344104
2014-12-29,0.0009756634987096314
2014-12-30,-0.0038802254036020526
2014-12-31,-0.006662906755752107
2015-01-02,-0.0008216064662069913
2015-01-05,0.00601991907834983
2015-01-06,0.0031396643415175416
2015-01-07,-0.004153808137319434
2015-01-08,-0.005914947006644337
2015-01-09,-0.005913059601209485
2015-01-12,0.0019842665649022913
2015-01-13,0.0010714570523500215
2015-01-14,0.002299911737221465
2015-01-15,0.0034897178833289844
2015-01-16,-0.0049957768431661735
2015-01-20,0.00026642754095035164
2015-01-21,-0.003163332939677076
2015-01-22,0.007497734451178549
2015-01-23,-0.003133043763825822
2015-01-26,-0.001844540369680122
2015-01-27,-0.009165714708243185
2015-01-28,0.0033223982068139152
2015-01-29,-0.0026886262178138234
2015-01-30,0.0029463630477144726
2015-02-02,-0.0024065620638331143
2015-02-03,-0.0027544115668550377
2015-02-04,-0.003853352040415834
2015-02-05,0.007162952097212256
2015-02-06,-0.0018911628036320436
2015-02-09,-0.0028182647196820405
2015-02-10,-0.004503417862036441
2015-02-11,-0.0005932350917797907
2015-02-12,0.005447735642790372
2015-02-13,0.0021088009413141643
2015-02-17,0.0007013877648497372
2015-02-18,-6.899259256158245e-06
2015-02-19,-0.0005785515660263003
2015-02-20,0.0016192785577681494
2015-02-23,-0.0008780355089267008
2015-02-24,-0.001400339551676595
2015-02-25,0.0004047623668954191
2015-02-26,0.00045858516036373646
2015-02-27,-0.0027365452972339353
2015-03-02,-0.004006326421444901
2015-03-03,0.0019542469193707074
2015-03-04,0.002007453114535318
2015-03-05,-0.0005209762727900614
2015-03-06,0.005980050686712348
2015-03-09,-0.0016265211015189464
2015-03-10,0.005359621735910045
2015-03-11,0.000621441998896984
2015-03-12,-0.003632561274455437
2015-03-13,0.0014125518903158767
2015-03-16,-0.0025925771347450276
2015-03-17,0.00037701227310802516
2015-03-18,-0.0011925044447358263
2015-03-19,-0.0051268939287045035
2015-03-20,0.007518310931274256
2015-03-23,-0.0016704621074837042
2015-03-24,-0.004596242270681033
2015-03-25,0.0017911764970376816
2015-03-26,0.0004536222609658918
2015-03-27,-0.00043616041884400467
2015-03-30,-0.001790446875155352
2015-03-31,0.0012485020864837655
2015-04-01,0.0005052174953151802
2015-04-02,-0.0005139374828771234
2015-04-06,-0.0009619183568780572
2015-04-07,-0.0030946780246125113
2015-04-08,-0.0016432288308420653
2015-04-09,-0.0008425836957268729
2015-04-10,0.003205303178826751
2015-04-13,-0.0032783897175229907
2015-04-14,-0.001546631292079372
2015-04-15,-0.0012820224302378946
2015-04-16,-0.0011423842664873356
2015-04-17,0.0028346565347858745
2015-04-20,-0.0026582130132207357
2015-04-21,-0.0018510023365445752
2015-04-22,0.003510291718429473
2015-04-23,0.0017971734940586917
2015-04-24,-0.001663057708584055
2015-04-27,0.0011880277317305296
2015-04-28,-0.000908280580849701
2015-04-29,-0.0036952279042821797
2015-04-30,0.002340269415089803
2015-05-01,-0.003613932229366457
2015-05-04,0.0008100483886887379
2015-05-05,-0.006591415459075066
2015-05-06,0.0006159290785775016
2015-05-07,-0.0015197646952411028
2015-05-08,-0.0050155682554029885
2015-05-11,-0.0039542664932208735
2015-05-12,-0.001851951270090101
2015-05-13,-0.0010726488386182177
2015-05-14,0.005006296411660288
2015-05-15,0.0006191675190438316
2015-05-18,-0.002331477709039567
2015-05-19,-0.0011243608928581928
2015-05-20,-0.00036891499913733957
2015-05-21,0.0015256935131351505
2015-05-22,7.123672766769251e-05
2015-05-26,0.004608126198954708
2015-05-27,-0.0040679953999127605
2015-05-28,-0.0015433884407871994
2015-05-29,0.0017102870161055765
2015-06-01,-0.0008728718392871292
2015-06-02,0.00042529733373898793
2015-06-03,-0.0010567991095456288
2015-06-04,0.002767777435492973
2015-06-05,0.0005710868944375226
2015-06-08,0.0020497968689036456
2015-06-09,4.795984932293163e-05
2015-06-10,-0.0034741608875239523
2015-06-11,0.0013027237400723747
2015-06-12,0.0011871382229366862
2015-06-15,0.0009727512532639676
2015-06-16,-0.0010860131676613206
2015-06-17,-0.0003080269841125067
2015-06-18,-0.0015332314593375816
2015-06-19,-0.004804943983779952
2015-06-22,-0.0014402889200277342
2015-06-23,-0.0003454231061772547
2015-06-24,-0.005926960540045099
2015-06-25,-0.0004208601728073381
2015-06-26,-2.0379708888277596e-05
2015-06-29,0.002995749453023199
2015-06-30,-0.00029905314298628316
2015-07-01,-0.0011450876018181007
2015-07-02,0.00013086157047500653
2015-07-06,0.00040656117956829263
2015-07-07,-0.0008984277014400762
2015-07-08,0.002396806562848861
2015-07-09,-0.0002585012264968117
2015-07-10,-0.0017987314464286623
2015-07-13,0.008460539328912508
2015-07-14,0.003464094143897568
2015-07-15,-0.0003006145770153991
2015-07-16,0.005683943677882633
2015-07-17,0.0005177462849427114
2015-07-20,0.00027278005020106973
2015-07-21,-0.002446200307250116
2015-07-22,-0.0003162773428669137
2015-07-23,0.0018288770967463109
2015-07-24,0.00291586360628927
2015-07-27,0.0016620050491717045
2015-07-28,-0.0035093721370012304
2015-07-29,-0.0019653967811281065
2015-07-30,-6.784787377560926e-05
2015-07-31,0.0004336458936400651
2015-08-03,0.0009636890708935982
2015-08-04,0.0005583865584434085
2015-08-05,-0.0009414796008497181
2015-08-06,0.0023393184302700843
2015-08-07,0.0005486344528472678
2015-08-10,-0.0035999576351014107
2015-08-11,-0.007445256365749425
2015-08-12,-0.0012375694763143753
2015-08-13,0.0001894087291090767
2015-08-14,-0.0005679419902620368
2015-08-17,-0.0005797082612355294
2015-08-18,9.032094461359748e-05
2015-08-19,-4.7619047619047675e-05
2015-08-20,-0.0
2015-08-21,-0.0
2015-08-24,-0.0
2015-08-25,-0.0
2015-08-26,0.0
2015-08-27,0.022604915900685595
2015-08-28,-2.1355665013151224e-06
2015-08-31,-0.006972703076033439
2015-09-01,-0.02421000691275165
2015-09-02,0.014414156232226737
2015-09-03,0.00046415152121543046
2015-09-04,-0.010138755901766617
2015-09-08,-0.00937709346361056
2015-09-09,-0.009230203393294046
2015-09-10,0.0033686111555856586
2015-09-11,0.002549179620481729
2015-09-14,-0.0019912922516781718
2015-09-15,0.005904471066426248
2015-09-16,0.0036667539900319393
2015-09-17,-0.0009040969123732904
2015-09-18,-0.005494750972441871
2015-09-21,0.001428784339383866
2015-09-22,-0.003137929864083847
2015-09-23,0.0002181707311891593
2015-09-24,0.002754719200777987
2015-09-25,0.00019767533588719403
2015-09-28,0.017878928914380948
2015-09-29,-0.0004376271008388068
2015-09-30,-0.011598121157145716
2015-10-01,-6.052631668459823e-06
2015-10-02,0.005690562251001687
2015-10-05,0.006779054595110776
2015-10-06,-0.0013052348220349127
2015-10-07,0.0026825758273957166
2015-10-08,0.0030088475378933213
2015-10-09,0.00019875105237820984
2015-10-12,0.00031452430827464767
2015-10-13,-0.002100598427665375
2015-10-14,-0.0015979954872942974
2015-10-15,0.005118124046299113
2015-10-16,0.001515534461248154
2015-10-19,0.0001639623504371042
2015-10-20,-0.00042615833770187617
2015-10-21,-0.002067738946976945
2015-10-22,-0.012262354709496475
2015-10-23,0.002179499555367756
2015-10-26,-0.0006328360555264424
2015-10-27,-0.00041560352784419415
2015-10-28,0.0015772760921413367
2015-10-29,-0.0001023015896933764
2015-10-30,-0.00041044208003235977
2015-11-02,-0.011093018570477757
2015-11-03,-0.0005857848170590962
2015-11-04,-0.00043327183668554305
2015-11-05,-0.0001426817376560648
2015-11-06,-7.475605331712967e-05
2015-11-09,-0.001333104830397708
2015-11-10,-0.0028201420966444102
2015-11-11,0.0029480488626528532
2015-11-12,0.009923671092417043
2015-11-13,0.007437910307118517
2015-11-16,-0.009461440567607539
2015-11-17,0.0003691797919687365
2015-11-18,-0.008358225627179288
2015-11-19,-0.0014104055768987852
2015-11-20,0.0015140467402237968
2015-11-23,-0.0004913710649189536
2015-11-24,0.0005739866238904577
2015-11-25,-6.142832207838606e-05
2015-11-27,-0.0015527798120487518
2015-11-30,-0.0029767936404662973
2015-12-01,-0.00549332021383345
2015-12-02,-0.005812066058878698
2015-12-03,0.005715643735428084
2015-12-04,-0.008405953963405922
2015-12-07,-0.004461777725981742
2015-12-08,0.0016075193241083512
2015-12-09,0.0025456806193569575
2015-12-10,-0.0008604063254723886
2015-12-11,-0.012950186426999865
2015-12-14,-0.0029247474812967795
2015-12-15,-0.0039991595281238445
2015-12-16,0.0074086019936886825
2015-12-17,-0.008029385490920296
2015-12-18,0.007483279696320895
2015-12-21,-0.003582910432615404
2015-12-22,0.004185158527368877
2015-12-23,0.007076230889086789
2015-12-24,-0.0009429579156025522
2015-12-28,-0.0013057486146080344
2015-12-29,0.005542462505176288
2015-12-30,-0.0037125733770084126
2015-12-31,-0.0048113753558148105
2016-01-04,0.005704425527352588
2016-01-05,-0.0008056444107612789
2016-01-06,0.006006983013699422
2016-01-07,0.010234442237912377
2016-01-08,0.004704140775269722
2016-01-11,-0.00042425862550822736
2016-01-12,-0.0034577430185290647
2016-01-13,0.009453617094429927
2016-01-14,-0.0062541330096470135
2016-01-15,-0.013218927246935576
2016-01-19,-0.0014595362399808989
2016-01-20,0.004224123823214973
2016-01-21,-0.0018675301643993338
2016-01-22,0.011747506246483342
2016-01-25,-0.009357919226166573
2016-01-26,0.00844567655168193
2016-01-27,-0.006737294515522238
2016-01-28,0.0032248683828908537
2016-01-29,0.015090638915581146
2016-02-01,-0.0002238084703308668
2016-02-02,-0.011156595136541924
2016-02-03,0.0033783006926840563
2016-02-04,0.0007737713173219727
2016-02-05,-0.009119169180624304
2016-02-08,0.006051018225555735
2016-02-09,-2.8242819337770663e-05
2016-02-10,0.00045186074592660325
2016-02-11,0.00681382429676613
2016-02-12,-0.010799152581093858
2016-02-16,0.006281289952168692
2016-02-17,0.007000596136287849
2016-02-18,-0.0016080747688502813
2016-02-19,-0.00020359936248771581
2016-02-22,0.004089166946255873
2016-02-23,-0.003608415509080469
2016-02-24,0.0013073140662534912
2016-02-25,0.003460453517060497
2016-02-26,-0.0006574614551324896
2016-02-29,-0.002240668145440677
2016-03-01,0.006716268766238101
2016-03-02,0.001283576857579215
2016-03-03,0.0011198129522131319
2016-03-04,0.0009296207907477494
2016-03-07,0.00022802394349692135
2016-03-08,-0.0031193641561542786
2016-03-09,-0.004528518814342384
2016-03-10,-0.0007613820033063631
2016-03-11,0.0030260752029135254
2016-03-14,-0.00023073397702500463
2016-03-15,-0.0002028171071850551
2016-03-16,0.0005511271528524593
2016-03-17,0.0006042143849245292
2016-03-18,0.00037426632252744046
2016-03-21,0.0001351236442328698
2016-03-22,-5.118755247742381e-05
2016-03-23,-0.0006285571011236662
2016-03-24,-0.0005729746224016996
2016-03-28,-0.0005258173821249981
2016-03-29,-0.007095462472452117
2016-03-30,4.467923668609493e-05
2016-03-31,-0.0005778860247874721
2016-04-01,-0.005818007450539153
2016-04-04,-0.001925116002158896
2016-04-05,0.005706205788839451
2016-04-06,-0.006808326670210887
2016-04-07,-0.0055583302429558475
2016-04-08,-0.002669194513601665
2016-04-11,0.001293476986165596
2016-04-12,-0.004925744446926251
2016-04-13,0.003810048239988789
2016-04-14,2.289457358393778e-05
2016-04-15,-0.0005265498766477655
2016-04-18,-0.0042984452740200225
2016-04-19,0.0006522957597578671
2016-04-20,0.0004989410770515067
2016-04-21,-0.002817126533063752
2016-04-22,0.0
2016-04-25,-0.00017966235259477882
2016-04-26,-0.0007074915497304456
2016-04-27,-0.000980255086936602
2016-04-28,0.0038420697203711027
2016-04-29,0.0020090078279848596
2016-05-02,-0.003027879605574448
2016-05-03,0.002853484263912621
2016-05-04,0.0018594043076608504
2016-05-05,6.495171824442518e-05
2016-05-06,-0.001093029272874426
2016-05-09,-0.00023606269881439244
2016-05-10,-0.003552546119974385
2016-05-11,-0.007188819116876955
2016-05-12,-0.001035400119730937
2016-05-13,0.0020271948243047273
2016-05-16,-0.00192672185020923
2016-05-17,-0.008063538444269101
2016-05-18,-0.0010080889222733886
2016-05-19,0.00044737664198068517
2016-05-20,-0.0006492744730893996
2016-05-23,-0.002232710074132625
2016-05-24,-0.002234509180729505
2016-05-25,0.004861673078551905
2016-05-26,0.00018447734804201353
2016-05-27,0.0032279653817247514
2016-05-31,-0.0014064738704939472
2016-06-01,0.0013186062324519734
2016-06-02,0.0018362732304706684
2016-06-03,0.0001377380227539646
2016-06-06,-0.0019382969502665724
2016-06-07,-6.002848477186507e-05
2016-06-08,-0.002397036209329723
2016-06-09,-0.0016677339263359852
2016-06-10,0.0031093883094028417
2016-06-13,0.00330513607864564
2016-06-14,0.0008428748136243756
2016-06-15,0.000597433475470128
2016-06-16,-0.001184523355942948
2016-06-17,0.0014187581861072659
2016-06-20,-0.002453268481714317
2016-06-21,-0.0010814375961350564
2016-06-22,0.0004961229327682659
2016-06-23,-0.0043409061811005385
2016-06-24,-0.02493928443834067
2016-06-27,0.0041648068671261435
2016-06-28,-0.00434200483342788
2016-06-29,-0.0032909276814700856
2016-06-30,0.010046371760619902
2016-07-01,0.001700153818153223
2016-07-05,-0.0055280301537323825
2016-07-06,0.0042365996482388365
2016-07-07,-0.0004431876014952619
2016-07-08,0.009879547317008453
2016-07-11,0.00235130342237803
2016-07-12,0.004448820298321535
2016-07-13,-0.00012743938216677083
2016-07-14,0.0028772157688654433
2016-07-15,-0.0006866734822449053
2016-07-18,0.0011040464325872876
2016-07-19,-0.00043482925638821125
2016-07-20,-0.0035770187783964766
2016-07-21,0.0023382042175800464
2016-07-22,-0.002776584920551915
2016-07-25,0.0016813759954669267
2016-07-26,-0.00031129907108182333
2016-07-27,0.0006061796019403154
2016-07-28,-0.0006595720296008269
2016-07-29,-0.0009228190878126493
2016-08-01,0.0003867884080395762
2016-08-02,0.0030034081063610215
2016-08-03,-0.0013001830023433951
2016-08-04,-0.0004529308986647533
2016-08-05,-0.002773884443247417
2016-08-08,0.0001225687589878251
2016-08-09,-0.00018952674815247183
2016-08-10,0.0004237739761067327
2016-08-11,-0.0007105747043924818
2016-08-12,3.5144804162250185e-05
2016-08-15,-0.0001849467906567524
2016-08-16,-4.7619047619047675e-05
2016-08-17,4.1947041304547026e-05
2016-08-18,0.00010687496680716902
2016-08-19,-6.96421510119273e-05
2016-08-22,-2.171678842739185e-06
2016-08-23,9.58791023294596e-05
2016-08-24,-0.00024357045751142832
2016-08-25,-3.279219190355235e-05
2016-08-26,-8.968485401422444e-05
2016-08-29,0.00023450924080103462
2016-08-30,-7.851507699775869e-05
2016-08-31,-0.00013543261815175892
2016-09-01,2.19900261660173e-06
2016-09-02,0.00021465050764679663
2016-09-06,0.00014393581562232097
2016-09-07,-4.3570654489635205e-06
2016-09-08,-0.00010871014055547342
2016-09-09,-0.0011397556381193804
2016-09-12,0.0006832121146140536
2016-09-13,-0.0006845369869230627
2016-09-14,-1.787825598264014e-05
2016-09-15,0.00047585335773055697
2016-09-16,-0.0001840831279890682
2016-09-19,8.936219402825676e-06
2016-09-20,2.224665260833602e-06
2016-09-21,0.0005355053344223446
2016-09-22,0.0053490237954377535
2016-09-23,-0.001
2016-09-26,-0.008668706810847873
2016-09-27,-0.0012956197905585353
2016-09-28,-0.00023636840716927742
2016-09-29,-0.009138136864736565
2016-09-30,-0.001718667584306223
2016-10-03,-0.0030130768389405494
2016-10-04,-0.0002717708540319597
2016-10-05,-0.000632133558123606
2016-10-06,-9.938705084271735e-05
2016-10-07,0.0004898944454553143
2016-10-10,-0.0007440174497083914
2016-10-11,0.001804182482499013
2016-10-12,-0.00018738056029058274
2016-10-13,0.000467945248817373
2016-10-14,-7.381545900386757e-05
2016-10-17,0.0004960328272743161
2016-10-18,-0.0008946023897102865
2016-10-19,-0.0003810184380031208
2016-10-20,0.0002666145270205605
2016-10-21,-9.211004105709927e-05
2016-10-24,-0.0004050273105356312
2016-10-25,-0.004031559922923508
2016-10-26,-0.0008088491641888259
2016-10-27,0.00025405610531847335
2016-10-28,9.310381118548855e-05
2016-10-31,-2.249784538105582e-06
2016-11-01,-4.7619047619047675e-05
2016-11-02,-0.0
2016-11-03,-0.0
2016-11-04,-0.0
2016-11-07,0.0
2016-11-08,0.0033372799059473916
2016-11-09,0.00954468244806609
2016-11-10,0.002091374126974984
2016-11-11,-0.0019136543989645414
2016-11-14,0.0005510239891124689
2016-11-15,0.005525664358346776
2016-11-16,-0.001299852386706982
2016-11-17,0.0031347305629382156
2016-11-18,-0.0013262607082352928
2016-11-21,0.00390799603133241
2016-11-22,0.0008825986157777218
2016-11-23,0.000258976480052443
2016-11-25,0.001544671635942212
2016-11-28,-0.0018360620963134208
2016-11-29,0.0006024775835480597
2016-11-30,0.0005995121229204214
2016-12-01,0.0024502248751009
2016-12-02,-0.00033369208894769764
2016-12-05,-0.004005934697988601
2016-12-06,-0.0021117644034136522
2016-12-07,-0.008720299230989752
2016-12-08,-0.00018365686614711131
2016-12-09,0.0020133738367687686
2016-12-12,-0.0003824982253548917
2016-12-13,0.0022246289529816252
2016-12-14,-0.002751491935383746
2016-12-15,0.00137249678134436
2016-12-16,-0.0006519102195737442
2016-12-19,0.0007257260832500555
2016-12-20,-0.0033403741391102152
2016-12-21,-0.002060031573195495
2016-12-22,3.471919613612178e-05
2016-12-23,-0.0008144903686786917
2016-12-27,-0.0012292074671620252
2016-12-28,0.003494360873333494
2016-12-29,3.7297590123280536e-05
2016-12-30,0.001392177245454479
2017-01-03,-0.0029140523367185978
2017-01-04,-0.002266473922349952
2017-01-05,0.00030271082983533503
2017-01-06,-0.0013629532444958785
2017-01-09,0.0012573711996124765
2017-01-10,-4.761904761904756e-05
2017-01-11,-0.0008550265611029598
2017-01-12,0.0005499877793220943
2017-01-13,-0.00048489321336812424
2017-01-17,0.00045577759445645377
2017-01-18,-0.0002581000229297393
2017-01-19,0.00012879135722338722
2017-01-20,-4.7619047619047675e-05
2017-01-23,-0.0
2017-01-24,0.00025769086129410866
2017-01-25,0.0004121843844687463
2017-01-26,-0.00199786338426036
2017-01-27,-0.001
2017-01-30,-0.0
2017-01-31,-0.0
2017-02-01,0.0
2017-02-02,0.0
2017-02-03,0.0
2017-02-06,-0.0
2017-02-07,0.0
2017-02-08,0.0
2017-02-09,0.0
2017-02-10,0.0
2017-02-13,0.0
2017-02-14,0.002852687476384987
2017-02-15,0.004675796490620389
2017-02-16,-0.0007773854005424332
2017-02-17,0.0012283476619585568
2017-02-21,-0.002134357042387137
2017-02-22,-0.001628974445351197
2017-02-23,-0.0011612010732189254
2017-02-24,-0.00030209670244056645
2017-02-27,-0.0003453562913715516
2017-02-28,0.0005141661089149496
2017-03-01,-0.002666183373266914
2017-03-02,-0.00575037665131186
2017-03-03,-0.0011498971210529767
2017-03-06,0.0007090134181348117
2017-03-07,0.0007112200223962931
2017-03-08,0.0004419831105490729
2017-03-09,-0.00030199708462323797
2017-03-10,-0.0008342966178327628
2017-03-13,-0.00012017471517514598
2017-03-14,0.0009110637685416382
2017-03-15,-0.002060333750323805
2017-03-16,0.0003270537654460244
2017-03-17,0.00020322025425820859
2017-03-20,5.687686689622345e-05
2017-03-21,0.0005637861751009847
2017-03-22,-0.00011207160060455229
2017-03-23,-4.7619047619047675e-05
2017-03-24,-0.0
2017-03-27,-0.0
2017-03-28,0.0
2017-03-29,0.0
2017-03-30,0.0
2017-03-31,-0.00015844438803023868
2017-04-03,-8.281810838409581e-05
2017-04-04,3.0358467617934e-05
2017-04-05,-0.00014155993512141707
2017-04-06,0.00013385358705445935
2017-04-07,-4.853369383909081e-05
2017-04-10,2.8334238091776716e-05
2017-04-11,-5.664551318723418e-05
2017-04-12,-0.00020866176224999504
2017-04-13,-0.0003092943254272354
2017-04-17,0.0004219114283958295
2017-04-18,-0.00014209477425240576
2017-04-19,-8.75531253336425e-05
2017-04-20,0.0003875588881615389
2017-04-21,-0.0001517501413042338
2017-04-24,0.0005237137669045005
2017-04-25,0.00027707568734597636
2017-04-26,-0.0015810067736665968
2017-04-27,-0.001
2017-04-28,-0.0
2017-05-01,0.0
2017-05-02,0.0
2017-05-03,-0.0
2017-05-04,0.0
2017-05-05,0.0
2017-05-08,-0.0
2017-05-09,-0.0
2017-05-10,0.0
2017-05-11,-0.0
2017-05-12,-0.0
2017-05-15,0.0
2017-05-16,-0.0
2017-05-17,-0.0
2017-05-18,0.0
2017-05-19,0.0
2017-05-22,0.0
2017-05-23,0.0
2017-05-24,0.0
2017-05-25,0.00017998562288646907
2017-05-26,-9.854990863642087e-06
2017-05-30,-4.1368867786601184e-05
2017-05-31,-1.1825470053099332e-05
2017-06-01,0.0003786834475317013
2017-06-02,0.00015849806403958497
2017-06-05,-3.5105713104716414e-05
2017-06-06,-0.00015223468778921705
2017-06-07,8.811417852290447e-05
2017-06-08,2.344472894264646e-05
2017-06-09,-7.227220606455988e-05
2017-06-12,-9.781266150270858e-06
2017-06-13,0.0002328468065685485
2017-06-14,-6.034944740720846e-05
2017-06-15,-9.165280840342394e-05
2017-06-16,1.0412877142910552e-05
2017-06-19,0.0003964352583570074
2017-06-20,-0.0003211567966899548
2017-06-21,-1.1746690287245676e-05
2017-06-22,-2.1577709102588978e-05
2017-06-23,5.68763953720229e-05
2017-06-26,3.133087666030131e-05
2017-06-27,-0.0003836223631116881
2017-06-28,0.00042621362278380716
2017-06-29,-0.0004185156226677673
2017-06-30,8.876514319991358e-05
2017-07-03,8.076317551072994e-05
2017-07-05,0.0001100936076980814
2017-07-06,-0.0004354438176721801
2017-07-07,0.00030879851747723765
2017-07-10,5.114924559223609e-05
2017-07-11,-3.5357327130188464e-05
2017-07-12,0.0003578363324385879
2017-07-13,8.001793924092423e-05
2017-07-14,0.0002221018668962703
2017-07-17,-5.8225915137684325e-06
2017-07-18,2.521497266101088e-05
2017-07-19,0.00025780579744842224
2017-07-20,2.121797983990959e-05
2017-07-21,-4.240349264226339e-05
2017-07-24,-1.1572735737216572e-05
2017-07-25,0.00011574869796381931
2017-07-26,1.934177526966406e-06
2017-07-27,-4.4253945744809945e-05
2017-07-28,-5.587320501014113e-05
2017-07-31,-2.7008819840930946e-05
2017-08-01,0.00010613694039304932
2017-08-02,2.310090679751089e-05
2017-08-03,-9.235543508941069e-05
2017-08-04,8.674871441660162e-05
2017-08-07,8.854555026293656e-05
2017-08-08,-0.00011719918416220847
2017-08-09,-1.928650049025439e-06
2017-08-10,-0.0006721566812257305
2017-08-11,7.033893678651399e-05
2017-08-14,0.00047204653811642604
2017-08-15,-5.789249802329052e-06
2017-08-16,8.306186678076962e-05
2017-08-17,-0.00074241996190043
2017-08-18,-7.442868023759061e-05
2017-08-21,3.727950344309002e-05
2017-08-22,0.0004979421084151344
2017-08-23,-0.00017073726732744096
2017-08-24,-0.00011097881429376713
2017-08-25,0.00011123806072351921
2017-08-28,1.946515764519744e-06
2017-08-29,5.4520774556884004e-05
2017-08-30,0.00022561053334752291
2017-08-31,0.00028647483910804216
2017-09-01,6.733502264186899e-05
2017-09-05,-0.00034200932170690515
2017-09-06,0.00016255486145679755
2017-09-07,-5.774020656596206e-06
2017-09-08,-5.592754354184181e-05
2017-09-11,0.0005078926667931549
2017-09-12,0.00016050687605343838
2017-09-13,-0.0004726287342659264
2017-09-14,-0.001
2017-09-15,0.0
2017-09-18,0.0
2017-09-19,0.0
2017-09-20,0.0
2017-09-21,-0.0
2017-09-22,0.0
2017-09-25,-0.0
2017-09-26,0.0
2017-09-27,0.0
2017-09-28,0.0
2017-09-29,0.0
2017-10-02,0.0
2017-10-03,0.0
2017-10-04,0.0
2017-10-05,0.0
2017-10-06,-0.0
2017-10-09,-0.0
2017-10-10,0.0
2017-10-11,0.0
2017-10-12,-0.0001185720033698435
2017-10-13,5.798154592543251e-05
2017-10-16,6.348493691974017e-05
2017-10-17,3.358836776479723e-05
2017-10-18,4.660928638485936e-05
2017-10-19,1.3022054507647187e-05
2017-10-20,0.00024573427088011766
2017-10-23,-0.00018520903999422078
2017-10-24,8.367926003385221e-05
2017-10-25,-0.00023573592848418544
2017-10-26,6.157105189953865e-05
2017-10-27,0.00038933660679233844
2017-10-30,-0.00017738671066954882
2017-10-31,7.419723122099817e-05
2017-11-01,6.294828886606259e-05
2017-11-02,1.8487093482479286e-05
2017-11-03,0.00015900241486051188
2017-11-06,7.369949021249352e-05
2017-11-07,-3.3116742939883956e-05
2017-11-08,8.098115057166218e-05
2017-11-09,-0.0001727334161589874
2017-11-10,-1.475265503778212e-05
2017-11-13,4.427491200855097e-05
2017-11-14,-0.00011060383119068002
2017-11-15,-0.0002383448953047844
2017-11-16,0.00040482032811322373
2017-11-17,-0.00013995955790167114
2017-11-20,8.127760911216156e-05
2017-11-21,0.00031155148516630944
2017-11-22,-4.212940974897211e-05
2017-11-24,0.0001099917518707005
2017-11-27,-2.377342324811854e-05
2017-11-28,0.0004830799764873492
2017-11-29,-2.8968259784537416e-05
2017-11-30,0.0004168940246646844
2017-12-01,-0.003027644084154816
2017-12-04,-0.001
2017-12-05,-0.0
2017-12-06,0.0
2017-12-07,0.0
2017-12-08,0.0
2017-12-11,0.0
2017-12-12,0.0
2017-12-13,-0.0
2017-12-14,-0.0
2017-12-15,0.0
2017-12-18,0.0
2017-12-19,-0.004610071381546305
2017-12-20,-0.000975037328402089
2017-12-21,-9.808844579352007e-05
2017-12-22,1.2452909297136377e-05
2017-12-26,5.697083425471045e-05
2017-12-27,-2.3165913555550933e-05
2017-12-28,-9.796961754326465e-05
2017-12-29,0.00017955091369863734
2018-01-02,-0.000340829537306282
2018-01-03,0.005023973013302285
2018-01-04,-0.0012007098755544333
2018-01-05,-0.00031735262501020355
2018-01-08,0.0007020363091765354
2018-01-09,0.0018923079875703358
2018-01-10,-0.0012859226733794317
2018-01-11,-0.0023896723116754743
2018-01-12,0.004014439844161744
2018-01-16,-0.0024894850771435004
2018-01-17,-0.003723396322197186
2018-01-18,-0.002072817261995252
2018-01-19,0.002768947441401506
2018-01-22,0.005033394086437358
2018-01-23,0.001165356604357581
2018-01-24,-0.0002512337647466775
2018-01-25,0.00015411174633698098
2018-01-26,-0.007064608242613721
2018-01-29,-0.003793786659672237
2018-01-30,0.0048611109486240865
2018-01-31,-0.00028411145890431096
2018-02-01,0.0006487873003691341
2018-02-02,0.011355791267339613
2018-02-05,0.021906956072867186
2018-02-06,-0.010320320409344825
2018-02-07,0.002535689580376569
2018-02-08,0.016027726755642947
2018-02-09,-0.0057701555068712905
2018-02-12,-0.00559408574635696
2018-02-13,0.0005396165901838518
2018-02-14,0.008355037107346737
2018-02-15,0.007243771673948179
2018-02-16,0.0001674206430345596
2018-02-20,-0.003577764020527674
2018-02-21,-0.0028425166375610923
2018-02-22,0.000740635696636817
2018-02-23,0.009108138277878375
2018-02-26,0.006635683976560891
2018-02-27,-0.0065881182724143545
2018-02-28,-0.005306228571192815
2018-03-01,-0.006971744196153551
2018-03-02,-0.0037001584027551867
2018-03-05,0.004001101587951994
2018-03-06,0.0009180110609603707
2018-03-07,-0.0001697690121457257
2018-03-08,0.0013349490852804665
2018-03-09,0.004095782428161243
2018-03-12,-0.0002866537181520264
2018-03-13,-0.000970855226723233
2018-03-14,-0.0005363649829743538
2018-03-15,-0.00010377964133672419
2018-03-16,0.00010330148878933724
2018-03-19,0.010644916713156712
2018-03-20,-0.001424206876945957
2018-03-21,0.0014145950665365116
2018-03-22,0.017807473678665177
2018-03-23,0.014162332815642489
2018-03-26,-0.016984338397059748
2018-03-27,-0.007480644947015992
2018-03-28,0.0007361943731224196
2018-03-29,-0.00674071298492281
2018-04-02,-0.011278432618604613
2018-04-03,-0.007713698815465749
2018-04-04,0.004094914167866471
2018-04-05,0.0037580642324112974
2018-04-06,-0.010612368502805893
2018-04-09,-0.0032993026818826194
2018-04-10,0.007328668874488543
2018-04-11,-0.0027459022914367694
2018-04-12,0.004309437595267748
2018-04-13,-0.001536424610102198
2018-04-16,0.004306628831079519
2018-04-17,0.0056039185863906585
2018-04-18,0.0003048869864430904
2018-04-19,-0.002425150905316449
2018-04-20,-0.003277844762708072
2018-04-23,-9.758917403236369e-05
2018-04-24,0.007978176447121808
2018-04-25,-0.001647732568336391
2018-04-26,-0.006340665890796173
2018-04-27,-0.000581198248003702
2018-04-30,0.004760855629763023
2018-05-01,-0.0010628915980132575
2018-05-02,0.0038385060615994905
2018-05-03,0.0011066527830015304
2018-05-04,-0.0062125480031001955
2018-05-07,0.0007722400213959766
2018-05-08,-4.761904761904745e-05
2018-05-09,0.004602710581718446
2018-05-10,0.004452640864807969
2018-05-11,0.0014529749735496074
2018-05-14,0.00022697845777257852
2018-05-15,-0.0032795687913931924
2018-05-16,0.0020024635941662265
2018-05-17,-0.0004022458450107329
2018-05-18,-0.001190561790492764
2018-05-21,-0.004532622611443936
2018-05-22,-0.0024561687111402082
2018-05-23,-0.0023101400767648714
2018-05-24,0.0009755405864034096
2018-05-25,0.0011346759643570707
2018-05-29,0.005476646709056121
2018-05-30,-0.006354640785299903
2018-05-31,-0.003869563135431403
2018-06-01,-0.006142602418392748
2018-06-04,0.0010840369224916157
2018-06-05,0.00022952994767419649
2018-06-06,0.0031849684791513
2018-06-07,-4.118339189631453e-05
2018-06-08,-0.002641618879649907
2018-06-11,-0.00042993571149583783
2018-06-12,0.0005538741638519973
2018-06-13,-0.0013676185775864777
2018-06-14,-0.0022712435858051835
2018-06-15,0.000559860892104506
2018-06-18,0.0008337627164565476
2018-06-19,0.001412442856449708
2018-06-20,-0.0006496664189954109
2018-06-21,0.0020419782727681495
2018-06-22,-0.0006078830122874617
2018-06-25,0.004537670060963358
2018-06-26,-0.0007380021104718508
2018-06-27,0.0027613305581565646
2018-06-28,-0.0019058684683065006
2018-06-29,-0.00045882726130182174
2018-07-02,-0.0006109036891947131
2018-07-03,0.0007931770757157429
2018-07-05,-0.0016014893961419719
2018-07-06,-0.0012559710773674183
2018-07-09,0.006717951366150912
2018-07-10,0.0028655152833247668
2018-07-11,-0.005921318621078074
2018-07-12,0.007339214900184066
2018-07-13,0.0006371537263240922
2018-07-16,-0.0007286015781972289
2018-07-17,0.0028417621700309852
2018-07-18,0.0013546884992015331
2018-07-19,-0.0023821951640298055
2018-07-20,-0.0005645255396332747
2018-07-23,0.00011017044705600608
2018-07-24,0.0025882733553242677
2018-07-25,-0.005058326940651811
2018-07-26,-0.0020759547907398105
2018-07-27,-0.002951638697300027
2018-07-30,0.001984820470852499
2018-07-31,-0.002816760172662366
2018-08-01,0.0009545862822807497
2018-08-02,-0.0031127815441729057
2018-08-03,-0.002448618097367548
2018-08-06,0.0004446321563804441
2018-08-07,0.0012580731556256232
2018-08-08,-0.0001602446333799145
2018-08-09,-0.0005202706458736508
2018-08-10,0.0028765088940661205
2018-08-13,0.0019130457313946297
2018-08-14,-0.0030859460018540256
2018-08-15,0.0031526912273296672
2018-08-16,-0.0031301035788752945
2018-08-17,-0.0012209703906537301
2018-08-20,0.000372430412005304
2018-08-21,-0.0017342117702559628
2018-08-22,-0.0013955315911600515
2018-08-23,-0.0008698444251550942
2018-08-24,-0.0029584694648703167
2018-08-27,0.004263924856357961
2018-08-28,0.0002511166176001968
2018-08-29,0.003027140317318158
2018-08-30,-0.002168070570772818
2018-08-31,-3.118176437352376e-05
2018-09-04,-0.0007858684734448513
2018-09-05,0.0004573249881617198
2018-09-06,0.0013856910371935905
2018-09-07,0.0007852250210867944
2018-09-10,-0.0007098639798443152
2018-09-11,-0.0012561000836686308
2018-09-12,-9.233302061366949e-05
2018-09-13,-0.002253039959056632
2018-09-14,-0.0008540727396362344
2018-09-17,-0.0028207563287215055
2018-09-18,-0.0035837565717561663
2018-09-19,-0.0004416592736605869
2018-09-20,0.0038112452493556533
2018-09-21,-0.0004350931970412539
2018-09-24,-0.0015817476686009167
2018-09-25,-0.0004453250742592592
2018-09-26,-0.0012822480734166713
2018-09-27,-0.002416060216601646
2018-09-28,-9.66428062398936e-05
2018-10-01,-0.0015364863656452692
2018-10-02,-0.0013331165560276034
2018-10-03,-0.0011615991370592228
2018-10-04,-0.0054186127975121585
2018-10-05,0.0013985495427151703
2018-10-08,-0.0
2018-10-09,0.000625497761663604
2018-10-10,0.013569857839389023
2018-10-11,0.00944006895830396
2018-10-12,-0.0059521793377207265
2018-10-15,0.00209225193299346
2018-10-16,-0.0073362383996227664
2018-10-17,-0.0008419990136106046
2018-10-18,-0.0089396847513472
2018-10-19,-0.000771428995747695
2018-10-22,0.0012347460398891828
2018-10-23,0.0011644818592863092
2018-10-24,0.005723534439743076
2018-10-25,-0.0026105715647700605
2018-10-26,-0.01518991126742903
2018-10-29,5.527283152850868e-05
2018-10-30,-0.002822553551978875
2018-10-31,0.007646299145044731
2018-11-01,0.008060486533121466
2018-11-02,-0.00451263211977966
2018-11-05,0.003893111283778745
2018-11-06,0.004170791362683418
2018-11-07,0.01320551709102287
2018-11-08,-0.001084672278978862
2018-11-09,-0.005164324613464462
2018-11-12,-0.008945237405262537
2018-11-13,-1.9700884568204374e-05
2018-11-14,-0.0038823015254631677
2018-11-15,-0.006419142665067235
2018-11-16,0.00023831986955953665
2018-11-19,0.00785975466177203
2018-11-20,0.009693910920859704
2018-11-21,-0.001785067672615289
2018-11-23,0.003498350785345238
2018-11-26,-0.008456552084617798
2018-11-27,-0.0016496881692136518
2018-11-28,-0.01096437857956788
2018-11-29,-0.0019928282749330567
2018-11-30,0.0029025748085604033
2018-12-03,0.006305356828431666
2018-12-04,-0.015429674006009662
2018-12-06,-0.00022998814641807903
2018-12-07,-0.01317136477850016
2018-12-10,-0.0017653875969924962
2018-12-11,-0.0008700729354750294
2018-12-12,-0.002870518346088064
2018-12-13,-0.0012097251706163167
2018-12-14,0.006034231098437429
2018-12-17,0.006491802423581966
2018-12-18,0.00036563446436425434
2018-12-19,0.004231092996501383
2018-12-20,0.004650796745240239
2018-12-21,0.00585416441180499
2018-12-24,0.007549363889425065
2018-12-26,-0.014435627795867805
2018-12-27,0.00416564476689401
2018-12-28,-0.000846070002349909
2018-12-31,0.00495759080160145
2019-01-02,0.0005942291993707676
2019-01-03,-0.01363565477025297
2019-01-04,0.01914025590486698
2019-01-07,0.0045055345670327795
2019-01-08,0.004873746655506549
2019-01-09,0.002448086872326787
2019-01-10,0.0016321760069681313
2019-01-11,0.00018387347818835245
2019-01-14,-0.0026622584248390787
2019-01-15,0.004911818549732708
2019-01-16,0.0008741509758829638
2019-01-17,0.002481304557895625
2019-01-18,0.0037552624273032654
2019-01-22,-0.003264442966123541
2019-01-23,0.0003509760450036808
2019-01-24,2.8294541498563007e-05
2019-01-25,0.0007582169990302374
2019-01-28,-0.00040951362846231064
2019-01-29,0.0002484581467006462
2019-01-30,0.0005076813451702527
2019-01-31,0.0008364539532822836
2019-02-01,4.5833147590546074e-05
2019-02-04,0.0006700589615162534
2019-02-05,0.0003992157923752985
2019-02-06,-0.00012554566882916354
2019-02-07,-0.0009078876962050537
2019-02-08,-0.0019992375558678015
2019-02-11,-0.0009207303085872388
2019-02-12,-0.011362327754068022
2019-02-13,-0.00038152501601886166
2019-02-14,-0.00042252624395311937
2019-02-15,0.002075710293689798
2019-02-19,0.00032958746400904966
2019-02-20,0.000383854511427026
2019-02-21,-0.0006772205278060867
2019-02-22,0.0011808675240764814
2019-02-25,0.0002593098533710232
2019-02-26,-0.0001362252505666842
2019-02-27,-8.183329338448278e-05
2019-02-28,-0.00031372364258704024
2019-03-01,-0.006006543099690509
2019-03-04,-0.0016927503359102716
2019-03-05,8.393963624913985e-05
2019-03-06,0.004278813236050817
2019-03-07,0.005529201611748774
2019-03-08,0.0011905050583557123
2019-03-11,-0.008333906828252165
2019-03-12,0.00048431021668269474
2019-03-13,0.0025215849722289903
2019-03-14,-0.0002608688800489584
2019-03-15,0.0016468617337362561
2019-03-18,0.0012085230722020202
2019-03-19,8.267036743695812e-05
2019-03-20,-0.0010032926518338163
2019-03-21,-0.007944334203703487
2019-03-22,-0.008331953578131386
2019-03-25,-0.0005226691152751082
2019-03-26,-0.0039522180026747514
2019-03-27,-0.0034899779145923363
2019-03-28,-0.002757389061524482
2019-03-29,-0.002749819525228591
2019-04-01,0.005259684589459256
2019-04-02,0.000256639563831569
2019-04-03,0.0007016307798111189
2019-04-04,0.001089519524535663
2019-04-05,0.0017963009496944123
2019-04-08,0.00020645447661792372
2019-04-09,-0.0015118139066027
2019-04-10,-0.0032260802621059386
2019-04-11,-0.0010924371964443986
2019-04-12,-0.005141010496399779
2019-04-15,-0.0012494850041229128
2019-04-16,-0.0013268537000696954
2019-04-17,-0.002048856235752714
2019-04-18,-0.0019839697678747585
2019-04-22,-0.0004516245048155224
2019-04-23,-0.004329451604701742
2019-04-24,-0.0020092997673145274
2019-04-25,-0.0006773310322342441
2019-04-26,0.0012173882813485744
2019-04-29,0.0006242287842430586
2019-04-30,0.00014694226842057586
2019-05-01,0.0033428778750297272
2019-05-02,0.0010831953513850134
2019-05-03,-0.004708465124708635
2019-05-06,-0.003155690102033144
2019-05-07,0.006204515966164011
2019-05-08,0.00048165917392682987
2019-05-09,0.000961022555332063
2019-05-10,-0.0016744786303142247
2019-05-13,0.007132321488275149
2019-05-14,-0.002583805337225036
2019-05-15,-0.0014422825743805312
2019-05-16,-0.002205000931134368
2019-05-17,-0.00592542568925788
2019-05-20,0.000574352927631095
2019-05-21,-0.002146527648178021
2019-05-22,-0.0031463220520484493
2019-05-23,0.001956725662914569
2019-05-24,-0.0005400852980489266
2019-05-28,0.0017239189264795956
2019-05-29,0.0009110913233344564
2019-05-30,-0.0003077351059471077
2019-05-31,0.0012833303312296367
2019-06-03,0.0002421823936232856
2019-06-04,-0.0020672912740128547
2019-06-05,0.006837089950150087
2019-06-06,0.005526175403123465
2019-06-07,0.008053317498635094
2019-06-10,0.0034487742399443113
2019-06-11,-0.00022057294618928918
2019-06-12,-0.0012245291694467932
2019-06-13,0.0025066432132223437
2019-06-14,-0.0006789862497122407
2019-06-17,-0.0011629938155173047
2019-06-18,0.004983480125802234
2019-06-19,0.0011346499680129826
2019-06-20,0.004502054124739909
2019-06-21,-0.0006922547294417934
2019-06-24,-0.000572422968525861
2019-06-25,-0.0037837818895372446
2019-06-26,-0.00038218548505138485
2019-06-27,-0.0021952737189978697
2019-06-28,-0.0031855706463738516
2019-07-01,-0.005619909544174525
2019-07-02,-8.440866377441186e-05
2019-07-03,0.002236776600288358
2019-07-05,-0.00032510061019868416
2019-07-08,-0.0015698118397436801
2019-07-09,-0.001783056447571807
2019-07-10,-0.00300541866113774
2019-07-11,-0.00010683631438110927
2019-07-12,0.0017055568109786091
2019-07-15,0.0001266124471079877
2019-07-16,0.0008906151217483471
2019-07-17,0.0038883887179631694
2019-07-18,-0.0019649556771300647
2019-07-19,0.00259751343615967
2019-07-22,-0.0011004460065047238
2019-07-23,-0.0027715394321804264
2019-07-24,-0.0016140234121388723
2019-07-25,-0.004184550613117399
2019-07-26,-0.003233243744560687
2019-07-29,-0.002079752370647608
2019-07-30,-6.49685335706616e-05
2019-07-31,0.0041678377550104
2019-08-01,0.0028550744737948766
2019-08-02,0.002103635662160044
2019-08-05,0.0071126489127222746
2019-08-06,-0.002718656154978196
2019-08-07,-0.00011250873557337791
2019-08-08,-0.0037371774755712295
2019-08-09,-0.006513975580086029
2019-08-12,0.0007866923536480081
2019-08-13,-0.0015287344150025901
2019-08-14,-0.02629616672854051
2019-08-15,-0.001377431224043815
2019-08-16,-0.0021078514998356754
2019-08-19,0.00880039738320496
2019-08-20,-0.005885747072638796
2019-08-21,0.00576340414215963
2019-08-22,-0.0002526173685870337
2019-08-23,-0.0171250974456841
2019-08-26,-0.004686120663711176
2019-08-27,-0.0036156420382337973
2019-08-28,-0.0033471921454106446
2019-08-29,0.006954689145528421
2019-08-30,-0.0003016078018665679
2019-09-03,-0.003110378707584243
2019-09-04,0.005357494504468283
2019-09-05,0.005461749272126974
2019-09-06,0.00024649979453178743
2019-09-09,0.00012021789233269365
2019-09-10,-7.828953834739433e-05
2019-09-11,0.001984133218886475
2019-09-12,0.0007770869947750888
2019-09-13,-0.00015819714040299362
2019-09-16,-0.0006358348888787607
2019-09-17,-0.003049645992814901
2019-09-18,-0.0008861124289415109
2019-09-19,-0.0009016230207668789
2019-09-20,0.0033270811654803954
2019-09-23,0.0001088769615065476
2019-09-24,0.004809835108491464
2019-09-25,-0.0036611939212909924
2019-09-26,0.001142368222314674
2019-09-27,0.003078580539524113
2019-09-30,-0.0024770515001827894
2019-10-01,0.00561650373194576
2019-10-02,0.007523051321374996
2019-10-03,-0.0031686874890109276
2019-10-04,-0.00455835772274065
2019-10-07,0.0011851501343496372
2019-10-08,0.003648794889979004
2019-10-09,-0.0018564149724220338
2019-10-10,0.00447563892613913
2019-10-11,0.008391935844085808
2019-10-14,-0.0009013675507041933
2019-10-15,-0.002366739923600649
2019-10-16,-0.0022528855247471533
2019-10-17,0.0023874238689199014
2019-10-18,-0.0033826871147914677
2019-10-21,-0.002614102408783775
2019-10-22,-0.00328563732428537
2019-10-23,-0.0018312002625575788
2019-10-24,-0.0004669510726795778
2019-10-25,-0.0011700125735687142
2019-10-28,-0.0016104536761401634
2019-10-29,-0.0011501750807940577
2019-10-30,-0.0020223755754686557
2019-10-31,0.000887800132040706
2019-11-01,-0.0030880042478543443
2019-11-04,0.001534866929402804
2019-11-05,-0.0006798582725701002
2019-11-06,-0.001097831621891872
2019-11-07,-0.001507053895243463
2019-11-08,0.0004092469715636061
2019-11-11,-0.00022476572853690705
2019-11-12,-0.0007504009372633915
2019-11-13,-0.00010798797374903896
2019-11-14,-0.00046341684487279035
2019-11-15,-0.0017706396725160588
2019-11-18,-0.00018806177477200445
2019-11-19,5.4953853073244756e-05
2019-11-20,0.0004836089519134086
2019-11-21,0.0002298367836345295
2019-11-22,-0.00031768400918741346
2019-11-25,-0.0011071723942909074
2019-11-26,-0.0003236437877667254
2019-11-27,-0.0004721447946059998
2019-11-29,-0.00413119028306466
2019-12-02,0.00021350300791156537
2019-12-03,0.0009581079442206085
2019-12-04,-0.0006352677398991289
2019-12-05,-0.00013323531423322814
2019-12-06,-0.0004349672623075443
2019-12-09,0.00014972458032612782
2019-12-10,-4.7619047619047675e-05
2019-12-11,0.0
2019-12-12,0.0
2019-12-13,-0.00038181698844323166
2019-12-16,-0.0013271515329144263
2019-12-17,-0.0007545771173531392
2019-12-18,-0.0010059706623364347
2019-12-19,-0.00039040055275620827
2019-12-20,-0.0004175353307442051
2019-12-23,-0.00014547755266512498
2019-12-24,-2.995270085419983e-06
2019-12-26,-0.0005069608832915068
2019-12-27,-0.001164753774592569
2019-12-30,-0.00021241896471609946
2019-12-31,-0.00027897258838349703
2020-01-02,-0.000890636727051057
2020-01-03,0.0007211686464367026
2020-01-06,-0.00036340004193763636
2020-01-07,0.0002678152103098561
2020-01-08,-0.0005075858621926038
2020-01-09,-0.0006457685989646916
2020-01-10,0.00027406644703676346
2020-01-13,-0.0006549785094131537
2020-01-14,0.00014517933976060645
2020-01-15,-0.00015522749175278516
2020-01-16,-0.0003961047385898223
2020-01-17,0.0019645581762207025
2020-01-21,-0.0018194813830187632
2020-01-22,-0.001011500766137228
2020-01-23,-0.0001092537333303141
2020-01-24,0.00084699168616346
2020-01-27,0.0015266236939096725
2020-01-28,-0.0009980231326160252
2020-01-29,-8.280314416316308e-06
2020-01-30,-0.00015455396398818218
2020-01-31,0.0008646629145686706
2020-02-03,-0.000353725963489699
2020-02-04,-0.0007257860714143865
2020-02-05,-0.0005499128224423281
2020-02-06,0.0020918464046467745
2020-02-07,-0.0046158533981388635
2020-02-10,-0.002066471406225908
2020-02-11,0.0004507731712163087
2020-02-12,-0.0022271442617400397
2020-02-13,0.00020320219951744245
2020-02-14,-0.00030510036397956073
2020-02-18,0.0004908528614862757
2020-02-19,-0.0007306669603331188
2020-02-20,0.00034364127714610267
2020-02-21,0.0009807533976008578
2020-02-24,0.003158664873809103
2020-02-25,0.0028858938317102606
2020-02-26,0.00035032968547666325
2020-02-27,0.004277270600304842
2020-02-28,0.000400164262353104
2020-03-02,-0.004124447313572654
2020-03-03,-0.025494567026915146
2020-03-04,-0.007004738027513575
2020-03-05,-0.02786244431211775
2020-03-06,-0.012642802264457496
2020-03-09,0.013922781730707627
2020-03-10,-0.007439772630857401
2020-03-11,-0.04041531273163233
2020-03-12,-0.07745299069928238
2020-03-13,-0.017283056412400747
2020-03-16,-0.08432269421184838
2020-03-17,0.038518037968934105
2020-03-18,-0.03380277174784076
2020-03-19,0.0012677455957105974
2020-03-20,-0.02467279617077331
2020-03-23,-0.01344048975391021
2020-03-24,0.04309678698975922
2020-03-25,0.006368122309719007
2020-03-26,0.02219613892199462
2020-03-27,-0.009976188439884357
2020-03-30,0.009231176088310174
2020-03-31,-0.0035965093781238095
2020-04-01,-0.010715435776481546
2020-04-02,0.004347676302764679
2020-04-03,-0.002753170663005627
2020-04-06,0.012793591569335846
2020-04-07,9.797680909361968e-05
2020-04-08,0.0031493879747502983
2020-04-09,0.0014492804294922977
2020-04-13,-0.0008695752867427609
2020-04-14,0.001356816516769757
2020-04-15,-0.001011809574512683
2020-04-16,0.00022973100727141673
2020-04-17,0.0012864396872565563
2020-04-20,-0.0008389490029060535
2020-04-21,-0.0014458599274919384
2020-04-22,0.0010568802754924245
2020-04-23,-3.4214502804169374e-06
2020-04-24,0.0006637492693347952
2020-04-27,0.0006865828069288516
2020-04-28,-0.0002189639048481126
2020-04-29,0.0012465995857902739
2020-04-30,-0.000443363973822672
2020-05-01,-0.0012606532242681403
2020-05-04,0.00013134708802602172
2020-05-05,0.0004399737481545794
2020-05-06,-0.00032281489749362406
2020-05-07,0.0005746358130036128
2020-05-08,0.0007879033236684472
2020-05-11,9.785265739132019e-06
2020-05-12,-0.0009491387348343031
2020-05-13,-0.0008421923181290196
2020-05-14,0.000569881405478984
2020-05-15,0.00021890054308466286
2020-05-18,0.0014504594988446727
2020-05-19,-0.0004891055691893684
2020-05-20,0.0008089622780767824
2020-05-21,-0.0003287704711590692
2020-05-22,9.044772794591143e-05
2020-05-26,0.0005866934873091519
2020-05-27,0.0007085114606340096
2020-05-28,-8.7854438256456e-05
2020-05-29,0.00021218856647240035
2020-06-01,0.0001924720437019276
2020-06-02,0.0003942782914265545
2020-06-03,0.0006337382798143101
2020-06-04,-0.00012507382709897876
2020-06-05,0.0012204435454306064
2020-06-08,0.0005755782717936172
2020-06-09,-0.00035506346412833345
2020-06-10,-0.00026571261345740416
2020-06-11,-0.0027451850168761535
2020-06-12,0.0005702606497101353
2020-06-15,0.0004445631185692194
2020-06-16,0.0009165560816879268
2020-06-17,-0.0001978099109304568
2020-06-18,1.8333032515596063e-05
2020-06-19,-0.00027214279886767504
2020-06-22,0.000305495409475686
2020-06-23,0.00021921073937974692
2020-06-24,-0.001214686320933849
2020-06-25,0.0005104965006739716
2020-06-26,-0.0011310258417355024
2020-06-29,0.0006998898112461198
2020-06-30,0.0006099850200922309
2020-07-01,0.00033354739424928454
2020-07-02,0.00026225834631112227
2020-07-06,0.0007350932505512752
2020-07-07,-0.0004911558688291438
2020-07-08,0.00036425163747370447
2020-07-09,-0.00027110238500153023
2020-07-10,0.0004862093834833323
2020-07-13,-0.00041232239560736416
2020-07-14,0.0006170924587045714
2020-07-15,0.00043748757292586427
2020-07-16,-0.00015682713409537742
2020-07-17,0.0001380488664187878
2020-07-20,0.0003848431984990481
2020-07-21,0.00010130979566805189
2020-07-22,0.00027105260227241654
2020-07-23,-0.000568182192165939
2020-07-24,-0.00030667877002034085
2020-07-27,0.0003472536919904862
2020-07-28,-0.00030201740116120876
2020-07-29,-0.012079852239754496
2020-07-30,-0.0013398299673637827
2020-07-31,0.0007526060505592529
2020-08-03,0.0006621144986777289
2020-08-04,0.0003678881233654493
2020-08-05,0.0005915169700872766
2020-08-06,0.0006366132529332572
2020-08-07,6.837245969814114e-05
2020-08-10,0.00028465092759147223
2020-08-11,-0.0007861450433409322
2020-08-12,-0.012902741139476976
2020-08-13,-0.0012582318413938728
2020-08-14,4.226885340915688e-06
2020-08-17,0.00045385542952575906
2020-08-18,0.0003085875438859947
2020-08-19,-0.0005947812871585076
2020-08-20,-0.0034727671679518984
2020-08-21,-0.00032431524640641387
2020-08-24,0.001930121142967803
2020-08-25,0.0006665421766939347
2020-08-26,0.0019096125228399005
2020-08-27,0.0002647764248681494
2020-08-28,0.0009227296043663771
2020-08-31,-0.0005175065274130187
2020-09-01,0.0013455667563615804
2020-09-02,0.0020662420100288695
2020-09-03,-0.004916307308193477
2020-09-04,0.005657358495695814
2020-09-08,-0.006204349358870496
2020-09-09,-0.015998205212350233
2020-09-10,-0.0051342883063516
2020-09-11,-0.0013878250563697215
2020-09-14,-0.009455699034710557
2020-09-15,0.0004436249158588897
2020-09-16,-0.0011338758704897743
2020-09-17,-0.0025129710190612284
2020-09-18,0.006722934647319298
2020-09-21,0.0074195351694407545
2020-09-22,-0.0063521261417617695
2020-09-23,-0.0098345858887087
2020-09-24,-0.002475403326376026
2020-09-25,0.00592883884459618
2020-09-28,0.007118148598638654
2020-09-29,-0.0023339374224035413
2020-09-30,0.003249300879936896
2020-10-01,0.0027515696860785765
2020-10-02,-0.00406915347815768
2020-10-05,0.007599886347470823
2020-10-06,-0.00546315031563927
2020-10-07,0.0066310264144895485
2020-10-08,0.0029066193391861115
2020-10-09,0.002976666560793687
2020-10-12,0.004548872683971271
2020-10-13,-0.0016014299119397205
2020-10-14,-0.0014960432985968088
2020-10-15,-0.00029431225202161557
2020-10-16,-0.00014382426126211654
2020-10-19,-0.002943518749611729
2020-10-20,-0.0042426167159651945
2020-10-21,-0.0012228091939820458
2020-10-22,0.0007836398172440208
2020-10-23,0.00027573655117191557
2020-10-26,-0.0017599935075633022
2020-10-27,0.002002830225009235
2020-10-28,0.027620943893745455
2020-10-29,-0.007791302313462393
2020-10-30,-0.003482075164292357
2020-11-02,-0.00895858198002874
2020-11-03,0.004044508495469178
2020-11-04,0.006385449430850369
2020-11-05,0.005572147868501292
2020-11-06,-6.524030450998683e-05
2020-11-09,0.003590224203330995
2020-11-10,-0.000419095062094683
2020-11-11,0.0021224790237771105
2020-11-12,-0.002771616281789839
2020-11-13,0.00395556201610197
2020-11-16,0.003566454519197572
2020-11-17,-0.001536638160954951
2020-11-18,-0.002913106065239424
2020-11-19,0.0010024574325749934
2020-11-20,-0.0016304565962835913
2020-11-23,0.0014272133011561385
2020-11-24,0.003836610725113152
2020-11-25,-0.00034126320927518357
2020-11-27,0.00035018946943249607
2020-11-30,-0.0004692222048240382
2020-12-01,0.0010416744999837146
2020-12-02,5.255269763456862e-05
2020-12-03,-1.2990265239566858e-05
2020-12-04,0.0004103620477625643
2020-12-07,-9.783508529493903e-05
2020-12-08,0.000139338624862759
2020-12-09,-0.00042709275096814196
2020-12-10,-0.0006564798589901938
2020-12-11,-0.0011116898624633808
2020-12-14,0.002885183620310497
2020-12-15,-0.010991874708480093
2020-12-16,-0.0007010317894806283
2020-12-17,0.001065077950928832
2020-12-18,-0.000760504000123296
2020-12-21,-0.0006810725278240273
2020-12-22,-0.0003210045435936017
2020-12-23,-0.0016368975391362318
2020-12-24,-7.37117688362134e-05
2020-12-28,0.002045447646793645
2020-12-29,-0.00045425789897280924
2020-12-30,0.00033975549785337215
2020-12-31,0.001209740300421869
2021-01-04,-0.003241446646509558
2021-01-05,0.0016399017906989924
2021-01-06,0.0014233820921556136
2021-01-07,0.0035375184799902293
2021-01-08,0.0013566304104912989
2021-01-11,-0.0016050091907840592
2021-01-12,-7.398094884116182e-06
2021-01-13,0.0005129367046702357
2021-01-14,-0.0005478714169767373
2021-01-15,-0.0007421712946920654
2021-01-19,-0.00768269656822254
2021-01-20,0.0009769766659026053
2021-01-21,0.00013021029060019827
2021-01-22,-0.0005056182349092281
2021-01-25,0.0005634219608338254
2021-01-26,-0.00019630487235709027
2021-01-27,-0.002327668337995552
2021-01-28,-0.008324092378123921
2021-01-29,-0.003859976696606202
2021-02-01,-0.01442754937227216
2021-02-02,0.001693341127533801
2021-02-03,0.0001498255007443087
2021-02-04,0.0021648374041237702
2021-02-05,0.0007497308975773127
2021-02-08,0.0013755815840231936
2021-02-09,-0.00012679767494044603
2021-02-10,-8.294779113975147e-05
2021-02-11,0.0003075778882822262
2021-02-12,0.0009409546839872125
2021-02-16,-0.00016498165050651164
2021-02-17,4.3704767385450384e-05
2021-02-18,0.0024453551673973596
2021-02-19,-0.0013363713122316473
2021-02-22,-0.0014650684094885574
2021-02-23,-0.0018774893517655754
2021-02-24,-0.007918639071809855
2021-02-25,-0.00788449919854173
2021-02-26,0.002482774731818435
2021-03-01,-0.016160243850543047
2021-03-02,-0.00360116742717061
2021-03-03,-0.003832072279169888
2021-03-04,0.007297311758745385
2021-03-05,-0.01143587817392443
2021-03-08,-0.0028966496948500493
2021-03-09,-0.009110820430545303
2021-03-10,0.0016677783017440442
2021-03-11,0.004345237118627316
2021-03-12,0.0005773699815977894
2021-03-15,0.002555700702873238
2021-03-16,-0.00054058209820494
2021-03-17,0.001461372234020272
2021-03-18,-0.006235525111808344
2021-03-19,5.731535320119361e-05
2021-03-22,-0.004230238885819933
2021-03-23,0.0037003825967503335
2021-03-24,0.002420766714320354
2021-03-25,-0.0026789756043771582
2021-03-26,-0.006953880383870718
2021-03-29,-0.0012168968585744425
2021-03-30,0.00026324829725521523
2021-03-31,-0.0017847278160362141
2021-04-01,0.005170945327729882
2021-04-05,0.0074706189092678
2021-04-06,-0.0003288570086341381
2021-04-07,0.0005511409026777371
2021-04-08,0.001986706355552563
2021-04-09,0.003115674287188413
2021-04-12,0.0001563096707323083
2021-04-13,0.0012701941205363531
2021-04-14,-0.001463616779078517
2021-04-15,0.004603953984815343
2021-04-16,0.0014324126295981454
2021-04-19,-0.002105622949294379
2021-04-20,-0.002836783387163702
2021-04-21,-0.006857453735159446
2021-04-22,-0.003996717405507321
2021-04-23,-0.008228287748027346
2021-04-26,-0.0003558679439888589
2021-04-27,-9.897741098534375e-05
2021-04-28,-6.846762206791898e-05
2021-04-29,-0.005855555922095078
2021-04-30,-0.0022039420578553715
2021-05-03,-0.0025957510469239407
2021-05-04,0.00435900611772756
2021-05-05,-0.00025606045033955635
2021-05-06,-0.004991230699223973
2021-05-07,0.001772488893716671
2021-05-10,-0.0037723401059364323
2021-05-11,0.0041475371003655975
2021-05-12,0.011080755949738627
2021-05-13,-0.005767913781181218
2021-05-14,-0.006628520406652268
2021-05-17,-0.002454037926681449
2021-05-18,-0.004923227723319799
2021-05-19,4.6391503063388266e-05
2021-05-20,0.005194856876179033
2021-05-21,-0.00046774477068936955
2021-05-24,-0.005369077446131068
2021-05-25,-0.0022679920122278254
2021-05-26,0.0011340974559475977
2021-05-27,0.00030006861253983885
2021-05-28,0.0008892209200264598
2021-06-01,-0.00046146119392931334
2021-06-02,-0.0017488755715457873
2021-06-03,-0.0027195967670382935
2021-06-04,-0.005790615653621531
2021-06-07,-0.0013681175985522116
2021-06-08,9.127551126367603e-05
2021-06-09,-0.0006392591437582704
2021-06-10,-0.0036560094868289647
2021-06-11,-0.0003227926802743786
2021-06-14,-0.002385909162812623
2021-06-15,-0.0015637359748400781
2021-06-16,0.002503964226961473
2021-06-17,0.00014185746383432198
2021-06-18,0.007708808573796474
2021-06-21,-0.00754645327681375
2021-06-22,0.0015458161821384235
2021-06-23,-0.0005642165964447464
2021-06-24,0.0025353157169325513
2021-06-25,0.0015223745196859858
2021-06-28,0.0008639177320922835
2021-06-29,-0.0012343155661945497
2021-06-30,-0.0004483595238882146
2021-07-01,0.0016840700910940917
2021-07-02,0.003639775210003429
2021-07-06,-0.0008282219969293559
2021-07-07,0.0015145744537023048
2021-07-08,-0.0034919739426789564
2021-07-09,-0.006543979016719215
2021-07-12,0.0005826592488518355
2021-07-13,-0.0014610048591570748
2021-07-14,0.0005208612728775216
2021-07-15,-0.0013011430418994963
2021-07-16,0.003855512510652733
2021-07-19,0.009142087836670724
2021-07-20,-0.008871203772891407
2021-07-21,0.001746420130025028
2021-07-22,0.0006979745856199314
2021-07-23,-0.00732114771223113
2021-07-26,-6.478274314279382e-05
2021-07-27,-0.001736185719026329
2021-07-28,-0.0007180884930800128
2021-07-29,0.0006275715724623626
2021-07-30,-0.0016664828181490834
2021-08-02,0.00034629203893605577
2021-08-03,-0.0046963545395022396
2021-08-04,-0.003108070732198748
2021-08-05,-0.004269581556756765
2021-08-06,-0.00021312502518187068
2021-08-09,-0.0005738419032718938
2021-08-10,-0.0006400753656613416
2021-08-11,-0.0011124300630739221
2021-08-12,0.0007126592064651597
2021-08-13,-0.0016456117934464656
2021-08-16,-0.0008970603436146973
2021-08-17,0.002497325693801593
2021-08-18,0.004169492863031238
2021-08-19,-0.0005637801367845709
2021-08-20,-0.0023210819862992007
2021-08-23,-0.0025132441346545115
2021-08-24,0.0001338577105490799
2021-08-25,0.0014989234932830504
2021-08-26,-0.0039831348059790155
2021-08-27,-0.0035069461035478417
2021-08-30,0.0021411517918684363
2021-08-31,-0.001035385533155789
2021-09-01,0.00028153244457024534
2021-09-02,0.0019044761051778866
2021-09-03,-0.0001863384539099072
2021-09-07,-0.0020431506008945655
2021-09-08,-0.00047780881140326134
2021-09-09,0.0018343010659286976
2021-09-10,0.0033791057792775963
2021-09-13,-0.0010225182110796445
2021-09-14,0.002055786424553819
2021-09-15,-0.003181966589463025
2021-09-16,0.0006039148380544053
2021-09-17,0.0037108645009504516
2021-09-20,0.006352077285723628
2021-09-21,0.0003598047183088548
2021-09-22,-0.0037160506792685696
2021-09-23,-0.004097637299627136
2021-09-24,-0.0005183061144274808
2021-09-27,0.0006336104957189093
2021-09-28,0.004798050378974364
2021-09-29,-0.0003682546259752813
2021-09-30,0.0016984539216933644
2021-10-01,-0.001179445344650558
2021-10-04,0.0005664780282876771
2021-10-05,-4.7619047619047675e-05
2021-10-06,0.0031560551001627033
2021-10-07,-0.001
2021-10-08,-0.0026894568387700445
2021-10-11,-0.000655257195760855
2021-10-12,0.00011722133249104081
2021-10-13,-0.0001713193143381937
2021-10-14,-0.0008009775509316071
2021-10-15,0.005938073979051233
2021-10-18,0.0024901853560884493
2021-10-19,0.0061975762821300075
2021-10-20,0.002944953479990538
2021-10-21,0.0018152838484051827
2021-10-22,-0.0007382820080507162
2021-10-25,-0.0027876151859656337
2021-10-26,-0.0003952612756732201
2021-10-27,0.000687647439689939
2021-10-28,-0.0036757201164364277
2021-10-29,0.00020710762252031914
2021-11-01,-0.0017371990938844775
2021-11-02,0.001165586403647871
2021-11-03,-0.003907167532494684
2021-11-04,0.0014685302026716392
2021-11-05,0.001604489137364599
2021-11-08,0.00040653353073238924
2021-11-09,-0.001464117097410683
2021-11-10,0.0035971559538054507
2021-11-11,-0.00018491270942799787
2021-11-12,-0.004312403276242144
2021-11-15,-0.00022702735334078115
2021-11-16,-0.0019323318627588047
2021-11-17,0.00099349811240388
2021-11-18,-0.001341458572666125
2021-11-19,0.0005484608656177992
2021-11-22,0.0007567052607137393
2021-11-23,-0.00037884343730208513
2021-11-24,-0.0006833159282046076
2021-11-26,0.0053102542125397076
2021-11-29,-0.0029206147895147598
2021-11-30,0.003658618635613495
2021-12-01,0.0021156338935499194
2021-12-02,-0.0022356417894640423
2021-12-03,0.0012430508374051373
2021-12-06,-0.0011755567370185342
2021-12-07,-0.0010326204062071616
2021-12-08,0.001521726900958246
2021-12-09,-0.006429997897591297
2021-12-10,-0.0014482577510288
2021-12-13,-0.008966859812622784
2021-12-14,-0.00034473606078555964
2021-12-15,-0.0014881057168628481
2021-12-16,-0.008511288948335617
2021-12-17,0.0005204015985926329
2021-12-20,0.0015190407796791424
2021-12-21,-0.002536995205155142
2021-12-22,0.007141766918583021
2021-12-23,0.0046930069516231175
2021-12-27,0.01006102149785438
2021-12-28,-0.0005924087427868497
2021-12-29,0.0007444217657574711
2021-12-30,-0.0016274390802409782
2021-12-31,-0.0013677465664720203
2022-01-03,-0.0037571873506099503
2022-01-04,-0.0011119074580063985
2022-01-05,0.009058339511058989
2022-01-06,0.0004920531167194307
2022-01-07,0.0018348346574136836
2022-01-10,0.00048574417212569974
2022-01-11,-0.0039034919522694827
2022-01-12,-0.0010775305793878746
2022-01-13,0.005248881874426229
2022-01-14,-0.0001557200597554513
2022-01-18,0.005855527894998759
2022-01-19,0.003461243646419125
2022-01-20,0.003689372577783864
2022-01-21,0.0065435272679882
2022-01-24,-0.001260970319164712
2022-01-25,0.00285928370183488
2022-01-26,0.0004302245018314099
2022-01-27,0.0006578195583170503
2022-01-28,-0.0024128974041609727
2022-01-31,0.015295739545295553
2022-02-01,0.006113377607170434
2022-02-02,0.008278877249182854
2022-02-03,-0.02014727703836385
2022-02-04,0.0037590434891103014
2022-02-07,-0.002492879600303384
2022-02-08,0.005829391845029644
2022-02-09,0.009709951300011427
2022-02-10,-0.011169268629655352
2022-02-11,-0.011315513902157844
2022-02-14,0.0004010960842126671
2022-02-15,0.0074950009414938325
2022-02-16,0.0004860782202570043
2022-02-17,0.010189340566932718
2022-02-18,0.0033915343013964506
2022-02-22,0.005621436124313894
2022-02-23,0.0092915977924362
2022-02-24,-0.007882720103045486
2022-02-25,-0.011557360073820156
2022-02-28,-0.002048886363173251
2022-03-01,-0.005849656874898051
2022-03-02,0.007008185161782318
2022-03-03,-0.0018966436555316706
2022-03-04,-0.0030949975755968306
2022-03-07,0.01589291771602537
2022-03-08,0.003923715736812833
2022-03-09,0.011766968699094202
2022-03-10,-0.002150328556510328
2022-03-11,-0.0060546728461047
2022-03-14,0.002527805285959185
2022-03-15,0.01051876694647784
2022-03-16,0.010511583175119863
2022-03-17,0.005957524393970185
2022-03-18,0.0052156150767323
2022-03-21,-0.00017290309954461004
2022-03-22,0.0044100337199862085
2022-03-23,-0.004340359088547954
2022-03-24,0.0042592855501098845
2022-03-25,0.0011151589767883934
2022-03-28,0.001307232544970026
2022-03-29,0.0023563436554558522
2022-03-30,-0.0011761350881923172
2022-03-31,-0.0029316731246448336
2022-04-01,-0.0031117316122886776
2022-04-04,-0.006166556039391191
2022-04-05,-0.003959836687403929
2022-04-06,0.0066187617984416695
2022-04-07,-0.0036470786459446383
2022-04-08,0.0017350094803023897
2022-04-11,0.010533382616427736
2022-04-12,0.002293685589682433
2022-04-13,-0.0065925745347143435
2022-04-14,0.006474793632558424
2022-04-18,-0.00024343521623203577
2022-04-19,-0.006965899101922458
2022-04-20,-0.001423722107800855
2022-04-21,0.004744227757002969
2022-04-22,0.00909875542717119
2022-04-25,-0.0017040591317648462
2022-04-26,0.006847804445636275
2022-04-27,-0.0005831909781435799
2022-04-28,-0.0036560999915646623
2022-04-29,-0.03267624002744469
2022-05-02,-0.0015256738101730519
2022-05-03,0.002976656315513445
2022-05-04,0.024604813356716573
2022-05-05,-0.028772757873643137
2022-05-06,-0.004595400444866076
2022-05-09,-0.022916989882244714
2022-05-10,-0.0016601603782919264
2022-05-11,-0.01154315801464766
2022-05-12,-0.0006520537494427705
2022-05-13,-0.007969267220338269
2022-05-16,-0.003464275100085686
2022-05-17,0.011706903752890702
2022-05-18,-0.021163179244228177
2022-05-19,0.0016723955156837732
2022-05-20,-0.0007238551481211264
2022-05-23,0.008861959371924657
2022-05-24,-0.0033193030757595666
2022-05-25,0.0033181027314447276
2022-05-26,0.006612850985649442
2022-05-27,0.006966400170997856
2022-05-31,-0.0016030524723923258
2022-06-01,-0.001973534984116148
2022-06-02,0.00453414301887585
2022-06-03,-0.00390746968886183
2022-06-06,0.000724963859522397
2022-06-07,0.002283811625997958
2022-06-08,-0.002588605923763659
2022-06-09,-0.0045776513377355195
2022-06-10,0.02113950935172341
2022-06-13,0.028928273171090067
2022-06-14,0.0022958160475498616
2022-06-15,-0.010230688008119809
2022-06-16,0.02201639293175076
2022-06-17,-0.001382132425790978
2022-06-21,-0.015583632497686933
2022-06-22,-0.0016906173674434903
2022-06-23,0.0037342612583900108
2022-06-24,0.01211194699528433
2022-06-27,-0.0014550760975013636
2022-06-28,-0.007783885712093086
2022-06-29,-0.00031036931477518553
2022-06-30,-0.003094877355132348
2022-07-01,0.00402905784218101
2022-07-05,0.0007194625657526102
2022-07-06,0.001286694403198819
2022-07-07,0.0057055262306245965
2022-07-08,-0.00031335526029967263
2022-07-11,-0.004351929175669469
2022-07-12,-0.0033709581425177704
2022-07-13,-0.0017981545219797437
2022-07-14,-0.0007414915565173126
2022-07-15,-0.014646549529772339
2022-07-18,-0.0029183289712795104
2022-07-19,0.005098874043887752
2022-07-20,0.0008628186159623581
2022-07-21,0.0009222231124380706
2022-07-22,-0.000883620963742024
2022-07-25,0.00011570950523826758
2022-07-26,-0.001126753992471055
2022-07-27,0.002472969223233957
2022-07-28,0.001194521562797314
2022-07-29,0.001388445507077186
2022-08-01,-0.00028202209491399316
2022-08-02,-0.0006283135661157919
2022-08-03,0.0014913635442147803
2022-08-04,-6.433745643352757e-05
2022-08-05,-0.00016095608209622464
2022-08-08,-0.00011056586323465217
2022-08-09,-0.0003781902686896825
2022-08-10,0.002000367742350025
2022-08-11,0.0
2022-08-12,0.0016123006813207534
2022-08-15,0.0001486041571237685
2022-08-16,9.328142155926704e-05
2022-08-17,-0.00033800355430923585
2022-08-18,0.00013839553659770044
2022-08-19,-0.0006399036173551095
2022-08-22,-0.0009915479596221395
2022-08-23,0.0012365782249213722
2022-08-24,-0.000695108666623361
2022-08-25,0.0013445167302621902
2022-08-26,-0.0032237185144654073
2022-08-29,0.004715415828382504
2022-08-30,-0.00256821011466495
2022-08-31,0.005207327667003905
2022-09-01,-0.00243822244988099
2022-09-02,0.007484126478195752
2022-09-06,0.0024676817392448583
2022-09-07,-0.011168800136217863
2022-09-08,0.0014899587817518494
2022-09-09,0.005918203705229377
2022-09-12,0.004094342508841531
2022-09-13,-0.01656479893019617
2022-09-14,0.001453624446994473
2022-09-15,-0.004324978574790909
2022-09-16,-0.0029062918940915864
2022-09-19,0.002954263261484767
2022-09-20,-0.0043728079988738615
2022-09-21,-0.006645307478448798
2022-09-22,0.004199598368868715
2022-09-23,-0.007382905668076697
2022-09-26,0.004700521309592363
2022-09-27,0.001289503449960758
2022-09-28,0.007480270349885099
2022-09-29,-0.00895235314392278
2022-09-30,-0.005938540952984421
2022-10-03,0.008752773279446001
2022-10-04,0.00880570923568743
2022-10-05,-0.0006019518637937112
2022-10-06,-0.0020125290450679263
2022-10-07,-0.0053130990928448255
2022-10-10,-0.0014543613196084896
2022-10-11,-0.0012062854640497193
2022-10-12,-0.0006283192383362094
2022-10-13,0.005026929266864956
2022-10-14,-0.004340713505702595
2022-10-17,0.004894655628188233
2022-10-18,0.0022379969658442313
2022-10-19,-0.0013497713383722133
2022-10-20,-0.0015972030778544444
2022-10-21,0.003424001272114437
2022-10-24,0.001748061124419037
2022-10-25,0.0014732092558401703
2022-10-26,-0.0004063900549596086
2022-10-27,-0.00025428743141099836
2022-10-28,0.0011328906057266976
2022-10-31,-0.00034396160651469973
2022-11-01,-0.00020838261421060226
2022-11-02,-0.0011950486868716615
2022-11-03,-0.0004903230405711993
2022-11-04,0.0006853720390543203
2022-11-07,0.00045551805920920283
2022-11-08,0.0002569255844425533
2022-11-09,-0.0009810618623147473
2022-11-10,0.0026168783249743356
2022-11-11,0.00046086481977774884
2022-11-14,-0.00040508094695972216
2022-11-15,0.0004061469655851322
2022-11-16,-0.0003632617898963402
2022-11-17,-0.0001457157184874641
2022-11-18,0.00021620846912993172
2022-11-21,-0.00017315505755785177
2022-11-22,0.0006408121366383587
2022-11-23,0.0003000803105130536
2022-11-25,-1.0645829776871167e-05
2022-11-28,-0.0007598614620284236
2022-11-29,-8.178482248127639e-05
2022-11-30,0.0015000213711191975
2022-12-01,-3.50395132176998e-05
2022-12-02,-5.4936787809048354e-05
2022-12-05,-0.0008566300556978056
2022-12-06,-0.0006864227645574222
2022-12-07,-8.100033367847422e-05
2022-12-08,-0.008040159629446608
2022-12-09,-0.001711458771961914
2022-12-12,0.0013730780366354883
2022-12-13,0.0007209438445377663
2022-12-14,-0.0006089194395218047
2022-12-15,-0.0023296785069949135
2022-12-16,0.009167245205886876
2022-12-19,-0.0022113860702360592
2022-12-20,0.0001955217155875971
2022-12-21,0.0021360282807665323
2022-12-22,-0.0020380045023270024
2022-12-23,0.0008217677882010091
2022-12-27,-0.0005633731330103108
2022-12-28,-0.0017754269468100825
2022-12-29,0.0025714823292880065
2022-12-30,-0.00037629081087039583
2023-01-03,-0.0006014179575729105
2023-01-04,0.0011028882026585325
2023-01-05,-0.001630468481400851
2023-01-06,0.00327600676902124
2023-01-09,-8.09963524199026e-05
2023-01-10,0.0006202738478717202
2023-01-11,0.0012045591437813974
2023-01-12,0.0003467355891285507
2023-01-13,0.0003694814678825369
2023-01-17,-0.00017446472406971558
2023-01-18,-0.001503605258578962
2023-01-19,-0.00039428508101902474
2023-01-20,0.000887092567146169
2023-01-23,0.0005713671939354318
2023-01-24,-5.111192393267961e-05
2023-01-25,1.7847482450415024e-05
2023-01-26,0.0005233541116191692
2023-01-27,0.00010940820647524575
2023-01-30,-0.0005974570158101604
2023-01-31,0.0007001510778060409
2023-02-01,0.0005060834685801129
2023-02-02,0.0006931974610677217
2023-02-03,-0.0005061517235001938
2023-02-06,-0.00029101989810080125
2023-02-07,0.000622794763451692
2023-02-08,-0.0005207025519808372
2023-02-09,-0.0004128202474857905
2023-02-10,0.00011113343211162837
2023-02-13,0.0005589959413089005
2023-02-14,-2.1914692678024613e-05
2023-02-15,0.00015463285574229577
2023-02-16,-0.000655647632087777
2023-02-17,-0.00011897075508074276
2023-02-21,-0.0009552759342644672
2023-02-22,0.0002946451546493769
2023-02-23,-0.004607132238043152
2023-02-24,0.008599966448141167
2023-02-27,-0.0026425473907368503
2023-02-28,-0.0018799690902405997
2023-03-01,0.001787693866252999
2023-03-02,-0.0052324834389531165
2023-03-03,0.004345949457701355
2023-03-06,0.00023090673600142012
2023-03-07,-0.005109523560533993
2023-03-08,0.0005439524156114483
2023-03-09,-0.006149911351051583
2023-03-10,-0.004809803732508795
2023-03-13,-7.016611792217233e-05
2023-03-14,-0.009493333428695743
2023-03-15,-0.0036804933863649066
2023-03-16,-0.010142727175581961
2023-03-17,-0.006567884698611116
2023-03-20,0.0045787878842011125
2023-03-21,0.006252612089288174
2023-03-22,-0.008117337104332517
2023-03-23,0.0011109709792886577
2023-03-24,0.002452249129547509
2023-03-27,0.0005755977513677554
2023-03-28,-0.0006889433296637751
2023-03-29,0.00415287096423654
2023-03-30,0.0013464723306915968
2023-03-31,0.0026370481959136043
2023-04-03,0.0007258587125566404
2023-04-04,-0.0010567919136752267
2023-04-05,-0.0004987277843594376
2023-04-06,0.0007430326123507685
2023-04-10,0.0001954779024842508
2023-04-11,5.116492753899307e-05
2023-04-12,-0.0006299046364124422
2023-04-13,0.0012174093296333831
2023-04-14,-0.00023263721673472153
2023-04-17,0.00012324378795266664
2023-04-18,3.105690099098576e-05
2023-04-19,-8.039484053468642e-06
2023-04-20,-0.0002598687119679681
2023-04-21,-0.0016554079316451124
2023-04-24,-0.0009417241016490128
2023-04-25,0.012802520075296264
2023-04-26,0.003179631143737258
2023-04-27,-0.014267681228276999
2023-04-28,0.0014386460107915634
2023-05-01,-0.00028853106531309295
2023-05-02,-0.003211196836442047
2023-05-03,0.0036235363568164593
2023-05-04,-0.003361057828275188
2023-05-05,-0.01241258199860172
2023-05-08,-0.0008984485204935034
2023-05-09,-0.0016705488135297824
2023-05-10,0.0017799078836283567
2023-05-11,-0.000664365064794371
2023-05-12,-0.00020365347586909406
2023-05-15,-0.001854701255612347
2023-05-16,0.0031345947059475843
2023-05-17,-0.005250053711879339
2023-05-18,0.004504798687345641
2023-05-19,-0.0008316263477013181
2023-05-22,0.00016523508151770956
2023-05-23,-0.005391799846245684
2023-05-24,0.0027950681941813793
2023-05-25,-0.004536299156487858
2023-05-26,-0.006783573455123879
2023-05-30,-0.0008185602670827809
2023-05-31,-0.002640512133720191
2023-06-01,-0.005476622893219251
2023-06-02,0.005933812133869551
2023-06-05,-0.0009123703742332963
2023-06-06,0.0008855293476030086
2023-06-07,-0.0014819236589269013
2023-06-08,0.0025922050901017817
2023-06-09,0.0007690007534772368
2023-06-12,0.003887972064838565
2023-06-13,0.002464007557468244
2023-06-14,0.0003492743901669171
2023-06-15,0.0034945729054725316
2023-06-16,-0.0008586053347185034
2023-06-20,-0.0012352784769625342
2023-06-21,0.0027074593874929086
2023-06-22,-0.002454032483309898
2023-06-23,-0.0035199767533005857
2023-06-26,0.0017237989569839364
2023-06-27,-0.007308915047546865
2023-06-28,-0.0008082880889300381
2023-06-29,-0.003579923710167158
2023-06-30,0.002933621038928913
2023-07-03,0.0002810762111959597
2023-07-05,-0.00042489717102066153
2023-07-06,-0.0022373340458874094
2023-07-07,0.0007307186145822674
2023-07-10,-0.0016144529230680232
2023-07-11,-0.0036867428352489514
2023-07-12,-0.0042621891943043855
2023-07-13,0.002779384746920618
2023-07-14,-0.0002965081092663548
2023-07-17,0.0016534021065677043
2023-07-18,0.0035383351658101
2023-07-19,0.0010590115790937427
2023-07-20,-0.0031592880918907
2023-07-21,-0.001
2023-07-24,0.0009621324669054059
2023-07-25,0.0011700574247728937
2023-07-26,1.095014874877682e-05
2023-07-27,-0.0022576156676269543
2023-07-28,-0.00701303890351093
2023-07-31,-0.00031768937861645157
2023-08-01,-0.000953916083917668
2023-08-02,-0.00463685487203802
2023-08-03,0.0008217235676746956
2023-08-04,-0.0027229702920568187
2023-08-07,-0.006403394114879477
2023-08-08,0.00269203648848109
2023-08-09,0.004138552020847712
2023-08-10,-0.0002222277202157714
2023-08-11,0.0002856283456785262
2023-08-14,-0.0029391178708086676
2023-08-15,0.005499551006288024
2023-08-16,0.003097310602976461
2023-08-17,0.0028551341490965234
2023-08-18,-0.00020803866574463955
2023-08-21,-0.002168769888211353
2023-08-22,0.0007262973091738823
2023-08-23,-0.0026994896722396158
2023-08-24,-0.011559300300199412
2023-08-25,-0.0022952391045311044
2023-08-28,0.0038789871681734864
2023-08-29,0.011013120899139412
2023-08-30,0.0031381692742434163
2023-08-31,-0.0011150278240446962
2023-09-01,0.0012846793653864487
2023-09-05,-0.0030870057113401607
2023-09-06,-0.004529301991147253
2023-09-07,2.3389846438386574e-05
2023-09-08,-0.0005020275985258376
2023-09-11,-0.002192242167953588
2023-09-12,-0.004348313778100542
2023-09-13,-0.001444195944986855
2023-09-14,0.003974629906582521
2023-09-15,-0.006358543791059415
2023-09-18,-0.001279199027711732
2023-09-19,0.0009875442390878885
2023-09-20,0.00437772388787061
2023-09-21,0.007870645260995937
2023-09-22,0.0010707190755168022
2023-09-25,-0.0018498212771135177
2023-09-26,0.006296260535184078
2023-09-27,-0.0001996777894508631
2023-09-28,-0.001980130079026876
2023-09-29,0.0006458061533360239
2023-10-02,4.707957741719368e-05
2023-10-03,0.0025021117115555497
2023-10-04,-0.0010879126630879952
2023-10-05,-1.1730638005186535e-05
2023-10-06,-0.001130737125509479
2023-10-09,0.004535331152018452
2023-10-10,0.004165796228948531
2023-10-11,0.0033159983860997395
2023-10-12,-0.004692524654769881
2023-10-13,-0.0037949248654954595
2023-10-16,-0.0029564790572659304
2023-10-17,-0.000987381106906093
2023-10-18,-0.009565589414853387
2023-10-19,0.0015104068589122238
2023-10-20,-0.009144326665392175
2023-10-23,-0.00042224968310137503
2023-10-24,-0.002513124557624869
2023-10-25,0.004784066755531632
2023-10-26,0.003991522079553482
2023-10-27,0.0015109060911038994
2023-10-30,-0.0039851957967807685
2023-10-31,-0.0020934861370344544
2023-11-01,-0.0035549223048844487
2023-11-02,-0.0063880534989310496
2023-11-03,0.004695489899113043
2023-11-06,0.0012668831269044463
2023-11-07,0.0016263247298103117
2023-11-08,0.0004185256338879688
2023-11-09,-0.004456415735314793
2023-11-10,0.008916990991834644
2023-11-13,-0.0005446321054962994
2023-11-14,0.01011469561391628
2023-11-15,0.001108896161938396
2023-11-16,0.0006405994377345876
2023-11-17,0.0005447427094161797
2023-11-20,0.0036655127506708095
2023-11-21,-0.0009815890911359345
2023-11-22,0.001423103508831865
2023-11-24,0.00015751343715796388
2023-11-27,-0.00056214874799261
2023-11-28,-0.0017070612757891543
2023-11-29,-0.001119800568441678
2023-11-30,-0.0039998628642642885
2023-12-01,-0.0045073181982338215
2023-12-04,-0.001952244872264207
2023-12-05,-0.0008021338884132877
2023-12-06,0.0028308582428445803
2023-12-07,-0.005134631127689685
2023-12-08,0.0004330272238572599
2023-12-11,-0.0033602058203397846
2023-12-12,0.0007399318017890068
2023-12-13,0.005253363575194315
2023-12-14,0.001222653719873179
2023-12-15,-0.0006272487140148508
2023-12-18,0.0021428652490150853
2023-12-19,0.0023165544132102882
2023-12-20,-0.0052789683613229475
2023-12-21,-0.006370590999872434
2023-12-22,-0.0001387199583748086
2023-12-26,0.0018096460387594542
2023-12-27,0.000774922164418054
2023-12-28,9.62758975312188e-05
2023-12-29,-0.0011028451977392248
2024-01-02,0.0024644110498373705
2024-01-03,0.005055487233512071
2024-01-04,0.001793071109386022
2024-01-05,-0.000782645767605672
2024-01-08,-0.00815775712714054
2024-01-09,0.000866920050227942
2024-01-10,-0.0030099761016230448
2024-01-11,-0.0011412563126973888
2024-01-12,-0.0013153015074703098
2024-01-16,-0.0027482377070952124
2024-01-17,0.0016945852955019278
2024-01-18,-0.003858792568069414
2024-01-19,0.006123476903641013
2024-01-22,0.001208272359604047
2024-01-23,0.0016664880607144231
2024-01-24,0.0005250685450745769
2024-01-25,0.002848951132458141
2024-01-26,-0.0006654755864362434
2024-01-29,0.004148179486338604
2024-01-30,-0.0004050261403051472
2024-01-31,-0.008547240270986077
2024-02-01,-0.007232465363729229
2024-02-02,0.00406064090315744
2024-02-05,-0.0016080995738714456
2024-02-06,0.0010583987848283107
2024-02-07,0.002732516874201422
2024-02-08,7.854723118441603e-05
2024-02-09,0.0013284422307197807
2024-02-12,-0.00010451821696825608
2024-02-13,-0.002671029571169978
2024-02-14,-0.007876208975250557
2024-02-15,0.0003618780461518325
2024-02-16,-0.0007590436018361007
2024-02-20,-0.000786498097795502
2024-02-21,-0.0016856866762518907
2024-02-22,0.0029419949695489766
2024-02-23,0.00013137024829030995
2024-02-26,-0.0006976169979251117
2024-02-27,0.0003538338142624027
2024-02-28,-0.00025172677214731144
2024-02-29,0.0006847486581297142
2024-03-01,0.00178823968689252
2024-03-04,-0.00020083060351725038
2024-03-05,-0.0014277278251493427
2024-03-06,-0.005054468127827609
2024-03-07,0.0008907489854721299
2024-03-08,-0.001143283321844842
2024-03-11,-0.00029726295757254346
2024-03-12,-0.007731367866032271
2024-03-13,-0.0014477929118698045
2024-03-14,-0.0005648300510320124
2024-03-15,-0.0016824998989283355
2024-03-18,-0.005197424640042242
2024-03-19,0.0005877441297063356
2024-03-20,-0.007118609175932904
2024-03-21,-8.190059041348133e-06
2024-03-22,-0.0005416651786345524
2024-03-25,0.0008894604791451881
2024-03-26,-0.001615674898346426
2024-03-27,-0.006154871012714952
2024-03-28,-0.0010728888317400166
2024-04-01,-0.0006628066349138621
2024-04-02,-0.0024220647612702706
2024-04-03,-0.0015800824434349875
2024-04-04,0.006346081739601067
2024-04-05,-0.005472183869908353
2024-04-08,-0.0007336334277430233
2024-04-09,-0.001503217879263255
2024-04-10,0.0047681448615804235
2024-04-11,-0.0035937634413464787
2024-04-12,-0.008230192620681753
2024-04-15,0.004416829059358543
2024-04-16,0.0006471504175240085
2024-04-17,0.002254579322320749
2024-04-18,0.0006382914002158261
2024-04-19,0.002909457545330341
2024-04-22,-0.002678807672853767
2024-04-23,-0.002873004228630424
2024-04-24,0.00011298243577743489
2024-04-25,-0.0038945286839733137
2024-04-26,-0.0032557036420890945
2024-04-29,0.0016982427237999418
2024-04-30,-0.012069441798788444
2024-05-01,-0.00033387818026983705
2024-05-02,-0.001781596202132828
2024-05-03,0.008491671135373493
2024-05-06,0.007328633466191496
2024-05-07,0.0007881618318761329
2024-05-08,1.686185810440814e-05
2024-05-09,0.003519307246172718
2024-05-10,0.0006884758998279111
2024-05-13,7.669640358581071e-05
2024-05-14,-0.002966352512679023
2024-05-15,0.0055338979351564205
2024-05-16,-0.0010273389639609315
2024-05-17,0.0005684727401244351
2024-05-20,0.00039121815812143395
2024-05-21,0.0007699636673309422
2024-05-22,-0.000870285529713963
2024-05-23,0.0042172524330828295
2024-05-24,-0.004458510029676687
2024-05-28,-0.00046596248491651937
2024-05-29,-0.0033342141614065924
2024-05-30,0.0031542613417382885
2024-05-31,-0.005638389089255556
2024-06-03,-0.0005046719346459627
2024-06-04,-0.0006864348640592081
2024-06-05,-0.006273263359520022
2024-06-06,-0.0010089543129797164
2024-06-07,-0.0005788512544349513
2024-06-10,-0.0024237118062153135
2024-06-11,0.00026138659226062613
2024-06-12,0.004302122214114898
2024-06-13,0.0009110887683457384
2024-06-14,0.0002897649716480206
2024-06-17,0.0037899576871302026
2024-06-18,0.001209917761853609
2024-06-20,-0.0012935382252929474
2024-06-21,-0.0006384381074215589
2024-06-24,0.0005955449936454584
2024-06-25,-0.0018336843915423534
2024-06-26,-0.0005944127576678376
2024-06-27,-0.0007507010867434184
2024-06-28,-0.0030612986954228613
2024-07-01,-0.001980033438201575
2024-07-02,0.0022521925392987334
2024-07-03,-0.003337638216288296
2024-07-05,0.0015189727385397432
2024-07-08,0.0003919670554780913
2024-07-09,0.00037041150930006676
2024-07-10,0.003769590423336852
2024-07-11,-0.0029217664871573354
2024-07-12,0.0021024730302437638
2024-07-15,0.000916727662536809
2024-07-16,0.0019767429581994582
2024-07-17,-0.004673708462326397
2024-07-18,0.0038048255283680073
2024-07-19,0.003747129453068363
2024-07-22,-0.005448102297820001
2024-07-23,-0.0017469344109795316
2024-07-24,0.010870882959504825
2024-07-25,0.0027291972363049366
2024-07-26,-0.00586649692142584
2024-07-29,-0.0007005798579887321
2024-07-30,0.0017014347601830462
2024-07-31,-0.008514400691908432
2024-08-01,-0.007743283865527759
2024-08-02,0.008752528466211842
2024-08-05,0.013820850669550135
2024-08-06,-0.003998911321216505
2024-08-07,-0.004819581635597417
2024-08-08,-0.009759058450849577
2024-08-09,0.0017297199176423915
2024-08-12,0.0003252582405660673
2024-08-13,0.010180668139887833
2024-08-14,0.0019530159689812787
2024-08-15,0.010610540820526319
2024-08-16,0.0012335305480976162
2024-08-19,0.004960756889385553
2024-08-20,-0.0008219376373998472
2024-08-21,0.0016364155869276148
2024-08-22,-0.003411241271524231
2024-08-23,0.004000074563059259
2024-08-26,-0.0008422265028450182
2024-08-27,0.0004577844276153115
2024-08-28,-0.0017063147924871792
2024-08-29,-2.627639040264112e-05
2024-08-30,0.002272856035916215
2024-09-03,-0.00396741040325342
2024-09-04,0.0006571235290503733
2024-09-05,0.0019687358591374405
2024-09-06,0.012775455435939814
2024-09-09,-0.008530377949052405
2024-09-10,-0.0031589352926626193
2024-09-11,-0.00688701963164674
2024-09-12,0.0018077501722575757
2024-09-13,0.0017408813599323703
2024-09-16,0.0004922683663911944
2024-09-17,0.00013621190031291397
2024-09-18,-0.0009886160832062911
2024-09-19,0.005688119544080179
2024-09-20,-0.0005762057309689482
2024-09-23,0.0008330220764036775
2024-09-24,0.0009537129163355027
2024-09-25,-0.000735158857598561
2024-09-26,0.0013215589597757775
2024-09-27,-0.00048346666218586804
2024-09-30,-0.003433099412803828
2024-10-01,-0.004412694292614143
2024-10-02,-0.0011934745383282606
2024-10-03,-0.001648844639713555
2024-10-04,-0.006625562432526025
2024-10-07,-0.0039659115434436
2024-10-08,-0.007305148697663744
2024-10-09,0.0010266102959101831
2024-10-10,-0.0004643244648497488
2024-10-11,0.001425775154468475
2024-10-14,0.001947212722287801
2024-10-15,-0.0018499193096264506
2024-10-16,-0.004057055878753326
2024-10-17,-0.000975519491180417
2024-10-18,0.0010990469748681472
2024-10-21,-0.0004691977792240987
2024-10-22,-0.00015177565131547463
2024-10-23,-0.0026106746979340004
2024-10-24,-0.002394084405281279
2024-10-25,0.00016613336878713527
2024-10-28,-0.0018142236939408184
2024-10-29,-0.000924750252773546
2024-10-30,0.0015370698945773218
2024-10-31,0.010268179785441346
2024-11-01,-0.0020572889420303777
2024-11-04,0.0010257106737005237
2024-11-05,-0.005229825453012162
2024-11-06,-0.010656696341997682
2024-11-07,0.0034183050950600744
2024-11-08,0.002475359964435851
2024-11-11,0.0005444862830376199
2024-11-12,-0.0017751066720697673
2024-11-13,0.0002776736169608337
2024-11-14,-0.0034158610200645833
2024-11-15,0.004537001936416665
2024-11-18,-0.0016085144886814524
2024-11-19,-0.0012661281984348678
2024-11-20,-0.00014442557175614338
2024-11-21,-0.0013257745936073662
2024-11-22,-0.0007379553303594956
2024-11-25,-0.0008076273818922282
2024-11-26,-0.0012431877595400634
2024-11-27,0.0007214837698379543
2024-11-29,-0.0014791079349712759
2024-12-02,0.0003280712211906603
2024-12-03,-0.0011324416462801076
2024-12-04,0.003187439883320276
2024-12-05,-0.0010663318657902884
2024-12-06,-0.0017221196399435875
2024-12-09,-0.004187859320605951
2024-12-10,8.400993716896105e-05
2024-12-11,-0.0022563819150323385
2024-12-12,-0.004680418521407959
2024-12-13,-0.0009051210895600313
2024-12-16,-0.0008609355041831494
2024-12-17,0.000784788025813007
2024-12-18,0.005676834721290863
2024-12-19,5.848826993706151e-05
2024-12-20,-0.0022878109316322908
2024-12-23,-0.001140596043548468
2024-12-24,-0.0021171766362293454
2024-12-26,-0.0009016760732399391
2024-12-27,-0.007566502413602037
2024-12-30,0.0022604804738818006
2024-12-31,0.0010394186486305998
2025-01-02,0.0005374221014802494
2025-01-03,-0.0029770436507070568
2025-01-06,-0.0011448401550844414
2025-01-07,-0.010150854904117913
2025-01-08,-0.001278314385500649
2025-01-10,0.0021334585328411405
2025-01-13,-0.00022148016691895105
2025-01-14,-0.00019657840416106463
2025-01-15,-0.0017800083908870682
2025-01-16,-0.002600797496569014
2025-01-17,0.00807992023863239
2025-01-21,0.006926480844570894
2025-01-22,0.003967784628527817
2025-01-23,0.0035909541382844645
2025-01-24,-0.001854784695182135
2025-01-27,-0.008130688648678946
2025-01-28,-0.0046824428247262476
2025-01-29,-0.003561762209086485
2025-01-30,0.003067015865566981
2025-01-31,-0.0028353127040770076
2025-02-03,0.0022045786262253307
2025-02-04,-0.003194462201096564
2025-02-05,-0.0019307443679437257
2025-02-06,-0.0016550514124623128
2025-02-07,0.0038753349378904275
2025-02-10,-0.0029104713838646406
2025-02-11,-0.0005538752717592545
2025-02-12,0.0005341287390605955
2025-02-13,-0.005027439171232701
2025-02-14,-0.000975856707335697
2025-02-18,-0.002350496701228887
2025-02-19,0.00023349987699551882
2025-02-20,-0.002179268563639152
2025-02-21,0.006377888517784289
2025-02-24,0.0016858662432893794
2025-02-25,0.001610195474455464
2025-02-26,-0.00019190586275749788
2025-02-27,0.004560535540523126
2025-02-28,-0.003763219101223533
2025-03-03,0.00328950685965102
2025-03-04,0.0016433575911439426
2025-03-05,-0.0015353805721601997
2025-03-06,0.0025358639885432513
2025-03-07,-0.0008006836532541419
2025-03-10,0.003805105265100553
2025-03-11,0.0011875392466987405
2025-03-12,-0.000758097116265923
2025-03-13,0.0012219596312265841
2025-03-14,-0.001967212723570472
2025-03-17,0.00565744825167833
2025-03-18,-0.009264474263580538
2025-03-19,0.008768852154481368
2025-03-20,-0.002340937896090858
2025-03-21,0.00026709491993018704
2025-03-24,0.013597044681972535
2025-03-25,0.0016694137338340283
2025-03-26,-0.008006504441380156
2025-03-27,-0.0016916751555773853
2025-03-28,-0.011555296300644578
2025-03-31,-0.0038769282392660605
2025-04-01,-0.0012104865672072204
2025-04-02,-0.0027121788753428715
2025-04-03,-0.026766156999060743
2025-04-04,0.026877588163277566
2025-04-07,0.0008481860996437503
2025-04-08,0.007458435009143285
2025-04-09,-0.05000917896491004
2025-04-10,-0.021818554648396587
2025-04-11,0.007599314826010501
2025-04-14,0.0036482064972854565
2025-04-15,-0.0010670748366025371
2025-04-16,-0.008467806822468626
2025-04-17,0.0005435119675325611
2025-04-21,-0.009067696848881434
2025-04-22,0.009911508857630986
2025-04-23,0.0059030843042773284
2025-04-24,0.008018635098712779
2025-04-25,0.002752546355071452
2025-04-28,0.00014526401170715056
2025-04-29,0.002399718688295223
2025-04-30,8.465031025335035e-05
2025-05-01,0.001977241511245211
2025-05-02,0.003486692991256073
2025-05-05,-0.0013653171471504437
2025-05-06,-0.001639691679436429
2025-05-07,0.0005531555731635782
2025-05-08,0.0006159930677770652
2025-05-09,-0.00010829005981101367
2025-05-12,0.0015736786134179098
2025-05-13,0.00031448014452007935
2025-05-14,6.085612284871077e-05
2025-05-15,0.00023258932506162863
2025-05-16,0.0003016195054926312
2025-05-19,5.208670451786619e-05
2025-05-20,-0.00016010275186296684
2025-05-21,-0.0008024268519424609
2025-05-22,1.880174554412332e-05
2025-05-23,-0.00032504199573900165
2025-05-27,0.0009900370225489259
2025-05-28,-0.0002754970632772781
2025-05-29,0.0001879726765519488
2025-05-30,-5.326925959769919e-05
2025-06-02,0.0002682337206778259
2025-06-03,0.00027155670731158875
2025-06-04,-1.2788316879204458e-05
2025-06-05,-0.00023012758786132925
2025-06-06,0.0004890001057604525
2025-06-09,4.2908799607518046e-05
2025-06-10,0.00026999683289906205
2025-06-11,-0.0001358173115375192
2025-06-12,0.0001892544163593293
2025-06-13,-0.0005323845029486167
2025-06-16,0.0004530606423275777
2025-06-17,-0.000406913460727283
2025-06-18,-0.000816058679664869
2025-06-20,-0.0012236657182164044
2025-06-23,0.000940699221494382
2025-06-24,0.001052124125907173
2025-06-25,5.3376244066047014e-05
2025-06-26,0.0007451214210923199
2025-06-27,0.000473173763548512
2025-06-30,0.0004553504991551065
2025-07-01,-3.082065246338777e-05
2025-07-02,0.0004317528261859794
2025-07-03,0.0007505931235444458
2025-07-07,-0.0007097121009700822
2025-07-08,-5.216190843744468e-05
2025-07-09,0.0005711131110026853
2025-07-10,0.0002686021124682745
2025-07-11,-0.0003348130804276781
2025-07-14,0.00018173905426448287
2025-07-15,0.0027103866012764327
2025-07-16,-0.0027540372571985988
2025-07-17,-0.0047102250192724085
2025-07-18,0.00047557987106189585
2025-07-21,-0.001354442126580662
2025-07-22,-0.00014305735246164644
2025-07-23,-0.005314075642342384
2025-07-24,-0.0008738404252409884
2025-07-25,-0.003366264661972962
2025-07-28,8.386381710027527e-05
2025-07-29,-0.002256049470172306
2025-07-30,-0.0003526759078376065
2025-07-31,0.0015600449181420795
2025-08-01,0.006196344263377826
2025-08-04,-0.005114217891190164
2025-08-05,0.0014009158381068114
2025-08-06,-0.001871372808923535
2025-08-07,0.000111935856768259
2025-08-08,-0.0011615397760051359
2025-08-11,-0.00269496591572257
2025-08-12,-0.001966281560102404
2025-08-13,0.00198184060391232
2025-08-14,2.7631652259676338e-05
2025-08-15,-0.0018313603157544133
2025-08-18,-0.00020310211613782154
2025-08-19,0.000550031105444922
2025-08-20,0.0007591448513243178
2025-08-21,0.001146252161099172
2025-08-22,-0.0037039789617199816
2025-08-25,-0.0040958981886627475
2025-08-26,-0.0021962485484849745
2025-08-27,0.0006276035869717503
2025-08-28,0.0023133220721384025
2025-08-29,-0.003739533261972939
2025-09-02,0.0018229485162914749
2025-09-03,-0.002064599406911716
2025-09-04,-0.0031838127950293547
2025-09-05,0.0011034012622564082
2025-09-08,-0.0009359055661707519
2025-09-09,-0.0008807255206673876
2025-09-10,-0.0010112036482890418
2025-09-11,-0.002770051134176462
2025-09-12,-0.0012229510725875184
2025-09-15,0.0035492133875621636
2025-09-16,-0.0009179561266894344
2025-09-17,-0.0008282369950107042
2025-09-18,0.002844859149569752
2025-09-19,0.0027826268385664752
2025-09-22,0.002430519728940298
2025-09-23,-0.002639796750605968
2025-09-24,0.0005626501969199394
2025-09-25,0.002196878845604515
2025-09-26,-0.0025028689404568995
2025-09-29,-0.0011183318588437912
2025-09-30,-0.0013031879796734107
2025-10-01,0.001157089963818185
2025-10-02,0.0006105660149817357
2025-10-03,-0.0009936785786389196
2025-10-06,-0.0015369182379252335
2025-10-07,-0.0028943266406809515
2025-10-08,-0.0038394882676026287
2025-10-09,-0.0023319140134354334
2025-10-10,0.013157411061385689
2025-10-13,-0.0073543106936652435
2025-10-14,-0.0016398906253548813
2025-10-15,-0.0028550500298448367
2025-10-16,-0.004891575833021005
2025-10-17,-0.0031147783236970448
2025-10-20,-0.003514456497932113
2025-10-21,-0.0010099866564790368
2025-10-22,0.0005330361028772709
2025-10-23,-0.0016942855482595346
2025-10-24,0.004495987478993095
2025-10-27,0.007255731146409697
2025-10-28,0.0014700660936015576
2025-10-29,0.0002039700215496989
2025-10-30,-0.005760875664725901
2025-10-31,0.001718247540225928
2025-11-03,0.0008460028716245815
2025-11-04,-0.005127750697041052
2025-11-05,-0.0027676396358364396
2025-11-06,-0.005550625979657111
2025-11-07,-0.001468036219286557
2025-11-10,-0.008173690214316746
2025-11-11,2.8764363050824346e-05
2025-11-12,0.00023842572899182967
2025-11-13,-0.006369122041864974
2025-11-14,-0.0008587443920410271
2025-11-17,0.005323625574326244
2025-11-18,0.004798602124923461
2025-11-19,-0.00207121913442297
2025-11-20,0.007984049457877939
2025-11-21,-0.005217770205870263
2025-11-24,-0.007056453866944133
2025-11-25,0.003926923368759608
2025-11-26,0.003616141318760101
2025-11-28,0.0028591478070688356
2025-12-01,-0.0023914170768137046
2025-12-02,0.0009701793270808566
2025-12-03,0.0018138680596062075
2025-12-04,0.00038298394205097763
2025-12-05,0.0008568684932034653
2025-12-08,-0.0014305720443729187
2025-12-09,-0.00041751711615472826
2025-12-10,0.00247888941824838
2025-12-11,0.0008865035045601252
2025-12-12,-0.004096003276011456
2025-12-15,-8.903817093572938e-05
2025-12-16,0.0015613504321808794
2025-12-17,0.006287751020181531
2025-12-18,-0.004315010692685155
2025-12-19,-0.0051791350082110044
2025-12-22,0.0014208832991272368
2025-12-23,0.0014758591149424388
2025-12-24,0.0009574485695738948
2025-12-26,-2.8969767972381848e-05
2025-12-29,-0.0010181945663574653
2025-12-30,-0.00013824386972459673
2025-12-31,0.004538840188318844
2026-01-02,-0.0010950674121671283
2026-01-05,-0.0035362839565632044
2026-01-06,0.0018319848683901927
2026-01-07,-0.0015349592223663714
2026-01-08,-0.0009040419897885078
2026-01-09,0.00246415690102437
2026-01-12,0.0008226078533450601
2026-01-13,-0.001047365885143293
2026-01-14,0.0011541431431535314
2026-01-15,-0.0011671235159515752
2026-01-16,0.00035911803808776267
2026-01-20,0.008724358205799136
2026-01-21,-0.004946216751709238
2026-01-22,-0.0022385206296663567
2026-01-23,-0.0007927182027050362
2026-01-26,0.002901861853352981
2026-01-27,0.0022766363580698974
2026-01-28,-5.751384163714996e-05
2026-01-29,-0.0011339151147475538
2026-01-30,0.0002781908840261266
2026-02-02,-0.0021305189303011717
2026-02-03,0.0036237507671026408
2026-02-04,-0.0034896298863233066
2026-02-05,0.004400168039816821
2026-02-06,-0.007356102211994019
2026-02-09,0.001802913329090619
2026-02-10,-0.001506934451314493
2026-02-11,-0.0008643527792688623
2026-02-12,-0.010563554963858211
2026-02-13,-0.0012683591177103716
2026-02-17,-0.0006146741623711009
2026-02-18,-0.0019191222057746888
2026-02-19,-0.0024594383150687155
2026-02-20,-0.004099357451317778
2026-02-23,-0.006301201209625759
2026-02-24,-0.004067450743468095
2026-02-25,-0.0032622169056399125
2026-02-26,-0.0044384896309961385
2026-02-27,0.0006482548043167137
2026-03-02,-0.00021004763060205098
2026-03-03,-0.006828562212444645
2026-03-04,-0.003351808687171516
2026-03-05,-0.004403998271854859
2026-03-06,0.00341667735358332
2026-03-09,-0.002920010971959153
2026-03-10,0.000535671910024053
2026-03-11,0.0003109989107111587
2026-03-12,0.0035678403449165663
2026-03-13,0.0013476555415567605
2026-03-16,-0.0019860710943338127
2026-03-17,-0.0005010569901495625
2026-03-18,0.0026578519102210168
2026-03-19,0.0004694024393489141
2026-03-20,0.0020003355056630264
2026-03-23,-0.0014999942438876136
2026-03-24,0.0002720780710294425
2026-03-25,-0.0005307353214579916
2026-03-26,-0.016259850019029198
2026-03-27,0.0006716114680096377
2026-03-30,0.0003184164852153823
2026-03-31,-0.0027683646028729913
2026-04-01,0.005816950927694086
2026-04-02,0.0007241940822292139
2026-04-06,0.00405162064825929
2026-04-07,0.0003085519996895779
2026-04-08,0.019357793994124343
2026-04-09,0.004073099400232159
2026-04-10,-0.0004887553905379901
2026-04-13,0.006001978934401744
2026-04-14,0.006915137815803117
2026-04-15,0.004085784232690939
2026-04-16,0.0011225308076860162
2026-04-17,0.005131970817180352
2026-04-20,-0.0008094388411131324
2026-04-21,-0.0022299115803019937
2026-04-22,0.002845717841157958
2026-04-23,-0.0009715993525286786
2026-04-24,0.001428443725514988
2026-04-27,0.0003281466039223989
2026-04-28,-0.0007427592129180349
2026-04-29,-0.0008675300959295941
2026-04-30,-0.008528301585643154
2026-05-01,-0.0006044203754918773
2026-05-04,-0.0005233401358471102
2026-05-05,-0.00744657759629842
2026-05-06,0.0016475083295542825
2026-05-07,-0.000584016940503817
2026-05-08,0.0015725818580186257
2026-05-11,0.00043382162304642487
2026-05-12,-0.00028855193965930204
2026-05-13,0.00106568623216729
2026-05-14,0.0015036665685260158
2026-05-15,-0.0022912929637489646
2026-05-18,-0.000416370710424699
2026-05-19,-0.0025859050412034416
2026-05-20,-0.00827305585905581
2026-05-21,-0.0004333915843103582
2026-05-22,0.001123304503636672
2026-05-26,0.0018967399599766825
2026-05-27,-4.948057018383524e-05
2026-05-28,0.0015761555667669828
2026-05-29,0.0005455745552612958
2026-06-01,0.000471075211061378
2026-06-02,0.00025865050956679135
2026-06-03,-0.001336602422850518
2026-06-04,0.0004921858499575137
2026-06-05,-0.0036870528017492053
2026-06-08,-0.0027853229283574775
2026-06-09,-0.0015591466761633393
2026-06-10,0.011059436964424912
2026-06-11,-0.012188231472497644
2026-06-12,0.0005452020907291068
2026-06-15,0.005038288397333828
2026-06-16,-0.0017033072816746238
2026-06-17,-0.0030209273642453553
2026-06-18,0.0024754713827213593
2026-06-22,-0.0006470339555528833
2026-06-23,-0.0027660975666692553
2026-06-24,-0.0005992378150176728
2026-06-25,-0.0010802167824224644
2026-06-26,-0.0030660948954245315
2026-06-29,-0.01193558945834112
2026-06-30,0.0015956050759710076
2026-07-01,-0.00045083454918278426
2026-07-02,-0.0004380169145197972
2026-07-06,0.0029091307413720746
2026-07-07,-0.0015839634465129033
2026-07-08,-0.0010298030507461806
2026-07-09,0.002371025739928466
2026-07-10,0.001231462337106328
2026-07-13,-0.0018705096693729347
2026-07-14,-0.003705247936523238
2026-07-15,-5.6278352074857216e-05
2026-07-16,-0.0012901468632394615
2026-07-17,0.006117047445630264
2026-07-20,0.001028616616874949
2026-07-21,-0.005211297693436884
2026-07-22,-0.0014429587570353192
2026-07-23,-0.004704477632048715
2026-07-24,-0.0016289311825284916
2026-07-27,-0.00013409595478785534
2026-07-28,-0.0014160571605057195
2026-07-29,0.008792825716058517
2026-07-30,-0.008829675267958696
2026-07-31,0.0024285091398966213
2026-08-03,0.006782376483047904
2026-08-04,0.008585215307929054
2026-08-05,-0.0009507440362513256
2026-08-06,-0.0007608602236786585
2026-08-07,0.002912060989764979
2026-08-10,-0.00014163958501977103
2026-08-11,-0.0015215238006588154
2026-08-12,0.001025784764465206
2026-08-13,0.0029903636031892566
2026-08-14,-0.0008484645771179737
2026-08-17,-0.0018485189781603437
2026-08-18,-0.002299534034555157
2026-08-19,-0.0023985231580568858
2026-08-20,-0.003799942642255507
2026-08-21,-0.0034850471378171754
2026-08-24,0.001819031881088028
2026-08-25,-0.001978438903268135
2026-08-26,-0.000137433325464337
2026-08-27,-0.004056522866039858
2026-08-28,-0.0017088765892994383
2026-08-31,0.0008982916402554984
2026-09-01,0.003878331773794734
2026-09-02,-0.0023717181299097406
2026-09-03,0.003984960924541255
2026-09-04,-0.0018353486952806706
2026-09-08,-0.0026153233000069166
2026-09-09,0.0012608178306997941
2026-09-10,-0.004139858701810639
2026-09-11,-0.004605653007145067
2026-09-14,0.0016520584704345497
2026-09-15,0.0014812984220924999
2026-09-16,0.0012123468051758958
2026-09-17,-0.0027473223109412037
2026-09-18,-3.312448598202192e-05
2026-09-21,0.011074994439751303
2026-09-22,-0.00015104082498382357
2026-09-23,-0.00450609967857081
2026-09-24,-0.0005164886785476574
2026-09-25,0.00279953127344768
