Price,0
2012-01-04,0.0
2012-01-05,0.0
2012-01-06,0.0
2012-01-09,0.0
2012-01-10,0.0
2012-01-11,0.0
2012-01-12,0.0
2012-01-13,0.0
2012-01-17,0.0
2012-01-18,0.0
2012-01-19,0.0
2012-01-20,0.0
2012-01-23,0.0
2012-01-24,0.0
2012-01-25,0.0
2012-01-26,0.0
2012-01-27,0.0
2012-01-30,0.0
2012-01-31,0.0
2012-02-01,0.0
2012-02-02,0.0
2012-02-03,0.0
2012-02-06,0.0
2012-02-07,0.0
2012-02-08,0.0
2012-02-09,0.0
2012-02-10,0.0
2012-02-13,0.0
2012-02-14,0.0
2012-02-15,0.0
2012-02-16,0.0
2012-02-17,0.0
2012-02-21,0.0
2012-02-22,0.0
2012-02-23,0.0
2012-02-24,0.0
2012-02-27,0.0
2012-02-28,0.0
2012-02-29,0.0
2012-03-01,0.0
2012-03-02,0.0
2012-03-05,0.0
2012-03-06,0.0
2012-03-07,0.0
2012-03-08,0.0
2012-03-09,0.0
2012-03-12,0.0
2012-03-13,0.0
2012-03-14,0.0
2012-03-15,0.0
2012-03-16,0.0
2012-03-19,0.0
2012-03-20,0.0
2012-03-21,0.0
2012-03-22,0.0
2012-03-23,0.0
2012-03-26,0.0
2012-03-27,0.0
2012-03-28,0.0
2012-03-29,0.0
2012-03-30,0.0
2012-04-02,0.0
2012-04-03,0.0
2012-04-04,0.0
2012-04-05,-0.0011695233008329846
2012-04-09,-0.0067494359123864605
2012-04-10,-0.013487472302342603
2012-04-11,0.00599434165140262
2012-04-12,0.012023545446914804
2012-04-13,-0.009920444283223272
2012-04-16,8.592238041898853e-05
2012-04-17,0.011093186276759629
2012-04-18,-0.003909613454138567
2012-04-19,-0.0035446709444164988
2012-04-20,0.002904984519722859
2012-04-23,-0.007445427993321543
2012-04-24,0.0032911578528948605
2012-04-25,0.010516866613621058
2012-04-26,0.0060986241627928334
2012-04-27,0.0026014129747202264
2012-04-30,-0.0024583187136374145
2012-05-01,0.003945670196758801
2012-05-02,-0.0027217113027695893
2012-05-03,-0.007696400839404788
2012-05-04,-0.012110540671815452
2012-05-07,0.0012288593970968653
2012-05-08,-0.004307273079493172
2012-05-09,-0.00556174501277334
2012-05-10,0.002007241820412433
2012-05-11,-0.0027054343457775802
2012-05-14,-0.009845402558697038
2012-05-15,-0.004964712733838106
2012-05-16,-0.004868307240096946
2012-05-17,-0.010293858022736524
2012-05-18,-0.006301529343886395
2012-05-21,0.014513999829295784
2012-05-22,-0.0026577585569151916
2012-05-23,-0.0003030577735948722
2012-05-24,0.00040723131584780573
2012-05-25,-0.0010911534256574213
2012-05-29,0.008804116761428744
2012-05-30,-0.011539386874962492
2012-05-31,7.208903272057834e-05
2012-06-01,-0.016504257946573567
2012-06-04,-7.740613053042028e-05
2012-06-05,0.005224026516421447
2012-06-06,0.017774762754060147
2012-06-07,-0.0012753718028395977
2012-06-08,0.005046936880349721
2012-06-11,-0.011103349322633
2012-06-12,0.009013048288068044
2012-06-13,-0.004659817687405678
2012-06-14,0.008283065649291809
2012-06-15,0.008919782396502035
2012-06-18,0.002284853404114059
2012-06-19,0.007418258227183709
2012-06-20,-0.0025022113777013193
2012-06-21,-0.020325503730327234
2012-06-22,0.005171260233201494
2012-06-25,-0.01017995904131517
2012-06-26,0.003725765700782095
2012-06-27,0.008158737755295783
2012-06-28,-0.0015068111101729433
2012-06-29,0.023806012596135684
2012-07-02,0.004036169923521092
2012-07-03,0.008705636587664514
2012-07-05,-0.004568988287904334
2012-07-06,-0.008451828506729668
2012-07-09,0.00023528242628608308
2012-07-10,-0.007731049723754891
2012-07-11,0.001878653844374874
2012-07-12,-0.0032928867147783286
2012-07-13,0.012990904876373666
2012-07-16,-0.00011329929110396628
2012-07-17,0.004681625594861329
2012-07-18,0.004626305524026801
2012-07-19,0.0026383579296062774
2012-07-20,-0.006805103910716709
2012-07-23,-0.010529712340129088
2012-07-24,-0.006833115730420807
2012-07-25,0.002210295617903138
2012-07-26,0.012726714408923388
2012-07-27,0.014649936513603601
2012-07-30,0.00041405251311338114
2012-07-31,-0.004850816662351734
2012-08-01,-0.003492055991126812
2012-08-02,-0.006182539298626478
2012-08-03,0.015833125580604627
2012-08-06,0.0031939731463196024
2012-08-07,0.002490861909025327
2012-08-08,8.840365377958319e-05
2012-08-09,0.0016476627440644657
2012-08-10,0.001401620212972585
2012-08-13,-0.002175225575235814
2012-08-14,-0.0013379224654261604
2012-08-15,0.0010972153401395904
2012-08-16,0.005718030218396017
2012-08-17,0.0014591774271200994
2012-08-20,0.0002071873263648189
2012-08-21,-2.7927983712218568e-05
2012-08-22,0.0017826753259848813
2012-08-23,-0.005130628146791625
2012-08-24,0.0032146177275225035
2012-08-27,-9.564871519148182e-05
2012-08-28,0.00043629509488631084
2012-08-29,-0.0008332405587341291
2012-08-30,-0.005738832922631638
2012-08-31,0.007302816806292442
2012-09-04,0.0005045748135392177
2012-09-05,-0.0020310201673612613
2012-09-06,0.013818654123662354
2012-09-07,0.005862847493484927
2012-09-10,-0.005228055445099878
2012-09-11,0.0029421243093289834
2012-09-12,0.0016182754270273585
2012-09-13,0.013215214373407289
2012-09-14,0.0036128972494530883
2012-09-17,-0.004471825790857988
2012-09-18,-0.0015296992730605321
2012-09-19,-0.000732501095722048
2012-09-20,-0.0015635449941867436
2012-09-21,0.0009980737011354586
2012-09-24,-0.0012401741703801856
2012-09-25,-0.0077616611298392
2012-09-26,-0.004181652600582362
2012-09-27,0.008157584660191201
2012-09-28,-0.003840888912185612
2012-10-01,0.001838926383369577
2012-10-02,0.0016819419376925388
2012-10-03,0.00010209180112208072
2012-10-04,0.006411811980160966
2012-10-05,-0.0017012839439148881
2012-10-08,-0.0026955748432544112
2012-10-09,-0.006761662505469925
2012-10-10,-0.00374056844415489
2012-10-11,0.0029704149640966218
2012-10-12,-0.004162366742427262
2012-10-15,0.0051789581298680755
2012-10-16,0.007493013270629474
2012-10-17,0.0034209213740592098
2012-10-18,-0.0018139077562738264
2012-10-19,-0.012880363019744673
2012-10-22,0.0002512885400288008
2012-10-23,-0.010942772720340332
2012-10-24,-0.002832305527085658
2012-10-25,0.003103018280202679
2012-10-26,-0.0007327193984816856
2012-10-31,0.0018496546599657531
2012-11-01,0.007197583448509279
2012-11-02,-0.009051024478705646
2012-11-05,0.0019513273022782045
2012-11-06,0.006848811604300737
2012-11-07,-0.015548779912210112
2012-11-08,-0.007845070910043507
2012-11-09,0.0011328789361034575
2012-11-12,-0.0003576608414582696
2012-11-13,-0.002777943255546722
2012-11-14,-0.010312273591810816
2012-11-15,-0.002218734671812563
2012-11-16,0.004069733606764096
2012-11-19,0.015225540373895893
2012-11-20,-0.0002820020568592066
2012-11-21,0.0012273530878634616
2012-11-23,0.010447779759957301
2012-11-26,7.445017313382465e-05
2012-11-27,-0.003528708031493329
2012-11-28,0.004047989728716962
2012-11-29,0.005112963703783227
2012-11-30,0.00023825967523970844
2012-12-03,-0.0018792971772938246
2012-12-04,-0.0010705115427412442
2012-12-05,0.0018413895893137423
2012-12-06,0.002578858985805414
2012-12-07,0.0012057332442362728
2012-12-10,0.0017378724493485541
2012-12-11,0.004594326041003725
2012-12-12,-0.0008319226439285245
2012-12-13,-0.0057083371273075065
2012-12-14,-0.0013467325505883924
2012-12-17,0.006958106021744064
2012-12-18,0.007691139569805508
2012-12-19,-0.0029651385445997906
2012-12-20,0.0034295763306171844
2012-12-21,-0.004974298318068954
2012-12-24,-0.0027800787682289046
2012-12-26,-0.0025496151955525614
2012-12-27,0.0002884776843637246
2012-12-28,-0.007055785522402742
2012-12-31,0.012086460415544295
2013-01-02,0.018013547837098562
2013-01-03,-0.003854303591990277
2013-01-04,0.0033178178735413268
2013-01-07,-0.00262041876578745
2013-01-08,-0.0013777481203675623
2013-01-09,0.0023904184484247275
2013-01-10,0.005490424332695941
2013-01-11,-0.0002797619543153964
2013-01-14,0.0003728353913599933
2013-01-15,0.0011427062494928386
2013-01-16,-0.0003057356258645246
2013-01-17,0.004641919808661636
2013-01-18,0.002824643561175229
2013-01-22,0.0041359727450073335
2013-01-23,5.7789218711084635e-05
2013-01-24,-0.00044732733877511947
2013-01-25,0.0029668081668015184
2013-01-28,-0.0013056557115303478
2013-01-29,0.004378132595852198
2013-01-30,-0.0023691490174820263
2013-01-31,-0.0007750088190458411
2013-02-01,0.006304094818596308
2013-02-04,-0.007681568435358694
2013-02-05,0.005302543383026775
2013-02-06,0.0015667362678630629
2013-02-07,-0.002556230809615209
2013-02-08,0.005101428511779909
2013-02-11,-0.0010652526073850195
2013-02-12,0.001913354389342211
2013-02-13,0.0002323939245420866
2013-02-14,0.0003148571602307173
2013-02-15,-0.0024894782302232617
2013-02-19,0.005173095989382681
2013-02-20,-0.010885433403308989
2013-02-21,-0.005929729714140738
2013-02-22,0.007866234504466961
2013-02-25,-0.012328169053322449
2013-02-26,0.004736239725055633
2013-02-27,0.007850047608257091
2013-02-28,-0.0017213824557796716
2013-03-01,0.0017545254778209992
2013-03-04,0.002189458139680824
2013-03-05,0.007883963776049193
2013-03-06,0.00039199015361037604
2013-03-07,0.0009340200143220087
2013-03-08,0.0027798201850086895
2013-03-11,0.0018675532714205235
2013-03-12,-0.00101908690536468
2013-03-13,-0.00018555933879634145
2013-03-14,0.0049717169692573785
2013-03-15,-0.0002184953492000097
2013-03-18,-0.004074281554898551
2013-03-19,-0.0017624154940451635
2013-03-20,0.004711356415711531
2013-03-21,-0.0054640812089558665
2013-03-22,0.004791384018930858
2013-03-25,-0.002578904408847506
2013-03-26,0.006792299173798038
2013-03-27,0.0015360589381464233
2013-03-28,0.0018887911651261175
2013-04-01,-0.0035759695076222576
2013-04-02,0.00130259137442052
2013-04-03,-0.008645260997859255
2013-04-04,0.004509725338299955
2013-04-05,4.967677193510952e-05
2013-04-08,0.004008559788162116
2013-04-09,0.0033152497317466417
2013-04-10,0.0076575133419242054
2013-04-11,0.002517628234004365
2013-04-12,-0.005024827810297064
2013-04-15,-0.024315451006933296
2013-04-16,0.012110600280186975
2013-04-17,-0.011662150164974636
2013-04-18,-0.0022182800200134752
2013-04-19,0.008416551348038325
2013-04-22,0.004584459077845153
2013-04-23,0.006673666417843217
2013-04-24,0.0029190203275484793
2013-04-25,0.004634753162094632
2013-04-26,-0.0020114191517457245
2013-04-29,0.007506975516975233
2013-04-30,0.0035846182101782285
2013-05-01,-0.00946725133428705
2013-05-02,0.008075503093863318
2013-05-03,0.006837756275159591
2013-05-06,0.0012054816281731506
2013-05-07,0.0028582136009110775
2013-05-08,0.004176961567412094
2013-05-09,-0.004429089905333476
2013-05-10,0.0007944268565806339
2013-05-13,-0.0013212920880765406
2013-05-14,0.00577720623542691
2013-05-15,0.0026461006687011498
2013-05-16,-0.003339921992308289
2013-05-17,0.005431374677415885
2013-05-20,0.0027909876208924663
2013-05-21,0.0005831459202516433
2013-05-22,-0.010408262560465956
2013-05-23,-0.0019247666602768632
2013-05-24,-0.002744574472428885
2013-05-28,0.0024469698679471697
2013-05-29,-0.006295608544363876
2013-05-30,0.0032550528945567126
2013-05-31,-0.013028418976105209
2013-06-03,0.006437881960316029
2013-06-04,-0.005799352145838406
2013-06-05,-0.009870821315986066
2013-06-06,0.007701167747025644
2013-06-07,0.005046234641054952
2013-06-10,-0.0009814900617702363
2013-06-11,-0.008854340456068126
2013-06-12,-0.00698067893363247
2013-06-13,0.013971392976197849
2013-06-14,-0.004332620955741133
2013-06-17,0.00559841504476661
2013-06-18,0.00507652064824719
2013-06-19,-0.014705910375651223
2013-06-20,-0.02798605398649128
2013-06-21,0.0024528376057796333
2013-06-24,-0.009427448432523189
2013-06-25,0.008154350563262277
2013-06-26,0.0054787435958505
2013-06-27,0.0064903553908709395
2013-06-28,-0.001071093469842686
2013-07-01,0.005477121285493812
2013-07-02,-0.0009041172300899103
2013-07-03,-8.413834333714876e-05
2013-07-05,0.0021184766718166047
2013-07-08,0.005468360529958771
2013-07-09,0.007297981640614805
2013-07-10,0.00021746348330272587
2013-07-11,0.016485549051706353
2013-07-12,0.0005532098130823044
2013-07-15,0.004144762890513647
2013-07-16,-0.0017377416759406072
2013-07-17,0.002096526622430459
2013-07-18,0.0032579455614253
2013-07-19,0.0018176317797561187
2013-07-22,0.003897735029170832
2013-07-23,8.506420698884784e-06
2013-07-24,-0.0069627223753932245
2013-07-25,0.0037013795117642636
2013-07-26,6.478752439078335e-05
2013-07-29,-0.004363412403161965
2013-07-30,0.0002557334684333072
2013-07-31,-0.0004160885535439746
2013-08-01,0.007273925081211308
2013-08-02,0.0008497685385659077
2013-08-05,-0.0021333122069503393
2013-08-06,-0.005967753871008278
2013-08-07,-0.0025803473704074987
2013-08-08,0.005400337544835604
2013-08-09,-0.0006896817555170492
2013-08-12,0.0009823677971544738
2013-08-13,-0.0005357836914967985
2013-08-14,-0.0021190854376535264
2013-08-15,-0.010371704041379716
2013-08-16,-0.003831030414449207
2013-08-19,-0.007070707394852394
2013-08-20,0.0056332874799276435
2013-08-21,-0.00697386913527454
2013-08-22,0.008265356962808525
2013-08-23,0.006565966179922579
2013-08-26,-0.0020222595704773977
2013-08-27,-0.01008241749284125
2013-08-28,0.0016643603480713109
2013-08-29,0.0010180224842954377
2013-08-30,-0.004762920927220819
2013-09-03,0.002770961443552036
2013-09-04,0.005483369217106721
2013-09-05,-0.0015035229830205955
2013-09-06,0.004402645997164281
2013-09-09,0.009439225586881383
2013-09-10,0.0035616173060856278
2013-09-11,0.0022520120618619403
2013-09-12,-0.004704106700918257
2013-09-13,0.002740640802195002
2013-09-16,0.0026792410496952984
2013-09-17,0.002981445643531368
2013-09-18,0.017997514529396404
2013-09-19,-0.002232263244321484
2013-09-20,-0.008655441128541988
2013-09-23,-0.0018266850985996616
2013-09-24,-0.0012295045949276752
2013-09-25,-0.001008937785263775
2013-09-26,0.002450671179048917
2013-09-27,-0.003110225071316666
2013-09-30,-0.004563614978599888
2013-10-01,0.005140484767448967
2013-10-02,0.0013000392488868103
2013-10-03,-0.007190627162559412
2013-10-04,0.004545304896437716
2013-10-07,-0.004892344418092661
2013-10-08,-0.00828211382764908
2013-10-09,-0.0008409014613838224
2013-10-10,0.01655855134368425
2013-10-11,0.004873829643558624
2013-10-14,0.0025280370528651497
2013-10-15,-0.005483693381830956
2013-10-16,0.011476301945404261
2013-10-17,0.00843304414256813
2013-10-18,0.00469026100428888
2013-10-21,-0.0011325892709922035
2013-10-22,0.006637732125347406
2013-10-23,-0.005649973858414117
2013-10-24,0.0020787782641706835
2013-10-25,0.004412326467914348
2013-10-28,0.0005024734350642828
2013-10-29,0.0025478729126320885
2013-10-30,-0.0048839485247904905
2013-10-31,-0.004522031198235364
2013-11-01,-0.0008401788104273781
2013-11-04,0.00338750696398389
2013-11-05,-0.005865488556686355
2013-11-06,0.0036007056298387945
2013-11-07,-0.01105652273954979
2013-11-08,0.005068176313716539
2013-11-11,0.0002769149330012218
2013-11-12,-0.0031651911427305773
2013-11-13,0.006390062904312576
2013-11-14,0.005806196900672082
2013-11-15,0.00410515463042882
2013-11-18,-0.003189242028534662
2013-11-19,-0.0029148904946968723
2013-11-20,-0.005881268952246277
2013-11-21,0.007011004410291059
2013-11-22,0.0036086244062051003
2013-11-25,-0.0012896024101415977
2013-11-26,-0.00021534769440621
2013-11-27,0.0018166117862108751
2013-11-29,0.0004593681531938704
2013-12-02,-0.005718827240340552
2013-12-03,-0.001378405980851741
2013-12-04,-0.00021441880379833526
2013-12-05,-0.0036266245099948664
2013-12-06,0.00910637278879681
2013-12-09,0.001501793638215335
2013-12-10,-0.001335974978880851
2013-12-11,-0.011551371360849933
2013-12-12,-0.004358652032131082
2013-12-13,0.000650076654118963
2013-12-16,0.005183881175770129
2013-12-17,-0.0026582842429026246
2013-12-18,0.011978511465213488
2013-12-19,-0.0047826519628364535
2013-12-20,0.00704659399199437
2013-12-23,0.003739503051933574
2013-12-24,0.0020572355940864464
2013-12-26,0.0021156507699301116
2013-12-27,0.0017462009765048588
2013-12-30,-0.0005422784605130582
2013-12-31,0.002646834126720499
2014-01-02,-0.008848305100684533
2014-01-03,0.000578831218387112
2014-01-06,-0.0014680374757608525
2014-01-07,0.005013532671328735
2014-01-08,-0.0016770363365621295
2014-01-09,0.00024526509786137817
2014-01-10,0.0068232844433822135
2014-01-13,-0.008863983621401244
2014-01-14,0.007371699945104931
2014-01-15,0.003282030969625358
2014-01-16,0.0002782335818305231
2014-01-17,-0.0019778984217604387
2014-01-21,0.0031632129587811078
2014-01-22,0.0018108398085808046
2014-01-23,-0.004489704811699457
2014-01-24,-0.015608704338304209
2014-01-27,-0.006077875018045918
2014-01-28,0.0057025496614433735
2014-01-29,-0.00616214760517735
2014-01-30,0.007328817512103117
2014-01-31,-0.0030210761953163826
2014-02-03,-0.016090836118947772
2014-02-04,0.0058340088766128916
2014-02-05,-0.002470543229183676
2014-02-06,0.009350674372648618
2014-02-07,0.010236629029479898
2014-02-10,0.0015210087106401042
2014-02-11,0.009542883375345479
2014-02-12,0.0008851905252576391
2014-02-13,0.005744758908850825
2014-02-14,0.005059894123663503
2014-02-18,0.0034441706753811307
2014-02-19,-0.005222204353954378
2014-02-20,0.004676042281747108
2014-02-21,0.00018249857541213408
2014-02-24,0.004817576751540805
2014-02-25,-0.0007297363030427668
2014-02-26,-8.279195216083363e-05
2014-02-27,0.003972879292298598
2014-02-28,0.0016589905809986356
2014-03-03,-0.004282786306268274
2014-03-04,0.010083313647431928
2014-03-05,-0.0009959390352097088
2014-03-06,0.0016064567173031642
2014-03-07,-0.002458404912853754
2014-03-10,-0.0017833852094581708
2014-03-11,-0.0032715474608303835
2014-03-12,0.0024694693043113706
2014-03-13,-0.007387834369431234
2014-03-14,0.00011008640792187995
2014-03-17,0.0048247989718913885
2014-03-18,0.006258166848042235
2014-03-19,-0.008665062842272997
2014-03-20,0.00236402331584735
2014-03-21,-0.0004335081900216055
2014-03-24,-0.0030558625010076983
2014-03-25,0.004900487046397654
2014-03-26,-0.0055385893252370725
2014-03-27,0.001289568348114265
2014-03-28,0.003061431575529958
2014-03-31,0.006430092122323299
2014-04-01,0.003959586198506002
2014-04-02,0.0017848331645924287
2014-04-03,-0.001115956329400495
2014-04-04,-0.006236239174020493
2014-04-07,-0.006424960981552722
2014-04-08,0.005614811395161481
2014-04-09,0.007391032862451852
2014-04-10,-0.013939092921044779
2014-04-11,-0.0058200276696367
2014-04-14,0.005682766045626199
2014-04-15,0.0037571022530679455
2014-04-16,0.007709650222590001
2014-04-17,0.00034093220488824673
2014-04-21,0.0020471452845178995
2014-04-22,0.0029976250108022483
2014-04-23,-0.001995642145387599
2014-04-24,0.0021132934374037712
2014-04-25,-0.005800736964550609
2014-04-28,0.0016625133098382388
2014-04-29,0.0034571445943792703
2014-04-30,0.0017576818417536857
2014-05-01,0.0007271140010894594
2014-05-02,-0.0004202668885143154
2014-05-05,0.0014335832543584612
2014-05-06,-0.005134124792081505
2014-05-07,0.003946956738436284
2014-05-08,-0.0026868862184733673
2014-05-09,0.00015482878302238494
2014-05-12,0.007723252776263901
2014-05-13,0.0003908070899558235
2014-05-14,-0.0008907298077312971
2014-05-15,-0.006324154465660587
2014-05-16,0.0033438521638297987
2014-05-19,0.001156673167940132
2014-05-20,-0.00458698735540694
2014-05-21,0.004383670930785367
2014-05-22,0.002837426115793104
2014-05-23,0.0032907664651456226
2014-05-27,0.003400847242728612
2014-05-28,-0.0004432692396305318
2014-05-29,0.00337325181199844
2014-05-30,-0.00046903311878172593
2014-06-02,-0.0005040253791422413
2014-06-03,-0.0004015312198993003
2014-06-04,0.0007771854930019398
2014-06-05,0.007547696905303278
2014-06-06,0.0034420326347533864
2014-06-09,0.0002971777581996699
2014-06-10,-0.0005861861598574842
2014-06-11,-0.0028270080523193418
2014-06-12,-0.0014484258874775356
2014-06-13,0.002370237806599016
2014-06-16,0.000743440053607121
2014-06-17,0.0012699942239022533
2014-06-18,0.007484247646235965
2014-06-19,0.0034653557222730077
2014-06-20,0.0018616403229263345
2014-06-23,-0.0010052663306065774
2014-06-24,-0.0033684761184380745
2014-06-25,0.0035908896125143694
2014-06-26,-0.00029217883509031594
2014-06-27,0.002258601641035975
2014-06-30,0.0008333124148565695
2014-07-01,0.004073654973520393
2014-07-02,-0.0014823768936688402
2014-07-03,0.0016819559934388004
2014-07-07,-0.003143494869098953
2014-07-08,-0.003844162747329837
2014-07-09,0.0026551541422815466
2014-07-10,-0.0026313266464613786
2014-07-11,-0.00012076800169592668
2014-07-14,0.00204816992293032
2014-07-15,-0.002759579699996376
2014-07-16,0.0032576640889018273
2014-07-17,-0.007496813504285173
2014-07-18,0.007616928677919556
2014-07-21,-0.0007969697782707801
2014-07-22,0.0035978227943227544
2014-07-23,0.0019113869289920616
2014-07-24,-0.0009761965902897846
2014-07-25,-0.0024457372650248674
2014-07-28,0.0007822521239108607
2014-07-29,-0.002910135293255934
2014-07-30,-0.0023240526009779576
2014-07-31,-0.01601905696933995
2014-08-01,-0.0013961124574880868
2014-08-04,0.005326131807959101
2014-08-05,-0.00818727192650407
2014-08-06,0.0004791432051707782
2014-08-07,-0.00205575618680118
2014-08-08,0.007821983706341655
2014-08-11,0.002939621823052917
2014-08-12,-0.001968102094650442
2014-08-13,0.006321169973494199
2014-08-14,0.002731728274444647
2014-08-15,0.000661386475809381
2014-08-18,0.004969805441942377
2014-08-19,0.003879672600335565
2014-08-20,0.0005114964952165577
2014-08-21,0.0016874685718306004
2014-08-22,-0.0015928095282997984
2014-08-25,0.003934092918082212
2014-08-26,0.0014309958703455775
2014-08-27,0.0010802468622818956
2014-08-28,-0.0004659268858321229
2014-08-29,0.0028524891965417505
2014-09-02,-0.0035460102732215366
2014-09-03,0.001752313798817201
2014-09-04,-0.0033851091786026035
2014-09-05,0.004446696580009009
2014-09-08,-0.00373519546088914
2014-09-09,-0.006083217409056392
2014-09-10,8.764561274063403e-05
2014-09-11,-0.00017785546752840627
2014-09-12,-0.008844785718195386
2014-09-15,-0.0014427555078784554
2014-09-16,0.006860302327456833
2014-09-17,-0.0016239172605507365
2014-09-18,0.0021103082742766222
2014-09-19,-0.001044517317316811
2014-09-22,-0.007330150652478971
2014-09-23,-0.0038365314512181295
2014-09-24,0.00476621383633558
2014-09-25,-0.010963155001758413
2014-09-26,0.005680456764631853
2014-09-29,-0.0014984027425303745
2014-09-30,-0.004680294366639819
2014-10-01,-0.007835080478019786
2014-10-02,-0.0008390560309173223
2014-10-03,0.005104596287218679
2014-10-06,0.0016490163793753192
2014-10-07,-0.009430873415791309
2014-10-08,0.014438064566620848
2014-10-09,-0.016265038705674563
2014-10-10,-0.008840986805948938
2014-10-13,-0.007005377765701933
2014-10-14,0.0021509264098737743
2014-10-15,-0.004124349093474639
2014-10-16,0.00038384600565665843
2014-10-17,0.0073750262035883465
2014-10-20,0.0076889473884210364
2014-10-21,0.01326820886438659
2014-10-22,-0.006087380511489217
2014-10-23,0.008105446694601172
2014-10-24,0.004481622357424415
2014-10-27,-0.0018057219493237515
2014-10-28,0.01077225997545804
2014-10-29,-0.0013443185007131276
2014-10-30,0.004447186653971971
2014-10-31,0.007498577534899314
2014-11-03,-0.0012437916949229852
2014-11-04,-0.0029953375768740982
2014-11-05,0.002396501584106795
2014-11-06,-0.00022279341213998896
2014-11-07,0.003977298834798428
2014-11-10,0.0004420133155351942
2014-11-11,0.0014934874595447503
2014-11-12,-0.0024636940062933376
2014-11-13,-0.0015267658522868494
2014-11-14,0.0024670738689623163
2014-11-17,-0.0011530032807369648
2014-11-18,0.004893993331313143
2014-11-19,-0.0035782671649730357
2014-11-20,0.0032373966947119815
2014-11-21,0.006756061416887039
2014-11-24,0.0011663399350065442
2014-11-25,-0.0006163693403879464
2014-11-26,0.002883903554657342
2014-11-28,-0.008451065509004381
2014-12-01,-0.0020964739889050505
2014-12-02,0.0022927499131305067
2014-12-03,0.0031926492696717846
2014-12-04,-0.0009900426513490736
2014-12-05,-0.0011511320413055122
2014-12-08,-0.005093231037630709
2014-12-09,0.002888052462778118
2014-12-10,-0.012503788646923128
2014-12-11,0.001730239215384635
2014-12-12,-0.011089168642823503
2014-12-15,-0.009789624783629984
2014-12-16,-0.0023861440726527113
2014-12-17,0.016149745517388247
2014-12-18,0.014780913943945675
2014-12-19,0.0049806900994311945
2014-12-22,0.0018415502328518103
2014-12-23,-0.0008657562608649794
2014-12-24,0.0007916764763845163
2014-12-26,0.004480596755394581
2014-12-29,0.00039542358254478595
2014-12-30,-0.0035031929418225497
2014-12-31,-0.008588633186254885
2015-01-02,4.098762730888252e-05
2015-01-05,-0.011303983221496783
2015-01-06,-0.00522529491802629
2015-01-07,0.00918687824296882
2015-01-08,0.01156034324464837
2015-01-09,-0.004037593408780704
2015-01-12,-0.005344960361924497
2015-01-13,-0.0008521704039793091
2015-01-14,-0.0011508197726745305
2015-01-15,-0.003065501565856658
2015-01-16,0.01148819248290476
2015-01-20,0.0011335453958567516
2015-01-21,0.0043971085453539055
2015-01-22,0.010799262451570077
2015-01-23,-0.0034637361560396784
2015-01-26,0.0028296167348114652
2015-01-27,-0.005912959918119343
2015-01-28,-0.010587143364919453
2015-01-29,0.004508729938568436
2015-01-30,-0.007819245560693303
2015-02-02,0.00893501955754898
2015-02-03,0.01070582772189191
2015-02-04,-0.005230420508685524
2015-02-05,0.008706823252549553
2015-02-06,-0.009461246813512264
2015-02-09,-0.003210467523149555
2015-02-10,0.005743661954064486
2015-02-11,-0.003050444951484975
2015-02-12,0.008644985255349414
2015-02-13,0.00370263718670067
2015-02-17,-0.00099015670763163
2015-02-18,0.001523232264469184
2015-02-19,-0.003058826586616015
2015-02-20,0.0037818543230402953
2015-02-23,0.00038661784589639624
2015-02-24,0.002703039837251945
2015-02-25,5.467490857524308e-05
2015-02-26,-0.002927980577749975
2015-02-27,-0.0004318976759299048
2015-03-02,0.00019372317630985796
2015-03-03,-0.0031599186602686152
2015-03-04,-0.00409055633148941
2015-03-05,0.0009238112162748699
2015-03-06,-0.01650899097245208
2015-03-09,0.0028149195907209348
2015-03-10,-0.011411738154663564
2015-03-11,0.0007245811137105346
2015-03-12,0.008524634793605322
2015-03-13,-0.00566561802815744
2015-03-16,0.010501013445636613
2015-03-17,-0.0007148733140084073
2015-03-18,0.016051625696622475
2015-03-19,-0.0056831569572127014
2015-03-20,0.011044663156350814
2015-03-23,0.0004625192904628314
2015-03-24,-0.0035219019953483394
2015-03-25,-0.01162878401658232
2015-03-26,-0.002623123826533277
2015-03-27,0.0014176667995631938
2015-03-30,0.009444486625089555
2015-03-31,-0.006556876223019096
2015-04-01,0.0020117841476602416
2015-04-02,0.002089394001992923
2015-04-06,0.00797058615577064
2015-04-07,-0.0030612471460899674
2015-04-08,0.0019041041285608475
2015-04-09,0.00038766395464684894
2015-04-10,0.003983323511450331
2015-04-13,-0.0037489517340148753
2015-04-14,0.002620825446929014
2015-04-15,0.005730810569337738
2015-04-16,-0.0002330216739444264
2015-04-17,-0.008072243587237312
2015-04-20,0.005019012994405812
2015-04-21,-0.0005278051112610016
2015-04-22,0.002083219507867406
2015-04-23,0.004277683092412912
2015-04-24,0.0015277029182197894
2015-04-27,-0.0020618778218542792
2015-04-28,0.002157597631273945
2015-04-29,-0.005762158635264005
2015-04-30,-0.009804547662780896
2015-05-01,0.005764993349334445
2015-05-04,0.002351347599051234
2015-05-05,-0.010177226475466573
2015-05-06,-0.003993176148569819
2015-05-07,0.0021551637902100297
2015-05-08,0.011148809133884609
2015-05-11,-0.006692251659970688
2015-05-12,-0.0004311049255051583
2015-05-13,0.00048732572221560583
2015-05-14,0.009784686326993582
2015-05-15,0.0032692741622830142
2015-05-18,0.0005999682315627571
2015-05-19,-0.003605734729386916
2015-05-20,0.00031463507927710643
2015-05-21,0.0025106109483383054
2015-05-22,-0.0023918753557266663
2015-05-26,-0.009785611284779177
2015-05-27,0.006343446371753526
2015-05-28,-0.0013640893074234066
2015-05-29,-0.0040942383253563695
2015-06-01,0.0003994610980296622
2015-06-02,-0.0010181977173129451
2015-06-03,-0.0022025304254956074
2015-06-04,-0.006857408226401018
2015-06-05,-0.002891168085776554
2015-06-08,-0.0038840618544542576
2015-06-09,-0.001110058471942909
2015-06-10,0.009784485219944314
2015-06-11,0.0027580738896654275
2015-06-12,-0.005745830050936288
2015-06-15,-0.00357822057554216
2015-06-16,0.004611027315472345
2015-06-17,0.0015730568469588218
2015-06-18,0.008486995847452035
2015-06-19,-0.004529242777613664
2015-06-22,0.0037311226605671287
2015-06-23,-0.00013829178784048596
2015-06-24,-0.0057833153874523625
2015-06-25,-0.0030677101209431773
2015-06-26,-0.0007854289342497456
2015-06-29,-0.014342586029219296
2015-06-30,0.002379655887702369
2015-07-01,0.0030892360123460885
2015-07-02,0.0005294713936837758
2015-07-06,-0.004583575497480011
2015-07-07,0.0039049425914962584
2015-07-08,-0.0121879127897425
2015-07-09,0.0018331481082697182
2015-07-10,0.009890761903450505
2015-07-13,0.006487679638554502
2015-07-14,0.0032718514615278226
2015-07-15,-0.0019494986989322042
2015-07-16,0.006336367291575303
2015-07-17,-0.0018838262648910927
2015-07-20,-0.003420753539285038
2015-07-21,-0.0028076443197748656
2015-07-22,-0.0030329368108985995
2015-07-23,-0.005003309209385578
2015-07-24,-0.007699592145044437
2015-07-27,-0.005469966099769028
2015-07-28,0.008628466089840685
2015-07-29,0.005401817760681346
2015-07-30,-0.0005649492304499269
2015-07-31,0.0009228084492515775
2015-08-03,-0.0038336788596978876
2015-08-04,-0.0023338640333974746
2015-08-05,0.0016353257315142467
2015-08-06,-0.004083323264240227
2015-08-07,-0.0005173234190177459
2015-08-10,0.009899209448154962
2015-08-11,-0.005554834068500924
2015-08-12,0.0012169443437436524
2015-08-13,-0.0025928144799298005
2015-08-14,0.002729211054671756
2015-08-17,0.0037188399184373703
2015-08-18,-0.0038764767136545662
2015-08-19,-0.005978237730926345
2015-08-20,-0.013287839263969125
2015-08-21,-0.02198107855632918
2015-08-24,-0.03391358180082787
2015-08-25,-0.009179923168266763
2015-08-26,0.024181657811355665
2015-08-27,0.020822282231615936
2015-08-28,0.002615998470343639
2015-08-31,-0.005461023428338036
2015-09-01,-0.02420219433454162
2015-09-02,0.012016147504795061
2015-09-03,0.001471379577372788
2015-09-04,-0.012903394868444863
2015-09-08,0.018562877140597508
2015-09-09,-0.010613252596580663
2015-09-10,0.004314545678487117
2015-09-11,0.003946878748943834
2015-09-14,-0.0032981657451813576
2015-09-15,0.007475814391772527
2015-09-16,0.009806812070516886
2015-09-17,0.0018104708642837943
2015-09-18,-0.01163615806211762
2015-09-21,0.0019458608841467168
2015-09-22,-0.010500359776153783
2015-09-23,-0.0022095612230848636
2015-09-24,-0.00013798808119017494
2015-09-25,-0.00114123646975651
2015-09-28,-0.018500844314433794
2015-09-29,0.0011203347613387839
2015-09-30,0.013807912871898705
2015-10-01,0.0007179276722403333
2015-10-02,0.015086998198081894
2015-10-05,0.014029563930403196
2015-10-06,-5.2956221539426275e-05
2015-10-07,0.007830004492174174
2015-10-08,0.0065321533117592085
2015-10-09,0.0015815266236702263
2015-10-12,-0.0002278509628656023
2015-10-13,-0.006698502528987241
2015-10-14,-0.0002105361120185217
2015-10-15,0.012144290240778207
2015-10-16,0.0020761909819072104
2015-10-19,-0.001505397873510955
2015-10-20,-0.0012006381204423225
2015-10-21,-0.005886620613987546
2015-10-22,0.011456921961505367
2015-10-23,0.00532331206560275
2015-10-26,-0.003093015367716576
2015-10-27,-0.0029765015449859157
2015-10-28,0.007701055906923848
2015-10-29,-0.0041125655931608706
2015-10-30,-0.001994698136028354
2015-11-02,0.00991145354530871
2015-11-03,0.0026273826683135435
2015-11-04,-0.003642171890367209
2015-11-05,-0.002192483171229988
2015-11-06,-0.00659562638267074
2015-11-09,-0.008915534181263165
2015-11-10,0.001884115132692252
2015-11-11,-0.00323091562989544
2015-11-12,-0.011265221504038482
2015-11-13,-0.007751598150959078
2015-11-16,0.01245984804715753
2015-11-17,-0.0034070869067651804
2015-11-18,0.011207240937624914
2015-11-19,0.001117718516316617
2015-11-20,0.0026621457402410623
2015-11-23,-0.001058871851725882
2015-11-24,0.003568561639748439
2015-11-25,-0.0003072475665364599
2015-11-27,-0.0014536547183000056
2015-11-30,-0.0019528493081122631
2015-12-01,0.009232491108164015
2015-12-02,-0.011936230184848014
2015-12-03,-0.011189972538673923
2015-12-04,0.01380835759309751
2015-12-07,-0.00845405291549004
2015-12-08,-0.0049953600677568365
2015-12-09,-0.005565752675588734
2015-12-10,-1.2844646775638868e-05
2015-12-11,-0.01341873880490397
2015-12-14,0.0014852388228148272
2015-12-15,0.008220021007947186
2015-12-16,0.011444585264081292
2015-12-17,-0.010785971860639358
2015-12-18,-0.010472456265339972
2015-12-21,0.005693050293409092
2015-12-22,0.00565835133651701
2015-12-23,0.011437343571469747
2015-12-24,-0.0003484874204247654
2015-12-28,-0.003212423174859714
2015-12-29,0.0073261200316490195
2015-12-30,-0.00683140191446321
2015-12-31,-0.0067077555473829325
2016-01-04,-0.010404684326284738
2016-01-05,0.0021033279581997672
2016-01-06,-0.009735047060654952
2016-01-07,-0.017417438813424033
2016-01-08,-0.00897806897140185
2016-01-11,-0.0032377007070178783
2016-01-12,0.004268473145979621
2016-01-13,-0.016266339148674872
2016-01-14,0.011220804081791545
2016-01-15,-0.01662288649295483
2016-01-19,-7.775009803567335e-05
2016-01-20,-0.009484053628815832
2016-01-21,0.0039850460386723
2016-01-22,0.020490876132814743
2016-01-25,-0.012883704342889497
2016-01-26,0.014505473235295467
2016-01-27,-0.0067027773196487225
2016-01-28,0.004507234463258237
2016-01-29,0.021235484740388125
2016-02-01,-0.0018335557935607318
2016-02-02,-0.014548074803230024
2016-02-03,0.008236794581899584
2016-02-04,0.002269463325700338
2016-02-05,-0.013353217869425105
2016-02-08,-0.008881559749568868
2016-02-09,-0.005633786977411577
2016-02-10,0.0014751984228623892
2016-02-11,-0.006543718109464671
2016-02-12,0.013072033612938036
2016-02-16,0.010391013235381628
2016-02-17,0.013337774284686453
2016-02-18,-0.0001279109152800359
2016-02-19,-0.0009927316205804917
2016-02-22,0.011157381854085274
2016-02-23,-0.009585044423237599
2016-02-24,0.00399546593189429
2016-02-25,0.008804485376090194
2016-02-26,-0.003483960435262769
2016-02-29,-0.003032417412402219
2016-03-01,0.016732094538609736
2016-03-02,0.006660788575463153
2016-03-03,0.005927366436023269
2016-03-04,0.004838114826656821
2016-03-07,0.0036419804415255656
2016-03-08,-0.009990484925426757
2016-03-09,0.004357574030018239
2016-03-10,-0.0004660691074281694
2016-03-11,0.012727355985378604
2016-03-14,-0.00260434293668085
2016-03-15,-0.003726420556232978
2016-03-16,0.009512791575451257
2016-03-17,0.007205190281084046
2016-03-18,0.0023446065450922933
2016-03-21,-0.0008268817262426448
2016-03-22,6.992115067595007e-05
2016-03-23,-0.008400223062097891
2016-03-24,-0.0005917319542438384
2016-03-28,0.0011246750601982193
2016-03-29,0.012030086717018457
2016-03-30,0.00088992656791017
2016-03-31,-2.6730992739343482e-05
2016-04-01,0.001174802118977788
2016-04-04,-0.004237878927218288
2016-04-05,-0.0076604531413466195
2016-04-06,0.008502690758686746
2016-04-07,-0.007548621902790609
2016-04-08,0.005735898636844632
2016-04-11,-0.0001336968716478237
2016-04-12,0.009453555617430724
2016-04-13,0.007686935267721286
2016-04-14,-0.0022034871790532697
2016-04-15,0.00019899581984727
2016-04-18,0.005192466265145211
2016-04-19,0.005810459523297461
2016-04-20,-0.0013080177193764877
2016-04-21,-0.0060815825931580325
2016-04-22,0.00038044510326765927
2016-04-25,-0.0019235196519092983
2016-04-26,0.0035584883260540412
2016-04-27,0.0041156500306383246
2016-04-28,-0.005752108291131239
2016-04-29,-0.0026798556878046276
2016-05-02,0.004085815378757736
2016-05-03,-0.008544752360414258
2016-05-04,-0.003643118192123246
2016-05-05,4.104417939430767e-05
2016-05-06,0.0028149749957951235
2016-05-09,-0.0018067185768503552
2016-05-10,0.010244203415973483
2016-05-11,-0.004175963929254615
2016-05-12,-0.0006372157266365227
2016-05-13,-0.006003626569246658
2016-05-16,0.008297132736165756
2016-05-17,-0.00711830744330817
2016-05-18,-0.004224127369313763
2016-05-19,-0.0035518584408805623
2016-05-20,0.006740924035950032
2016-05-23,-0.002129703264796742
2016-05-24,0.009515089555826872
2016-05-25,0.00551127692056958
2016-05-26,0.0013362903149713287
2016-05-27,0.002631439381618411
2016-05-31,1.8194618130934745e-05
2016-06-01,0.0020811143235633534
2016-06-02,0.0032015380904583937
2016-06-03,0.003038607728962643
2016-06-06,0.004611265143881939
2016-06-07,0.003496210497324434
2016-06-08,0.004927680897848744
2016-06-09,-0.0015958613341395395
2016-06-10,-0.009439213865823672
2016-06-13,-0.005422968444240265
2016-06-14,-0.002336640215186426
2016-06-15,0.0006918794999473088
2016-06-16,0.0003172401887470611
2016-06-17,0.000575470170699523
2016-06-20,0.0057278087729228395
2016-06-21,0.0010168611635060203
2016-06-22,-0.0016282902414203723
2016-06-23,0.010998008005294452
2016-06-24,-0.025365642155050678
2016-06-27,-0.011447155807813388
2016-06-28,0.01564154549435146
2016-06-29,0.013898108587400726
2016-06-30,0.011198090409138672
2016-07-01,0.004229991866455557
2016-07-05,-0.006515047854142393
2016-07-06,0.0035175883931044317
2016-07-07,-0.004103493511206188
2016-07-08,0.013767322918232443
2016-07-11,0.0027352628309910546
2016-07-12,0.005076831513470787
2016-07-13,0.0003901258921923476
2016-07-14,0.002041118668333188
2016-07-15,-0.0015424641818795552
2016-07-18,0.0020854529665600744
2016-07-19,-0.0018435867010915957
2016-07-20,0.0020326952147439407
2016-07-21,-0.001599799050571275
2016-07-22,0.0041094378688571655
2016-07-25,-0.0039034813208864067
2016-07-26,0.0012111762413443404
2016-07-27,0.00017863717449324444
2016-07-28,0.0006789966998017341
2016-07-29,0.005065751715221836
2016-08-01,-0.003406037495301734
2016-08-02,-0.005473863003626806
2016-08-03,0.0028859441866038705
2016-08-04,0.001682194712566299
2016-08-05,0.0037927801286735136
2016-08-08,0.001072086262164773
2016-08-09,0.002102551424312063
2016-08-10,-0.0021790783964414397
2016-08-11,0.003296796979584683
2016-08-12,0.0007155828107191586
2016-08-15,0.0031718822999883406
2016-08-16,-0.004413841861037163
2016-08-17,0.00176723480099572
2016-08-18,0.004772184147715328
2016-08-19,-0.0035629327721279293
2016-08-22,-0.0006662730666686284
2016-08-23,0.00185873104511627
2016-08-24,-0.004787400285545803
2016-08-25,-0.0004893003578694342
2016-08-26,-0.0038112921517776993
2016-08-29,0.005222692632743002
2016-08-30,-0.0028604409568897806
2016-08-31,-0.003635312877191977
2016-09-01,6.088207555183392e-05
2016-09-02,0.0067096696302892675
2016-09-06,0.006354912639867181
2016-09-07,0.001196971321833097
2016-09-08,-0.0015584556424776432
2016-09-09,-0.023525241231667406
2016-09-12,0.010182307422110804
2016-09-13,-0.015060074176326835
2016-09-14,-0.00027776698076078713
2016-09-15,0.008006610257095101
2016-09-16,-0.0022372004966760358
2016-09-19,0.002312458917443374
2016-09-20,3.681123152116299e-05
2016-09-21,0.01309369217756657
2016-09-22,0.006993190026747376
2016-09-23,-0.005473136945238488
2016-09-26,-0.005304513179171124
2016-09-27,0.0023051288537521172
2016-09-28,0.006563951254187889
2016-09-29,-0.00805655034873652
2016-09-30,0.004495729867295575
2016-10-03,-0.003182490691157267
2016-10-04,-0.007767446173839062
2016-10-05,0.003255554881842558
2016-10-06,-0.0007775710533727314
2016-10-07,-0.0027647077203842795
2016-10-10,0.00574386336862661
2016-10-11,-0.011818393625582256
2016-10-12,0.0007103254887073818
2016-10-13,-0.0012612251852740816
2016-10-14,-0.0018000265378937416
2016-10-17,-0.0007344984016018604
2016-10-18,0.006305025677927549
2016-10-19,0.002851765239821059
2016-10-20,-0.001763159780165165
2016-10-21,-0.00045497415410073323
2016-10-24,0.0027022048862771217
2016-10-25,-0.0013550166914305943
2016-10-26,-0.004002273935674484
2016-10-27,-0.004379592809253871
2016-10-28,-0.002502745694161386
2016-10-31,0.001874242170244125
2016-11-01,-0.006111164042995194
2016-11-02,-0.0063563954406107145
2016-11-03,-0.003042882642733088
2016-11-04,-0.0008726904745783547
2016-11-07,0.01570287492202725
2016-11-08,0.0024422839467794486
2016-11-09,0.002510367799857143
2016-11-10,-0.003908013732166691
2016-11-11,-0.0038636511824166157
2016-11-14,0.0012539268440941221
2016-11-15,0.008504318560517065
2016-11-16,-0.002585679875468344
2016-11-17,0.0014324026918647707
2016-11-18,-0.001758443127730586
2016-11-21,0.007932497978729943
2016-11-22,0.0029861866461810176
2016-11-23,-0.001828628848582976
2016-11-25,0.002446627891972326
2016-11-28,-0.0009798669392334064
2016-11-29,0.0005164094195017075
2016-11-30,-0.0018715288543125347
2016-12-01,-0.004438599328151095
2016-12-02,0.002869934812582439
2016-12-05,0.00575118579809826
2016-12-06,0.0030348277818283073
2016-12-07,0.009912837072443169
2016-12-08,0.0026808077348711976
2016-12-09,0.0021653652423217237
2016-12-12,-8.527652686459538e-05
2016-12-13,0.005584088598983065
2016-12-14,-0.012076494991073999
2016-12-15,0.0018559056194429263
2016-12-16,0.0008113062812518965
2016-12-19,0.002367035772794291
2016-12-20,0.0022812765582757243
2016-12-21,-0.0029087833873240746
2016-12-22,-0.002178194658318831
2016-12-23,0.002132834851155653
2016-12-27,0.0028635738046934693
2016-12-28,-0.0048744806305554686
2016-12-29,0.0034896290042509943
2016-12-30,-0.002172363075584384
2017-01-03,0.005500677439511221
2017-01-04,0.006679508228631042
2017-01-05,0.002227800213446703
2017-01-06,0.00012871920424122987
2017-01-09,-0.0034313993168456703
2017-01-10,0.00030932634104252594
2017-01-11,0.0037254793180502934
2017-01-12,-0.0003519208107677023
2017-01-13,0.0012086440333251565
2017-01-17,-0.0006489999462404605
2017-01-18,-0.0012084711814810698
2017-01-19,-0.004400785260773945
2017-01-20,0.0035893197705778425
2017-01-23,0.00040911608669968904
2017-01-24,0.004233163897016389
2017-01-25,0.0041502664975670055
2017-01-26,-0.0017080727662408981
2017-01-27,-0.0012462437290302068
2017-01-30,-0.005974016379199591
2017-01-31,0.0034733177419006027
2017-02-01,-0.001130016580069405
2017-02-02,0.0018437409371121927
2017-02-03,0.006018135997121252
2017-02-06,-0.001312828529478543
2017-02-07,-0.0009138149007235906
2017-02-08,0.0028952184301121067
2017-02-09,0.00331282372728899
2017-02-10,0.004453989014028194
2017-02-13,0.0022354683373968457
2017-02-14,0.0013188946058442829
2017-02-15,0.0030892768386314167
2017-02-16,0.0003355920778704227
2017-02-17,0.0005174221954461794
2017-02-21,0.005195904280451111
2017-02-22,-0.0011494271895580402
2017-02-23,0.002098185979231348
2017-02-24,0.001076547007272614
2017-02-27,0.0010287199284230418
2017-02-28,-0.0028293591610877595
2017-03-01,0.008372497185905303
2017-03-02,-0.00732599317064001
2017-03-03,0.0012970184259157148
2017-03-06,-0.003066454959119677
2017-03-07,-0.003582951680140833
2017-03-08,-0.006451641056923176
2017-03-09,-0.001943326977694181
2017-03-10,0.0030620781589237025
2017-03-13,0.0014149411931370745
2017-03-14,-0.0033200256596177626
2017-03-15,0.012303785326986564
2017-03-16,-0.0015117171439484477
2017-03-17,0.0009614954723051498
2017-03-20,-0.0006462150855782473
2017-03-21,-0.007984982200982196
2017-03-22,0.0018493590003912795
2017-03-23,-0.0002759267778849674
2017-03-24,0.0005207450081448857
2017-03-27,-0.0005476451295976948
2017-03-28,0.004408774951658012
2017-03-29,0.002510152383668861
2017-03-30,0.00046172624506562744
2017-03-31,-0.000576815207715438
2017-04-03,-0.0004152481929782942
2017-04-04,0.0009779930052914098
2017-04-05,-0.0024889263362778847
2017-04-06,0.0020893854424251447
2017-04-07,-0.0008811365166683505
2017-04-10,0.0013710152255422938
2017-04-11,0.0021234381664306553
2017-04-12,-0.0018781603738380593
2017-04-13,-0.004688732757537543
2017-04-17,0.0061014759331463235
2017-04-18,-0.001772714909608306
2017-04-19,-0.0037047724824076965
2017-04-20,0.0055522412357500404
2017-04-21,-0.0020646186729527207
2017-04-24,0.00747536174864514
2017-04-25,0.0035335400811583595
2017-04-26,-0.0004917165712670491
2017-04-27,-0.00032643216770015355
2017-04-28,-0.0026900340010043056
2017-05-01,0.0013468861721856835
2017-05-02,2.650653690287639e-05
2017-05-03,-0.0031498134936153287
2017-05-04,-0.0027038953359824337
2017-05-05,0.005434950833576581
2017-05-08,-0.0019506007329110353
2017-05-09,-0.0013726172937581378
2017-05-10,0.003623727994248059
2017-05-11,-0.0014273387325250044
2017-05-12,0.00020366341390573323
2017-05-15,0.004879479647228243
2017-05-16,0.00022893477973235526
2017-05-17,-0.009804960608701434
2017-05-18,0.0009671053367346151
2017-05-19,0.007668977148387639
2017-05-22,0.003929497598740536
2017-05-23,0.0006088602051773606
2017-05-24,0.0023249081409856083
2017-05-25,0.0008877725818568752
2017-05-26,0.0005669515319242182
2017-05-30,-0.002205146197775809
2017-05-31,-0.0005924339517040688
2017-06-01,0.006295187625601547
2017-06-02,0.004066157718276439
2017-06-05,-0.0020707655899742674
2017-06-06,-5.2582983462704265e-05
2017-06-07,-0.000538031852832653
2017-06-08,0.0008472708029189355
2017-06-09,2.1136118813117e-05
2017-06-12,-0.0008141402621869204
2017-06-13,0.004302285850531577
2017-06-14,-0.0016393975877919053
2017-06-15,-0.0026901928426744663
2017-06-16,0.0014464280517229456
2017-06-19,0.004032125872112135
2017-06-20,-0.005432523427943246
2017-06-21,-0.001340253976034565
2017-06-22,0.000669564194251183
2017-06-23,0.002401940550492289
2017-06-26,0.0011923787167340061
2017-06-27,-0.006019969365062589
2017-06-28,0.006352037544089244
2017-06-29,-0.007141411668698371
2017-06-30,0.0016652635477084467
2017-07-03,0.0023364640919298087
2017-07-05,-0.0015791812332362522
2017-07-06,-0.008007615010963781
2017-07-07,0.002907844291736272
2017-07-10,0.0007863169001644264
2017-07-11,0.001300413348377319
2017-07-12,0.0071285970186777785
2017-07-13,0.0008963562834716233
2017-07-14,0.005600343873303953
2017-07-17,0.0003410921687563363
2017-07-18,0.0013527089966269977
2017-07-19,0.005513067422947082
2017-07-20,0.0008640655365153304
2017-07-21,-0.0010841566297692966
2017-07-24,-0.0005902396354085656
2017-07-25,0.0015992398983343213
2017-07-26,0.0018655661875290254
2017-07-27,-0.0012347180362078554
2017-07-28,0.0003963992789623018
2017-07-31,0.0007542230199236156
2017-08-01,0.002012508365424063
2017-08-02,-0.0012357753909446596
2017-08-03,-0.0013936725602421702
2017-08-04,0.0006820855353705373
2017-08-07,0.0013121862811293931
2017-08-08,-0.0018405267783335078
2017-08-09,-0.0004215624111032012
2017-08-10,-0.01030530769586617
2017-08-11,0.0006635718025074004
2017-08-14,0.0064846578426554615
2017-08-15,-0.0018101714483602911
2017-08-16,0.002285570992292416
2017-08-17,-0.010211665912615736
2017-08-18,0.0005989238688669206
2017-08-21,0.0006491795532499162
2017-08-22,0.0062858774197625325
2017-08-23,0.0005239924594723063
2017-08-24,-0.0011309561848306302
2017-08-25,0.002668524888324475
2017-08-28,0.0005086403301425125
2017-08-29,0.000146475781622407
2017-08-30,0.002505208505927914
2017-08-31,0.0072539952869214675
2017-09-01,0.001386698936101183
2017-09-05,-0.003558891641248612
2017-09-06,0.002636684267968046
2017-09-07,0.002917287812706076
2017-09-08,-0.0014630141955475648
2017-09-11,0.006852308342162147
2017-09-12,0.0011895972667364581
2017-09-13,-0.0007369128506633537
2017-09-14,0.0015605720388093174
2017-09-15,0.002007989422939216
2017-09-18,0.0003240786709283455
2017-09-19,0.00037818248484346997
2017-09-20,-0.0002894741903706427
2017-09-21,-0.002439036898760858
2017-09-22,0.000482379199064801
2017-09-25,0.0010965914562136882
2017-09-26,-0.0010518816844864668
2017-09-27,0.0007600017875883801
2017-09-28,0.0014083636149310533
2017-09-29,0.002389478245269084
2017-10-02,0.002033760202073611
2017-10-03,0.0020087076567789756
2017-10-04,0.000992006465500643
2017-10-05,0.0038042468236694797
2017-10-06,-0.0021389584416037434
2017-10-09,-0.00012344835819096963
2017-10-10,0.00410689279200133
2017-10-11,0.0019822255389203066
2017-10-12,7.539147991551017e-05
2017-10-13,0.0024054614203910013
2017-10-16,-0.0002087827970771438
2017-10-17,9.243756473055242e-06
2017-10-18,0.0002500050121038162
2017-10-19,0.0002200624647835762
2017-10-20,0.0018526399918638776
2017-10-23,-0.0024496038916357065
2017-10-24,0.0006440820778924929
2017-10-25,-0.0034957436409262005
2017-10-26,-0.0006189414117953523
2017-10-27,0.007303500844922997
2017-10-30,-0.0016760830212634288
2017-10-31,0.0018597842568163487
2017-11-01,0.0013807831110982383
2017-11-02,0.0020861810183477715
2017-11-03,0.0017422941183320715
2017-11-06,0.0039962831219718204
2017-11-07,-0.0012291172797784088
2017-11-08,0.0015153255084455713
2017-11-09,-0.0022720193527362704
2017-11-10,-0.002962739678419737
2017-11-13,0.0009438215986478722
2017-11-14,-0.0017118195649860012
2017-11-15,-0.0039334522152296445
2017-11-16,0.005863001439079278
2017-11-17,0.0008520387390917142
2017-11-20,-5.762706807935193e-05
2017-11-21,0.0062926786688721386
2017-11-22,0.0007417319694796846
2017-11-24,0.001460668926540604
2017-11-27,-0.0018624572522897341
2017-11-28,0.006697238682068049
2017-11-29,-0.0021484070424938246
2017-11-30,0.003320910818160774
2017-12-01,3.0467125497011754e-05
2017-12-04,-0.0028957289911468198
2017-12-05,-0.0037113827071548608
2017-12-06,-0.002220230149886542
2017-12-07,0.0013567829147378746
2017-12-08,0.004753109251186838
2017-12-11,0.0022486834151824262
2017-12-12,-0.0010874418407279371
2017-12-13,0.0020538215254855352
2017-12-14,-0.003641016798970602
2017-12-15,0.0061462587487429365
2017-12-18,0.00518896252526833
2017-12-19,-0.004827787006558302
2017-12-20,-0.0006791630202631169
2017-12-21,0.0019202387955583105
2017-12-22,0.0013300817173719668
2017-12-26,0.0009881959974242793
2017-12-27,0.002025440826840528
2017-12-28,0.0026684961702548335
2017-12-29,-0.0017581274318290267
2018-01-02,0.006042541496324635
2018-01-03,0.00424841379296453
2018-01-04,0.0019517732089632887
2018-01-05,0.0035322426310221773
2018-01-08,0.001957249772777131
2018-01-09,-0.0010779425766375501
2018-01-10,-0.0021727556878376126
2018-01-11,0.005872855154804734
2018-01-12,0.005046657268626739
2018-01-16,-0.0028310674523895152
2018-01-17,0.006903076489430895
2018-01-18,-0.0030720227408861955
2018-01-19,0.003663398345458217
2018-01-22,0.0063298109205004735
2018-01-23,0.003334025354793652
2018-01-24,-7.805627706172449e-05
2018-01-25,0.0004910238111760265
2018-01-26,0.007437685068686206
2018-01-29,-0.007551046254827425
2018-01-30,-0.009383799198591851
2018-01-31,0.002339982896676549
2018-02-01,-0.002166089066761924
2018-02-02,-0.01846967338374645
2018-02-05,-0.029656109116279382
2018-02-06,0.009791585444011715
2018-02-07,-0.007237564242119856
2018-02-08,-0.02633710060947715
2018-02-09,0.010181158372594779
2018-02-12,0.010322214996676213
2018-02-13,0.0027325287466585884
2018-02-14,0.010855516941538565
2018-02-15,0.00983520246192844
2018-02-16,0.0015737797875853149
2018-02-20,-0.006884249249052794
2018-02-21,-0.0059373957399579775
2018-02-22,0.0026742742767737033
2018-02-23,0.01363158760568369
2018-02-26,0.007759211804603789
2018-02-27,-0.012534083766255684
2018-02-28,-0.009114086074925528
2018-03-01,-0.006717270899562634
2018-03-02,0.004163405079997445
2018-03-05,0.008144711569205102
2018-03-06,0.0032836952289902075
2018-03-07,-0.0004412203451670829
2018-03-08,0.0021899563460082644
2018-03-09,0.011999026372122044
2018-03-12,0.0005666543794370603
2018-03-13,-0.0040834924478499995
2018-03-14,-0.0017887886206341087
2018-03-15,-0.0016467051664855095
2018-03-16,0.0019497278045371947
2018-03-19,-0.00982539791497567
2018-03-20,0.001156913622478225
2018-03-21,0.002632063335840976
2018-03-22,-0.0171451991871449
2018-03-23,-0.013844868699736763
2018-03-26,0.0189402287891217
2018-03-27,-0.010255874382396567
2018-03-28,-0.0009823601758154768
2018-03-29,0.010652830424418168
2018-04-02,-0.015874789085658106
2018-04-03,0.00865839804216871
2018-04-04,0.006666909025207144
2018-04-05,0.0042814264426763735
2018-04-06,-0.013885364881241381
2018-04-09,0.003805391961186818
2018-04-10,0.01258952638654441
2018-04-11,-0.0009735851634839436
2018-04-12,0.001906994802622604
2018-04-13,-0.0007726914322162291
2018-04-16,0.006011255877250226
2018-04-17,0.007058839030094014
2018-04-18,0.0018342980754879178
2018-04-19,-0.004916762520666353
2018-04-20,-0.007287417826896088
2018-04-23,-0.0008684970865639982
2018-04-24,-0.00656111044131869
2018-04-25,-0.00011343541905149659
2018-04-26,0.008439601832117869
2018-04-27,0.0022906940515020446
2018-04-30,-0.005558395306189587
2018-05-01,-8.382525071041021e-05
2018-05-02,-0.0036876563680780716
2018-05-03,-0.0008464706839917189
2018-05-04,0.009029967937842106
2018-05-07,0.0018184338023446434
2018-05-08,-0.0002924696698091845
2018-05-09,0.005623154846164599
2018-05-10,0.009004309021400531
2018-05-11,0.0011755246554159176
2018-05-14,7.45365244879968e-05
2018-05-15,-0.007646729346965637
2018-05-16,0.0033795560680514093
2018-05-17,-0.0009719662926757997
2018-05-18,-0.0015271340927405016
2018-05-21,0.006259427858155844
2018-05-22,-0.0018386339134797225
2018-05-23,0.0026560750126332273
2018-05-24,-0.0011373290456322556
2018-05-25,-0.0023878999528125795
2018-05-29,-0.0061720809007998695
2018-05-30,0.011113712848963415
2018-05-31,-0.005015249785887602
2018-06-01,0.005209537378244104
2018-06-04,0.001851241206692042
2018-06-05,0.0001686878391578255
2018-06-06,0.00444390173887953
2018-06-07,0.0002150530587912912
2018-06-08,0.0013112118862432178
2018-06-11,0.0007726515224269148
2018-06-12,0.0006318808591262089
2018-06-13,-0.003128333991631597
2018-06-14,0.0020275929901948132
2018-06-15,-0.003870317908173702
2018-06-18,-0.0010966915046026209
2018-06-19,-0.0022741026232249014
2018-06-20,0.0016097036248732786
2018-06-21,-0.005088898523333893
2018-06-22,0.004419778091836848
2018-06-25,-0.009359752613580036
2018-06-26,0.0016824595499976551
2018-06-27,-0.0056955616188634406
2018-06-28,0.0035694660928353218
2018-06-29,0.0028528103543017983
2018-07-02,-0.0018295362992216506
2018-07-03,0.0003166035532254414
2018-07-05,0.006714126729166058
2018-07-06,0.0069407592222956475
2018-07-09,0.005032385114316619
2018-07-10,0.0015422073446017123
2018-07-11,-0.008648701803068233
2018-07-12,0.006162258112321846
2018-07-13,0.0005783600597984893
2018-07-16,-0.0033674264856450296
2018-07-17,0.0016594547043417777
2018-07-18,0.0011006356961348939
2018-07-19,-0.0007043251661827508
2018-07-20,-0.000729993868732319
2018-07-23,-0.0005928849623864889
2018-07-24,0.0029658059796291965
2018-07-25,0.007275588305972527
2018-07-26,-0.0009629830601937425
2018-07-27,-0.005232844439538684
2018-07-30,-0.0027147867467152615
2018-07-31,0.004922103741426322
2018-08-01,-0.003700698031064538
2018-08-02,0.0020768198616694573
2018-08-03,0.004053733181271967
2018-08-06,0.0014164353891617178
2018-08-07,0.002922904947762615
2018-08-08,-0.0013948906883520938
2018-08-09,-0.0010002303779778534
2018-08-10,-0.005366967751851036
2018-08-13,-0.004996601022351209
2018-08-14,0.0044917794244467854
2018-08-15,-0.008768827807973417
2018-08-16,0.006994476854316668
2018-08-17,0.00435642454401064
2018-08-20,0.002641470249608336
2018-08-21,0.0026429670110808294
2018-08-22,0.0018099411976980264
2018-08-23,-0.0030858045921638285
2018-08-24,0.006630897565478824
2018-08-27,0.004825395040941663
2018-08-28,-0.0006792476107231487
2018-08-29,0.004684027140529492
2018-08-30,-0.004479271982875436
2018-08-31,-0.00015021189829003654
2018-09-04,-0.0042724804865418055
2018-09-05,-0.001349828499423121
2018-09-06,-0.0022282427630898505
2018-09-07,-0.0036522845285905455
2018-09-10,0.001576948960428645
2018-09-11,0.0018234344661595607
2018-09-12,0.001269815574539213
2018-09-13,0.003909952444283429
2018-09-14,-0.0007920710730399574
2018-09-17,-0.00325815241674298
2018-09-18,0.003704982749938545
2018-09-19,-0.00026055519436967464
2018-09-20,0.00685988548806742
2018-09-21,-0.0002479724675055892
2018-09-24,-0.002410696171368349
2018-09-25,-0.000667506449662436
2018-09-26,-0.0037863630240357687
2018-09-27,0.0018204906759706002
2018-09-28,0.001715982619207968
2018-10-01,0.0008561531660224529
2018-10-02,2.4453767464096287e-05
2018-10-03,-0.001075634833128955
2018-10-04,-0.008100721466692768
2018-10-05,-0.0037782622136512166
2018-10-08,-0.0002064979702637209
2018-10-09,0.000655144131934567
2018-10-10,-0.02266467902880215
2018-10-11,-0.015072677812816291
2018-10-12,0.007823827089802463
2018-10-15,-0.002231717227784867
2018-10-16,0.016442768896790683
2018-10-17,-0.002703238388354854
2018-10-18,-0.010993680635255765
2018-10-19,0.0005357157600150052
2018-10-22,-0.003362096384555184
2018-10-23,-0.006380382500808295
2018-10-24,-0.019665788218395666
2018-10-25,0.011563758024802527
2018-10-26,-0.010148672198686245
2018-10-29,-0.0038043887398535123
2018-10-30,0.011449709703274325
2018-10-31,0.00298544210336485
2018-11-01,0.010209925052812407
2018-11-02,-0.004078596250922687
2018-11-05,0.005506723271563803
2018-11-06,0.003703158289680693
2018-11-07,0.014241050231512942
2018-11-08,-0.004365954264025274
2018-11-09,-0.007427668755685338
2018-11-12,-0.012889640895688594
2018-11-13,-0.002054219486556992
2018-11-14,-0.003263032755050305
2018-11-15,0.00810288487331225
2018-11-16,0.004522116841738444
2018-11-19,-0.009366204754595958
2018-11-20,-0.0156374128127857
2018-11-21,0.00465964352514065
2018-11-23,-0.006507696487259842
2018-11-26,0.010469161200774908
2018-11-27,0.0008928390698362316
2018-11-28,0.015246403960470237
2018-11-29,-0.0011716759570302116
2018-11-30,0.005344560366654822
2018-12-03,0.010592559402098873
2018-12-04,-0.02061112666064462
2018-12-06,-0.002123790588662899
2018-12-07,-0.0132566776355534
2018-12-10,-0.002234366222428405
2018-12-11,0.0008437153606602897
2018-12-12,0.003615994026588252
2018-12-13,-0.00022533952318041554
2018-12-14,-0.013550052311662435
2018-12-17,-0.01567250000909933
2018-12-18,-0.0013747935455853616
2018-12-19,-0.010645694559704986
2018-12-20,-0.00936209608689997
2018-12-21,-0.01387923428498258
2018-12-24,-0.01987414106652829
2018-12-26,0.03326225047393661
2018-12-27,0.0050895541971844
2018-12-28,0.0008817126475888703
2018-12-31,0.005823909508068783
2019-01-02,-0.0007839952657899862
2019-01-03,-0.012339589715521388
2019-01-04,0.02343043903182849
2019-01-07,0.005747160253311705
2019-01-08,0.007903536830288053
2019-01-09,0.006660926817702061
2019-01-10,0.0035165642762138047
2019-01-11,-0.0007353498870392922
2019-01-14,-0.005800654677722951
2019-01-15,0.007552236627895081
2019-01-16,0.0037439460765634237
2019-01-17,0.005361977014197647
2019-01-18,0.008765772681172056
2019-01-22,-0.009754228261013603
2019-01-23,0.0012130205189821502
2019-01-24,0.003453879873492222
2019-01-25,0.007037212799390358
2019-01-28,-0.005451776377701947
2019-01-29,0.0012184134155631312
2019-01-30,0.011413503255132625
2019-01-31,0.006311515464527349
2019-02-01,0.00044586938612767687
2019-02-04,0.004460697102239066
2019-02-05,0.0034933900112400656
2019-02-06,-0.0018342911083480437
2019-02-07,-0.005757847581678257
2019-02-08,0.00045039658804727926
2019-02-11,0.0004352388756229179
2019-02-12,0.008556654361625025
2019-02-13,0.0017994689509452837
2019-02-14,0.0005556157678432398
2019-02-15,0.009909342451759064
2019-02-19,0.0029871353352892397
2019-02-20,0.0015281683000200816
2019-02-21,-0.003569427141185089
2019-02-22,0.005924452876984304
2019-02-25,-0.00015225552017774833
2019-02-26,-0.000985110548736635
2019-02-27,-0.001642674877021008
2019-02-28,-0.002702553244329456
2019-03-01,0.0027252866627384075
2019-03-04,-0.0018742826589012115
2019-03-05,-0.00023310715668151317
2019-03-06,-0.005948259669685516
2019-03-07,-0.006204051325399737
2019-03-08,-0.001090977972751739
2019-03-11,0.010781604892869657
2019-03-12,0.004028720757835445
2019-03-13,0.005369058148348602
2019-03-14,-0.0019586130407463413
2019-03-15,0.0049038909363741
2019-03-18,0.003605504770846153
2019-03-19,-0.0010404442267630877
2019-03-20,-0.0007284619767669434
2019-03-21,0.007326276572572103
2019-03-22,-0.014917728891460865
2019-03-25,0.0007848355884303364
2019-03-26,0.006112471826451454
2019-03-27,-0.0037302186685037528
2019-03-28,0.0021376493116634504
2019-03-29,0.004084399116014964
2019-04-01,0.007269926674502204
2019-04-02,-8.494794210619395e-05
2019-04-03,0.0012178568947504669
2019-04-04,0.0018490822060827773
2019-04-05,0.005376803106790493
2019-04-08,0.0004039635579535294
2019-04-09,-0.004319017712070624
2019-04-10,0.004441810601478502
2019-04-11,-0.002004785130561578
2019-04-12,0.003954828987053421
2019-04-15,-0.0012431026127670232
2019-04-16,-0.001395737062469724
2019-04-17,-0.0027100511668909583
2019-04-18,0.001092986323130653
2019-04-22,-0.00023053791275476915
2019-04-23,0.006541202981215864
2019-04-24,-0.0008182561101265547
2019-04-25,-0.0017497273897226866
2019-04-26,0.002811356561831235
2019-04-29,-0.0003154621778746972
2019-04-30,0.0024510240929353933
2019-05-01,-0.006309027581540832
2019-05-02,-0.0020637986138208097
2019-05-03,0.008783682340085263
2019-05-06,-0.0033577738556736475
2019-05-07,-0.01287058210584867
2019-05-08,-0.00207289312778148
2019-05-09,-0.002643583210888549
2019-05-10,0.004660763603691277
2019-05-13,-0.016385510482094242
2019-05-14,0.0070502903338756995
2019-05-15,0.004269384291783736
2019-05-16,0.00467220866145222
2019-05-17,-0.006405433260733878
2019-05-20,-0.004611340953234027
2019-05-21,0.0071835959743592704
2019-05-22,-0.0031651512210524695
2019-05-23,-0.008922460563601534
2019-05-24,0.003309512289489016
2019-05-28,-0.006426330331078271
2019-05-29,-0.004894701089099735
2019-05-30,0.0012897772303066505
2019-05-31,-0.006917937997618562
2019-06-03,0.0029518067642748413
2019-06-04,0.013198557351727943
2019-06-05,0.0034579838920370874
2019-06-06,0.005768354586536681
2019-06-07,0.007018936078501615
2019-06-10,0.002027017713268371
2019-06-11,0.0009865218093742323
2019-06-12,-0.0022211769643731573
2019-06-13,0.004606360120781477
2019-06-14,-0.0022869900466109244
2019-06-17,0.0011385081666045796
2019-06-18,0.009686246357482177
2019-06-19,0.0035357353689152303
2019-06-20,0.0100129903425171
2019-06-21,-0.0021390594953711334
2019-06-24,-0.0008198838701105457
2019-06-25,-0.0062253404309829214
2019-06-26,-0.002249343025450189
2019-06-27,0.0049207358047410835
2019-06-28,0.0040254167093388615
2019-07-01,0.003737759108445731
2019-07-02,0.0020047551892974514
2019-07-03,0.006659403040660419
2019-07-05,-0.003037265109956434
2019-07-08,-0.0039394419278630955
2019-07-09,0.0007127280425082153
2019-07-10,0.005313147924604601
2019-07-11,-0.0013223823323207672
2019-07-12,0.003004030473475934
2019-07-15,-0.0005535248580421109
2019-07-16,-0.004141758984875089
2019-07-17,-0.0026249869708590786
2019-07-18,0.0037857046863203577
2019-07-19,-0.0052778203406739065
2019-07-22,0.001211577013381705
2019-07-23,0.004406505509802158
2019-07-24,0.005106604573021222
2019-07-25,-0.006087394784072091
2019-07-26,0.004277418665785868
2019-07-29,-0.00026304413617060516
2019-07-30,-0.00017328994257627045
2019-07-31,-0.008081508324026127
2019-08-01,-0.005675592227426536
2019-08-02,-0.00524385706073581
2019-08-05,-0.020860470512944543
2019-08-06,0.009646464672832488
2019-08-07,0.0014183450926322106
2019-08-08,0.014916725393516302
2019-08-09,-0.005465764688761484
2019-08-12,-0.006978760906519784
2019-08-13,0.010203739390916981
2019-08-14,-0.020296017324715244
2019-08-15,0.0029184857517444047
2019-08-16,0.010657190423892316
2019-08-19,0.0069827070203431684
2019-08-20,-0.0034868999628581356
2019-08-21,0.005376686414010898
2019-08-22,-0.0017854925530886635
2019-08-23,-0.01668464151402859
2019-08-26,0.007342988346621783
2019-08-27,-0.00112831532420107
2019-08-28,0.0050226979001643185
2019-08-29,0.009030598242198783
2019-08-30,-0.00010454039613703698
2019-09-03,-0.0030384771960496036
2019-09-04,0.010259409461299593
2019-09-05,0.005714326662904294
2019-09-06,0.0007709359340001653
2019-09-09,0.0011901602238062056
2019-09-10,-0.0002858117835946271
2019-09-11,0.006065323764358467
2019-09-12,0.0018038533119812134
2019-09-13,-0.002107405808332822
2019-09-16,0.003889463544838114
2019-09-17,0.0006375175022809861
2019-09-18,-0.0012704865001719992
2019-09-19,0.0006658366003567944
2019-09-20,-0.0006058121129113529
2019-09-23,0.0008057130496075671
2019-09-24,-0.005477610991996449
2019-09-25,0.0011715385718926302
2019-09-26,-0.0010963032814316708
2019-09-27,-0.004506906802686829
2019-09-30,0.001799621685419051
2019-10-01,-0.009246400826073198
2019-10-02,-0.011489980798205995
2019-10-03,0.00699018539324889
2019-10-04,0.01000299707378211
2019-10-07,-0.0046786483524637965
2019-10-08,-0.01045842526739594
2019-10-09,0.0059849217815940055
2019-10-10,0.003903500427869566
2019-10-11,0.008246189916938268
2019-10-14,-0.0011834491763864647
2019-10-15,0.005424184931250677
2019-10-16,-0.0008048748596349395
2019-10-17,0.0031216830957920406
2019-10-18,-0.0019700327971297745
2019-10-21,0.0051308144056348174
2019-10-22,-0.0001717960633093061
2019-10-23,0.0028072522556614457
2019-10-24,0.0015386645597127628
2019-10-25,0.002744937047704885
2019-10-28,0.0015216032797571294
2019-10-29,0.0005024948022915412
2019-10-30,0.001979293605560609
2019-10-31,-0.0012570945619438802
2019-11-01,0.00843990637938321
2019-11-04,0.002796269499775966
2019-11-05,-0.0028969088189860995
2019-11-06,-0.00078455855308289
2019-11-07,-0.00012608862499904124
2019-11-08,-3.2061444651423405e-05
2019-11-11,-0.0025782370538566662
2019-11-12,0.0004434938146912552
2019-11-13,0.0008934799900002812
2019-11-14,0.001583787976121232
2019-11-15,0.00542365214703663
2019-11-18,-0.000622063643594584
2019-11-19,-0.00013783656815551332
2019-11-20,-0.0002633333308354173
2019-11-21,-0.001757857569467774
2019-11-22,0.0010040850468821972
2019-11-25,0.0062727184433041165
2019-11-26,0.0020808563481490207
2019-11-27,0.002575168205586935
2019-11-29,-0.005302622829438845
2019-12-02,-0.0064819810271951744
2019-12-03,-0.002357938425540664
2019-12-04,0.006085866629789725
2019-12-05,0.0008228902810774629
2019-12-06,0.006162746682840502
2019-12-09,-0.0022715090825764683
2019-12-10,8.052698256894034e-05
2019-12-11,0.002489514668578928
2019-12-12,0.005634053843326941
2019-12-13,0.0016051396542415552
2019-12-16,0.006042594583843848
2019-12-17,0.0005534629401459528
2019-12-18,0.0005962963866668822
2019-12-19,0.0030354654443907588
2019-12-20,0.0038280564380038843
2019-12-23,0.0004917596234914094
2019-12-24,0.0012259691713156968
2019-12-26,0.0038390529594795938
2019-12-27,0.0002581101997942352
2019-12-30,-0.0033461935931038476
2019-12-31,0.001477478425431232
2020-01-02,0.005781746460528959
2020-01-03,-0.0027758678270764694
2020-01-06,0.0020809672492848545
2020-01-07,-0.0023710958914994395
2020-01-08,0.0008054370474517677
2020-01-09,0.0038164387275739153
2020-01-10,-0.00032614501270054
2020-01-13,0.004594837805439586
2020-01-14,0.0002932554304602555
2020-01-15,0.002002104361017952
2020-01-16,0.005823751518395079
2020-01-17,0.0015174441294561335
2020-01-21,-0.002833207567094423
2020-01-22,9.498533307492456e-05
2020-01-23,0.0003592088165233989
2020-01-24,-0.006251294426716195
2020-01-27,-0.011962937751185182
2020-01-28,0.0060100886371704625
2020-01-29,-0.0007972820999556782
2020-01-30,0.0012662241601128588
2020-01-31,-0.014186922192252382
2020-02-03,0.0035314275363835324
2020-02-04,0.00913936198031134
2020-02-05,0.009923281315724087
2020-02-06,0.001488329908684576
2020-02-07,-0.004879218522582208
2020-02-10,0.004316670707579357
2020-02-11,0.0034542206566729023
2020-02-12,0.005239418907807563
2020-02-13,-5.883544361939489e-05
2020-02-14,0.0015460760349531506
2020-02-18,-0.0009847046733666108
2020-02-19,0.003774422198748189
2020-02-20,-0.0015792024759543127
2020-02-21,-0.005180528604882093
2020-02-24,-0.024067806055023247
2020-02-25,-0.02373664256888619
2020-02-26,-0.005103386639555169
2020-02-27,-0.03280325900106259
2020-02-28,-0.010574599585306215
2020-03-02,0.03339588710553392
2020-03-03,-0.014202159786231162
2020-03-04,0.029203691767941343
2020-03-05,-0.020995200598006237
2020-03-06,-0.01382839446756127
2020-03-09,-0.06850071952394778
2020-03-10,0.031504939080635286
2020-03-11,-0.04327428429419723
2020-03-12,-0.0823757939402598
2020-03-13,0.0632441497299996
2020-03-16,-0.0960897096943165
2020-03-17,0.043965107572667576
2020-03-18,-0.05772349323627414
2020-03-19,0.007435806634472088
2020-03-20,-0.022657401555688603
2020-03-23,-0.020040695278678147
2020-03-24,0.07819571551677507
2020-03-25,0.017181306628588255
2020-03-26,0.048023680214829355
2020-03-27,-0.022283822144157316
2020-03-30,0.021668778703497826
2020-03-31,-0.012567527867217203
2020-04-01,-0.038921758521130445
2020-04-02,0.023064682195882223
2020-04-03,-0.012371148928525585
2020-04-06,0.05376137854911731
2020-04-07,0.0012570328488202439
2020-04-08,0.028482330242763552
2020-04-09,0.01814216638443157
2020-04-13,-0.010340186359385928
2020-04-14,0.019298549120622014
2020-04-15,-0.022533089710087887
2020-04-16,6.916715442779137e-05
2020-04-17,0.025137960496699446
2020-04-20,-0.01535304939833267
2020-04-21,-0.02295575294150427
2020-04-22,0.018207428411690853
2020-04-23,0.001317242896470529
2020-04-24,0.00820772006805327
2020-04-27,0.013705876772960996
2020-04-28,0.0022279894400576783
2020-04-29,0.02292404893824344
2020-04-30,-0.014397011212795234
2020-05-01,-0.02360282538992866
2020-05-04,0.004694797915926959
2020-05-05,0.007367275120345927
2020-05-06,-0.010813290277972058
2020-05-07,0.01203761414373053
2020-05-08,0.017334872502349257
2020-05-11,-0.004025181151719073
2020-05-12,-0.01641367805099414
2020-05-13,-0.015090996712884318
2020-05-14,0.008989696853724007
2020-05-15,0.0016012756695103533
2020-05-18,0.03224710997956029
2020-05-19,-0.010311265474899892
2020-05-20,0.014979682203235254
2020-05-21,-0.006325871330543895
2020-05-22,0.0007545156376431487
2020-05-26,0.014348811099641293
2020-05-27,0.012292418112765211
2020-05-28,-0.0019730157346099036
2020-05-29,0.0036874799039432068
2020-06-01,0.007309419224125796
2020-06-02,0.00859582802156674
2020-06-03,0.012737032240914917
2020-06-04,-0.002865015150923896
2020-06-05,0.022346672363840636
2020-06-08,0.01319208842888696
2020-06-09,-0.008887732603351937
2020-06-10,-0.006760298492655095
2020-06-11,-0.04929271050045129
2020-06-12,0.012336184585458139
2020-06-15,0.007059343093128483
2020-06-16,0.013565673120782733
2020-06-17,-0.005257692763532549
2020-06-18,0.0005213351956383704
2020-06-19,-0.004140204644221248
2020-06-22,0.005229407928588318
2020-06-23,0.0022946169136698834
2020-06-24,-0.022300845283243588
2020-06-25,0.009359921489992049
2020-06-26,-0.016540250961538553
2020-06-29,0.012687500343250144
2020-06-30,0.009558528483487486
2020-07-01,0.0017809985529191603
2020-07-02,0.005688857544101202
2020-07-06,0.010234480155640035
2020-07-07,-0.00998259841444446
2020-07-08,0.006816460339957306
2020-07-09,-0.009083351380639053
2020-07-10,0.009254620749722534
2020-07-13,-0.005414386285325169
2020-07-14,0.010996665750519812
2020-07-15,0.010839281879236105
2020-07-16,-0.00383107181484941
2020-07-17,0.0036968255079492785
2020-07-20,0.001031185742371128
2020-07-21,0.008562058567506177
2020-07-22,0.0050116596535213385
2020-07-23,-0.004038255961588669
2020-07-24,-0.004885718865788076
2020-07-27,0.006731046338603612
2020-07-28,-0.0027947608842795106
2020-07-29,0.012199951348423029
2020-07-30,-0.006521811868741986
2020-07-31,0.00020630899445073732
2020-08-03,0.006022580928759688
2020-08-04,0.007126149857048349
2020-08-05,0.005373794816614138
2020-08-06,0.003144097561735714
2020-08-07,0.0010804119436540797
2020-08-10,0.0038045052263376
2020-08-11,-0.009202631956729292
2020-08-12,0.009430409260805007
2020-08-13,-0.0023452019627474867
2020-08-14,-0.0007350889758990372
2020-08-17,0.004447925046001411
2020-08-18,-0.00108187660736061
2020-08-19,-0.006476620412558884
2020-08-20,-0.0007185593439418559
2020-08-21,-5.81444402002699e-05
2020-08-24,0.009109168987756178
2020-08-25,0.0006298796639093489
2020-08-26,0.0007496758975161353
2020-08-27,0.0007112829900026846
2020-08-28,0.007175686994474819
2020-08-31,-0.005105356606146496
2020-09-01,0.004704123176612002
2020-09-02,0.00908131574682706
2020-09-03,-0.021216135782575446
2020-09-04,-0.005063269849596396
2020-09-08,-0.019340548560818783
2020-09-09,0.01380499724618065
2020-09-10,-0.013646490185715612
2020-09-11,0.0016199028652410118
2020-09-14,0.012681389818433126
2020-09-15,0.0028873049612840817
2020-09-16,0.002955431496821665
2020-09-17,-0.004904236075389855
2020-09-18,-0.007781972365267846
2020-09-21,-0.015943826789289996
2020-09-22,0.002581088790516385
2020-09-23,-0.019549412664976718
2020-09-24,0.002077255710879751
2020-09-25,0.010060462977375112
2020-09-28,0.014533543458151393
2020-09-29,-0.005002292919787892
2020-09-30,0.0050800206589544684
2020-10-01,0.004283603913862862
2020-10-02,-0.0024148831084581154
2020-10-05,0.015070399143903755
2020-10-06,-0.006619825916784148
2020-10-07,0.011152884389775297
2020-10-08,0.010517469812857052
2020-10-09,0.004633222522066139
2020-10-12,0.007694483906024935
2020-10-13,-0.007005679437201208
2020-10-14,-0.0033531904265446917
2020-10-15,0.0008906809719144302
2020-10-16,-0.0011793353767734357
2020-10-19,-0.010444853102086852
2020-10-20,0.004405044427643514
2020-10-21,-0.00388563189308799
2020-10-22,0.006743717286038209
2020-10-23,0.002586770259366332
2020-10-26,-0.014390240219944448
2020-10-27,-0.0042257661838491604
2020-10-28,-0.026784791039113028
2020-10-29,0.006509611636109544
2020-10-30,-0.006347537665936928
2020-11-02,0.014930509054042338
2020-11-03,0.013464149580954625
2020-11-04,0.011487068337372156
2020-11-05,0.0157208841239631
2020-11-06,-0.0033519373764055852
2020-11-09,0.02092995287934582
2020-11-10,0.005167547160629894
2020-11-11,0.0033641142592810776
2020-11-12,-0.009381760940462164
2020-11-13,0.01324052278093935
2020-11-16,0.013619349398772027
2020-11-17,-0.0015887540213178107
2020-11-18,-0.010385821619541985
2020-11-19,0.0037470220856509057
2020-11-20,-0.0017473408658234412
2020-11-23,0.0072581814733702595
2020-11-24,0.013724656918769262
2020-11-25,-0.0025509235893230574
2020-11-27,0.0009769248880105786
2020-11-30,-0.01148269505367368
2020-12-01,0.009520916951266455
2020-12-02,0.0031851717846729695
2020-12-03,0.002803172549315754
2020-12-04,0.009857100044822105
2020-12-07,-0.0016442617786651
2020-12-08,0.003644584667187155
2020-12-09,-0.005766455743460032
2020-12-10,0.0036665577174126783
2020-12-11,-0.0025680603604773325
2020-12-14,-0.0048277753776218395
2020-12-15,0.01345174763095986
2020-12-16,0.0004322380901864845
2020-12-17,0.006037336735992089
2020-12-18,-0.004752512830174286
2020-12-21,-0.005082541325690081
2020-12-22,-0.0017339240547795077
2020-12-23,0.0043296630721321025
2020-12-24,0.002514433608518139
2020-12-28,0.0023589776345217003
2020-12-29,-0.0017491070223454538
2020-12-30,0.004939280667550829
2020-12-31,0.0034204032539152072
2021-01-04,-0.008160306912213856
2021-01-05,0.009896361948629896
2021-01-06,0.009770573004152135
2021-01-07,0.007631604494039872
2021-01-08,0.002658781776288719
2021-01-11,-0.003592093815251474
2021-01-12,0.005657363405257349
2021-01-13,0.001466843643658195
2021-01-14,0.0033612890026288003
2021-01-15,-0.008289038713045828
2021-01-19,0.007165772158869466
2021-01-20,0.008429612145917604
2021-01-21,-0.003620734710722922
2021-01-22,-0.002923539196247135
2021-01-25,0.0038021928678022743
2021-01-26,-0.0035349249552505497
2021-01-27,-0.018516361187117428
2021-01-28,0.006156135474839021
2021-01-29,-0.01499499492773757
2021-02-01,0.014157849242697565
2021-02-02,0.008771930529629731
2021-02-03,0.002043927594647877
2021-02-04,0.006892785238668033
2021-02-05,0.00441643819038634
2021-02-08,0.009846848982043846
2021-02-09,0.001524735187744072
2021-02-10,0.0015653273997098883
2021-02-11,0.00016910068110197288
2021-02-12,0.0030595530477097264
2021-02-16,-0.0005778186575178276
2021-02-17,-0.0004005693608516377
2021-02-18,-0.005931449059169513
2021-02-19,0.0020720744877156905
2021-02-22,-0.0017803544467723021
2021-02-23,0.0018444641898510375
2021-02-24,0.009003708751199161
2021-02-25,-0.02031843291336397
2021-02-26,-0.007683698175264399
2021-03-01,0.017424296464832536
2021-03-02,-0.005886604742613482
2021-03-03,-0.007235745484295426
2021-03-04,-0.009660155786486152
2021-03-05,0.016131671173994132
2021-03-08,-0.0031120050632388696
2021-03-09,0.010396791891662469
2021-03-10,0.00748967916520609
2021-03-11,0.00845423345249784
2021-03-12,0.0009026578713326724
2021-03-15,0.004423084318438463
2021-03-16,-0.00395396638420556
2021-03-17,0.0015783859428552896
2021-03-18,-0.015478977360563287
2021-03-19,0.0015621868908515483
2021-03-22,0.002244565815689335
2021-03-23,-0.00992298071089687
2021-03-24,-0.0017249173604219833
2021-03-25,0.005197066043375505
2021-03-26,0.015906392423028392
2021-03-29,-0.005343730973077615
2021-03-30,-0.002369055098621343
2021-03-31,0.002685608851634787
2021-04-01,0.01156694021123113
2021-04-05,0.005386327025260678
2021-04-06,0.00012990562832734427
2021-04-07,-0.0018109999841670432
2021-04-08,0.0038149768449371123
2021-04-09,0.00161324080631684
2021-04-12,-0.0008562785408449973
2021-04-13,0.003286471872475246
2021-04-14,0.002443877518137984
2021-04-15,0.00917380541159027
2021-04-16,0.0027595071437711933
2021-04-19,-0.003703151823560101
2021-04-20,-0.005872393905094401
2021-04-21,0.008358562021019865
2021-04-22,-0.005732083790320424
2021-04-23,0.00864411014384945
2021-04-26,0.0020220413575208827
2021-04-27,-0.0002682386737364057
2021-04-28,0.0015093191549285752
2021-04-29,0.0035544399783923805
2021-04-30,-0.007138554775873225
2021-05-03,0.005613336478463897
2021-05-04,-0.0034251440466750807
2021-05-05,0.0018052892892056732
2021-05-06,0.00712381065342158
2021-05-07,0.0077634751956746455
2021-05-10,-0.006998968157743135
2021-05-11,-0.0076453013961940335
2021-05-12,-0.017176133129475222
2021-05-13,0.007597524091040102
2021-05-14,0.013872424213595998
2021-05-17,0.0008402828847197502
2021-05-18,-0.00476004340401573
2021-05-19,-0.005088278763685135
2021-05-20,0.007008287559288169
2021-05-21,0.000789870392914387
2021-05-24,0.006951875804852557
2021-05-25,-0.002510334928793375
2021-05-26,0.0027342552707775697
2021-05-27,0.001570318413405933
2021-05-28,0.0021909338095458656
2021-06-01,0.004589899278810189
2021-06-02,0.0035263194534538938
2021-06-03,-0.004290599775426552
2021-06-04,0.007497731234508982
2021-06-07,0.0006541373643499054
2021-06-08,0.0016798221708981599
2021-06-09,-0.0010006833209773526
2021-06-10,0.003572560646590553
2021-06-11,0.0004370783489228299
2021-06-14,-0.001160341997445358
2021-06-15,-0.001163886607082049
2021-06-16,-0.006656192066205508
2021-06-17,-0.006320396463744764
2021-06-18,-0.012352859994961472
2021-06-21,0.013739899976746139
2021-06-22,0.0016902102265954125
2021-06-23,-0.0009714410591094111
2021-06-24,0.005658567660896841
2021-06-25,0.0035478352117157374
2021-06-28,-0.0015224373389746684
2021-06-29,-0.0013612189957955048
2021-06-30,0.0011235793682104157
2021-07-01,0.004900032213887971
2021-07-02,0.003595902264697434
2021-07-06,-0.005790768010994917
2021-07-07,0.0012526572576918088
2021-07-08,-0.0066563951593567195
2021-07-09,0.011006248307227308
2021-07-12,0.0023630273737789936
2021-07-13,-0.00484520214038795
2021-07-14,-0.00030652896672513747
2021-07-15,-0.0014534632312395589
2021-07-16,-0.006599520971516219
2021-07-19,-0.01418550034684083
2021-07-20,0.012174232472564602
2021-07-21,0.007520078981168388
2021-07-22,-0.0009463094717834369
2021-07-23,0.004448884319412325
2021-07-26,0.0010226844567480702
2021-07-27,-0.002384664759366543
2021-07-28,0.00339561088383214
2021-07-29,0.005650107418674306
2021-07-30,-0.00410399797311501
2021-08-02,-0.00042593023493189873
2021-08-03,0.005891236927170211
2021-08-04,-0.005562323386855087
2021-08-05,0.005838943128029175
2021-08-06,-0.0014028080736794204
2021-08-09,-0.003404740981012461
2021-08-10,0.002263734717085811
2021-08-11,0.0045454261227415565
2021-08-12,0.0003124505707377407
2021-08-13,0.001897466173776685
2021-08-16,-0.00038761568141384306
2021-08-17,-0.005986139316473678
2021-08-18,-0.00836171302678128
2021-08-19,-0.0031505704220508263
2021-08-20,0.004686457160614539
2021-08-23,0.009822661111230728
2021-08-24,0.003598277819025891
2021-08-25,0.0014995019664439386
2021-08-26,-0.0051821914089822405
2021-08-27,0.010936692905982337
2021-08-30,0.0009009811268466071
2021-08-31,-0.0006711819113175898
2021-09-01,0.002000835341181807
2021-09-02,0.005008185771616349
2021-09-03,-0.0006547394935927078
2021-09-07,-0.00670797640381243
2021-09-08,-0.0012296760992493673
2021-09-09,-0.002782086068573825
2021-09-10,-0.005834211584237324
2021-09-13,0.0048825659766425205
2021-09-14,-0.004132456533266398
2021-09-15,0.006916141947024487
2021-09-16,-0.004654034612124575
2021-09-17,-0.007124187192205851
2021-09-20,-0.012748861490554972
2021-09-21,0.0011242358031867447
2021-09-22,0.009253509217121024
2021-09-23,0.008106564035365993
2021-09-24,-0.0018358114464833593
2021-09-27,0.0019129578752359595
2021-09-28,-0.014596690183028754
2021-09-29,0.0012176033969985864
2021-09-30,-0.006467152346779595
2021-10-01,0.01006585650584239
2021-10-04,-0.004768692917663451
2021-10-05,0.0050901959735871775
2021-10-06,0.0005485797048630082
2021-10-07,0.006690547288485149
2021-10-08,-0.0007364593083301864
2021-10-11,-0.00447998358554632
2021-10-12,0.0013773011343887432
2021-10-13,0.005672246131813672
2021-10-14,0.01228834694633317
2021-10-15,0.003164534005645836
2021-10-18,-0.00033506621111820264
2021-10-19,0.00595210041759546
2021-10-20,0.00600441902191767
2021-10-21,-0.0017726636539876083
2021-10-22,0.0032359101211954303
2021-10-25,0.0037406783718208956
2021-10-26,0.0004929246351417249
2021-10-27,-0.0075796727466855215
2021-10-28,0.00778809301699528
2021-10-29,-0.0020155977804545387
2021-11-01,0.005607484513991258
2021-11-02,0.0019302850433609371
2021-11-03,0.0016513506736972351
2021-11-04,0.0006388432293544427
2021-11-05,0.00582350647965742
2021-11-08,0.0014905186139797006
2021-11-09,2.452015781166827e-05
2021-11-10,-0.0072509201167631895
2021-11-11,0.0028226000567911
2021-11-12,0.0029646550393122545
2021-11-15,-3.2927164260560664e-05
2021-11-16,0.0006998443588790594
2021-11-17,-0.0029140298760112334
2021-11-18,-0.00048076707663429516
2021-11-19,-0.005060651636528822
2021-11-22,-0.002258374912300742
2021-11-23,0.002747997601487099
2021-11-24,0.0018986533684088736
2021-11-26,-0.02140507601447397
2021-11-29,0.005861113559208153
2021-11-30,-0.015294644389148179
2021-12-01,-0.007131516800797675
2021-12-02,0.01408850510017088
2021-12-03,-0.004814190447923529
2021-12-06,0.009920519357949633
2021-12-07,0.015002919808520457
2021-12-08,0.0016667292281821952
2021-12-09,-0.006958191883678974
2021-12-10,0.005519896866834765
2021-12-13,-0.00484995934660567
2021-12-14,-0.005723973500715119
2021-12-15,0.009701754476280541
2021-12-16,-0.002138889838405505
2021-12-17,-0.0071117987588371805
2021-12-20,-0.008917495288047193
2021-12-21,0.013662605821773607
2021-12-22,0.008055872713089876
2021-12-23,0.0034896342276436775
2021-12-27,0.010756489577403114
2021-12-28,-0.0008595887580674134
2021-12-29,0.0006250269149620953
2021-12-30,0.0001479167412518498
2021-12-31,-0.0006283029105577727
2022-01-03,0.0013277136724416624
2022-01-04,0.003254648782766637
2022-01-05,-0.013497316780229685
2022-01-06,0.0009038940023579352
2022-01-07,-0.0008585956790719226
2022-01-10,-0.0017424961840063213
2022-01-11,0.010013263330265865
2022-01-12,0.002205773719389713
2022-01-13,-0.007320867085129829
2022-01-14,-0.00048544417969490064
2022-01-18,-0.01360495016787362
2022-01-19,-0.004813839607453948
2022-01-20,-0.007189698328618462
2022-01-21,-0.010963220273193986
2022-01-24,0.0020021502892323315
2022-01-25,-0.0045114489142890225
2022-01-26,-0.006105356113647157
2022-01-27,-0.004226867334793661
2022-01-28,0.014033422511711932
2022-01-31,0.013800187269240488
2022-02-01,0.005550308206467488
2022-02-02,0.005772650105603613
2022-02-03,-0.01268102923799708
2022-02-04,0.0013518589910869363
2022-02-07,0.00039904433160429376
2022-02-08,0.004525772893097485
2022-02-09,0.011565303887016412
2022-02-10,-0.014595511564762713
2022-02-11,-0.006115554943706344
2022-02-14,-0.005750644672685369
2022-02-15,0.008875126171991108
2022-02-16,0.0031134859303540174
2022-02-17,-0.011289488637813197
2022-02-18,-0.0035286404769095487
2022-02-22,-0.006310308456137057
2022-02-23,-0.011072286881048634
2022-02-24,0.005363186354190702
2022-02-25,0.018223054342780938
2022-02-28,0.0004461005656767961
2022-03-01,-0.006980464163458225
2022-03-02,0.013157400019470116
2022-03-03,-0.0011354789184856752
2022-03-04,-0.00015382845748050333
2022-03-07,-0.016477725801503532
2022-03-08,-0.0011875393296417298
2022-03-09,0.009779618728485847
2022-03-10,-0.003999392132505631
2022-03-11,-0.008069155331180288
2022-03-14,-0.009764159119544051
2022-03-15,0.007539381674140974
2022-03-16,0.01906201402646499
2022-03-17,0.011403247362227387
2022-03-18,0.006119615724755145
2022-03-21,0.0007606451718865094
2022-03-22,0.005059203078787556
2022-03-23,-0.0049947886967579595
2022-03-24,0.008197602650494297
2022-03-25,0.0037928950414487963
2022-03-28,-0.0008792412350656305
2022-03-29,0.012114753880145119
2022-03-30,-0.002007810979507223
2022-03-31,-0.011087614405425553
2022-04-01,0.005291910356504718
2022-04-04,0.0036771112053325915
2022-04-05,-0.011361208166084494
2022-04-06,-0.004187408373165803
2022-04-07,0.0014830209534873475
2022-04-08,0.0010331080358693089
2022-04-11,-0.01214421027056828
2022-04-12,0.0005925510939755031
2022-04-13,0.009760236597963457
2022-04-14,-0.00798092177270404
2022-04-18,-0.0005267780224451594
2022-04-19,0.006493176845202585
2022-04-20,0.005207695843191844
2022-04-21,-0.013348674545319817
2022-04-22,-0.02050498103941827
2022-04-25,-0.00018449580160119044
2022-04-26,-0.016227361528337418
2022-04-27,0.0012226564731286263
2022-04-28,0.01666895354731886
2022-04-29,-0.02412989605038809
2022-05-02,0.00040673886308368646
2022-05-03,0.0058649390965445315
2022-05-04,0.023374855835254574
2022-05-05,-0.02653296081251882
2022-05-06,-0.0045178790267635
2022-05-09,-0.028076788777802963
2022-05-10,2.6970319288580083e-05
2022-05-11,-0.00524754504459809
2022-05-12,3.9758121871068875e-06
2022-05-13,0.017796399899608528
2022-05-16,0.0007731568662179001
2022-05-17,0.014061590552334286
2022-05-18,-0.024536688499479466
2022-05-19,-0.00018057228314776952
2022-05-20,0.0029371947382085353
2022-05-23,0.012191642924870098
2022-05-24,-0.0009175068756862345
2022-05-25,0.007489789874210913
2022-05-26,0.012316040469005148
2022-05-27,0.017118118038339347
2022-05-31,-0.007961758149444432
2022-06-01,-0.004891550621147562
2022-06-02,0.01426014269017103
2022-06-03,-0.009489772940128805
2022-06-06,0.0005216408156593177
2022-06-07,0.00996473655274893
2022-06-08,-0.009373261515010337
2022-06-09,-0.017569065913732217
2022-06-10,-0.019184777927934205
2022-06-13,-0.03519311789503724
2022-06-14,-0.005401930610910198
2022-06-15,0.011255032116680547
2022-06-16,-0.02370395261456088
2022-06-17,-0.0033018764079519127
2022-06-21,0.0160858357030218
2022-06-22,-0.0014128929926485166
2022-06-23,0.004426101992271448
2022-06-24,0.02081374844308138
2022-06-27,0.00032307380379366666
2022-06-28,-0.008643843092951315
2022-06-29,-0.003471651382981408
2022-06-30,-0.006300535368026415
2022-07-01,0.00904205403721016
2022-07-05,-0.009332089037693695
2022-07-06,-0.002797179947995403
2022-07-07,0.013477490667507003
2022-07-08,-0.0004954255232657686
2022-07-11,-0.007478202229103837
2022-07-12,-0.007907943447603604
2022-07-13,-0.0019450426866685485
2022-07-14,-0.007046216265324302
2022-07-15,0.014434956065494288
2022-07-18,-0.0029408440666445408
2022-07-19,0.019480635249913933
2022-07-20,0.0016937689333868325
2022-07-21,0.006718411460305637
2022-07-22,-0.0038452439580709567
2022-07-25,0.004730770686567766
2022-07-26,-0.005626077452399843
2022-07-27,0.01701040281904849
2022-07-28,0.011746565326956799
2022-07-29,0.009153036370906023
2022-08-01,-0.002578706336612021
2022-08-02,-0.007692320924689456
2022-08-03,0.008086982904807182
2022-08-04,-0.0015213526831398872
2022-08-05,-0.0012863146201083217
2022-08-08,0.003618894519122605
2022-08-09,-0.0010949493289670279
2022-08-10,0.014716570108409382
2022-08-11,0.0018214944889095445
2022-08-12,0.012540500199515405
2022-08-15,-0.00034493210929220067
2022-08-16,0.0003156285339134183
2022-08-17,-0.0060022298586411525
2022-08-18,0.0034249679420792667
2022-08-19,-0.010515672381273449
2022-08-22,-0.014215419244915107
2022-08-23,0.0005184157482131884
2022-08-24,0.002998586387341774
2022-08-25,0.01099963808240233
2022-08-26,-0.021870033752516217
2022-08-29,-0.003709158956904312
2022-08-30,-0.011503131638245788
2022-08-31,-0.007190289176563738
2022-09-01,-0.004031063509735246
2022-09-02,-0.005082761754305642
2022-09-06,-0.005247242619431824
2022-09-07,0.012838102898964743
2022-09-08,0.0038397170868308722
2022-09-09,0.013940028156711411
2022-09-12,0.009023221920305097
2022-09-13,-0.030596810849213424
2022-09-14,0.002973043324867541
2022-09-15,-0.01175782891339128
2022-09-16,-0.006068495862133991
2022-09-19,0.004986933728136632
2022-09-20,-0.010703180879137419
2022-09-21,-0.011319233983198528
2022-09-22,-0.008739869962528273
2022-09-23,-0.018873453191228257
2022-09-26,-0.014542166514035938
2022-09-27,-0.003247051311207813
2022-09-28,0.02170704204534422
2022-09-29,-0.016017564484451303
2022-09-30,-0.009211045113500077
2022-10-03,0.02474727725314916
2022-10-04,0.027002089013184457
2022-10-05,-0.0029844370349763685
2022-10-06,-0.009035243368233553
2022-10-07,-0.01957559919939841
2022-10-10,-0.008521704844820437
2022-10-11,-0.0047504532696367
2022-10-12,-0.0029153715233564115
2022-10-13,0.01925448469785311
2022-10-14,-0.018894689713117516
2022-10-17,0.01937921097965114
2022-10-18,0.007922705979221076
2022-10-19,-0.00971254719737001
2022-10-20,-0.007429844872528623
2022-10-21,0.017231258267009334
2022-10-24,0.004332545138732883
2022-10-25,0.015736182282245482
2022-10-26,0.0031975891487515864
2022-10-27,-0.0009351796117404989
2022-10-28,0.013910657470797089
2022-10-31,-0.004838579134768197
2022-11-01,0.003278456040155461
2022-11-02,-0.01730604165259441
2022-11-03,-0.005134755647253628
2022-11-04,0.01666679176211758
2022-11-07,0.003906892320103351
2022-11-08,0.005958999524924917
2022-11-09,-0.016553097051065384
2022-11-10,0.045478102499483024
2022-11-11,0.007950043270819556
2022-11-14,-0.007940407224692221
2022-11-15,0.009609055355767131
2022-11-16,-0.0060363615695693635
2022-11-17,-0.004556043840467747
2022-11-18,0.0029373433644652985
2022-11-21,-0.002991440290516982
2022-11-22,0.011619847711646269
2022-11-23,0.004140619368718248
2022-11-25,0.0003666361297268797
2022-11-28,-0.013154610972433962
2022-11-29,0.0024714598579848716
2022-11-30,0.022802157387529436
2022-12-01,0.0026963862996631813
2022-12-02,-0.0010098716483806975
2022-12-05,-0.01743365031458278
2022-12-06,-0.008565270114714493
2022-12-07,0.0006727287365167888
2022-12-08,0.005242816034196237
2022-12-09,-0.007416946948556288
2022-12-12,0.010294893863084817
2022-12-13,0.009458548173554243
2022-12-14,-0.0031434117379585094
2022-12-15,-0.01825058547351512
2022-12-16,-0.009412401766731705
2022-12-19,-0.006684307552083519
2022-12-20,0.0019915379599535913
2022-12-21,0.011910788745513224
2022-12-22,-0.010693386453529274
2022-12-23,0.0054081434499849675
2022-12-27,-0.0003255334145850936
2022-12-28,-0.011307240942270697
2022-12-29,0.013973972894720436
2022-12-30,-0.003335272965874202
2023-01-03,-0.0023488592954400956
2023-01-04,0.009002010923045312
2023-01-05,-0.009025900330228962
2023-01-06,0.020706411142438687
2023-01-09,0.0013785932253703313
2023-01-10,0.004138888682230973
2023-01-11,0.010863972235477842
2023-01-12,0.007437753427456324
2023-01-13,0.002938032728500616
2023-01-17,-0.0017542145754329134
2023-01-18,-0.010515252277607379
2023-01-19,-0.0030902193719422417
2023-01-20,0.010387071649491262
2023-01-23,0.007095278048588734
2023-01-24,0.0001900724096673599
2023-01-25,0.000492732165151269
2023-01-26,0.006486203319003305
2023-01-27,-0.0008531971037236813
2023-01-30,-0.010591397535087758
2023-01-31,0.01220809902927648
2023-02-01,0.0069563835044493625
2023-02-02,0.004704949042460942
2023-02-03,-0.011813572134779954
2023-02-06,-0.005851068019725754
2023-02-07,0.008737134866946378
2023-02-08,-0.006648066236624906
2023-02-09,-0.007906087786093956
2023-02-10,0.004064508785142113
2023-02-13,0.008002113298900847
2023-02-14,-0.0014071579317017453
2023-02-15,-0.0008958362855528409
2023-02-16,-0.00852454891023228
2023-02-17,-0.0021646008009292197
2023-02-21,-0.01605078500310655
2023-02-22,-0.0025944991241852234
2023-02-23,0.005434478480793269
2023-02-24,-0.009534642050079782
2023-02-27,0.0025053975934124827
2023-02-28,-0.0031934718505487168
2023-03-01,-1.7183954234503986e-05
2023-03-02,0.004375158233370253
2023-03-03,0.014142047457804782
2023-03-06,-0.0023992894563460605
2023-03-07,-0.014487577887559246
2023-03-08,0.001058325522264101
2023-03-09,-0.014238800477163534
2023-03-10,-0.008461333504488383
2023-03-13,-0.002049967149804608
2023-03-14,0.008675220889367221
2023-03-15,-0.008635758154662906
2023-03-16,0.010363211975377288
2023-03-17,-0.008659348426006136
2023-03-20,0.008115020483045842
2023-03-21,0.007033223990749618
2023-03-22,-0.011307035001208426
2023-03-23,0.0006700024506587559
2023-03-24,0.0062117407360905525
2023-03-27,0.002123709648560989
2023-03-28,0.0014037610189597811
2023-03-29,0.009374682257831978
2023-03-30,0.005797163182049049
2023-03-31,0.010567150260562418
2023-04-03,0.005365616935715283
2023-04-04,-0.0033702307886222887
2023-04-05,0.0008596600770470177
2023-04-06,0.001273901582997036
2023-04-10,0.0005536174480823542
2023-04-11,0.0032098327310656188
2023-04-12,-0.0017537363174987828
2023-04-13,0.008087344921221769
2023-04-14,-0.005066125130626911
2023-04-17,0.0022266017737780715
2023-04-18,0.0003774236760278134
2023-04-19,-0.0012233279118010407
2023-04-20,-0.0030479281197603133
2023-04-21,-0.0014141908981956204
2023-04-24,0.002325984707446409
2023-04-25,-0.011356318583430822
2023-04-26,-0.00689086574367759
2023-04-27,0.010892919072325886
2023-04-28,0.008076957199630636
2023-05-01,-0.0037605538244968543
2023-05-02,-0.01021362694084113
2023-05-03,-0.0036234158804649345
2023-05-04,-0.0038127439785199634
2023-05-05,0.01407913703368833
2023-05-08,-0.0016707915631972699
2023-05-09,-0.002891159454082744
2023-05-10,0.0026034999398853367
2023-05-11,-0.004590410448972277
2023-05-12,-0.0021968968839970724
2023-05-15,0.0037123496865594688
2023-05-16,-0.010683469170419796
2023-05-17,0.00911921969874111
2023-05-18,0.0020851894339485146
2023-05-19,-0.00048635688987237356
2023-05-22,0.0014852056629412666
2023-05-23,-0.006114729435216171
2023-05-24,-0.007682462068289079
2023-05-25,-0.000992509226749871
2023-05-26,0.009907527302920556
2023-05-30,-0.002293623645365921
2023-05-31,-0.004450040186778061
2023-06-01,0.008276327387588529
2023-06-02,0.013617591990304
2023-06-05,-0.003085353207741799
2023-06-06,0.005447911461622085
2023-06-07,0.0018414421530364169
2023-06-08,0.004132641369681943
2023-06-09,-0.0016695163754962834
2023-06-12,0.0032424858767451225
2023-06-13,0.004813521391851076
2023-06-14,2.579626486034565e-07
2023-06-15,0.011134046424340672
2023-06-16,-0.0018851472837080445
2023-06-20,-0.007772684363798296
2023-06-21,-0.001073456582266582
2023-06-22,-0.004577904755733642
2023-06-23,-0.00790585963948611
2023-06-26,0.002478608946258249
2023-06-27,0.006099492522767912
2023-06-28,-0.0005271736920435017
2023-06-29,0.0031489723729034116
2023-06-30,0.009046532658847185
2023-07-03,0.001691666651496085
2023-07-05,-0.0031029573990152617
2023-07-06,-0.010245484600039741
2023-07-07,0.0018777490269814214
2023-07-10,0.004618264433243144
2023-07-11,0.008475975614003992
2023-07-12,0.009538476652440979
2023-07-13,0.007176610118400933
2023-07-14,-0.0045422722488004455
2023-07-17,0.0013085002304460097
2023-07-18,0.005907183151364476
2023-07-19,0.003959897524424411
2023-07-20,-0.0020183669501713675
2023-07-21,0.0019431750241568912
2023-07-24,0.0039037253162036607
2023-07-25,0.0018164115782841462
2023-07-26,0.0010624709791571226
2023-07-27,-0.009605479209507778
2023-07-28,0.007298224480740461
2023-07-31,0.0030616565557019825
2023-08-01,-0.0055102783412413975
2023-08-02,-0.011317059345492413
2023-08-03,-0.0034406787223537575
2023-08-04,-0.0017531144047205976
2023-08-07,0.004403059539924261
2023-08-08,-0.003067384542516051
2023-08-09,-0.0018490266874401058
2023-08-10,-0.001717916598868033
2023-08-11,-0.0003656754879124171
2023-08-14,-0.0002878937517850137
2023-08-15,-0.010908088195750483
2023-08-16,-0.006685245121805971
2023-08-17,-0.004243755731857651
2023-08-18,0.002088306374279011
2023-08-21,0.0004445956920083055
2023-08-22,-0.0018378437653998496
2023-08-23,0.010111586365189882
2023-08-24,-0.008576436836998547
2023-08-25,0.005242415329427232
2023-08-28,0.0054564205939346645
2023-08-29,0.010819074582854289
2023-08-30,0.0016579140599186956
2023-08-31,-0.0021722305174397697
2023-09-01,0.0035429518176254703
2023-09-05,-0.007747120281543926
2023-09-06,-0.0033674749021380813
2023-09-07,-0.0019700916012125626
2023-09-08,0.0016592403623700669
2023-09-11,0.0032117298898476703
2023-09-12,-0.0007350973291240091
2023-09-13,-0.0008930504983484559
2023-09-14,0.008201649112436067
2023-09-15,-0.007421044903972875
2023-09-18,0.0003502419813947861
2023-09-19,-0.002772306480976528
2023-09-20,-0.005023412120795657
2023-09-21,-0.014830527357182374
2023-09-22,0.00016825657858263887
2023-09-25,4.443663872217443e-05
2023-09-26,-0.012134108827279323
2023-09-27,-0.0001878298099887172
2023-09-28,0.003475236770712171
2023-09-29,-0.0038871914723583004
2023-10-02,-0.009676625371604687
2023-10-03,-0.01072062767089071
2023-10-04,0.0013308212935462499
2023-10-05,-0.00019969019841748997
2023-10-06,0.007827103181454024
2023-10-09,0.009451401096062373
2023-10-10,0.005270016009033676
2023-10-11,0.004157523863557268
2023-10-12,-0.00887103174059334
2023-10-13,0.0032257540368271845
2023-10-16,0.006637772990450223
2023-10-17,0.0008380644862487207
2023-10-18,-0.009257129647765231
2023-10-19,-0.007994897661610873
2023-10-20,-0.008665268193875883
2023-10-23,-0.003910950678530449
2023-10-24,0.005954015238039907
2023-10-25,-0.009011152484335172
2023-10-26,-0.0027163338745231714
2023-10-27,-0.006787517619672037
2023-10-30,0.0059371772329592214
2023-10-31,0.0043264375316947965
2023-11-01,0.007465674706349974
2023-11-02,0.018900438363215828
2023-11-03,0.009654740496823164
2023-11-06,-0.0028895585871193574
2023-11-07,-0.0022621750754356906
2023-11-08,-0.0020808106832813193
2023-11-09,-0.008776925118380867
2023-11-10,0.00919434994478026
2023-11-13,-0.00014773094118610705
2023-11-14,0.02308131463544558
2023-11-15,0.0002481013123680756
2023-11-16,-0.0023185178846986104
2023-11-17,0.0048328567634380966
2023-11-20,0.005767882810076179
2023-11-21,-0.0017314472412396544
2023-11-22,0.002249087134970598
2023-11-24,0.0013941903652195256
2023-11-27,-0.0005782386996895632
2023-11-28,0.0022537892319671174
2023-11-29,0.0017040315480955231
2023-11-30,0.002011155609600128
2023-12-01,0.010490490477032825
2023-12-04,-0.003345456370024724
2023-12-05,-0.0034645405528809224
2023-12-06,-0.0021703062473508996
2023-12-07,0.003199062632542637
2023-12-08,0.0013326253653956996
2023-12-11,0.0034671591268079336
2023-12-12,0.00026488162433911856
2023-12-13,0.01897762804985188
2023-12-14,0.010791710565782958
2023-12-15,-0.004989034552063112
2023-12-18,0.0019159985147075124
2023-12-19,0.007488087743962513
2023-12-20,-0.012107538884878356
2023-12-21,0.008503325457642734
2023-12-22,0.0020948939780794608
2023-12-26,0.005812947163977622
2023-12-27,0.0027960032959616346
2023-12-28,-0.0008567020199979868
2023-12-29,-0.004055972739667202
2024-01-02,-0.0021569278952307622
2024-01-03,-0.006097991642028096
2024-01-04,-0.003285599291273769
2024-01-05,0.0004023045883818066
2024-01-08,0.007469491853165245
2024-01-09,-0.004511756426788315
2024-01-10,0.000871402715134193
2024-01-11,-0.0010918230200442063
2024-01-12,0.0026473384529467504
2024-01-16,-0.009311769313823519
2024-01-17,-0.007023453545280264
2024-01-18,0.004255420858987519
2024-01-19,0.007909828063361171
2024-01-22,0.0035693348108390382
2024-01-23,0.0005781616640269827
2024-01-24,-0.0010078641666375872
2024-01-25,0.006736215421509083
2024-01-26,0.0002037033622753413
2024-01-29,0.005809085857644392
2024-01-30,-0.00020697078666542844
2024-01-31,-0.009599225739903041
2024-02-01,0.009852756078822116
2024-02-02,-0.0031501066466222416
2024-02-05,-0.006631736568629947
2024-02-06,0.005775174008671249
2024-02-07,0.0030241084110906153
2024-02-08,0.001513139212501845
2024-02-09,0.0026389938413404956
2024-02-12,0.0033705057431288425
2024-02-13,-0.016052296440389743
2024-02-14,0.007309043646687592
2024-02-15,0.010925797151781293
2024-02-16,-0.0034495055309936673
2024-02-20,-0.0030312432721165926
2024-02-21,0.002034264565728668
2024-02-22,0.009623815504318302
2024-02-23,0.0010253116588635571
2024-02-26,-0.0025464507939241417
2024-02-27,0.0024518256394765415
2024-02-28,-0.0012474022471846307
2024-02-29,0.003408558543696319
2024-03-01,0.008574643011304716
2024-03-04,0.0016464896322527921
2024-03-05,-0.004796965018737975
2024-03-06,0.006755267395712646
2024-03-07,0.006311812191272639
2024-03-08,-0.0018092422978390535
2024-03-11,0.00032157551714710373
2024-03-12,0.0026114912180763847
2024-03-13,0.001259328708060911
2024-03-14,-0.0054592536839550895
2024-03-15,-0.002842158272286708
2024-03-18,0.0021601554471315705
2024-03-19,0.003742150437312563
2024-03-20,0.007349780095595603
2024-03-21,0.003700434911176634
2024-03-22,-0.00400350634347558
2024-03-25,-0.000522813617845061
2024-03-26,-0.0020280051269414737
2024-03-27,0.011104348658275105
2024-03-28,0.0035084729898772742
2024-04-01,-0.0036654129433194675
2024-04-02,-0.00399730054356922
2024-04-03,0.0023776243853532507
2024-04-04,-0.0069605522411575185
2024-04-05,0.0056864187351435115
2024-04-08,0.002177814975028631
2024-04-09,0.0031778826268703897
2024-04-10,-0.01405837550440616
2024-04-11,0.0034281237319888657
2024-04-12,-0.011829843136546687
2024-04-15,-0.007568312864144248
2024-04-16,-0.00513432402169234
2024-04-17,-0.0029910012805955425
2024-04-18,-0.0009248789144624519
2024-04-19,0.0015166826410571098
2024-04-22,0.005661536506513749
2024-04-23,0.008057261792047766
2024-04-24,0.00026569686681918235
2024-04-25,-0.002287368602989713
2024-04-26,0.0032138316159264985
2024-04-29,0.004843934108375391
2024-04-30,-0.013979833175527184
2024-05-01,-0.001231984728900475
2024-05-02,0.008488135672527548
2024-05-03,0.00844525698134499
2024-05-06,0.007356342693667087
2024-05-07,0.0022082628032785117
2024-05-08,-0.0009863934435437077
2024-05-09,0.008117216312760125
2024-05-10,0.00018047077107236884
2024-05-13,0.0007333214058379862
2024-05-14,0.004970078682435173
2024-05-15,0.01093251360329575
2024-05-16,-0.0022787790843238342
2024-05-17,0.0029944446575303554
2024-05-20,-0.0005314749570363695
2024-05-21,0.0004162442884119501
2024-05-22,-0.006179393799519451
2024-05-23,-0.010821335809242754
2024-05-24,0.00469237567499165
2024-05-28,-0.0014119069404910467
2024-05-29,-0.010676125664400408
2024-05-30,0.0018112413111492007
2024-05-31,0.008411727252542257
2024-06-03,-0.0014731048815871735
2024-06-04,-0.0023259572984323886
2024-06-05,0.0075144620714522005
2024-06-06,0.0006763933923236829
2024-06-07,-0.007668576943099435
2024-06-10,0.003373778342097999
2024-06-11,-0.000624097648461749
2024-06-12,0.005758570238563724
2024-06-13,-0.0005001043131605814
2024-06-14,-0.0017017719597750747
2024-06-17,0.003409524760582239
2024-06-18,0.0038149827942351275
2024-06-20,0.0008549311061666977
2024-06-21,-0.002491106744102906
2024-06-24,0.004126781800444116
2024-06-25,-0.0019716861429991987
2024-06-26,-0.003966316765904859
2024-06-27,0.0028058036593175415
2024-06-28,-0.0008806697928654457
2024-07-01,-0.0016897176615042917
2024-07-02,0.0038794521567815637
2024-07-03,0.004688189977004995
2024-07-05,0.0024589209101816153
2024-07-08,-0.0006270869984077468
2024-07-09,-0.0008396752225997877
2024-07-10,0.007745693419108162
2024-07-11,0.00753514344622013
2024-07-12,0.005779198169658953
2024-07-15,0.0006537436694849044
2024-07-16,0.010356511746804962
2024-07-17,-0.005110039780801417
2024-07-18,-0.00804464343169397
2024-07-19,-0.007051808303521524
2024-07-22,0.007030678488191707
2024-07-23,-0.0027541479491240807
2024-07-24,-0.011165035445772435
2024-07-25,-0.0005301991238947149
2024-07-26,0.010103730309972202
2024-07-29,-0.001471812715198992
2024-07-30,0.0012281046772908612
2024-07-31,0.01138664782392718
2024-08-01,-0.011109604269998869
2024-08-02,-0.01186415277196662
2024-08-05,-0.02167631834984061
2024-08-06,0.004676826380056581
2024-08-07,-0.0032797107142485842
2024-08-08,0.016577083486794257
2024-08-09,0.0033742758260763175
2024-08-12,0.0009950097719020987
2024-08-13,0.009832135879984048
2024-08-14,0.0011755884077371771
2024-08-15,0.010484364291336154
2024-08-16,0.0035569156140526554
2024-08-19,0.006919098526215811
2024-08-20,-0.003393300962305405
2024-08-21,0.003989957841633482
2024-08-22,-0.0056054957304550995
2024-08-23,0.013391649078482603
2024-08-26,-0.0006315146464581119
2024-08-27,-0.0003507591410297469
2024-08-28,-0.0046048442065559385
2024-08-29,0.0028820898291402257
2024-08-30,0.0041634626186135395
2024-09-03,-0.013960365981726576
2024-09-04,-0.0006608909171890716
2024-09-05,-0.0027965500166919574
2024-09-06,-0.01213238938747796
2024-09-09,0.008406144451434366
2024-09-10,0.0008916634794160543
2024-09-11,0.003982775905355269
2024-09-12,0.006915435060159394
2024-09-13,0.007255950060542325
2024-09-16,0.004986663778017071
2024-09-17,7.953598451945637e-05
2024-09-18,-0.0036275207098590296
2024-09-19,0.012271449709553925
2024-09-20,-0.0010887825077081578
2024-09-23,0.003088568727557014
2024-09-24,0.0038583003527736396
2024-09-25,-0.00606944885554009
2024-09-26,0.004268621740750048
2024-09-27,0.0016212737900105512
2024-09-30,0.0007061097451585549
2024-10-01,-0.0013536858445555037
2024-10-02,0.0017958305031452143
2024-10-03,-0.002286734760923081
2024-10-04,0.004531989591728915
2024-10-07,-0.005329205581896781
2024-10-08,-0.0009840540499930482
2024-10-09,0.0025456558665870152
2024-10-10,-0.0005041805752598512
2024-10-11,0.007769361479929209
2024-10-14,0.003726877955467126
2024-10-15,-0.006653164945413524
2024-10-16,0.006358502695438363
2024-10-17,-0.0013946151662004103
2024-10-18,0.002947659696838324
2024-10-21,-0.006983238741957052
2024-10-22,1.1508947346578114e-05
2024-10-23,-0.005202736004850338
2024-10-24,0.0013718849830233206
2024-10-25,-0.0029632236842587535
2024-10-28,0.002190203450980813
2024-10-29,-0.0019878965756296523
2024-10-30,-0.0010066236745301682
2024-10-31,-0.00898202639581802
2024-11-01,-0.0018000884499877459
2024-11-04,0.0026272756157893814
2024-11-05,0.009925370010996184
2024-11-06,0.010835841753008774
2024-11-07,0.006360290770256926
2024-11-08,0.002084379877215263
2024-11-11,-0.0012342460516517613
2024-11-12,-0.00907498612713674
2024-11-13,-0.0022593533419196193
2024-11-14,-0.004444461520796754
2024-11-15,-0.006407458494683869
2024-11-18,0.0068418227445702865
2024-11-19,0.0014816416807886923
2024-11-20,0.0013270751308717616
2024-11-21,0.007611042223296317
2024-11-22,0.005253552483820731
2024-11-25,0.0029587735226989874
2024-11-26,0.0008700787972940019
2024-11-27,-0.00013312979547647048
2024-11-29,0.00435462235370751
2024-12-02,-0.0030450798889732466
2024-12-03,-0.0012877881018701174
2024-12-04,0.0008763279281814794
2024-12-05,-0.0017200246105803206
2024-12-06,-0.0015542790629248838
2024-12-09,-0.001504972125533722
2024-12-10,-0.0049337069065813486
2024-12-11,0.0026648106105622905
2024-12-12,-0.006096612673385895
2024-12-13,-0.0016420663450253286
2024-12-16,-0.0016198654684298744
2024-12-17,-0.004580868539589133
2024-12-18,-0.025853740187952518
2024-12-19,-0.0031296651555133294
2024-12-20,0.009491152629957556
2024-12-23,0.003068364690991252
2024-12-24,0.006910210437296138
2024-12-26,0.0014662004860109352
2024-12-27,-0.0063930259228763275
2024-12-30,-0.00563373829197591
2024-12-31,0.0007620617526056354
2025-01-02,0.0007892075798984231
2025-01-03,0.0073568205025857985
2025-01-06,0.0001258332553218428
2025-01-07,-0.004340672763238814
2025-01-08,0.000887642001457288
2025-01-10,-0.009936785084775279
2025-01-13,0.0026038207068575267
2025-01-14,0.005175100446585893
2025-01-15,0.014118483212967234
2025-01-16,0.003919457859763088
2025-01-17,0.004289886669883796
2025-01-21,0.010192335682524473
2025-01-22,-0.0027320157155828455
2025-01-23,0.0032933369269094047
2025-01-24,0.0004725137521675356
2025-01-27,-0.006402810092411272
2025-01-28,0.0004089250852631515
2025-01-29,-0.0025013145216184317
2025-01-30,0.00833599205501345
2025-01-31,-0.0062577064475504065
2025-02-03,-0.0025915487391782715
2025-02-04,0.006203055482935608
2025-02-05,0.007266311928870517
2025-02-06,-0.0007452288776694896
2025-02-07,-0.005684677497989061
2025-02-10,0.006714763762365104
2025-02-11,0.0008738745913421787
2025-02-12,-0.005113718678783407
2025-02-13,0.008736057803211008
2025-02-14,-0.0005800678572352554
2025-02-18,0.00561785137059204
2025-02-19,0.0017730311927898266
2025-02-20,-0.00037098016954443863
2025-02-21,-0.010471818885918124
2025-02-24,-0.0021050530816265215
2025-02-25,-0.0008976419855997839
2025-02-26,4.829625633622326e-05
2025-02-27,-0.009808622927931736
2025-02-28,0.008611617878824755
2025-03-03,-0.00842400354265611
2025-03-04,-0.008323690163375494
2025-03-05,0.006700070035118145
2025-03-06,-0.01148826457848201
2025-03-07,0.00656682129844523
2025-03-10,-0.013695094289430991
2025-03-11,-0.005120836482248255
2025-03-12,0.0008600642541131357
2025-03-13,-0.006461399685078831
2025-03-14,0.015865957847943646
2025-03-17,0.009862589476066809
2025-03-18,-0.004048650990845215
2025-03-19,0.007384555250957555
2025-03-20,-0.002233508811597375
2025-03-21,-0.004185052333080122
2025-03-24,0.009628963289170595
2025-03-25,-0.0016314295249128244
2025-03-26,-0.004594334541932794
2025-03-27,-0.0013301172017970357
2025-03-28,-0.008580006396319017
2025-03-31,0.006229276072029182
2025-04-01,0.0012005408078327338
2025-04-02,0.005320112117035422
2025-04-03,-0.0350308033491208
2025-04-04,-0.048835971871787745
2025-04-07,-0.012565857426127033
2025-04-08,-0.014520085087643
2025-04-09,0.06622785627902769
2025-04-10,-0.026868234827851844
2025-04-11,0.01596382358823226
2025-04-14,0.009162725831435169
2025-04-15,0.00026285921847823957
2025-04-16,-0.006905378804176793
2025-04-17,0.004884466519564179
2025-04-21,-0.014928365651997785
2025-04-22,0.017947798957334823
2025-04-23,0.00642667447841492
2025-04-24,0.014432361644277506
2025-04-25,0.0013947221659523171
2025-04-28,0.0036589985078662774
2025-04-29,0.003131350059823627
2025-04-30,-0.0028132745559903494
2025-05-01,-0.0004284585666338246
2025-05-02,0.012696434766968023
2025-05-05,-0.002475172180332074
2025-05-06,-0.002673201084559084
2025-05-07,0.0008510128769383118
2025-05-08,0.002264135239448029
2025-05-09,0.0014130373323912738
2025-05-12,0.016889437885110534
2025-05-13,0.0019721559576574834
2025-05-14,-0.0052778543570390505
2025-05-15,0.007671513502859613
2025-05-16,0.004778745252094588
2025-05-19,0.0009131792377362019
2025-05-20,-0.00034043717365194983
2025-05-21,-0.014952384276475238
2025-05-22,-0.0025745365302436577
2025-05-23,0.0005328211034605694
2025-05-27,0.011987024927761231
2025-05-28,-0.006683326200380173
2025-05-29,0.004369794423669476
2025-05-30,-0.0015450545341872156
2025-06-02,0.005817704657719132
2025-06-03,0.004305289635985807
2025-06-04,-0.00029045147790801595
2025-06-05,-0.0015058209086691106
2025-06-06,0.005934681399396412
2025-06-09,0.001391208092013853
2025-06-10,0.005342780811271898
2025-06-11,0.0009907052727335637
2025-06-12,0.004984265148564646
2025-06-13,-0.005897878107321168
2025-06-16,0.0031294231487254496
2025-06-17,-0.004100391632005865
2025-06-18,0.00018318095535868815
2025-06-20,-0.0007037801015936873
2025-06-23,0.0037488874624875984
2025-06-24,0.005916744739010606
2025-06-25,-0.0037332783695039414
2025-06-26,0.007027389224938041
2025-06-27,-0.0007939629727482791
2025-06-30,0.004562382951384917
2025-07-01,0.004772327106139972
2025-07-02,0.004421008003027986
2025-07-03,0.0034989523286874822
2025-07-07,-0.0074652549268791136
2025-07-08,0.0021212869628167313
2025-07-09,0.003960285933985195
2025-07-10,0.002993205788932268
2025-07-11,-0.0037368420983028986
2025-07-14,0.00047595265617016256
2025-07-15,-0.008306481028231586
2025-07-16,0.0038648053503797884
2025-07-17,0.004544398896756971
2025-07-18,-0.0005366193184216386
2025-07-21,0.0011153031599677162
2025-07-22,0.005619261852208647
2025-07-23,0.0058145867240304615
2025-07-24,-0.0024558651705812373
2025-07-25,0.0012795485103892952
2025-07-28,-0.003120194224131687
2025-07-29,0.002530253082950046
2025-07-30,-0.005022951159273176
2025-07-31,-0.006860615654071491
2025-08-01,-0.006794924725933457
2025-08-04,0.010570842040266062
2025-08-05,-0.0016682118671063342
2025-08-06,-0.0003025258306152965
2025-08-07,0.0005694378368728941
2025-08-08,0.002822543515140266
2025-08-11,-0.003179340690476245
2025-08-12,0.008935865943247488
2025-08-13,0.007450801798988388
2025-08-14,-0.0034525683848148437
2025-08-15,-0.001197678079758851
2025-08-18,-0.0007813562129070008
2025-08-19,-0.0007477812816498786
2025-08-20,0.001617560950670304
2025-08-21,-0.0020549850953023568
2025-08-22,0.01497241011835257
2025-08-25,-0.005383745797434719
2025-08-26,0.0021490500068958355
2025-08-27,0.0023971125729224663
2025-08-28,0.0024129782762249957
2025-08-29,-0.0016975379390859033
2025-09-02,-0.002638829906531185
2025-09-03,-0.00027548411880176703
2025-09-04,0.004957376519216207
2025-09-05,0.001200885898848261
2025-09-08,0.002642800033943542
2025-09-09,0.00036370126665172194
2025-09-10,0.004129868362381297
2025-09-11,0.008344500054617683
2025-09-12,-0.003027424710162854
2025-09-15,0.002500707191748065
2025-09-16,0.00010966417069271173
2025-09-17,-0.00043555205413437593
2025-09-18,0.002824058671034725
2025-09-19,-0.0007543867747184814
2025-09-22,0.003205546904941946
2025-09-23,0.001498821963308109
2025-09-24,-0.0024649412912002276
2025-09-25,-0.0036040525268933995
2025-09-26,0.006026100472544793
2025-09-29,0.0017404567196370579
2025-09-30,0.0028845207962918088
2025-10-01,0.005068046375547749
2025-10-02,-0.0004962806906637305
2025-10-03,0.003662040535535617
2025-10-06,0.002821349342060117
2025-10-07,-0.0020579431660615803
2025-10-08,0.004237276451731801
2025-10-09,-0.006048330703386091
2025-10-10,-0.01807229219703095
2025-10-13,0.013062559696266194
2025-10-14,0.0024906075020607824
2025-10-15,0.005554524361843322
2025-10-16,-0.003971639883445463
2025-10-17,0.0014033817452775107
2025-10-20,0.010862246579461042
2025-10-21,-0.005553969725537704
2025-10-22,-0.0015997876471494147
2025-10-23,0.00548129946392355
2025-10-24,0.0044412072085712635
2025-10-27,0.003917520154976508
2025-10-28,-0.00408182191706792
2025-10-29,-0.004267774779117698
2025-10-30,-0.0034699792932784182
2025-10-31,0.0011171491727985606
2025-11-03,6.29089238237543e-05
2025-11-04,-0.007844806344154806
2025-11-05,0.0036153451957914224
2025-11-06,-0.00449378896558442
2025-11-07,0.004437259958659434
2025-11-10,0.009639387239414607
2025-11-11,0.0051384637245908025
2025-11-12,0.0014746258866551332
2025-11-13,-0.011171657323309481
2025-11-14,-0.000883706456223213
2025-11-17,-0.009007759383193323
2025-11-18,-0.0009187412739592842
2025-11-19,-0.0017550885410145118
2025-11-20,-0.010718446919975075
2025-11-21,0.009467399930348095
2025-11-24,0.00845629893774032
2025-11-25,0.007505179254536618
2025-11-26,0.007048811119907298
2025-11-28,0.005191203353113034
2025-12-01,-0.0055210665013586315
2025-12-02,-0.0015268365760827348
2025-12-03,0.005846121415784848
2025-12-04,0.00030331662953099974
2025-12-05,-0.00017065574328217805
2025-12-08,-0.004616597456561463
2025-12-09,-0.0007134578728615474
2025-12-10,0.008436983127828854
2025-12-11,0.003962167657836066
2025-12-12,-0.007740838426561489
2025-12-15,-0.00023728442483242213
2025-12-16,-0.0056657876509916836
2025-12-17,-0.002584648800491841
2025-12-18,0.0028072719852967093
2025-12-19,0.004558049214524176
2025-12-22,0.006947737097815902
2025-12-23,0.002803698757021307
2025-12-24,0.0026324498160023766
2025-12-26,0.0007689632711604222
2025-12-29,-0.004203170184216575
2025-12-30,3.7404923802962247e-06
2025-12-31,-0.007064620355877956
2026-01-02,0.006900333523464571
2026-01-05,0.009420951090849412
2026-01-06,0.005538417394169942
2026-01-07,-0.005528701486208822
2026-01-08,0.003675825456089604
2026-01-09,0.005236189411803838
2026-01-12,0.0028674719204790314
2026-01-13,-0.00025251669824450496
2026-01-14,0.0036309681608735276
2026-01-15,0.00161330999933313
2026-01-16,-0.00098019803934621
2026-01-20,-0.008878177614825558
2026-01-21,0.011997140538065495
2026-01-22,0.0030783102493347095
2026-01-23,0.0002401982920267672
2026-01-26,0.0038177421916609075
2026-01-27,0.005582560435660244
2026-01-28,0.001766105706649789
2026-01-29,0.0016330520821099734
2026-01-30,-0.011338496162710522
2026-02-02,-0.002403475145272286
2026-02-03,0.00525529506618561
2026-02-04,0.0006787086639630831
2026-02-05,-0.008836444408027447
2026-02-06,0.01975553350796584
2026-02-09,0.004945437691491048
2026-02-10,-0.00010449573596239542
2026-02-11,0.003708643922732612
2026-02-12,-0.011373408253618407
2026-02-13,0.007792680953468494
2026-02-17,-0.0025680655673992114
2026-02-18,0.004936256600881174
2026-02-19,2.2959880949195518e-05
2026-02-20,0.005296123758260951
2026-02-23,-0.003797730768336901
2026-02-24,0.004245538958274622
2026-02-25,0.004584169957230396
2026-02-26,-0.00017489931260742183
2026-02-27,0.0010293480624812919
2026-03-02,0.0009792526867940475
2026-03-03,-0.013559703122098624
2026-03-04,0.005082843499155058
2026-03-05,-0.008018467502542839
2026-03-06,-0.005885069635856815
2026-03-09,0.005013399637240199
2026-03-10,-0.0014963226615107863
2026-03-11,-0.0002661134511890573
2026-03-12,-0.010125490674027529
2026-03-13,-0.00281740732896436
2026-03-16,0.007760589153765205
2026-03-17,0.0035378464303229985
2026-03-18,-0.011516634243931727
2026-03-19,-0.0022026756329476017
2026-03-20,-0.017327545309121034
2026-03-23,0.007114970004876588
2026-03-24,0.0007784964701497483
2026-03-25,0.007071732222359591
2026-03-26,-0.01118086945379084
2026-03-27,-0.005292593319406989
2026-03-30,-0.0009261124926799727
2026-03-31,0.018804842754718394
2026-04-01,0.00313092360403903
2026-04-02,0.0018590684904161584
2026-04-06,0.002878908403998933
2026-04-07,0.0016046649249901927
2026-04-08,0.016524723561213272
2026-04-09,0.0021299678203007123
2026-04-10,-0.003217861116788797
2026-04-13,0.007101937916643737
2026-04-14,0.006600042886389908
2026-04-15,0.000415511138353709
2026-04-16,0.002862071700138031
2026-04-17,0.007654785970087539
2026-04-20,-0.0005769237610926584
2026-04-21,-0.006925920239651091
2026-04-22,0.0060232803448190585
2026-04-23,0.00010210857553231293
2026-04-24,0.0034420211735868853
2026-04-27,-0.0008372230350341521
2026-04-28,-0.002485108938311475
2026-04-29,-0.0005320914410495202
2026-04-30,0.012866600834388313
2026-05-01,-0.0007972271117454025
2026-05-04,-0.003922250218613017
2026-05-05,0.00773208856730236
2026-05-06,0.007221667052942982
2026-05-07,-0.007219316326678631
2026-05-08,0.005425048950783878
2026-05-11,0.00409709593749271
2026-05-12,-0.001797995576921567
2026-05-13,0.0004797354347752642
2026-05-14,0.002689880739958202
2026-05-15,-0.011952324594827554
2026-05-18,0.003122936320231727
2026-05-19,-0.0031047482951945186
2026-05-20,0.007913655848382566
2026-05-21,0.0027480591476723537
2026-05-22,0.004522300452947436
2026-05-26,0.004851528132812603
2026-05-27,-0.004149543917433337
2026-05-28,0.0034511729898265816
2026-05-29,3.316660688696709e-05
2026-06-01,-0.0003182634832461562
2026-06-02,0.00552656655360699
2026-06-03,-0.003500765099474335
2026-06-04,0.004881840469356119
2026-06-05,-0.020545405351620187
2026-06-08,0.0028039026036603674
2026-06-09,0.0001533132708553903
2026-06-10,-0.009410937376290104
2026-06-11,0.01515174252108294
2026-06-12,0.00469495802232237
2026-06-15,0.0063077301339063635
2026-06-16,-0.003457039426218395
2026-06-17,-0.010192930308978623
2026-06-18,0.005953504042428891
2026-06-22,0.002270532227059406
2026-06-23,-0.0093155815017364
2026-06-24,-0.0022774946581398657
2026-06-25,0.006758267544065932
2026-06-26,-2.4820789595076835e-05
2026-06-29,0.003196810751172554
2026-06-30,0.0006823040342209414
2026-07-01,-0.004684219236897718
2026-07-02,0.004500590955001035
2026-07-06,0.0049914493213089085
2026-07-07,-0.0027493347604914736
2026-07-08,-0.002918585718619084
2026-07-09,0.004842430850736378
2026-07-10,0.0009984208247521373
2026-07-13,-0.0033922082450587535
2026-07-14,0.003107681024863226
2026-07-15,0.00034209689984380885
2026-07-16,-0.0004811992522277874
2026-07-17,-0.0029457984452473563
2026-07-20,-0.003105181453402562
2026-07-21,0.009809410712851735
2026-07-22,0.0012371954661020063
2026-07-23,-0.0038323200859038693
2026-07-24,0.0012358009726613278
2026-07-27,-0.0015340720878127426
2026-07-28,-0.0010971881958284663
2026-07-29,-0.007781728876112286
2026-07-30,0.010033669746672979
2026-07-31,-0.0012558818494271544
2026-08-03,0.0038968049770568072
2026-08-04,0.010802353726794922
2026-08-05,-0.0001525702610071141
2026-08-06,-0.0012924302126652385
2026-08-07,0.006541855296963646
2026-08-10,0.003060086017189959
2026-08-11,0.0010325184427851096
2026-08-12,0.005046682559083136
2026-08-13,0.0029653596484973364
2026-08-14,0.0009736037791633417
2026-08-17,-0.0002834255611077182
2026-08-18,-0.0052512345426935884
2026-08-19,0.007190861121692458
2026-08-20,-0.004492373147935146
2026-08-21,0.0037921700300600795
2026-08-24,-0.00166654400116536
2026-08-25,0.0019816984638377074
2026-08-26,-0.0010880215679802629
2026-08-27,0.0013292735568037426
2026-08-28,-0.005884500447082023
2026-08-31,-0.0009359364040829427
2026-09-01,-0.0040990071194451595
2026-09-02,0.004422115102991536
2026-09-03,0.006689783719748701
2026-09-04,-0.0014160421855169926
2026-09-08,-0.0033240334658983734
2026-09-09,-0.0037996791321817255
2026-09-10,-0.007328072232733983
2026-09-11,0.004446972227950556
2026-09-14,-0.0059791359645121195
2026-09-15,-0.0010143503268656667
2026-09-16,-0.006166504137113552
2026-09-17,0.008324137587085124
2026-09-18,-0.002283586231171058
2026-09-21,0.006212310708896347
2026-09-22,-1.8470720920515936e-05
2026-09-23,-0.00858496518777682
2026-09-24,-0.0021959953968705846
2026-09-25,0.002575410726990163
