Price,Close,High,Low,Open,Volume
Ticker,DBC,DBC,DBC,DBC,DBC
Date,,,,,
2012-01-03,23.36789321899414,23.401711494802605,23.122717169559337,23.122717169559337,5940500
2012-01-04,23.54543685913086,23.587708092994006,23.342532034008183,23.342532034008183,2439000
2012-01-05,23.22416877746582,23.435528163686985,23.190352114193388,23.427073594732843,1212500
2012-01-06,23.32562255859375,23.41016663764333,23.14807983133522,23.32562255859375,17707200
2012-01-09,23.350990295410156,23.427078205885547,23.224173348680754,23.350990295410156,2432600
2012-01-10,23.52007484436035,23.604618930716693,23.48625817734441,23.57080065115643,2120000
2012-01-11,23.452438354492188,23.50316415795024,23.30025933157381,23.47780206249332,2079500
2012-01-12,23.122718811035156,23.604617987706686,22.564730120937146,23.38480401697955,1740600
2012-01-13,23.071992874145508,23.122718678624597,22.92826841766788,23.03817459612995,3156800
2012-01-17,23.232624053955078,23.31716813352711,23.156534543594667,23.215714915531834,1910500
2012-01-18,23.24108123779297,23.291807046225173,23.122720480603032,23.24108123779297,1544100
2012-01-19,23.342533111572266,23.342533111572266,23.173444943225626,23.317169402556985,2834400
2012-01-20,23.173446655273438,23.215717894210943,23.029722185323756,23.1903557958662,1907200
2012-01-23,23.44398307800293,23.460892216160314,23.232623688668152,23.232623688668152,1767900
2012-01-24,23.486257553100586,23.486257553100586,23.274898149099645,23.274898149099645,2428100
2012-01-25,23.680707931518555,23.697617070930477,23.325624066589594,23.393259011693,1913200
2012-01-26,23.748342514038086,23.892066971756513,23.69761670912107,23.849794123872115,2136400
2012-01-27,23.8328857421875,23.8328857421875,23.63843387398433,23.63843387398433,1828700
2012-01-30,23.587711334228516,23.72298123623134,23.520076383227103,23.672255426116386,3085600
2012-01-31,23.528526306152344,23.832884331812004,23.45243679973743,23.714521981530964,1912600
2012-02-01,23.6046199798584,23.722980738491394,23.56234874107358,23.621529120390083,1570400
2012-02-02,23.66379737854004,23.689161086142814,23.452437986149494,23.579253299074985,2079200
2012-02-03,23.942792892456055,23.95124746207382,23.706071393335744,23.8244321428959,1774800
2012-02-06,24.061153411865234,24.094971690012812,23.87515771968633,23.934338093900333,1680100
2012-02-07,24.04424476623535,24.18796921658462,23.959700687345634,24.027335627948574,2370400
2012-02-08,24.154151916503906,24.221786859841156,23.97661079494771,24.16260648598909,1152800
2012-02-09,24.28096580505371,24.357055313399208,24.20487629670821,24.28942037404145,1484900
2012-02-10,24.05270004272461,24.0949712771405,23.925883114388487,24.02733633454854,1870100
2012-02-13,24.11188316345215,24.238698493694535,24.01042993173159,24.16260897304022,2124700
2012-02-14,24.103425979614258,24.162606353140944,24.027336467210162,24.103425979614258,1376300
2012-02-15,24.187969207763672,24.230240440921026,24.08651599062417,24.187969207763672,1929400
2012-02-16,24.297876358032227,24.31478549699242,24.07806238918246,24.111880667102845,1657600
2012-02-17,24.25560760498047,24.32324255519732,24.179518084418458,24.314787984852163,1572500
2012-02-21,24.636051177978516,24.72059526059029,24.475419194814815,24.48387215178617,2446900
2012-02-22,24.86431884765625,24.889682555315982,24.619142790455623,24.65295945479107,3163600
2012-02-23,24.940410614013672,24.965774323967615,24.737505772015155,24.855866526711537,1544000
2012-02-24,25.092588424682617,25.14331422957186,24.915045688753878,24.92350025832613,4989900
2012-02-27,24.88968276977539,25.117949690503035,24.88968276977539,25.01649808407835,4821900
2012-02-28,24.881229400634766,25.05031595701324,24.813594455574517,24.99113558165356,2902200
2012-02-29,24.788227081298828,25.008041023379132,24.49232363570826,24.94040608831935,4067900
2012-03-01,25.17713165283203,25.30394696702055,24.754412863840827,24.85586447017396,5275000
2012-03-02,24.923500061035156,24.999589574038836,24.77977560453312,24.999589574038836,2213700
2012-03-05,24.805139541625977,24.881229055330813,24.686778792549237,24.82204868079244,1368900
2012-03-06,24.399328231811523,24.500779834881588,24.348600817732333,24.46696317137295,2082500
2012-03-07,24.509235382080078,24.559961185639622,24.30633055529768,24.390874636259735,1476900
2012-03-08,24.712142944335938,24.754415795768406,24.602236755700325,24.627598854015403,2202300
2012-03-09,24.779775619506836,24.881228841087797,24.59377992791003,24.63605116291795,1409900
2012-03-12,24.74595832824707,24.76286746684035,24.543053502760344,24.576870167402696,717100
2012-03-13,24.855867385864258,24.923502335534923,24.678326247682904,24.703688345969155,1347900
2012-03-14,24.686777114868164,24.88968193344383,24.63604970081613,24.779774148875244,1200800
2012-03-15,24.703683853149414,24.796682496737215,24.517688178517915,24.68677632821499,1339600
2012-03-16,25.008045196533203,25.008045196533203,24.779776647910683,24.805140357494626,1433400
2012-03-19,24.965774536132812,25.024954913983933,24.898139588225195,24.991136633757947,1386400
2012-03-20,24.661415100097656,24.737504613852778,24.576871016753714,24.737504613852778,1577200
2012-03-21,24.602231979370117,24.73750185260363,24.585322842079904,24.661412347341766,951700
2012-03-22,24.407785415649414,24.424692942942972,24.289423049328548,24.348603426216815,1641500
2012-03-23,24.644506454467773,24.847411291030188,24.492327423909884,24.492327423909884,1664200
2012-03-26,24.754411697387695,24.830501204824234,24.695229715180506,24.779773791503786,1555600
2012-03-27,24.652957916259766,24.813591496324925,24.62759421018292,24.76286569671533,1251400
2012-03-28,24.416236877441406,24.492326389506804,24.33169440851917,24.458509724446753,6060500
2012-03-29,24.078062057495117,24.41623676931922,23.96815588085637,24.36551096568166,4891200
2012-03-30,24.348600387573242,24.42468989480362,24.187968416792785,24.255603355159327,2630400
2012-04-02,24.661415100097656,24.695231765908673,24.171061351755903,24.179515921344723,1752700
2012-04-03,24.551509857177734,24.695232708037956,24.475420340519776,24.68677975067092,1325100
2012-04-04,24.171062469482422,24.39087645132368,24.1118820921683,24.340150643989343,2054900
2012-04-05,24.26405906677246,24.280966592752286,24.078061768096575,24.103425475882613,897000
2012-04-09,24.154151916503906,24.19642476392984,23.968156225462522,24.06115326471109,1578100
2012-04-10,23.8328857421875,24.145696742587713,23.799067465093312,24.120334647311278,1543900
2012-04-11,23.892066955566406,23.993518565331687,23.807522872399165,23.866703246852953,2472600
2012-04-12,24.204879760742188,24.213334330939887,23.934339964593377,23.951249104988772,908600
2012-04-13,23.959701538085938,24.111880562982037,23.925883260311586,24.09497142409486,2228100
2012-04-16,23.722978591918945,23.8751576178454,23.65534364845655,23.86670304834457,1860900
2012-04-17,23.8328857421875,23.858247837463935,23.756796231269785,23.824431172913954,1754300
2012-04-18,23.6046199798584,23.714526168225554,23.536985030276057,23.697618640238264,1801500
2012-04-19,23.613073348999023,23.765252380954504,23.562347542528634,23.70607200464833,1837800
2012-04-20,23.706071853637695,23.841341745059925,23.663799004728062,23.77370679934881,1648000
2012-04-23,23.66379737854004,23.68070651694189,23.44398341694857,23.486256262953194,1026900
2012-04-24,23.66379737854004,23.773705165607872,23.621526145079606,23.748341458005097,736800
2012-04-25,23.799068450927734,23.81597759017526,23.60461818721401,23.78215931168021,886200
2012-04-26,23.84979248046875,23.95970026485057,23.841339524018597,23.841339524018597,851600
2012-04-27,23.925884246826172,23.951247956202735,23.84134177399291,23.89206758020173,814400
2012-04-30,24.018882751464844,24.044246460682444,23.83288705483531,23.86670372124782,1377500
2012-05-01,24.018882751464844,24.094972266573354,23.917431139683025,23.94279323635633,1495500
2012-05-02,23.706071853637695,23.942793357354443,23.680708144291916,23.908976690771038,1311300
2012-05-03,23.44398307800293,23.655342467337707,23.401711845153642,23.60461666540973,1624000
2012-05-04,23.02971839904785,23.215714077355813,22.86063185855265,23.207261120993568,1968400
2012-05-07,22.978994369506836,23.004356465636896,22.767634968186933,22.818360772991316,5352400
2012-05-08,22.89444923400879,22.89444923400879,22.590091194085353,22.83526886236683,3472300
2012-05-09,22.716909408569336,22.77608978357057,22.573184949618792,22.623910754970666,3238300
2012-05-10,22.725360870361328,22.818359517840747,22.70845334471939,22.784542854012706,1631300
2012-05-11,22.556276321411133,22.7507265901195,22.547821751570208,22.590092988230527,1518900
2012-05-14,22.2603702545166,22.387185562385778,22.243461116788943,22.328005192883104,5751700
2012-05-15,22.302642822265625,22.480185553952946,22.294189865439574,22.387186903424148,8431800
2012-05-16,22.277280807495117,22.454821927282126,22.243462529891367,22.285735376896056,1589200
2012-05-17,22.2265567779541,22.3871887717623,22.209647637802387,22.344917533927376,1222100
2012-05-18,22.209644317626953,22.404094562669727,22.19273518000303,22.294188393202454,2698600
2012-05-21,22.50554847717285,22.50554847717285,22.29418908791991,22.302642044451158,851900
2012-05-22,22.184282302856445,22.446367505836136,22.12510192920402,22.361825036357956,1387300
2012-05-23,21.939105987548828,21.998286360523533,21.77001782544034,21.998286360523533,2929100
2012-05-24,21.947559356689453,22.065921717406738,21.837653178035104,22.065921717406738,6060000
2012-05-25,22.02364730834961,22.04901101510738,21.972921507378203,21.98137607629746,1125700
2012-05-29,21.93065071105957,22.19273590258728,21.87147033999307,22.13355553152078,1472900
2012-05-30,21.524839401245117,21.643201755612434,21.474113599398645,21.643201755612434,1629900
2012-05-31,21.338844299316406,21.533294555465424,21.288118496091492,21.533294555465424,2427200
2012-06-01,20.89921760559082,21.10212244301858,20.7893114233549,21.042942067003523,3989700
2012-06-04,21.017578125,21.0429402196117,20.823126261893353,20.882308245257043,4474300
2012-06-05,20.941490173339844,21.04294178441918,20.907671894617206,20.95839931270116,2129000
2012-06-06,21.33039093017578,21.406480445566434,21.178211899394473,21.203575608706124,4778400
2012-06-07,21.186668395996094,21.600932677162714,21.16976086746163,21.592479719167706,2158300
2012-06-08,21.25429916381836,21.25429916381836,20.949942747033344,21.017577685490473,1569600
2012-06-11,20.865400314331055,21.27966454657934,20.84003660570776,21.262755407497142,4247700
2012-06-12,20.96685028076172,21.051394357003524,20.90766991115569,21.042939788124933,2263800
2012-06-13,20.80621910095215,21.009123924122388,20.76394625495156,20.840035765208423,1510800
2012-06-14,21.051395416259766,21.093668262779804,20.789310218012375,20.848490590596217,2601200
2012-06-15,21.017578125,21.119029728535136,20.98375984879218,21.017578125,1627200
2012-06-18,21.034486770629883,21.093668757144965,20.823127370708768,20.86540021821954,1065800
2012-06-19,21.2120304107666,21.27121078726423,21.161304604132106,21.2120304107666,1738200
2012-06-20,20.865400314331055,21.12748551992808,20.848491175248856,21.12748551992808,6226300
2012-06-21,20.41731834411621,20.806220490574965,20.39195624736615,20.789311351045388,1815100
2012-06-22,20.620222091674805,20.637131230311237,20.51031591562642,20.535679623581068,2906300
2012-06-25,20.83158302307129,20.83158302307129,20.577952374999505,20.628678182104995,1377600
2012-06-26,20.975305557250977,21.009123833906227,20.77240073495204,20.882308521537414,1480400
2012-06-27,21.093669891357422,21.203576075706618,21.026034944247684,21.110577418726603,1140500
2012-06-28,20.865400314331055,21.04294143706135,20.713221287679797,20.99221563235902,997600
2012-06-29,21.770017623901367,21.871470842736088,21.330389696524595,21.398024638233004,12446600
2012-07-02,21.72774887084961,21.73620182855211,21.4910257415697,21.693930589862028,3837000
2012-07-03,22.336462020874023,22.336462020874023,22.167373851583996,22.192737560740785,1382200
2012-07-05,22.421009063720703,22.454825734513864,22.251920872121378,22.29419372629346,3286300
2012-07-06,21.90528678894043,22.108191607411456,21.896832219936115,22.09128246940283,1221900
2012-07-09,22.294189453125,22.421004766245318,22.133555863149027,22.14201043236294,1016300
2012-07-10,22.006742477416992,22.235009416007895,21.972924197599475,22.22655645859785,1004700
2012-07-11,22.251916885375977,22.29418973197428,22.049012059336757,22.201191082002225,1200700
2012-07-12,22.302642822265625,22.353370238487273,21.981377248916306,22.057466760704553,868400
2012-07-13,22.573184967041016,22.607001633120273,22.429460507979545,22.429460507979545,970500
2012-07-16,22.85218048095703,22.902906288935046,22.657728594043316,22.74227268236958,1104100
2012-07-17,22.877540588378906,22.97053923870156,22.716908608332425,22.93672096129542,3381500
2012-07-18,23.0804443359375,23.10580804280609,22.843722855340573,22.869084949665016,1446800
2012-07-19,23.359439849853516,23.47780220871845,23.291804907306794,23.33407775423864,2532100
2012-07-20,23.359439849853516,23.376348988626255,23.215715395373703,23.300259476693164,2023500
2012-07-23,22.869089126586914,23.004359029504126,22.74227379417008,22.81836331612907,1534200
2012-07-24,22.733816146850586,22.818360227867668,22.539365889292256,22.78454356298737,3086000
2012-07-25,22.90290641784668,22.995905076783462,22.68309243197889,22.8606351797178,1176600
2012-07-26,22.945175170898438,23.131172468627565,22.869085660471832,23.097354191751652,2906700
2012-07-27,23.18189811706543,23.198807255390815,23.021264528062645,23.0719919430388,925700
2012-07-30,23.317169189453125,23.376349564070292,23.274897954024937,23.274897954024937,5830200
2012-07-31,23.03817367553711,23.34253171533816,23.03817367553711,23.33407714617211,2325400
2012-08-01,23.071992874145508,23.148080774592014,22.9113592786601,23.105809539616814,1254100
2012-08-02,22.877540588378906,22.97899380805309,22.809905646110856,22.84372392351699,1708200
2012-08-03,23.266443252563477,23.38480400112698,23.131173364906825,23.131173364906825,2597400
2012-08-06,23.40171241760254,23.43552908220035,23.181898453812014,23.20726216166853,2365900
2012-08-07,23.579254150390625,23.663798232908096,23.486257110911232,23.503164637379324,1255400
2012-08-08,23.646888732910156,23.722978244759897,23.562346264227532,23.604617498568842,2025200
2012-08-09,23.84134292602539,23.90052330488604,23.69761845770194,23.69761845770194,1634500
2012-08-10,23.714523315429688,23.765250730922364,23.604617140283963,23.646888373983657,2352200
2012-08-13,23.528526306152344,23.697614456528623,23.494709643603557,23.6553416126625,1402400
2012-08-14,23.553890228271484,23.62997973538353,23.494709858860812,23.596161459980785,1152200
2012-08-15,23.756797790527344,23.807523596953764,23.57080047938994,23.5792550492184,1643100
2012-08-16,23.84979248046875,23.94279112686196,23.731431739636776,23.807521248041375,1953700
2012-08-17,23.88361167907715,23.91742995636078,23.765250933672863,23.80752216773319,1078300
2012-08-20,23.993518829345703,24.001973399009884,23.773706468254122,23.908976357792458,1535600
2012-08-21,24.213333129882812,24.340150064013386,24.196425602870466,24.238696839217788,1497500
2012-08-22,24.340150833129883,24.365512930721966,24.18797179739998,24.22178846503754,1709700
2012-08-23,24.22178840637207,24.483873626969707,24.16260802874141,24.450056959414052,1348000
2012-08-24,24.11188316345215,24.323242584704264,24.069610311675078,24.306333443993438,3640400
2012-08-27,24.001972198486328,24.094970847596457,23.968155534065318,24.07806170911385,1914000
2012-08-28,24.018882751464844,24.052701030421648,23.92588409687793,24.001973611986443,1247600
2012-08-29,24.061153411865234,24.06960798140213,23.959701802511017,24.0442458853357,967400
2012-08-30,24.086517333984375,24.120335612431724,23.959702014895353,24.11188104281989,1634300
2012-08-31,24.340150833129883,24.382422070812922,24.03579276167008,24.18797179739998,8719400
2012-09-04,24.348600387573242,24.576868909264373,24.29787458693437,24.534597677489334,7801700
2012-09-05,24.230241775512695,24.34014956784618,24.1710614008151,24.3316949982402,3261000
2012-09-06,24.22178840637207,24.466966099464056,24.21333383634707,24.31478706410273,3166500
2012-09-07,24.492326736450195,24.534599584054355,24.230241531481415,24.34014932270798,2027200
2012-09-10,24.526145935058594,24.636052117865948,24.483873085867835,24.517691365220443,2223700
2012-09-11,24.576871871948242,24.644506818468017,24.551509774843527,24.627597678701992,1769800
2012-09-12,24.703683853149414,24.712138421888678,24.57686854714866,24.62759434704014,1264800
2012-09-13,24.872772216796875,24.90658887950071,24.568414189741755,24.82204641646906,2082500
2012-09-14,25.134859085083008,25.24476687446405,25.08413328135403,25.117949946325272,3026800
2012-09-17,24.44160270690918,24.99113686531844,24.306332809840573,24.97422933759314,3610500
2012-09-18,24.26405906677246,24.54305340224209,24.21333165120038,24.483871417407997,3701500
2012-09-19,23.90897560119629,24.196424510505036,23.83288608917078,24.179515371711762,4359800
2012-09-20,24.04424476623535,24.04424476623535,23.841339944426537,23.892065746742695,1676500
2012-09-21,24.204879760742188,24.23869804153298,24.103428143458576,24.15415395210038,2142400
2012-09-24,23.95124626159668,23.9766099691787,23.841340087162973,23.92588255401466,1786700
2012-09-25,23.97661018371582,24.171060439285302,23.95124647590685,24.128789205481226,1354400
2012-09-26,23.807523727416992,23.841342006916136,23.629982597679447,23.824432867166564,1892400
2012-09-27,24.103425979614258,24.128789687930368,23.934337815928664,24.001972758894052,1759300
2012-09-28,24.247150421142578,24.331694502937115,24.137242631046412,24.187970047649674,5470600
2012-10-01,24.28096580505371,24.475417666683402,24.171059633301407,24.390873589350164,6122000
2012-10-02,24.154151916503906,24.264059707267094,24.145697347018718,24.24715056829672,1393200
2012-10-03,23.739887237548828,24.264059247897034,23.72297809889858,23.92588292506892,2234000
2012-10-04,24.25560760498047,24.297878844161847,23.942794952387274,24.01888447294928,1251600
2012-10-05,24.1287899017334,24.2217869412947,24.00197297157337,24.2217869412947,1006500
2012-10-08,24.061153411865234,24.103426259549707,23.9850655111217,24.027336746261913,1075800
2012-10-09,24.23869514465332,24.331693793168913,24.137241926950473,24.145696496137724,1360400
2012-10-10,24.19642448425293,24.365511034369533,24.145697067928143,24.238695718646024,2341000
2012-10-11,24.475419998168945,24.51769123459017,24.314786397188534,24.399330482575294,975700
2012-10-12,24.137243270874023,24.314786008603257,24.06960832615438,24.272513160313306,1238300
2012-10-15,24.018882751464844,24.035791890943244,23.82443248509611,23.985066085052335,1350200
2012-10-16,24.03579330444336,24.086519113317358,23.959703784860164,24.02733873420696,1157700
2012-10-17,24.04424476623535,24.103425137694902,23.951246118202242,24.06115229197795,1258200
2012-10-18,24.03579330444336,24.07806454308096,23.849795984331376,23.883614265276968,1930500
2012-10-19,23.672252655029297,24.094971452440536,23.672252655029297,24.07806231353347,1623500
2012-10-22,23.562345504760742,23.782157851303598,23.503163521028558,23.74834118742938,1301000
2012-10-23,23.2748966217041,23.291804147380983,23.11426303369243,23.2748966217041,1933400
2012-10-24,23.207263946533203,23.308715560673473,23.09735614991286,23.266444323539083,1404000
2012-10-25,23.266443252563477,23.376349431580408,23.148080891455713,23.350987335484948,1268700
2012-10-26,23.317169189453125,23.35944042488131,23.215715966863502,23.266443384430445,1361500
2012-10-31,23.300260543823242,23.50316538075626,23.257989307499642,23.35098796246472,6853900
2012-11-01,23.342533111572266,23.46089386188834,23.342533111572266,23.384804347386783,3706800
2012-11-02,22.945175170898438,23.33407729225045,22.928267645004677,23.317168153812492,1252200
2012-11-05,23.139625549316406,23.156533074122535,22.894447895370465,22.93671912620193,2096800
2012-11-06,23.553890228271484,23.613070597682157,23.249532199823314,23.291803431532614,1425000
2012-11-07,23.114261627197266,23.36789223490305,23.063535828164923,23.342530141658916,1464500
2012-11-08,23.14807891845703,23.215713856520573,23.03817274880782,23.13962596217519,1124700
2012-11-09,23.33407974243164,23.384805550527748,23.088902046969128,23.105811187182617,2791200
2012-11-12,23.22416877746582,23.4101660693687,23.190352114193388,23.325621992371403,1251000
2012-11-13,23.18189811706543,23.27489676531086,23.08889946882,23.09735403798269,1524500
2012-11-14,23.249534606933594,23.435530303273115,23.232625467481558,23.25798917665961,1166600
2012-11-15,23.156536102294922,23.39325921852195,23.105810296154953,23.359440939399104,1668400
2012-11-16,23.25798797607422,23.2748971146534,23.08044524608124,23.207262172880885,1450900
2012-11-19,23.69761848449707,23.739889723004076,23.545439445800827,23.545439445800827,2080400
2012-11-20,23.536983489990234,23.66379881059014,23.393259029965197,23.596163865433905,1148000
2012-11-21,23.63843536376953,23.63843536376953,23.45243966566195,23.57925498766913,1259400
2012-11-23,23.722978591918945,23.77370600892393,23.57079956599249,23.57079956599249,828700
2012-11-26,23.68916130065918,23.706070439214148,23.62152635898351,23.67225216210421,2169400
2012-11-27,23.65534782409668,23.739891921484453,23.570803726708903,23.680711537076373,1531700
2012-11-28,23.579254150390625,23.59616328940297,23.350987223900976,23.350987223900976,1733600
2012-11-29,23.739887237548828,23.81597674893073,23.68070686481717,23.773705514849325,1092300
2012-11-30,23.756797790527344,23.832887306439133,23.706071984100923,23.756797790527344,2626000
2012-12-03,23.815975189208984,23.993516295776686,23.782156914123266,23.976608770777936,2527400
2012-12-04,23.6046199798584,23.672254929440737,23.55389417080774,23.621529120390083,1844900
2012-12-05,23.579254150390625,23.663798232908096,23.477802541405058,23.621526997921485,1091700
2012-12-06,23.36789321899414,23.469346433875394,23.30871284887347,23.427073589114812,1621900
2012-12-07,23.342533111572266,23.418622626073823,23.266443597070705,23.37634977771502,2812600
2012-12-10,23.291805267333984,23.376349349960265,23.241079462775918,23.35944021092616,1194300
2012-12-11,23.249534606933594,23.30026041274541,23.173445091943723,23.283352885837665,1943600
2012-12-12,23.359439849853516,23.460893069945715,23.266442811691913,23.40171269678536,2672400
2012-12-13,23.14807891845703,23.241077562998445,23.080443980393486,23.19880633141278,1420800
2012-12-14,23.291805267333984,23.3256235454022,23.1818990887008,23.19035365821785,1641900
2012-12-17,23.2748966217041,23.334076992933618,23.24953291437252,23.2748966217041,1235700
2012-12-18,23.33407974243164,23.39326012063449,23.257990224015302,23.283353934335537,1583400
2012-12-19,23.418621063232422,23.460892296225968,23.33407698470115,23.367893648587152,1644600
2012-12-20,23.308713912963867,23.37634885512433,23.249533540141492,23.257988109479577,1829300
2012-12-21,23.266443252563477,23.30025991820551,23.190353739188577,23.232624974377185,1932700
2012-12-24,23.190353393554688,23.207262532395816,23.12271845073441,23.181898824134123,1091900
2012-12-26,23.42707633972168,23.511620426625143,23.35098843530733,23.42707633972168,1077900
2012-12-27,23.42707633972168,23.4608946195008,23.32562472547299,23.393259672486895,1973500
2012-12-28,23.359439849853516,23.435529361786607,23.291804907306794,23.39325812739899,1542300
2012-12-31,23.486257553100586,23.511619649552358,23.25798900976894,23.274898149099645,4334900
2013-01-02,23.57080078125,23.773707234642842,23.545438683984145,23.76525266470611,3008900
2013-01-03,23.37635040283203,23.49471276885757,23.359441263036338,23.46089448926618,2478800
2013-01-04,23.2748966217041,23.32562242382309,23.122717602802958,23.2748966217041,3217000
2013-01-07,23.317169189453125,23.325623759047616,23.181899301029805,23.20726300981328,1727800
2013-01-08,23.37635040283203,23.384804972729878,23.274898789146512,23.367895832934185,1681900
2013-01-09,23.342533111572266,23.393258917058542,23.249534457727187,23.37634977771502,1681200
2013-01-10,23.42707633972168,23.520074996569925,23.42707633972168,23.503165856680365,1740600
2013-01-11,23.32562255859375,23.350986266071878,23.17344353881335,23.308713420274998,1492200
2013-01-14,23.477802276611328,23.486256846022144,23.30025954407262,23.418621903279835,1996600
2013-01-15,23.37635040283203,23.469349059164028,23.34253373578497,23.469349059164028,3970300
2013-01-16,23.40171241760254,23.43552908220035,23.31716833729169,23.35943957117501,3361300
2013-01-17,23.503164291381836,23.579253803272998,23.452438487635803,23.486256765162643,1419100
2013-01-18,23.65534782409668,23.689166108069603,23.486261241865662,23.570803726708903,1631600
2013-01-22,23.722978591918945,23.790613535381343,23.65534364845655,23.748342300421438,2017900
2013-01-23,23.748342514038086,23.79061374937822,23.68916213954419,23.70607127869795,1704100
2013-01-24,23.731433868408203,23.799068813885526,23.67225349268358,23.67225349268358,1555000
2013-01-25,23.680707931518555,23.74834287662196,23.62152755612111,23.714524597798114,1470300
2013-01-28,23.672252655029297,23.72297845920626,23.570799434131136,23.714523889752726,1456900
2013-01-29,23.807523727416992,23.841342006916136,23.680708404383843,23.714525071338667,1536500
2013-01-30,24.078062057495117,24.08651662685875,23.94279217276548,23.95970131149274,2555200
2013-01-31,24.069608688354492,24.094972397710137,23.934338796879665,23.976611645805736,2636100
2013-02-01,24.162607192993164,24.289422513893133,24.12033595687461,24.145698053528026,2975900
2013-02-04,24.078062057495117,24.196424416041722,24.035790823221188,24.094971196222378,1753700
2013-02-05,24.171062469482422,24.2048791368572,24.128791232127863,24.18797160944198,1421600
2013-02-06,24.137243270874023,24.162606979847993,24.00197338143474,24.02733709040871,2511400
2013-02-07,24.04424476623535,24.15415094001106,23.985064394775804,24.12033427598168,2184600
2013-02-08,24.137243270874023,24.247151063883617,24.11188117444433,24.187970688821963,1562500
2013-02-11,24.05270004272461,24.07806213835645,23.942792253172534,23.98506510013265,1981400
2013-02-12,24.094972610473633,24.094972610473633,24.01042852441925,24.078063470753893,2520800
2013-02-13,24.103425979614258,24.15415178370224,24.06115313242074,24.120335118491663,1532000
2013-02-14,24.069608688354492,24.111881537280567,24.00197374261708,24.069608688354492,1387900
2013-02-15,23.96815299987793,23.96815299987793,23.815973994712987,23.892063497295457,2421000
2013-02-19,23.875158309936523,23.892067449428346,23.756797558582363,23.8582491704447,2252600
2013-02-20,23.6046199798584,23.849796067390233,23.545439600541897,23.841343109668788,3037500
2013-02-21,23.33407974243164,23.418623830954726,23.291806891897917,23.359441840207513,2358300
2013-02-22,23.33407974243164,23.384805550527748,23.27489936422879,23.359441840207513,1897900
2013-02-25,23.22416877746582,23.48625557741185,23.22416877746582,23.460891870549418,3079200
2013-02-26,23.18189811706543,23.29180429109206,23.14807984041466,23.249533057822784,2745100
2013-02-27,23.03817367553711,23.22416935955765,23.00435539887291,23.156534418773436,2564300
2013-02-28,22.936721801757812,23.088900830573227,22.911359705318098,23.01281131616552,5327700
2013-03-01,22.77608871459961,22.801450809813065,22.67463549611318,22.725361299084295,2641200
2013-03-04,22.691545486450195,22.76763500003534,22.598546833725184,22.742271291325537,2031000
2013-03-05,22.90290641784668,22.91136098798133,22.77609109091567,22.81836232904455,3225400
2013-03-06,22.77608871459961,22.835269086823274,22.69999920387084,22.81835994831817,1621800
2013-03-07,22.928268432617188,22.928268432617188,22.801451502520408,22.809906072029808,1534600
2013-03-08,22.99590301513672,23.012810541345843,22.84372399144503,22.86063313019838,2571900
2013-03-11,23.0128116607666,23.046629939918336,22.877541769248282,22.953631284795375,6676400
2013-03-12,23.063535690307617,23.190350993402497,23.004353710488875,23.15653271922036,3456200
2013-03-13,22.945175170898438,23.13962703784654,22.894449368128768,23.122717899408585,3080000
2013-03-14,23.114261627197266,23.114261627197266,22.970537186152235,22.995900891940444,1860500
2013-03-15,23.164989471435547,23.2157152749464,23.131172806609715,23.18189861012057,1869300
2013-03-18,23.02971839904785,23.080444199941997,22.911357659446796,22.936719753621805,1485500
2013-03-19,22.860631942749023,23.071991328554567,22.835268235936468,23.012809345991936,1687100
2013-03-20,23.02126693725586,23.071994357540675,22.869087901490115,22.970541129515397,2177200
2013-03-21,22.91981315612793,23.04662846976874,22.869085740636244,22.987448097572642,1375800
2013-03-22,22.962085723876953,23.012811529771504,22.869087069283363,22.962085723876953,1133900
2013-03-25,22.978994369506836,23.1480809230362,22.9367215217163,23.06353845254365,2103000
2013-03-26,23.190353393554688,23.190353393554688,23.029719799652437,23.088900173052153,1416700
2013-03-27,23.308713912963867,23.317168482301952,23.122718225158653,23.156534889966775,2456700
2013-03-28,23.088899612426758,23.249533202428637,23.021264671248733,23.19035283046589,1560200
2013-04-01,23.088899612426758,23.16498912282006,22.962084299285983,22.987448006931817,1980700
2013-04-02,22.978994369506836,23.038174743869327,22.928268564702453,23.012811035195003,3237700
2013-04-03,22.590091705322266,22.98744840255805,22.556275040423348,22.953630125114913,2111900
2013-04-04,22.56473159790039,22.615457405990192,22.421007131192326,22.471732939282123,1327100
2013-04-05,22.547822952270508,22.547822952270508,22.421007622992164,22.505551713359193,1205300
2013-04-08,22.615453720092773,22.62390828882053,22.480183845536867,22.615453720092773,1179300
2013-04-09,22.759178161621094,22.801449392712517,22.547818781075783,22.606999149621412,1302800
2013-04-10,22.708454132080078,22.792996600853577,22.6661812851491,22.759179935853023,1260800
2013-04-11,22.615453720092773,22.716906932281756,22.547818782814822,22.657724951187458,1748800
2013-04-12,22.336462020874023,22.488641050726187,22.218101269897577,22.404096966081173,2923900
2013-04-15,21.66856575012207,21.981378382781145,21.66011279285999,21.972923812974756,3652600
2013-04-16,21.896833419799805,21.905287989267393,21.67701945127518,21.803836380744794,4928900
2013-04-17,21.575565338134766,21.736197301739157,21.55020163267636,21.710835208824808,1478900
2013-04-18,21.803834915161133,21.8207424404156,21.550202685814487,21.660110468961275,2616600
2013-04-19,21.75310707092285,21.803834483313953,21.693926702344,21.75310707092285,1957900
2013-04-22,21.820743560791016,21.837652699457813,21.62629330375553,21.778472326668247,1996500
2013-04-23,21.685474395751953,21.761563909731848,21.634748590613448,21.69392896536575,2551900
2013-04-24,21.922197341918945,21.93910648101897,21.786927454207255,21.82919868941306,1714400
2013-04-25,22.209644317626953,22.251915549142645,21.956012090900447,21.97292122852437,2094300
2013-04-26,22.08283233642578,22.167374812190086,21.964469967775905,22.133558144393238,2222900
2013-04-29,22.378732681274414,22.412550959280225,22.158918711869386,22.184282420373748,1131000
2013-04-30,22.209644317626953,22.370276287421877,22.184280611191067,22.370276287421877,1900600
2013-05-01,21.812292098999023,21.896836191833557,21.727749618708934,21.82074666953692,1693900
2013-05-02,22.091283798217773,22.133556645782093,21.812289454470278,21.90528810656753,1538800
2013-05-03,22.336462020874023,22.421006105519037,22.243463366510078,22.294190784823662,1188300
2013-05-06,22.36182403564453,22.41254983757026,22.20964501732318,22.27727995740554,7015100
2013-05-07,22.285734176635742,22.38718577889458,22.21809923761514,22.328005408819568,1380300
2013-05-08,22.387189865112305,22.43791728804488,22.29419281482479,22.353373195701693,1423400
2013-05-09,22.378732681274414,22.471731333246147,22.294190211348386,22.311097737807042,1137900
2013-05-10,22.277280807495117,22.294189946296996,21.998286467441083,22.150465491569506,1402400
2013-05-13,22.175827026367188,22.277280244068308,22.125101223788725,22.175827026367188,1380000
2013-05-14,22.09973907470703,22.175828590212678,22.0574678383347,22.091284504923706,2765800
2013-05-15,22.049015045166016,22.065924186095135,21.786929810942375,21.930654283751036,3652200
2013-05-16,22.02364730834961,22.1166459539173,21.964466938458948,22.006739783055234,1532000
2013-05-17,22.13355827331543,22.184284081578348,22.040559614379767,22.150467413584526,1141500
2013-05-20,22.277280807495117,22.302642903153703,22.116647213965756,22.116647213965756,1530400
2013-05-21,22.150466918945312,22.260373103151398,22.099739499270807,22.218101865966982,1199900
2013-05-22,22.049015045166016,22.285738180540406,22.006743805387647,22.150468278196307,1302700
2013-05-23,22.150466918945312,22.150466918945312,21.84610885107563,21.871472560912885,2251800
2013-05-24,22.065921783447266,22.10819301862293,21.956013991919722,22.006741409183633,1968100
2013-05-28,22.26882553100586,22.370277135507326,22.25191639274089,22.36182417891902,2486900
2013-05-29,22.12510108947754,22.2857346779691,22.07437528720701,22.277280108833313,1150400
2013-05-30,22.12510108947754,22.184281460883856,21.99828577752912,22.023647872392296,1874300
2013-05-31,21.863018035888672,22.057468307407465,21.863018035888672,21.998287930209948,5156100
2013-06-03,22.13355827331543,22.201193221847447,22.049014184514316,22.08283246505251,2813800
2013-06-04,22.21809959411621,22.235007119734544,21.98137649747367,22.049011437579516,1526100
2013-06-05,22.116649627685547,22.302645337172297,22.10819505736191,22.235010387127623,2641500
2013-06-06,22.20119285583496,22.209647425830124,22.099739628437323,22.099739628437323,3320900
2013-06-07,22.251916885375977,22.319551827389052,22.049012059336757,22.07437576729574,1316900
2013-06-10,22.16737174987793,22.19273545662997,22.11664594891799,22.16737174987793,1086400
2013-06-11,21.972925186157227,22.00674346749622,21.888381095354145,21.905290236023642,1148700
2013-06-12,21.998289108276367,22.09974072817816,21.98983453786048,22.07437862947492,3855200
2013-06-13,22.142011642456055,22.167373738939677,21.94755976499735,21.972923474025254,2189600
2013-06-14,22.235008239746094,22.285735656788823,22.20119157426186,22.25191737876034,1542800
2013-06-17,22.285734176635742,22.319550839873976,22.235006762962183,22.243461331907774,2642800
2013-06-18,22.328004837036133,22.344913974494304,22.218098668646217,22.2857336059348,2653200
2013-06-19,22.36182403564453,22.488639346730935,22.3449148974879,22.370276992178677,1080200
2013-06-20,21.634750366210938,21.91374473618663,21.60938665528791,21.89683559557128,3419500
2013-06-21,21.49947738647461,21.685473068965507,21.431842446246634,21.66011097422012,3324300
2013-06-24,21.40648078918457,21.49102487570288,21.271210895773002,21.305029175398058,2212800
2013-06-25,21.42338752746582,21.550202836755307,21.398023820590264,21.550202836755307,3226100
2013-06-26,21.36421012878418,21.431845077315323,21.254302329580838,21.414935937046444,3087100
2013-06-27,21.35575294494629,21.465659118153983,21.347298375846595,21.448751592498766,1182000
2013-06-28,21.245845794677734,21.45720519085956,21.212029129811636,21.389570248583144,2842400
2013-07-01,21.38111686706543,21.558657982310304,21.313480313588308,21.42338810044444,1321500
2013-07-02,21.46565818786621,21.533293125188408,21.414932388010588,21.4741127565995,1615800
2013-07-03,21.660110473632812,21.693927136693176,21.600928491324936,21.64320133583056,1382900
2013-07-05,21.60938262939453,21.634746335592222,21.4994764609594,21.58402053574094,2627000
2013-07-08,21.71929168701172,21.786926628303643,21.66011131494931,21.66856427163463,3575400
2013-07-09,21.85456085205078,21.871469989954637,21.74465306821985,21.829197145194996,1077600
2013-07-10,21.922197341918945,22.006741424874814,21.90528820281892,21.98983228577479,3148900
2013-07-11,22.0321044921875,22.099739439024788,21.922198308281025,22.06592277187831,1427200
2013-07-12,22.116649627685547,22.125104198009183,22.05746924796451,22.116649627685547,4106300
2013-07-15,22.057466506958008,22.08283021477705,21.9898315653181,22.023648229865948,1477600
2013-07-16,22.08283233642578,22.184283952360694,22.08283233642578,22.125103574307936,1308400
2013-07-17,22.065921783447266,22.125102157710902,22.040558074815312,22.116647588166916,944200
2013-07-18,22.158918380737305,22.167372950112416,22.065921342699525,22.082830481449747,1176300
2013-07-19,22.175827026367188,22.218099872302734,22.040557144461822,22.209645303115625,1327400
2013-07-22,22.158918380737305,22.235007892569087,22.11664714640597,22.209645796987974,1807600
2013-07-23,22.192737579345703,22.21810128852376,22.158919300441628,22.184283009619683,1237700
2013-07-24,22.015195846557617,22.192736968282638,21.964468429598256,22.11664745538784,1429000
2013-07-25,21.989831924438477,22.00674106326065,21.846107469538453,21.964468216205216,1215100
2013-07-26,21.85456085205078,21.90528665321821,21.76156220612371,21.89683208426628,833600
2013-07-29,21.84610939025879,21.863018530567626,21.76156530125899,21.82074567979554,882200
2013-07-30,21.770017623901367,21.812288857765047,21.702382682192958,21.7953813317461,1729200
2013-07-31,21.922197341918945,21.956014007574737,21.617839288295514,21.651657566495565,1257700
2013-08-01,21.972925186157227,22.032105565956062,21.93910851736264,22.023650995621313,1856300
2013-08-02,21.888378143310547,21.989831361100325,21.87992357411605,21.947558515127838,1216700
2013-08-05,21.778474807739258,21.820746046677694,21.702385287614547,21.719294428207682,1031800
2013-08-06,21.60093116760254,21.719293534338824,21.558659930403795,21.719293534338824,1781400
2013-08-07,21.457204818725586,21.56711260585876,21.431842723651926,21.533294329034955,1298100
2013-08-08,21.567113876342773,21.584023015750766,21.389571137647422,21.482569791847098,1150200
2013-08-09,21.71929168701172,21.75310835138558,21.62629303803125,21.634747607260763,1063700
2013-08-12,21.98137855529785,21.998287695043334,21.778473715985037,21.820744952804418,887800
2013-08-13,21.972925186157227,22.023650995621313,21.94756147515298,22.01519803783097,917800
2013-08-14,22.150466918945312,22.150466918945312,21.96446960522747,21.97292417517322,1693200
2013-08-15,22.36182403564453,22.370276992178677,22.11664637000587,22.201190448244862,1724200
2013-08-16,22.37027931213379,22.39564302199913,22.26882769776109,22.37027931213379,1708400
2013-08-19,22.344913482666016,22.471728785722803,22.319549777037032,22.412548418465907,2371900
2013-08-20,22.302642822265625,22.429459750275523,22.23500787984765,22.243462449217926,1334800
2013-08-21,22.277280807495117,22.344915750158393,22.260371668693242,22.328006611356518,1423700
2013-08-22,22.285734176635742,22.328005408819568,22.235006762962183,22.285734176635742,1673100
2013-08-23,22.46327781677246,22.50555066626138,22.311098783701,22.344917063292137,1384500
2013-08-26,22.590091705322266,22.640819121486977,22.50554923680286,22.581637135961483,1190000
2013-08-27,22.809904098510742,22.877539036189916,22.75917829838739,22.818358667288653,1878200
2013-08-28,22.84372329711914,22.919812806652274,22.809905020640336,22.84372329711914,2376700
2013-08-29,22.60700225830078,22.843725377579105,22.59854768841109,22.809907098020346,1251800
2013-08-30,22.539363861083984,22.649271640279387,22.446365219079272,22.59854422870732,5229600
2013-09-03,22.657726287841797,22.708453703200917,22.57318382066499,22.666180857068316,5447200
2013-09-04,22.46327781677246,22.48018695656803,22.395642870134516,22.446368676976892,12295700
2013-09-05,22.412551879882812,22.480186826128314,22.336462363788584,22.480186826128314,1297400
2013-09-06,22.539363861083984,22.61545336589801,22.497092630651338,22.547818429679328,2600500
2013-09-09,22.395639419555664,22.56472756637066,22.37027571377019,22.48863806155832,2148900
2013-09-10,22.192737579345703,22.226555858249775,22.12510263408185,22.158919300441628,1288800
2013-09-11,22.2265567779541,22.26037344571317,22.133558119664038,22.243464305561456,1521400
2013-09-12,22.336462020874023,22.361825730030812,22.167373851583996,22.192737560740785,2274300
2013-09-13,22.26882553100586,22.28573466927083,22.13355564997445,22.218099728755128,1148600
2013-09-16,21.989831924438477,22.15046551816068,21.989831924438477,22.08283057541621,1427400
2013-09-17,21.761564254760742,22.006741939815306,21.736200545517214,21.98983280031962,3673300
2013-09-18,22.235008239746094,22.26037194826746,21.82074400916265,21.846107717684013,1473700
2013-09-19,22.150466918945312,22.328008050173068,22.11664863916231,22.302644340335817,3198000
2013-09-20,21.947559356689453,22.133556661011934,21.930651830196343,22.057467147888055,1424600
2013-09-23,21.786928176879883,21.88837978975667,21.77001903721898,21.85456312297918,3697100
2013-09-24,21.778474807739258,21.829200616974266,21.65165947837954,21.719294428207682,3354800
2013-09-25,21.812292098999023,21.9560165730544,21.80383914100557,21.896836191833557,2383300
2013-09-26,21.98137855529785,22.006742264916074,21.888379899242025,21.905289038987505,1226000
2013-09-27,21.871471405029297,22.057467096373134,21.871471405029297,21.94755930543122,1619700
2013-09-30,21.778474807739258,21.888380996505838,21.744656526552983,21.829200616974266,17407400
2013-10-01,21.634750366210938,21.668567034897237,21.49948046637693,21.62629579590326,6424400
2013-10-02,21.84610939025879,21.89683519864092,21.66856664210477,21.710839492876858,2193100
2013-10-03,21.812292098999023,21.99828942574389,21.812292098999023,21.99828942574389,1212500
2013-10-04,21.87992286682129,21.9475578056467,21.812287927995882,21.9475578056467,1224500
2013-10-07,22.0321044921875,22.057468201955608,21.77001927476104,21.83765422159833,1691800
2013-10-08,22.108192443847656,22.2096456631936,22.091283305199294,22.158918247248522,1774400
2013-10-09,21.947559356689453,22.023648869813332,21.87147145610983,21.98137763476418,2811500
2013-10-10,22.2265567779541,22.26037344571317,22.032104891298115,22.057468601525688,1180600
2013-10-11,22.108192443847656,22.125101582496015,21.989831698397563,22.015195406370104,1076900
2013-10-14,22.09973907470703,22.175828590212678,22.015196601962362,22.0574678383347,1560900
2013-10-15,22.02364730834961,22.1166459539173,22.02364730834961,22.04901101510738,1346100
2013-10-16,22.192737579345703,22.302643760695354,22.108193494629813,22.12510263408185,2097700
2013-10-17,22.07437515258789,22.201190463762934,22.023647738082538,22.1335555236333,2061600
2013-10-18,22.20119285583496,22.209647425830124,22.091285058442157,22.175829145849466,1289600
2013-10-21,22.150466918945312,22.226556435912734,22.10819406921656,22.20119272607548,1468100
2013-10-22,22.12510108947754,22.268825539697527,22.08282985634279,22.235007263154387,1276000
2013-10-23,21.786928176879883,21.947560166025514,21.761564467388528,21.922198069078476,1036800
2013-10-24,21.795381546020508,21.82074364157037,21.69392832618838,21.710837464917773,1128100
2013-10-25,21.863018035888672,21.871472605851793,21.744655668949303,21.761564808875548,1197600
2013-10-28,21.947559356689453,21.998286773801542,21.854562317072467,21.89683355212162,1137200
2013-10-29,21.888378143310547,21.922196420088536,21.81228863310426,21.863016048271245,2494000
2013-10-30,21.956016540527344,21.981380252103463,21.888381588868803,21.956016540527344,1106100
2013-10-31,21.770017623901367,21.922196645881343,21.744653916056635,21.888378368755035,2376000
2013-11-01,21.49947738647461,21.60938355964101,21.440297015343152,21.60938355964101,2624000
2013-11-04,21.40648078918457,21.474115735890354,21.381118692010105,21.398026219278307,1648500
2013-11-05,21.347299575805664,21.423389089435837,21.313481297505913,21.406479950285963,1522900
2013-11-06,21.36421012878418,21.47411631544315,21.36421012878418,21.423390507180883,1702900
2013-11-07,21.2120304107666,21.338845733624993,21.17821213131406,21.2881199269905,2842900
2013-11-08,21.33039093017578,21.364209209257982,21.13594066308602,21.169758942168226,1453000
2013-11-11,21.42338752746582,21.448751234341376,21.313479743549223,21.33884345042478,1045400
2013-11-12,21.279664993286133,21.44875316256912,21.228939187518954,21.44875316256912,1606600
2013-11-13,21.372663497924805,21.406480164017932,21.288119413875567,21.372663497924805,1313700
2013-11-14,21.46565818786621,21.550202262654985,21.355752019421676,21.414932388010588,1524500
2013-11-15,21.431842803955078,21.482568606836658,21.41493366547982,21.448751942430338,1369400
2013-11-18,21.288118362426758,21.457204909629542,21.288118362426758,21.457204909629542,2611100
2013-11-19,21.25429916381836,21.38111608440159,21.237391638612173,21.279662870443833,1426900
2013-11-20,21.271207809448242,21.37266102105883,21.228936578594553,21.228936578594553,1313500
2013-11-21,21.541751861572266,21.541751861572266,21.31348329924303,21.372665291825893,2304500
2013-11-22,21.60938262939453,21.643200904324786,21.491021892226836,21.62629176685966,1999100
2013-11-25,21.58402442932129,21.651659378838488,21.474116628515592,21.524842437517393,1378200
2013-11-26,21.575565338134766,21.61783656802138,21.491021265817473,21.56711076964863,1754900
2013-11-27,21.575565338134766,21.5840199066209,21.46565756035907,21.5840199066209,1040100
2013-11-29,21.567113876342773,21.660112530542445,21.440298555871404,21.440298555871404,1029700
2013-12-02,21.541751861572266,21.651659663824603,21.482571481533814,21.499480622271776,5001000
2013-12-03,21.66856575012207,21.710838599154002,21.550204997921274,21.550204997921274,1399600
2013-12-04,21.710838317871094,21.812289929144722,21.66856546938684,21.66856546938684,2137800
2013-12-05,21.685474395751953,21.744654770504255,21.64320316022724,21.69392896536575,1672300
2013-12-06,21.761564254760742,21.77847339425643,21.71083844881798,21.761564254760742,1050000
2013-12-09,21.685474395751953,21.812289714870357,21.660112299454834,21.80383675780083,2037300
2013-12-10,21.75310707092285,21.82074200823355,21.702381271075854,21.82074200823355,1973700
2013-12-11,21.75310707092285,21.77001620838655,21.68547213361215,21.710835839807704,1964800
2013-12-12,21.55020523071289,21.6939296938854,21.50793399376864,21.6939296938854,1840200
2013-12-13,21.46565818786621,21.524838556455123,21.457203619132923,21.50793103153265,1585100
2013-12-16,21.533294677734375,21.64320246664734,21.516387151592873,21.524840108391512,3035200
2013-12-17,21.431842803955078,21.52483984048061,21.42338823471745,21.49102317607429,9614600
2013-12-18,21.47411346435547,21.592475817978446,21.46565889534353,21.491022602379346,6495600
2013-12-19,21.524839401245117,21.584021384700858,21.457204461268436,21.46565903033354,2614300
2013-12-20,21.69392967224121,21.72774795179833,21.609385585892735,21.66856596257337,2716700
2013-12-23,21.69392967224121,21.74465547903257,21.651658435339133,21.74465547903257,2961900
2013-12-24,21.761564254760742,21.78692796400427,21.693929309322293,21.736200545517214,1252600
2013-12-26,21.795381546020508,21.829198210935065,21.305027810677718,21.305027810677718,1759700
2013-12-27,21.85456085205078,21.913741222170138,21.27120849472086,21.27966306367279,1865900
2013-12-30,21.72774887084961,21.82074591847668,21.541751550506685,21.541751550506685,3367600
2013-12-31,21.69392967224121,21.71929338190905,21.592478058658497,21.600931016003454,2268200
2014-01-02,21.38111686706543,21.600929215689312,21.37266229788079,21.567112551494944,2064400
2014-01-03,21.245845794677734,21.372662722422206,21.228938268516796,21.34729901436447,1797200
2014-01-06,21.271207809448242,21.32193360898149,21.23739114727411,21.296571515486914,1790400
2014-01-07,21.25429916381836,21.288117439318988,21.22048250086186,21.2458445949432,1257200
2014-01-08,21.051395416259766,21.220483577251496,21.017578751587948,21.203574438643482,1346800
2014-01-09,20.88231086730957,21.03448829172018,20.823128876514797,21.026035334151008,1185300
2014-01-10,21.017578125,21.0429402196117,20.890761201764832,20.93303404702461,3678000
2014-01-13,21.009124755859375,21.068305130058913,20.992215616789718,21.017579325394202,2131100
2014-01-14,21.009124755859375,21.127485504258456,20.941489812125006,21.026033894929032,1089900
2014-01-15,21.06830406188965,21.152848140407265,20.975305414265858,21.009123690690572,1487000
2014-01-16,21.034486770629883,21.13593999211149,21.034486770629883,21.11903085310718,2372100
2014-01-17,21.059850692749023,21.14439477608386,21.051396123161116,21.093668971100666,1446600
2014-01-21,21.11057472229004,21.19511879851455,21.08521262820358,21.16130213555122,1848500
2014-01-22,21.2120304107666,21.237394120356008,21.144395464405836,21.203575840903465,1557600
2014-01-23,21.195119857788086,21.330389741490063,21.169757762434095,21.27120936893847,1164500
2014-01-24,21.203575134277344,21.245846369639978,21.144394759751947,21.186665995114584,3067300
2014-01-27,21.059850692749023,21.22048428983079,21.026034026941648,21.186666011479147,1882700
2014-01-28,21.16130256652832,21.195119230180367,21.11902972128306,21.135938859381163,1338000
2014-01-29,21.14439582824707,21.18666706574581,21.093670020739715,21.127486688229837,1534400
2014-01-30,21.059850692749023,21.19512058106706,21.059850692749023,21.186666011479147,1712200
2014-01-31,21.034486770629883,21.11903085310718,21.00912467466767,21.04294134013204,1689600
2014-02-03,21.034486770629883,21.093668757144965,20.983760966161206,21.034486770629883,2314000
2014-02-04,21.195119857788086,21.203574427087485,21.102121208038895,21.102121208038895,2000000
2014-02-05,21.237394332885742,21.262756430184638,21.144395676004905,21.237394332885742,1184500
2014-02-06,21.321935653686523,21.389570597064857,21.28811898826948,21.35575393164781,1083700
2014-02-07,21.567113876342773,21.584023015750766,21.372663610783718,21.431843986167408,1356000
2014-02-10,21.448753356933594,21.575568678772864,21.448753356933594,21.52484126000171,1901600
2014-02-11,21.558658599853516,21.575567738707154,21.423388714112875,21.507932795836833,1429600
2014-02-12,21.60093116760254,21.719293534338824,21.60093116760254,21.643204017345617,3575300
2014-02-13,21.71929168701172,21.71929168701172,21.592476373657387,21.592476373657387,3652900
2014-02-14,21.795381546020508,21.829198210935065,21.66011166127382,21.66011166127382,2148800
2014-02-18,22.108192443847656,22.133556151820194,21.95601342110084,21.95601342110084,1895400
2014-02-19,22.16737174987793,22.226553732299354,22.108191380000644,22.12510051783534,2154800
2014-02-20,22.209644317626953,22.209644317626953,22.11664567323949,22.133554810863412,4146500
2014-02-21,22.150466918945312,22.20119272607548,22.05746826208639,22.20119272607548,1027500
2014-02-24,22.24346160888672,22.268825316039333,22.142010005364593,22.150464574415462,2531500
2014-02-25,22.142011642456055,22.20119201764355,22.08283126726856,22.167373738939677,1302100
2014-02-26,22.08283233642578,22.15046728456384,22.065923196255177,22.099739864052026,1208900
2014-02-27,22.015195846557617,22.108192885894617,21.99828670757116,22.04055794249305,955600
2014-02-28,22.091283798217773,22.091283798217773,21.956013911100456,21.96446848061332,1861100
2014-03-03,22.395639419555664,22.48018349296316,22.29418782150193,22.429457693936293,5428200
2014-03-04,22.31109619140625,22.32800532923717,22.184280882762632,22.23500668371125,1283100
2014-03-05,22.12510108947754,22.319551341968058,22.116646520341753,22.319551341968058,3417200
2014-03-06,22.328004837036133,22.328004837036133,22.133554593899458,22.133554593899458,956900
2014-03-07,22.2265567779541,22.268828015789026,22.175829357498962,22.235009735485598,2120600
2014-03-10,22.040557861328125,22.12510194340481,22.023648722403937,22.08283070863859,1710100
2014-03-11,22.049015045166016,22.116649996338065,21.989834664458524,22.074378756559696,1821300
2014-03-12,21.989831924438477,22.023648589538595,21.85456203894954,21.888378704049657,1026800
2014-03-13,21.888378143310547,21.981376791905827,21.854561479076747,21.97292222271133,1182000
2014-03-14,22.006742477416992,22.032104574735794,21.930652960371912,21.947560487736336,827500
2014-03-17,21.761564254760742,21.947559951580402,21.761564254760742,21.92219785488117,1563700
2014-03-18,21.871471405029297,21.913742639979727,21.74465447508951,21.74465447508951,1091800
2014-03-19,21.863018035888672,21.93065298304931,21.736201098986182,21.761564808875548,1194200
2014-03-20,21.761564254760742,21.888379575889797,21.71083844881798,21.80383710349996,1393200
2014-03-21,21.778474807739258,21.89683556680241,21.77002023744269,21.786929378035826,1410800
2014-03-24,21.770017623901367,21.896832938036614,21.761563054619792,21.863016273454512,1574000
2014-03-25,21.913742065429688,21.99828614565816,21.871470831587555,21.896832926875152,1186300
2014-03-26,21.896833419799805,21.964468362996286,21.837653046070912,21.846107615538504,1156500
2014-03-27,22.091283798217773,22.133556645782093,21.998286758664776,22.00674132817764,742400
2014-03-28,22.09973907470703,22.19273772977933,22.09973907470703,22.150466493407,1789900
2014-03-31,22.08283233642578,22.099739864052026,21.930653299979053,22.08283233642578,1455500
2014-04-01,21.812292098999023,22.06592437750263,21.80383914100557,22.032106095351036,1986400
2014-04-02,21.761564254760742,21.812290060703504,21.71929301856582,21.78692796400427,664300
2014-04-03,21.939105987548828,21.98137722180384,21.761563256080496,21.80383610287973,1289200
2014-04-04,22.040557861328125,22.05746700025231,22.015195765486087,22.05746700025231,824700
2014-04-07,21.989831924438477,22.08283057541621,21.905287842871832,21.998286493849566,738900
2014-04-08,22.24346160888672,22.28573445414108,22.04901135834917,22.082829634552656,790200
2014-04-09,22.302642822265625,22.344915669116997,22.23500787984765,22.26882615732875,1411100
2014-04-10,22.31109619140625,22.37027656127033,22.268824959373088,22.31109619140625,984900
2014-04-11,22.209644317626953,22.319550487094222,22.209644317626953,22.251915549142645,1679100
2014-04-14,22.412551879882812,22.446368546733407,22.31955322409113,22.35337150348604,1438500
2014-04-15,22.429458618164062,22.454820712450527,22.294188740155768,22.319550834442236,1059700
2014-04-16,22.471731185913086,22.590091933068912,22.43791452067324,22.547820698383042,1378300
2014-04-17,22.522457122802734,22.53936626179445,22.42100551394095,22.42946008343681,1295800
2014-04-21,22.446367263793945,22.471730971890445,22.39564146014517,22.471730971890445,892300
2014-04-22,22.437915802001953,22.454823329315268,22.319553435542744,22.429461232073127,2401800
2014-04-23,22.421009063720703,22.46328030534828,22.395645351217453,22.42946363455512,1073200
2014-04-24,22.556276321411133,22.5816384183896,22.497095945068963,22.530912611888354,901400
2014-04-25,22.46327781677246,22.50555066626138,22.437915719623437,22.48018695656803,660600
2014-04-28,22.387189865112305,22.488643098433016,22.3280094842354,22.488643098433016,609300
2014-04-29,22.446367263793945,22.488640110621443,22.42100516824167,22.454821833159446,1083500
2014-04-30,22.328004837036133,22.47172928034239,22.243460762289374,22.311095699577958,4399300
2014-05-01,22.158918380737305,22.184282088862638,22.074375912074636,22.150465423906418,1641100
2014-05-02,22.21809959411621,22.251916257897047,22.142010084929115,22.184281317791203,1171300
2014-05-05,22.16737174987793,22.20964459446466,22.133555086752683,22.175826318795277,4158400
2014-05-06,22.184282302856445,22.2603718154222,22.16737316394311,22.184282302856445,1001700
2014-05-07,22.24346160888672,22.260370746988464,22.099737160110234,22.184281238074785,933600
2014-05-08,22.175827026367188,22.184281595554296,22.099737516227396,22.15046493135005,3119000
2014-05-09,22.065921783447266,22.201191671062507,22.032103505271326,22.184282531974535,603000
2014-05-12,22.116649627685547,22.158920866759317,22.091285916714643,22.13355876833282,1328900
2014-05-13,22.21809959411621,22.235007119734544,22.133555515847863,22.184281317791203,689900
2014-05-14,22.319551467895508,22.33646060626248,22.251916526971808,22.302642329528535,1297100
2014-05-15,22.184282302856445,22.2603718154222,22.175827733399778,22.2603718154222,1049800
2014-05-16,22.209644317626953,22.23500641151872,22.175826042379104,22.19273518000303,847500
2014-05-19,22.192737579345703,22.311098330421373,22.192737579345703,22.268827094335574,1157700
2014-05-20,22.235008239746094,22.285735656788823,22.19273700475474,22.20119157426186,536300
2014-05-21,22.277280807495117,22.328006611356518,22.209645864831845,22.235007960490428,802600
2014-05-22,22.294189453125,22.37873192017575,22.243462037841518,22.370277350961835,1131700
2014-05-23,22.344913482666016,22.35336805120901,22.294187683952114,22.319549777037032,554000
2014-05-27,22.158918380737305,22.25191703131931,22.158918380737305,22.192736658237752,1093300
2014-05-28,22.16737174987793,22.218099163382007,22.108191380000644,22.150464224587378,1164800
2014-05-29,22.175827026367188,22.218099872302734,22.15891788799297,22.218099872302734,707000
2014-05-30,22.006742477416992,22.108194091780874,21.972924197599475,22.065922854553314,5480800
2014-06-02,21.98137855529785,21.998287695043334,21.94756027580689,21.96446941555237,2445900
2014-06-03,21.96446990966797,21.98137904979384,21.913744101834713,21.947560769542097,1054700
2014-06-04,21.90528678894043,21.981376297435084,21.879923081927494,21.981376297435084,1605300
2014-06-05,21.93065071105957,21.956012805777114,21.812288356382403,21.87147033999307,504300
2014-06-06,22.02364730834961,22.032101877268865,21.888377430729772,21.930650275326055,625700
2014-06-09,22.116649627685547,22.116649627685547,22.05746924796451,22.082832958935413,1569300
2014-06-10,22.057466506958008,22.1166468793249,21.97292242677207,22.091283171505857,764400
2014-06-11,21.998289108276367,22.082833199890807,21.981379967444596,22.07437862947492,2716500
2014-06-12,22.31109619140625,22.32800532923717,22.125100512898552,22.19273545167809,3854500
2014-06-13,22.31109619140625,22.378731130185788,22.294188666119467,22.33645989815263,1044500
2014-06-16,22.378732681274414,22.421005528781677,22.3364614463114,22.353370585314305,972000
2014-06-17,22.404096603393555,22.454822408341673,22.3618253680275,22.370278325065296,586200
2014-06-18,22.497095108032227,22.53936634311978,22.404096455786497,22.404096455786497,960300
2014-06-19,22.716909408569336,22.75918064427185,22.61545618532131,22.61545618532131,888600
2014-06-20,22.759178161621094,22.7676327303482,22.666179518167045,22.716906930529674,2099500
2014-06-23,22.67463493347168,22.776088149440678,22.64927283888755,22.767633580397916,1300000
2014-06-24,22.708454132080078,22.742270797080632,22.640819189534742,22.640819189534742,934700
2014-06-25,22.742271423339844,22.742271423339844,22.623910673762232,22.632365243381244,936300
2014-06-26,22.649274826049805,22.700000632212713,22.59854740734259,22.700000632212713,1082200
2014-06-27,22.60700225830078,22.68309177476366,22.581638548631712,22.65772806509459,723400
2014-06-30,22.471731185913086,22.573184406721108,22.412550812335176,22.556275267829065,15876300
2014-07-01,22.404096603393555,22.429460312139746,22.3618253680275,22.404096603393555,2226300
2014-07-02,22.36182403564453,22.421004406648574,22.336460328409583,22.36182403564453,5938500
2014-07-03,22.319551467895508,22.378731839635723,22.311096898712023,22.344915175445966,824800
2014-07-07,22.142011642456055,22.251917823155075,22.108193363752182,22.243463253479106,7393700
2014-07-08,22.08283233642578,22.17582938227539,22.023650345828663,22.17582938227539,844200
2014-07-09,21.93065071105957,22.02364774593085,21.896832434710618,22.015194789387785,8581400
2014-07-10,21.96446990966797,21.998288189919712,21.913744101834713,21.956015339605035,1113300
2014-07-11,21.770017623901367,21.90528750731819,21.753108485338213,21.90528750731819,984000
2014-07-14,21.85456085205078,21.85456085205078,21.719290973908212,21.76156220612371,1005700
2014-07-15,21.65165901184082,21.727748530325997,21.609386161268855,21.727748530325997,1269800
2014-07-16,21.685474395751953,21.795382188187034,21.685474395751953,21.744654770504255,1303200
2014-07-17,21.7362003326416,21.820744416747747,21.62629415208461,21.744654902306646,650300
2014-07-18,21.592477798461914,21.719293120184304,21.575568658887114,21.702383980609504,1745700
2014-07-21,21.69392967224121,21.71929338190905,21.600931016003454,21.609385585892735,1493600
2014-07-22,21.60093116760254,21.770019341486186,21.59247821019826,21.761564771537568,1653000
2014-07-23,21.660110473632812,21.677017998890925,21.58402096606682,21.617837629127187,581200
2014-07-24,21.634750366210938,21.736201984814244,21.60938665528791,21.72774902705097,1146700
2014-07-25,21.71929168701172,21.744653782156067,21.558658096739325,21.600929330342705,857200
2014-07-28,21.677021026611328,21.73620140464104,21.617840648581616,21.685475596693337,875400
2014-07-29,21.60938262939453,21.634746335592222,21.51638559842453,21.62629176685966,1403500
2014-07-30,21.516387939453125,21.643203259151157,21.499478800148246,21.62629411984628,1519900
2014-07-31,21.40648078918457,21.53329611268987,21.38957164937204,21.499479445609143,1678900
2014-08-01,21.237394332885742,21.34730051711773,21.220485192990257,21.321936807274504,1995400
2014-08-04,21.398027420043945,21.448754842328132,21.2965758005644,21.32193789916208,2100700
2014-08-05,21.29657554626465,21.338846785118964,21.237395166850842,21.33039221483922,1915000
2014-08-06,21.431842803955078,21.465659468361398,21.33884415488535,21.35575329336061,1700200
2014-08-07,21.47411346435547,21.49947717139128,21.38956938678024,21.47411346435547,508300
2014-08-08,21.372663497924805,21.457205969429765,21.330390649628047,21.44029844265534,631500
2014-08-11,21.40648078918457,21.482570305796617,21.38957164937204,21.398026219278307,535500
2014-08-12,21.271207809448242,21.37266102105883,21.23739114727411,21.34729731502016,1048800
2014-08-13,21.25429916381836,21.296572008194147,21.16130213127989,21.279662870443833,850500
2014-08-14,21.000669479370117,21.178210595992095,20.98376034086968,21.15284850078564,949900
2014-08-15,21.08521270751953,21.135938508427397,20.933033692251794,21.00912319988566,1351100
2014-08-18,20.907672882080078,20.958400302559873,20.88231078438454,20.958400302559873,2842200
2014-08-19,20.94994354248047,20.975305637524784,20.89076155810729,20.966851068328616,792800
2014-08-20,21.009124755859375,21.059850560524087,20.93303524259018,21.026033894929032,677200
2014-08-21,21.059850692749023,21.076759831924846,20.958399082782634,20.975306609414186,727000
2014-08-22,21.026033401489258,21.093668343636367,20.99221512414359,21.051395496954285,2265000
2014-08-25,21.059850692749023,21.076759831924846,21.000670318177917,21.059850692749023,755400
2014-08-26,21.06830406188965,21.144393571301084,21.01757825979675,21.12748443308873,1029100
2014-08-27,21.102121353149414,21.144394199937107,21.017578884662473,21.110575922506953,757000
2014-08-28,21.119029998779297,21.18666493951625,21.085213334682912,21.161302844580007,544200
2014-08-29,21.16130256652832,21.195119230180367,21.11902972128306,21.17821009208226,1131800
2014-09-02,20.856945037841797,21.034486154554322,20.83158133007821,21.009124059334933,3917900
2014-09-03,20.941490173339844,21.00912511824083,20.865400658758197,20.95839931270116,882700
2014-09-04,20.856945037841797,21.000669490080405,20.814673804113347,20.975305782316813,774000
2014-09-05,20.8231258392334,20.890760777732048,20.704765099996795,20.840034976994094,712900
2014-09-08,20.721675872802734,20.73013044235019,20.628677220324978,20.64558635941989,578900
2014-09-09,20.552587509155273,20.645586160738063,20.527225413301235,20.62022245233978,1534300
2014-09-10,20.408863067626953,20.493407149802916,20.349682693867052,20.493407149802916,1476600
2014-09-11,20.307415008544922,20.332777108849733,20.172145098437515,20.26514215379603,1504200
2014-09-12,20.14677619934082,20.273591505853247,20.14677619934082,20.265136937079873,1537700
2014-09-15,20.172143936157227,20.214415175926007,20.079145273612593,20.087599844075235,1223700
2014-09-16,20.358139038085938,20.417319417004965,20.205959999411654,20.23132371003883,1033800
2014-09-17,20.27359390258789,20.36659255754518,20.25668476304215,20.36659255754518,1000300
2014-09-18,20.079143524169922,20.256684650783427,20.070688954443902,20.222867984423647,739000
2014-09-19,20.01996421813965,20.0875991670167,19.960783839440275,20.053780886305987,672100
2014-09-22,19.850872039794922,19.92696154351789,19.766327967597842,19.918506975043776,1027700
2014-09-23,19.850872039794922,19.910052406569662,19.81705537844252,19.850872039794922,886900
2014-09-24,19.9354190826416,19.969237361577438,19.732514246659452,19.808603761720793,1301100
2014-09-25,19.893146514892578,19.94387231735652,19.808602435756555,19.94387231735652,1280300
2014-09-26,19.859329223632812,19.90160207157048,19.817057988239412,19.867783793220347,761500
2014-09-29,19.977691650390625,20.01150993158064,19.842421750719375,19.842421750719375,1501000
2014-09-30,19.631059646606445,19.943872254663148,19.58033384430196,19.92696311638026,1576500
2014-10-01,19.563426971435547,19.766331816693747,19.52115573337756,19.622607349734476,1442600
2014-10-02,19.48733901977539,19.504248161375912,19.284434158202625,19.385887395261257,2061900
2014-10-03,19.301340103149414,19.377429615205454,19.242159729893434,19.377429615205454,1647300
2014-10-06,19.54651641845703,19.5718785123487,19.3097933293554,19.36051912968285,1849000
2014-10-07,19.470428466796875,19.521154271175796,19.436610188848096,19.46197389730968,1556000
2014-10-08,19.394338607788086,19.411246133916446,19.2506141541596,19.377429469115505,2886300
2014-10-09,19.16607093811035,19.360521203985915,19.123799702065853,19.32670453765917,17027500
2014-10-10,19.098434448242188,19.1829785260376,18.980073706855105,19.123798155344062,2911600
2014-10-13,19.098434448242188,19.19143309507156,18.99698123237886,19.03079950851469,1014900
2014-10-14,18.810985565185547,19.030799522598635,18.777167289024693,19.030799522598635,1910000
2014-10-15,18.574262619018555,18.81098571641519,18.531991386021808,18.751805345202072,2848500
2014-10-16,18.7602596282959,18.98852654056007,18.43899245725956,18.47281073317671,2205400
2014-10-17,18.827898025512695,18.87016926562851,18.74335393273662,18.827898025512695,2413000
2014-10-20,18.692625045776367,18.751805417216758,18.59117182863271,18.717987140654145,1068900
2014-10-21,18.844804763793945,18.86171229015783,18.73489697343537,18.794077347069567,1461600
2014-10-22,18.633445739746094,18.937802183490987,18.633445739746094,18.92089304424286,1798900
2014-10-23,18.85325813293457,18.87862184185134,18.726442813439263,18.74335195271711,3368700
2014-10-24,18.734899520874023,18.810989043762465,18.675719139192896,18.810989043762465,1545100
2014-10-27,18.684171676635742,18.726442912509718,18.506628938367616,18.540447217102226,2168100
2014-10-28,18.83635139465332,18.853258922094607,18.70953445730543,18.768716447255137,1374700
2014-10-29,19.056163787841797,19.14070625563172,18.9800742767955,19.013890941402625,1274700
2014-10-30,18.895530700683594,19.005436879269837,18.870166992143268,18.92089279667967,1232200
2014-10-31,18.870166778564453,18.878621347982204,18.650352811335644,18.692625658424394,1901000
2014-11-03,18.701082229614258,18.912441650049324,18.66726394832333,18.810988418720953,1322700
2014-11-04,18.430538177490234,18.506627686953664,18.379812375362675,18.489720161273926,1779900
2014-11-05,18.481266021728516,18.565808489724773,18.286814152722165,18.286814152722165,1581200
2014-11-06,18.4981746673584,18.52353837681888,18.345997248228432,18.40517762442525,1295600
2014-11-07,18.582717895507812,18.63344531208794,18.531992091471924,18.531992091471924,1201300
2014-11-10,18.405176162719727,18.701079632748,18.379812455273584,18.650352217855716,1854900
2014-11-11,18.4981746673584,18.557356656099525,18.32908810858811,18.362904775324445,1082800
2014-11-12,18.438993453979492,18.59117247874441,18.42208592765113,18.48972087059729,1988600
2014-11-13,18.100818634033203,18.371358404245264,18.033183691480186,18.345996308628028,1345200
2014-11-14,18.295269012451172,18.312178151336525,18.092364183459637,18.100818752902317,2859700
2014-11-17,18.219179153442383,18.261451999851644,18.11772754714857,18.15154421173177,1517700
2014-11-18,18.12618064880371,18.19381558503811,18.075453237219854,18.159997310648873,1473000
2014-11-19,18.033185958862305,18.21072871322725,18.024731388412125,18.21072871322725,1161900
2014-11-20,18.18536376953125,18.219180436495932,18.100819683303065,18.126183392934816,1539300
2014-11-21,18.379812240600586,18.42208508585042,18.252996929939417,18.345995576944883,8061500
2014-11-24,18.219179153442383,18.362903606145462,18.210726196704737,18.278361138415352,2956800
2014-11-25,18.1346378326416,18.362904767511584,18.117728693008473,18.320633530973076,2468300
2014-11-26,18.092363357543945,18.20227114273722,18.092363357543945,18.100817926600673,2360400
2014-11-28,17.263837814331055,17.559741330397248,17.221566574554927,17.534377619004914,903100
2014-12-01,17.618921279907227,17.627375850164427,17.18774787205637,17.20465701257077,3661600
2014-12-02,17.24692726135254,17.593556559279545,17.179292315721522,17.399106292158404,3058400
2014-12-03,17.145475387573242,17.263836137485505,17.077840442974196,17.153929957216157,3379800
2014-12-04,17.094749450683594,17.15393144331111,17.027114500225135,17.05247821135121,2101900
2014-12-05,17.05247688293457,17.12856639784089,16.934116131988873,17.018658604067635,2047400
2014-12-08,16.756572723388672,16.92566088587756,16.739663584630936,16.908751747119826,3357200
2014-12-09,16.874935150146484,16.90875343102985,16.722757723804502,16.731212294025344,2689000
2014-12-10,16.61284828186035,16.7396635975528,16.477578396782512,16.705846932555453,5415900
2014-12-11,16.460670471191406,16.646667786289928,16.460670471191406,16.469125041199916,3634700
2014-12-12,16.32539939880371,16.460669284095903,16.30849187255036,16.435307188443762,3346100
2014-12-15,16.063312530517578,16.384578071608544,16.05485796199623,16.35921597858856,6393000
2014-12-16,15.970316886901855,16.122495923761516,15.86886527069166,15.894227368472027,4297600
2014-12-17,16.063312530517578,16.32539770450316,15.88577142920143,15.936497227785463,7656500
2014-12-18,16.012588500976562,16.325399508104997,15.94495355787764,16.291582842827655,4960200
2014-12-19,16.249311447143555,16.30003886840754,16.0125899314225,16.080224880563428,3617500
2014-12-22,15.953407287597656,16.10558469215193,15.92804358056653,16.10558469215193,5826700
2014-12-23,16.114042282104492,16.173222663727664,15.944955707830362,15.944955707830362,5627200
2014-12-24,15.902681350708008,15.995680005916457,15.860410114273789,15.970316296529342,2069600
2014-12-26,15.885773658752441,15.970316130743253,15.826591670796867,15.953408603871665,2913100
2014-12-29,15.73359203338623,16.01258633754287,15.649047962799123,15.970313495977305,4566300
2014-12-30,15.716684341430664,15.818135945425361,15.68286606506965,15.70822977234041,4735800
2014-12-31,15.5983247756958,15.64059601179103,15.403872897042573,15.547597357328371,21526500
2015-01-02,15.412327766418457,15.539143089714,15.370056529501385,15.446146045987575,1967300
2015-01-05,15.192513465881348,15.344692495638657,15.175605938998316,15.344692495638657,1827500
2015-01-06,15.048788070678711,15.24323993692073,15.00651683728151,15.175604995958695,1843100
2015-01-07,14.955792427062988,15.09951689155592,14.879702909828827,15.03188194429715,1868400
2015-01-08,15.014972686767578,15.014972686767578,14.862793653490936,14.930428600220074,1409400
2015-01-09,14.98961067199707,15.031883526323007,14.828978663192034,14.972701530266693,3463600
2015-01-12,14.65988826751709,14.8036127255337,14.65143369792267,14.8036127255337,4567400
2015-01-13,14.600707054138184,14.626069148920207,14.431618897051866,14.609161623246916,2898600
2015-01-14,14.76133918762207,14.81206660281761,14.423164482372757,14.499253992621876,2774300
2015-01-15,14.558433532714844,14.905062787359666,14.549978963998617,14.879700693755085,1827800
2015-01-16,14.83742904663086,14.871247324222798,14.642978788109899,14.668342496303852,1726200
2015-01-20,14.634522438049316,14.702157372459453,14.549978366900639,14.634522438049316,2409000
2015-01-21,14.727522850036621,14.795157792586677,14.66834247687335,14.727522850036621,2282200
2015-01-22,14.710613250732422,14.82052103677563,14.642978310299748,14.803611898531418,3736700
2015-01-23,14.617616653442383,14.710613691483525,14.583798375940711,14.626069610273575,1889100
2015-01-26,14.566888809204102,14.710613259275021,14.566888809204102,14.609161654839182,1718300
2015-01-27,14.642977714538574,14.710612652219467,14.533071545511163,14.549979070523301,3261700
2015-01-28,14.431619644165039,14.60916237955133,14.42316507461862,14.549980392726395,3647800
2015-01-29,14.363986015319824,14.44853010597953,14.237170685602468,14.44853010597953,2221700
2015-01-30,14.710613250732422,14.786702760287206,14.313258177258476,14.33016731550269,3535300
2015-02-02,14.913518905639648,14.938882614423703,14.710614073000011,14.85433853102112,2878400
2015-02-03,15.32778263092041,15.547596595441401,15.099515709630033,15.141786943653825,5713100
2015-02-04,14.98961067199707,15.243242960319169,14.896613617569026,15.243242960319169,4597900
2015-02-05,15.192513465881348,15.285512120187324,15.006517769813685,15.006517769813685,2395500
2015-02-06,15.234785079956055,15.31932915769766,15.15024100221445,15.234785079956055,2735100
2015-02-09,15.38696575164795,15.471508225934627,15.293967094879404,15.336238332022743,2060700
2015-02-10,15.192513465881348,15.3785107744933,15.116423951002693,15.370056204779639,1172500
2015-02-11,15.074151992797852,15.13333236541394,14.921972970331218,15.091061131415081,3233400
2015-02-12,15.302421569824219,15.344692806705151,15.158697106866999,15.217877483518032,11000200
2015-02-13,15.471508979797363,15.530690972243798,15.420783170244832,15.463056021992283,2173800
2015-02-17,15.479963302612305,15.564507392210885,15.285513025316638,15.412328353442316,1631700
2015-02-18,15.293965339660645,15.471506450340282,15.260147063791676,15.420780649080978,2454500
2015-02-19,15.243239402770996,15.319328910255,15.057242112234922,15.091060387802985,1131800
2015-02-20,15.184059143066406,15.302421508437982,15.158697046057318,15.293966938586847,1674600
2015-02-23,15.082606315612793,15.209421628081051,15.040335082304768,15.099515453953677,1583800
2015-02-24,15.09106159210205,15.277057284936845,15.082607022535344,15.167151105658164,1183100
2015-02-25,15.319329261779785,15.327782218321632,15.141786536061746,15.175604812405819,1861500
2015-02-26,15.192513465881348,15.310875829328305,15.116423951002693,15.268602980760003,952400
2015-02-27,15.361600875854492,15.420781248380973,15.24324013080153,15.30242050332801,964100
2015-03-02,15.1417875289917,15.319330266352187,15.091061723693391,15.277057418150035,1449400
2015-03-03,15.234785079956055,15.268601743526201,15.158695571243028,15.20096680384175,1588300
2015-03-04,15.099515914916992,15.175605427229671,15.023426402604311,15.158696288372578,1476900
2015-03-05,15.040338516235352,15.167153857657418,14.998065660731626,15.133335573254438,1244000
2015-03-06,14.854337692260742,14.98960757304906,14.820521028335751,14.981153003931768,7454700
2015-03-09,14.812067031860352,14.93888234843412,14.7867033235279,14.88815654431346,1280700
2015-03-10,14.617616653442383,14.668342457150663,14.549980098439041,14.626069610273575,1580800
2015-03-11,14.693704605102539,14.71061374391364,14.541527193435323,14.642978801213468,1390600
2015-03-12,14.626070022583008,14.795158189769511,14.575344217444766,14.786703620155759,1146200
2015-03-13,14.330168724060059,14.566890232570435,14.330168724060059,14.566890232570435,1924600
2015-03-16,14.31325912475586,14.3386212212569,14.135716386527147,14.287895415710533,1888400
2015-03-17,14.211806297302246,14.26253371680703,14.161080490341792,14.211806297302246,1370500
2015-03-18,14.600707054138184,14.609161623246916,14.127260859314168,14.152624566640368,2163200
2015-03-19,14.355530738830566,14.423165685522392,14.287895792138743,14.355530738830568,1165500
2015-03-20,14.549981117248535,14.609163107020462,14.465438642663031,14.473893212630449,1457400
2015-03-23,14.719067573547363,14.74443128048925,14.592252263926232,14.609161401887489,1469000
2015-03-24,14.600707054138184,14.668341994463875,14.583797915920716,14.65988742535514,1512700
2015-03-25,14.642977714538574,14.74443092733197,14.57534277685768,14.659886852094825,1540100
2015-03-26,14.820521354675293,14.879701727255279,14.75288641279185,14.82897592397875,1678700
2015-03-27,14.524617195129395,14.735976580128265,14.524617195129395,14.719067442317762,675400
2015-03-30,14.600707054138184,14.651432856246407,14.499253837377559,14.558434208594516,993200
2015-03-31,14.431619644165039,14.600707810004911,14.42316507461862,14.482345448899297,2302400
2015-04-01,14.693704605102539,14.778248686613814,14.448528542518499,14.48234520759647,1893200
2015-04-02,14.617616653442383,14.668342457150663,14.524618002857014,14.583798375940711,1256800
2015-04-06,14.803611755371094,14.879701264190041,14.668341875813887,14.752885953673182,1377800
2015-04-07,14.879701614379883,14.930427417271613,14.735977162399816,14.803612103770188,1274100
2015-04-08,14.592253684997559,14.845884328939725,14.533073308914007,14.837429759135745,904000
2015-04-09,14.592253684997559,14.702159867360683,14.54998083597766,14.60916282460552,1321400
2015-04-10,14.74443244934082,14.769794545749114,14.676797504678241,14.702159601086535,804200
2015-04-13,14.676797866821289,14.803613189624699,14.64297958738341,14.77824948004629,1210300
2015-04-14,14.74443244934082,14.820521963654258,14.693705031435677,14.727523310039107,1302500
2015-04-15,15.040338516235352,15.116426431052949,14.803615363048154,14.837432034906579,5697900
2015-04-16,15.200967788696289,15.277057302339076,15.040335804378643,15.074152470139735,1718200
2015-04-17,15.16715145111084,15.26014849337424,15.10797107534023,15.192513547844358,1226500
2015-04-20,15.099515914916992,15.158696288372578,15.031880972032859,15.05724306777426,1002800
2015-04-21,14.98961067199707,15.082609338969624,14.955794001080829,15.031883526323007,1305400
2015-04-22,15.040338516235352,15.074155188093776,14.97270194742939,15.031883945134606,762800
2015-04-23,15.22633171081543,15.29396665582975,15.09106182078679,15.099516390481616,1057800
2015-04-24,15.217877388000488,15.234786527664458,15.150242441888926,15.209422818168504,700600
2015-04-27,15.217877388000488,15.277057764280068,15.184059108672551,15.226331957832473,833500
2015-04-28,15.243239402770996,15.310874341362986,15.200966558310919,15.23478483387898,815500
2015-04-29,15.34469223022461,15.429236313354583,15.234786050936627,15.251695190071475,1774000
2015-04-30,15.463053703308105,15.463053703308105,15.293965546761877,15.353145917789806,1166500
2015-05-01,15.446146011352539,15.446146011352539,15.310876118468032,15.378511064910285,2015400
2015-05-04,15.437692642211914,15.437692642211914,15.36160311997815,15.386966831570886,2095200
2015-05-05,15.564507484436035,15.632142434006782,15.556052914171643,15.572962054700428,1615300
2015-05-06,15.564507484436035,15.792776043941458,15.547598343907248,15.564507484436035,2812400
2015-05-07,15.319329261779785,15.556050746011609,15.29396555452173,15.556050746011609,1007500
2015-05-08,15.403873443603516,15.437691723715076,15.234786880678758,15.310876398385421,1711600
2015-05-11,15.336237907409668,15.420781991899913,15.260148392622874,15.403872852493006,1494300
2015-05-12,15.496870040893555,15.589868686290847,15.3785093013291,15.386963870232867,1241200
2015-05-13,15.513779640197754,15.640594952438418,15.505325071042485,15.632140383283149,1246900
2015-05-14,15.606778144836426,15.640596424640712,15.522235670414377,15.606778144836426,2321900
2015-05-15,15.5983247756958,15.606777732879412,15.429236606226288,15.479962412049424,2034900
2015-05-18,15.556052207946777,15.581415917588474,15.496871831327134,15.556052207946776,1773500
2015-05-19,15.22633171081543,15.395418267079087,15.17560590519076,15.395418267079087,1463300
2015-05-20,15.192513465881348,15.260148411046343,15.175605938998316,15.23478631444965,2551100
2015-05-21,15.378508567810059,15.429234366269018,15.302419063849591,15.302419063849591,974800
2015-05-22,15.209421157836914,15.277056096565131,15.184057451109782,15.251694002382136,1452200
2015-05-26,14.913518905639648,15.057243363660758,14.862793100615805,15.031881267420971,1366900
2015-05-27,14.710613250732422,14.845883131597773,14.68525115591028,14.786702760287206,1392400
2015-05-28,14.786702156066895,14.795156724843528,14.626068574399099,14.693703512068048,3380400
2015-05-29,14.972699165344238,15.006517443463427,14.761339764732078,14.778248903791672,1347700
2015-06-01,14.938880920410156,15.014970425589787,14.879700552502463,14.947335489046125,2013000
2015-06-02,15.116425514221191,15.13333465539712,14.981155609902684,15.031883033430468,1085500
2015-06-03,14.92197322845459,15.099515961918236,14.896611132634241,15.048788545189057,1091000
2015-06-04,14.786702156066895,14.845882524959212,14.72752178717458,14.837427956182578,1296700
2015-06-05,14.854337692260742,14.862792261378033,14.60916163803598,14.642978301960971,1161400
2015-06-08,14.86279296875,14.888156677309022,14.812067164176208,14.837429260190977,1449000
2015-06-09,15.099515914916992,15.150241718944033,15.05724306777426,15.0826067760599,1221800
2015-06-10,15.158695220947266,15.285510528357072,15.133331514447656,15.260146821857463,1223400
2015-06-11,15.023427963256836,15.116425011543022,14.989609682029567,15.116425011543022,719100
2015-06-12,14.871247291564941,14.998062607167762,14.862792722185523,14.964245942194315,3527800
2015-06-15,14.803611755371094,14.84588298802866,14.761338910169366,14.76979347920971,1343800
2015-06-16,14.8458833694458,14.871247077218475,14.761339289414419,14.803612135702211,577100
2015-06-17,14.888157844543457,15.048789840378088,14.752887946711988,15.006518602009896,693900
2015-06-18,14.888157844543457,14.95579279345919,14.871248704178429,14.930429082911647,1668500
2015-06-19,14.752885818481445,14.786702481788778,14.676796310359762,14.727522111592835,1648600
2015-06-22,14.803611755371094,14.837428418988313,14.659887306773543,14.702158539431109,1015200
2015-06-23,14.981155395507812,14.989609965974784,14.769795971466845,14.778250541933817,630500
2015-06-24,14.879701614379883,15.01497149712063,14.854337906661918,14.930427417271613,2268100
2015-06-25,14.896611213684082,14.921973309642421,14.8120671312197,14.845883796678903,887300
2015-06-26,14.964245796203613,15.014971599441017,14.871247146481531,14.955791226906678,550700
2015-06-29,14.896611213684082,14.981153683604214,14.879702074682356,14.913518740141559,2299100
2015-06-30,15.217877388000488,15.260148624616098,14.921973894058283,14.938883033722252,1582600
2015-07-01,15.031882286071777,15.124879332826817,14.972700294898456,15.099517234868342,3885400
2015-07-02,15.006519317626953,15.167152933666111,14.998064747041264,15.048790558010936,1855000
2015-07-06,14.516165733337402,14.68525392254664,14.490802021192671,14.64298106897209,2304900
2015-07-07,14.431619644165039,14.456983352804297,14.135716160217392,14.42316507461862,4409500
2015-07-08,14.363986015319824,14.473893816940764,14.28789649498053,14.39780429660147,4364000
2015-07-09,14.533072471618652,14.617616552243296,14.46543752962778,14.541527040935538,2278400
2015-07-10,14.600707054138184,14.676796563572607,14.507708406486291,14.56688877770325,1117900
2015-07-13,14.609161376953125,14.685250885104766,14.46543692961604,14.575343101088329,2425500
2015-07-14,14.558433532714844,14.617615513728436,14.490798595529125,14.516162301677808,867200
2015-07-15,14.389348983764648,14.499255167169824,14.372439843996368,14.465438500177587,914500
2015-07-16,14.321714401245117,14.541528386186716,14.313259831146091,14.431620587443735,822400
2015-07-17,14.245623588562012,14.296349392002936,14.161079507797659,14.296349392002936,938200
2015-07-20,14.017354965209961,14.144170279278729,14.017354965209961,14.093444476160062,2006200
2015-07-21,14.076536178588867,14.161080263867083,14.034264942221911,14.059627039024363,1044600
2015-07-22,13.873631477355957,14.01735593997358,13.873631477355957,13.95817556346238,2034100
2015-07-23,13.755270004272461,13.949720263357126,13.755270004272461,13.924356555089643,6627700
2015-07-24,13.645362854003906,13.721452369829112,13.577727907997534,13.696090272916917,1264800
2015-07-27,13.38327693939209,13.535455963078313,13.37482237001572,13.4847293530922,2407200
2015-07-28,13.493184089660645,13.577727365655578,13.42554914635585,13.459366618008247,2157400
2015-07-29,13.535456657409668,13.611546173155961,13.459367141663376,13.467821711473443,1239700
2015-07-30,13.48473072052002,13.586183144507979,13.459367816091078,13.527002765416384,997500
2015-07-31,13.298733711242676,13.543911401252096,13.290279947596138,13.543911401252096,1807500
2015-08-03,13.078919410705566,13.231097624773502,13.053555703134165,13.146554351685115,2939000
2015-08-04,13.155009269714355,13.205735073658094,13.104282659498502,13.163463032856901,2741300
2015-08-05,13.10428237915039,13.248006831036388,13.045102007058073,13.188826458944071,1415200
2015-08-06,13.09582805633545,13.09582805633545,13.01128478122305,13.045102252522433,1767100
2015-08-07,13.045103073120117,13.104283450048728,13.028193933270705,13.045103073120117,1940400
2015-08-10,13.324097633361816,13.37482344113819,13.0958290795516,13.104283649605055,2061600
2015-08-11,13.146553993225098,13.171916893832847,13.053555347209892,13.163462324872906,1092400
2015-08-12,13.10428237915039,13.273369732465653,13.01128453639502,13.205734791139548,1831900
2015-08-13,13.045103073120117,13.062011406697364,12.98592188991934,13.053556836772657,1304400
2015-08-14,12.96055793762207,13.078919488173394,12.96055793762207,13.011284546793238,876100
2015-08-17,12.909832954406738,13.01973913642369,12.909832954406738,12.99437623336379,1824400
2015-08-18,12.842198371887207,12.884470418351155,12.77456342005378,12.825290037064963,1641300
2015-08-19,12.69847297668457,12.89292323518827,12.656200935970514,12.859105763871447,1718400
2015-08-20,12.732291221618652,12.833743641733394,12.698473748247071,12.81683450191152,4386200
2015-08-21,12.5209321975708,12.656202095228275,12.487114723156433,12.647747525056635,2750700
2015-08-24,12.208118438720703,12.377206601653636,12.132029732927421,12.182755536789609,3776900
2015-08-25,12.258845329284668,12.436387259407953,12.23348242677338,12.411024356896665,3132700
2015-08-26,12.182755470275879,12.250390412570942,12.115120527980816,12.225027510778322,2180700
2015-08-27,12.622384071350098,12.647746974488756,12.30111767526252,12.343389718008387,2094800
2015-08-28,12.952104568481445,13.045103226200188,12.673110207869563,12.68156477789348,6212800
2015-08-31,13.26491641998291,13.349460507786507,12.68156479420905,12.80838011964227,2227600
2015-09-01,12.825288772583008,13.129646025825975,12.79992586971413,13.095828553243424,2494200
2015-09-02,12.935195922851562,12.99437629904786,12.664655332513878,12.985921729227773,3646300
2015-09-03,13.019739151000977,13.171918182075064,12.935195871949269,12.960558775037565,1687800
2015-09-04,12.859106063842773,12.985921382671117,12.842196924653855,12.943650147243092,837700
2015-09-08,12.952104568481445,12.98592204230494,12.77456262934005,12.892924190858372,1278600
2015-09-09,12.783016204833984,12.985921031988784,12.749198733641519,12.969012699528607,1918600
2015-09-10,12.892923355102539,12.935195396209759,12.766108038053002,12.791470940208484,2398200
2015-09-11,12.876014709472656,12.935195891799035,12.673109871910606,12.783016860491422,1160200
2015-09-14,12.715381622314453,12.816834038763117,12.70692705270903,12.783016566613561,804000
2015-09-15,12.75765323638916,12.766107805711156,12.68156372503541,12.723835765373284,649200
2015-09-16,12.969012260437012,13.019738062372232,12.842196143054789,12.850650712134687,1767000
2015-09-17,12.884469985961914,12.952104935525584,12.799926702143427,12.91828746074375,1326700
2015-09-18,12.690019607543945,12.808380365211649,12.622384658513203,12.783017460893168,1213700
2015-09-21,12.83374309539795,12.842196858676843,12.723836110051037,12.740744442880954,883600
2015-09-22,12.75765323638916,12.774561568761046,12.613928783003658,12.65620082334153,1021400
2015-09-23,12.656201362609863,12.926741142264312,12.647746792927627,12.842197057986226,1423700
2015-09-24,12.732291221618652,12.757654125079297,12.613929661682038,12.613929661682038,1711300
2015-09-25,12.808378219604492,12.850650257235515,12.723834950614503,12.774560750754086,1286700
2015-09-28,12.630838394165039,12.723837053578285,12.597020919725365,12.681565008960645,1424200
2015-09-29,12.715381622314453,12.75765366406943,12.639292108409922,12.656201247620768,1407500
2015-09-30,12.808378219604492,12.842195688454899,12.723834950614503,12.740743281903677,1466300
2015-10-01,12.723836898803711,12.994376691030219,12.69847399485052,12.952104646926783,2237900
2015-10-02,12.808378219604492,12.825287357165724,12.60547340650205,12.613927975282666,4613600
2015-10-05,12.97746753692627,12.985921300194903,12.918286356413065,12.94365006503535,1696100
2015-10-06,13.231098175048828,13.256461883675094,13.045102482755643,13.045102482755643,1805700
2015-10-07,13.205734252929688,13.374821599353666,13.146553883249313,13.349458698958085,1087700
2015-10-08,13.26491641998291,13.298733893849914,13.13810109454969,13.163463998381898,1294100
2015-10-09,13.324097633361816,13.408640915079832,13.26491644925981,13.357915107303459,2042900
2015-10-12,13.112737655639648,13.357914532738791,13.070465613462801,13.349459963048993,1072800
2015-10-13,13.028194427490234,13.146555992109622,12.994376952780723,13.011286093271577,1571300
2015-10-14,13.062010765075684,13.08737366733178,12.96901291928858,13.053556195566276,1495300
2015-10-15,13.028194427490234,13.05355733195432,12.89292452865219,12.985922382535296,1624400
2015-10-16,13.036646842956543,13.078918880924492,12.918285297900697,13.062009743228488,1383400
2015-10-19,12.799925804138184,12.892923651695723,12.774562095127102,12.876014512355002,1160400
2015-10-20,12.825288772583008,12.85910624516556,12.74919925770423,12.774562160573108,1591200
2015-10-21,12.715381622314453,12.77456199700814,12.647746678015345,12.732290761525299,2500900
2015-10-22,12.75765323638916,12.85910564943679,12.715381196051288,12.808379039776922,1326900
2015-10-23,12.681564331054688,12.73229094313865,12.639292288696742,12.698473470506723,1363400
2015-10-26,12.647747039794922,12.715381986028678,12.639292469947662,12.67310994306454,1226500
2015-10-27,12.588565826416016,12.639291629582582,12.563202118560628,12.588565826416016,1547100
2015-10-28,12.799925804138184,12.884469082025362,12.622383872421324,12.622383872421324,1690700
2015-10-29,12.723836898803711,12.833743890963774,12.715382328728587,12.749199802756902,1501300
2015-10-30,12.850651741027832,12.901378353296586,12.723836419764169,12.749199322762472,1446500
2015-11-02,12.783016204833984,12.833742814758741,12.740744164275375,12.766107872373809,2485500
2015-11-03,13.011284828186035,13.053556062758751,12.850651234230094,12.867560373076874,1988700
2015-11-04,12.791470527648926,13.053555722770911,12.774561389242555,13.00282992009599,1556900
2015-11-05,12.690019607543945,12.766109126771578,12.647747562831684,12.715382511862426,2661700
2015-11-06,12.613929748535156,12.647747222139587,12.546294801326296,12.605475178566007,786300
2015-11-09,12.504022598266602,12.613929587647203,12.470205125093505,12.597020447924574,2315500
2015-11-10,12.478659629821777,12.55474914563213,12.427933017190824,12.478659629821777,1056000
2015-11-11,12.351841926574707,12.53783840747826,12.318024457889702,12.529383838738996,1133900
2015-11-12,12.174300193786621,12.301116307927938,12.157391862331018,12.208117662969894,1817300
2015-11-13,12.081303596496582,12.165847681277992,12.047486123838448,12.165847681277992,1517400
2015-11-16,12.140482902526855,12.148937471514595,11.937578084453577,12.030575924502477,1107800
2015-11-17,11.954487800598145,12.072848547062605,11.954487800598145,12.047485645144809,1094800
2015-11-18,12.005213737487793,12.039031209177027,11.878398420221197,12.022122876468472,1851000
2015-11-19,12.005213737487793,12.064394917648045,11.988305404779238,11.996759167997453,2045800
2015-11-20,11.98830509185791,12.140483307351213,11.98830509185791,12.0474854642013,2169500
2015-11-23,12.081303596496582,12.148938541812852,11.97139660878961,11.97139660878961,3993600
2015-11-24,12.275754928588867,12.334935305424093,12.081303851988293,12.250391218854771,1309000
2015-11-25,12.258845329284668,12.284208231795956,12.106666301672673,12.174301245884196,1427300
2015-11-27,12.07284927368164,12.17430169373098,12.030577230426374,12.132030456747877,1606800
2015-11-30,11.996759414672852,12.17430134625995,11.988305651280811,12.106666401490783,2975400
2015-12-01,12.13202953338623,12.182755336414107,12.047485453310301,12.089757493348266,2226200
2015-12-02,11.878398895263672,12.081303733513673,11.853035992050462,11.979851314388672,2108800
2015-12-03,12.01366901397705,12.132030574990955,11.886853689247431,11.929124926642523,2703400
2015-12-04,11.996759414672852,12.06439516571416,11.929124469903686,11.96294194228827,2145000
2015-12-07,11.650130271911621,11.869944248391802,11.633221938636611,11.836126775569632,2197000
2015-12-08,11.590949058532715,11.692401469668745,11.540222449828654,11.557131588154038,3011100
2015-12-09,11.599404335021973,11.76849169722623,11.514860250783775,11.650130140547178,2688000
2015-12-10,11.557130813598633,11.641674887015252,11.557130813598633,11.565585382194703,2076600
2015-12-11,11.438770294189453,11.59094931742862,11.404952823055428,11.531768944512104,4237900
2015-12-14,11.362680435180664,11.455679082660085,11.295045494980405,11.328862965080534,2631700
2015-12-15,11.33731746673584,11.497951053460023,11.33731746673584,11.396497837491022,2862800
2015-12-16,11.286592483520508,11.345772858567416,11.22741130220146,11.295046246904253,3436900
2015-12-17,11.168231010437012,11.244320525363094,11.142868107552365,11.235865955644163,8948500
2015-12-18,11.218957901000977,11.36268155843016,11.210503331072152,11.210503331072152,2764200
2015-12-21,11.168231010437012,11.244320525363094,11.125958968114505,11.15977644071808,4462300
2015-12-22,11.117504119873047,11.210502771907132,11.10059578713093,11.176685300150773,3484300
2015-12-23,11.32041072845459,11.345773632881041,11.202049164010825,11.210503734243707,5518100
2015-12-24,11.32041072845459,11.388045677773256,11.32041072845459,11.371136537307493,1391700
2015-12-28,11.159775733947754,11.244319813238427,11.142867401852877,11.20204777359309,2958900
2015-12-29,11.345772743225098,11.379590215232703,11.30350070164756,11.311955271217494,5314700
2015-12-30,11.235865592956543,11.278137633914533,11.193593551998555,11.252774731848588,3190200
2015-12-31,11.295045852661133,11.404952835535004,11.176685106698587,11.176685106698587,2373200
2016-01-04,11.210504531860352,11.421863965087256,11.151323342291686,11.34577444012201,2307600
2016-01-05,11.10059642791748,11.202048849042944,11.10059642791748,11.176685945329622,1210000
2016-01-06,10.923054695129395,11.041416258474678,10.889237220783912,10.956872169474877,2668600
2016-01-07,10.87232780456543,10.973780225027296,10.78778452398329,10.813147427530716,10692400
2016-01-08,10.821600914001465,10.889235854204367,10.787783443900015,10.880781285110983,2809600
2016-01-11,10.525697708129883,10.92305359642508,10.517243138825876,10.762420004737358,2629100
2016-01-12,10.458063125610352,10.601787583628832,10.365065278886918,10.576424681117375,2398200
2016-01-13,10.398882865905762,10.54260732551247,10.34815625405016,10.491880713656867,2554200
2016-01-14,10.424246788024902,10.449609693296726,10.322794360665387,10.365066406966575,1813100
2016-01-15,10.204431533813477,10.305883948661357,10.170614062197517,10.255158144373478,1963500
2016-01-19,10.119888305664062,10.246703623254309,10.10297916664023,10.221340720990684,3776800
2016-01-20,10.043798446655273,10.069161348045304,9.89161942577089,10.018435545265243,2239200
2016-01-21,10.179069519042969,10.238249897961994,9.959255531240599,9.967710101449658,2564100
2016-01-22,10.48342514038086,10.491879709259452,10.356609832290212,10.407336439289711,1994500
2016-01-25,10.255158424377441,10.45806325961326,10.24670385467458,10.381973744831793,1983100
2016-01-26,10.458063125610352,10.593333014034302,10.348156139697858,10.356610709292388,2018600
2016-01-27,10.584879875183105,10.660968587206447,10.390428794397636,10.458063742599839,1485200
2016-01-28,10.703240394592285,10.79623905101686,10.610242544439874,10.753967007757705,1943200
2016-01-29,10.804691314697266,10.83850878335547,10.66096687133188,10.745510946113418,2920600
2016-02-01,10.601787567138672,10.703239983298834,10.567970095085284,10.677877080826827,1724600
2016-02-02,10.415791511535645,10.483426458524407,10.339701994605242,10.398883177924537,5602500
2016-02-03,10.677876472473145,10.68633104157284,10.407336711459582,10.551060354793973,3106600
2016-02-04,10.660967826843262,10.813146852580573,10.618696591935896,10.76242024191076,2606400
2016-02-05,10.593334197998047,10.677878290848152,10.551062151572994,10.6356062444231,1709200
2016-02-08,10.542606353759766,10.669421662301502,10.534151784851097,10.64405876184757,1685700
2016-02-09,10.272067070007324,10.50879019125617,10.22979583275133,10.45806357776794,2762900
2016-02-10,10.288976669311523,10.381974524207932,10.2297962894931,10.263613764571085,3157100
2016-02-11,10.415791511535645,10.432700651418918,10.27206704761648,10.29743075744139,1966700
2016-02-12,10.567970275878906,10.627150651416741,10.432700385351199,10.466517857983126,3251400
2016-02-16,10.44960880279541,10.610242403796502,10.415791329890784,10.610242403796502,3558900
2016-02-17,10.669422149658203,10.71169418986037,10.474971893509187,10.49188022582679,1704300
2016-02-18,10.61024284362793,10.745512740853842,10.584879939466116,10.737058170709176,2005500
2016-02-19,10.517243385314941,10.551060857051436,10.466517580846263,10.542607093821406,835500
2016-02-22,10.677876472473145,10.694784804400449,10.627149864147059,10.627149864147059,719000
2016-02-23,10.534152030944824,10.63560444140271,10.483425422579838,10.63560444140271,1496800
2016-02-24,10.669422149658203,10.71169418986037,10.449608185624625,10.458062754919478,2438900
2016-02-25,10.660967826843262,10.737057339711917,10.525697940086594,10.627150355154095,3589400
2016-02-26,10.644059181213379,10.830055673171804,10.610241710518402,10.804691965446496,1686500
2016-02-29,10.779329299926758,10.787783869353577,10.669422316194458,10.703239787629618,1814000
2016-03-01,10.787782669067383,10.821600136739894,10.694784028263957,10.770873532095113,2144600
2016-03-02,10.846964836120605,10.880782309405564,10.73705784637645,10.762420749772128,4519700
2016-03-03,10.906146049499512,10.923055190575308,10.78778528705783,10.8131481923993,1597000
2016-03-04,11.117504119873047,11.12595868938017,10.939962191584124,10.956871330598368,2063900
2016-03-07,11.32041072845459,11.354228203113923,11.134414214692157,11.159777119118608,2785500
2016-03-08,11.168231010437012,11.320410040289177,11.168231010437012,11.320410040289177,2116400
2016-03-09,11.33731746673584,11.354226604821367,11.218956725225473,11.244319626081683,2552700
2016-03-10,11.32041072845459,11.354228203113923,11.235866638670158,11.269684113329491,2836700
2016-03-11,11.362680435180664,11.438769944473977,11.328862965080534,11.4134070434669,1010900
2016-03-14,11.261228561401367,11.286592269888937,11.185139048482904,11.27813770039308,1062700
2016-03-15,11.168231010437012,11.202048483040587,11.100596065229858,11.202048483040587,1619200
2016-03-16,11.362680435180664,11.371135004273718,11.193593084680016,11.193593084680016,2431000
2016-03-17,11.489497184753418,11.51486008715561,11.396498532158498,11.430316810390927,1000400
2016-03-18,11.481042861938477,11.565586946792257,11.438770819511586,11.523314904365366,1791100
2016-03-21,11.514859199523926,11.531768337336688,11.421861360369945,11.472587161264093,9810500
2016-03-22,11.599404335021973,11.60785809842808,11.489497348021171,11.506405681105525,1498800
2016-03-23,11.354227066040039,11.46413404924424,11.337317927267648,11.438770341085654,3167100
2016-03-24,11.286592483520508,11.337318288911533,11.185139260194179,11.193593829850062,1838700
2016-03-28,11.32041072845459,11.328864492415278,11.24432120890304,11.286593253795257,1000300
2016-03-29,11.295045852661133,11.303500422021918,11.168230537337802,11.210502577869617,2303600
2016-03-30,11.252774238586426,11.421861588734364,11.24431966951101,11.371134980553942,1336100
2016-03-31,11.235865592956543,11.337318007492444,11.21895726033662,11.244320162402564,3581700
2016-04-01,11.04141616821289,11.100596546265649,11.00759869414386,11.049869932026013,1170800
2016-04-04,10.889237403869629,11.058324778439985,10.872328263276492,10.990689828611844,4662300
2016-04-05,10.863874435424805,10.8807827696464,10.80469324996873,10.872328199399504,1833000
2016-04-06,10.982234954833984,11.024506998876486,10.838510488852789,10.872327962832355,4849500
2016-04-07,10.948416709899902,10.982234181498143,10.87232719723583,10.956871279367492,1046200
2016-04-08,11.210504531860352,11.244322008925765,11.109052100664107,11.142869577729522,1298800
2016-04-11,11.295045852661133,11.320409560743489,11.23586547967986,11.23586547967986,1763800
2016-04-12,11.54022216796875,11.58249420647766,11.379589389161374,11.404952289757892,2560000
2016-04-13,11.599404335021973,11.641676377141073,11.540223153546377,11.565586862581121,1907900
2016-04-14,11.5064058303833,11.599404485506263,11.489497497079586,11.590949915718328,1084600
2016-04-15,11.464134216308594,11.506405451311354,11.337318092483939,11.404953036014904,879400
2016-04-18,11.514859199523926,11.565585806690141,11.311954383403204,11.337317283850277,1204700
2016-04-19,11.760037422180176,11.785400325578214,11.616312959137696,11.633222098917829,2227000
2016-04-20,11.98830509185791,12.039030894931644,11.6839470483271,11.70931075613607,2408200
2016-04-21,11.937579154968262,12.055940712594573,11.86994420954527,12.055940712594573,2702000
2016-04-22,11.886853218078613,12.064395149426012,11.861489509120315,11.962941926137093,2134900
2016-04-25,11.878398895263672,11.962942174731761,11.844581422222005,11.903761798476882,1574200
2016-04-26,12.030576705932617,12.047485845006406,11.895306818430823,11.929124290306271,1528300
2016-04-27,12.140482902526855,12.165846609490071,11.946032653441316,12.106665432847976,1682600
2016-04-28,12.208118438720703,12.267299618256075,12.132029732927421,12.148938065457445,1944200
2016-04-29,12.326478958129883,12.368750995319242,12.241934883751162,12.343388095514445,8719300
2016-05-02,12.157392501831055,12.27575405333456,12.132029600177484,12.27575405333456,6749000
2016-05-03,11.971396446228027,12.08975800206032,11.91221607144795,12.081303432442557,2723600
2016-05-04,11.979850769042969,12.106666085608305,11.886852923979864,12.039031142603843,2021000
2016-05-05,11.861489295959473,12.123575306580353,11.802308921997907,12.123575306580353,1184200
2016-05-06,11.937579154968262,12.03903157310275,11.810763833868188,11.836126736833773,6854200
2016-05-09,11.675495147705078,11.827673387472556,11.667040577086821,11.802310481890016,2163300
2016-05-10,11.962942123413086,11.988305832789647,11.768491855825694,11.768491855825694,1420900
2016-05-11,12.241936683654785,12.25884582352546,11.971396895901316,12.013668939305838,1851100
2016-05-12,12.258845329284668,12.284208231795956,12.106666301672673,12.284208231795956,1270700
2016-05-13,12.241936683654785,12.267300393460797,12.15739340311791,12.182756306651754,1550800
2016-05-16,12.377205848693848,12.419477080583421,12.326479241645467,12.360296710920364,3273500
2016-05-17,12.470205307006836,12.48711444697613,12.360298316022929,12.368752886007577,1425200
2016-05-18,12.377205848693848,12.529384057294857,12.360296710920364,12.385659611308522,1987300
2016-05-19,12.343388557434082,12.360296889179347,12.17430040234895,12.250389910882843,5004300
2016-05-20,12.394113540649414,12.461748475709195,12.318024037139152,12.41102267755037,3424800
2016-05-23,12.326478958129883,12.35184185793468,12.241934883751162,12.250389452443443,1290200
2016-05-24,12.326478958129883,12.419476794928837,12.284206920940521,12.284206920940521,964200
2016-05-25,12.470205307006836,12.478659876991484,12.343389982325805,12.360298316022929,1638500
2016-05-26,12.461750030517578,12.554748682531908,12.40256965652455,12.537839543521258,1422400
2016-05-27,12.512476921081543,12.53783982389256,12.402569933870945,12.43638740637635,1472500
2016-05-31,12.436386108398438,12.588565121925996,12.427931539586448,12.520930183974205,10015000
2016-06-01,12.563202857971191,12.563202857971191,12.326480547959953,12.343389687525404,3179200
2016-06-02,12.588565826416016,12.673109100450993,12.478658844525649,12.504021746108933,6854400
2016-06-03,12.673110008239746,12.698473717911964,12.605475061658156,12.690019148021225,2211300
2016-06-06,12.825288772583008,12.850651675451886,12.757653827417904,12.79992586971413,2936900
2016-06-07,12.952104568481445,12.952104568481445,12.833743813235298,12.84219757698704,1394200
2016-06-08,13.171917915344238,13.18037248495985,13.078920068388918,13.104282970963617,2748200
2016-06-09,13.146553993225098,13.163462324872906,13.036647015562082,13.053555347209892,3062200
2016-06-10,12.985920906066895,13.08737331866053,12.969012573770675,13.045102084783927,2965700
2016-06-13,12.985920906066895,13.07046498636431,12.95210343520235,12.977467143054836,1594600
2016-06-14,12.901376724243164,12.943648761417423,12.83374178727317,12.892922155553903,1276500
2016-06-15,12.83374309539795,12.952103844023755,12.799925623465986,12.88446890015983,1829800
2016-06-16,12.613929748535156,12.80838002019259,12.588566844899876,12.80838002019259,1836500
2016-06-17,12.909832954406738,12.926741287689287,12.774562256785586,12.799925966117637,2476300
2016-06-20,13.028194427490234,13.070466472445172,12.926742003361701,12.952104907825785,1654100
2016-06-21,12.926739692687988,12.960557161352577,12.85065018662465,12.91828512395383,1550500
2016-06-22,12.850651741027832,13.019739104803431,12.799925935031226,12.985921632048312,2251100
2016-06-23,12.952104568481445,12.960559138505362,12.82528924321138,12.892924190858372,1561500
2016-06-24,12.690019607543945,12.732291652256208,12.622384658513203,12.622384658513203,1583000
2016-06-27,12.664655685424805,12.681564825536164,12.554749499789674,12.681564825536164,2276900
2016-06-28,12.867561340332031,12.867561340332031,12.740745208264757,12.842197630155269,1645800
2016-06-29,13.053555488586426,13.12119123472641,12.91828560885062,12.952103078784573,1671000
2016-06-30,12.97746753692627,13.053556243976741,12.90137802360367,12.985921300194903,2216100
2016-07-01,13.138100624084473,13.146555193816516,12.960558691072299,12.98592159399628,3913400
2016-07-05,12.766107559204102,13.146554302354508,12.68156348016086,13.146554302354508,4526800
2016-07-06,12.816834449768066,12.825289019644607,12.597020470610993,12.630837943844991,2535300
2016-07-07,12.453295707702637,12.909832794768372,12.419478235283561,12.892923655422763,3347900
2016-07-08,12.58011245727539,12.597020791186601,12.487114605083274,12.529385842997394,1516800
2016-07-11,12.52938461303711,12.681563634660103,12.52938461303711,12.673109065398359,1756600
2016-07-12,12.766107559204102,12.79992502956698,12.630836871480495,12.715380950523738,1414900
2016-07-13,12.605474472045898,12.850651343504225,12.554748667618451,12.791470969581495,2742600
2016-07-14,12.656201362609863,12.732290877205713,12.630837653563153,12.706927168159002,1645000
2016-07-15,12.622384071350098,12.706927350569678,12.605474931742888,12.65620154429236,1406800
2016-07-18,12.563202857971191,12.588566567319367,12.470205009177672,12.512477051819145,1465100
2016-07-19,12.487112998962402,12.563201701184422,12.470203860953902,12.546293369448,854300
2016-07-20,12.402569770812988,12.48711385410106,12.326480257108152,12.35184315958572,1813100
2016-07-21,12.334935188293457,12.453295940839974,12.334935188293457,12.44484217728105,1309000
2016-07-22,12.309571266174316,12.326479598164774,12.216572618274492,12.301116697043044,1728300
2016-07-25,12.174300193786621,12.233481369561394,12.157391862331018,12.225026800697561,1248400
2016-07-26,12.123575210571289,12.182755584064193,12.106666071703534,12.148938112600803,1451600
2016-07-27,12.005213737487793,12.191210234914642,11.962941696308219,12.140483624244728,2628900
2016-07-28,11.971396446228027,12.047485960243636,11.946033543646871,12.022123057662478,1235000
2016-07-29,12.07284927368164,12.098212983398097,11.920671046743713,11.954488520093493,3017000
2016-08-01,11.861489295959473,11.996759182884265,11.836126393729106,11.971396280653899,4540600
2016-08-02,11.84458065032959,12.030576336801637,11.802308610214268,11.98830510295842,3700300
2016-08-03,12.039031028747559,12.039031028747559,11.819217062925837,11.86994367283551,2559600
2016-08-04,12.089757919311523,12.140483724126643,11.912215989914346,11.954488031441699,1414600
2016-08-05,12.140482902526855,12.140482902526855,12.030575924502477,12.089757101144574,2201400
2016-08-08,12.208118438720703,12.275754187657146,12.199664675591748,12.216573008121772,2999900
2016-08-09,12.174300193786621,12.301116307927938,12.165846431194852,12.250389701017,1660300
2016-08-10,12.030576705932617,12.301117287208335,12.030576705932617,12.241936106722203,2213200
2016-08-11,12.216573715209961,12.292663231679375,12.081303822051963,12.106666725451047,1959300
2016-08-12,12.309571266174316,12.334934167296046,12.225027187405765,12.250390088527494,1653700
2016-08-15,12.512476921081543,12.52093149077593,12.377207031059928,12.385660794482172,1281800
2016-08-16,12.613929748535156,12.630838082201286,12.487114424086585,12.529385661387995,3543400
2016-08-17,12.664655685424805,12.681564825536164,12.529385789622633,12.605475307579399,2806700
2016-08-18,12.825288772583008,12.850651675451886,12.715381785121679,12.723836354835353,1961600
2016-08-19,12.783016204833984,12.808379106660308,12.715381262449052,12.77456163546784,1215400
2016-08-22,12.664655685424805,12.715382299486707,12.630838211474261,12.673110255480484,931700
2016-08-23,12.715381622314453,12.75765366406943,12.571657164110814,12.588566303321658,934000
2016-08-24,12.563202857971191,12.69001898589561,12.529385385112443,12.656201513036862,1471700
2016-08-25,12.613929748535156,12.622384318504306,12.546294801326296,12.580112274930725,694600
2016-08-26,12.571657180786133,12.75765368099146,12.529385138975087,12.605474652980543,808500
2016-08-29,12.5209321975708,12.54629510181353,12.495568487055884,12.529385961470252,841700
2016-08-30,12.402569770812988,12.529385089472962,12.37720686833542,12.504022186995392,1382300
2016-08-31,12.165846824645996,12.343388745168005,12.132029354369047,12.301116705753795,13259500
2016-09-01,12.030576705932617,12.115120788757302,11.988305470792403,12.089757886418749,2227000
2016-09-02,12.165846824645996,12.208118057788116,12.132029354369047,12.157392255508737,3184400
2016-09-06,12.250391006469727,12.267300145999304,12.115121115321719,12.14893858810872,1680200
2016-09-07,12.360297203063965,12.368751772287338,12.258844791199792,12.334934301665946,1148500
2016-09-08,12.58011245727539,12.62238450146169,12.377207612707767,12.436387990805278,2248200
2016-09-09,12.385660171508789,12.49556715319129,12.368751839242613,12.478658820925114,2072800
2016-09-12,12.385660171508789,12.44484135012066,12.250390288290973,12.27575399609839,2022200
2016-09-13,12.225028038024902,12.368752498168554,12.208118898585816,12.31802588612344,1215500
2016-09-14,12.13202953338623,12.267299416490038,12.123574964124218,12.165847004162183,1505100
2016-09-15,12.19120979309082,12.250390164834181,12.115120282979586,12.165846891811107,1056200
2016-09-16,12.208118438720703,12.225027577522843,12.115120594125282,12.115120594125282,977800
2016-09-19,12.199664115905762,12.32647942601542,12.199664115905762,12.241935348427596,2235400
2016-09-20,12.241936683654785,12.30111786692998,12.140484263247235,12.148938833182571,1666700
2016-09-21,12.394113540649414,12.402568109099892,12.301115706510219,12.34338774249059,1457700
2016-09-22,12.461750030517578,12.537839543521258,12.436387128273726,12.512476641277406,950600
2016-09-23,12.318025588989258,12.50402208697189,12.275754353955495,12.461750045666003,1551600
2016-09-26,12.402569770812988,12.504022186995392,12.368752298752186,12.385660631646521,1043900
2016-09-27,12.284207344055176,12.343388520667522,12.233481542698392,12.275753581343762,1134000
2016-09-28,12.571657180786133,12.630837555558317,12.275754500653075,12.343389445041897,2413800
2016-09-29,12.647747039794922,12.715381986028678,12.571657523713906,12.597020426983525,1276900
2016-09-30,12.690019607543945,12.715382511862426,12.639292992634793,12.690019607543945,1924000
2016-10-03,12.799925804138184,12.825288706877123,12.630837635819542,12.706927150308504,4734500
2016-10-04,12.766107559204102,12.833742499929858,12.749198420886616,12.825287930771115,1430600
2016-10-05,12.842198371887207,12.884470418351155,12.783017990601016,12.867562083528911,4075500
2016-10-06,12.867561340332031,12.876015104118773,12.799926392405023,12.85065220021419,1460000
2016-10-07,12.83374309539795,12.926740941642816,12.783016484363941,12.901378039261875,1358400
2016-10-10,12.97746753692627,13.028193341626585,12.833743079821831,12.833743079821831,1547900
2016-10-11,12.901376724243164,12.969011661213159,12.850650118379644,12.952102523834636,2989800
2016-10-12,12.808378219604492,12.867559394796746,12.799924457095933,12.83374192594634,3655800
2016-10-13,12.892923355102539,12.918286257258021,12.740744329625397,12.791470940208484,1197700
2016-10-14,12.901376724243164,12.918285055349639,12.859104687068905,12.892922155553903,1170100
2016-10-17,12.918285369873047,12.918285369873047,12.816832961947979,12.892922469459798,2010500
2016-10-18,12.943649291992188,12.985920524627144,12.892922684049326,12.9774667618634,786500
2016-10-19,13.028194427490234,13.062011902199746,12.960559478071211,12.960559478071211,2279500
2016-10-20,12.909832954406738,12.94365042724399,12.842197202460087,12.901378384629389,1212700
2016-10-21,12.96055793762207,12.96055793762207,12.859105525551835,12.892922996241914,1034100
2016-10-24,12.969012260437012,12.97746682951691,12.842196143054789,12.960557691357113,1957200
2016-10-25,12.909832954406738,12.99437623336379,12.901378384629389,12.960558760526538,1372400
2016-10-26,12.825288772583008,12.909832857175461,12.791471300000456,12.816834202869334,1892200
2016-10-27,12.901376724243164,12.935194192728162,12.83374178727317,12.892922155553903,1052400
2016-10-28,12.816834449768066,12.918286869470064,12.791471546410607,12.850651923002067,1447700
2016-10-31,12.647747039794922,12.783016932262436,12.630837900100403,12.766108598840075,3300300
2016-11-01,12.706927299499512,12.833743427227429,12.64774692365644,12.825288857457805,4391000
2016-11-02,12.554749488830566,12.630838200448736,12.089758617712365,12.605475296576014,3264600
2016-11-03,12.512476921081543,12.59702019920898,12.478659448576138,12.554748963281334,1884900
2016-11-04,12.427933692932129,12.487114878598112,12.36029874326146,12.402570788373678,1725100
2016-11-07,12.478659629821777,12.487114199638963,12.377207210832026,12.470205060004593,8293200
2016-11-08,12.461750030517578,12.529384974015931,12.385660517513898,12.385660517513898,1254200
2016-11-09,12.5209321975708,12.580112576227899,12.411025204156056,12.504023057227522,3111200
2016-11-10,12.419477462768555,12.4955669725466,12.411023699893732,12.461749502231035,1535100
2016-11-11,12.182755470275879,12.368751964723359,12.174300900920969,12.326479924220916,1701800
2016-11-14,12.157392501831055,12.191209972793184,12.064394658253226,12.174300834176066,3068400
2016-11-15,12.427933692932129,12.444842833485895,12.250391748478576,12.250391748478576,4373300
2016-11-16,12.275754928588867,12.402570252170685,12.267300358677502,12.36875277879739,2185900
2016-11-17,12.301115989685059,12.427931294273463,12.284206852394847,12.394113825965086,1104100
2016-11-18,12.402569770812988,12.402569770812988,12.275754452153015,12.368752298752186,1603800
2016-11-21,12.749198913574219,12.749198913574219,12.58856612471098,12.58856612471098,10376300
2016-11-22,12.732291221618652,12.81683450191152,12.656201704964554,12.766108694990232,2566400
2016-11-23,12.783016204833984,12.808379106660308,12.664654652524296,12.681563791256586,1863600
2016-11-25,12.690019607543945,12.749199986377798,12.630838422437902,12.740745416180907,2590900
2016-11-28,12.732291221618652,12.859106545194038,12.732291221618652,12.757654125079297,2835400
2016-11-29,12.478659629821777,12.56320290917716,12.43638758700801,12.546294575814946,6781500
2016-11-30,12.859106063842773,12.977467619348793,12.706927036231052,12.706927036231052,5383700
2016-12-01,13.09582805633545,13.188826707112835,13.036647683129559,13.070465154428941,3661700
2016-12-02,13.188825607299805,13.214188507091308,13.121190670341102,13.121190670341102,2360500
2016-12-05,13.256461143493652,13.341004415377638,13.248006574423629,13.298732376299602,3254700
2016-12-06,13.197279930114746,13.273369438992304,13.180371598293112,13.214189068208462,1398100
2016-12-07,13.09582805633545,13.222644178412217,13.09582805633545,13.188826707112835,1842300
2016-12-08,13.12119197845459,13.146554880774639,13.019738756630138,13.104282839393138,1693000
2016-12-09,13.188825607299805,13.197279369715607,13.129644432756905,13.188825607299805,2500600
2016-12-12,13.273370742797852,13.425549775501082,13.25646240931536,13.374823162509285,2873400
2016-12-13,13.307188987731934,13.366370174033033,13.239554037335427,13.357915603665417,1381300
2016-12-14,13.18037223815918,13.366368734859199,13.163463099244579,13.27337008337313,3129200
2016-12-15,13.16346263885498,13.205734678390908,13.045101895680894,13.070464796893612,1580500
2016-12-16,13.22264289855957,13.239551229436605,13.146553393932825,13.197279192835964,1148900
2016-12-19,13.146553993225098,13.29873220314367,13.121191092617346,13.205734363400538,1565600
2016-12-20,13.205734252929688,13.214188821818903,13.138099314360096,13.205734252929688,2103500
2016-12-21,13.129645347595215,13.22264399709736,13.104282446036494,13.21418942782042,4886500
2016-12-22,13.112737655639648,13.1972809337212,13.112737655639648,13.121192225329446,3033800
2016-12-23,13.138100624084473,13.171918096740498,13.104283151428445,13.104283151428445,1265400
2016-12-27,13.341005325317383,13.374822797631955,13.239552908373662,13.239552908373662,1303600
2016-12-28,13.349459648132324,13.400186258802318,13.332551315423743,13.341005078641972,1603200
2016-12-29,13.366369247436523,13.434004193144375,13.341005538091967,13.366369247436523,1198000
2016-12-30,13.391732215881348,13.400186785704138,13.34946017303955,13.374823076235765,1623400
2017-01-03,13.231098175048828,13.510092519760734,13.180372370340551,13.501638756490774,5935100
2017-01-04,13.332551956176758,13.357914859594617,13.19728125664647,13.239553299857674,3281500
2017-01-05,13.400186538696289,13.45936691382063,13.273370412508518,13.391731969029342,28475900
2017-01-06,13.38327693939209,13.434003549378202,13.315641996925349,13.400186078144833,2781800
2017-01-09,13.18037223815918,13.28182465283043,13.155009336059399,13.28182465283043,3365900
2017-01-10,13.12119197845459,13.273370198647012,13.112737408923865,13.239552726796237,1915100
2017-01-11,13.26491641998291,13.332552173989093,13.095829050647891,13.214190612318491,2711900
2017-01-12,13.459368705749512,13.518549088752904,13.383279181161008,13.383279181161008,1752700
2017-01-13,13.434003829956055,13.450912162789825,13.374822649357535,13.400186358016384,1241000
2017-01-17,13.425548553466797,13.594635904261676,13.425548553466797,13.577726766046144,2168100
2017-01-18,13.307188987731934,13.425550554061925,13.248008607703042,13.357915603665417,1570600
2017-01-19,13.26491641998291,13.357915077821302,13.26491641998291,13.332552173989093,2495900
2017-01-20,13.417095184326172,13.476275560829196,13.281825291592313,13.434004324053983,1780900
2017-01-23,13.417095184326172,13.450912657509637,13.324097334639683,13.332551904503589,1390700
2017-01-24,13.450912475585938,13.510092851288546,13.43400414235897,13.48472994831202,2219200
2017-01-25,13.366369247436523,13.425549623362855,13.332551774582598,13.357914677655005,1724200
2017-01-26,13.425548553466797,13.493183493784748,13.417093984359031,13.434003122574563,2201400
2017-01-27,13.315642356872559,13.44245767585773,13.26491574551521,13.44245767585773,1835600
2017-01-30,13.23955249786377,13.264915399745256,13.205735026597752,13.256461636632835,4275000
2017-01-31,13.315642356872559,13.391731870772515,13.273370315120124,13.341005259415166,14620200
2017-02-01,13.459368705749512,13.48473161185493,13.324098798157616,13.35791627505559,4732000
2017-02-02,13.459368705749512,13.510094517960347,13.417096658058982,13.501640753440041,3617100
2017-02-03,13.450912475585938,13.48472994831202,13.374822960384213,13.400186669632888,2433500
2017-02-06,13.366369247436523,13.476275429507668,13.341005538091967,13.450912526435262,2332800
2017-02-07,13.307188987731934,13.315643558099548,13.248008607703042,13.264916942166064,2026500
2017-02-08,13.357913970947266,13.391731442012059,13.264915320815001,13.315641930548246,2314600
2017-02-09,13.425548553466797,13.450911454518007,13.37482194509229,13.450911454518007,1669500
2017-02-10,13.569272994995117,13.586182134205135,13.510092620304325,13.535456329119352,2768200
2017-02-13,13.417095184326172,13.450912657509637,13.391732281006613,13.442458087645731,1122500
2017-02-14,13.434003829956055,13.518547106669166,13.391731788463435,13.501638773835396,1679700
2017-02-15,13.450912475585938,13.493184518061579,13.39173209988333,13.417095002859854,1350400
2017-02-16,13.366369247436523,13.476275429507668,13.349460107873485,13.450912526435262,1300300
2017-02-17,13.341005325317383,13.34945989496406,13.264915811041558,13.281824950334913,2265500
2017-02-21,13.324097633361816,13.425550055186742,13.298733923201452,13.400187151298555,1838700
2017-02-22,13.256461143493652,13.273369475361616,13.23109743628358,13.264914906291592,2480700
2017-02-23,13.298733711242676,13.391732367804089,13.264916237840026,13.383277797885384,2209700
2017-02-24,13.273370742797852,13.307188216034996,13.239553269560705,13.307188216034996,1371600
2017-02-27,13.23955249786377,13.307187440395806,13.231097928479237,13.290279107898854,1914300
2017-02-28,13.29028034210205,13.298734105999529,13.188827918882607,13.214190823119422,2321000
2017-03-01,13.349459648132324,13.400186258802318,13.315642176443037,13.36636878711303,2324000
2017-03-02,13.138100624084473,13.231098472320507,13.12964605435243,13.205735569396525,1381200
2017-03-03,13.205734252929688,13.214188821818903,13.12964474547088,13.155008452138528,1805600
2017-03-06,13.188825607299805,13.273368875362161,13.188825607299805,13.26491430667431,1297800
2017-03-07,13.129645347595215,13.22264399709736,13.121191584590376,13.22264399709736,1468000
2017-03-08,12.83374309539795,13.14655491233664,12.80837938674488,13.087373731751606,4012200
2017-03-09,12.723836898803711,12.808380180738405,12.62238447671877,12.791471846860338,4657800
2017-03-10,12.605474472045898,12.749198928377206,12.571657000336891,12.723836026163482,4163400
2017-03-13,12.588565826416016,12.65620076815284,12.563202118560628,12.613928727999298,2701200
2017-03-14,12.537840843200684,12.554749983964145,12.427933847054808,12.495568797564237,2946400
2017-03-15,12.647747039794922,12.67310994306454,12.571657523713906,12.613929566678044,3442700
2017-03-16,12.630838394165039,12.698474149316578,12.622384630259262,12.698474149316578,2088200
2017-03-17,12.673110008239746,12.698473717911964,12.630837965058213,12.681564578130486,1161700
2017-03-20,12.664655685424805,12.715382299486707,12.630838211474261,12.647747351585622,2166400
2017-03-21,12.59701919555664,12.73228988107287,12.58856543280794,12.698472411261832,1882000
2017-03-22,12.588565826416016,12.630837060297452,12.487113413810778,12.563202118560628,1921500
2017-03-23,12.563202857971191,12.588566567319367,12.529385385112443,12.571657427753916,1511400
2017-03-24,12.605474472045898,12.61392904154118,12.56320243084161,12.597019902550615,1372400
2017-03-27,12.588565826416016,12.59701958942904,12.487113413810778,12.52093088467919,2124000
2017-03-28,12.664655685424805,12.732291439598068,12.639292781529942,12.647747351585622,1713300
2017-03-29,12.783016204833984,12.799925343566274,12.698472929988876,12.715381262449052,2553000
2017-03-30,12.83374309539795,12.867560567329912,12.783016484363941,12.816833956295904,1325100
2017-03-31,12.859106063842773,12.892923535948475,12.79992568922583,12.808379452548156,3000100
2017-04-03,12.808378219604492,12.909831432427769,12.799924457095933,12.892922294866539,4604200
2017-04-04,12.935195922851562,12.952104256219581,12.80837979436673,12.876014740383113,4604200
2017-04-05,12.96055793762207,13.078919488173394,12.94364960541308,13.078919488173394,4604600
2017-04-06,12.994375228881836,13.053555600204266,12.994375228881836,13.01973812998115,2856200
2017-04-07,13.028194427490234,13.078921042690599,13.011286093271577,13.03664899773566,6227100
2017-04-10,13.129645347595215,13.129645347595215,13.06201040592389,13.087373307482611,945800
2017-04-11,13.155009269714355,13.180372171686225,13.053556049282646,13.121191798327825,1391600
2017-04-12,13.155009269714355,13.222644212487417,13.121191798327825,13.155009269714355,1429300
2017-04-13,13.197279930114746,13.231097400030096,13.155008697424618,13.214189068208462,2123000
2017-04-17,13.12119197845459,13.214189824476188,13.12119197845459,13.197280685414738,1866000
2017-04-18,13.070465087890625,13.095827989668017,12.977467243858781,13.053555949190958,1462800
2017-04-19,12.842198371887207,13.087375273851436,12.79147256114825,13.078921509576427,2094500
2017-04-20,12.791470527648926,12.88446837006768,12.774561389242555,12.867560037933405,1847400
2017-04-21,12.664655685424805,12.808380151282655,12.639292781529942,12.808380151282655,1585100
2017-04-24,12.622384071350098,12.65620154429236,12.588566598407834,12.65620154429236,1767600
2017-04-25,12.681564331054688,12.690018900780705,12.563202773706871,12.588566482884925,1586400
2017-04-26,12.613929748535156,12.723836739317598,12.597020608596857,12.630838082201286,5213800
2017-04-27,12.546294212341309,12.546294212341309,12.436387226718443,12.512476740324438,919000
2017-04-28,12.512476921081543,12.605474768903367,12.495567781692769,12.571657296397964,2065900
2017-05-01,12.537840843200684,12.58856745921886,12.512477938327699,12.52093250870943,3598700
2017-05-02,12.402569770812988,12.546294228639429,12.368752298752186,12.529385089472962,3162000
2017-05-03,12.351841926574707,12.42793143268398,12.318024457889702,12.42793143268398,2146400
2017-05-04,12.055941581726074,12.23348352782874,12.039032441015246,12.225028957473327,3352800
2017-05-05,12.225028038024902,12.250390940911387,12.098212717320338,12.106666480767736,2436200
2017-05-08,12.174300193786621,12.225026800697561,12.10666525542008,12.165846431194852,1583100
2017-05-09,12.115120887756348,12.208118734605733,12.09821255481652,12.199664971271888,1473000
2017-05-10,12.309571266174316,12.34338873642732,12.191209717152763,12.199664286284035,2232100
2017-05-11,12.360297203063965,12.40256924290873,12.334934301665946,12.368751772287338,1312200
2017-05-12,12.360297203063965,12.394114673685356,12.326479732442575,12.394114673685356,788700
2017-05-15,12.427933692932129,12.537840687715013,12.419479122655245,12.537840687715013,893700
2017-05-16,12.444841384887695,12.504021757392795,12.444841384887695,12.487113425079384,755700
2017-05-17,12.52938461303711,12.580111222335475,12.470204240749101,12.520930850047467,3215000
2017-05-18,12.49556827545166,12.554749459378753,12.411024993983519,12.444842467825211,841700
2017-05-19,12.740743637084961,12.740743637084961,12.63929122770549,12.647745796721798,736600
2017-05-22,12.825288772583008,12.85910624516556,12.79992586971413,12.80837963315566,1975400
2017-05-23,12.783016204833984,12.833742814758741,12.757653303007663,12.825288245392596,1361200
2017-05-24,12.75765323638916,12.799925276727034,12.706926626729292,12.749198667067164,1150900
2017-05-25,12.478659629821777,12.766108553428818,12.46175049018741,12.72383651061505,1306400
2017-05-26,12.571657180786133,12.588566320019407,12.495567666780676,12.512476806013948,1106200
2017-05-30,12.470205307006836,12.512477350657903,12.427933263355769,12.461750737022188,2593000
2017-05-31,12.334935188293457,12.377207231176708,12.275754812020198,12.351843521683463,2029200
2017-06-01,12.250391006469727,12.351843424830735,12.24193643670494,12.334935091573309,2487200
2017-06-02,12.19120979309082,12.233481832738406,12.140483184259299,12.19120979309082,1460600
2017-06-05,12.123575210571289,12.148938112600803,12.08130316967402,12.123575210571289,1512700
2017-06-06,12.208118438720703,12.216573008121772,12.089757692194187,12.10666602472421,1064100
2017-06-07,12.039031028747559,12.20811838465961,12.01366812692878,12.1743009134772,1661800
2017-06-08,12.039031028747559,12.098212208020861,12.02212269629241,12.030576459383928,1348100
2017-06-09,12.106666564941406,12.140484037782556,12.055940758815758,12.064395328594085,1206000
2017-06-12,11.996759414672852,12.148938443539548,11.996759414672852,12.115120971154964,2584100
2017-06-13,12.047486305236816,12.064395444956558,11.962942219182432,12.005214262209625,890000
2017-06-14,11.836126327514648,12.072848628308748,11.836126327514648,12.0305765873132,1195800
2017-06-15,11.886853218078613,11.886853218078613,11.802309134095228,11.819217467128622,1042900
2017-06-16,11.937579154968262,11.954488294460084,11.903761682256766,11.946033724714173,1476500
2017-06-19,11.861489295959473,11.962941711153068,11.836126393729106,11.929124239421869,957700
2017-06-20,11.743128776550293,11.768491679274206,11.683947595164973,11.751582539943504,1559400
2017-06-21,11.616312026977539,11.819216850423901,11.574039987191522,11.776945616909982,2879400
2017-06-22,11.633221626281738,11.71776490293108,11.624767056735166,11.658584528649328,1305700
2017-06-23,11.68394660949707,11.700855747401302,11.624766239376399,11.641675377280631,1874600
2017-06-26,11.709310531616211,11.726218863559213,11.599403552034394,11.67549306145812,1566600
2017-06-27,11.84458065032959,11.886852690444911,11.734673668538596,11.734673668538596,1174900
2017-06-28,11.920671463012695,11.929125226941222,11.819218233148453,11.861490277879856,2204700
2017-06-29,11.971396446228027,12.064395099479164,11.962941876610264,11.988305585463557,893600
2017-06-30,12.216573715209961,12.233482854990791,12.03903177887205,12.03903177887205,2047400
2017-07-03,12.343388557434082,12.377206027196692,12.258844479891515,12.267299048900188,3013000
2017-07-05,12.157392501831055,12.34338899525882,12.106665892251808,12.34338899525882,3157600
2017-07-06,12.165846824645996,12.284207567479276,12.148937686371477,12.191209725785686,3055900
2017-07-07,12.047486305236816,12.09821291812388,11.962942219182432,12.08130377840414,1950900
2017-07-10,12.098212242126465,12.140483476519558,12.030576493298863,12.030576493298863,979500
2017-07-11,12.216573715209961,12.233482854990791,12.081303822051963,12.081303822051963,759800
2017-07-12,12.157392501831055,12.30957152429669,12.148937932522497,12.284207816371014,1252300
2017-07-13,12.148938179016113,12.208118552832543,12.11512070736785,12.15739274849621,630000
2017-07-14,12.284207344055176,12.284207344055176,12.199664073036512,12.216572404731414,759000
2017-07-17,12.241936683654785,12.31802620052849,12.225028350056276,12.275754963396135,1141300
2017-07-18,12.292662620544434,12.377206702701118,12.267299718406276,12.35184299429084,858900
2017-07-19,12.402569770812988,12.427932673290556,12.343389396274619,12.343389396274619,825500
2017-07-20,12.385660171508789,12.487113390194255,12.368751839242613,12.461749682386836,1132100
2017-07-21,12.216573715209961,12.377207318039204,12.191210811810876,12.377207318039204,894800
2017-07-24,12.241936683654785,12.250391253590122,12.2081192101856,12.233482919991614,606700
2017-07-25,12.377205848693848,12.402568749082004,12.318024672758725,12.368751279807107,722700
2017-07-26,12.49556827545166,12.504022845480128,12.368752950113361,12.385661283898118,2389200
2017-07-27,12.571657180786133,12.597020083363908,12.520931375630585,12.554748847824996,1062200
2017-07-28,12.639291763305664,12.65620090205482,12.597019722704887,12.597019722704887,834800
2017-07-31,12.715381622314453,12.723836191919876,12.597020066654945,12.622383775471212,1109900
2017-08-01,12.571657180786133,12.639292125174954,12.470204764202903,12.639292125174954,1041300
2017-08-02,12.59701919555664,12.622382902618979,12.512475924165086,12.59701919555664,2126600
2017-08-03,12.504022598266602,12.622384157508517,12.495568028405287,12.613929587647203,2187100
2017-08-04,12.52938461303711,12.554748320822343,12.461749671487357,12.520930850047467,1113200
2017-08-07,12.554749488830566,12.597020726527713,12.478659970940221,12.512477444861243,989400
2017-08-08,12.563202857971191,12.622384040178114,12.529385385112443,12.529385385112443,1113800
2017-08-09,12.647747039794922,12.65620160964218,12.580112093561164,12.613929566678044,1013700
2017-08-10,12.453295707702637,12.706927153981775,12.453295707702637,12.706927153981775,2661400
2017-08-11,12.49556827545166,12.53784031932182,12.41947875773981,12.436387897796743,1543200
2017-08-14,12.385660171508789,12.529384623995744,12.368751839242613,12.478658820925114,1346600
2017-08-15,12.326478958129883,12.334933526822164,12.258844021135724,12.292661489632804,839800
2017-08-16,12.292662620544434,12.419477937507338,12.292662620544434,12.377206702701118,2787700
2017-08-17,12.326478958129883,12.343388095514445,12.241934883751162,12.250389452443443,1782100
2017-08-18,12.546294212341309,12.55474878191356,12.326480241095577,12.368752282684701,1266300
2017-08-21,12.394113540649414,12.478657612610153,12.368750641570001,12.461748475709195,953900
2017-08-22,12.427933692932129,12.470205738044346,12.402570788373678,12.419479122655245,1118900
2017-08-23,12.537840843200684,12.537840843200684,12.419479276673076,12.44484298781827,1042000
2017-08-24,12.52938461303711,12.563202083811985,12.470204240749101,12.520930850047467,766200
2017-08-25,12.504022598266602,12.554749211162324,12.453295985370877,12.537840071439696,565000
2017-08-28,12.512476921081543,12.563202726703578,12.45329573949298,12.546294393586948,925900
2017-08-29,12.512476921081543,12.53783982389256,12.478659448576138,12.478659448576138,712000
2017-08-30,12.419477462768555,12.529384442862165,12.394114561599904,12.4955669725466,831900
2017-08-31,12.766107559204102,12.766107559204102,12.504021559187724,12.504021559187724,2587700
2017-09-01,12.783016204833984,12.79147077420013,12.69001836062273,12.732290401181341,2722900
2017-09-05,12.808378219604492,12.867559394796746,12.791469888315318,12.808378219604492,1211700
2017-09-06,12.935195922851562,12.935195922851562,12.850651837195008,12.859106407015094,2212200
2017-09-07,12.926739692687988,12.94364883015631,12.867559324092971,12.90983136149172,1205400
2017-09-08,12.783016204833984,12.909832326509818,12.749198733641519,12.884468618411384,1041000
2017-09-11,12.808378219604492,12.825287357165724,12.715380381833887,12.783015319534702,1104300
2017-09-12,12.842198371887207,12.90983412999286,12.766109655778772,12.89292498889839,1451600
2017-09-13,12.901376724243164,12.901376724243164,12.816832649894646,12.867559255758167,909200
2017-09-14,12.909832954406738,13.07892031859299,12.901378384629389,13.002830803141139,944000
2017-09-15,12.969012260437012,13.002829730484521,12.926740221309604,12.9436493594694,1176500
2017-09-18,12.952104568481445,12.96901370852928,12.892924190858372,12.952104568481445,1693700
2017-09-19,12.926739692687988,12.969011730086738,12.867559324092971,12.969011730086738,537400
2017-09-20,13.036646842956543,13.062009743228488,12.969011904716648,12.969011904716648,1577600
2017-09-21,12.985920906066895,13.011284613919383,12.943649672190292,12.969012573770675,1146000
2017-09-22,13.036646842956543,13.053555174380485,12.977466473564652,13.019737705260539,667000
2017-09-25,13.256461143493652,13.256461143493652,13.062010086243525,13.062010086243525,1120300
2017-09-26,13.138100624084473,13.171918096740498,13.087374011964359,13.146555193816516,1114000
2017-09-27,13.087372779846191,13.13809938719062,13.062009879310013,13.104281917718358,2008000
2017-09-28,13.087372779846191,13.155008525062785,13.01973784090167,13.129644818254537,909000
2017-09-29,13.019739151000977,13.070465763449723,12.99437624791268,13.05355662387609,3072300
2017-10-02,12.909832954406738,12.926741287689287,12.833743438954887,12.892923814852038,3580000
2017-10-03,12.918285369873047,12.952102839181403,12.892922469459798,12.909831607250009,1384500
2017-10-04,12.935195922851562,12.97746796567984,12.901378449843373,12.926741353031476,1411000
2017-10-05,13.078919410705566,13.12964521330418,13.019738232644391,13.028192801834859,1391000
2017-10-06,12.876014709472656,12.926741321999245,12.83374347301801,12.909832988671818,1384400
2017-10-09,12.884469985961914,12.926742031007258,12.859107081443588,12.876015415698406,632700
2017-10-10,13.036646842956543,13.062009743228488,13.002829373836596,13.011283942684598,650600
2017-10-11,13.062010765075684,13.070465334585093,12.994375821544677,13.062010765075684,709300
2017-10-12,13.045103073120117,13.053556836772657,12.960558986417388,12.994376459844046,789900
2017-10-13,13.171917915344238,13.188827054575462,13.104282970963617,13.163463345728628,627000
2017-10-16,13.205734252929688,13.298732091894859,13.197279684040472,13.231097153325267,905300
2017-10-17,13.188825607299805,13.222643075779157,13.087372395589703,13.188825607299805,615100
2017-10-18,13.18037223815918,13.214189709716264,13.121191864502315,13.163463099244579,503200
2017-10-19,13.12119197845459,13.155009450305364,13.07891993707309,13.104282839393138,1757100
2017-10-20,13.188825607299805,13.188825607299805,13.095826964277553,13.112736101653253,503700
2017-10-23,13.188825607299805,13.222643075779157,13.163461901236257,13.180371038611955,1102300
2017-10-24,13.324097633361816,13.34100596719655,13.171918597488338,13.20573607142998,687100
2017-10-25,13.341005325317383,13.374822797631955,13.281824950334913,13.324096992296164,865300
2017-10-26,13.400186538696289,13.400186538696289,13.273370412508518,13.307187884904161,500200
2017-10-27,13.467822074890137,13.484730408694372,13.307188469252935,13.324097609329346,892900
2017-10-30,13.501638412475586,13.712997001737595,13.45091180278767,13.510092175530149,1241900
2017-10-31,13.535456657409668,13.552365797029802,13.476275475011356,13.493184614631488,2245500
2017-11-01,13.543910026550293,13.670725337370483,13.493183418458967,13.61999953555124,5287100
2017-11-02,13.62845516204834,13.63690811922061,13.510092798560775,13.518547368277337,5054600
2017-11-03,13.712997436523438,13.729906575712903,13.560820021451061,13.645362492309848,4649100
2017-11-06,13.975083351135254,13.99199087668532,13.729905686401436,13.755269393542777,7479300
2017-11-07,13.890539169311523,13.907448307279276,13.84826632439214,13.907448307279276,5736700
2017-11-08,13.8651762008667,13.983538560401206,13.81445039680576,13.873630770300895,1670700
2017-11-09,13.890539169311523,13.932810401686755,13.856720893376016,13.856720893376016,1459500
2017-11-10,13.8651762008667,13.93281114379603,13.831359535674153,13.882085339735092,1740600
2017-11-13,13.822903633117676,13.907447706761713,13.789085358642428,13.882084000905278,1918500
2017-11-14,13.636908531188965,13.78908756559578,13.594637293873443,13.78908756559578,2498800
2017-11-15,13.620000839233398,13.653817506168377,13.569273420014452,13.636908366428727,1621100
2017-11-16,13.577727317810059,13.64536226087652,13.560819791451623,13.586181887261397,1457700
2017-11-17,13.797540664672852,13.805995233743518,13.636907077418499,13.636907077418499,6369300
2017-11-20,13.68763542175293,13.70454294849876,13.620000477136774,13.653817143172713,1627800
2017-11-21,13.780632019042969,13.780632019042969,13.704542507231732,13.712997076604562,1094100
2017-11-22,13.856721878051758,13.865176447636427,13.780632364334005,13.780632364334005,1651300
2017-11-24,13.898994445800781,13.915901972085033,13.86517616814381,13.890539876386539,576200
2017-11-27,13.873631477355957,13.89899518695118,13.805996530979682,13.89899518695118,1248900
2017-11-28,13.814449310302734,13.831358447841227,13.772178079000614,13.797540172764242,3163600
2017-11-29,13.721451759338379,13.839814118991619,13.662271385783878,13.789086702335558,1814100
2017-11-30,13.662271499633789,13.75527015173397,13.628454834125519,13.72990644319458,1926400
2017-12-01,13.780632019042969,13.890539808345519,13.73836078472305,13.73836078472305,6363500
2017-12-04,13.611544609069824,13.729905347721454,13.611544609069824,13.704541641205765,1210300
2017-12-05,13.611544609069824,13.64536127187995,13.569271764877012,13.5946354713927,858700
2017-12-06,13.38327693939209,13.56927262803957,13.37482237001572,13.56927262803957,1976500
2017-12-07,13.425548553466797,13.434003122574563,13.357913613148845,13.417093984359031,2405000
2017-12-08,13.493184089660645,13.518546991831913,13.442457479045986,13.510092422350782,1667400
2017-12-11,13.527002334594727,13.560820614452496,13.484730291044684,13.518547764630284,1083500
2017-12-12,13.408638954162598,13.586180867960033,13.37482148516652,13.543909636418977,918500
2017-12-13,13.349459648132324,13.4170945915109,13.324096745933389,13.408640022020547,2441600
2017-12-14,13.391732215881348,13.408640549254773,13.298733560374961,13.298733560374961,2278800
2017-12-15,13.391732215881348,13.450912592096572,13.36636931268513,13.44245802227378,1953200
2017-12-18,13.450912475585938,13.510092851288546,13.425549572609413,13.476275378562462,1587300
2017-12-19,13.552366256713867,13.560820826810705,13.501639642405019,13.501639642405019,1575000
2017-12-20,13.62845516204834,13.62845516204834,13.560820216860142,13.560820216860142,1741300
2017-12-21,13.636908531188965,13.66227224110488,13.569273583957527,13.603091863845416,3497500
2017-12-22,13.696089744567871,13.738360979487055,13.645362327611751,13.67072603608981,3404600
2017-12-26,13.898994445800781,13.949720249742002,13.738360852018639,13.738360852018639,1793800
2017-12-27,13.93281078338623,13.958174491032718,13.907448688283939,13.93281078338623,6071600
2017-12-28,14.000444412231445,14.00889898065445,13.958173182660465,13.98353688792948,1933800
2017-12-29,14.042717933654785,14.093443734102602,14.017354227158815,14.051172502486773,1984300
2018-01-02,14.110353469848633,14.135715564875479,14.068080623896904,14.101898900658286,3995700
2018-01-03,14.19489860534668,14.211806132441147,14.118809089516494,14.152625756249739,6139800
2018-01-04,14.177989959716797,14.203352057514353,14.152626249374876,14.186444529830771,2532700
2018-01-05,14.127262115478516,14.144171255199504,14.076536308859865,14.118809158162339,1746400
2018-01-08,14.118807792663574,14.135715318205037,14.076534947449515,14.118807792663574,2208000
2018-01-09,14.211806297302246,14.254079146889564,14.09344554354641,14.118809253298801,5148000
2018-01-10,14.262533187866211,14.279440714529777,14.220260339846623,14.262533187866211,2467700
2018-01-11,14.25407886505127,14.32171381050934,14.25407886505127,14.27944096175786,3052900
2018-01-12,14.347075462341309,14.347075462341309,14.237169284084027,14.279440518980463,7625800
2018-01-16,14.279440879821777,14.313259158628911,14.237169643857149,14.28789544952356,2398900
2018-01-17,14.29634952545166,14.313258664271212,14.245623721537237,14.270985817222332,2351900
2018-01-18,14.29634952545166,14.304804094861435,14.228714582717686,14.29634952545166,1805400
2018-01-19,14.27098560333252,14.313258449747824,14.220259800178363,14.27098560333252,1306200
2018-01-22,14.304803848266602,14.330167556058695,14.23716890669856,14.27944014047451,3227700
2018-01-23,14.406257629394531,14.414710586444409,14.31325897640319,14.347075642235508,2381700
2018-01-24,14.558433532714844,14.558433532714844,14.40625613345505,14.414709089627179,2814600
2018-01-25,14.473893165588379,14.600708489598807,14.46543859564844,14.592253919658868,2613300
2018-01-26,14.5837984085083,14.617616686085492,14.50770889650385,14.524618035292447,3436100
2018-01-29,14.541528701782227,14.566890800085377,14.482346709804611,14.549981659520345,1304500
2018-01-30,14.440074920654297,14.507709867792599,14.414711210773307,14.507709867792599,4444600
2018-01-31,14.456982612609863,14.482344707406329,14.372438534018565,14.448528043496315,35764200
2018-02-01,14.600707054138184,14.609161623246916,14.4400734661606,14.473891742595534,4764400
2018-02-02,14.363986015319824,14.465439246620353,14.330169346582586,14.465439246620353,2011500
2018-02-05,14.228713989257812,14.380893007198136,14.220259420200664,14.330167205399416,3294800
2018-02-06,14.144171714782715,14.254079513996034,14.135717144647508,14.152626284917922,7712100
2018-02-07,13.983537673950195,14.19489705877379,13.941264829458996,14.16107878318083,2161100
2018-02-08,13.839814186096191,14.017355307620532,13.831359616612522,14.00890073813686,5035800
2018-02-09,13.636908531188965,13.805996705539725,13.53545691661398,13.78908756559578,8507700
2018-02-12,13.721451759338379,13.78063213289288,13.68763509411191,13.704542620453026,3396000
2018-02-13,13.74681568145752,13.772179390180007,13.662271598260153,13.687635306982642,1387300
2018-02-14,13.958172798156738,13.966627366346847,13.66226936167895,13.687633066249274,4016700
2018-02-15,13.983537673950195,13.983537673950195,13.805994952175427,13.907448166410171,3893600
2018-02-16,14.00890064239502,14.034264350672686,13.932811130106254,13.958174838383922,2223600
2018-02-20,14.051173210144043,14.110353582404343,14.025809502370686,14.042718640886259,2657100
2018-02-21,14.034263610839844,14.118807688097656,14.025809041859649,14.04271817982004,2374900
2018-02-22,14.161079406738281,14.211805209817204,14.068080757306749,14.068080757306749,2693000
2018-02-23,14.25407886505127,14.25407886505127,14.13571650109142,14.161080210342309,2696100
2018-02-26,14.330168724060059,14.338621681468855,14.2287154971668,14.287895874294394,3158200
2018-02-27,14.186443328857422,14.304804075344329,14.186443328857422,14.304804075344329,4760600
2018-02-28,14.034263610839844,14.279439661088935,14.008899903899255,14.2456229977123,3710600
2018-03-01,14.059627532958984,14.093445813276077,13.873631828848058,13.966630487175701,5442800
2018-03-02,14.059627532958984,14.059627532958984,13.898995539085877,13.966630487175701,5425400
2018-03-05,14.144171714782715,14.169535425188336,13.958176009441274,13.983539719846895,2534600
2018-03-06,14.19489860534668,14.211806132441147,14.14417118643035,14.177989465707903,1780600
2018-03-07,14.042717933654785,14.177987809878378,13.958173857879009,14.152624103382408,3375200
2018-03-08,13.958172798156738,14.008898594753388,13.898992433369981,14.00044402656328,2651700
2018-03-09,14.09344482421875,14.09344482421875,13.991991602931673,14.017355311389503,3346700
2018-03-12,14.068081855773926,14.068081855773926,13.924357392041145,14.034265188595564,1367100
2018-03-13,14.025809288024902,14.152624599865264,13.991991011510576,14.06808052112363,1913900
2018-03-14,14.025809288024902,14.084989659380794,13.95817434754043,14.042718426282065,1961200
2018-03-15,14.017354965209961,14.051173242318542,13.966629162091296,14.042718673041398,1128100
2018-03-16,14.068081855773926,14.093445565565945,13.949721101833164,14.000446908872872,1023900
2018-03-19,13.975083351135254,14.034263721920889,13.915901367805455,14.034263721920889,1684700
2018-03-20,14.068081855773926,14.127262232744307,14.051174328456911,14.068081855773926,1326300
2018-03-21,14.321714401245117,14.35553106909686,14.152626224353314,14.169535364551368,1728000
2018-03-22,14.211806297302246,14.26253371680703,14.186444200094183,14.228715437137174,1750400
2018-03-23,14.338621139526367,14.363984848427119,14.254078668279076,14.287895334269137,2532600
2018-03-26,14.347075462341309,14.380893740293855,14.304804227444873,14.363984601317581,3299900
2018-03-27,14.287896156311035,14.389349385206792,14.270987016071015,14.380894815086782,1288100
2018-03-28,14.228713989257812,14.296348929170827,14.169533618401946,14.270985221999384,1471000
2018-03-29,14.355530738830566,14.380894448544124,14.211806275542399,14.245624555160473,4371400
2018-04-02,14.161079406738281,14.3301675670603,14.161079406738281,14.32171299778978,4823100
2018-04-03,14.23716926574707,14.262532974178812,14.177988891950585,14.220260126792576,2854300
2018-04-04,14.177989959716797,14.245624908084224,14.017356352640023,14.144171679260902,2547400
2018-04-05,14.245623588562012,14.254078157892868,14.144170369135946,14.161079507797659,2639300
2018-04-06,14.144171714782715,14.270987041722078,14.110355046786259,14.18644456545875,1521400
2018-04-09,14.321714401245117,14.363985639195887,14.245624882898243,14.245624882898243,1801800
2018-04-10,14.566888809204102,14.575343378331118,14.431618928260198,14.456982635641246,3665900
2018-04-11,14.676797866821289,14.752887383012197,14.5668900711925,14.600708350630379,2567200
2018-04-12,14.617616653442383,14.626069610273575,14.533072572232431,14.566889237189876,2685700
2018-04-13,14.626070022583008,14.676797440265522,14.600707926286022,14.626070022583008,2084300
2018-04-16,14.57534408569336,14.668342738059716,14.56688951615603,14.65143359898506,2116200
2018-04-17,14.5837984085083,14.600707547296897,14.50770889650385,14.549980130931111,1824000
2018-04-18,14.854337692260742,14.862792261378033,14.710613242355132,14.77824818274929,2904200
2018-04-19,14.795158386230469,14.896611610398395,14.75288715014467,14.888157040672377,1997600
2018-04-20,14.769795417785645,14.812068268535798,14.66834380107402,14.710615039279801,1981000
2018-04-23,14.76133918762207,14.769793756821326,14.626069305522345,14.668342151518628,2094000
2018-04-24,14.685253143310547,14.79515933168352,14.66834400277797,14.727524382097599,1724100
2018-04-25,14.710613250732422,14.735976958098743,14.617616215477605,14.668342017666067,1745900
2018-04-26,14.786702156066895,14.80361129362016,14.719067218397946,14.795156724843528,2550400
2018-04-27,14.77824878692627,14.803612495315086,14.710613843767,14.727522982692879,1519700
2018-04-30,14.8458833694458,14.947336587992298,14.71906805567083,14.744431763443506,2875400
2018-05-01,14.76133918762207,14.803612033618354,14.693704246572207,14.769793756821326,2598700
2018-05-02,14.76133918762207,14.828975741216125,14.702158815771464,14.735977092568492,2170000
2018-05-03,14.854337692260742,14.854337692260742,14.710613242355132,14.761339044514706,2117500
2018-05-04,14.955792427062988,14.989609094420205,14.820522532545445,14.837430059951883,1602700
2018-05-07,14.947336196899414,15.048787800247258,14.921972489790374,15.01497113664603,1544800
2018-05-08,14.98961067199707,15.040338097188195,14.719070854489106,15.031883526323007,4060900
2018-05-09,15.1248779296875,15.158696207220638,15.031880891559823,15.065697556548734,5029300
2018-05-10,15.200967788696289,15.20942235827263,15.074152470139735,15.15869655335886,2579600
2018-05-11,15.107970237731934,15.175605179512033,15.107970237731934,15.175605179512033,1407800
2018-05-14,15.217877388000488,15.226331957832473,15.133333302224957,15.133333302224957,2200600
2018-05-15,15.234785079956055,15.277056312554777,15.141786433185874,15.209421372870326,2064900
2018-05-16,15.319329261779785,15.319329261779785,15.192512338033684,15.226330614377757,2955100
2018-05-17,15.336237907409668,15.43769113130682,15.310875810843596,15.361601616520028,1644800
2018-05-18,15.34469223022461,15.403872604652312,15.336237660657185,15.34469223022461,1696500
2018-05-21,15.463053703308105,15.479961228927392,15.336236779626349,15.38696419411672,2535700
2018-05-22,15.479963302612305,15.615233200952279,15.479963302612303,15.547598251782292,2626500
2018-05-23,15.564507484436035,15.564507484436035,15.395419304236967,15.471508824072108,1879300
2018-05-24,15.463053703308105,15.564505307200507,15.463053703308105,15.54759616903705,1139800
2018-05-25,15.234785079956055,15.336236683210652,15.209421372870326,15.336236683210652,2612300
2018-05-29,15.09106159210205,15.209422340947441,15.04878874426851,15.192513201814025,3213300
2018-05-30,15.28551197052002,15.28551197052002,15.133332942252762,15.158696651145396,2398300
2018-05-31,15.243239402770996,15.37005471106296,15.16714989528699,15.293965203578955,2542900
2018-06-01,15.1417875289917,15.192513334290005,15.099516293333823,15.167151237912991,5462200
2018-06-04,14.964245796203613,15.124877775212761,14.964245796203613,15.124877775212761,2920900
2018-06-05,14.98961067199707,15.014974384592632,14.896613617569026,14.938884859350454,3323100
2018-06-06,15.040338516235352,15.065700616993032,14.93043070447022,14.981156518530137,2858700
2018-06-07,15.099515914916992,15.124878010658394,15.031880972032859,15.040335541461404,1890600
2018-06-08,15.09106159210205,15.13333282739133,15.031881217679356,15.09951616166876,3146600
2018-06-11,15.082606315612793,15.116422979750375,14.998062236452558,14.998062236452558,2415000
2018-06-12,15.074151992797852,15.13333236541394,15.023426189490378,15.023426189490378,1092500
2018-06-13,15.133332252502441,15.167150529484577,15.031880646644437,15.04033521588997,1460900
2018-06-14,14.964245796203613,15.1079702491631,14.964245796203613,15.091061110569228,1744500
2018-06-15,14.600707054138184,14.854337677223482,14.583797915920716,14.854337677223482,2750500
2018-06-18,14.727522850036621,14.744431988810192,14.626069629939424,14.626069629939424,3837500
2018-06-19,14.57534408569336,14.600707794305345,14.4654379067966,14.549980377081372,3010700
2018-06-20,14.558433532714844,14.642977607333018,14.482344026812898,14.642977607333018,2808300
2018-06-21,14.448528289794922,14.54152693908508,14.448528289794922,14.47389199756793,3421300
2018-06-22,14.735978126525879,14.744432696318354,14.58379909534992,14.651434041145423,3181100
2018-06-25,14.566888809204102,14.583797947458134,14.490799299605133,14.558434240077085,2988400
2018-06-26,14.710613250732422,14.752886096342955,14.52461756767861,14.609161646355497,4292200
2018-06-27,14.786702156066895,14.905062893851527,14.778247587290263,14.795156724843528,1867600
2018-06-28,14.77824878692627,14.879702007937293,14.76979421746333,14.828976203703903,1651600
2018-06-29,14.947336196899414,14.998061998573336,14.862792119080105,14.8797012571528,3603100
2018-07-02,14.634522438049316,14.837427241279723,14.626067869680046,14.828974285454485,3413300
2018-07-03,14.617616653442383,14.77824863394264,14.566889237189876,14.735977399609778,2527500
2018-07-05,14.702159881591797,14.761340257732632,14.626070365826633,14.651434075263124,4223300
2018-07-06,14.769795417785645,14.769795417785645,14.600708852418146,14.600708852418146,1761500
2018-07-09,14.8458833694458,14.871247077218475,14.778248427929537,14.803612135702211,2007100
2018-07-10,14.812067031860352,14.913518640101671,14.7867033235279,14.89661111375761,1342300
2018-07-11,14.29634952545166,14.702159181855503,14.237169152127462,14.685251655580183,3798000
2018-07-12,14.372438430786133,14.397802137944595,14.228713981976504,14.389347568891775,3145600
2018-07-13,14.397802352905273,14.482344819607382,14.338620368651933,14.380893214547177,2450400
2018-07-16,14.09344482421875,14.254078419363186,14.068081115760918,14.220260141419411,4408800
2018-07-17,14.110353469848633,14.194897549207896,14.059626054706559,14.059626054706559,3025100
2018-07-18,14.23716926574707,14.270985931111815,14.051173574880364,14.127261475087101,3488500
2018-07-19,14.220261573791504,14.28789652394751,14.110355384492149,14.177990334648154,2929800
2018-07-20,14.321714401245117,14.338621928898807,14.254079452997269,14.287896120849013,2361600
2018-07-23,14.372438430786133,14.431618801611716,14.321712629013371,14.372438430786133,2301000
2018-07-24,14.448528289794922,14.53307236982741,14.414710012764246,14.414710012764246,1504500
2018-07-25,14.642977714538574,14.642977714538574,14.482344132842407,14.524616976733036,2303800
2018-07-26,14.642977714538574,14.66834142087295,14.600706483192056,14.609161051970183,1723600
2018-07-27,14.5837984085083,14.685251628695646,14.558434700325408,14.651433351118454,3142400
2018-07-30,14.668343544006348,14.719069351473173,14.668343544006348,14.676798114008209,2407200
2018-07-31,14.5837984085083,14.676797059301348,14.5837984085083,14.659887920512753,2495500
2018-08-01,14.372438430786133,14.490799172437297,14.347074723627669,14.423164232558895,4856700
2018-08-02,14.456982612609863,14.516162983860518,14.31325816276791,14.330167300995004,2979500
2018-08-03,14.507709503173828,14.549980739368747,14.448529127483223,14.490800363678142,2587000
2018-08-06,14.533072471618652,14.634524078332854,14.524617902301767,14.558434567025095,2542900
2018-08-07,14.642977714538574,14.693703514663216,14.617615620748309,14.66834142087295,2983200
2018-08-08,14.465437889099121,14.642979011533042,14.406257514954481,14.626069872479071,4506800
2018-08-09,14.406257629394531,14.533072948218189,14.397803059800385,14.50770923943575,1749000
2018-08-10,14.406257629394531,14.524618378624043,14.389348490206238,14.406257629394531,2035000
2018-08-13,14.330168724060059,14.380894531234519,14.161080550086073,14.347076251421989,2015700
2018-08-14,14.355530738830566,14.465438535044987,14.313259501852299,14.431620255426912,1687600
2018-08-15,14.042717933654785,14.203349903830224,14.000445089494836,14.194896947542357,3239300
2018-08-16,14.15262508392334,14.177988792176592,14.10189927996107,14.10189927996107,2859600
2018-08-17,14.211806297302246,14.279441244097628,14.144171350506864,14.26253371680703,1118000
2018-08-20,14.23716926574707,14.262532974178812,14.177988891950585,14.203350987838082,1456600
2018-08-21,14.262533187866211,14.33016813215328,14.237169479054458,14.304804423341528,1043500
2018-08-22,14.465437889099121,14.499254554662807,14.347075528265586,14.38934837590051,1541200
2018-08-23,14.440074920654297,14.465438630535287,14.372439973515995,14.397803683396985,925900
2018-08-24,14.549981117248535,14.659888914280632,14.5161644499232,14.600708537053043,986600
2018-08-27,14.600707054138184,14.609161623246916,14.558434208594516,14.575343346811984,1163400
2018-08-28,14.541528701782227,14.651434890366144,14.524619561217193,14.63452574980111,1116800
2018-08-29,14.702159881591797,14.719069021216123,14.575344559497962,14.617617408558779,1418500
2018-08-30,14.676797866821289,14.735978243293259,14.65143415724288,14.727523673433788,839900
2018-08-31,14.693704605102539,14.769794117208264,14.67679707883567,14.735977452130292,1920100
2018-09-04,14.609161376953125,14.735976686357812,14.583797670054528,14.710612979459215,1603700
2018-09-05,14.549981117248535,14.642979774345795,14.533073589858038,14.61761767698788,1674800
2018-09-06,14.465437889099121,14.600707776442372,14.35553009779257,14.566889498334431,1190300
2018-09-07,14.49925422668457,14.507708796020308,14.38934805040839,14.40625718907987,1316100
2018-09-10,14.549981117248535,14.61761767698788,14.507709879955783,14.57534482715079,1532200
2018-09-11,14.693704605102539,14.693704605102539,14.524618054624222,14.541527193435323,1286600
2018-09-12,14.795158386230469,14.828976665134542,14.719068871240596,14.727523440966616,1327200
2018-09-13,14.634522438049316,14.769792306869588,14.583796640377724,14.752884782675078,2000600
2018-09-14,14.541528701782227,14.65988946064866,14.499255850369645,14.575345370367893,2043100
2018-09-17,14.524617195129395,14.651432503619889,14.516162626224144,14.61761584054302,1285100
2018-09-18,14.65988826751709,14.727523211728185,14.600707892900417,14.668342837111512,864100
2018-09-19,14.752885818481445,14.76979334386304,14.651432603471152,14.659887172434022,1109000
2018-09-20,14.752885818481445,14.803611619714518,14.710612973667095,14.786702481788778,1231300
2018-09-21,14.786702156066895,14.91351746262816,14.72752178717458,14.820520431173424,1500100
2018-09-24,15.006519317626953,15.01497388821264,14.92197522431453,14.938884365485904,1442300
2018-09-25,15.040338516235352,15.091064330295268,15.023429374033862,15.048791474791543,2868600
2018-09-26,14.972699165344238,15.06569781762775,14.972699165344238,15.006517443463427,945900
2018-09-27,15.040338516235352,15.040338516235352,14.9642489888732,15.023429374033862,1006200
2018-09-28,15.192513465881348,15.23478631444965,15.07415271497868,15.08260728469234,2286600
2018-10-01,15.479963302612305,15.522236153683787,15.19251436550376,15.209423505932353,4332100
2018-10-02,15.530691146850586,15.581416956973413,15.5137820059615,15.539144104750699,2317400
2018-10-03,15.674413681030273,15.767410719331426,15.488416379339506,15.556051321987722,1976100
2018-10-04,15.505328178405762,15.691323899463812,15.437693224153334,15.691323899463812,2786700
2018-10-05,15.471508979797363,15.547598500398367,15.446146881293302,15.505327261195326,1341900
2018-10-08,15.429234504699707,15.45459821042878,15.34469043148021,15.353145000056568,1499700
2018-10-09,15.539140701293945,15.572958975665076,15.412325397490354,15.488414902281324,2173900
2018-10-10,15.234785079956055,15.50532483869386,15.234785079956055,15.496870269665282,1954200
2018-10-11,15.006519317626953,15.184060462293031,14.989610176455576,15.141789221909047,1826100
2018-10-12,15.1248779296875,15.158696207220638,14.981153475260115,15.133332499070784,2627500
2018-10-15,15.158695220947266,15.192511883735957,15.065696576326152,15.14178608328086,2001200
2018-10-16,15.22633171081543,15.268602946745272,15.11642391732698,15.141787626411459,2118700
2018-10-17,15.09106159210205,15.192513201814025,15.00651750897923,15.192513201814025,1069200
2018-10-18,14.92197322845459,15.014971879913844,14.896611132634241,14.930427797909452,1570000
2018-10-19,15.006519317626953,15.091063410939375,14.972701035284201,15.01497388821264,1591400
2018-10-22,15.023427963256836,15.031882533563653,14.913520161812611,14.9557930133467,2157700
2018-10-23,14.693704605102539,14.854338198719537,14.642978801213468,14.828976103047118,1995800
2018-10-24,14.592253684997559,14.795158522660152,14.592253684997559,14.761340243444234,1916900
2018-10-25,14.651433944702148,14.702159750578796,14.617617278299148,14.642979374965323,2336500
2018-10-26,14.76133918762207,14.78670289521984,14.558434364472483,14.575343502870995,1710100
2018-10-29,14.609161376953125,14.744431255324011,14.592252239020727,14.702158410493016,2465000
2018-10-30,14.533072471618652,14.617616552243296,14.473892098944667,14.473892098944667,1801800
2018-10-31,14.338621139526367,14.549980542733142,14.338621139526367,14.473892641119436,3968100
2018-11-01,14.23716926574707,14.44852866504552,14.203350987838082,14.406257430203528,5848300
2018-11-02,14.203351020812988,14.30480424223125,14.169534355369734,14.237169298800492,3516200
2018-11-05,14.19489860534668,14.33862145464335,14.177989465707903,14.279441078451942,2586100
2018-11-06,14.135716438293457,14.245624232014745,14.042719396541933,14.22871509258927,1736200
2018-11-07,14.101901054382324,14.2287163865171,14.068082772456018,14.211807245553945,1654200
2018-11-08,14.017354965209961,14.118808183991499,13.975083731368441,14.093444476160062,1991300
2018-11-09,13.8651762008667,13.949720282664423,13.805995827371564,13.856721631432503,2247800
2018-11-12,13.831358909606934,14.017354591107564,13.805995202452417,13.949719651239684,3247500
2018-11-13,13.450912475585938,13.797541772596327,13.400186669632888,13.772179675891952,3285700
2018-11-14,13.569272994995117,13.670726217710953,13.543910898724361,13.611545843020162,3499400
2018-11-15,13.543910026550293,13.670725337370483,13.518546319368589,13.670725337370483,1760000
2018-11-16,13.62845516204834,13.738361343275052,13.54391107742702,13.687635537519977,1802700
2018-11-19,13.62845516204834,13.653817258653733,13.476275325966677,13.552365647143581,1678200
2018-11-20,13.214188575744629,13.510091224908281,13.163461969626033,13.476273756253235,2164600
2018-11-21,13.324097633361816,13.459367529128384,13.281825589366719,13.315643063308361,3988300
2018-11-23,12.935195922851562,12.985921729227773,12.86756097683518,12.960558826039668,1521600
2018-11-26,12.994375228881836,13.053555600204266,12.96055775865872,12.977466896906321,2780200
2018-11-27,12.943649291992188,13.019737994498357,12.808378606235253,12.95210305475593,2497000
2018-11-28,12.901376724243164,13.062009497978888,12.87601301817538,12.943648761417423,1709200
2018-11-29,12.985920906066895,13.062010417080147,12.926740533621967,12.95210343520235,1863300
2018-11-30,12.926739692687988,13.028192098681757,12.8083781492259,12.85910475535881,2578700
2018-12-03,13.22264289855957,13.27336869746271,13.13809882535829,13.24800579801114,4590000
2018-12-04,13.231098175048828,13.357914299363776,13.222644411778868,13.290279355571322,2919800
2018-12-06,13.12119197845459,13.146554880774639,12.935195480139265,13.062010798011638,2707900
2018-12-07,13.273370742797852,13.47627558222072,13.25646240931536,13.357914829026793,2498500
2018-12-10,13.062010765075684,13.231098123903202,13.036647862819589,13.155009417134913,1736400
2018-12-11,13.138100624084473,13.231098472320507,13.112737721160489,13.205735569396525,1623000
2018-12-12,13.09582805633545,13.248007080318725,13.087373486942575,13.197280470233595,1910700
2018-12-13,13.26491641998291,13.290280130087295,13.045103242983473,13.070466146815681,1654500
2018-12-14,13.062010765075684,13.171917749881603,13.045102432328996,13.171917749881603,1109700
2018-12-17,12.909832954406738,13.12964612471279,12.901378384629389,13.112737791430241,1269400
2018-12-18,12.639291763305664,12.918286102489837,12.597019722704887,12.909832339387373,2744300
2018-12-19,12.690019607543945,12.842197839727021,12.639292992634793,12.698474177740836,3280800
2018-12-20,12.571657180786133,12.715381639180412,12.554748847824996,12.664655027752728,3308000
2018-12-21,12.461750030517578,12.546294113026583,12.411024226029875,12.478659169528228,7323500
2018-12-24,12.323866844177246,12.469458105731226,12.323866844177246,12.426637002319241,1525700
2018-12-26,12.597921371459961,12.61504932382791,12.298174445946557,12.306738830502864,2943700
2018-12-27,12.478022575378418,12.48658696002908,12.349560072597185,12.452330238171106,4315400
2018-12-28,12.375251770019531,12.435201642730156,12.323867098261431,12.409508490106475,1603200
2018-12-31,12.40950870513916,12.435201858208055,12.281046206773274,12.41807308949546,2988500
2019-01-02,12.443764686584473,12.632177047506962,12.263916709509505,12.263916709509505,2071100
2019-01-03,12.546534538269043,12.572227689188551,12.375250949195202,12.537970971373783,1389700
2019-01-04,12.71782112121582,12.812026907147114,12.649307673857658,12.683564397536738,1332200
2019-01-07,12.81202507019043,12.92335961037075,12.786332735301002,12.81202507019043,1581700
2019-01-08,12.9404878616333,12.957616629786749,12.854846471099918,12.89766757473892,1741600
2019-01-09,13.197413444519043,13.223105779572016,13.03469423352407,13.060386568577043,1156500
2019-01-10,13.163158416748047,13.205979525167768,13.094644969974379,13.1374660783941,772500
2019-01-11,13.120335578918457,13.197413400565276,13.077515292887648,13.137464346726462,856100
2019-01-14,13.009001731872559,13.146029431407348,13.00043816425666,13.077515990012277,891300
2019-01-15,13.111771583557129,13.146028301309787,13.051821714931544,13.094642816308511,1121500
2019-01-16,13.180286407470703,13.18884997525252,13.077516243386942,13.146029686109449,947400
2019-01-17,13.188849449157715,13.22310616915249,13.051822569178617,13.103208057543094,670200
2019-01-18,13.325878143310547,13.360134865869405,13.188850436330426,13.240235928541058,776000
2019-01-22,13.231670379638672,13.248799147783515,13.137464605075884,13.231670379638672,804500
2019-01-23,13.214543342590332,13.283056786421112,13.146029898759553,13.26592801709108,867000
2019-01-24,13.248801231384277,13.274493570897485,13.180287781519226,13.188851350193797,3660800
2019-01-25,13.317312240600586,13.343004575405187,13.223105651742713,13.248798803291914,1388900
2019-01-28,13.13746452331543,13.16315685862818,13.08607903594531,13.154592474609059,1823300
2019-01-29,13.2659273147583,13.308748419071646,13.21454264297799,13.21454264297799,920400
2019-01-30,13.36013412475586,13.420083181722193,13.31731301974649,13.334440971703449,1732900
2019-01-31,13.291621208190918,13.471468386190269,13.248800101490973,13.428648096235001,32974700
2019-02-01,13.411519050598145,13.445775771903524,13.317313271194516,13.317313271194516,3166900
2019-02-04,13.420083045959473,13.420083045959473,13.231670675871078,13.300184116495107,1188800
2019-02-05,13.36013412475586,13.420083181722193,13.334440971703449,13.343005356054253,2187800
2019-02-06,13.377262115478516,13.411518836236356,13.29162072195624,13.317313058338458,1735100
2019-02-07,13.248801231384277,13.351571406181856,13.146031056586699,13.351571406181856,1839500
2019-02-08,13.2659273147583,13.291620467393086,13.18028592287624,13.283056083181492,3938100
2019-02-11,13.188849449157715,13.21454260171227,13.111772441727945,13.163157113347792,1288700
2019-02-12,13.2659273147583,13.3344407549618,13.24879936307974,13.317312803283242,1062100
2019-02-13,13.34300422668457,13.377260944443604,13.300183125299634,13.317311892551439,1191900
2019-02-14,13.377262115478516,13.39439088422976,13.29162072195624,13.32587744271408,1258800
2019-02-15,13.625624656677246,13.634189041751512,13.480033377393571,13.505726532616372,1474500
2019-02-19,13.659879684448242,13.677008452470353,13.591366245849017,13.60849501387113,853800
2019-02-20,13.702701568603516,13.77121501110696,13.625623741600975,13.63418812610007,1029600
2019-02-21,13.745522499084473,13.762651268882028,13.719830977877535,13.745522499084473,805200
2019-02-22,13.779779434204102,13.831164107853287,13.762650665157931,13.822599723330201,785000
2019-02-25,13.574237823486328,13.728393463357019,13.557109056058657,13.728393463357019,1154700
2019-02-26,13.634187698364258,13.659880034310858,13.582802209726426,13.608495362417658,2666100
2019-02-27,13.702701568603516,13.75408624210877,13.642752510599166,13.677009231850889,1051100
2019-02-28,13.668444633483887,13.72839450729487,13.634187912768175,13.685572585469421,667100
2019-03-01,13.514288902282715,13.685572504852306,13.471467797454157,13.659880168653029,950400
2019-03-04,13.557109832763672,13.659879992983779,13.505725161025934,13.60849532124604,1271600
2019-03-05,13.625624656677246,13.625624656677246,13.548546824498276,13.608496703273428,1212200
2019-03-06,13.548545837402344,13.591366942909177,13.514289116345807,13.56567460630294,718000
2019-03-07,13.514288902282715,13.574238775740554,13.505725334712718,13.565674391425913,382600
2019-03-08,13.505725860595703,13.505725860595703,13.32587786670859,13.394391310404187,837800
2019-03-11,13.522852897644043,13.548545233104342,13.462903842655141,13.539981665780655,1000600
2019-03-12,13.608495712280273,13.625623664436807,13.54854583787077,13.574238991222554,648000
2019-03-13,13.694136619567871,13.719829772005966,13.634187564034903,13.642751948180935,1040900
2019-03-14,13.634187698364258,13.728394291409511,13.634187698364258,13.702701138718279,665300
2019-03-15,13.634187698364258,13.685572370257457,13.557109873779826,13.557109873779826,894500
2019-03-18,13.702701568603516,13.728394722100802,13.668444847351793,13.685572799605325,696400
2019-03-19,13.736958503723145,13.796907559096498,13.694136583107001,13.77977879085004,1094400
2019-03-20,13.839729309082031,13.856858079138998,13.728395570690584,13.74552270725813,959100
2019-03-21,13.771215438842773,13.822600113944043,13.736959533271717,13.796908593138093,1087400
2019-03-22,13.651315689086914,13.694136793616691,13.57423868102688,13.685572409361807,884700
2019-03-25,13.702701568603516,13.736959106599897,13.599931404848348,13.61705935710188,1141400
2019-03-26,13.728394508361816,13.771214796701301,13.694136970898795,13.75408602796979,738100
2019-03-27,13.651315689086914,13.719829946381338,13.582802248537128,13.702701177871573,1284600
2019-03-28,13.608495712280273,13.617059279986213,13.505725549107112,13.505725549107112,617400
2019-03-29,13.617058753967285,13.711265345795363,13.608495186592151,13.69413657755585,1000300
2019-04-01,13.745522499084473,13.762651268882028,13.694137823181203,13.70270220807998,1159700
2019-04-02,13.779779434204102,13.788343818727187,13.711265991508746,13.719830376031831,524900
2019-04-03,13.796907424926758,13.8054718089667,13.728393986096444,13.796907424926758,2335100
2019-04-04,13.805472373962402,13.856857046815772,13.762650452010178,13.771214836400622,921600
2019-04-05,13.84829330444336,13.865422074018353,13.788344244420259,13.80547301399525,1256300
2019-04-08,13.899677276611328,13.916806045319921,13.87398575703773,13.882548507902735,914400
2019-04-09,13.873985290527344,13.90824119330339,13.839727754262062,13.882548041104428,772800
2019-04-10,13.99388313293457,14.011011900739733,13.908240927397957,13.91680531130054,1062600
2019-04-11,13.925371170043945,13.968191460602762,13.865422109865852,13.959627075793122,723600
2019-04-12,13.968191146850586,14.002448685319653,13.942499626488129,13.968191146850586,872900
2019-04-15,13.942499160766602,13.942499160766602,13.89967723911065,13.942499160766602,597200
2019-04-16,13.89111328125,13.90824205043825,13.831164222580464,13.856857376362838,852200
2019-04-17,13.839729309082031,13.916807140848963,13.839729309082031,13.899678370791996,883700
2019-04-18,13.882548332214355,13.882548332214355,13.822599275982247,13.848292428719981,439800
2019-04-22,13.95106315612793,14.011012211285532,13.933934387943117,13.959625906731095,614000
2019-04-23,13.968191146850586,13.976755531467854,13.91680647263633,13.951064011105395,424200
2019-04-24,13.9168062210083,13.968190894293478,13.9168062210083,13.968190894293478,485700
2019-04-25,13.89111328125,13.959626724513663,13.882548896655875,13.933935204220626,548300
2019-04-26,13.728394508361816,13.82259946940654,13.659880250180418,13.82259946940654,560700
2019-04-29,13.736958503723145,13.77977879085004,13.71126535135346,13.754085638480355,401200
2019-04-30,13.779779434204102,13.822599723330201,13.711265991508746,13.796908203250272,699400
2019-05-01,13.736958503723145,13.788343174973269,13.65987986335871,13.762650022603584,824200
2019-05-02,13.582801818847656,13.659879641213983,13.52285276444923,13.642751689990694,608000
2019-05-03,13.591367721557617,13.677009937477722,13.591367721557617,13.617060059635769,604600
2019-05-06,13.634187698364258,13.659880034310858,13.514288769372405,13.531417537833228,640800
2019-05-07,13.46290397644043,13.522853032025065,13.420082872417993,13.497160696309454,628700
2019-05-08,13.480032920837402,13.531418412797908,13.420083860837384,13.454340583229492,643000
2019-05-09,13.411519050598145,13.445775771903524,13.360134377012406,13.437211387391013,644800
2019-05-10,13.437210083007812,13.471466800987807,13.402953365027818,13.411517748708961,1217100
2019-05-13,13.368699073791504,13.56567585049098,13.351571120064657,13.539983511528346,457800
2019-05-14,13.548545837402344,13.599931327359476,13.497161164189865,13.497161164189865,486500
2019-05-15,13.668444633483887,13.7027013541996,13.582802423322281,13.582802423322281,471000
2019-05-16,13.745522499084473,13.796908808477136,13.73695974767509,13.75408688398325,613700
2019-05-17,13.617058753967285,13.719829729915121,13.617058753967285,13.711265345795363,464900
2019-05-20,13.677008628845215,13.762650019826348,13.642751909103838,13.694136580343592,532100
2019-05-21,13.685572624206543,13.745521681442566,13.659880287783198,13.694137008595876,362200
2019-05-22,13.488595962524414,13.659879557429772,13.488595962524414,13.608494887330467,799000
2019-05-23,13.205978393554688,13.360134043958285,13.154592904505273,13.334440891061258,1013400
2019-05-24,13.38582706451416,13.38582706451416,13.214543453499632,13.26592812843165,1414600
2019-05-28,13.497160911560059,13.548545583810755,13.454339806854717,13.531417631975403,640600
2019-05-29,13.445775032043457,13.488596135505095,13.377261593202682,13.488596135505095,885300
2019-05-30,13.308749198913574,13.48003280945889,13.291621246231383,13.462904856776698,846500
2019-05-31,12.957616806030273,13.214542614614247,12.949052421837061,13.146029174557805,2773600
2019-06-03,12.914796829223633,13.086080444317176,12.90623244428278,13.068952491180172,1657900
2019-06-04,12.991873741149902,13.017566077410269,12.914795915624158,12.931924684294165,1112300
2019-06-05,12.726383209228516,12.923359960029192,12.67499853805938,12.923359960029192,1028500
2019-06-06,12.949053764343262,12.957618149424396,12.726384652702064,12.752077807945467,1324800
2019-06-07,12.991873741149902,13.026130461745272,12.871974810693784,12.889103579363791,1710500
2019-06-10,12.957616806030273,13.060386966114937,12.931924470195264,12.966181190223486,884900
2019-06-11,13.043258666992188,13.077516204997538,12.957617272212788,13.000438377974817,880500
2019-06-12,12.863411903381348,13.009002360826335,12.854847518606734,12.95761768566803,1619900
2019-06-13,13.026130676269531,13.1117728875407,12.966181618426509,13.103208503064652,1740700
2019-06-14,13.077515602111816,13.128900273261642,13.051822449792281,13.086079169473706,977100
2019-06-17,13.017565727233887,13.094643550686214,13.00043777576927,13.068951215116979,997200
2019-06-18,13.171722412109375,13.231671472076629,13.051823475430183,13.051823475430183,906100
2019-06-19,13.146029472351074,13.188849760797874,13.068951646355398,13.094643982772407,908200
2019-06-20,13.411519050598145,13.420083435110653,13.317313271194516,13.334441223474876,1277900
2019-06-21,13.445775032043457,13.471467367422592,13.402953928581818,13.437210648002205,1107100
2019-06-24,13.505725860595703,13.522853813147265,13.420083647603867,13.462904754099785,656800
2019-06-25,13.548545837402344,13.608495711809773,13.531417885246402,13.56567460630294,803600
2019-06-26,13.617058753967285,13.702700961675607,13.599930802472395,13.617058753967285,958200
2019-06-27,13.617058753967285,13.65131547370169,13.599930802472395,13.6341875222068,335000
2019-06-28,13.471467971801758,13.685572681970848,13.43721125084449,13.668444729864541,1702100
2019-07-01,13.46290397644043,13.625623191632137,13.394390536702382,13.608495240069939,869600
2019-07-02,13.240235328674316,13.437211270277311,13.214542992105372,13.4286477025841,1168600
2019-07-03,13.368699073791504,13.38582784426308,13.300185625394658,13.325878781102023,439600
2019-07-05,13.394391059875488,13.42008339659462,13.351569954180498,13.368697906411699,570100
2019-07-08,13.377262115478516,13.488596662127657,13.360134163471919,13.4286476049876,495300
2019-07-09,13.420083045959473,13.420083045959473,13.325877269287595,13.360133989599609,444700
2019-07-10,13.71126651763916,13.736959672194315,13.582803195097462,13.599931964800898,535600
2019-07-11,13.719830513000488,13.762650802554075,13.677009406702231,13.711266128391902,561700
2019-07-12,13.7540864944458,13.779779648414463,13.719830589310268,13.719830589310268,471200
2019-07-15,13.608495712280273,13.762650548667692,13.59993132782968,13.762650548667692,1103100
2019-07-16,13.46290397644043,13.65987991150116,13.360133816833358,13.5828020876097,645400
2019-07-17,13.34300422668457,13.522852199105643,13.34300422668457,13.505724248598414,2313600
2019-07-18,13.248801231384277,13.325879066668648,13.120337900328744,13.325879066668648,832800
2019-07-19,13.325878143310547,13.334441711391744,13.205979205982201,13.257363881448141,628800
2019-07-22,13.283056259155273,13.317312979710856,13.240235154274634,13.274491874830217,3117700
2019-07-23,13.368699073791504,13.368699073791504,13.214544223270968,13.257364515960449,807100
2019-07-24,13.308749198913574,13.471468424745455,13.257363707377639,13.394391412558573,1001800
2019-07-25,13.257363319396973,13.377262251642156,13.257363319396973,13.343005530535626,442600
2019-07-26,13.274492263793945,13.300184600777298,13.240235542234586,13.265927879217939,472700
2019-07-29,13.325878143310547,13.334441711391744,13.257363881448141,13.325878143310547,1126000
2019-07-30,13.4029541015625,13.420082869866068,13.31731271027854,13.343005045989266,705100
2019-07-31,13.317312240600586,13.45433911521793,13.308747856750852,13.428646780413327,882500
2019-08-01,12.949053764343262,13.231671938062968,12.854847978684932,13.231671938062968,1597100
2019-08-02,12.966180801391602,13.077515342330761,12.966180801391602,13.060386574457995,1219600
2019-08-05,12.854846954345703,12.931924780444529,12.82059023349563,12.82915380114966,1871300
2019-08-06,12.786333084106445,12.897667627323921,12.7520763644045,12.88910324321228,622300
2019-08-07,12.623613357543945,12.65787007807243,12.495150859748287,12.65787007807243,2411600
2019-08-08,12.692127227783203,12.726383949470074,12.589357062722591,12.623613784409462,773500
2019-08-09,12.803462028503418,12.854847520413632,12.786334075696471,12.803462028503418,787200
2019-08-12,12.709256172180176,12.829154291364533,12.709256172180176,12.80346195393141,928400
2019-08-13,13.009001731872559,13.043258452570095,12.709255629955287,12.734947966292276,838400
2019-08-14,12.81202507019043,12.871974123847295,12.726382864899538,12.846281788957867,1046500
2019-08-15,12.709256172180176,12.777769616498288,12.683563834747053,12.734948509613298,827400
2019-08-16,12.700691223144531,12.769204664418496,12.700691223144531,12.709255607489938,1365600
2019-08-19,12.760639190673828,12.786332341516577,12.71781890609173,12.760639190673828,767100
2019-08-20,12.79489803314209,12.820591188251514,12.709256633011474,12.769205694777376,435500
2019-08-21,12.837718963623047,12.940489132402009,12.820591010532235,12.914796794393443,645700
2019-08-22,12.777770042419434,12.871975827310827,12.760641272396612,12.837719104009892,721900
2019-08-23,12.683563232421875,12.777769009699405,12.632177743251177,12.657870079464205,1450900
2019-08-26,12.67499828338623,12.82058954334785,12.657869515510932,12.803460775472551,640700
2019-08-27,12.760639190673828,12.777767957902327,12.674997804765058,12.700690138863232,661400
2019-08-28,12.87197494506836,12.906231666021347,12.837718224115372,12.863411377388601,798100
2019-08-29,12.906231880187988,12.923360649321044,12.8377184371451,12.871975158666544,649400
2019-08-30,12.700691223144531,12.87197482632944,12.683563271198363,12.863411258728679,1565300
2019-09-03,12.63217830657959,12.657870643938361,12.53797252510098,12.56366486245975,1240200
2019-09-04,12.931924819946289,12.966181540901001,12.794897119382783,12.803461503807625,406800
2019-09-05,12.914796829223633,13.043259336357615,12.90623244428278,12.98331027526105,813000
2019-09-06,12.949053764343262,13.000439258085352,12.803462484942843,12.82915482344153,849400
2019-09-09,13.068951606750488,13.094643943089638,13.000438165349657,13.017566117327542,761500
2019-09-10,13.086079597473145,13.188849759878668,13.068951645444548,13.094643981859766,1201400
2019-09-11,12.991873741149902,13.154592959791747,12.923360299959162,13.111772671606019,1947800
2019-09-12,12.9404878616333,12.957616629786749,12.812025367460917,12.812025367460917,920000
2019-09-13,12.9404878616333,12.991873349349026,12.91479552614775,12.966181013863473,727600
2019-09-16,13.514288902282715,13.659880168653029,13.411518740740961,13.42864750937024,1777100
2019-09-17,13.257363319396973,13.522853520531074,13.205978646109505,13.514289136068276,2667000
2019-09-18,13.171722412109375,13.265928194450014,13.146030074515508,13.214543519262278,1534100
2019-09-19,13.240235328674316,13.30018438625007,13.223106559798584,13.283056434118992,520700
2019-09-20,13.257363319396973,13.291620857248159,13.19741426164671,13.257363319396973,532000
2019-09-23,13.291621208190918,13.308749160824089,13.231671332113123,13.25736366943522,511000
2019-09-24,13.13746452331543,13.248799065330175,13.120335755277186,13.248799065330175,739000
2019-09-25,13.060386657714844,13.086078992943168,12.991873219276236,13.000437603267214,669300
2019-09-26,13.060386657714844,13.094643376934147,12.96618088404791,13.034694322486517,534900
2019-09-27,13.009001731872559,13.060387221291185,12.94048829047749,12.94048829047749,631300
2019-09-30,12.880538940429688,12.99187348435014,12.84628222051144,12.931924428679368,861500
2019-10-01,12.87197494506836,12.923360434870165,12.820590272011206,12.897668098341589,967400
2019-10-02,12.760639190673828,12.871973727425345,12.709254522477481,12.871973727425345,944400
2019-10-03,12.743512153625488,12.78633325802151,12.615048840437415,12.674998713289703,794600
2019-10-04,12.846282005310059,12.863410773354552,12.76920418259906,12.829153237265563,2165000
2019-10-07,12.829154014587402,12.914796226509733,12.812026062249734,12.854847168210899,946100
2019-10-08,12.820590019226074,12.87197469127007,12.752076578670987,12.769204530437442,2715400
2019-10-09,12.854846954345703,12.966181501294601,12.846282569947022,12.94048834809856,913400
2019-10-10,12.9404878616333,12.949052245710025,12.889103190662196,12.9404878616333,655900
2019-10-11,13.094644546508789,13.120336884031877,12.991874379671753,12.991874379671753,1416900
2019-10-14,13.034695625305176,13.043259193407472,12.949053410324666,13.009002470764207,506400
2019-10-15,13.00043773651123,13.060386791573288,12.966181016940823,13.017565687924124,1054800
2019-10-16,13.017565727233887,13.068951215116979,12.966181056095417,12.966181056095417,599200
2019-10-17,13.068951606750488,13.094643943089638,12.983309396627126,13.009001732966276,1415700
2019-10-18,13.060386657714844,13.128900096153451,13.034694322486517,13.103207760925125,1001200
2019-10-21,13.043258666992188,13.051823051493525,12.983309608972142,13.000438377974817,726300
2019-10-22,13.060386657714844,13.154592431381776,13.034694322486517,13.103207760925125,2162300
2019-10-23,13.223106384277344,13.240235152925711,13.043258397192698,13.043258397192698,843700
2019-10-24,13.291621208190918,13.325877930201939,13.25736366943522,13.265928054124144,626800
2019-10-25,13.368699073791504,13.368699073791504,13.24880094746939,13.308750010630447,525200
2019-10-28,13.317312240600586,13.39439006175899,13.283055521946249,13.385825677909258,538100
2019-10-29,13.291621208190918,13.351570267524036,13.2231069474242,13.2231069474242,549900
2019-10-30,13.205978393554688,13.300184170609864,13.163157288804284,13.291620603055495,971200
2019-10-31,13.128900527954102,13.171721632572742,13.06895147153479,13.171721632572742,761900
2019-11-01,13.368699073791504,13.402955797989925,13.20597983803518,13.20597983803518,1221500
2019-11-04,13.454339981079102,13.514289038396093,13.437211212277303,13.480032317537148,687600
2019-11-05,13.488595962524414,13.522852681505487,13.462903627474763,13.497160346455834,455800
2019-11-06,13.34300422668457,13.505724248598414,13.317311892551439,13.454338763587574,669300
2019-11-07,13.334441184997559,13.411519011898415,13.317313232766624,13.394391059667479,809400
2019-11-08,13.368699073791504,13.368699073791504,13.154594343365181,13.214544223270968,953900
2019-11-11,13.283056259155273,13.351569700266438,13.240235154274634,13.240235154274634,612600
2019-11-12,13.291621208190918,13.334441498146186,13.248800101490973,13.308749160824089,450300
2019-11-13,13.317312240600586,13.334440191555455,13.223105651742713,13.24023441944218,5073800
2019-11-14,13.274492263793945,13.368698043896016,13.248799926810593,13.35157009148867,869100
2019-11-15,13.34300422668457,13.394389711695409,13.257362023914698,13.257362023914698,2619500
2019-11-18,13.205978393554688,13.283056218756485,13.1802860574023,13.265927450158468,637100
2019-11-19,13.086079597473145,13.16315742346345,13.068951645444548,13.146029471434854,547000
2019-11-20,13.257363319396973,13.291620857248159,13.12890081943365,13.154593156077382,1007400
2019-11-21,13.377262115478516,13.402954451860733,13.300184289587214,13.300184289587214,598100
2019-11-22,13.368699073791504,13.437212522188348,13.317314395866235,13.402955797989925,846800
2019-11-25,13.368699073791504,13.38582784426308,13.300185625394658,13.317314395866235,474200
2019-11-26,13.445775032043457,13.454339416084707,13.368697209161432,13.394390361285183,480700
2019-11-27,13.377262115478516,13.437211172618573,13.334441010345055,13.4286476049876,583600
2019-11-29,13.111771583557129,13.257362021447495,13.10320719993282,13.257362021447495,546200
2019-12-02,13.094644546508789,13.197414713345825,13.077516593741626,13.180286760578662,1310000
2019-12-03,13.103208541870117,13.15459321538927,13.043258667104894,13.077516205110541,1800300
2019-12-04,13.308749198913574,13.325877968340446,13.240235754695448,13.257363707377639,991200
2019-12-05,13.334441184997559,13.377262290691885,13.291620896047892,13.343005569485356,1011800
2019-12-06,13.420083045959473,13.46290415053565,13.308748500759268,13.308748500759268,1487900
2019-12-09,13.4029541015625,13.43721082142501,13.377261765851776,13.394390534155344,659800
2019-12-10,13.46290397644043,13.48859631215604,13.402954104111169,13.411518488264582,565300
2019-12-11,13.4029541015625,13.454339589728578,13.325877094430323,13.445775205576794,861700
2019-12-12,13.522852897644043,13.539981665780655,13.411518354989926,13.411518354989926,1424200
2019-12-13,13.591367721557617,13.685573505673972,13.514289890578464,13.531418660460366,1167600
2019-12-16,13.685572624206543,13.71983016176387,13.66844467217253,13.677009056561861,1753300
2019-12-17,13.745522499084473,13.762651268882028,13.70270220807998,13.70270220807998,834900
2019-12-18,13.7540864944458,13.788344033070683,13.702701819997827,13.779779648414463,1239400
2019-12-19,13.814034461975098,13.831163229934035,13.762649791587503,13.771214175566971,961300
2019-12-20,13.796907424926758,13.831163327597299,13.745521120687098,13.788343040886815,1043100
2019-12-23,13.80038833618164,13.809089915311999,13.73947894192565,13.765582849488466,837500
2019-12-24,13.861297607421875,13.878699934658073,13.800387387524674,13.800387387524674,466200
2019-12-26,13.965714454650879,13.965714454650879,13.896104309776252,13.896104309776252,679200
2019-12-27,13.991819381713867,14.00052096112645,13.939611564894946,13.974416222888703,1250000
2019-12-30,13.965714454650879,14.07883332582844,13.904805059242909,14.061430167238575,976300
2019-12-31,13.87869930267334,13.965712594548473,13.843893819957655,13.87869930267334,806100
2020-01-02,13.896103858947754,13.930909345170019,13.852596793712863,13.896103858947754,3026900
2020-01-03,14.061429977416992,14.13974253035765,14.02662532036366,14.122339372002719,3210100
2020-01-06,14.087533950805664,14.183247997252948,14.070130793394725,14.165846499498448,3232100
2020-01-07,14.078831672668457,14.11363632610481,14.026623862685746,14.0614285161221,1924600
2020-01-08,13.869998931884766,14.078832676185481,13.739478567796526,14.070131097292068,2340200
2020-01-09,13.809089660644531,13.826492818584299,13.722076360430426,13.791687332533009,1077900
2020-01-10,13.809089660644531,13.835193567725938,13.756881846481717,13.800388081674647,1877800
2020-01-13,13.704672813415527,13.756881455924384,13.669867328352362,13.756881455924384,1264500
2020-01-14,13.765583038330078,13.782986196829539,13.730777551159429,13.765583038330078,1201200
2020-01-15,13.695971488952637,13.730776974661952,13.62636051753401,13.730776974661952,669800
2020-01-16,13.678569793701172,13.72207686030725,13.643764306381964,13.70467370173351,1652300
2020-01-17,13.722076416015625,13.722076416015625,13.643763864625932,13.687270099995096,855400
2020-01-21,13.643763542175293,13.68726977651625,13.63506196337581,13.652464291146547,991500
2020-01-22,13.46103572845459,13.574153773379388,13.43493098974466,13.574153773379388,672600
2020-01-23,13.347915649414062,13.36531797607374,13.252199948387227,13.321811744510459,1331600
2020-01-24,13.147784233093262,13.217395203275272,13.104277999100672,13.217395203275272,1368800
2020-01-27,12.904146194458008,12.973757166565852,12.851938380291248,12.912847773428549,2608400
2020-01-28,12.965054512023926,13.025964729936405,12.886742797270468,12.912846702188288,1163300
2020-01-29,12.904146194458008,12.973757166565852,12.878042287374628,12.973757166565852,816700
2020-01-30,12.791027069091797,12.808430225552256,12.669208293181281,12.764923164229284,1849000
2020-01-31,12.686612129211426,12.764924682944429,12.617001154743928,12.67791054994592,1786400
2020-02-03,12.451674461364746,12.643104213376402,12.442972882683794,12.582194822266167,3464900
2020-02-04,12.469078063964844,12.590897688470593,12.460376484394082,12.582196108899833,1563100
2020-02-05,12.660507202148438,12.730118171012672,12.61700013915124,12.651805623583357,2575100
2020-02-06,12.712715148925781,12.712715148925781,12.599597115862734,12.643104179322092,2496500
2020-02-07,12.643104553222656,12.686611617968671,12.617000646306343,12.634403804136044,943000
2020-02-10,12.529986381530762,12.590896603448844,12.512584053717188,12.547389539172565,592900
2020-02-11,12.573493003845215,12.625701645107245,12.556090676643338,12.617000066592206,1181900
2020-02-12,12.747520446777344,12.764923603837145,12.695312635254345,12.747520446777344,1150300
2020-02-13,12.75622272491455,12.808431369129105,12.721417238714265,12.764924303921685,759100
2020-02-14,12.747520446777344,12.799729088128545,12.704014213784246,12.773625182367047,1613600
2020-02-18,12.843235969543457,12.860638296529254,12.747520266722905,12.747520266722905,946600
2020-02-19,12.965054512023926,12.973756090272591,12.851937314103985,12.895443545690958,555600
2020-02-20,12.912847518920898,13.017263975024651,12.895444361322825,12.973756910857697,961300
2020-02-21,12.860639572143555,12.869341151413636,12.79973017690953,12.843237243431664,667800
2020-02-24,12.6170015335083,12.643105442260188,12.529987397897616,12.599598374454844,769600
2020-02-25,12.382062911987305,12.599597404438198,12.382062911987305,12.59089665540962,1375500
2020-02-26,12.26024341583252,12.442972412080481,12.23413951060515,12.347256709866482,1027000
2020-02-27,12.051411628723145,12.138424930803025,11.955695917658538,12.025306891253745,1869500
2020-02-28,11.842577934265137,11.89478657962324,11.712057565612277,11.851279513462865,1348600
2020-03-02,12.112319946289062,12.121021524671896,11.89478546568736,11.946993276327984,3027700
2020-03-03,12.138423919677734,12.286347433702653,12.051410624846023,12.147125498109363,1575800
2020-03-04,12.147126197814941,12.251542655524565,12.086216804941389,12.22543874855422,1332700
2020-03-05,12.016605377197266,12.155827315527697,11.973098314011954,12.129722579719584,1889400
2020-03-06,11.625043869018555,11.842578378145738,11.564134472007998,11.816474469402399,3233600
2020-03-09,10.720099449157715,10.928933191152545,10.667891636030177,10.720099449157715,2698900
2020-03-10,11.059453964233398,11.102961030006446,10.911530438501988,11.02464847758061,4293300
2020-03-11,10.859321594238281,11.042050603267688,10.85062084510602,11.007245117253907,2488200
2020-03-12,10.4242525100708,10.667891739796609,10.015288260556936,10.450357246716719,4191700
2020-03-13,10.537371635437012,10.702698331973513,10.389448098463646,10.676594422457132,4491600
2020-03-16,9.90217113494873,10.067496999764534,9.74554601998658,9.884767975584797,3153200
2020-03-17,9.745545387268066,9.980483044458229,9.72814305886227,9.893468912944481,5784200
2020-03-18,9.423595428466797,9.58892212992248,9.058137365050216,9.510609569214877,3814000
2020-03-19,9.623725891113281,9.745544670478791,9.327878861520135,9.380086672725868,2311100
2020-03-20,9.519309997558594,9.849962559461535,9.449699019245166,9.849962559461535,1956700
2020-03-23,9.632427215576172,9.667232701736687,9.414892719615892,9.414892719615892,2089600
2020-03-24,9.841259956359863,9.919571669844544,9.762947413047023,9.832558378252179,1040400
2020-03-25,10.006586074829102,10.102300947241494,9.832558656884668,9.876065718827823,1486900
2020-03-26,9.971781730651855,10.084899772698058,9.858663688605652,9.980483310000396,1839200
2020-03-27,9.936975479125977,9.997884870226462,9.815155867096788,9.815155867096788,1420300
2020-03-30,9.910870552062988,9.919571300018125,9.728141567755006,9.85866191519151,1668100
2020-03-31,9.78905200958252,9.997884919961507,9.7629481032422,9.997884919961507,1218400
2020-04-01,9.510608673095703,9.675934529145522,9.493205514654528,9.667232949924934,1466400
2020-04-02,9.693336486816406,10.006585831499109,9.5280098214183,9.615023943188689,1624100
2020-04-03,9.936975479125977,9.963079385336439,9.762948054675864,9.902169994235955,961900
2020-04-06,9.98918342590332,10.041392068854678,9.87606622086046,9.945677191576786,1157200
2020-04-07,10.058794021606445,10.128404983984778,9.95437674821082,10.119703406230453,1923500
2020-04-08,10.03269100189209,10.111003555400256,9.919572961250102,10.050094160373135,1357100
2020-04-09,10.058794021606445,10.302432389930607,9.98048148147379,10.050092443852122,1923500
2020-04-13,10.232823371887207,10.241524951294915,10.093601420677032,10.137107658058998,1351800
2020-04-14,10.145808219909668,10.224120767068236,10.093600408356092,10.224120767068236,1098000
2020-04-15,9.936975479125977,10.006586448906022,9.87606608802549,9.98048254269556,1272200
2020-04-16,9.910870552062988,9.99788384041128,9.823856433886567,9.963078359106337,1522400
2020-04-17,9.954378128051758,9.980482864933276,9.893468734984705,9.910871892905716,1055400
2020-04-20,9.78905200958252,9.910871622217705,9.7629481032422,9.771648852136826,2004200
2020-04-21,9.327878952026367,9.484503216991452,9.119045215692578,9.484503216991452,3327800
2020-04-22,9.458398818969727,9.562815266789233,9.362683949258885,9.475801975187059,1321600
2020-04-23,9.432295799255371,9.649830293408574,9.353983248587701,9.571517742740904,1132000
2020-04-24,9.31047534942627,9.423593375828167,9.24956596206685,9.423593375828167,941300
2020-04-27,9.136448860168457,9.197358253691206,9.101643373894278,9.179955925468242,971200
2020-04-28,9.145150184631348,9.214761155242027,9.136448605847956,9.179955669936687,956800
2020-04-29,9.31047534942627,9.362683988468747,9.266968288528899,9.327878505716484,802900
2020-04-30,9.484503746032715,9.536712390485388,9.275670827878526,9.406192024096082,1439600
2020-05-01,9.362685203552246,9.42359459881645,9.310476557734162,9.406192270095938,1999800
2020-05-04,9.475802421569824,9.475802421569824,9.275670264783558,9.345281233275772,840900
2020-05-05,9.719441413879395,9.736843742167258,9.597621796551337,9.606323375609394,931900
2020-05-06,9.528009414672852,9.667231339699635,9.449696874388254,9.667231339699635,880900
2020-05-07,9.588920593261719,9.754246438394963,9.571517435969685,9.710739374993095,530500
2020-05-08,9.78905200958252,9.78905200958252,9.632426911884169,9.67593397567018,981600
2020-05-11,9.65853214263916,9.780350931684126,9.606323497456845,9.762948603175529,1083100
2020-05-12,9.580219268798828,9.667232568082996,9.57151768992194,9.658531819034344,1232000
2020-05-13,9.484503746032715,9.59762178415663,9.458399838720505,9.5628162977976,571700
2020-05-14,9.649829864501953,9.675933770288188,9.493204770128136,9.493204770128136,490600
2020-05-15,9.745545387268066,9.771649294790887,9.658532085582577,9.754246966385093,830200
2020-05-18,10.023990631103516,10.067496869292896,9.945678074637346,9.963080403947439,1097800
2020-05-19,9.997884750366211,10.06749571931172,9.963079265893455,10.041391813414206,411200
2020-05-20,10.171913146972656,10.189316305789971,10.102302171359966,10.14580923857497,863500
2020-05-21,10.128406524658203,10.215419825953003,10.067496300940764,10.198017497625345,570000
2020-05-22,10.050094604492188,10.084900093164082,9.936976558851454,10.015289115820293,768900
2020-05-26,10.154509544372559,10.206717354619864,10.067495420856142,10.154509544372559,842300
2020-05-27,10.023990631103516,10.08490002843129,9.954378824378242,10.076198448862092,467100
2020-05-28,10.076197624206543,10.171912502149311,10.006586653006668,10.032690559749563,678300
2020-05-29,10.250225067138672,10.302433710528751,10.015288246453899,10.050093732104541,1109300
2020-06-01,10.311135292053223,10.311135292053223,10.198017256202455,10.206718005246179,970900
2020-06-02,10.4242525100708,10.4242525100708,10.345940789617758,10.380746275317412,706400
2020-06-03,10.4242525100708,10.476461153534398,10.328537631853814,10.398148603253121,862800
2020-06-04,10.511266708374023,10.563475352181035,10.43295415757763,10.43295415757763,1091400
2020-06-05,10.720099449157715,10.737502606752379,10.667891636030177,10.693995542593946,1500400
2020-06-08,10.65048885345459,10.728801405731621,10.624384945971666,10.711399077352423,1581200
2020-06-09,10.685293197631836,10.728800258670693,10.572175170862074,10.59827990538229,646100
2020-06-10,10.754905700683594,10.824516676364786,10.650489237161807,10.693996304419624,1292000
2020-06-11,10.406850814819336,10.57217667448661,10.3633437475927,10.519968857677275,1122900
2020-06-12,10.450357437133789,10.563475475175856,10.398148792718892,10.51126683076096,693900
2020-06-15,10.546072006225586,10.572175912749438,10.276329702546592,10.31983593681027,652100
2020-06-16,10.633087158203125,10.754905953595756,10.563476180884962,10.685294976277593,891900
2020-06-17,10.580878257751465,10.650489233408123,10.55477434933729,10.598281416579773,540400
2020-06-18,10.641786575317383,10.659189732381666,10.563474858012718,10.563474858012718,951700
2020-06-19,10.728801727294922,10.798412702554604,10.61568368504087,10.789711123190074,1605400
2020-06-22,10.8419189453125,10.85062052401551,10.746204069064051,10.77230797534486,939800
2020-06-23,10.78971004486084,10.894127327143126,10.772307717699258,10.859321013163564,745900
2020-06-24,10.519967079162598,10.772307030622336,10.493863175171079,10.754903874742558,1372500
2020-06-25,10.615682601928711,10.615682601928711,10.49386382256751,10.502564571216027,618900
2020-06-26,10.485162734985352,10.563475285285818,10.441655670393068,10.563475285285818,738000
2020-06-29,10.65919017791748,10.6852940847768,10.54607214175611,10.57217604861543,790600
2020-06-30,10.71139907836914,10.781010051549051,10.624384946980122,10.633086526084675,1118200
2020-07-01,10.798413276672363,10.80711485649953,10.676594478405338,10.77230936701919,1117600
2020-07-02,10.8419189453125,10.90282833657713,10.78971030292266,10.85062052401551,1422000
2020-07-06,10.928933143615723,10.972439377756691,10.894127658406013,10.928933143615723,1475500
2020-07-07,10.937634468078613,10.989843113554477,10.876725073213663,10.885426652431018,1142000
2020-07-08,11.076855659484863,11.076855659484863,10.989842362740765,11.0072446901583,819900
2020-07-09,10.946335792541504,11.111662474510528,10.93763421352666,11.102960895495684,747400
2020-07-10,11.015947341918945,11.06815598891397,10.981141853865028,10.981141853865028,661700
2020-07-13,10.902827262878418,11.059452344795446,10.902827262878418,11.03334844108532,805100
2020-07-14,10.955037117004395,10.998544181239428,10.833217503111946,10.85062066073725,653700
2020-07-15,11.085556983947754,11.102960140794496,10.946335048486588,10.98114053235188,1464200
2020-07-16,10.998543739318848,11.059453128903623,10.9811405823928,11.024647644879725,1093600
2020-07-17,11.015947341918945,11.03335050086005,10.928934036698294,10.998545012806133,1712300
2020-07-20,11.007245063781738,11.033349800536442,10.902828606247644,10.97243957793704,783200
2020-07-21,11.163870811462402,11.233481787182756,11.155169232040286,11.163870811462402,2112400
2020-07-22,11.233481407165527,11.25958531472052,11.137766526245048,11.15516885467229,1469200
2020-07-23,11.207376480102539,11.285689025471873,11.15516783991359,11.233480385282922,1032100
2020-07-24,11.224780082702637,11.224780082702637,11.146468358260943,11.198676174555406,702700
2020-07-27,11.32919692993164,11.34659925807013,11.207377313649234,11.303092192981538,1721900
2020-07-28,11.26828670501709,11.303092191116571,11.233481218917609,11.276988283999021,907100
2020-07-29,11.32919692993164,11.355300837053496,11.294390613998171,11.311793771964906,815200
2020-07-30,11.198675155639648,11.242182218478712,11.015946155578145,11.189973577106196,1394600
2020-07-31,11.2595853805542,11.276988538911455,11.198675985960334,11.250884631203835,1297300
2020-08-03,11.372702598571777,11.407508082942893,11.28568930255809,11.311793208379376,1288100
2020-08-04,11.433612823486328,11.485820635151248,11.294390056114068,11.311793213221177,860800
2020-08-05,11.529328346252441,11.685953449708835,11.520626767209697,11.668550291623347,1278600
2020-08-06,11.616342544555664,11.651148031100734,11.572835478917261,11.642446452007402,1158700
2020-08-07,11.459716796875,11.538029344662244,11.390105827692608,11.538029344662244,1172900
2020-08-10,11.52062702178955,11.581537246606489,11.494523113912733,11.53803018025961,774900
2020-08-11,11.337897300720215,11.538029461517656,11.337897300720215,11.511924725438718,1284600
2020-08-12,11.459716796875,11.52062618745254,11.442313639665297,11.442313639665297,574400
2020-08-13,11.52062702178955,11.5554325089014,11.477119955442673,11.494523113912733,862100
2020-08-14,11.52062702178955,11.572835667371459,11.485821534677703,11.52932860102458,790300
2020-08-17,11.712057113647461,11.712057113647461,11.60764065678892,11.60764065678892,649700
2020-08-18,11.738161087036133,11.77296657285322,11.659848536490632,11.72075875904171,3484400
2020-08-19,11.70335578918457,11.77296676193675,11.685953460910651,11.73816127556066,824600
2020-08-20,11.685953140258789,11.703355468055204,11.546731198574552,11.590237432979704,1992400
2020-08-21,11.572835922241211,11.572835922241211,11.485821787631133,11.55543276338788,828300
2020-08-24,11.633744239807129,11.677251303077881,11.607640333775961,11.659848145838296,1174200
2020-08-25,11.729458808898926,11.738160387291531,11.685952576592276,11.738160387291531,798000
2020-08-26,11.755563735961914,11.772966063202993,11.703355094582273,11.729459000357993,816100
2020-08-27,11.712057113647461,11.790369663748425,11.633744563546497,11.781668084886489,687600
2020-08-28,11.790369987487793,11.807772315861264,11.738161342710862,11.764266080013456,893100
2020-08-31,11.781668663024902,11.833877308930221,11.75556475498638,11.833877308930221,1722200
2020-09-01,11.799071311950684,11.886084611596706,11.781668154124535,11.825175218861666,1436500
2020-09-02,11.642446517944336,11.7816684649131,11.61634261034476,11.7816684649131,1417600
2020-09-03,11.538029670715332,11.581536735140844,11.424911635140292,11.572835156290095,970400
2020-09-04,11.433612823486328,11.546730855197925,11.39010576054676,11.503223792258357,2013400
2020-09-08,11.155168533325195,11.189974019005296,11.050752076284894,11.12906462652218,2071400
2020-09-09,11.2595853805542,11.303092446619074,11.146468170545095,11.189974406781705,1337600
2020-09-10,11.146467208862305,11.303091471423226,11.137765630434423,11.250883660512317,1267700
2020-09-11,11.224780082702637,11.259585570175037,11.172572266408174,11.189974595230236,863000
2020-09-14,11.233481407165527,11.25958531472052,11.181273592055543,11.207377499610535,948500
2020-09-15,11.294389724731445,11.32919603792443,11.216078009531769,11.250883492896573,1055700
2020-09-16,11.50322437286377,11.529328280013779,11.372703177457232,11.372703177457232,745900
2020-09-17,11.633744239807129,11.642445818426921,11.416209753281578,11.442313659312745,669800
2020-09-18,11.685953140258789,11.69465388924288,11.607640590604348,11.633744497213085,538700
2020-09-21,11.398808479309082,11.538030430779338,11.276988856858464,11.529328851355375,1056400
2020-09-22,11.346598625183105,11.451015077674668,11.28568923535341,11.416209593510814,518600
2020-09-23,11.21607780456543,11.355299735480461,11.207376226426199,11.311792674612473,1531100
2020-09-24,11.26828670501709,11.303092191116571,11.14646791858303,11.18127340468251,1222800
2020-09-25,11.26828670501709,11.303092191116571,11.224779639935678,11.24218279789954,622400
2020-09-28,11.364002227783203,11.390106134472628,11.26828652020826,11.303092005736904,799600
2020-09-29,11.233481407165527,11.320495538786513,11.16387043380004,11.294390801403262,583300
2020-09-30,11.364002227783203,11.398807713311847,11.233481034679617,11.259584941369042,1374000
2020-10-01,11.224780082702637,11.294391057647436,11.120363620285435,11.294391057647436,2113900
2020-10-02,11.085556983947754,11.155167951678337,10.998543689198621,11.033349173063913,1360500
2020-10-05,11.372702598571777,11.390105755671438,11.28568930255809,11.28568930255809,1451400
2020-10-06,11.416210174560547,11.55543211830193,11.398807846506994,11.485821146431238,777200
2020-10-07,11.459716796875,11.477119124256493,11.381404249087756,11.451015218270149,715500
2020-10-08,11.572835922241211,11.59893983069292,11.51192569608284,11.564134342814546,1335200
2020-10-09,11.607641220092773,11.677252194709931,11.572835732784196,11.59893964080856,1132400
2020-10-12,11.485821723937988,11.598939766372494,11.459717815631036,11.598939766372494,984300
2020-10-13,11.511923789978027,11.520625367963916,11.451014403733112,11.50322304182029,1044500
2020-10-14,11.59023666381836,11.60763982028808,11.546730432300405,11.555431180707092,564600
2020-10-15,11.625043869018555,11.625043869018555,11.40750935989137,11.433614098463005,574200
2020-10-16,11.546731948852539,11.581537436535172,11.503224881792177,11.52932879009708,621800
2020-10-19,11.555431365966797,11.642445490054087,11.546730617420618,11.625042333305354,478900
2020-10-20,11.685953140258789,11.720758625679847,11.57283510518329,11.57283510518329,1144800
2020-10-21,11.59023666381836,11.720757847856744,11.564132758941952,11.659847630040895,558000
2020-10-22,11.625043869018555,11.67725251633353,11.572836051531876,11.598939960275215,575500
2020-10-23,11.538029670715332,11.642446127439623,11.503224185140569,11.625042969738125,1042500
2020-10-26,11.372702598571777,11.45971672441367,11.355300271300322,11.45971672441367,583000
2020-10-27,11.45101547241211,11.503224115371717,11.398807659280727,11.433613144644392,651300
2020-10-28,11.146467208862305,11.198675019773214,11.120362473578657,11.189973441345332,1743800
2020-10-29,11.007245063781738,11.042050549626437,10.85932154148471,10.894127857157649,1007700
2020-10-30,11.007245063781738,11.033349800536442,10.937634092092342,11.024648221618207,2362800
2020-11-02,11.207376480102539,11.216078058438729,10.989842000666918,10.989842000666918,5856300
2020-11-03,11.27698802947998,11.329196672364988,11.242182544166052,11.31179351479391,877000
2020-11-04,11.398808479309082,11.433613967176646,11.250884948414864,11.355301412017555,796000
2020-11-05,11.45101547241211,11.56413350730107,11.433613144644392,11.494522536573745,970700
2020-11-06,11.407508850097656,11.468419074214475,11.364002614079121,11.44231433680944,855300
2020-11-09,11.546731948852539,11.712057807887977,11.546731948852539,11.694654649132518,1278500
2020-11-10,11.772966384887695,11.7903695424325,11.642446022614555,11.67725150787594,2037200
2020-11-11,11.764266014099121,11.91218870884373,11.7468628559949,11.877383222463543,1591900
2020-11-12,11.668550491333008,11.833877176661748,11.659848912141335,11.807772439086726,1013500
2020-11-13,11.616342544555664,11.694654266910879,11.598939386369,11.66855035945914,785100
2020-11-16,11.720759391784668,11.799071946557858,11.703356233022499,11.78166878779569,1073600
2020-11-17,11.755563735961914,11.781667641737634,11.659848031737273,11.659848031737273,840300
2020-11-18,11.772966384887695,11.868682091727676,11.772966384887695,11.799071121204904,1260000
2020-11-19,11.772966384887695,11.7903695424325,11.69465383559252,11.729459320853907,632400
2020-11-20,11.833876609802246,11.842577358748876,11.781667966981336,11.799071124531048,879600
2020-11-23,11.868682861328125,11.91218909835476,11.842578123318209,11.886085190173123,1069100
2020-11-24,12.12102222442627,12.164528459195703,12.007904188403625,12.02530651634575,1376500
2020-11-25,12.225439071655273,12.268946137641175,12.147126518846306,12.208035913329608,2317000
2020-11-27,12.199334144592285,12.23413962850693,12.15582708224193,12.173229409285154,803400
2020-11-30,12.12972354888916,12.208036102914283,12.077515732757929,12.208036102914283,2898600
2020-12-01,12.094917297363281,12.173229846440583,12.025306327034174,12.164528267692388,7662200
2020-12-02,12.147126197814941,12.234140327487081,12.042709740105318,12.060112068142802,1188100
2020-12-03,12.164528846740723,12.190633584227927,12.068813965439096,12.121022610585241,1626700
2020-12-04,12.216736793518066,12.26894543567971,12.1732297300214,12.190632887351354,2366700
2020-12-07,12.216736793518066,12.303750920511398,12.129722666524735,12.155827402519664,3676900
2020-12-08,12.234140396118164,12.234140396118164,12.147126265957892,12.208035659173134,1360100
2020-12-09,12.242840766906738,12.303750988067797,12.16452821814839,12.286347830642288,1498800
2020-12-10,12.425570487976074,12.529986949071708,12.35595951391232,12.35595951391232,1009000
2020-12-11,12.390765190124512,12.408168348820293,12.321154214997946,12.37336286125701,1309500
2020-12-14,12.425570487976074,12.451675225621184,12.286348539848564,12.434272067191111,1335300
2020-12-15,12.521286010742188,12.529986759997664,12.451675037728842,12.451675037728842,1110200
2020-12-16,12.590896606445312,12.608298934263027,12.495180899049075,12.556091120981652,964300
2020-12-17,12.738821029663086,12.747521779274273,12.669210053803857,12.704015541733472,1279500
2020-12-18,12.782326698303223,12.825833763735952,12.74752121192269,12.764924370027083,1134900
2020-12-21,12.651805877685547,12.677909784076862,12.512583937160912,12.52998626481238,1503000
2020-12-22,12.512584686279297,12.5995979894025,12.503883107018495,12.564792502187565,1534200
2020-12-23,12.669208526611328,12.747520242641764,12.582194402362148,12.590895980752704,1786400
2020-12-24,12.704014778137207,12.704014778137207,12.625702227545611,12.643104555550277,1268000
2020-12-28,12.625701904296875,12.704014452883479,12.590896419350408,12.695312874189808,2050300
2020-12-29,12.660507202148438,12.686611108015473,12.61700013915124,12.643104045018276,1315000
2020-12-30,12.738821029663086,12.782327267203886,12.64310531548543,12.651806894924906,2086800
2020-12-31,12.791027069091797,12.791027069091797,12.677909041583337,12.704013776274024,3678300
2021-01-04,12.721416473388672,12.947652534994203,12.704014146249584,12.91284705088783,5740000
2021-01-05,13.078173637390137,13.121680702456723,12.956354850997586,12.956354850997586,2395800
2021-01-06,13.095576286315918,13.182589583238594,13.025965316846493,13.095576286315918,3370800
2021-01-07,13.156486511230469,13.191291998171756,13.130382603481571,13.147784932038082,2627200
2021-01-08,13.260902404785156,13.278305562425468,13.147784369607821,13.243500076973076,2920300
2021-01-11,13.16518783569336,13.208694900985227,13.07817370510962,13.12168077040149,2247800
2021-01-12,13.417527198791504,13.426228777413574,13.269603681529185,13.304409166189247,1635300
2021-01-13,13.382722854614258,13.426229921604085,13.330514208260809,13.391424433977878,1579700
2021-01-14,13.504542350769043,13.521944679506346,13.365319571729257,13.365319571729257,1371400
2021-01-15,13.313111305236816,13.426229342600863,13.269604240123222,13.391423856475637,1409600
2021-01-19,13.35661792755127,13.400124161394297,13.321812442579917,13.38272183382273,1516700
2021-01-20,13.365320205688477,13.417528854033351,13.339216296430196,13.400125694642288,1511900
2021-01-21,13.35661792755127,13.400124161394297,13.321812442579917,13.391423412522624,2822900
2021-01-22,13.13038158416748,13.252200364091037,13.112978427133715,13.139083162684363,2413700
2021-01-25,13.269603729248047,13.287006886554767,13.112978632800418,13.139083368760499,1596000
2021-01-26,13.295708656311035,13.347917302411902,13.26960474817474,13.313111814954082,704100
2021-01-27,13.260902404785156,13.356618112150409,13.165187527248134,13.278305562425468,1166200
2021-01-28,13.199993133544922,13.443631533942154,13.199993133544922,13.400124469271303,2234400
2021-01-29,13.217395782470703,13.365319308046638,13.191291874965614,13.347916979652666,3890600
2021-02-01,13.469735145568848,13.478436724277936,13.278305392938254,13.408825754261679,6799100
2021-02-02,13.574151992797852,13.600255898255316,13.521943352054729,13.574151992797852,2792800
2021-02-03,13.669867515563965,13.704673001103798,13.591554965642283,13.6002565444843,3059400
2021-02-04,13.73947811126709,13.73947811126709,13.556749109718252,13.669867142089267,3079800
2021-02-05,13.809089660644531,13.86999905377723,13.774284174593241,13.843895146695822,2757400
2021-02-08,14.02662467956543,14.02662467956543,13.913505815082683,13.922207393862621,2896800
2021-02-09,14.078831672668457,14.096234829214811,13.939609739610326,14.017922284412569,2420300
2021-02-10,14.052728652954102,14.096236549630035,14.017923995269914,14.096236549630035,2043300
2021-02-11,14.02662467956543,14.122338726831847,14.009221522005554,14.104935569271971,1515800
2021-02-12,14.200651168823242,14.218054326251533,14.035324492567357,14.044026071281502,2500100
2021-02-16,14.392082214355469,14.392082214355469,14.270261775119176,14.31376966758085,4066300
2021-02-17,14.435588836669922,14.444290415397049,14.27896373889454,14.322469972873726,2987500
2021-02-18,14.383380889892578,14.505199671623954,14.348574575308513,14.505199671623954,1672900
2021-02-19,14.374680519104004,14.531305628580142,14.339874201595277,14.452993073842073,1918000
2021-02-22,14.696630477905273,14.74013837425869,14.513902292190561,14.53130545073193,3947900
2021-02-23,14.766240119934082,14.792344855390485,14.566108793737511,14.66182449742126,3308200
2021-02-24,14.992476463317871,14.992476463317871,14.80104671200952,14.818449869307486,4457800
2021-02-25,14.870658874511719,14.975074507363185,14.870658874511719,14.931568270284501,3457100
2021-02-26,14.55740737915039,14.774941864767067,14.548705800566955,14.757538707600194,5138100
2021-03-01,14.435588836669922,14.653123325878743,14.365977866509358,14.61831701097024,6419900
2021-03-02,14.496499061584473,14.65312416836507,14.461694404331306,14.5052006408119,4257900
2021-03-03,14.583512306213379,14.653123276137645,14.496498178893939,14.557407570120617,4502700
2021-03-04,14.809749603271484,14.931568395841401,14.574811937895296,14.627019754760035,4591800
2021-03-05,15.114295959472656,15.122995877921104,14.948969294794647,15.018580259976495,5416000
2021-03-08,14.905463218688965,15.027283667328451,14.905463218688967,15.01858208816445,4591600
2021-03-09,14.905463218688965,15.00988050900045,14.879360140853489,14.983775771508446,2144700
2021-03-10,15.001178741455078,15.009880320509806,14.861956795892436,14.940269347728485,1408000
2021-03-11,15.227415084838867,15.227415084838867,15.044686900455936,15.08819313683572,3588700
2021-03-12,15.157803535461426,15.210011349066713,15.105595721856139,15.140400377707506,1264900
2021-03-15,15.105595588684082,15.14040024422861,15.001178302737587,15.079490852283344,2926800
2021-03-16,15.044686317443848,15.096894131007735,14.957672188399721,15.027283159703728,1620800
2021-03-17,15.044686317443848,15.062087815527496,14.922865872919482,15.018581580833668,2061200
2021-03-18,14.331171989440918,14.86195669041682,14.226756360838229,14.835851953437901,5431200
2021-03-19,14.644421577453613,14.670526313332493,14.322469806906465,14.426887090765558,2894400
2021-03-22,14.618317604064941,14.705331735210098,14.592214526480952,14.661825499465774,2651300
2021-03-23,14.20935344696045,14.496498920035572,14.191950288675526,14.339873814784319,4158000
2021-03-24,14.583512306213379,14.644421697440057,14.426887208969672,14.426887208969672,1831500
2021-03-25,14.252859115600586,14.418185793412537,14.174548225749088,14.392082716680855,2188400
2021-03-26,14.592214584350586,14.62701924115277,14.513902031975025,14.531305190204375,2163600
2021-03-29,14.609617233276367,14.609617233276367,14.409484239928675,14.513901526008187,1683700
2021-03-30,14.374680519104004,14.487797731694233,14.357277360349642,14.435589915087709,2385700
2021-03-31,14.452993392944336,14.618318425791237,14.357277677338631,14.357277677338631,3731200
2021-04-01,14.696630477905273,14.74013837425869,14.43558973841096,14.635721082667036,4793200
2021-04-05,14.479094505310059,14.644421175357355,14.331170992037505,14.600914943076877,1756700
2021-04-06,14.531304359436035,14.73143568866232,14.522602780818836,14.644421562146762,1831300
2021-04-07,14.574811935424805,14.592215094262292,14.41818682520056,14.531305697987658,2050700
2021-04-08,14.65312385559082,14.65312385559082,14.513901910236802,14.58351288291381,1903100
2021-04-09,14.600915908813477,14.644422143971553,14.57481117192474,14.60961748777639,1550300
2021-04-12,14.609617233276367,14.70533128088809,14.566109339219713,14.679228204110556,1461500
2021-04-13,14.766240119934082,14.766240119934082,14.687927573221268,14.696629151706736,1825100
2021-04-14,15.105595588684082,15.157803401829101,14.896762676447548,14.905462595591338,3684800
2021-04-15,15.201309204101562,15.218712361207398,15.088192002226448,15.157802970993382,1568800
2021-04-16,15.175206184387207,15.23611557482715,15.15780302721682,15.21871241765676,1226900
2021-04-19,15.192607879638672,15.27092042826827,15.175206381898214,15.210011037035569,1981600
2021-04-20,15.16650390625,15.305725837878686,15.044685130988984,15.270919525143345,2692100
2021-04-21,15.105595588684082,15.218712793774367,14.983775145137095,15.001178302737587,1869800
2021-04-22,15.227415084838867,15.253519822460657,15.105596295250246,15.183908848459083,1663700
2021-04-23,15.349233627319336,15.349233627319336,15.192608523423177,15.21001168155753,5932200
2021-04-26,15.45365047454834,15.471053632185022,15.27092063867609,15.288323796312774,2750200
2021-04-27,15.584171295166016,15.601574453313772,15.453650928370864,15.531963480379257,2426600
2021-04-28,15.610276222229004,15.723393432252053,15.540665248447928,15.566768326330502,5241800
2021-04-29,15.714690208435059,15.793002753199954,15.601573010250409,15.793002753199954,3353900
2021-04-30,15.584171295166016,15.601574453313772,15.462352507444743,15.514560322231501,4693900
2021-05-03,15.758200645446777,15.8017068841638,15.6972912473803,15.732095906422591,6074800
2021-05-04,16.0018367767334,16.010538355613665,15.871316412842315,15.949628963108259,3464200
2021-05-05,16.062746047973633,16.14105859764836,16.010538234742636,16.08885078441736,6495800
2021-05-06,16.14105796813965,16.16716270356528,16.03664234574991,16.132358049320832,4525900
2021-05-07,16.297683715820312,16.297683715820312,16.10625396064793,16.167163352763847,6180400
2021-05-10,16.184568405151367,16.410804502107865,16.11495742606142,16.40210292226454,3358800
2021-05-11,16.358592987060547,16.393399302101862,16.141058497021675,16.141058497021675,7764600
2021-05-12,16.341190338134766,16.506515343966292,16.315085603692577,16.36729341292062,8831300
2021-05-13,15.888718605041504,16.114954663210646,15.819107637886104,16.036642117703774,5844100
2021-05-14,16.01923942565918,16.12365670924922,15.98443477090011,16.088850394833734,4489200
2021-05-17,16.219371795654297,16.219371795654297,16.09755300669373,16.114956165018533,5056200
2021-05-18,16.14105796813965,16.29768306138065,15.993134453373857,16.24547525018578,3729300
2021-05-19,15.810406684875488,15.888719233479815,15.627676851579913,15.862614497392894,5161000
2021-05-20,15.645079612731934,15.836511019874813,15.610274958487299,15.784301549023267,2828400
2021-05-21,15.793004035949707,15.819108772877085,15.732094642775644,15.801705614925499,3046300
2021-05-24,16.010540008544922,16.027943168102166,15.819110232385185,15.845213312064406,2823500
2021-05-25,15.958330154418945,16.036642702782963,15.92352383974319,16.001836388107208,1694600
2021-05-26,15.984435081481934,16.02794131569021,15.827809982881814,15.923524030071315,1948600
2021-05-27,16.236774444580078,16.236774444580078,16.045344687982585,16.06274618610492,1361800
2021-05-28,16.184568405151367,16.262880964084644,16.13236058574807,16.245477804397993,2356100
2021-06-01,16.471712112426758,16.628337213282872,16.358593246405576,16.49781518946513,5825900
2021-06-02,16.558727264404297,16.56742884383998,16.454309970832682,16.541324105532933,4525400
2021-06-03,16.419504165649414,16.54132294992533,16.332490037028137,16.54132294992533,3802100
2021-06-04,16.602231979370117,16.654439791539765,16.53262100992511,16.593530400732437,2921400
2021-06-07,16.62833595275879,16.697946919011653,16.602231218042835,16.689245340773,2377800
2021-06-08,16.79366111755371,16.79366111755371,16.57612663851982,16.61963453012042,2150600
2021-06-09,16.715351104736328,16.811066821102386,16.66314328656239,16.78496374184373,2003400
2021-06-10,16.776260375976562,16.828468188591742,16.5674274658594,16.81106503116787,2445900
2021-06-11,16.724050521850586,16.732752100363843,16.63703805603082,16.71534894333733,1722800
2021-06-14,16.62833595275879,16.689245340773,16.56742656474458,16.58482806156553,3407400
2021-06-15,16.558727264404297,16.59353192249045,16.497816208354518,16.550025684968613,2385600
2021-06-16,16.4630126953125,16.66314405728311,16.4369079551898,16.515220515901202,4255900
2021-06-17,16.036643981933594,16.40210201689735,15.967033006686048,16.367295699445293,7251100
2021-06-18,16.201969146728516,16.271580115429174,16.097551863849322,16.106253442393957,4187000
2021-06-21,16.402101516723633,16.445607752555436,16.141059122763266,16.158462280958595,3340200
2021-06-22,16.428205490112305,16.497816467032656,16.39340083148043,16.428205490112305,3515400
2021-06-23,16.532621383666992,16.6718433257043,16.532621383666992,16.593530775851256,2234300
2021-06-24,16.593530654907227,16.593530654907227,16.419504058457235,16.454308713884654,2091300
2021-06-25,16.523921966552734,16.637040846541964,16.332492186122,16.628339266569203,4566600
2021-06-28,16.515216827392578,16.558724717880025,16.480412174658944,16.53261998358756,3188400
2021-06-29,16.593530654907227,16.66314162541851,16.52391968439594,16.58482907613626,1575100
2021-06-30,16.75015640258789,16.82846895490498,16.48911566796861,16.567428220285695,2906700
2021-07-01,16.811065673828125,17.04600332906239,16.784962596350876,17.037301750017807,4725900
2021-07-02,16.967689514160156,16.976391092556952,16.75885661160618,16.854572314314563,1730200
2021-07-06,16.506515502929688,16.90677980328292,16.393398305236847,16.845870415320903,3977200
2021-07-07,16.306386947631836,16.57612927991331,16.193269730757873,16.52392146132968,3163300
2021-07-08,16.445608139038086,16.45430971834024,16.228073635453836,16.29768461021453,4342400
2021-07-09,16.63703727722168,16.663140351883115,16.532619999606958,16.532619999606958,2181600
2021-07-12,16.66314125061035,16.66314125061035,16.4717115009243,16.523919312719332,2063700
2021-07-13,16.802364349365234,16.854573824423795,16.64573924350261,16.689247139384744,2406200
2021-07-14,16.63703727722168,16.889376403668077,16.54132157771288,16.854571750900718,1751100
2021-07-15,16.550024032592773,16.680544391783535,16.541322454025867,16.55872561115968,2706400
2021-07-16,16.550024032592773,16.68924597035044,16.48041306371394,16.67184281321663,2345400
2021-07-19,15.888718605041504,16.315085986325375,15.819107637886104,16.315085986325375,4636800
2021-07-20,16.123659133911133,16.13236071382354,15.827812055515944,15.940929275063906,6219100
2021-07-21,16.445608139038086,16.489116035548868,16.228073635453836,16.288983030912377,2844600
2021-07-22,16.576128005981445,16.628337480209225,16.39339982515372,16.480413955876852,2426000
2021-07-23,16.66314125061035,16.671842829185593,16.57612712451436,16.61963501739056,2245300
2021-07-26,16.784961700439453,16.784961700439453,16.619635026729807,16.62833660530994,1425900
2021-07-27,16.689245223999023,16.84587031188615,16.628335836410994,16.79366084281955,2214200
2021-07-28,16.767559051513672,16.82846844376437,16.732752736138153,16.758857472669792,1190700
2021-07-29,17.063405990600586,17.063405990600586,16.88937773408619,16.915482470460283,1740300
2021-07-30,16.967689514160156,17.037300481678148,16.924183281832555,17.002495827747342,4256400
2021-08-02,16.784961700439453,17.002496185973467,16.663141259974044,16.932883557332424,4450600
2021-08-03,16.70665168762207,16.70665168762207,16.506518669227553,16.5587281486296,2634300
2021-08-04,16.436906814575195,16.6022335045663,16.41950531535764,16.50651779041515,2168900
2021-08-05,16.680543899536133,16.680543899536133,16.506515652646463,16.506515652646463,2162400
2021-08-06,16.541322708129883,16.74145403927385,16.523919550728728,16.71534930317212,1488200
2021-08-09,16.306386947631836,16.332491686751965,16.175866571344454,16.306386947631836,2152000
2021-08-10,16.602231979370117,16.645738212902085,16.402100649672775,16.410802228310455,2366600
2021-08-11,16.75015640258789,16.75015640258789,16.445607772427717,16.49781558742027,1448800
2021-08-12,16.689245223999023,16.750154611587053,16.55002329246743,16.654438911287954,2008900
2021-08-13,16.593530654907227,16.76755891101367,16.593530654907227,16.715349438387864,1434400
2021-08-16,16.550024032592773,16.584828687203984,16.349892704523178,16.454308328013223,1929200
2021-08-17,16.36729621887207,16.55002607198128,16.341193139611192,16.44560877596793,2169600
2021-08-18,16.175865173339844,16.436905903354077,16.167163594385173,16.41950440510122,3905400
2021-08-19,15.949629783630371,15.967032942286206,15.775601516385132,15.90612354664734,5361400
2021-08-20,15.575469970703125,15.819109209784934,15.566768391487004,15.749498235712494,3023100
2021-08-23,16.14105796813965,16.14105796813965,15.98443453455504,15.98443453455504,4885800
2021-08-24,16.480411529541016,16.497813025398496,16.262877064588043,16.280278560445524,4642200
2021-08-25,16.62833595275879,16.663140606057045,16.45430770729846,16.51521709531267,2171600
2021-08-26,16.497814178466797,16.60223145919093,16.419503292494163,16.51521733519688,1958000
2021-08-27,16.70665168762207,16.715351607865745,16.5935328085743,16.5935328085743,2471300
2021-08-30,16.767559051513672,16.78496220920143,16.6370386881684,16.732752736138153,2648900
2021-08-31,16.689245223999023,16.75885618976482,16.628335836410994,16.680543645821256,2700500
2021-09-01,16.61093521118164,16.680546187554558,16.497816337290285,16.541324234808727,7318700
2021-09-02,16.802364349365234,16.932884717698578,16.802364349365234,16.828469086894515,1881600
2021-09-03,16.819765090942383,16.924182366399606,16.811063513016258,16.854571402646886,3186600
2021-09-07,16.62833595275879,16.758856307025862,16.61963437452014,16.689245340773,3736200
2021-09-08,16.75015640258789,16.863273611681176,16.706650166703515,16.845872113121334,3000900
2021-09-09,16.62833595275879,16.828467273278722,16.56742656474458,16.63703753099744,1693000
2021-09-10,16.845870971679688,16.906780361653322,16.811064657605378,16.871974047579016,2815100
2021-09-13,16.976390838623047,17.00249557342296,16.889376715613025,16.96768926035641,1456200
2021-09-14,16.967689514160156,17.046002060074944,16.898078546642164,17.028598903281353,1092200
2021-09-15,17.24613380432129,17.341849509361158,17.20262757093394,17.22003072815145,2364100
2021-09-16,17.12431526184082,17.159119917104626,16.993794900202783,17.141718419300943,1259400
2021-09-17,16.98509407043457,17.072108201915654,16.95028775397953,17.072108201915654,1424600
2021-09-20,16.784961700439453,16.85457266942408,16.654439681393914,16.79366161936317,3369700
2021-09-21,16.802364349365234,16.811065928541662,16.602233007277007,16.776261271492483,1375600
2021-09-22,16.99379539489746,17.072107946091275,16.889378106753544,16.985093815914095,1149600
2021-09-23,17.25483512878418,17.263536707264766,17.04600222421925,17.054703802699837,1654100
2021-09-24,17.333148956298828,17.3679536131367,17.176523851387106,17.202628588757896,2758100
2021-09-27,17.568086624145508,17.61159286013293,17.524578728501567,17.524578728501567,3089100
2021-09-28,17.428863525390625,17.716008979034907,17.411460368283358,17.69860582192764,2147400
2021-09-29,17.446266174316406,17.550683464195274,17.385356780077284,17.428864675717026,2426900
2021-09-30,17.559383392333984,17.672500591048642,17.289641103355677,17.341848913558106,4267200
2021-10-01,17.794321060180664,17.80302097884997,17.55068184603107,17.620292812980043,8733700
2021-10-04,18.08146858215332,18.177182635411427,17.95094655194003,17.95094655194003,3955800
2021-10-05,18.307703018188477,18.333806094156976,18.177180999720335,18.194584156803607,2653400
2021-10-06,18.003154754638672,18.107570379836776,17.933543784621122,18.107570379836776,3903400
2021-10-07,18.229389190673828,18.229389190673828,17.890034290009392,18.01185472138014,4295600
2021-10-08,18.290300369262695,18.394715995350488,18.229390977435408,18.316403445956418,2336300
2021-10-11,18.412120819091797,18.533939613770162,18.412120819091797,18.473030216430978,4404100
2021-10-12,18.412120819091797,18.542641193340987,18.368614580894267,18.473030216430978,4446800
2021-10-13,18.516536712646484,18.52523829155863,18.32510529589221,18.403417846445056,4128200
2021-10-14,18.707965850830078,18.725369008078626,18.560042333530284,18.690562693581533,3869900
2021-10-15,18.864591598510742,18.925500991328605,18.81238378461779,18.881994756360555,2904700
2021-10-18,18.751474380493164,19.00381521252803,18.751474380493164,18.96030897373556,6736000
2021-10-19,18.794981002807617,18.855890396844117,18.638355898338606,18.70796687147411,4928600
2021-10-20,19.003812789916992,19.01251436849753,18.69056259964324,18.716667335384855,3467000
2021-10-21,18.71666717529297,18.82978437655961,18.533937345977442,18.786278143685454,3270900
2021-10-22,18.803680419921875,18.855888228856696,18.62965217726405,18.803680419921875,2690800
2021-10-25,18.899394989013672,18.995110691121845,18.88199349198558,18.942902880724827,1764100
2021-10-26,18.925500869750977,18.977708683308546,18.847188319586387,18.899396133143956,1605300
2021-10-27,18.57744598388672,18.83848671091812,18.57744598388672,18.725369505112905,4256900
2021-10-28,18.673160552978516,18.68186213207654,18.481730791791534,18.60354957985084,4941600
2021-10-29,18.57744598388672,18.655758533927433,18.438224041515777,18.57744598388672,2848900
2021-11-01,18.71666717529297,18.760173408167123,18.664459363912705,18.71666717529297,3896300
2021-11-02,18.768875122070312,18.81238301491473,18.629653184281008,18.655757919987657,3542900
2021-11-03,18.290300369262695,18.55134109413863,18.272897211695913,18.473028544744558,3420100
2021-11-04,18.177181243896484,18.690562767154496,18.09886869562618,18.673159609837445,4825300
2021-11-05,18.429523468017578,18.473029705010653,18.15107956808618,18.255495200732174,6198600
2021-11-08,18.542640686035156,18.551342265367918,18.420821894689617,18.43822505335514,1272300
2021-11-09,18.69056510925293,18.69056510925293,18.438225935161,18.53393999308577,2392600
2021-11-10,18.455625534057617,18.734071078372803,18.39471614174558,18.664460107208125,3514600
2021-11-11,18.586149215698242,18.690564851934404,18.507836658692813,18.586149215698242,1683700
2021-11-12,18.560043334960938,18.62965430805465,18.499133940961006,18.499133940961006,4009100
2021-11-15,18.568744659423828,18.577446238398284,18.38601482027327,18.42952271514554,2165300
2021-11-16,18.542640686035156,18.62965481970621,18.481731290362386,18.551342265367918,1567400
2021-11-17,18.3773136138916,18.59484809404836,18.307702646627696,18.525237126784454,2240100
2021-11-18,18.43822479248047,18.464327870452873,18.316404343201956,18.429523213270823,1305500
2021-11-19,18.142375946044922,18.342507269130085,18.116271210994363,18.316402534079526,2124100
2021-11-22,18.272897720336914,18.351210271910876,18.168480431686127,18.168480431686127,3914700
2021-11-23,18.60354995727539,18.612251536549948,18.368613955488474,18.368613955488474,1886500
2021-11-24,18.533937454223633,18.638354737250403,18.516535956766177,18.56874376845136,3841000
2021-11-26,17.428863525390625,17.924841885352894,17.24613369507713,17.924841885352894,7161900
2021-11-29,17.428863525390625,17.837827759472965,17.350550978064327,17.811723023812064,4303700
2021-11-30,16.950288772583008,17.23743426196662,16.715351101362796,17.150420125256545,12056800
2021-12-01,16.802364349365234,17.22873177107097,16.750156533963203,17.185225534845365,10483200
2021-12-02,16.950288772583008,17.072109227839757,16.706651181382743,16.776262158819478,6338000
2021-12-03,16.967689514160156,17.25483496262892,16.880675389848573,17.202627151904522,3766900
2021-12-06,17.26353645324707,17.30704268535346,16.967689427885784,17.00249574129599,3801500
2021-12-07,17.524578094482422,17.61159222296571,17.40275931039969,17.43756562565559,2440200
2021-12-08,17.7595157623291,17.7595157623291,17.58548750517792,17.594189084001123,2916900
2021-12-09,17.489774703979492,17.663801313877567,17.489774703979492,17.62899665576058,3384400
2021-12-10,17.689903259277344,17.698604837346906,17.576786063685677,17.585485982098923,2684600
2021-12-13,17.602890014648438,17.733410372877557,17.568085360293658,17.689904140019983,4733600
2021-12-14,17.446266174316406,17.507177228212047,17.359253702349957,17.446266174316406,3595500
2021-12-15,17.533279418945312,17.533279418945312,17.289641854314244,17.402759057942035,2233000
2021-12-16,17.637699127197266,17.750816346368875,17.55938656790282,17.60289280766344,3215400
2021-12-17,17.428863525390625,17.568085462935947,17.42016194683699,17.55068230582868,3608500
2021-12-20,17.307043075561523,17.324446232659003,17.037300779176228,17.220030609386946,3943100
2021-12-21,17.672502517700195,17.672502517700195,17.463669594467206,17.498475911500975,2507200
2021-12-22,17.88133430480957,17.898737462220712,17.70730770966745,17.733410786127727,2203800
2021-12-23,17.977052688598633,18.011859008605327,17.829129147883563,17.881336968236916,2437900
2021-12-27,18.20328712463379,18.25549494021174,17.942246387087497,17.977051044253955,2160500
2021-12-28,18.168479919433594,18.272897205140378,18.159780000309777,18.255494047579838,2404800
2021-12-29,18.255495071411133,18.351210783705714,18.11627312243167,18.142377860236525,3236600
2021-12-30,18.168479919433594,18.325105018165544,18.151078421529505,18.24679246879957,1705900
2021-12-31,18.08146858215332,18.22069053203471,18.02925910620538,18.185884214736085,3864400
2022-01-03,18.151079177856445,18.185883834771328,17.994454072598174,18.029258729513057,5301200
2022-01-04,18.36861228942871,18.394715365228254,18.25549342877603,18.272896585746658,2987400
2022-01-05,18.290300369262695,18.499133281094732,18.290300369262695,18.446925468050836,7094300
2022-01-06,18.44692611694336,18.49043235273425,18.35991198570507,18.44692611694336,4148100
2022-01-07,18.48172950744629,18.49043108593962,18.377313884839154,18.446924853129378,2781600
2022-01-10,18.403417587280273,18.473028557940676,18.3077035399075,18.455625400361463,3425400
2022-01-11,18.760173797607422,18.777576954980916,18.429522105793254,18.525237811691024,3553900
2022-01-12,18.908096313476562,18.934201048152747,18.80368069408452,18.85588850378054,3003600
2022-01-13,18.707965850830078,18.890694022970546,18.699264272205806,18.890694022970546,2371900
2022-01-14,18.95160484313965,18.960306421658224,18.794979749118067,18.821082825017395,1703400
2022-01-18,19.099529266357422,19.14303550136156,19.00381355776054,19.02121671562479,4818300
2022-01-19,19.203943252563477,19.32576202788646,19.177840177655032,19.23874956531652,3655200
2022-01-20,19.134334564208984,19.38667538273483,19.134334564208984,19.2474534344642,4042200
2022-01-21,19.151737213134766,19.247452922395553,19.064723082866454,19.195243448440674,4165300
2022-01-24,19.10822868347168,19.116930262175128,18.821083224883655,19.021216215750076,5620600
2022-01-25,19.282258987426758,19.299662146683154,19.05602289606346,19.090829214576253,5789900
2022-01-26,19.325763702392578,19.51719511980848,19.30836220416462,19.430180990042754,8802300
2022-01-27,19.421478271484375,19.517193974575907,19.29965949275434,19.49108923928102,3957400
2022-01-28,19.43888282775879,19.57810477337471,19.35186869683471,19.552000036200536,4511200
2022-01-31,19.50849151611328,19.534596250230578,19.325761696604815,19.51719309415238,3132000
2022-02-01,19.58680534362793,19.604208500847708,19.412777090742978,19.447583405182538,6246100
2022-02-02,19.665117263793945,19.682520420458257,19.53459690812436,19.682520420458257,6241600
2022-02-03,19.70862579345703,19.752133690190014,19.447585051685373,19.473688130068602,3387700
2022-02-04,19.865249633789062,19.943562183250837,19.81304182070003,19.830444978281857,5460400
2022-02-07,19.908756256103516,19.91745783506402,19.80434062789042,19.847846863036462,3394100
2022-02-08,19.734729766845703,19.786937581245855,19.630312478388905,19.76083284421753,3238600
2022-02-09,19.934860229492188,19.943561808119426,19.76953355488746,19.76953355488746,4822700
2022-02-10,19.8304443359375,20.126289706963345,19.795638021901283,19.926158380224297,4868300
2022-02-11,20.126291275024414,20.195902248863913,19.86525053804042,19.88265369641443,6965000
2022-02-14,20.230709075927734,20.326424789742656,19.978368252108964,20.013174569734964,5164900
2022-02-15,19.900056838989258,19.93486149605311,19.752133312240694,19.93486149605311,4104400
2022-02-16,19.926158905029297,20.21330436476518,19.917457326291064,20.06538084552812,3950600
2022-02-17,20.09148597717285,20.11759071390133,19.93486087611495,19.978367111005934,3057600
2022-02-18,20.169797897338867,20.24811044542033,19.952263410369564,20.004471222538395,3306300
2022-02-22,20.456941604614258,20.622268265278738,20.378629063228782,20.578760375811093,4654800
2022-02-23,20.648374557495117,20.752791848835336,20.50915260881252,20.53525734656171,4004400
2022-02-24,20.735387802124023,21.518511644832227,20.543958045799585,21.518511644832227,13349400
2022-02-25,20.422136306762695,20.517852008686404,20.21330340592072,20.439539463413617,8694300
2022-02-28,20.77019500732422,20.874610639007845,20.665777715984053,20.787596506167127,10291900
2022-03-01,21.605527877807617,21.640334196704895,21.266174566842338,21.300979226082983,11819800
2022-03-02,22.31033706665039,22.44085909015018,21.77085245352295,22.031893181209586,11672700
2022-03-03,22.55397605895996,22.893329333313712,22.284233755234066,22.37124622377655,15822800
2022-03-04,23.502426147460938,23.65034966483614,22.928135235217553,23.1717727981957,17301000
2022-03-07,24.015810012817383,24.172435124107345,23.554636258425447,23.71126136971541,18127300
2022-03-08,24.424772262573242,24.720619301635754,23.62424527328464,24.43347384132878,19913800
2022-03-09,22.484365463256836,23.371906598304033,21.57942117034836,23.27619088972351,16680700
2022-03-10,22.214624404907227,22.936838900219655,22.066700874076652,22.884629423698343,8655500
2022-03-11,22.59748077392578,22.736702705821134,22.28423225698941,22.388647876082754,7746400
2022-03-14,21.93617820739746,22.214623761814,21.77955476133735,22.07540181443399,8335900
2022-03-15,21.396692276000977,21.666434575201237,21.179157788981573,21.34448446382012,12507400
2022-03-16,21.21396255493164,21.796955049581676,21.11824850870844,21.69253942467338,8001000
2022-03-17,22.232025146484375,22.327740857188477,21.97098441139966,21.988387569647045,6045000
2022-03-18,22.336441040039062,22.362545775778308,22.110204975934842,22.223323837815162,3562600
2022-03-21,23.171772003173828,23.189175159834146,22.815015589919177,22.841120324909653,4170600
2022-03-22,23.119564056396484,23.241382832986986,22.90202957839553,23.15437036951169,4452500
2022-03-23,23.69385528564453,23.833077220791004,23.56333492890176,23.59814124251657,3406900
2022-03-24,23.45891761779785,23.728661568999485,23.380606731577156,23.711258412214274,4595200
2022-03-25,23.632946014404297,23.780869528692616,23.302294331695553,23.38930679685401,4694700
2022-03-28,22.606184005737305,23.189176510565314,22.54527461353469,23.04125298964906,5249700
2022-03-29,22.69319725036621,22.701898828864223,22.023190642926764,22.1102047682505,5106800
2022-03-30,23.102163314819336,23.23268534298909,22.98904610468295,23.08476181609903,3669100
2022-03-31,22.67579460144043,23.14566989292271,22.58878047416707,22.962940059683014,4881900
2022-04-01,22.823719024658203,22.919434734418786,22.67579550032662,22.710601816478285,5282100
2022-04-04,23.258787155151367,23.354502861358583,23.058655823678496,23.284891891296,4628700
2022-04-05,23.067358016967773,23.572037978281596,23.015150202943992,23.467620690577554,6250400
2022-04-06,22.884628295898438,23.476322390060872,22.728004853022934,23.371906761477202,3825000
2022-04-07,22.962942123413086,22.989046861838116,22.571381004977162,22.910734306219613,3891900
2022-04-08,23.25008773803711,23.28489405613262,22.91073443488881,22.95424067285161,6044100
2022-04-11,23.058656692504883,23.13696924423308,22.867226932534013,23.00644887790492,3558800
2022-04-12,23.74606704711914,23.78087170443557,23.49372622803474,23.53723246459441,4192300
2022-04-13,24.26814842224121,24.2768500014478,23.7199622094783,23.954899869086635,6133800
2022-04-14,24.450878143310547,24.563995353114322,24.050613800102877,24.146329511237507,5547100
2022-04-18,24.729320526123047,25.016465982316422,24.616203323234444,24.711917368861286,7531200
2022-04-19,24.094120025634766,24.250745120394946,23.95489808799381,24.250745120394946,5921200
2022-04-20,24.120223999023438,24.19853654931706,23.806975457505427,24.172433472323497,4145300
2022-04-21,24.085418701171875,24.276848452533635,23.902688868805097,24.146328092075326,4061200
2022-04-22,23.624244689941406,23.95489803586139,23.615543111400733,23.867883910111058,4307600
2022-04-25,23.45021629333496,23.485020945162635,22.84982069748701,22.9455363944116,6128600
2022-04-26,23.77216911315918,23.876586399976272,23.33710012745815,23.589440935799853,5365400
2022-04-27,23.9374942779541,24.015806823198133,23.59814102166754,23.641647253622505,3375100
2022-04-28,24.13762664794922,24.17243296274885,23.780870219535206,23.885287504277656,4675300
2022-04-29,23.954898834228516,24.416070894659303,23.91139094007512,24.285550531512033,4323400
2022-05-02,24.320356369018555,24.32905628802185,23.572037200846776,23.71996071874919,5788200
2022-05-03,23.981000900268555,24.311654243271544,23.876585278014428,24.12892441484223,2453000
2022-05-04,24.729320526123047,24.77282675962103,24.294251552517544,24.485681303427654,5276000
2022-05-05,24.59880256652832,24.95555902692758,24.407371137280318,24.92945428848742,4150300
2022-05-06,24.62490463256836,24.73802350150025,24.355162318406688,24.62490463256836,6719000
2022-05-09,23.511127471923828,24.18983400106175,23.458918000715986,24.14632776804495,9241900
2022-05-10,23.371906280517578,23.789572105570286,23.34580154408061,23.659051742698374,4717900
2022-05-11,23.946195602416992,24.111520609818307,23.911389289496917,23.920090867726937,4105400
2022-05-12,24.059314727783203,24.085419464564833,23.68515513219559,23.798273998592837,4377500
2022-05-13,24.38996696472168,24.424771619170553,24.102821511978753,24.242043449087056,3611100
2022-05-16,24.790231704711914,24.82503802174561,24.407370515623978,24.45957999117452,7230300
2022-05-17,24.52048683166504,24.903347980864666,24.51178525331319,24.79022912194696,4522600
2022-05-18,23.989704132080078,24.677113941197025,23.920093159227672,24.590099810217392,3436700
2022-05-19,24.294252395629883,24.389968104234885,23.806975592984973,23.815677171917834,3482800
2022-05-20,24.329057693481445,24.46828130042334,24.155031089202996,24.337759272643847,2389600
2022-05-23,24.51178741455078,24.563995229608754,24.25944659906696,24.398670205315753,2386600
2022-05-24,24.494382858276367,24.598800142089132,24.363862498252725,24.494382858276367,2591300
2022-05-25,24.66840934753418,24.66840934753418,24.37256233415127,24.503082684842248,2312600
2022-05-26,24.938156127929688,25.033871843551456,24.5813996638115,24.63360748157946,3468200
2022-05-27,25.2340030670166,25.25140622607006,24.859843445650267,24.90335134328391,2431600
2022-05-31,25.059972763061523,25.695174739735663,24.868543007971066,25.616862190004007,3508300
2022-06-01,25.181793212890625,25.390626125672583,25.146986897598733,25.286208839453373,3099400
2022-06-02,25.756084442138672,25.76478602106441,25.286209138087614,25.42543108158649,3133500
2022-06-03,25.999723434448242,25.999723434448242,25.57335600172277,25.642966977276796,2228600
2022-06-06,26.112838745117188,26.18244971117601,25.92140900336952,26.025824622629575,3154800
2022-06-07,26.286867141723633,26.29556872053761,25.97361860270283,26.025826415930222,3388300
2022-06-08,26.521804809570312,26.626222095755722,26.3042703180358,26.33037505449627,5112500
2022-06-09,26.5653133392334,26.661027389232107,26.330375684437804,26.330375684437804,3821700
2022-06-10,26.304271697998047,26.443493647111413,26.06933403649803,26.408688989661346,3215800
2022-06-13,26.008424758911133,26.269467159422373,25.564654171732922,26.09543889241488,6268600
2022-06-14,25.72127914428711,26.182452887662155,25.538550958585038,26.06933401680764,5818200
2022-06-15,25.738679885864258,26.03452691463965,25.660367339443926,25.756083042770197,5532800
2022-06-16,25.85179901123047,25.982321038086607,25.512445724580143,25.71257706493,4229000
2022-06-17,24.929454803466797,25.616864659681887,24.71192029094151,25.582058341042664,6746300
2022-06-21,24.86854362487793,25.277507881666608,24.78152949416684,25.086078121827406,4766800
2022-06-22,24.424772262573242,24.659709910003432,24.041911095611795,24.10282214690056,8211800
2022-06-23,23.8765869140625,24.511787248544934,23.867885335002352,24.450877854780387,8788400
2022-06-24,24.10282325744629,24.242045204636707,23.841780861721865,24.007107546381683,3507100
2022-06-27,24.050613403320312,24.215940085373553,23.815677408425866,24.024510325918985,6080400
2022-06-28,24.337759017944336,24.372565334229684,24.04191196814489,24.111522941059082,2065800
2022-06-29,23.920093536376953,24.572697039529075,23.91139195717614,24.476981327976674,1902000
2022-06-30,23.18047332763672,23.728661138838486,23.128265517883904,23.693854825899045,5156300
2022-07-01,23.293594360351562,23.54593351410231,23.1456708358575,23.493725699473963,7726200
2022-07-05,21.727344512939453,22.684496611849415,21.605525728232237,22.684496611849415,10118900
2022-07-06,21.405393600463867,21.744746865094456,21.17045595895512,21.657732739388653,8203400
2022-07-07,22.29293441772461,22.475662585740984,21.988385811374265,21.997087389802147,4708300
2022-07-08,22.68449592590332,22.719302240285156,22.266830111259786,22.50176775436793,3934600
2022-07-11,22.6409912109375,22.762810000130532,22.46696294667043,22.701900605534014,3606800
2022-07-12,21.614227294921875,22.171115064305862,21.588122558360826,22.057997858520917,6427300
2022-07-13,21.736045837402344,22.023191297748976,21.60552547536414,21.675136445761613,2853400
2022-07-14,21.53591537475586,21.640332664397484,21.039936983185314,21.29227613869642,4524900
2022-07-15,21.81435775756836,21.901371882970377,21.570720198030397,21.736045210672188,3972800
2022-07-18,22.223325729370117,22.510471208316766,22.17981783276817,22.362547679183248,1735000
2022-07-19,22.31033706665039,22.362546539912895,21.979685367603555,21.979685367603555,3203200
2022-07-20,22.29293441772461,22.379946882690664,22.145010903763378,22.249426525585196,1915200
2022-07-21,21.91877555847168,22.066699077257322,21.75344888226268,21.823059852299664,6044500
2022-07-22,21.657733917236328,22.101504488779458,21.649032338226874,21.857866915140757,1279800
2022-07-25,22.04929542541504,22.075400160964715,21.788254708543867,21.918775066979453,5301100
2022-07-26,22.092802047729492,22.449558474914284,22.049295814036295,22.388649083881237,6002000
2022-07-27,22.59748077392578,22.649690243128795,22.16241182183872,22.301633753734073,2638200
2022-07-28,22.614887237548828,22.788915507696245,22.466963705820497,22.771512348750186,2202400
2022-07-29,22.719303131103516,23.154372119996918,22.701899973230223,22.92813604661357,2209000
2022-08-01,22.258127212524414,22.319036599423647,22.00578808684812,22.145010016805315,4076300
2022-08-02,22.14501190185547,22.484365177555862,22.12760874421533,22.284233843663653,2800000
2022-08-03,21.95357894897461,22.3886479015567,21.814357016920848,22.319036935529816,3368500
2022-08-04,21.718643188476562,21.97968557832228,21.614227560263465,21.83176205530665,5345100
2022-08-05,21.640331268310547,21.95357979771372,21.414095205062672,21.440198281046698,3481600
2022-08-08,21.9013729095459,21.910074488459607,21.596824286192042,21.596824286192042,2992600
2022-08-09,22.084102630615234,22.28423564029935,21.997090154712204,22.127610528223343,2038500
2022-08-10,22.388648986816406,22.449558377585383,21.901372201008154,22.118906687843893,2280800
2022-08-11,22.823719024658203,22.902031576342953,22.53657355503295,22.658394001907286,5550100
2022-08-12,22.701900482177734,22.788914613838458,22.536573797988016,22.67579574478256,2575200
2022-08-15,22.4234561920166,22.449559269293605,21.997088780041793,22.03189343629663,3170400
2022-08-16,22.171113967895508,22.614884509549118,22.101503000164925,22.493065730934696,2842600
2022-08-17,22.258127212524414,22.388647564402245,22.075399051826718,22.19721782562518,2840700
2022-08-18,22.59748077392578,22.66709173987346,22.362544801137588,22.449557263829927,4864500
2022-08-19,22.58877944946289,22.780210852711587,22.4060512841688,22.53657163932977,3590800
2022-08-22,22.788915634155273,22.80631713354131,22.26683248047249,22.46696383049297,3868200
2022-08-23,23.16307258605957,23.284891366006843,22.989044335000834,22.989044335000834,4384600
2022-08-24,23.40671157836914,23.40671157836914,23.076059872710413,23.241384895711523,3093500
2022-08-25,23.076059341430664,23.47632201062633,23.015149949131885,23.47632201062633,2066000
2022-08-26,23.171772003173828,23.24138297015873,22.928134448554868,23.067356382524665,3105500
2022-08-29,23.511127471923828,23.52853062899311,23.136967893216305,23.206578861837027,6205300
2022-08-30,22.858524322509766,23.16307293664384,22.675794490166748,23.08476038844775,4292100
2022-08-31,22.37994956970215,22.728006109980736,22.37994956970215,22.519171521950952,4977600
2022-09-01,21.9013729095459,22.179816796158633,21.857866674633836,22.057998010679682,8110700
2022-09-02,22.04929542541504,22.292934644909494,22.03189226838192,22.214622097916862,4586500
2022-09-06,21.91877555847168,22.188517859907932,21.91877555847168,22.12760846858263,3453700
2022-09-07,21.396692276000977,21.831761250039783,21.38799069736143,21.640331498939023,7838800
2022-09-08,21.483705520629883,21.622927453833405,21.300975696015037,21.501107017538054,5282300
2022-09-09,22.092802047729492,22.110205205069345,21.796955011577747,21.805656590247672,1327900
2022-09-12,22.397350311279297,22.50176759402433,22.258128374056856,22.327739342668078,1868500
2022-09-13,22.28423500061035,22.440860108190293,22.00579110253781,22.336442816584817,3863300
2022-09-14,22.37994956970215,22.493068443189667,22.266832355871216,22.371247990229527,1561600
2022-09-15,21.727344512939453,21.96228216315177,21.622928885949403,21.96228216315177,2106300
2022-09-16,21.649030685424805,21.805655776324375,21.588121296665275,21.736044809219717,2035500
2022-09-19,21.718643188476562,21.74474792535808,21.222664805323138,21.292275777350696,2213800
2022-09-20,21.692541122436523,21.75345051834283,21.50981127506103,21.657734804972023,1815900
2022-09-21,21.5620174407959,21.910072263720483,21.45760016409037,21.866564373569716,1647700
2022-09-22,21.622928619384766,21.96228189240363,21.570720806533352,21.901372500800907,1770300
2022-09-23,20.892011642456055,20.987727344673235,20.77889278353459,20.952921031264673,3885200
2022-09-26,20.40473747253418,20.9877300191682,20.378632734151193,20.805000169800465,5110900
2022-09-27,20.622270584106445,20.892012890511307,20.56135953200273,20.709283053513097,2834800
2022-09-28,21.19655990600586,21.20526148421836,20.72668464046874,20.778892450087415,2314300
2022-09-29,21.0660400390625,21.231366722633837,20.944221250987045,21.187860486794467,2066100
2022-09-30,20.80499839782715,21.1008454356772,20.74408900644445,20.900714104089353,3947600
2022-10-03,21.274873733520508,21.361886201581274,21.118248635560814,21.274873733520508,6326900
2022-10-04,21.849164962768555,21.927477512858914,21.657733547144797,21.683838283727074,2239800
2022-10-05,22.240724563598633,22.24942614187645,21.78825411074665,21.927476043879008,2753700
2022-10-06,22.37994956970215,22.397352728647395,22.1537134823837,22.197221379746818,2810600
2022-10-07,22.614887237548828,22.73670603085807,22.362548071457315,22.388651150219818,2382200
2022-10-10,22.362548828125,22.832422517971313,22.35384724835754,22.701902140772706,2467600
2022-10-11,22.04059600830078,22.292936831057496,21.997089771107966,22.136311721712854,2530300
2022-10-12,22.04059600830078,22.110206983603227,21.910075637065766,22.04059600830078,2338200
2022-10-13,22.345142364501953,22.42345491117268,21.892670241439184,21.892670241439184,2166400
2022-10-14,21.9013729095459,22.22332469072717,21.86656659389107,22.162413638331216,1559100
2022-10-17,21.849164962768555,22.118907268826206,21.81435864732552,22.05799787645736,2200900
2022-10-18,21.614227294921875,21.814358629587186,21.45760219486851,21.736046079560506,1673600
2022-10-19,21.605527877807617,21.701243595118495,21.44020118235882,21.475007501256098,2062600
2022-10-20,21.622928619384766,21.97098347115494,21.56201922778204,21.805656794192938,1564100
2022-10-21,21.649030685424805,21.709941733840704,21.45760094080109,21.535913486250877,1142900
2022-10-24,21.709941864013672,21.857865377455067,21.622927739697023,21.640330896491626,1166800
2022-10-25,21.83176040649414,21.910072951567766,21.683836894650227,21.71864154820719,892300
2022-10-26,22.240724563598633,22.266829298432086,21.91877446560119,21.944877540778283,4190100
2022-10-27,22.27553367614746,22.35384623083325,22.188519542090305,22.27553367614746,1699500
2022-10-28,22.014490127563477,22.127608993844046,21.857866686004694,22.031893285399946,2783500
2022-10-31,21.857866287231445,22.049296040970734,21.718642686736157,21.823059972193512,3264300
2022-11-01,22.188518524169922,22.27553265423522,22.07540131684458,22.27553265423522,4248500
2022-11-02,22.388648986816406,22.562677240147565,22.08410037331509,22.16241292134847,2158500
2022-11-03,22.371248245239258,22.475665540444403,22.14501381499855,22.18852005320101,2088500
2022-11-04,23.12826919555664,23.136970775175158,22.849825286390573,23.032553479409575,2063000
2022-11-07,22.92813491821289,23.223981948872908,22.90203018268769,23.119564666428502,2093800
2022-11-08,22.64969253540039,23.0325520570319,22.54527524608311,22.92813642737113,1958000
2022-11-09,22.127609252929688,22.41475472196761,22.110206094889453,22.371246826867015,1693200
2022-11-10,22.327741622924805,22.414755757489388,22.162414933217747,22.240727488360218,2431800
2022-11-11,22.754106521606445,22.875926960287334,22.60618300722396,22.788912835417097,2817700
2022-11-14,22.414752960205078,22.88462657276471,22.414752960205078,22.64098901797689,1623100
2022-11-15,22.67579460144043,22.89332908979561,22.319038173310446,22.423455457969766,3209900
2022-11-16,22.4234561920166,22.493067164182765,22.30163574598345,22.388649876105273,2226900
2022-11-17,22.04929542541504,22.23202359529358,21.95357972138929,22.171114205334064,2043300
2022-11-18,21.892671585083008,21.91007474311269,21.640332432278548,21.666435509666577,3200500
2022-11-21,21.81435775756836,21.875267147452853,21.266171588951543,21.51851072699535,4164200
2022-11-22,22.04059600830078,22.153713220796043,21.970985032998335,22.023192849561028,3397700
2022-11-23,21.736045837402344,21.831761544070037,21.5968238966074,21.753448994915825,2169000
2022-11-25,21.54461669921875,21.910074719160146,21.535915120213417,21.840463746774,1243200
2022-11-28,21.41409683227539,21.60552659588237,21.222665409011878,21.24877014663596,3559600
2022-11-29,21.692541122436523,21.814359914249142,21.54461759252553,21.6838395430704,5141700
2022-11-30,22.17981719970703,22.197220357851087,21.918776466172233,22.084101489571236,2939800
2022-12-01,22.066699981689453,22.43215800427649,22.049296823552805,22.362547031386413,3382400
2022-12-02,21.83176040649414,22.05799646341168,21.779552596330515,21.94487760512473,3957200
2022-12-05,21.26617431640625,22.031895066906035,21.222666418297013,21.988388828453413,4078100
2022-12-06,20.92681884765625,21.30968004354796,20.82240321401269,21.240069067900066,3352600
2022-12-07,20.822402954101562,21.057340616351865,20.744090400018127,20.97032648296399,5676500
2022-12-08,20.787593841552734,20.987726819329712,20.69187980138774,20.952920506792385,3554700
2022-12-09,20.813701629638672,20.93552042207931,20.657076519554096,20.822403209049657,2957900
2022-12-12,21.039934158325195,21.10084354424812,20.857204340900125,20.874607496779902,2660100
2022-12-13,21.387990951538086,21.5098097346266,21.344484717479745,21.353186296222702,2779000
2022-12-14,21.55331802368164,21.631630574148254,21.39669292274841,21.4314975787022,2342400
2022-12-15,21.29227638244629,21.501109304463697,21.196562330473643,21.501109304463697,2802500
2022-12-16,21.022533416748047,21.153053781523212,20.952922444890863,20.987728760647695,3403500
2022-12-19,20.98314094543457,21.07943457819261,20.88684898235389,21.03566565585388,3123500
2022-12-20,21.079435348510742,21.123204272448945,20.869341508188,20.913110432126206,2614500
2022-12-21,21.35080337524414,21.36831161025083,21.23700318705502,21.245757304558367,1882500
2022-12-22,21.079435348510742,21.33329978244911,20.965635144464958,21.28077507011036,2017200
2022-12-23,21.4646053314209,21.490866014374024,21.1669720136527,21.1669720136527,2913300
2022-12-27,21.657190322875977,21.77099217818705,20.834321662486705,21.01815478657492,6148300
2022-12-28,21.412080764770508,21.47335958797128,21.21949518659971,21.44709723517095,2873300
2022-12-29,21.385820388793945,21.40332862424562,21.193233138179966,21.23700372680916,1759900
2022-12-30,21.578407287597656,21.59591552411862,21.272019827190118,21.272019827190118,1848300
2023-01-03,21.061925888061523,21.473361095770493,21.00064873023525,21.324544425473544,3228300
2023-01-04,20.685508728027344,20.825572960450096,20.58921675968836,20.790556484925045,1983700
2023-01-05,20.580459594726562,20.703013901570273,20.501674206133547,20.615474395391676,1700700
2023-01-06,20.694259643554688,20.82556973677012,20.615474255496306,20.74678434871174,1674600
2023-01-09,20.93937110900879,21.16697316852465,20.921862872966656,21.00940238350003,1189300
2023-01-10,20.93937110900879,21.070679539970207,20.84307748045435,20.983140029436832,1469400
2023-01-11,21.31578826904297,21.31578826904297,21.044417309041968,21.184479847731335,1923200
2023-01-12,21.490867614746094,21.587161245217494,21.368313299365997,21.490867614746094,2452100
2023-01-13,21.700963973999023,21.72722465995074,21.45585366382621,21.45585366382621,1514800
2023-01-17,21.84977912902832,21.867287366233647,21.665947647404586,21.770995400959148,1160700
2023-01-18,21.613422393798828,22.033610025665148,21.613422393798828,21.963578753687425,1469600
2023-01-19,21.832271575927734,21.911056970117706,21.69220902396275,21.735977945322812,1241200
2023-01-20,21.963579177856445,21.99859397968291,21.797254277568268,21.902302022402186,1144000
2023-01-23,22.016103744506836,22.07738090421694,21.92856422934495,21.998595507538983,2664600
2023-01-24,21.8935489654541,22.05987387380213,21.867286610553673,22.042365637201843,915600
2023-01-25,21.832271575927734,21.90230285191023,21.74473206353029,21.86728637908032,1151200
2023-01-26,21.92856216430664,21.99859343590575,21.82351609174659,21.972332752604345,1637600
2023-01-27,21.683454513549805,21.998594414932175,21.657192159402403,21.989841966560334,2379200
2023-01-30,21.403329849243164,21.70971563879702,21.403329849243164,21.534638283291578,2528300
2023-01-31,21.770994186401367,21.770994186401367,21.40332957398773,21.420836140539002,1571800
2023-02-01,21.359560012817383,21.622178559870775,21.16697441405347,21.604670322798405,3090900
2023-02-02,21.201988220214844,21.53463803021735,21.14946518114819,21.53463803021735,3591100
2023-02-03,20.668001174926758,21.25451375459916,20.659247056462707,21.044419920494065,2625600
2023-02-06,20.729276657104492,20.764291458449957,20.41413509660912,20.694260186081788,1375700
2023-02-07,21.12320327758789,21.131957395898713,20.76429277523084,20.77304689354166,1057300
2023-02-08,21.16697120666504,21.201986005826672,20.974383967406098,21.149462972245658,822500
2023-02-09,21.000646591186523,21.140709129002417,20.9131070876323,21.07067786009447,2054000
2023-02-10,21.298282623291016,21.298282623291016,21.123203593808245,21.123203593808245,783100
2023-02-13,21.254512786865234,21.33329817977716,21.114450237172324,21.140710921691436,853800
2023-02-14,21.324542999267578,21.394574270624894,21.070678597049053,21.114449185195635,926500
2023-02-15,21.096942901611328,21.158220061008066,20.94812622750038,21.114451138489645,924700
2023-02-16,21.035663604736328,21.14946379352717,21.01815536963706,21.035663604736328,831900
2023-02-17,20.878093719482422,20.91310852149854,20.641737544583872,20.685506464523336,1207900
2023-02-21,20.904354095458984,21.079433111990827,20.85183105837033,20.991893603724904,1014100
2023-02-22,20.632984161376953,20.89560269939708,20.632984161376953,20.85183210822173,1219400
2023-02-23,20.79055404663086,20.860585319790314,20.650491500311947,20.79055404663086,2070200
2023-02-24,20.720523834228516,20.72927795253126,20.43164460894735,20.580461280739307,1637800
2023-02-27,20.73802947998047,20.808060747975894,20.65924409477597,20.79930663076682,1076800
2023-02-28,20.79930877685547,20.92186309107343,20.781800540630815,20.869340052076776,1222300
2023-03-01,21.158218383789062,21.16697250153428,20.886847412396303,20.913108095954716,1238200
2023-03-02,21.079435348510742,21.158220747341446,20.97438759351066,21.140712509895195,828700
2023-03-03,21.412080764770508,21.42958899997073,21.026909608428905,21.026909608428905,1507900
2023-03-06,21.307035446166992,21.32454368198616,21.114449861187932,21.14071054523942,1046000
2023-03-07,20.869338989257812,21.245757700531332,20.843076636258303,21.184480546543035,1498500
2023-03-08,20.755537033081055,20.860584774915036,20.70301399700267,20.755537033081055,1518300
2023-03-09,20.501676559448242,20.90435599654383,20.47541420367694,20.834324717497758,1290800
2023-03-10,20.720523834228516,20.755538637762147,20.527938240600186,20.53669068922559,2418300
2023-03-13,20.589214324951172,20.80806226207095,20.352858152139273,20.396627071692325,1865900
2023-03-14,20.326597213745117,20.641738799434574,20.265320054233804,20.457907320900638,1300600
2023-03-15,19.853885650634766,20.02896300318012,19.573760550820364,19.915162807509507,2929200
2023-03-16,19.915164947509766,19.993950349008177,19.573762654134963,19.652548055633375,1536600
2023-03-17,19.853885650634766,20.037717121258982,19.72257721880643,19.985194082463106,1916800
2023-03-20,19.93267059326172,19.958931277227613,19.748837457114163,19.86263931989057,1108900
2023-03-21,20.002702713012695,20.072733989347096,19.871394278595357,19.99394859476123,1300500
2023-03-22,20.055225372314453,20.195287922325697,19.958931743052734,20.072733608485184,1414200
2023-03-23,20.002702713012695,20.30033605485324,20.002702713012695,20.204042423764434,1482800
2023-03-24,20.0989933013916,20.142763889658813,19.941424192661295,19.985193111251288,2175900
2023-03-27,20.475412368774414,20.501674722192217,20.1340101227292,20.16902659395294,2176200
2023-03-28,20.571706771850586,20.65049216540207,20.431644221020683,20.431644221020683,1037900
2023-03-29,20.440399169921875,20.676755360182618,20.431645051429545,20.615476530736316,514700
2023-03-30,20.589214324951172,20.606722560643295,20.449151778768694,20.554197853566926,793900
2023-03-31,20.781801223754883,20.799309460555055,20.59796974638517,20.59796974638517,1026200
2023-04-03,21.12320327758789,21.28077406782803,21.070680237400293,21.158219750831186,1164800
2023-04-04,21.096942901611328,21.166974179447227,20.94812622750038,21.14946594256891,1313100
2023-04-05,21.17572784423828,21.1844819624899,21.026911173315437,21.09694244965105,1099700
2023-04-06,21.114450454711914,21.140711139501587,21.035665060988276,21.12320290319026,2418800
2023-04-10,21.114450454711914,21.16697349396857,21.053171627622284,21.053171627622284,989900
2023-04-11,21.22825050354004,21.280773542430904,21.105696189568913,21.11445030766361,1526000
2023-04-12,21.394575119018555,21.420835803270645,21.28077325500189,21.315789726907717,1151500
2023-04-13,21.394575119018555,21.52588354931085,21.359558647112724,21.47336051112939,888700
2023-04-14,21.42083740234375,21.482116232753437,21.25451415740681,21.38582259750133,1244600
2023-04-17,21.333297729492188,21.42083556894461,21.21949586672042,21.350804295576314,937300
2023-04-18,21.37706756591797,21.455852960545464,21.254513249687346,21.3420510928936,844800
2023-04-19,21.079435348510742,21.210743790002777,21.035666424572536,21.105697704680118,397300
2023-04-20,20.89560317993164,20.95688033930899,20.834324350876923,20.89560317993164,1066100
2023-04-21,20.851831436157227,20.965633299867925,20.773046044258212,20.939370946009163,735700
2023-04-24,21.018156051635742,21.053170853293242,20.78179987915793,20.799308114825305,1753800
2023-04-25,20.720523834228516,20.84307815111224,20.597969517344794,20.84307815111224,1221000
2023-04-26,20.40538215637207,20.720523735053092,20.379121471266874,20.67675481342621,2206400
2023-04-27,20.431642532348633,20.492919684562505,20.317840675656722,20.405380180109614,990400
2023-04-28,20.624229431152344,20.632983549127648,20.344104334651647,20.38787492452818,854500
2023-05-01,20.44915199279785,20.615475224582067,20.326596011347522,20.475412676933637,1138800
2023-05-02,19.985193252563477,20.30908892932219,19.95017845137934,20.291580693891504,1658800
2023-05-03,19.731332778930664,19.827624745480957,19.705070422774718,19.766347584127836,869700
2023-05-04,19.81011390686035,19.950178118290065,19.670051365107838,19.731330188092116,782900
2023-05-05,20.25656509399414,20.265319212085878,20.02896303264083,20.05522538691605,702400
2023-05-08,20.352859497070312,20.49292205250822,20.344105378645775,20.457907248487427,742600
2023-05-09,20.414134979248047,20.44915145006944,20.151518126796514,20.282826553022282,787200
2023-05-10,20.352859497070312,20.41413665636473,20.239059296906024,20.344105378645775,489800
2023-05-11,20.002702713012695,20.107748792675633,19.923917318426824,20.055225752844162,742700
2023-05-12,19.845130920410156,20.072732974408037,19.82762268479249,20.011455819423464,769800
2023-05-15,20.072734832763672,20.14276611204065,19.958932960390204,19.967687079009504,703200
2023-05-16,19.853885650634766,20.107748396212582,19.853885650634766,20.02896300318012,1020700
2023-05-17,20.090240478515625,20.134009396288857,19.89765323308816,20.02896165608504,816400
2023-05-18,19.906408309936523,19.958931347731106,19.818868800494045,19.89765419202455,1005200
2023-05-19,19.88014793395996,20.09024344539399,19.836379009723043,20.063981089045377,777800
2023-05-22,19.897655487060547,19.94142607946922,19.801363523116212,19.818870090402307,606600
2023-05-23,19.9764404296875,20.046471706272314,19.923917389668226,19.941425626233766,753500
2023-05-24,19.985193252563477,20.107747561223796,19.862638943903153,20.055224524608978,692600
2023-05-25,19.670053482055664,19.801363590048165,19.556253280763194,19.740084760468886,1809500
2023-05-26,19.985193252563477,20.00270148799416,19.871393061618498,19.90640786280263,837300
2023-05-30,19.521236419677734,19.661298973727217,19.459959260990757,19.661298973727217,774500
2023-05-31,19.30238914489746,19.50373053434829,19.30238914489746,19.398682780301012,762500
2023-06-01,19.617530822753906,19.722578577258435,19.39868286474043,19.39868286474043,561000
2023-06-02,19.87139320373535,19.88889976961401,19.713822423086746,19.810114379289708,1195900
2023-06-05,19.81886863708496,19.967685301006984,19.810114519245165,19.967685301006984,1099300
2023-06-06,19.845130920410156,19.8976539575859,19.705068374823345,19.74008317638142,764300
2023-06-07,19.923917770385742,20.011457285208845,19.8976554150356,19.915163651935696,2155500
2023-06-08,19.95893096923828,20.01145567571407,19.661297644584405,19.967685086984247,893800
2023-06-09,19.836376190185547,20.037715884540898,19.81886795510842,19.93266981343254,641300
2023-06-12,19.565006256103516,19.67880645074671,19.494974981782175,19.60877517642537,686700
2023-06-13,19.82762336730957,19.941425233064482,19.81011513108923,19.871393957860423,701600
2023-06-14,19.87139320373535,20.01145574882806,19.77509957785515,19.958931042160362,763800
2023-06-15,20.291582107543945,20.317842792842242,19.985194644870838,19.985194644870838,1215100
2023-06-16,20.545442581176758,20.580459050593266,20.379119360479827,20.379119360479827,1252300
2023-06-20,20.36161231994629,20.387874673548914,20.195287419817518,20.344104084211207,1911200
2023-06-21,20.65924644470215,20.65924644470215,20.33535074983295,20.33535074983295,930200
2023-06-22,20.274072647094727,20.38787450877577,20.19528725660085,20.32659568419823,1056000
2023-06-23,20.055225372314453,20.055225372314453,19.897654586132475,19.897654586132475,1002200
2023-06-26,20.081485748291016,20.204040050058385,20.028961044953167,20.028961044953167,729000
2023-06-27,19.757593154907227,20.00270346614508,19.7313324688414,19.950180424336036,560800
2023-06-28,19.69631576538086,19.792609398975035,19.556253209067897,19.63503860570361,1101500
2023-06-29,19.705068588256836,19.792608097616082,19.617529078897594,19.661297998738583,635300
2023-06-30,19.87139320373535,20.02020986660601,19.79260781341105,19.79260781341105,972200
2023-07-03,19.87139320373535,20.01145574882806,19.8626390859574,19.958931042160362,902200
2023-07-05,19.993947982788086,20.107748177219303,19.915162590613676,20.055225138995457,2849100
2023-07-06,19.950178146362305,19.9851929470111,19.740082663760706,19.9764388294296,629100
2023-07-07,20.116500854492188,20.160271441275018,19.95017763374892,19.95893008142832,807800
2023-07-10,20.160274505615234,20.2215516667481,20.098995674804954,20.11650391217932,632400
2023-07-11,20.396625518798828,20.414133753157966,20.239056418597976,20.29157945199826,457800
2023-07-12,20.545442581176758,20.65049031974912,20.48416542937503,20.589213167947392,599600
2023-07-13,20.834325790405273,20.84307990944652,20.589217135960318,20.61547782340657,582900
2023-07-14,20.694259643554688,20.860584537197624,20.667998960653357,20.860584537197624,669800
2023-07-17,20.527938842773438,20.615476689014052,20.519184724213897,20.597970121572363,696100
2023-07-18,20.79930877685547,20.83432357962747,20.545444360629922,20.545444360629922,554700
2023-07-19,20.913108825683594,21.053171375139836,20.85183166900615,20.97438598236104,1371500
2023-07-20,20.97438621520996,21.088188081454845,20.860586018642387,21.044419160392852,1138600
2023-07-21,21.08818817138672,21.123202974450177,20.98314042284171,20.98314042284171,710500
2023-07-24,21.4646053314209,21.517128367004347,21.201986814149265,21.23700328432303,781300
2023-07-25,21.543392181396484,21.578406984268874,21.37706727614003,21.403329630552303,510700
2023-07-26,21.438344955444336,21.490867995870502,21.377067796667582,21.438344955444336,893700
2023-07-27,21.385820388793945,21.50837469760122,21.35080391789059,21.420835190020068,1273100
2023-07-28,21.51712989807129,21.543392252570328,21.307036071110925,21.368313228598034,2657200
2023-07-31,21.60466957092285,21.61342368915438,21.48211525503611,21.543392412979482,2012200
2023-08-01,21.490867614746094,21.543392323918123,21.40332977214735,21.464606929837398,1688900
2023-08-02,21.16697120666504,21.44709627866663,21.105694055874334,21.44709627866663,1143800
2023-08-03,21.36831283569336,21.37706695369874,21.131956658579895,21.166973130601423,1111700
2023-08-04,21.403329849243164,21.48211524360768,21.31579033665178,21.394575731016293,529400
2023-08-07,21.412080764770508,21.45585135277106,21.289526457723383,21.44709723517095,1137700
2023-08-08,21.385820388793945,21.438343425471743,21.044418145872413,21.131955983776333,993600
2023-08-09,21.534637451171875,21.587160488826232,21.420835588297294,21.490866861728858,671900
2023-08-10,21.42083740234375,21.560899961068227,21.38582259750133,21.499622800335942,576600
2023-08-11,21.385820388793945,21.50837469760122,21.35955803561643,21.377066271068106,566200
2023-08-14,21.280773162841797,21.342050318734348,21.184481204872334,21.245758360764885,697600
2023-08-15,21.02691078186035,21.210742252689975,20.98314019141713,21.158219213835412,3808700
2023-08-16,20.93937110900879,21.16697316852465,20.913108754945593,21.08818777601234,2205400
2023-08-17,20.99189567565918,21.16697470947161,20.983141557000817,21.149466472154884,857500
2023-08-18,21.14071273803711,21.18448333212509,21.035666651580836,21.044420770398432,601800
2023-08-21,21.08818817138672,21.272019644243834,21.079434053201524,21.272019644243834,507800
2023-08-22,21.096942901611328,21.20198898352649,21.061926427854697,21.175728297886383,623500
2023-08-23,21.14071273803711,21.228252256535633,20.965635370717507,21.00940429512805,910700
2023-08-24,21.158218383789062,21.201987302837907,21.000647603729643,21.044418192455723,599500
2023-08-25,21.36831283569336,21.403329307714888,21.131956658579895,21.298281561327588,793800
2023-08-28,21.333297729492188,21.447097922586693,21.28077302220802,21.385820767099094,590200
2023-08-29,21.412080764770508,21.44709723517095,21.27201822252316,21.33329704572393,417500
2023-08-30,21.438344955444336,21.578407509699012,21.412082600392576,21.517130350922262,527300
2023-08-31,21.525882720947266,21.578405757107525,21.42083497894953,21.525882720947266,1197700
2023-09-01,21.77974510192871,21.79725333692502,21.66594491380708,21.74473030161328,1716100
2023-09-05,21.884796142578125,22.02485870431643,21.84977966730483,21.91981261785142,1039100
2023-09-06,21.937314987182617,21.963577338611184,21.797252452251172,21.849775485431184,843800
2023-09-07,21.8935489654541,21.937317887277473,21.832271807030445,21.876040728853816,388800
2023-09-08,21.937314987182617,21.98983969003975,21.858529602574038,21.902300188288315,611500
2023-09-11,22.06862449645996,22.147409884965175,22.01610146068222,22.103640966763255,553900
2023-09-12,22.147411346435547,22.217442621986184,22.112396543498885,22.138658897959367,1075100
2023-09-13,22.217443466186523,22.26121405861715,22.12990562068002,22.191182780405523,813800
2023-09-14,22.401275634765625,22.43629043750051,22.33124435961855,22.366259162353437,679600
2023-09-15,22.348752975463867,22.410030133548812,22.296228265953346,22.322490620708606,573300
2023-09-18,22.34000015258789,22.436292119585968,22.278722990949813,22.410031432985324,868100
2023-09-19,22.357507705688477,22.427538983942082,22.287474757757497,22.39252250997659,844700
2023-09-20,22.173673629760742,22.401275691989465,22.164919511635333,22.234950786961303,663600
2023-09-21,22.103641510009766,22.25245817310187,22.09488739221879,22.226195819728943,1172600
2023-09-22,22.12114906311035,22.278719839132062,22.042363675099494,22.226195134006698,727700
2023-09-25,22.016103744506836,22.05112021844254,21.884795306602694,22.05112021844254,639900
2023-09-26,21.98984146118164,22.007348027200273,21.89354783453151,21.9110560702274,986300
2023-09-27,22.112396240234375,22.191181632857987,22.10364212220094,22.129904476301242,944200
2023-09-28,22.086132049560547,22.199933904854696,22.042363132710275,22.12990263608797,865500
2023-09-29,21.84977912902832,22.173674838617274,21.814764324295066,22.147412482809283,2044200
2023-10-02,21.683454513549805,21.902302455746284,21.648438041353266,21.858531865500613,3616100
2023-10-03,21.587162017822266,21.657193296214075,21.51713073943046,21.630930940688128,2573900
2023-10-04,20.98314094543457,21.34205145157972,20.913109667886182,21.34205145157972,1225500
2023-10-05,20.860584259033203,20.939369646041023,20.738029954655335,20.808061224253713,2068100
2023-10-06,20.93937110900879,21.000648265478965,20.81681679606844,20.9918941474579,2218500
2023-10-09,21.37706756591797,21.37706756591797,21.17572785505985,21.237005013175164,2702800
2023-10-10,21.324542999267578,21.368311917736946,21.210741139763684,21.342049564849,1359500
2023-10-11,21.201988220214844,21.29828184990146,21.07067978770956,21.245758810834808,2163300
2023-10-12,21.193233489990234,21.35080427231655,21.08818741489086,21.28952711689571,979300
2023-10-13,21.75348663330078,21.762240751689976,21.51713044582455,21.56089936809317,954000
2023-10-16,21.683454513549805,21.735977552167316,21.604669120784887,21.709715198019914,820400
2023-10-17,21.744731903076172,21.753486021219054,21.560898761430305,21.639684155038918,921900
2023-10-18,21.937314987182617,22.00734625464834,21.867283719716895,21.902300188288315,1110100
2023-10-19,22.164918899536133,22.164918899536133,21.797254296808777,21.84977733443347,937400
2023-10-20,21.998594284057617,22.23495046094623,21.972333599743738,22.121150266339093,1243400
2023-10-23,21.858531951904297,22.016102738056983,21.806008913079168,21.963579699231854,1179500
2023-10-24,21.622177124023438,21.753485553991744,21.525883496197288,21.744731436036886,1119700
2023-10-25,21.77974510192871,21.832269806917637,21.41208051539217,21.692207266301544,2212000
2023-10-26,21.595914840698242,21.709715035128543,21.54339180247482,21.587160722714792,1862600
2023-10-27,21.884796142578125,21.911058499033096,21.61342513791984,21.727225343203173,1051400
2023-10-30,21.534637451171875,21.788500191232323,21.455852059851708,21.727223035689363,975900
2023-10-31,21.455852508544922,21.692208687448197,21.39457535172051,21.543392019584353,2199500
2023-11-01,21.490867614746094,21.727223796988266,21.40332977214735,21.66594663929822,2495700
2023-11-02,21.718469619750977,21.727223737922515,21.49086755632288,21.49086755632288,1936100
2023-11-03,21.60466957092285,21.779746926521433,21.543392412979482,21.61342368915438,1407100
2023-11-06,21.69220733642578,21.814761642441745,21.674699101372873,21.77974517233593,1210900
2023-11-07,21.22825050354004,21.394575407984636,21.184481582743867,21.36831305370055,1861600
2023-11-08,20.99189567565918,21.228251870402737,20.904356158752964,21.14071235349652,1269100
2023-11-09,20.93937110900879,21.158219050503583,20.930616990987723,21.000648265478965,1254300
2023-11-10,21.044418334960938,21.096941372110667,20.98313951032947,21.01815598154745,874200
2023-11-13,21.35080337524414,21.359557492747484,21.026909376006287,21.026909376006287,913200
2023-11-14,21.31578826904297,21.517127959699287,21.263265234453748,21.394573655765385,1573100
2023-11-15,21.17572784423828,21.32454451516113,21.166973725986665,21.1844819624899,1314500
2023-11-16,20.668001174926758,20.930618050138783,20.624230582606504,20.91310981321068,3465600
2023-11-17,20.965635299682617,21.000650105156925,20.755539788127024,20.76429390691496,1241100
2023-11-20,21.22825050354004,21.298281778620296,21.131956874175696,21.149465110365085,777600
2023-11-21,21.35080337524414,21.359557492747484,21.19323259953829,21.245757304558367,642500
2023-11-22,21.16697120666504,21.184479441084424,20.790552515033976,20.869337900244066,850600
2023-11-24,21.02691078186035,21.210742252689975,21.02691078186035,21.10569617498085,391300
2023-11-27,20.8868465423584,21.044417315854236,20.843075955455575,20.956877811725754,1032500
2023-11-28,21.14071273803711,21.21074401890044,20.948127133082316,20.991896057492855,1112800
2023-11-29,21.289527893066406,21.34205093253097,21.009402789685634,21.219496617221214,972200
2023-11-30,20.930618286132812,21.46460783071905,20.904355930444552,21.359560077643394,1769700
2023-12-01,20.834325790405273,21.18448387334518,20.79931098391777,20.965635906346478,1399700
2023-12-04,20.694259643554688,20.8343221846191,20.5804594550688,20.67675307817953,5278400
2023-12-05,20.51042938232422,20.790554480812055,20.492921146249405,20.69426085207788,1557500
2023-12-06,20.011457443237305,20.361613835617497,20.002703324718127,20.326597361540784,1913900
2023-12-07,20.046472549438477,20.116503828968845,19.958933032606165,20.107749710317872,1502200
2023-12-08,20.134010314941406,20.239058059938227,20.072733159392122,20.169026786499433,1366100
2023-12-11,20.063980102539062,20.081488339243958,19.9239175482546,20.011457062101726,3260700
2023-12-12,19.757593154907227,19.880147475687455,19.7313324688414,19.84513267104056,1983200
2023-12-13,19.985193252563477,19.985193252563477,19.757591200996288,19.78385355414231,1613700
2023-12-14,20.317842483520508,20.335350719904387,20.221550522763806,20.23905875914769,1872100
2023-12-15,20.352859497070312,20.449153130062886,20.230305178481487,20.317843023372156,1734500
2023-12-18,20.498884201049805,20.71011780530878,20.434595865121054,20.60909402816036,1844200
2023-12-19,20.655014038085938,20.664198336442563,20.452964729417566,20.452964729417566,1829600
2023-12-20,20.416229248046875,20.72848841145426,20.416229248046875,20.71930411232746,1439100
2023-12-21,20.452964782714844,20.462149081095404,20.36112355063506,20.36112355063506,1352700
2023-12-22,20.416229248046875,20.609096026257763,20.407044948920078,20.56317453062377,1397800
2023-12-26,20.61827850341797,20.71930228143374,20.379492002399775,20.397858847304413,1252200
2023-12-27,20.526437759399414,20.728487071954486,20.526437759399414,20.65501443541393,1372600
2023-12-28,20.351940155029297,20.590726668338547,20.34275585624134,20.480516834608938,1145200
2023-12-29,20.241731643676758,20.407043763175903,20.214178747897314,20.38867691771545,1781200
2024-01-02,20.076417922973633,20.351939875930427,20.039680728325603,20.33357127860641,2421600
2024-01-03,20.33357048034668,20.361123375251022,20.168256614372186,20.195809509276533,857700
2024-01-04,20.223363876342773,20.31520511431706,20.0856028952443,20.29683651637702,734000
2024-01-05,20.324386596679688,20.41622782984202,20.260098258983803,20.333570895168503,800800
2024-01-08,20.03049659729004,20.05804949350664,19.856000176429184,19.929472814614247,760800
2024-01-09,20.177440643310547,20.269281873373185,20.06723256861599,20.168256345131706,736200
2024-01-10,20.03968048095703,20.29683558514136,20.012129337036956,20.278466988044087,754000
2024-01-11,20.186626434326172,20.333571712602954,20.14070669176189,20.269283372322597,1491100
2024-01-12,20.260099411010742,20.544807425175577,20.177442471637196,20.480517332098216,673700
2024-01-16,20.085603713989258,20.351941388072845,20.085603713989258,20.351941388072845,709000
2024-01-17,20.05805015563965,20.076418753723743,19.938656019818954,19.95702461790305,570700
2024-01-18,20.186626434326172,20.223363629758314,19.993761413485107,20.058049753765463,408300
2024-01-19,20.149890899658203,20.324387321995477,20.103969405575327,20.260098982005335,559900
2024-01-22,20.232547760009766,20.315204697317377,20.076418184176045,20.103969328794662,575900
2024-01-23,20.342756271362305,20.39786031348864,20.25091503333447,20.25091503333447,442400
2024-01-24,20.517253875732422,20.5631736176016,20.37949289839903,20.471334133863248,866700
2024-01-25,20.673383712768555,20.691752310439597,20.553989579632667,20.62746221859095,1600400
2024-01-26,20.76522445678711,20.76522445678711,20.462149609308266,20.581541987885934,517800
2024-01-29,20.59072494506836,20.6641975774971,20.508068014620314,20.6641975774971,1579300
2024-01-30,20.72848892211914,20.75604182017833,20.526439591529734,20.590727935275183,941200
2024-01-31,20.50806999206543,20.71930361170007,20.48970139425566,20.682568167806433,1305300
2024-02-01,20.260099411010742,20.572358570482812,20.214179667681403,20.49888593012032,2388400
2024-02-02,20.03049659729004,20.131522131691703,20.00294545279931,20.05804949350664,1235500
2024-02-05,20.11315155029297,20.13152014595886,19.929470848811143,20.01212777758196,837900
2024-02-06,20.186626434326172,20.250914774606528,20.12233809404582,20.15907528947796,790900
2024-02-07,20.278467178344727,20.28765147697955,20.177441645087494,20.177441645087494,809900
2024-02-08,20.3886775970459,20.4345973398158,20.287652060881037,20.287652060881037,1125100
2024-02-09,20.44378089904785,20.52643783442382,20.37949256080562,20.42541230191412,601700
2024-02-12,20.452964782714844,20.480515926130717,20.39785899243149,20.40704329081205,569000
2024-02-13,20.33357048034668,20.434596009936822,20.31520363546957,20.38867627015537,1222200
2024-02-14,20.140705108642578,20.42541134395935,20.113152214234212,20.361123008732246,696000
2024-02-15,20.186626434326172,20.28765197003867,20.15907528947796,20.15907528947796,791200
2024-02-16,20.232547760009766,20.27846750219138,20.149890822702154,20.159075121483653,595800
2024-02-20,20.122337341308594,20.223362873241925,20.04886470491867,20.223362873241925,1053100
2024-02-21,20.204994201660156,20.2325470971019,20.140705864021914,20.204994201660156,1689900
2024-02-22,20.260099411010742,20.278468009032846,20.103969831274707,20.13152272830786,507400
2024-02-23,19.96620750427246,20.094784178312068,19.957023205880233,20.048864438076723,668800
2024-02-26,20.149890899658203,20.21417923964834,20.012129920861344,20.03049676676861,879100
2024-02-27,20.306018829345703,20.324385673763484,20.232546196497342,20.232546196497342,2544500
2024-02-28,20.223363876342773,20.324387661561165,20.17744238149267,20.287652217406997,5225300
2024-02-29,20.195810317993164,20.30602015029797,20.131521979034467,20.14989057637291,720300
2024-03-01,20.29683494567871,20.37949187828646,20.223362311330245,20.260097752641588,863200
2024-03-04,20.36112403869629,20.434596675776113,20.296835700217173,20.434596675776113,538500
2024-03-05,20.204994201660156,20.34275517541722,20.195809903179576,20.315204031701303,1237800
2024-03-06,20.37030792236328,20.48051599987521,20.342755027122397,20.37949222077691,1466500
2024-03-07,20.425413131713867,20.508070070447843,20.333571894039906,20.35194049191988,961000
2024-03-08,20.36112403869629,20.388676934498413,20.241731660338765,20.388676934498413,933200
2024-03-11,20.53562355041504,20.56317469629146,20.28765272717152,20.342756770650315,691600
2024-03-12,20.48051643371582,20.5631733694636,20.4162280951844,20.471333886833484,497700
2024-03-13,20.76522445678711,20.774408755404753,20.61827918235651,20.61827918235651,1070000
2024-03-14,20.829513549804688,20.875433292830213,20.746856610978007,20.77440950782887,1168500
2024-03-15,20.902986526489258,20.939721971156413,20.783592389937642,20.801960988134187,1043100
2024-03-18,21.095849990844727,21.123402886100063,20.97645761485656,21.040745952059865,1384300
2024-03-19,21.086666107177734,21.114219002975002,21.040746365908127,21.077483560304486,1889600
2024-03-20,21.03156280517578,21.040747104097093,20.857064629122704,20.939721567688586,1247400
2024-03-21,21.004011154174805,21.03156229854915,20.875432724099678,21.03156229854915,813800
2024-03-22,20.857065200805664,20.96727503915628,20.83869835418552,20.96727503915628,1443900
2024-03-25,21.03156280517578,21.114219743741668,20.930539020493182,20.939721567688586,1370900
2024-03-26,20.866249084472656,21.03156296284374,20.84788223821825,21.03156296284374,742000
2024-03-27,20.847881317138672,20.866248162581613,20.746855784436214,20.765224381604995,2497800
2024-03-28,21.095849990844727,21.105034289263173,20.9213535760717,20.930537874490145,3686300
2024-04-01,21.196876525878906,21.251980567274206,21.09585099021595,21.178507928171843,2345900
2024-04-02,21.389741897583008,21.417293040613444,21.288716368535997,21.34382040632265,1852700
2024-04-03,21.646896362304688,21.665264959759696,21.536688281026386,21.555055126755523,1771500
2024-04-04,21.702001571655273,21.821395709816645,21.564240586775657,21.619346382108272,1261200
2024-04-05,21.812210083007812,21.940786760839586,21.757106042755034,21.803025784344708,1313700
2024-04-08,21.80302619934082,21.8856831371562,21.665265220223816,21.86731453948036,1263500
2024-04-09,21.68363380432129,21.85813022695481,21.64689660899262,21.84894767984853,769400
2024-04-10,21.793842315673828,21.812210913699587,21.59179299256826,21.71118537628384,1349900
2024-04-11,21.757104873657227,21.766289171826823,21.600975308225614,21.766289171826823,933800
2024-04-12,21.784656524658203,22.12446855795775,21.747921082848574,22.005074430693394,1579300
2024-04-15,21.812210083007812,21.839762978997133,21.555054975618415,21.747921744091926,1660100
2024-04-16,21.77547264099121,21.81220983522631,21.610160522110778,21.729552899923174,1263700
2024-04-17,21.43566131591797,21.766289041135195,21.408108421574617,21.656079215487537,2084600
2024-04-18,21.426477432250977,21.5183186634462,21.38055769251626,21.46321462541938,1734500
2024-04-19,21.527503967285156,21.61934520277027,21.44484703052114,21.481582473679666,1968800
2024-04-22,21.527503967285156,21.527503967285156,21.316268600151634,21.362190093757125,941800
2024-04-23,21.61934471130371,21.628527258090198,21.325452414087145,21.334636712599462,1524700
2024-04-24,21.5917911529541,21.674448085301744,21.545869661802204,21.573422556493345,1670400
2024-04-25,21.711183547973633,21.720367846213097,21.50913424188274,21.573422577833217,1088600
2024-04-26,21.72955322265625,21.839763055272574,21.683633480906202,21.839763055272574,707700
2024-04-29,21.711183547973633,21.830577673360892,21.70199924973417,21.812209076881963,875800
2024-04-30,21.43566131591797,21.545869389839876,21.334635788384762,21.53668684345118,1875400
2024-05-01,21.123403549194336,21.435662698320495,21.095850653074073,21.325452865565317,1463900
2024-05-02,21.196876525878906,21.242796268420673,21.049931247674184,21.14177248448361,1004400
2024-05-03,21.224430084228516,21.28871842648189,21.187692887668902,21.251981229922276,503400
2024-05-06,21.463214874267578,21.51831891293328,21.307085304943246,21.307085304943246,1293800
2024-05-07,21.444847106933594,21.499951147730663,21.362190169875056,21.362190169875056,486300
2024-05-08,21.334636688232422,21.37137388223972,21.215244311160358,21.22442860966218,415800
2024-05-09,21.417293548583984,21.43566214552379,21.325452315610775,21.343820912550584,347200
2024-05-10,21.38055992126465,21.490768008806576,21.353007023516184,21.45403256353459,747700
2024-05-13,21.518320083618164,21.545871228587007,21.41729454746333,21.41729454746333,531400
2024-05-14,21.426477432250977,21.472397171985694,21.343820499347856,21.38974199080836,443700
2024-05-15,21.499950408935547,21.509134707373775,21.30708539691022,21.426477773155543,512100
2024-05-16,21.5550537109375,21.582606605310232,21.481581077669304,21.5550537109375,519200
2024-05-17,21.77547264099121,21.81220983522631,21.637711666061264,21.66526456173759,2083900
2024-05-20,21.968339920043945,21.98670851759024,21.80302604557903,21.812210344352177,1314900
2024-05-21,21.876497268676758,21.99589139327727,21.793840336792023,21.876497268676758,514000
2024-05-22,21.564237594604492,21.729551454212096,21.545868998709043,21.70199856036892,889400
2024-05-23,21.454030990600586,21.793841279288134,21.408109497719945,21.738737239557206,1255100
2024-05-24,21.600976943969727,21.61934554169989,21.499951408179722,21.52750430477497,1375300
2024-05-28,21.986709594726562,21.986709594726562,21.830580011385955,21.904052653444715,1845700
2024-05-29,21.757104873657227,21.894865842749645,21.757104873657227,21.876497246410455,940900
2024-05-30,21.47239875793457,21.702000977018123,21.47239875793457,21.610161490765435,1041600
2024-05-31,21.371374130249023,21.61934493749844,21.307085791716027,21.582607743064816,873400
2024-06-03,21.06829833984375,21.362188875251817,21.04074544525208,21.353004577054595,1790900
2024-06-04,20.857065200805664,20.930539594190044,20.774410011700144,20.884618098324808,1087200
2024-06-05,20.930538177490234,20.930538177490234,20.78359115239365,20.875432386181828,966900
2024-06-06,21.2060604095459,21.224429006893327,21.031562238197022,21.031562238197022,1049000
2024-06-07,20.902986526489258,21.049931808609756,20.902986526489258,21.01319461221666,747000
2024-06-10,21.2060604095459,21.215244708219615,21.004011093901735,21.04074653687074,457100
2024-06-11,21.178508758544922,21.261165699741653,21.12340471498909,21.196877356972188,572500
2024-06-12,21.25197982788086,21.463215190711058,21.233612982538702,21.435662295109076,761000
2024-06-13,21.270347595214844,21.398924266223453,21.251978998863397,21.3530045270706,553000
2024-06-14,21.187692642211914,21.389743717497147,21.187692642211914,21.343822222329628,914700
2024-06-17,21.26116371154785,21.279532308257416,21.150955634742065,21.160139933096847,1114300
2024-06-18,21.43566131591797,21.43566131591797,21.242794558966004,21.242794558966004,832400
2024-06-20,21.481582641601562,21.5734238778046,21.444847198155873,21.50913553798024,910700
2024-06-21,21.307085037231445,21.481581449434692,21.288716440665066,21.45403030631091,723100
2024-06-24,21.481582641601562,21.481582641601562,21.334637364367055,21.35300596195284,610400
2024-06-25,21.27953338623047,21.417294365079258,21.261164788590392,21.40811006625922,726400
2024-06-26,21.316268920898438,21.417294456624784,21.25198058060927,21.34382181747632,1212400
2024-06-27,21.426477432250977,21.490765768569897,21.343820499347856,21.490765768569897,675400
2024-06-28,21.334636688232422,21.536687751820903,21.307085544452775,21.536687751820903,855300
2024-07-01,21.61016082763672,21.628527673288104,21.389742914287353,21.47239809903324,1233600
2024-07-02,21.637712478637695,21.711185118141227,21.573424138037844,21.69281827205977,844800
2024-07-03,21.757104873657227,21.784656016440252,21.665263643687027,21.67444794185662,707500
2024-07-05,21.839763641357422,21.94997172520539,21.793842146649176,21.84894794029907,860600
2024-07-08,21.54587173461914,21.674450170488548,21.527504888117175,21.637712974032734,769100
2024-07-09,21.398923873901367,21.555053436574713,21.371372731605074,21.52750229427842,621500
2024-07-10,21.398923873901367,21.46321395995276,21.307084397279414,21.353004135590393,678200
2024-07-11,21.47239875793457,21.509135953816376,21.353006374770523,21.38055927168188,1759500
2024-07-12,21.389741897583008,21.43566163711759,21.362189002826792,21.3989244441093,1263200
2024-07-15,21.233612060546875,21.343820134717756,21.233612060546875,21.297900395767513,863300
2024-07-16,21.178508758544922,21.20606165618582,21.04993207300599,21.059116372219624,1485400
2024-07-17,21.178508758544922,21.261165699741653,21.150957612629988,21.224430254613083,1296400
2024-07-18,21.02237892150879,21.17850850280327,21.02237892150879,21.17850850280327,1410300
2024-07-19,20.737672805786133,21.049931970627078,20.719304207448207,20.948906431494432,1803800
2024-07-22,20.792776107788086,20.792776107788086,20.618279684976635,20.664199427458406,1959900
2024-07-23,20.599910736083984,20.71011881685165,20.563173541344188,20.664199075152766,981700
2024-07-24,20.59072494506836,20.756038805964454,20.59072494506836,20.618277839126286,991900
2024-07-25,20.636646270751953,20.68256776438065,20.407044057786074,20.471334148866248,676400
2024-07-26,20.425413131713867,20.56317411236186,20.379493388739842,20.544807266207794,584200
2024-07-29,20.33357048034668,20.517252942924067,20.26009784566088,20.471333203142613,709100
2024-07-30,20.2692813873291,20.2692813873291,20.15907331527726,20.18662445742736,1183600
2024-07-31,20.737672805786133,20.737672805786133,20.48970198340198,20.54480777841576,1495200
2024-08-01,20.489700317382812,20.746855418026627,20.407043383308935,20.719302522760064,2002300
2024-08-02,20.11315155029297,20.2784654078346,20.01212777758196,20.260096812168708,2740400
2024-08-05,20.076417922973633,20.08560222163564,19.754974476706803,19.76415877536881,2372700
2024-08-06,19.911104202270508,20.048865179798913,19.837631564140302,19.837631564140302,1634200
2024-08-07,20.094785690307617,20.19581122849782,19.99376190384335,20.030497348450556,1050600
2024-08-08,20.278467178344727,20.324386919793003,20.140706202274043,20.140706202274043,568700
2024-08-09,20.397859573364258,20.42541246929064,20.324386935953083,20.42541246929064,465100
2024-08-12,20.682567596435547,20.746855935267824,20.48970082821286,20.53562232146867,550900
2024-08-13,20.489700317382812,20.609094445145438,20.47133347226425,20.59991014672325,374900
2024-08-14,20.36112403869629,20.553989054133634,20.33357114289416,20.49888501425523,510000
2024-08-15,20.526437759399414,20.627461539814036,20.48051626673292,20.48970056526622,556600
2024-08-16,20.397859573364258,20.4437810665749,20.315204389036808,20.407043872006387,570100
2024-08-19,20.28765106201172,20.480516074220606,20.250913868223847,20.416227736817643,557600
2024-08-20,20.204994201660156,20.388676667820125,20.177441306218416,20.34275517541722,539300
2024-08-21,20.10396957397461,20.30602064617996,20.030496934552456,20.269283450605933,545400
2024-08-22,20.085603713989258,20.195811802670057,20.03968221726727,20.085603713989258,473500
2024-08-23,20.44378089904785,20.45296519761472,20.29683562542965,20.29683562542965,727700
2024-08-26,20.655014038085938,20.737670971569774,20.62746114301606,20.682566933155815,417200
2024-08-27,20.55398941040039,20.636646347513633,20.53562256460646,20.618279501719705,556000
2024-08-28,20.306018829345703,20.44377979697066,20.28765023320218,20.34275426990701,500700
2024-08-29,20.53562355041504,20.53562355041504,20.416229412530697,20.416229412530697,458700
2024-08-30,20.306018829345703,20.41622690275537,20.278465935130413,20.388675760265826,388900
2024-09-03,19.901920318603516,19.975392958266035,19.846816276788104,19.975392958266035,540700
2024-09-04,19.754974365234375,19.95702367948085,19.745790066624192,19.810078405169623,456400
2024-09-05,19.800893783569336,19.984576249325087,19.73660544607257,19.89273501644721,593800
2024-09-06,19.534557342529297,19.920289143077333,19.433531804946785,19.85600080160698,1176000
2024-09-09,19.58966064453125,19.653948983571663,19.433531070407735,19.525372305490837,2390300
2024-09-10,19.304954528808594,19.589660783025742,19.194744695584543,19.57129218553409,957600
2024-09-11,19.479450225830078,19.543740314661466,19.22229687740775,19.461083380746917,1107600
2024-09-12,19.855998992919922,19.883550135768473,19.617212495119777,19.672316532542652,1058600
2024-09-13,19.892736434936523,20.021313119098462,19.81926379374028,19.938656178786946,939100
2024-09-16,20.03968048095703,20.085601973700214,19.957023545745134,20.021311883859756,586200
2024-09-17,20.177440643310547,20.204993537847066,20.01212853126871,20.01212853126871,889900
2024-09-18,20.048864364624023,20.296835165128325,20.048864364624023,20.131521298125456,1002000
2024-09-19,20.407045364379883,20.452966860948777,20.250915779497603,20.296837276066498,726700
2024-09-20,20.407045364379883,20.43459826232122,20.296837276066498,20.35194132022319,617700
2024-09-23,20.416229248046875,20.581543128877367,20.26928396546998,20.44378214542727,658200
2024-09-24,20.756038665771484,20.76522296372876,20.645828842009905,20.756038665771484,775400
2024-09-25,20.58154296875,20.71011965207295,20.498886028977836,20.664199908522164,813700
2024-09-26,20.397859573364258,20.57235774411299,20.35193983187947,20.4437810665749,887700
2024-09-27,20.498884201049805,20.526437095758887,20.31520349149991,20.370307529192303,649900
2024-09-30,20.452964782714844,20.553988561449383,20.379492147396178,20.42541188757317,1042600
2024-10-01,20.81114387512207,20.985642042697066,20.370308058672858,20.370308058672858,1154100
2024-10-02,20.98564338684082,21.14177296746584,20.811145208089105,21.04993172855831,1089900
2024-10-03,21.28871726989746,21.325452712735345,20.976458123009124,21.013193565847004,1126800
2024-10-04,21.343822479248047,21.463216616394835,21.288718436109654,21.343822479248047,1060700
2024-10-07,21.637712478637695,21.67444967425241,21.408110261223424,21.426478859030784,1330600
2024-10-08,21.132587432861328,21.279532705831677,20.9397206672591,21.279532705831677,1115900
2024-10-09,20.948904037475586,20.96727263371437,20.700934995155027,20.811143069136218,872400
2024-10-10,21.36219024658203,21.380558844155637,21.040746795947467,21.06829969230787,961200
2024-10-11,21.38055992126465,21.45403256353459,21.31626982651823,21.334638425017207,726700
2024-10-14,21.0499324798584,21.19687776666475,21.004012734628663,21.06830107864069,842500
2024-10-15,20.645830154418945,20.673383050042247,20.489700582671905,20.599910413439275,1113700
2024-10-16,20.59072494506836,20.65501327947779,20.47133257426881,20.59072494506836,683800
2024-10-17,20.61827850341797,20.61827850341797,20.434596040565268,20.498884377045975,620600
2024-10-18,20.50806999206543,20.563174033768835,20.388677609753735,20.544807187684967,538400
2024-10-21,20.572359085083008,20.7193043694837,20.508070742123447,20.645831727283355,640000
2024-10-22,20.930538177490234,20.985642217072805,20.74685570991388,20.74685570991388,897300
2024-10-23,20.81114387512207,20.90298510814711,20.737671239047202,20.83869677054733,692400
2024-10-24,20.801959991455078,20.96727386385148,20.65501471637513,20.930538420944423,912500
2024-10-25,20.948904037475586,20.96727263371437,20.838695963494395,20.866247106126817,739800
2024-10-28,20.3886775970459,20.4345973398158,20.30602065867936,20.361124700348416,1002200
2024-10-29,20.351940155029297,20.41622849481912,20.232547774237613,20.351940155029297,569300
2024-10-30,20.609094619750977,20.609094619750977,20.407043556202645,20.434596451702642,807900
2024-10-31,20.746854782104492,20.774407676526515,20.508068285624216,20.599909515305207,1172500
2024-11-01,20.526437759399414,20.857063747969004,20.526437759399414,20.82032830556164,672100
2024-11-04,20.87543296813965,20.884617266947085,20.756040587094727,20.792776030598592,616600
2024-11-05,21.004011154174805,21.059115194649365,20.893801321499822,20.994826855474734,509300
2024-11-06,20.7744083404541,20.88461641821282,20.50806894103988,20.535621836342465,818600
2024-11-07,20.98564338684082,21.031563130431618,20.756041165434958,20.829513806215797,1471800
2024-11-08,20.664199829101562,20.811145109970433,20.599911487687173,20.7835922129103,453300
2024-11-11,20.33357048034668,20.407043115032476,20.26928214396233,20.407043115032476,1303700
2024-11-12,20.223363876342773,20.42541319850547,20.214179577372754,20.40704460056543,612000
2024-11-13,20.159074783325195,20.2600985647753,20.002945210110468,20.14989048469776,652100
2024-11-14,20.140705108642578,20.315203269777392,20.10396791609809,20.315203269777392,625800
2024-11-15,20.03968048095703,20.278466988044087,20.021311883859756,20.186625754283554,458000
2024-11-18,20.498884201049805,20.53562139399525,20.22336226086208,20.22336226086208,651400
2024-11-19,20.563173294067383,20.60909478693991,20.44378091605049,20.553988995492876,794800
2024-11-20,20.55398941040039,20.655014945033436,20.508069668326755,20.62746204875373,521500
2024-11-21,20.700937271118164,20.728488416779697,20.572358835035892,20.728488416779697,619800
2024-11-22,20.719303131103516,20.7835914702206,20.5631735567938,20.581542154177498,534800
2024-11-25,20.425413131713867,20.62746245321586,20.379493388739842,20.55398981342187,609800
2024-11-26,20.425413131713867,20.65501535003582,20.31520504788584,20.535622967267805,1010500
2024-11-27,20.315204620361328,20.462149896856907,20.24173198211354,20.351940063622287,560700
2024-11-29,20.33357048034668,20.462148904841165,20.306019337168124,20.407043115032476,419000
2024-12-02,20.186626434326172,20.28765197003867,20.14070669176189,20.269283372322597,563000
2024-12-03,20.416229248046875,20.47133504280767,20.296836862850377,20.361125205012026,482300
2024-12-04,20.306018829345703,20.462148393114184,20.241730494569104,20.45296409504242,875600
2024-12-05,20.278467178344727,20.361124114332306,20.22336313826162,20.306020074249204,407000
2024-12-06,20.122337341308594,20.195809977698516,20.076417600462076,20.149890236852,437900
2024-12-09,20.315204620361328,20.4529655981102,20.315204620361328,20.351940063622287,698400
2024-12-10,20.36112403869629,20.44378097437682,20.324386844293453,20.324386844293453,864200
2024-12-11,20.61827850341797,20.655013944953033,20.489700078730763,20.498884377045975,539800
2024-12-12,20.53562355041504,20.57235899549225,20.379493967453485,20.480517755210283,360700
2024-12-13,20.526437759399414,20.590726097406673,20.498884863799518,20.526437759399414,1165700
2024-12-16,20.416229248046875,20.517254786715718,20.416229248046875,20.50807048758892,832900
2024-12-17,20.278467178344727,20.29683577561438,20.140706202274043,20.25091428244025,386300
2024-12-18,20.094785690307617,20.37949370671166,20.08560314295027,20.296836766688028,1348900
2024-12-19,20.094785690307617,20.250915271271598,20.076418843866982,20.22336412574768,2166500
2024-12-20,20.223363876342773,20.269283619466957,20.03049710142418,20.0856028952443,1507300
2024-12-23,20.238842010498047,20.238842010498047,20.10340102013822,20.190470755439566,1414200
2024-12-24,20.354934692382812,20.412980564896714,20.31623621387687,20.33558545312984,549500
2024-12-26,20.296886444091797,20.412980031330093,20.28721182471819,20.364606934462063,1139700
2024-12-27,20.393630981445312,20.47102609190593,20.354934348837496,20.44200223351633,1418400
2024-12-30,20.57744598388672,20.722561591854827,20.548422124195067,20.65484109781938,938700
2024-12-31,20.683862686157227,20.693537305855138,20.577445559970286,20.577445559970286,778400
2025-01-02,20.887025833129883,21.003117578035436,20.84832735466469,20.84832735466469,1027300
2025-01-03,20.780607223510742,20.84832771675598,20.76125798394209,20.84832771675598,760000
2025-01-06,20.819305419921875,21.01279227724571,20.79028156096304,20.916049771206303,678700
2025-01-07,20.91604995727539,20.993445069942435,20.906375337536378,20.925722731769362,787100
2025-01-08,20.877351760864258,20.97409611431862,20.799956647149784,20.954746874578735,425600
2025-01-10,21.438467025756836,21.573908014893604,21.26432755672666,21.525536760271926,1089400
2025-01-13,21.5932559967041,21.651301867917077,21.496511647852493,21.525535506081468,1281800
2025-01-14,21.583581924438477,21.583581924438477,21.486837573134398,21.50618681244422,476300
2025-01-15,21.931861877441406,21.951211117656765,21.690001910484728,21.699676530592406,936700
2025-01-16,21.83511734008789,21.854466580142397,21.66097787008754,21.82544272006064,743300
2025-01-17,21.738372802734375,21.83511715695038,21.64163029376345,21.69000154824891,699600
2025-01-21,21.631956100463867,21.660978115629515,21.525537124202852,21.564235604750536,661300
2025-01-22,21.612606048583984,21.67065192198063,21.573907569489524,21.612606048583984,686100
2025-01-23,21.53521156311035,21.728698428485135,21.486838462832832,21.612606678309284,920300
2025-01-24,21.544885635375977,21.612606128797577,21.44814128252581,21.58358226936901,532200
2025-01-27,21.21595573425293,21.390095198622205,21.080514748741283,21.37074595919339,957900
2025-01-28,21.235305786132812,21.26432780114137,21.13856143053238,21.24497856097226,414700
2025-01-29,21.274002075195312,21.351397189367773,21.206281580950044,21.215956200877237,1188300
2025-01-30,21.293350219726562,21.409441962390993,21.264326361437966,21.28367560029703,862300
2025-01-31,21.25465202331543,21.29335050154574,21.099861800884206,21.20628077077255,1622200
2025-02-03,21.419116973876953,21.46749007191004,21.274001370267722,21.351396481875646,1027100
2025-02-04,21.47716522216797,21.554560335688148,21.119211668858977,21.138560908550286,1188200
2025-02-05,21.34172248840332,21.399770207746055,21.264327374524736,21.312700473977017,629800
2025-02-06,21.351396560668945,21.390095039238222,21.23530481545115,21.361071180311264,1111400
2025-02-07,21.36107063293457,21.47716422042249,21.341721394145754,21.457814981633675,562700
2025-02-10,21.670652389526367,21.680327009508712,21.535211400263698,21.535211400263698,1099800
2025-02-11,21.83511734008789,21.883490440224154,21.786746085196725,21.806095325251228,693700
2025-02-12,21.5932559967041,21.767395455588,21.5932559967041,21.719024203784688,801600
2025-02-13,21.699676513671875,21.70935113377201,21.544886282559908,21.544886282559908,717100
2025-02-14,21.7093505859375,21.87381543299934,21.699675966081504,21.82544233371935,1174400
2025-02-18,22.02860450744629,22.047953746145737,21.825441191592013,21.84479043029146,877300
2025-02-19,22.20274543762207,22.26079131232475,22.086651842971623,22.212418212368277,787400
2025-02-20,22.231767654418945,22.289815374894317,22.193071019347133,22.222093034339714,666700
2025-02-21,21.92218589782715,22.15437123027715,21.92218589782715,22.15437123027715,809600
2025-02-24,21.844791412353516,21.873815271707493,21.777070919105945,21.844791412353516,1058100
2025-02-25,21.60293197631836,21.815768080996907,21.49651300135654,21.815768080996907,1015600
2025-02-26,21.419116973876953,21.506186705091494,21.361071101482263,21.477164691516656,1308500
2025-02-27,21.44814109802246,21.5448854500404,21.41911723884357,21.496512351408914,1174400
2025-02-28,21.283676147460938,21.322374626173932,21.20628103527997,21.322374626173932,1814800
2025-03-03,21.148235321044922,21.380420659328966,21.080514828034374,21.370746039578165,3041000
2025-03-04,21.21595573425293,21.25465236786553,21.022467030454834,21.157909861211515,3014800
2025-03-05,21.157909393310547,21.157909393310547,20.90637482203365,20.993444552292768,2521500
2025-03-06,21.051490783691406,21.148235135103747,21.003117685362724,21.080514642688616,1985800
2025-03-07,21.235305786132812,21.33204829648814,21.099862950194165,21.186932685710044,1133900
2025-03-10,21.099863052368164,21.341723019917875,21.080515657350475,21.30302638463738,1741300
2025-03-11,21.21595573425293,21.332047480335756,21.186931875109703,21.28367622700875,2474400
2025-03-12,21.21595573425293,21.28367622700875,21.167582635680887,21.235304973681746,1231800
2025-03-13,21.138561248779297,21.332048113071423,21.138561248779297,21.157910488782036,1719400
2025-03-14,21.25465202331543,21.274001262430584,21.11921103999936,21.167582292542242,1467800
2025-03-17,21.399770736694336,21.448141992097163,21.341723015916806,21.361072256175984,1707800
2025-03-18,21.351396560668945,21.544885263025296,21.351396560668945,21.535210643382975,1660100
2025-03-19,21.48683738708496,21.52553586536952,21.380420262292436,21.399769501434715,1297400
2025-03-20,21.525535583496094,21.535210202940547,21.361070743430368,21.409441995407647,1301700
2025-03-21,21.399770736694336,21.448141992097163,21.380421496435158,21.438467371967576,1352900
2025-03-24,21.47716522216797,21.515861856305527,21.39977010864779,21.448141362631002,1766200
2025-03-25,21.506187438964844,21.573907933277034,21.39977031015072,21.535211298775103,1124200
2025-03-26,21.47716522216797,21.593256969825706,21.467490602322314,21.554560335688148,1089100
2025-03-27,21.53521156311035,21.564235423276866,21.380421332712487,21.42879258774491,875200
2025-03-28,21.467491149902344,21.515862405119385,21.36107217413073,21.515862405119385,2163300
2025-03-31,21.767396926879883,21.815768181952688,21.544886201152824,21.63195593647995,3256000
2025-04-01,21.777070999145508,21.844791492641978,21.72869790004442,21.815767633181324,3490500
2025-04-02,21.912511825561523,21.922186445310846,21.728697740814503,21.728697740814503,1848300
2025-04-03,21.032142639160156,21.119212375439062,20.983771383558597,20.993446003727932,3423800
2025-04-04,20.267866134643555,20.383957886393897,19.938936429275714,20.190471018394952,5190200
2025-04-07,19.948610305786133,20.567771212692882,19.900237206655884,20.026005419149477,5327500
2025-04-08,19.50358772277832,20.180796373042963,19.43586722680088,20.132423272169707,3650800
2025-04-09,20.20981788635254,20.267865605958665,19.194006781431302,19.358471629825175,3430100
2025-04-10,19.958282470703125,20.006655568355725,19.76479561582772,19.909911218295523,2439800
2025-04-11,20.248516082763672,20.287212716714553,19.958283024529333,19.958283024529333,1307900
2025-04-14,20.258190155029297,20.345259885621793,20.1324219462868,20.335585266084294,1178200
2025-04-15,20.20981788635254,20.277538380647943,20.122748152188425,20.20981788635254,816600
2025-04-16,20.46135139465332,20.500049872359,20.31623579374698,20.31623579374698,888200
2025-04-17,20.674190521240234,20.77093303058152,20.538747686721283,20.558096926687572,1411100
2025-04-21,20.500049591064453,20.59679393875618,20.412979862666393,20.567770080875174,1429400
2025-04-22,20.59679412841797,20.741909728669356,20.558095650886948,20.59679412841797,793700
2025-04-23,20.44200325012207,20.63549195851854,20.30656226139159,20.538747604320307,1443100
2025-04-24,20.625816345214844,20.635490964693236,20.432329491381967,20.558095854111087,1256400
2025-04-25,20.65484046936035,20.664515088963203,20.509724865807637,20.519397640165472,903200
2025-04-28,20.538747787475586,20.606468282444727,20.451678052445235,20.596795507659216,1274000
2025-04-29,20.277538299560547,20.451677767192415,20.277538299560547,20.393631893063482,1139000
2025-04-30,19.900236129760742,20.200141947158755,19.880886891155722,20.142096076588647,2553900
2025-05-01,19.996980667114258,20.08405039641733,19.822841208508112,19.900236318416958,3638200
2025-05-02,20.08405113220215,20.161446244946383,19.967957540463274,20.142097005449067,1948100
2025-05-05,19.967958450317383,20.093726667535634,19.909912574425565,20.055028186777673,1284200
2025-05-06,20.267866134643555,20.383957886393897,20.238842274083407,20.29688814995858,1388200
2025-05-07,20.01633071899414,20.219492198790697,19.98730685963247,20.219492198790697,1300700
2025-05-08,20.277538299560547,20.277538299560547,20.13242269161568,20.13242269161568,520000
2025-05-09,20.432329177856445,20.461351190601302,20.35493406846189,20.36460684254687,656600
2025-05-12,20.567771911621094,20.76125877898194,20.548422671311474,20.74191138391744,1209900
2025-05-13,20.887025833129883,20.91604969197878,20.65484049807376,20.69353713129394,445300
2025-05-14,20.780607223510742,20.867676956324633,20.76125798394209,20.80963108286372,449600
2025-05-15,20.57744598388672,20.616142618230516,20.442003150570756,20.5677713639895,490900
2025-05-16,20.500049591064453,20.55809546158151,20.46135111388978,20.509724210358122,626800
2025-05-19,20.471027374267578,20.587120969853423,20.42265611916645,20.49037661440607,683700
2025-05-20,20.732234954833984,20.732234954833984,20.52907163979961,20.558095497731653,680000
2025-05-21,20.70321273803711,20.848328348710655,20.693538117959527,20.838655573878174,921900
2025-05-22,20.59679412841797,20.645165380086773,20.51939717335593,20.558095650886948,634000
2025-05-23,20.712886810302734,20.732236049946156,20.55809658364548,20.59679506293232,444100
2025-05-27,20.529071807861328,20.58711952420062,20.451676697987246,20.58711952420062,624700
2025-05-28,20.46135139465332,20.64516547326534,20.46135139465332,20.61614161498608,590600
2025-05-29,20.354934692382812,20.4226551845232,20.31623621387687,20.412980564896714,358800
2025-05-30,20.20014190673828,20.287211635041697,20.103399404396665,20.287211635041697,419100
2025-06-02,20.625816345214844,20.6935368363186,20.51939737619752,20.674189442606806,1477700
2025-06-03,20.76125717163086,20.79028102984824,20.587119558061488,20.62581619043969,566700
2025-06-04,20.683862686157227,20.819305516682928,20.577445559970286,20.79995627728711,871500
2025-06-05,20.780607223510742,20.90637543546194,20.77093260372642,20.8386549422167,460200
2025-06-06,20.945072174072266,20.964421413737657,20.790281947239244,20.790281947239244,1122800
2025-06-09,20.964420318603516,21.003116950667817,20.848326731920686,20.93539646062157,737900
2025-06-10,20.91604995727539,21.05149094313146,20.877351478319348,20.983770450203423,463600
2025-06-11,21.25465202331543,21.312699740660893,21.041815928783752,21.041815928783752,829400
2025-06-12,21.25465202331543,21.303025121103314,21.167582292542242,21.225630009887702,796900
2025-06-13,21.912511825561523,22.028605417308338,21.719024966310222,21.738372360563822,1622600
2025-06-16,21.8641414642334,21.931861959996965,21.51586252002636,21.8641414642334,2231300
2025-06-17,22.328510284423828,22.367208761750135,22.01892984679323,22.12534881419561,1641600
2025-06-18,22.38655662536621,22.512324834073326,22.173720531336095,22.4349297230401,1790200
2025-06-20,22.50265121459961,22.56069708914295,22.41558148016206,22.44460534005627,989900
2025-06-23,21.670652389526367,22.522000495521933,21.670652389526367,22.492976635574895,3334200
2025-06-24,21.148235321044922,21.264327067564423,21.061165588532777,21.186931954803075,1732000
2025-06-25,21.119211196899414,21.235304787207824,21.051490704738267,21.080514563626622,1541900
2025-06-26,21.196605682373047,21.303024649907535,21.128885192212902,21.148234430900075,1288300
2025-06-27,21.090187072753906,21.196606042094402,21.022466581444498,21.157909409308306,873200
2025-06-30,21.099863052368164,21.157910773156576,21.051491796956267,21.099863052368164,1184000
2025-07-01,21.21595573425293,21.225630353967336,21.070840129026877,21.128886002068292,585700
2025-07-02,21.564233779907227,21.602930411935144,21.25465149745908,21.312699213368397,325600
2025-07-03,21.5545597076416,21.64162943847044,21.506186609822798,21.602930960215396,202000
2025-07-07,21.53521156311035,21.583582818142773,21.39009595276799,21.419117967689402,413100
2025-07-08,21.60293197631836,21.69967633126137,21.50618762137535,21.53521148143178,557200
2025-07-09,21.564233779907227,21.622279650571585,21.47716405128821,21.51586068331613,577300
2025-07-10,21.496511459350586,21.51586069800023,21.41911634999697,21.448140207971434,347400
2025-07-11,21.777070999145508,21.777070999145508,21.593256913051476,21.593256913051476,329700
2025-07-14,21.5932559967041,21.786744694407318,21.583581377294443,21.786744694407318,562500
2025-07-15,21.5545597076416,21.680326071480476,21.53521046851408,21.573907101524117,494700
2025-07-16,21.583581924438477,21.612605783403207,21.399769686730252,21.4674901790696,313600
2025-07-17,21.757720947265625,21.757720947265625,21.554559474360456,21.554559474360456,203300
2025-07-18,21.796419143676758,22.06730110405282,21.78674452434262,21.980231375290526,762500
2025-07-21,21.748046875,21.815767367672276,21.680326382327724,21.738372255297527,500600
2025-07-22,21.7093505859375,21.738372600260433,21.622280852478582,21.651302866801515,334000
2025-07-23,21.651302337646484,21.68032619650514,21.58358184555464,21.641629563271948,438200
2025-07-24,21.670652389526367,21.699676249473406,21.535211400263698,21.651303149561677,347300
2025-07-25,21.44814109802246,21.631955182332046,21.44814109802246,21.61260594287945,381900
2025-07-28,21.670652389526367,21.670652389526367,21.544886020246043,21.63195575484207,373300
2025-07-29,21.951210021972656,21.989906655226743,21.651302349339645,21.66097696896442,480300
2025-07-30,21.9028377532959,22.009256727953442,21.709350889208196,21.854466498585246,1038500
2025-07-31,21.719024658203125,21.78674515024265,21.63195492693945,21.719024658203125,656700
2025-08-01,21.370746612548828,21.71902555193511,21.341722752518272,21.71902555193511,505900
2025-08-04,21.293350219726562,21.39976918820644,21.196605870676215,21.225629728964815,558300
2025-08-05,21.10953712463379,21.244978112468026,21.10953712463379,21.225630717952466,225300
2025-08-06,21.06116485595703,21.39976915447706,21.012791758885612,21.322374044407766,530000
2025-08-07,21.12888526916504,21.24497701122096,21.11921064978622,21.17725652081418,332800
2025-08-08,21.12888526916504,21.28367548873625,21.051490159379433,21.196605759571824,536700
2025-08-11,21.157909393310547,21.19660602606738,21.080514282551885,21.128885534809175,220800
2025-08-12,21.07084083557129,21.11921209052027,21.051491595493655,21.109537470481456,201100
2025-08-13,21.04181671142578,21.109537205602653,20.91605034298946,21.099862585685234,527100
2025-08-14,21.12888526916504,21.13855988854386,21.022466301242968,21.0805140175159,394300
2025-08-15,21.06116485595703,21.119210727197757,21.00311713947133,21.00311713947133,192700
2025-08-18,21.080514907836914,21.148235401103825,20.906375442153397,20.94507207605804,658700
2025-08-19,20.91604995727539,21.003117844436407,20.88702609805836,20.993445069942435,379700
2025-08-20,21.148235321044922,21.157909940795722,21.04181634903118,21.061165588532777,443800
2025-08-21,21.274002075195312,21.303025934976887,21.11921184685039,21.14823570663197,546000
2025-08-22,21.36107063293457,21.399769110512203,21.254651664841056,21.254651664841056,252200
2025-08-25,21.467491149902344,21.535211645304244,21.390096034408018,21.409443429347768,162400
2025-08-26,21.30302619934082,21.39977055456823,21.27400233919907,21.332048214237478,236300
2025-08-27,21.32237434387207,21.380420215928027,21.26432662657111,21.28367586567143,565600
2025-08-28,21.457815170288086,21.525535661399356,21.274001090668214,21.341721581779485,147000
2025-08-29,21.48683738708496,21.50618662622724,21.42879151490313,21.50618662622724,447500
2025-09-02,21.83511734008789,21.854466580142397,21.61260661519637,21.68032711014204,630100
2025-09-03,21.641630172729492,21.78674578061938,21.612606313053487,21.767396540835378,820100
2025-09-04,21.48683738708496,21.52553586536952,21.41911689533199,21.477164612758827,414400
2025-09-05,21.312700271606445,21.419117398900863,21.25465255281489,21.419117398900863,419100
2025-09-08,21.457815170288086,21.486837183481494,21.361070820738416,21.477164409247017,316400
2025-09-09,21.51586151123047,21.651302496407293,21.506186891539976,21.593256623509372,252700
2025-09-10,21.66097640991211,21.690000268037355,21.544884667901062,21.554559287276145,282100
2025-09-11,21.496511459350586,21.554559175299516,21.42879096932179,21.457814827296257,251100
2025-09-12,21.62228012084961,21.728697245174647,21.60293088179233,21.66097675371917,300700
2025-09-15,21.815767288208008,21.835116527542475,21.748046795782404,21.76739603511687,267000
2025-09-16,22.038280487060547,22.047955107007418,21.93186151289007,21.95121075278381,195800
2025-09-17,21.806095123291016,21.999581986308772,21.76739664354042,21.970558126495828,448000
2025-09-18,21.7093505859375,21.844791573431348,21.66097748665751,21.81576771386335,190700
2025-09-19,21.53521156311035,21.680327173452714,21.52553694305485,21.62228129836479,205000
2025-09-22,21.53521156311035,21.544886183165858,21.43846720780041,21.448141827855917,325700
2025-09-23,21.757720947265625,21.76739556672468,21.61260534586979,21.61260534586979,318500
2025-09-24,21.9028377532959,21.922186993278196,21.786746003892294,21.8254426386118,309300
2025-09-25,22.057626724243164,22.057626724243164,21.844790632315785,21.91251112314518,1415100
2025-09-26,22.067302703857422,22.222092933935496,22.01893144892493,22.038280688995965,407600
2025-09-29,21.88348960876465,21.960884720796958,21.85446574978565,21.93186086181796,192200
2025-09-30,21.796419143676758,21.844790395102493,21.73837142767192,21.76739528567434,377300
2025-10-01,21.757720947265625,21.786744805642787,21.57390686803358,21.61260534586979,565700
2025-10-02,21.612606048583984,21.786745514018968,21.55456017518734,21.719025020848704,303300
2025-10-03,21.680326461791992,21.757721574450414,21.660977222316127,21.680326461791992,356900
2025-10-06,21.9028377532959,21.922186993278196,21.815768018620652,21.815768018620652,179600
2025-10-07,21.989906311035156,21.989906311035156,21.835116089951587,21.883489187318318,241800
2025-10-08,22.018930435180664,22.09632554665646,21.989906576410363,22.018930435180664,292500
2025-10-09,21.815767288208008,22.106000342489914,21.786745274451334,22.106000342489914,168400
2025-10-10,21.351396560668945,21.68032624752773,21.322374546987007,21.631954994561152,464200
2025-10-13,21.62228012084961,21.65130213419053,21.506186531750934,21.573907023206413,282700
2025-10-14,21.380420684814453,21.477165037192716,21.30302557196085,21.34172220576513,205300
2025-10-15,21.457815170288086,21.506186422440425,21.380420059697347,21.486837183481494,164500
2025-10-16,21.419116973876953,21.593256436306035,21.37074572108888,21.496512085484877,279200
2025-10-17,21.399770736694336,21.438467371967576,21.322375620902744,21.40944351157881,1650600
2025-10-20,21.612606048583984,21.612606048583984,21.438466583149005,21.438466583149005,185200
2025-10-21,21.390094757080078,21.486837261737097,21.26432654863396,21.44814062892329,534200
2025-10-22,21.728696823120117,21.786744539164445,21.515860733359137,21.5448845913813,397200
2025-10-23,22.096324920654297,22.21241666195653,22.04795366931919,22.04795366931919,472300
2025-10-24,22.106000900268555,22.21241802880318,22.09632628035721,22.1156755201799,268900
2025-10-27,22.057626724243164,22.14469645395095,22.03827933060975,22.105999821439145,294900
2025-10-28,21.85446548461914,21.96088445433924,21.84479086507686,21.893162117543266,181200
2025-10-29,21.970558166503906,22.10600100063256,21.95121077183845,21.980232786459172,191000
2025-10-30,21.98023223876953,22.047954576768934,21.815767394118186,21.89316250658676,183000
2025-10-31,22.13502311706543,22.15437235706496,22.018931367558412,22.086651862311687,611000
2025-11-03,22.299488067626953,22.318837307714173,22.096326582446455,22.21241833247957,786100
2025-11-04,22.144697189331055,22.22209230216978,22.02860544269549,22.086651316013274,480200
2025-11-05,22.076976776123047,22.241441622155968,22.057627536532106,22.13502264965083,375600
2025-11-06,22.106000900268555,22.13502291475751,21.989907306577514,22.09632628035721,556000
2025-11-07,22.15437126159668,22.19306973968222,22.067301531149216,22.183395120160835,305600
2025-11-10,22.39623260498047,22.40590722510277,22.20274573826983,22.280140854003108,254400
2025-11-11,22.54134750366211,22.560696743294965,22.444604995987937,22.444604995987937,268300
2025-11-12,22.289813995361328,22.376881880195484,22.25111551743949,22.357534486479555,808900
2025-11-13,22.173721313476562,22.38655741501411,22.173721313476562,22.338186160879005,291100
2025-11-14,22.222091674804688,22.34785988289513,22.13502194466361,22.202744281074995,787700
2025-11-17,22.193069458007812,22.299486580902403,22.173720219210626,22.202744077406408,353400
2025-11-18,22.376882553100586,22.396231792643363,22.14469721432238,22.22209232724845,352200
2025-11-19,22.15437126159668,22.222091753001376,22.05762691162783,22.19306973968222,965000
2025-11-20,21.94153594970703,22.241441784576555,21.93186132984091,22.241441784576555,287000
2025-11-21,21.796419143676758,21.864139633770773,21.680325556912045,21.777069905008478,528600
2025-11-24,21.9028377532959,21.922186993278196,21.670652409243605,21.719025509199344,516300
2025-11-25,21.786745071411133,21.825441704474407,21.64162946824509,21.73837197352578,224600
2025-11-26,22.018930435180664,22.047954293950966,21.835116353458776,21.835116353458776,983400
2025-11-28,22.309162139892578,22.338185999310756,22.173721153097855,22.193070392709974,236100
2025-12-01,22.367210388183594,22.40590702307877,22.318837288008258,22.357535768148527,679600
2025-12-02,22.270465850830078,22.36721020514396,22.231767371006494,22.318837105364477,525000
2025-12-03,22.376882553100586,22.44460489150031,22.318836679717297,22.396231792643363,140800
2025-12-04,22.4349308013916,22.463952816145902,22.29948796663955,22.36721030663812,195700
2025-12-05,22.570371627807617,22.676790601791307,22.541347768017953,22.541347768017953,502700
2025-12-08,22.289813995361328,22.434929597078238,22.289813995361328,22.41558035811732,784600
2025-12-09,22.24144172668457,22.28981482588927,22.20274509256587,22.28014020604833,294700
2025-12-10,22.376882553100586,22.405906412414755,22.183395693407938,22.23176694701984,387200
2025-12-11,22.357534408569336,22.36720902801608,22.202744187911367,22.202744187911367,534800
2025-12-12,22.173721313476562,22.36721002050711,22.115675439465424,22.36721002050711,425800
2025-12-15,22.067302703857422,22.154372438931976,21.989907588818383,22.135023198860942,252700
2025-12-16,21.844791412353516,21.941535764955063,21.825442172784197,21.912511905601086,392500
2025-12-17,22.106000900268555,22.1156755201799,21.970558066754826,21.999581926488855,504000
2025-12-18,21.951210021972656,22.096325625854266,21.931860782723103,22.0479543729754,211500
2025-12-19,22.106000900268555,22.13502291475751,21.98023268666617,22.028605786222883,282700
2025-12-22,22.389999389648438,22.40999984741211,22.34000015258789,22.3799991607666,511600
2025-12-23,22.639999389648438,22.649999618530273,22.420000076293945,22.479999542236328,642400
2025-12-24,22.6299991607666,22.670000076293945,22.559999465942383,22.670000076293945,362800
2025-12-26,22.700000762939453,22.760000228881836,22.6299991607666,22.709999084472656,686500
2025-12-29,22.489999771118164,22.610000610351562,22.469999313354492,22.59000015258789,539300
2025-12-30,22.639999389648438,22.729999542236328,22.6200008392334,22.719999313354492,597600
2025-12-31,22.360000610351562,22.559999465942383,22.350000381469727,22.520000457763672,931400
2026-01-02,22.389999389648438,22.420000076293945,22.290000915527344,22.389999389648438,825300
2026-01-05,22.809999465942383,22.81999969482422,22.6299991607666,22.6299991607666,860000
2026-01-06,22.799999237060547,22.979999542236328,22.780000686645508,22.940000534057617,581700
2026-01-07,22.59000015258789,22.709999084472656,22.510000228881836,22.709999084472656,660000
2026-01-08,22.8799991607666,22.899999618530273,22.600000381469727,22.610000610351562,776600
2026-01-09,22.899999618530273,23.059999465942383,22.889999389648438,22.969999313354492,220500
2026-01-12,23.190000534057617,23.25,23.059999465942383,23.059999465942383,320900
2026-01-13,23.3700008392334,23.469999313354492,23.299999237060547,23.350000381469727,826200
2026-01-14,23.389999389648438,23.649999618530273,23.260000228881836,23.56999969482422,1316500
2026-01-15,23.200000762939453,23.309999465942383,23.1200008392334,23.18000030517578,490100
2026-01-16,23.15999984741211,23.239999771118164,23.09000015258789,23.200000762939453,506600
2026-01-20,23.479999542236328,23.59000015258789,23.450000762939453,23.510000228881836,427900
2026-01-21,23.75,23.790000915527344,23.649999618530273,23.780000686645508,693400
2026-01-22,23.739999771118164,23.760000228881836,23.649999618530273,23.719999313354492,409300
2026-01-23,24.18000030517578,24.200000762939453,24.049999237060547,24.049999237060547,890600
2026-01-26,24.290000915527344,24.5,24.190000534057617,24.350000381469727,749000
2026-01-27,24.6200008392334,24.6299991607666,24.229999542236328,24.299999237060547,928600
2026-01-28,24.940000534057617,24.969999313354492,24.709999084472656,24.770000457763672,557400
2026-01-29,25.299999237060547,25.690000534057617,24.770000457763672,25.670000076293945,1001600
2026-01-30,24.43000030517578,24.860000610351562,23.950000762939453,24.790000915527344,2266600
2026-02-02,23.540000915527344,23.760000228881836,23.389999389648438,23.65999984741211,3064300
2026-02-03,24.149999618530273,24.170000076293945,23.8700008392334,23.969999313354492,1165100
2026-02-04,24.190000534057617,24.270000457763672,23.93000030517578,24.18000030517578,1310400
2026-02-05,23.760000228881836,24.010000228881836,23.639999389648438,23.860000610351562,916100
2026-02-06,24.010000228881836,24.149999618530273,23.829999923706055,23.84000015258789,913000
2026-02-09,24.25,24.290000915527344,23.969999313354492,23.979999542236328,630400
2026-02-10,24.139999389648438,24.229999542236328,24.030000686645508,24.229999542236328,383500
2026-02-11,24.3700008392334,24.43000030517578,24.25,24.43000030517578,1026000
2026-02-12,23.799999237060547,24.299999237060547,23.770000457763672,24.280000686645508,1756500
2026-02-13,23.8799991607666,23.950000762939453,23.739999771118164,23.850000381469727,250700
2026-02-17,23.59000015258789,23.690000534057617,23.520000457763672,23.65999984741211,387600
2026-02-18,24.209999084472656,24.239999771118164,23.969999313354492,23.969999313354492,408500
2026-02-19,24.43000030517578,24.43000030517578,24.209999084472656,24.290000915527344,278800
2026-02-20,24.600000381469727,24.639999389648438,24.40999984741211,24.450000762939453,350500
2026-02-23,24.75,24.850000381469727,24.639999389648438,24.739999771118164,747300
2026-02-24,24.719999313354492,24.75,24.6200008392334,24.690000534057617,778600
2026-02-25,24.75,24.93000030517578,24.68000030517578,24.760000228881836,785400
2026-02-26,24.760000228881836,24.8700008392334,24.510000228881836,24.59000015258789,386400
2026-02-27,25.100000381469727,25.110000610351562,24.940000534057617,25.100000381469727,467900
2026-03-02,25.809999465942383,25.950000762939453,25.510000228881836,25.889999389648438,1707300
2026-03-03,25.90999984741211,26.389999389648438,25.579999923706055,26.3700008392334,1299200
2026-03-04,26.139999389648438,26.190000534057617,25.920000076293945,26.040000915527344,539700
2026-03-05,26.520000457763672,26.739999771118164,26.31999969482422,26.350000381469727,1300900
2026-03-06,27.510000228881836,27.65999984741211,27.25,27.309999465942383,4462900
2026-03-09,27.139999389648438,28.610000610351562,26.690000534057617,28.3799991607666,5116100
2026-03-10,27.600000381469727,27.639999389648438,26.600000381469727,27.56999969482422,2497600
2026-03-11,28.1299991607666,28.149999618530273,27.350000381469727,27.670000076293945,1225700
2026-03-12,28.860000610351562,28.93000030517578,28.489999771118164,28.719999313354492,1770100
2026-03-13,28.709999084472656,28.790000915527344,28.219999313354492,28.520000457763672,1135600
2026-03-16,28.309999465942383,28.700000762939453,28.200000762939453,28.6200008392334,1232000
2026-03-17,28.760000228881836,28.770000457763672,28.540000915527344,28.690000534057617,449800
2026-03-18,29.270000457763672,29.299999237060547,28.889999389648438,28.969999313354492,873400
2026-03-19,28.84000015258789,29.25,28.540000915527344,29.049999237060547,1052100
2026-03-20,28.940000534057617,29.139999389648438,28.739999771118164,28.920000076293945,1959900
2026-03-23,27.75,28.1299991607666,27.40999984741211,28.110000610351562,2131000
2026-03-24,28.239999771118164,28.399999618530273,28.059999465942383,28.18000030517578,1491900
2026-03-25,28.170000076293945,28.239999771118164,27.780000686645508,27.780000686645508,910100
2026-03-26,28.440000534057617,28.65999984741211,28.399999618530273,28.440000534057617,569700
2026-03-27,29.100000381469727,29.219999313354492,28.799999237060547,28.850000381469727,595300
2026-03-30,29.260000228881836,29.440000534057617,29.139999389648438,29.389999389648438,1067800
2026-03-31,28.950000762939453,29.3799991607666,28.829999923706055,29.280000686645508,6393700
2026-04-01,28.68000030517578,28.799999237060547,28.510000228881836,28.719999313354492,7866900
2026-04-02,29.329999923706055,29.479999542236328,29.030000686645508,29.469999313354492,1765000
2026-04-06,29.479999542236328,29.610000610351562,29.270000457763672,29.389999389648438,1310900
2026-04-07,29.3700008392334,29.760000228881836,29.110000610351562,29.610000610351562,2210100
2026-04-08,28.559999465942383,28.639999389648438,28.0,28.030000686645508,3558100
2026-04-09,28.709999084472656,28.950000762939453,28.450000762939453,28.799999237060547,948000
2026-04-10,28.5,28.780000686645508,28.469999313354492,28.6299991607666,496600
2026-04-13,28.959999084472656,29.34000015258789,28.8799991607666,29.209999084472656,1206800
2026-04-14,28.84000015258789,29.06999969482422,28.729999542236328,29.040000915527344,958000
2026-04-15,28.889999389648438,29.040000915527344,28.799999237060547,28.84000015258789,770300
2026-04-16,29.110000610351562,29.270000457763672,29.049999237060547,29.049999237060547,556700
2026-04-17,28.290000915527344,28.350000381469727,27.84000015258789,28.079999923706055,4703400
2026-04-20,28.670000076293945,28.81999969482422,28.520000457763672,28.540000915527344,1226200
2026-04-21,29.209999084472656,29.280000686645508,28.729999542236328,28.770000457763672,804300
2026-04-22,29.510000228881836,29.579999923706055,29.329999923706055,29.329999923706055,1232600
2026-04-23,29.889999389648438,30.040000915527344,29.5,29.520000457763672,1074300
2026-04-24,29.860000610351562,29.899999618530273,29.579999923706055,29.739999771118164,974000
2026-04-27,30.09000015258789,30.25,29.969999313354492,30.0,1478500
2026-04-28,30.34000015258789,30.350000381469727,30.110000610351562,30.190000534057617,1564500
2026-04-29,31.079999923706055,31.110000610351562,30.829999923706055,30.829999923706055,1886200
2026-04-30,31.100000381469727,31.110000610351562,30.790000915527344,30.790000915527344,2145400
2026-05-01,30.809999465942383,30.90999984741211,30.59000015258789,30.8799991607666,1626300
2026-05-04,31.329999923706055,31.459999084472656,30.8700008392334,30.889999389648438,2479300
2026-05-05,31.200000762939453,31.270000457763672,31.059999465942383,31.190000534057617,699700
2026-05-06,30.209999084472656,30.43000030517578,30.1200008392334,30.3700008392334,1739900
2026-05-07,30.25,30.3700008392334,29.56999969482422,29.739999771118164,5368300
2026-05-08,30.299999237060547,30.420000076293945,30.1299991607666,30.1299991607666,1309900
2026-05-11,31.059999465942383,31.170000076293945,30.739999771118164,30.739999771118164,3213600
2026-05-12,31.690000534057617,31.700000762939453,31.3700008392334,31.479999542236328,1301900
2026-05-13,31.3700008392334,31.719999313354492,31.309999465942383,31.600000381469727,777700
2026-05-14,31.149999618530273,31.190000534057617,30.959999084472656,31.049999237060547,679000
2026-05-15,31.190000534057617,31.239999771118164,30.989999771118164,31.030000686645508,832200
2026-05-18,31.3799991607666,31.790000915527344,31.190000534057617,31.239999771118164,1514300
2026-05-19,31.610000610351562,31.690000534057617,31.40999984741211,31.6200008392334,960000
2026-05-20,30.8799991607666,31.40999984741211,30.670000076293945,31.360000610351562,1344200
2026-05-21,30.700000762939453,31.290000915527344,30.43000030517578,31.290000915527344,751900
2026-05-22,30.540000915527344,30.780000686645508,30.31999969482422,30.600000381469727,863100
2026-05-26,30.030000686645508,30.309999465942383,29.989999771118164,30.1299991607666,1488800
2026-05-27,29.489999771118164,29.68000030517578,29.399999618530273,29.420000076293945,936800
2026-05-28,29.719999313354492,29.729999542236328,29.270000457763672,29.68000030517578,918700
2026-05-29,29.479999542236328,29.59000015258789,29.290000915527344,29.530000686645508,1035300
2026-06-01,29.989999771118164,30.309999465942383,29.84000015258789,30.040000915527344,1643000
2026-06-02,30.1200008392334,30.149999618530273,29.950000762939453,30.0,715900
2026-06-03,30.290000915527344,30.3700008392334,30.170000076293945,30.299999237060547,507500
2026-06-04,29.8799991607666,29.969999313354492,29.75,29.959999084472656,781200
2026-06-05,29.229999542236328,29.6200008392334,29.200000762939453,29.610000610351562,1126100
2026-06-08,29.469999313354492,29.579999923706055,29.40999984741211,29.479999542236328,654200
2026-06-09,29.06999969482422,29.329999923706055,28.81999969482422,29.270000457763672,2689200
2026-06-10,29.170000076293945,29.389999389648438,29.1200008392334,29.1200008392334,930800
2026-06-11,28.850000381469727,29.31999969482422,28.770000457763672,29.170000076293945,1377400
2026-06-12,28.549999237060547,28.8799991607666,28.510000228881836,28.6299991607666,1080700
2026-06-15,28.219999313354492,28.25,28.100000381469727,28.18000030517578,1070000
2026-06-16,27.899999618530273,28.040000915527344,27.760000228881836,27.899999618530273,463800
2026-06-17,27.709999084472656,28.350000381469727,27.68000030517578,27.969999313354492,1454800
2026-06-18,27.6299991607666,27.700000762939453,27.280000686645508,27.530000686645508,1121200
2026-06-22,27.40999984741211,27.540000915527344,27.31999969482422,27.510000228881836,585400
2026-06-23,27.1200008392334,27.18000030517578,27.030000686645508,27.09000015258789,572900
2026-06-24,26.450000762939453,26.65999984741211,26.40999984741211,26.530000686645508,1050800
2026-06-25,26.93000030517578,27.0,26.530000686645508,26.549999237060547,529600
2026-06-26,26.56999969482422,26.639999389648438,26.489999771118164,26.610000610351562,522300
2026-06-29,26.559999465942383,26.649999618530273,26.5,26.6200008392334,728700
2026-06-30,26.65999984741211,26.790000915527344,26.56999969482422,26.760000228881836,1480300
2026-07-01,26.450000762939453,26.709999084472656,26.440000534057617,26.579999923706055,1940200
2026-07-02,26.56999969482422,26.600000381469727,26.43000030517578,26.469999313354492,830200
2026-07-06,27.0,27.020000457763672,26.75,26.75,774900
2026-07-07,27.350000381469727,27.389999389648438,27.059999465942383,27.09000015258789,781000
2026-07-08,27.799999237060547,27.959999084472656,27.559999465942383,27.670000076293945,1394400
2026-07-09,27.579999923706055,27.760000228881836,27.510000228881836,27.75,448800
2026-07-10,27.520000457763672,27.670000076293945,27.420000076293945,27.5,509700
2026-07-13,28.329999923706055,28.389999389648438,27.790000915527344,27.850000381469727,770500
2026-07-14,28.6299991607666,28.719999313354492,28.399999618530273,28.65999984741211,867800
2026-07-15,28.790000915527344,28.81999969482422,28.469999313354492,28.75,609200
2026-07-16,28.459999084472656,28.729999542236328,28.420000076293945,28.719999313354492,521700
2026-07-17,28.979999542236328,29.020000457763672,28.719999313354492,28.739999771118164,4318800
2026-07-20,29.139999389648438,29.219999313354492,28.93000030517578,28.989999771118164,809000
2026-07-21,29.56999969482422,29.600000381469727,29.43000030517578,29.450000762939453,924700
2026-07-22,29.860000610351562,29.959999084472656,29.790000915527344,29.860000610351562,1198400
2026-07-23,30.309999465942383,30.56999969482422,30.280000686645508,30.280000686645508,1268000
2026-07-24,30.100000381469727,30.149999618530273,29.8700008392334,30.079999923706055,817400
2026-07-27,29.010000228881836,29.43000030517578,29.010000228881836,29.43000030517578,820900
2026-07-28,28.600000381469727,28.920000076293945,28.459999084472656,28.8799991607666,533000
2026-07-29,29.420000076293945,29.5,29.219999313354492,29.25,1143500
2026-07-30,29.31999969482422,29.399999618530273,29.239999771118164,29.299999237060547,640900
2026-07-31,29.450000762939453,29.559999465942383,29.290000915527344,29.540000915527344,1294100
2026-08-03,28.8799991607666,29.350000381469727,28.600000381469727,29.350000381469727,1391100
2026-08-04,28.309999465942383,28.479999542236328,28.200000762939453,28.43000030517578,1680600
2026-08-05,28.479999542236328,28.559999465942383,28.31999969482422,28.489999771118164,632200
2026-08-06,28.860000610351562,28.93000030517578,28.610000610351562,28.649999618530273,788800
2026-08-07,28.90999984741211,29.149999618530273,28.8700008392334,28.8700008392334,1114500
2026-08-10,29.93000030517578,29.969999313354492,29.40999984741211,29.489999771118164,1199800
2026-08-11,29.969999313354492,30.0,29.709999084472656,29.709999084472656,314800
2026-08-12,30.110000610351562,30.1299991607666,29.93000030517578,29.959999084472656,1078900
2026-08-13,29.780000686645508,29.969999313354492,29.639999389648438,29.860000610351562,317800
2026-08-14,30.0,30.030000686645508,29.739999771118164,29.809999465942383,166400
2026-08-17,30.559999465942383,30.600000381469727,30.139999389648438,30.139999389648438,660400
2026-08-18,30.479999542236328,30.639999389648438,30.479999542236328,30.56999969482422,535500
2026-08-19,30.760000228881836,30.90999984741211,30.649999618530273,30.649999618530273,352900
2026-08-20,31.110000610351562,31.1299991607666,30.950000762939453,31.0,408600
2026-08-21,31.260000228881836,31.3700008392334,31.190000534057617,31.31999969482422,466900
2026-08-24,30.940000534057617,31.229999542236328,30.889999389648438,31.18000030517578,2852600
2026-08-25,30.43000030517578,30.649999618530273,30.420000076293945,30.420000076293945,540000
2026-08-26,30.5,30.719999313354492,30.270000457763672,30.329999923706055,918100
2026-08-27,30.860000610351562,30.950000762939453,30.540000915527344,30.59000015258789,307600
2026-08-28,30.790000915527344,30.940000534057617,30.690000534057617,30.940000534057617,939800
2026-08-31,31.299999237060547,31.31999969482422,31.040000915527344,31.149999618530273,579600
2026-09-01,31.93000030517578,31.969999313354492,31.450000762939453,31.56999969482422,2540300
2026-09-02,31.93000030517578,32.0099983215332,31.729999542236328,31.770000457763672,1090400
2026-09-03,31.959999084472656,32.130001068115234,31.799999237060547,31.799999237060547,396400
2026-09-04,31.899999618530273,31.959999084472656,31.5,31.739999771118164,835000
2026-09-08,32.400001525878906,32.41999816894531,32.13999938964844,32.27000045776367,700400
2026-09-09,32.849998474121094,32.880001068115234,32.68000030517578,32.810001373291016,578700
2026-09-10,33.619998931884766,33.630001068115234,33.060001373291016,33.189998626708984,1023100
2026-09-11,33.15999984741211,33.22999954223633,32.9900016784668,33.11000061035156,577000
2026-09-14,33.150001525878906,33.599998474121094,33.02000045776367,33.4900016784668,1308800
2026-09-15,33.68000030517578,33.779998779296875,33.36000061035156,33.36000061035156,826800
2026-09-16,33.15999984741211,33.650001525878906,33.09000015258789,33.650001525878906,994900
2026-09-17,33.04999923706055,33.220001220703125,32.95000076293945,32.95000076293945,556700
2026-09-18,32.93000030517578,33.209999084472656,32.849998474121094,33.209999084472656,985100
2026-09-21,32.58000183105469,32.689998626708984,32.41999816894531,32.630001068115234,582100
2026-09-22,32.439998626708984,32.68000030517578,32.33000183105469,32.36000061035156,595800
2026-09-23,32.880001068115234,32.91999816894531,32.54999923706055,32.59000015258789,639400
2026-09-24,33.18000030517578,33.43000030517578,32.880001068115234,32.970001220703125,804700
2026-09-25,32.619998931884766,32.93000030517578,32.470001220703125,32.72999954223633,727500
