Price,Close,High,Low,Open,Volume
Ticker,IEF,IEF,IEF,IEF,IEF
Date,,,,,
2012-01-03,76.11087799072266,76.32129004008239,76.01655210292465,76.11087799072266,1297700
2012-01-04,75.87145233154297,76.13265314656952,75.78438354801496,76.10363021872686,1789000
2012-01-05,75.8859634399414,76.19070142419768,75.83517469849163,75.93675771694882,1311300
2012-01-06,76.1834487915039,76.22698041943478,75.98029381374917,75.98029381374917,998200
2012-01-09,76.19796752929688,76.37935671698717,76.1109042619631,76.13992719626059,379900
2012-01-10,76.04560089111328,76.19071556186647,75.95853762422006,75.99481214023933,1636100
2012-01-11,76.48812103271484,76.50988682954228,76.24143462126584,76.24143462126584,931600
2012-01-12,76.32855224609375,76.4809240036645,76.24874057710242,76.44464395937479,685000
2012-01-13,76.66949462890625,76.84363203959902,76.64772883645777,76.69126042135471,554000
2012-01-17,76.74212646484375,76.7856636291748,76.61878315961498,76.63329739291135,1158100
2012-01-18,76.5027084350586,76.85097258854627,76.46642838193912,76.85097258854627,455200
2012-01-19,76.04560089111328,76.40112768278958,75.95853762422006,76.35033893191563,1587200
2012-01-20,75.78438568115234,76.02382069092576,75.76261986854706,75.90047739579072,650600
2012-01-23,75.61749267578125,75.69004721229894,75.45786937410855,75.55944683234458,734000
2012-01-24,75.70458221435547,75.70458221435547,75.49417564600023,75.70458221435547,1388100
2012-01-25,76.06735229492188,76.50269068913671,75.62476785577002,75.66104236491617,1149200
2012-01-26,76.47364044189453,76.51717205154222,76.27048554946447,76.27048554946447,1055000
2012-01-27,76.70582580566406,76.72759161263114,76.4518821651212,76.58973412109808,767600
2012-01-30,76.9670181274414,77.13389298627602,76.92348098272124,76.98152681864441,1152400
2012-01-31,77.2573013305664,77.26455291398048,76.85824282039762,76.85824282039762,1001800
2012-02-01,76.98905944824219,77.10535978497772,76.93090927987443,77.07628470079383,1698800
2012-02-02,77.09808349609375,77.14169334614873,76.95997824357987,77.03266872101129,839900
2012-02-03,76.48755645751953,76.6183916097128,76.38579085425165,76.5238961664299,1112600
2012-02-06,76.69827270507812,76.74915268852867,76.42933802634055,76.51655768625444,2968500
2012-02-07,76.20404052734375,76.42937101889594,76.1458959108024,76.3712208568499,1164900
2012-02-08,76.24036407470703,76.32031913839702,76.12406932920537,76.19675423833179,404800
2012-02-09,76.06596374511719,76.1749939454311,75.86970827545089,76.10230344821758,1802500
2012-02-10,76.49478912353516,76.56747405650589,76.33487894369658,76.42937434751296,1322600
2012-02-13,76.44392395019531,76.53841937234895,76.32035898561622,76.34943407354766,299300
2012-02-14,76.60382080078125,76.72012113222331,76.4875260148442,76.5529407921516,615500
2012-02-15,76.66204833984375,76.81468851978912,76.57482300322756,76.58209316765657,344100
2012-02-16,76.3130874633789,76.56748754634975,76.18225234277877,76.47299767139084,1540500
2012-02-17,76.2331314086914,76.26220649574061,76.05868643190198,76.08049136081242,653600
2012-02-21,75.95687103271484,76.10951096932995,75.86238122781077,76.08043590347444,635300
2012-02-22,76.25492858886719,76.32034336419417,76.0732134856191,76.0732134856191,538200
2012-02-23,76.36392211914062,76.45841748347436,76.08771727105548,76.18947724379751,805900
2012-02-24,76.42206573486328,76.47294571689041,76.36391559954596,76.41479558157309,360100
2012-02-27,76.67649841308594,76.80006888981924,76.6474233330019,76.75645349694094,588600
2012-02-28,76.71285247802734,76.90183774757064,76.65470231116709,76.82188265451406,817900
2012-02-29,76.4075927734375,76.70560275334515,76.31309734074195,76.68379782134052,787500
2012-03-01,76.16007232666016,76.18191258273157,75.96349891303666,76.06542936552054,1185200
2012-03-02,76.4657974243164,76.51675984025854,76.247389450773,76.247389450773,360100
2012-03-05,76.31294250488281,76.50951031979243,76.28382031850934,76.40030906400325,1406100
2012-03-06,76.63323211669922,76.74971523340027,76.58954608776146,76.61139187947312,605800
2012-03-07,76.4876480102539,76.62597696701278,76.45124945365092,76.59685478903788,436100
2012-03-08,76.26192474365234,76.4948965111433,76.23280257840534,76.42209387526832,329900
2012-03-09,76.20369720458984,76.2328193762539,76.02896972909183,76.17457503292579,286800
2012-03-12,76.18184661865234,76.37113793151899,76.18184661865234,76.34201576380985,503100
2012-03-13,75.63581848144531,76.03624134439067,75.62126017483163,76.00711917667778,618600
2012-03-14,74.76947021484375,75.30822211673365,74.71123141975008,75.27181800962406,1733100
2012-03-15,74.74764251708984,74.91509366161517,74.67483984513929,74.67483984513929,2302300
2012-03-16,74.72579193115234,74.73307386368616,74.3690549998148,74.43457572915786,681200
2012-03-19,74.26713562011719,74.66755306710976,74.13608859731349,74.62387257767102,1133200
2012-03-20,74.3034896850586,74.4418185581027,74.09235818838015,74.33989377411783,769100
2012-03-21,74.68212127685547,74.71851983534226,74.44914939548644,74.45642577449112,458100
2012-03-22,74.77672576904297,74.91505466187841,74.71848144000859,74.85681033284402,326200
2012-03-23,75.05337524414062,75.16986389793173,74.95145044931577,74.97329623776515,396100
2012-03-26,74.96601104736328,75.08249414160281,74.747597608248,75.00240958422617,471700
2012-03-27,75.3809814453125,75.43194383327912,75.0897654192959,75.10432927556278,579200
2012-03-28,75.25,75.52665241051517,75.25,75.25,314700
2012-03-29,75.56303405761719,75.56303405761719,75.40286487382232,75.51935357275927,727700
2012-03-30,75.19172668457031,75.65039395333753,75.09708379084181,75.5484635734554,502600
2012-04-02,75.37189483642578,75.51046130225812,75.29896716747042,75.50316686615524,1433800
2012-04-03,74.81758880615234,75.61980936639125,74.75925004506131,75.48853741689953,833100
2012-04-04,75.19684600830078,75.20414044233651,75.04369627768784,75.12391836001218,461300
2012-04-05,75.53231048583984,75.55418822185148,75.32811086436814,75.53231048583984,456400
2012-04-09,76.30537414550781,76.4001851125742,76.23244648439636,76.32725745146276,573700
2012-04-10,76.6626968383789,76.72103560426997,76.37098075283741,76.42932508275003,900500
2012-04-11,76.36367797851562,76.45119446382411,76.29075035610236,76.36367797851562,435000
2012-04-12,76.21051025390625,76.4438819287737,76.1886325287655,76.42200420363294,451500
2012-04-13,76.66997528076172,76.6845641432668,76.48036458036196,76.5022423100988,461400
2012-04-16,76.64812469482422,76.8814965013636,76.61166365369095,76.64083026098847,1179600
2012-04-17,76.56790924072266,76.63354802287918,76.48768715365536,76.5533259358119,923400
2012-04-18,76.72108459472656,76.7429679054336,76.63357360799881,76.67732910136269,502900
2012-04-19,76.80860137939453,76.86694574674078,76.77213475879685,76.80130694246998,408800
2012-04-20,76.81584167480469,76.81584167480469,76.62622539658771,76.66998085924502,377500
2012-04-23,76.96905517578125,77.10032723661647,76.94717742631302,77.01281067471773,746600
2012-04-24,76.7720718383789,76.91063820625452,76.757488540507,76.88876047743638,506100
2012-04-25,76.67729949951172,76.8085714929499,76.40746107854912,76.58978298254529,681200
2012-04-26,76.93256378173828,76.9617359596457,76.80129176316689,76.93985821722113,314300
2012-04-27,77.01277160644531,77.02006604057622,76.87421074209593,76.88149961220385,368100
2012-04-30,77.07838439941406,77.16589532338966,77.04191780507682,77.07838439941406,1820300
2012-05-01,76.93812561035156,77.20838793168949,76.85777584647309,77.17917490198697,864100
2012-05-02,77.08426666259766,77.14270390840312,76.98200426887935,77.11348528550039,1030200
2012-05-03,77.07691192626953,77.12074261937822,76.92351843258656,76.92351843258656,360000
2012-05-04,77.38372039794922,77.38372039794922,77.18649617060484,77.19380221643836,814100
2012-05-07,77.36181640625,77.45677272108804,77.33259779255813,77.4129475869906,490800
2012-05-08,77.5371322631836,77.70513234693128,77.50060759825683,77.51521969338012,522300
2012-05-09,77.60289001464844,77.79280829013014,77.52984623881174,77.7489831392047,961400
2012-05-10,77.49332427978516,77.52254290572023,77.31801809705787,77.42758655109358,347000
2012-05-11,77.74896240234375,77.77087497196204,77.6247818863711,77.74896240234375,403500
2012-05-14,78.09229278564453,78.15803051015536,77.96081176374018,78.07037463792487,650200
2012-05-15,78.1141357421875,78.15796085280277,77.98265483746394,78.04108646065838,922100
2012-05-16,78.17257690429688,78.21640759313829,77.88040203403911,77.9023145920206,761600
2012-05-17,78.46477508544922,78.47208113072082,78.08494432452123,78.09955084218474,764000
2012-05-18,78.41368103027344,78.4794243230771,78.20915624889727,78.23106882220438,831900
2012-05-21,78.20916748046875,78.3479545618547,78.20916748046875,78.28951730938871,791600
2012-05-22,78.0411605834961,78.11420993440687,77.88776697777294,78.00464148092375,538300
2012-05-23,78.24565124511719,78.45017594892767,78.21643263416138,78.25295171819599,658000
2012-05-24,78.0776596069336,78.18722802441856,78.04844099074552,78.12879079204241,417700
2012-05-25,78.30412292480469,78.34064760039166,78.20186052062084,78.23838519620782,370400
2012-05-29,78.23837280273438,78.5013348212331,78.23837280273438,78.34794123925587,865400
2012-05-30,78.98338317871094,79.04182038797472,78.74963991453478,78.77885851916668,645600
2012-05-31,79.29023742675781,79.53858740002057,79.10762518539991,79.13683823987984,2994300
2012-06-01,79.9712905883789,80.01519043681546,79.67865470105137,79.78839036796332,2186400
2012-06-04,79.51041412353516,79.73720869651879,79.48114940739633,79.62746740641663,849500
2012-06-05,79.24708557128906,79.48851544036174,79.23976799237488,79.38609166227224,836700
2012-06-06,78.72757720947266,79.24701320449577,78.70563007444906,79.22506606947218,1492800
2012-06-07,78.91783905029297,78.96905092114724,78.65446211970666,78.70567399056092,631800
2012-06-08,78.97634887695312,79.32751991586915,78.91050744684817,79.29825519748663,468000
2012-06-11,79.18849182128906,79.24702124173616,78.8007441787543,78.8007441787543,1050900
2012-06-12,78.76417541503906,79.08607609659362,78.74954026761598,78.95438767815251,569700
2012-06-13,79.18118286132812,79.23970670234299,78.80074719553025,78.90317089439745,1332100
2012-06-14,78.96908569335938,79.1958804239099,78.88860906348445,79.13003895310919,802600
2012-06-15,79.33483123779297,79.40799023714581,79.2031428062883,79.2982489472796,769400
2012-06-18,79.3128662109375,79.40065475769487,79.18848980024354,79.34944291152887,718800
2012-06-19,79.04217529296875,79.16654612743186,78.92511644994029,79.13728141667474,1536800
2012-06-20,78.88123321533203,79.10071578589407,78.66906821890169,78.79343907077248,913100
2012-06-21,79.04949188232422,79.1592275692067,78.91780347639245,78.96169775114544,1655900
2012-06-22,78.70564270019531,78.88122539022277,78.69832512678953,78.74221940387811,1770300
2012-06-25,79.13731384277344,79.14463141887927,78.99831338681349,79.00562538124417,594900
2012-06-26,78.96170043945312,79.10070642313389,78.8812238785509,78.93975330132942,2395600
2012-06-27,79.07139587402344,79.10066056844795,78.90312527649996,79.06407830499988,3445300
2012-06-28,79.32752990722656,79.40800649749602,79.26900046308968,79.356794629295,413400
2012-06-29,78.96170043945312,79.04217700035535,78.85195916716164,78.8812238785509,646900
2012-07-02,79.32807922363281,79.52590799411955,79.11560475157289,79.13025604310852,1580800
2012-07-03,79.1302261352539,79.3280492410095,79.09358953531827,79.31339795501144,588000
2012-07-05,79.34272766113281,79.39401556099286,79.18886396155266,79.2328234214436,1602600
2012-07-06,79.6211166381836,79.68706139292603,79.54052059903158,79.58448563217978,1146900
2012-07-09,79.84090423583984,79.85555551643283,79.67238376425001,79.69436348011862,495300
2012-07-10,79.8775863647461,79.92155141458515,79.76035927508622,79.78233900502482,631900
2012-07-11,79.80427551269531,80.11200274509345,79.77496735866328,79.91417969282573,825800
2012-07-12,79.98750305175781,80.00948278511683,79.89225567721451,79.92156385168076,840400
2012-07-13,79.9215316772461,79.95816268811015,79.7969761783795,79.95816268811015,307900
2012-07-16,80.09735870361328,80.25855077038132,80.06805054693187,80.17062630033712,349400
2012-07-17,79.89222717285156,80.08272744393321,79.86291900884203,79.97282322638762,637900
2012-07-18,79.97283935546875,80.06808671523889,79.9581824755276,80.02412725533911,606000
2012-07-19,79.8555679321289,80.00943155708973,79.81893692997203,79.90685580711585,949100
2012-07-20,80.170654296875,80.22927063070732,80.07540694686843,80.07540694686843,250900
2012-07-23,80.30248260498047,80.42703803558874,80.24386631176809,80.40505832312344,1675600
2012-07-24,80.45643615722656,80.51505251599005,80.17068839570909,80.18534528038178,905500
2012-07-25,80.50037384033203,80.50769669021399,80.36848987295429,80.41977777193664,1246800
2012-07-26,80.25125885009766,80.40512255021744,80.22927912007509,80.34651180014457,742000
2012-07-27,79.67247009277344,79.99485451471912,79.39405074016126,79.99485451471912,1072300
2012-07-30,79.92884826660156,79.95083357935098,79.6504291280025,79.70171701116443,666000
2012-07-31,80.068115234375,80.09742341473462,79.81900408626387,80.05346393917709,2209700
2012-08-01,79.77603149414062,80.01817862596323,79.65129106802348,79.86408092515987,977300
2012-08-02,79.96684265136719,80.18697190441634,79.93015164339475,80.01820670357151,620000
2012-08-03,79.54856872558594,79.70999456016062,79.387137292751,79.62927884374315,765500
2012-08-06,79.59989166259766,79.73197134869504,79.56320068380386,79.59989166259766,850800
2012-08-07,79.18164825439453,79.26235833903009,79.09359325534948,79.23301227093967,1228200
2012-08-08,79.07157135009766,79.29170042372289,79.0128680244947,79.21098475058312,862800
2012-08-09,79.01289367675781,79.12296104843344,78.82211060573732,78.97620268677957,833700
2012-08-10,79.24036407470703,79.37978312211833,79.01289560641214,79.35043144907073,466900
2012-08-13,79.1889877319336,79.38711009463051,79.1889877319336,79.32106744097875,729500
2012-08-14,78.80008697509766,78.97619138562344,78.80008697509766,78.88080266289245,642100
2012-08-15,78.40386199951172,78.66802146209308,78.36717660642276,78.61665743316111,934600
2012-08-16,78.21307373046875,78.49925112782142,78.09567264281283,78.4258691499952,861400
2012-08-17,78.30846405029297,78.44054376605074,78.27911238031805,78.27911238031805,784300
2012-08-20,78.35250091552734,78.4552289772524,78.27912452833222,78.29379756646745,1000100
2012-08-21,78.4185791015625,78.43325214634372,78.08837681223395,78.27182066244025,684500
2012-08-22,79.02754974365234,79.02754974365234,78.64598928180563,78.70469261386138,730600
2012-08-23,79.1670150756836,79.2550701252853,79.02759598004619,79.14500271284845,440200
2012-08-24,79.13029479980469,79.35042954324491,79.10094872572112,79.29906551621006,311500
2012-08-27,79.33572387695312,79.34305759332825,79.23299586513349,79.25500821077243,467400
2012-08-28,79.36508178710938,79.51917381697336,79.35040315668964,79.38709413448177,615000
2012-08-29,79.31373596191406,79.36510558552963,79.18899555722768,79.36510558552963,764700
2012-08-30,79.46052551269531,79.57792664605928,79.45318619240348,79.50455023792416,642200
2012-08-31,79.97413635253906,79.97413635253906,79.4091320610392,79.4604960875392,912700
2012-09-04,79.79122924804688,79.96758373714968,79.73979392356604,79.79857875326697,1200200
2012-09-05,79.76181030273438,79.85733140798995,79.68098259596901,79.76915419896565,782300
2012-09-06,79.2180404663086,79.41643773804827,79.20334707130353,79.40173873701687,1376700
2012-09-07,79.3208999633789,79.77647362923304,79.3208999633789,79.7470812373045,2748500
2012-09-10,79.35763549804688,79.43111366896969,79.2253725479758,79.38702788762102,1614100
2012-09-11,79.210693359375,79.32090783250908,79.14455906946846,79.3062144380999,375200
2012-09-12,78.82127380371094,79.21071895673163,78.76983849761808,78.90945101673923,660700
2012-09-13,79.049072265625,79.18867919413569,78.45388582250362,79.03437325881639,1458700
2012-09-14,78.30690002441406,79.04904262113666,78.1966799387976,78.60816788469727,1050800
2012-09-17,78.46851348876953,78.59342690293369,78.36564295874923,78.38033634617067,745300
2012-09-18,78.66693115234375,78.82858649773092,78.63019486859004,78.78450071481635,578700
2012-09-19,78.85062408447266,78.92410785908702,78.75510302590887,78.88736597177984,437200
2012-09-20,78.89469909667969,79.16656882463941,78.79917245191653,79.12983255098138,422300
2012-09-21,79.0637435913086,79.07109309266087,78.79187370757077,78.81391660560065,682000
2012-09-24,79.24006652832031,79.30620080685962,79.16658835685173,79.16658835685173,943800
2012-09-25,79.53401947021484,79.54136897237115,79.13723044418825,79.32092875590273,471900
2012-09-26,79.86463928222656,79.86463928222656,79.67359156526797,79.71767734378737,444600
2012-09-27,79.6956558227539,79.75444061389113,79.59278524127689,79.673612927584,295400
2012-09-28,79.6956558227539,79.87200459013934,79.62217763684549,79.78383300945974,612500
2012-10-01,79.84358215332031,79.8583002957923,79.63021960741632,79.76265482303097,1213500
2012-10-02,79.79204559326172,79.8729785020994,79.67432857070416,79.68168763877783,846500
2012-10-03,79.87295532226562,79.87295532226562,79.68166451445833,79.78466898429998,938000
2012-10-04,79.55658721923828,79.76995523658631,79.52715656719135,79.69638141313045,376700
2012-10-05,79.19609832763672,79.32117443112661,79.14459607247473,79.28439031362508,805200
2012-10-08,79.45359802246094,79.46831615797612,79.35795259490824,79.37266511709942,403700
2012-10-09,79.2917251586914,79.42416029992788,79.22551039473491,79.24022291561741,387200
2012-10-10,79.48301696777344,79.51244762114298,79.11514222063882,79.16664446070475,318100
2012-10-11,79.55658721923828,79.56394628558074,79.18871248863607,79.23286127336792,1217500
2012-10-12,79.56398010253906,79.74055847654854,79.54190850745354,79.61548236218039,427900
2012-10-15,79.58606719970703,79.64492854028386,79.50513425974547,79.59342627061073,635000
2012-10-16,79.21080017089844,79.40945008185207,79.21080017089844,79.40945008185207,585500
2012-10-17,78.71047973632812,79.00477502980316,78.68104908431604,78.97534437779107,597300
2012-10-18,78.5706787109375,78.85762052645231,78.5412480614844,78.78404670948073,1157500
2012-10-19,78.90180206298828,78.97537591573794,78.66636236619426,78.68843396068664,808100
2012-10-22,78.63691711425781,78.82085451867177,78.63691711425781,78.747280679571,760000
2012-10-23,79.0121841430664,79.0121841430664,78.87238986079295,78.87238986079295,414600
2012-10-24,78.84297180175781,78.960688881495,78.79146391354703,78.83561273010957,682400
2012-10-25,78.55602264404297,78.75467828147207,78.42358742353254,78.46773623925392,437300
2012-10-26,79.0562973022461,79.0636563704448,78.8061451167332,78.828216708005,414800
2012-10-31,79.3800048828125,79.44622524988068,79.20342659283507,79.23285724338508,728100
2012-11-01,79.22159576416016,79.33210781086423,79.12582165481726,79.30263755701806,918300
2012-11-02,79.28791046142578,79.30264277888085,79.01531481105623,79.04478506684292,527200
2012-11-05,79.47948455810547,79.56052638267357,79.42791299891472,79.45001429272813,805400
2012-11-06,79.11846160888672,79.46473010453505,79.10372929074026,79.41315855970723,486000
2012-11-07,79.78157043457031,79.96575542339676,79.7152609157353,79.81104070728811,979800
2012-11-08,80.13520050048828,80.1499384469257,79.678425336762,79.76683053186791,514700
2012-11-09,80.14249420166016,80.17196444597607,79.97304732293658,80.09092267932589,368200
2012-11-12,80.19412994384766,80.20886788824502,80.08361784438293,80.14255838021462,267900
2012-11-13,80.28998565673828,80.30471799419038,80.16473549441665,80.29734901502223,1608900
2012-11-14,80.31202697753906,80.3267593039856,80.06153246090791,80.08363376101772,1477300
2012-11-15,80.2751693725586,80.35621120168169,80.13518700936804,80.14992495332424,1448500
2012-11-16,80.32675170898438,80.45199614501793,80.23834651690396,80.26044781492406,578100
2012-11-19,80.16461181640625,80.17198078420554,80.0688377185175,80.09830796883917,712300
2012-11-20,79.8331298828125,80.08361873155388,79.8331298828125,80.03941613962985,970700
2012-11-21,79.71524047851562,79.77418100884019,79.68577583423168,79.71524047851562,291500
2012-11-23,79.67103576660156,79.7226073240407,79.66366679528791,79.71523835272704,466000
2012-11-26,79.80361938476562,79.95096503081992,79.78151809994509,79.86255989153779,1522400
2012-11-27,79.98782348632812,79.99519245666558,79.8110075443713,79.85521012464113,579100
2012-11-28,80.09097290039062,80.20885395157164,80.05413928755497,80.13517548414455,1057500
2012-11-29,80.1720199584961,80.20149022321775,80.04677554908778,80.09097813573112,814200
2012-11-30,80.15723419189453,80.23827596062506,80.12776394682211,80.23090699413832,557800
2012-12-03,80.12559509277344,80.14034599394301,79.94117787433599,79.9928144703798,750400
2012-12-04,80.26569366455078,80.273071924092,80.15504791124779,80.1771770619084,479300
2012-12-05,80.33209228515625,80.4501163061408,80.30996313296936,80.34684317729304,505500
2012-12-06,80.3763656616211,80.51652448903839,80.36898740018742,80.47963880983453,443700
2012-12-07,80.14767456054688,80.30258425262193,80.13291804056065,80.17718197255594,515700
2012-12-10,80.22148895263672,80.27312554799332,80.14772319183685,80.25099638255003,707500
2012-12-11,80.0665512084961,80.07392947038974,79.97802894966686,80.04442205078,734300
2012-12-12,79.72723388671875,80.11081913171967,79.72723388671875,79.97803854153368,1165600
2012-12-13,79.5723648071289,79.74202554199339,79.52072819721775,79.63137405562138,862900
2012-12-14,79.74940490722656,79.7789123458635,79.66826085796708,79.66826085796708,380700
2012-12-17,79.32890319824219,79.69035933336768,79.30677403478072,79.67560843371547,660100
2012-12-18,79.01904296875,79.32886235362436,78.93052073251587,79.28460404948899,846400
2012-12-19,79.12973022460938,79.32152568971223,79.09285016114451,79.12973022460938,675300
2012-12-20,79.18134307861328,79.35838759084854,79.14446302620443,79.24035791602503,377100
2012-12-21,79.39531707763672,79.52809773050484,79.38056617308166,79.4764611226099,499200
2012-12-24,79.31409454345703,79.35835846925495,79.29934365349946,79.33622932033728,903400
2012-12-26,79.47740173339844,79.51433929978678,79.39614923193054,79.40353223650312,780000
2012-12-27,79.6399154663086,79.79504309560211,79.42568998703246,79.44046726746869,446700
2012-12-28,79.82461547851562,79.83200412090503,79.70642537969923,79.78768353833424,552200
2012-12-31,79.40351104736328,79.750703789591,79.37396212931412,79.71377186893945,1742800
2013-01-02,79.04151153564453,79.15231852011296,79.00457399552927,79.04151153564453,2561300
2013-01-03,78.6352310180664,79.07845901162982,78.62784801781758,79.06368173937608,2131900
2013-01-04,78.67217254638672,78.67217254638672,78.4579471748846,78.55397690588417,975400
2013-01-07,78.71653747558594,78.74608640237184,78.613119049776,78.67221690334782,1387400
2013-01-08,78.90863800048828,78.92340965255214,78.8126081723632,78.82737982442704,364200
2013-01-09,78.95291900634766,79.02679413727873,78.8495005861016,78.93075872142082,517700
2013-01-10,78.7238998413086,78.87163879004719,78.69435092438495,78.73128847950942,689100
2013-01-11,78.9750747680664,78.9750747680664,78.57617278305308,78.6057217044482,553900
2013-01-14,78.94549560546875,79.08584588348175,78.9307183324916,79.05629697340576,971700
2013-01-15,79.1375961303711,79.24101455136002,79.10804720496265,79.20408262151041,428800
2013-01-16,79.24101257324219,79.29272178244582,79.1523714351109,79.26317849365613,534000
2013-01-17,78.8790054321289,78.97504079432034,78.79774734221833,78.92332597721537,436100
2013-01-18,79.10066986083984,79.13760179333225,78.98986279159931,79.01202307827108,560100
2013-01-22,79.16715240478516,79.20408997394489,78.93076661545541,78.945543897472,595400
2013-01-23,79.20405578613281,79.30008553426318,79.15234659315811,79.22621606371064,603600
2013-01-24,79.07110595703125,79.15975272281007,78.97507618768131,79.14497544390663,376300
2013-01-25,78.546630859375,78.76823933576073,78.49492165129689,78.69436984363215,570600
2013-01-28,78.38411712646484,78.40627741123095,78.22160085700516,78.22160085700516,1328000
2013-01-29,78.26593017578125,78.5392535355071,78.2511585295796,78.41367481720677,480600
2013-01-30,78.31024932861328,78.32502097348367,78.09602384476423,78.20683090687668,453200
2013-01-31,78.37667846679688,78.38406710229725,78.25109984267823,78.38406710229725,902500
2013-02-01,78.11042022705078,78.7243576583926,78.0808322690351,78.70956650104776,2587800
2013-02-04,78.5616455078125,78.60602463379128,78.32494743038013,78.35453539547508,693400
2013-02-05,78.28057098388672,78.31755170902576,78.20660389028114,78.2657741791691,797700
2013-02-06,78.51722717285156,78.5542078782578,78.36928742125312,78.45065287380115,816800
2013-02-07,78.55418395996094,78.73910436066078,78.50980486965626,78.51720326581464,970000
2013-02-08,78.6134033203125,78.64299127798705,78.38410370249213,78.56902420546363,952800
2013-02-11,78.53202056884766,78.63557557626135,78.53202056884766,78.55421012138993,558800
2013-02-12,78.45068359375,78.53204907815936,78.39151331326505,78.41370287386275,531500
2013-02-13,78.177001953125,78.310144955152,78.14001559126831,78.19919151290841,610700
2013-02-14,78.50987243652344,78.51727083904899,78.2657759431288,78.36933100517605,988000
2013-02-15,78.43590545654297,78.48028458510626,78.295364024989,78.43590545654297,681700
2013-02-19,78.31012725830078,78.56161640344894,78.30272885893606,78.54682524804473,498800
2013-02-20,78.48023223876953,78.49502903397293,78.25093270303181,78.28052065011472,869900
2013-02-21,78.63561248779297,78.77615391096366,78.61342292483492,78.65040929198321,681000
2013-02-22,78.73175048828125,78.76133844420352,78.65038502032642,78.65777777681282,412800
2013-02-25,79.33833312988281,79.33833312988281,78.52468364597418,78.53207640652822,2909000
2013-02-26,79.19035339355469,79.42705140865684,79.13118312227353,79.19035339355469,860900
2013-02-27,79.15336608886719,79.41965203910104,79.08679177964605,79.39745684047709,398800
2013-02-28,79.26432800292969,79.27172075993788,79.13857777055289,79.23474004491902,534400
2013-03-01,79.46208190917969,79.48429780284107,79.32137371595918,79.38061986573875,876500
2013-03-04,79.2769546508789,79.43247158148951,79.2769546508789,79.40284850184587,572600
2013-03-05,79.19548797607422,79.24732694992143,79.1066187423257,79.21770387200525,224700
2013-03-06,78.94363403320312,79.07693495647763,78.94363403320312,78.95844838580032,1091700
2013-03-07,78.6400146484375,78.81774734538176,78.62520029451348,78.80293864147832,804500
2013-03-08,78.24014282226562,78.38084534013208,78.18089668315196,78.23273564237071,1651900
2013-03-11,78.27716827392578,78.3512287736356,78.24014367409374,78.31419852378069,1465800
2013-03-12,78.49200439453125,78.5364418657474,78.38832637840711,78.39573356528116,525300
2013-03-13,78.42527770996094,78.5067397334811,78.29197673056635,78.35122286585782,1116500
2013-03-14,78.44751739501953,78.50676354828316,78.24756869028501,78.26978458525282,557400
2013-03-15,78.72151184082031,78.73632055134463,78.49193445252003,78.49193445252003,1184700
2013-03-18,78.9807357788086,79.01035886080554,78.86224345082081,79.00295167780001,1442000
2013-03-19,79.22510528564453,79.32137604434436,79.04736683108854,79.06958272540204,545300
2013-03-20,78.92143249511719,79.11397956372805,78.91402531747262,79.01770320441207,742800
2013-03-21,79.12884521484375,79.13625239781896,79.00295135439097,79.12884521484375,669700
2013-03-22,79.15843200683594,79.2028637842673,79.0029151358036,79.18064789555162,297000
2013-03-25,79.2176742553711,79.32875934351995,79.00291125828927,79.02512714591458,319500
2013-03-26,79.29911804199219,79.3287411020216,79.0399233292611,79.0547320342653,546300
2013-03-27,79.63981628417969,79.72868551060732,79.58057013322794,79.58057013322794,623700
2013-03-28,79.49170684814453,79.66203813235569,79.47689813431172,79.55836018545301,378400
2013-04-01,79.70301055908203,79.75491962347962,79.51020303803516,79.51020303803516,2471100
2013-04-02,79.54732513427734,79.60665143114878,79.51025044198299,79.58440548423876,984900
2013-04-03,79.88102722167969,79.95518226013934,79.65114490515478,79.65114490515478,1234000
2013-04-04,80.19985961914062,80.20727681664648,79.99963489013076,80.02188648264831,584800
2013-04-05,80.4520263671875,80.6077536435609,80.40753447612846,80.48168951378244,663800
2013-04-08,80.19244384765625,80.46682358361174,80.1850266500185,80.407497317838,858200
2013-04-09,80.22209167480469,80.37040165327858,80.17759981279512,80.32590979126901,507800
2013-04-10,79.88843536376953,80.06640856742452,79.8736009631597,80.04416262417591,340900
2013-04-11,79.97744750976562,80.06643697199631,79.93295560748436,79.97744750976562,1132200
2013-04-12,80.42237091064453,80.42237091064453,80.18507137286097,80.27406082115502,827700
2013-04-15,80.600341796875,80.600341796875,80.35562508163763,80.38528822812096,587300
2013-04-16,80.37042999267578,80.46683660457444,80.33335531381593,80.34818405382687,1226700
2013-04-17,80.5187759399414,80.68933197365448,80.38529459902081,80.41495774785507,988300
2013-04-18,80.56324768066406,80.65223710490525,80.51133859760647,80.57808208020379,705600
2013-04-19,80.5187759399414,80.5187759399414,80.45203244064754,80.5187759399414,750500
2013-04-22,80.56324768066406,80.64481990513539,80.51875579737633,80.5558304808942,379900
2013-04-23,80.5113525390625,80.85988743894445,80.48910659356649,80.659662614147,449800
2013-04-24,80.54843139648438,80.60034048757028,80.49652230539847,80.50393384864888,279400
2013-04-25,80.45938873291016,80.48905185928884,80.3778165497845,80.43714280254186,293300
2013-04-26,80.74864196777344,80.77088791049077,80.6448237966485,80.66706973936584,433300
2013-04-29,80.7189712524414,80.82278941382684,80.70414251124296,80.80054347319646,810000
2013-04-30,80.70413970947266,80.9340219648932,80.67447657044012,80.83762100628643,752700
2013-05-01,80.96770477294922,81.05679903201148,80.8711784393772,80.8711784393772,803600
2013-05-02,80.96770477294922,80.97512551807712,80.87860484919604,80.92315197872716,921300
2013-05-03,80.2772216796875,80.55936303166106,80.22524812367413,80.53708945975431,879500
2013-05-06,80.17328643798828,80.32920712911374,80.10646004768104,80.2995071406098,434000
2013-05-07,80.0618896484375,80.14356317693309,80.04703682615178,80.04703682615178,544000
2013-05-08,80.15840148925781,80.25492216469637,80.11385435670023,80.13612792297903,1114400
2013-05-09,80.14358520507812,80.36632661835868,80.12131163021942,80.2178323428383,587300
2013-05-10,79.69066619873047,80.00250756008796,79.50504553153769,80.00250756008796,529700
2013-05-13,79.54953002929688,79.57180358546744,79.49755651000265,79.51983006617321,417600
2013-05-14,79.23030853271484,79.68322332025073,79.200608552338,79.65352333987387,876900
2013-05-15,79.43820190429688,79.54214900218851,79.24516053089354,79.46790188436476,768200
2013-05-16,79.81688690185547,79.90598686140756,79.60899266092713,79.6238398218392,697900
2013-05-17,79.38623046875,79.72035100488968,79.37138331066679,79.69065102403113,365800
2013-05-20,79.32677459716797,79.53467431664923,79.24510678823194,79.5123950981887,1440000
2013-05-21,79.53470611572266,79.54955326927762,79.13376499345351,79.29711200601025,530600
2013-05-22,78.90364074707031,79.76492347137287,78.86652000772936,79.59414994338394,1797400
2013-05-23,78.98524475097656,79.17829168551462,78.79962422364467,79.15601812858503,950100
2013-05-24,79.01502227783203,79.208069401869,78.97047512024447,79.0744222644118,349800
2013-05-28,78.08690643310547,78.81454199238419,78.07205927114589,78.76256842848525,1157000
2013-05-29,78.40615844726562,78.40615844726562,78.10174353847499,78.14629068008034,1588400
2013-05-30,78.41360473632812,78.51755186955202,78.26511045020654,78.38390474616502,578000
2013-05-31,78.1982650756836,78.51753281157606,77.83445019770605,78.4878328286218,1639400
2013-06-03,78.31123352050781,78.69040657875065,77.48596516871785,78.05101504749686,3269200
2013-06-04,78.11050415039062,78.30381176901886,78.07333331718336,78.13280778478267,1235100
2013-06-05,78.48975372314453,78.51949381992883,78.25183862121368,78.28157871799796,1298900
2013-06-06,78.58635711669922,79.05475626651386,78.2889676739255,78.42279519210967,2471900
2013-06-07,77.9767074584961,78.47484673672666,77.9767074584961,78.32614632817254,652300
2013-06-10,77.78341674804688,77.92467506629097,77.67189284349735,77.82802404093013,694600
2013-06-11,77.9767074584961,77.9767074584961,77.46370664792099,77.50831393431693,756100
2013-06-12,77.62721252441406,78.0286891273653,77.62721252441406,77.68668696819523,528700
2013-06-13,78.21463012695312,78.30385038085437,77.8131531652504,77.82058393215297,1180100
2013-06-14,78.31871032714844,78.54175810505528,78.26666660194893,78.37075972468857,599700
2013-06-17,78.13285827636719,78.42282272786167,78.08081453837424,78.40794984709682,478400
2013-06-18,78.08821868896484,78.15513528005238,77.90978389996422,77.95439117912946,429000
2013-06-19,77.01758575439453,79.99152487890915,76.935807647022,78.13281292608751,1281500
2013-06-20,76.66815185546875,76.89863032001551,76.43766771858331,76.74249919832202,1982500
2013-06-21,75.85778045654297,76.57896187889938,75.85034401761966,76.51205094561233,1777200
2013-06-24,75.67189025878906,75.98415254735755,75.27784417954699,75.2852806166099,2731500
2013-06-25,75.5826644897461,75.92466680348637,75.50831147482715,75.88005386006728,772000
2013-06-26,75.88750457763672,76.0659393678776,75.65702607056141,76.0138956510432,1015300
2013-06-27,76.29641723632812,76.3261573109649,75.99902216229962,76.1997605756738,949000
2013-06-28,76.20718383789062,76.25179110596456,75.81313784366883,75.93209244931208,1017700
2013-07-01,76.23625946044922,76.2958204004757,75.96079437285957,76.09480364789725,1127100
2013-07-02,76.26602172851562,76.36280397292735,76.14689987689272,76.2511286570415,385400
2013-07-03,76.11714172363281,76.42238729785096,76.10970086575738,76.2734849396796,1233200
2013-07-05,74.83659362792969,75.141839136007,74.78447923387294,75.11205867082558,924100
2013-07-08,75.2758560180664,75.33541695446539,75.07483927773072,75.08973235185223,1137200
2013-07-09,75.40238952636719,75.4842843621673,75.3428286130505,75.40238952636719,558400
2013-07-10,75.1343765258789,75.47684328213538,75.1194891364946,75.37261451632001,1005500
2013-07-11,75.88634490966797,75.88634490966797,75.61832636357715,75.68533384012174,818700
2013-07-12,75.82681274414062,76.16927975409004,75.70024996047266,76.09483139193512,1919500
2013-07-15,76.06498718261719,76.06498718261719,75.89375666112508,75.91609058305527,563700
2013-07-16,76.10222625732422,76.17667456892734,76.0128848753752,76.05755840637076,713300
2013-07-17,76.43724060058594,76.57124982314636,76.32556530177865,76.54146936479498,696300
2013-07-18,76.07990264892578,76.41492293659248,76.07990264892578,76.41492293659248,717800
2013-07-19,76.4968032836914,76.50424981846162,76.26601182619096,76.27345268091939,459500
2013-07-22,76.48934936523438,76.57869073372721,76.4372349869572,76.48934936523438,450300
2013-07-23,76.40003967285156,76.42237360256387,76.22880341165198,76.31814481054435,13316500
2013-07-24,75.88634490966797,76.02035418271338,75.67788730271818,75.93845931140541,837400
2013-07-25,75.9980239868164,76.005464844542,75.64066401444526,75.6555570899846,712300
2013-07-26,76.06498718261719,76.11710156046799,75.98309234884577,76.07243371660763,544900
2013-07-29,75.90866088867188,76.00544313185323,75.82676603673288,75.96822181372613,420300
2013-07-30,75.88634490966797,76.0129076453098,75.79700350095644,75.98312717573928,306800
2013-07-31,75.93843078613281,75.99799170290056,75.29816513098366,75.3577260477514,930500
2013-08-01,75.2682876586914,75.69323715734878,75.1937362127343,75.66341544138379,1177300
2013-08-02,75.90936279296875,75.90936279296875,75.61115162584353,75.6558869980505,4360000
2013-08-05,75.67074584960938,75.78257567563732,75.60365136673335,75.75275400950311,390400
2013-08-06,75.69317626953125,75.73790596354267,75.58880319156715,75.62608172851412,257000
2013-08-07,75.96903991699219,76.01376962116764,75.76774487238775,75.78265856571787,493200
2013-08-08,76.080810546875,76.15536189167726,75.99134552037047,76.07335370602387,804900
2013-08-09,76.13304138183594,76.14049253912214,75.9541112246534,75.96902491503843,557600
2013-08-12,75.98392486572266,76.24485754074735,75.95410317601902,76.24485754074735,400400
2013-08-13,75.29801940917969,75.52167916773487,75.23837604851111,75.52167916773487,566500
2013-08-14,75.36517333984375,75.40990873956531,75.27571391621747,75.29807877212404,1672300
2013-08-15,74.94762420654297,75.19364881135428,74.77615664893808,74.94762420654297,15452300
2013-08-16,74.65691375732422,74.97003306297927,74.44071070687455,74.97003306297927,1066900
2013-08-19,74.33628845214844,74.49284800145524,74.26173709836954,74.44811832676864,892200
2013-08-20,74.73892211914062,74.75383012461478,74.58981931276917,74.60472731824332,1221100
2013-08-21,74.26921844482422,74.73889724771247,74.23939675589243,74.55251595781792,945100
2013-08-22,74.23936462402344,74.36610248120041,74.05298341479738,74.2095429479989,755100
2013-08-23,74.65691375732422,74.70910030826673,74.11268339576769,74.17977795216201,991100
2013-08-26,74.80596160888672,74.84324012699157,74.66431575347553,74.82087529128998,512600
2013-08-27,75.2309799194336,75.27570962869903,74.9476765929975,75.05950655406922,532500
2013-08-28,74.92527770996094,75.03710762024348,74.77617495485457,75.01474277576807,761700
2013-08-29,74.99981689453125,75.09673878870842,74.67178974904465,74.70906258780892,470900
2013-08-30,74.8581771850586,75.08928814334753,74.8581771850586,75.05200961360188,1038200
2013-09-03,74.433349609375,74.60507547934516,74.11975308354315,74.537879885828,796000
2013-09-04,74.18695068359375,74.50800957286556,74.13468554796682,74.47814296729696,824400
2013-09-05,73.6194839477539,74.00027598287137,73.6194839477539,73.94054278197616,1722700
2013-09-06,74.06747436523438,74.35866661003166,73.94801365539354,74.14960609545636,1033900
2013-09-09,74.21678924560547,74.38851504214594,74.17945457863385,74.35864844786273,764300
2013-09-10,73.87334442138672,74.1197338969756,73.87334442138672,73.9554761454068,1895300
2013-09-11,74.24663543701172,74.26156588181526,73.91810868664548,74.11223864790452,885300
2013-09-12,74.25413513183594,74.53039691953767,74.22427422722055,74.45573326505581,796800
2013-09-13,74.35118865966797,74.43332037268806,74.25412080075118,74.2690569466479,1166500
2013-09-16,74.51546478271484,75.03811604874434,74.48559818230294,75.02318559677417,1855200
2013-09-17,74.66480255126953,74.70959960992913,74.51547522475593,74.7021372311341,943300
2013-09-18,75.59065246582031,75.77731449184964,74.35868195473222,74.5901467406102,1341800
2013-09-19,75.32935333251953,75.58321673960674,74.66483674124049,75.58321673960674,1592800
2013-09-20,75.40397644042969,75.52344284921557,75.28451572811572,75.38157791290031,300600
2013-09-23,75.68767547607422,75.69513785122905,75.47860934587753,75.47860934587753,2003200
2013-09-24,75.96395874023438,76.00876148959796,75.717569252857,75.7548982314431,1149800
2013-09-25,76.17303466796875,76.18797081960386,75.9117089790821,75.93410751006199,569900
2013-09-26,76.0087890625,76.0610542086575,75.91172115072631,75.98638483145506,568100
2013-09-27,76.11326599121094,76.27006131975298,76.03859666635974,76.03859666635974,2349400
2013-09-30,76.24020385742188,76.24020385742188,76.03860577053763,76.20286919052616,3785200
2013-10-01,76.0704574584961,76.19009739753609,76.01811391547515,76.16018598652151,1937000
2013-10-02,76.19758605957031,76.38452812266787,76.16767464487242,76.17515392480165,799900
2013-10-03,76.30226135253906,76.4817241079398,76.10784003959436,76.14523072843616,651800
2013-10-04,76.09295654296875,76.24250802461029,76.00322223096983,76.21259658727732,1160900
2013-10-07,76.16024780273438,76.33223712941044,76.13033636744188,76.31727855925273,454400
2013-10-08,76.12281036376953,76.27236173221726,76.04802897452666,76.12281036376953,818100
2013-10-09,75.98822784423828,76.14525852566608,75.92840500226002,76.11534710467694,506500
2013-10-10,75.8237075805664,75.88353041441768,75.66667692047143,75.72649404930324,649100
2013-10-11,75.93588256835938,76.1452568055333,75.89849186671256,76.04056968694634,850100
2013-10-14,75.68162536621094,76.04055664338298,75.62180253584575,75.93586954275345,183200
2013-10-15,75.69661712646484,75.86860070792201,75.65174713150164,75.83121570131122,368100
2013-10-16,76.06300354003906,76.07048282154099,75.52460937230455,75.62181721174875,2339600
2013-10-17,76.49673461914062,76.57898962644252,76.3023131741523,76.34717746721806,2950500
2013-10-18,76.50416564941406,76.61633202471802,76.48173351535704,76.59389989066099,582600
2013-10-21,76.45184326171875,76.48923396550857,76.3546354188938,76.48175468374653,321700
2013-10-22,76.98272705078125,76.99768560825925,76.81074357491104,76.83317570610993,484700
2013-10-23,77.11736297607422,77.25196153362033,77.03510798507266,77.03510798507266,280800
2013-10-24,76.96031188964844,77.19212394152804,76.9528383142796,77.17716538075162,591200
2013-10-25,77.09495544433594,77.12486687834132,77.0052268473425,77.02765899659086,552800
2013-10-28,77.02012634277344,77.10986058261061,76.99021492949439,77.02012634277344,600800
2013-10-29,77.12483978271484,77.12483978271484,76.93041838249569,76.95285622888385,274700
2013-10-30,76.92291259765625,77.31922880926511,76.84065764373536,77.16967175440062,1753100
2013-10-31,76.83318328857422,77.11733315349896,76.69110550360251,77.10238029956342,893000
2013-11-01,76.40702056884766,76.70659835576261,76.38455323477396,76.676640005674,680100
2013-11-04,76.55684661865234,76.63173967044227,76.5193972357706,76.54935559928128,437000
2013-11-05,76.21237182617188,76.38462535936434,76.14496404633138,76.33969064878829,656900
2013-11-06,76.4444580078125,76.47441635322689,76.33211564100107,76.33211564100107,692700
2013-11-07,76.64671325683594,76.70662998171665,76.48943613950411,76.5119091968144,415000
2013-11-08,75.78543090820312,75.94270801782969,75.76296356596691,75.89028231462083,2497700
2013-11-11,75.74797058105469,75.83784565098347,75.74797058105469,75.83035463332968,144000
2013-11-12,75.6806411743164,75.83042738726806,75.62821542838556,75.71059384572453,1052100
2013-11-13,75.99510192871094,76.03254557878248,75.8827595505549,75.91271789899456,1122700
2013-11-14,76.36212921142578,76.3845965582424,76.05506594830821,76.05506594830821,694100
2013-11-15,76.30219268798828,76.38457674759877,76.2347906650194,76.36960042492994,359200
2013-11-18,76.57182312011719,76.59429046430864,76.34714396422896,76.34714396422896,2853000
2013-11-19,76.28717041015625,76.46691474376858,76.26470308270088,76.42198008885784,559100
2013-11-20,75.8677978515625,76.47443881093396,75.83783949735046,76.30217970270765,1562700
2013-11-21,75.93521118164062,75.97266055848068,75.6131659683232,75.71052634854561,804800
2013-11-22,76.15242004394531,76.17488738889973,75.98016087600516,76.01011924060231,807900
2013-11-25,76.21237182617188,76.2722828689478,76.10002933575534,76.11500566795522,487400
2013-11-26,76.37710571289062,76.45199876817267,76.2497812335399,76.27973959844749,425400
2013-11-27,76.20482635498047,76.35461242586324,76.01759090939083,76.34712712209974,476900
2013-11-29,76.15985107421875,76.21976204224876,76.05499973770462,76.06248503747756,652100
2013-12-02,75.83283996582031,76.01288051200052,75.77283217363075,75.99037687452895,2912200
2013-12-03,75.96785736083984,76.09538749480753,75.93785633035658,76.02787086821252,477200
2013-12-04,75.622802734375,75.71282301264235,75.54778869742094,75.59279597495254,943600
2013-12-05,75.4352798461914,75.60031419437318,75.39777568182619,75.50279649917726,374100
2013-12-06,75.50274658203125,75.62276784113767,75.36021597134095,75.39022271691793,415600
2013-12-09,75.59278869628906,75.6528022093554,75.50277414989317,75.54778142309111,540900
2013-12-10,75.90785217285156,75.93785892756418,75.7428178835338,75.84033554394736,334700
2013-12-11,75.61531829833984,75.84786356971983,75.61531829833984,75.78785004058786,371700
2013-12-12,75.397705078125,75.53273253444941,75.3752014559376,75.47271905981636,1156200
2013-12-13,75.51024627685547,75.5552535315803,75.42772916105908,75.51024627685547,434000
2013-12-16,75.47276306152344,75.66780410619263,75.40524643239809,75.6603009866891,572400
2013-12-17,75.71280670166016,75.71280670166016,75.46525528215861,75.46525528215861,694800
2013-12-18,75.42774963378906,75.79532233461211,75.12768783337721,75.50276365309132,1997700
2013-12-19,75.11272430419922,75.18024096620276,75.01520659597864,75.09772378109069,978700
2013-12-20,75.34523010253906,75.36023061664196,75.15018907998568,75.21020258280251,510500
2013-12-23,75.1052017211914,75.3002370722365,75.09019547990846,75.22522303543421,5238400
2013-12-24,74.81257629394531,74.94760372912648,74.79006695208257,74.89508765464582,770600
2013-12-26,74.74803161621094,74.80813825988838,74.71045994785976,74.75554136377578,787500
2013-12-27,74.70291137695312,74.83816129742206,74.67285520211234,74.7404830286614,640400
2013-12-30,74.90582275390625,74.91333250151615,74.79311348080833,74.80062896105,1328000
2013-12-31,74.56766510009766,74.8607056533277,74.52258370194826,74.7705428570289,1553600
2014-01-02,74.8607177734375,74.89828943306458,74.6728709405629,74.6803864190144,1161800
2014-01-03,74.81566619873047,74.94340072018461,74.7480440635957,74.77058477530728,637500
2014-01-06,75.02606964111328,75.11623823960878,74.88330985928779,74.88330985928779,666200
2014-01-07,75.14624786376953,75.17630404463934,75.02602314029035,75.0786200236549,1055700
2014-01-08,74.77806854248047,74.94337468110676,74.73298713472082,74.89829327334712,1216700
2014-01-09,74.97346496582031,75.01103664446345,74.76307732373866,74.89081185891204,806100
2014-01-10,75.6046142578125,75.64218019419945,75.35665500060499,75.3641704809351,713300
2014-01-13,75.82251739501953,75.86759881177744,75.6647209711032,75.67975193177705,581600
2014-01-14,75.53697967529297,75.72482653839978,75.5219544486022,75.66471416637408,366700
2014-01-15,75.46932983398438,75.50689575322781,75.31153921485185,75.33407991292376,997300
2014-01-16,75.67971801757812,75.71728393716477,75.59706496880655,75.64966184233126,333300
2014-01-17,75.86007690429688,75.86007690429688,75.59709244110371,75.66471456051137,754400
2014-01-21,75.77745056152344,75.83004747271949,75.7248536503274,75.73988461503106,1927100
2014-01-22,75.56703186035156,75.68725659803756,75.55200663445632,75.6046035240362,1150900
2014-01-23,76.0779800415039,76.17565834719262,75.81499557801017,75.81499557801017,1080200
2014-01-24,76.38600158691406,76.45362366207922,76.22820527960683,76.34091447084302,564300
2014-01-27,76.15312957763672,76.40860433409848,76.13810434849532,76.25832337952326,758600
2014-01-28,76.26577758789062,76.27329306273946,76.12301222890102,76.2582621130418,452700
2014-01-29,76.62648010253906,76.73918361250301,76.35598021336514,76.49873990352957,1420200
2014-01-30,76.55134582519531,76.57389226248068,76.37101445532856,76.44615204838713,685400
2014-01-31,76.85191345214844,76.85191345214844,76.67909753546725,76.79931655585872,670500
2014-02-03,77.26963806152344,77.27716067888431,76.66749561020522,76.742761981006,4629800
2014-02-04,77.03628540039062,77.06639308960197,76.95349069067304,77.01370606909575,2617300
2014-02-05,76.75779724121094,76.96101695980384,76.75779724121094,76.93090927140963,817600
2014-02-06,76.61483001708984,76.68256804703026,76.55461460661552,76.66751706564048,885900
2014-02-07,76.81803131103516,76.93093374281361,76.66749856363468,76.68254954139225,1065800
2014-02-10,76.85562896728516,76.87820829386757,76.73519823557444,76.73519823557444,589300
2014-02-11,76.51691436767578,76.63733933613338,76.47927833490333,76.58465233572336,625800
2014-02-12,76.3363037109375,76.41157006894338,76.23092966123829,76.41157006894338,743500
2014-02-13,76.69761657714844,76.7126675569303,76.56966315040316,76.61482183220573,941400
2014-02-14,76.64488983154297,76.69757684717266,76.5620951294886,76.6599408035283,463400
2014-02-18,76.83306884765625,76.90080684433684,76.72016644406713,76.75780249274844,1003600
2014-02-19,76.68254852294922,77.00619909377232,76.64491820782699,76.99114811621466,907200
2014-02-20,76.59976959228516,76.7277287689751,76.44923681583,76.59224697318253,842900
2014-02-21,76.69761657714844,76.70514493826786,76.50191938524232,76.51697610748117,405000
2014-02-24,76.62232208251953,76.70511679708693,76.50941967697717,76.69758843872947,1531100
2014-02-25,76.88574981689453,76.90080078970918,76.73521137647646,76.76531906456007,402600
2014-02-26,77.111572265625,77.111572265625,76.85566545293328,76.88577315015397,486000
2014-02-27,77.20188903808594,77.25457606829553,77.134151031726,77.15673036717932,559400
2014-02-28,77.12662506103516,77.19436306949294,76.89329759751732,77.05888131012159,609900
2014-03-03,77.50809478759766,77.52317593809741,77.22161619761266,77.34977721799224,2540500
2014-03-04,76.9124984741211,77.22913929343963,76.89742307880704,77.22913929343963,1080200
2014-03-05,76.99543762207031,77.0029781966021,76.75419100301104,76.80696352118734,614700
2014-03-06,76.66368865966797,76.75415250157852,76.60337559721413,76.66368865966797,534700
2014-03-07,76.33202362060547,76.42249327479448,76.25663511800167,76.27171051781279,645100
2014-03-10,76.41497802734375,76.4677505718357,76.33204892145983,76.35466490455981,1013900
2014-03-11,76.49034118652344,76.55065428930422,76.31694820574627,76.38479613254411,1571000
2014-03-12,76.79190826416016,76.83714021966769,76.6637472223724,76.72405457912424,819000
2014-03-13,77.24418640136719,77.25172697214897,76.58075996682597,76.58829478583752,1638900
2014-03-14,77.25177001953125,77.35731506220868,77.11606842869263,77.34977448722502,1314400
2014-03-17,76.94266510009766,77.14622035003416,76.92758970280792,77.09344783186044,1085400
2014-03-18,77.13117218017578,77.13117218017578,76.94269799871564,76.95777915422677,861200
2014-03-19,76.41497802734375,77.06332971783107,76.30189236006787,77.0180977516311,1355500
2014-03-20,76.43002319335938,76.49033629228101,76.31694332259842,76.384791245055,1748100
2014-03-21,76.57328033447266,76.595896313046,76.41496273268451,76.42250330946723,466500
2014-03-24,76.60344696044922,76.67883548286284,76.3772756414328,76.38481621920683,1222600
2014-03-25,76.55821228027344,76.67883276149924,76.48281800876002,76.5431311252606,739400
2014-03-26,76.88237762451172,76.88237762451172,76.58081783484033,76.58835265954555,830000
2014-03-27,76.9577407836914,77.04066984232811,76.7768015184262,76.7768015184262,303600
2014-03-28,76.68635559082031,76.92006167345225,76.62604248827851,76.88237029819415,661600
2014-03-31,76.69388580322266,76.71650177567632,76.43001745320133,76.48278997285095,1982900
2014-04-01,76.53523254394531,76.603207383816,76.48236130320154,76.5881037846891,2562600
2014-04-02,76.20294952392578,76.3464597483236,76.18029122797606,76.32380145237386,806800
2014-04-03,76.25582885742188,76.37668079863639,76.21806694769563,76.26338354438221,298000
2014-04-04,76.72413635253906,76.76189826958236,76.4748834973901,76.4748834973901,731900
2014-04-07,76.9053955078125,76.98092509164191,76.82986592398309,76.84496953573382,1751700
2014-04-08,77.01111602783203,77.04132900522077,76.78452734122075,76.89026988081326,666100
2014-04-09,76.98847961425781,77.09422218390057,76.76188510071596,76.82986575979366,1350500
2014-04-10,77.3132553100586,77.4869727611862,77.04134422238835,77.04134422238835,1056600
2014-04-11,77.47186279296875,77.53228875472263,77.37367492702136,77.50963045969915,918500
2014-04-14,77.35104370117188,77.44167691298311,77.26795941531898,77.3737020041247,1468600
2014-04-15,77.4416732788086,77.60028715457373,77.23774279926444,77.29061409118616,614300
2014-04-16,77.32078552246094,77.36610210188296,77.23014660108136,77.25280489079236,1405500
2014-04-17,76.88273620605469,77.27549349436718,76.77699363756525,77.27549349436718,584600
2014-04-21,76.86763000488281,77.01114025198702,76.82231340581329,76.95071427820228,1021100
2014-04-22,76.8374252319336,76.85252884459261,76.67880560505363,76.74678626836479,482800
2014-04-23,77.03376007080078,77.09418601440089,76.92046286718436,76.95067583898441,306400
2014-04-24,77.01111602783203,77.07154198260952,76.85250221844328,76.8600569034245,345700
2014-04-25,77.11688232421875,77.2981544818581,77.10177871213963,77.13954062360642,388900
2014-04-28,77.00354766845703,77.1697161333186,76.89780514764243,77.09418658452749,574900
2014-04-29,77.071533203125,77.071533203125,76.86004814803098,76.88270643785741,760100
2014-04-30,77.2754898071289,77.3132574780178,77.04134638272284,77.17730193037032,544700
2014-05-01,77.49796295166016,77.64930906562435,77.27093800722972,77.3239097244656,21829500
2014-05-02,77.61146545410156,77.7476792586982,77.18769173912708,77.2709338293519,1343700
2014-05-05,77.56607055664062,77.72498571569464,77.5055297988626,77.72498571569464,929400
2014-05-06,77.65691375732422,77.6796151074931,77.52826315055582,77.58123489211216,566300
2014-05-07,77.71737670898438,77.77034840142669,77.50548993921517,77.61143332409978,1107600
2014-05-08,77.80064392089844,77.9292944499833,77.67956820194503,77.79308065773364,1444300
2014-05-09,77.74011993408203,77.79309165113801,77.67201014159053,77.67201014159053,354500
2014-05-12,77.53577423095703,77.64928667043361,77.49794060011985,77.59631496847554,759600
2014-05-13,77.83847045898438,77.83847045898438,77.70225668925956,77.73252705736311,603700
2014-05-14,78.19412231445312,78.30763472569944,77.99736785319156,78.02763821442265,635400
2014-05-15,78.47415924072266,78.61794209782806,78.19416833812934,78.32281311896867,1347300
2014-05-16,78.30768585205078,78.45146294491784,78.2925477748112,78.34551949818007,452600
2014-05-19,78.20929718017578,78.5044261459758,78.20929718017578,78.4060517485372,325400
2014-05-20,78.43629455566406,78.51953662173082,78.2395400564624,78.2395400564624,34764400
2014-05-21,78.31524658203125,78.3303846587808,78.15633141706888,78.25471159548701,881700
2014-05-22,78.23198699951172,78.30766581937982,78.15631395312698,78.26982640944577,678800
2014-05-23,78.39093780517578,78.41364492556038,78.30013241758132,78.34553511137855,486800
2014-05-27,78.41362762451172,78.42875992794336,78.20173496207566,78.32281648346769,997000
2014-05-28,78.844970703125,78.89794242553903,78.65578515543422,78.67091745891621,968200
2014-05-29,78.74653625488281,79.10220576318832,78.74653625488281,78.9357216721959,753100
2014-05-30,78.68605041503906,78.77685577699086,78.52712948465474,78.6330786960724,902400
2014-06-02,78.32597351074219,78.59127855987623,78.25017289430622,78.47757474361413,2032800
2014-06-03,77.93183135986328,78.21230011128878,77.9242553435248,78.21230011128878,1563600
2014-06-04,77.87120056152344,78.0152200653524,77.82571554374988,78.00764404840601,1566600
2014-06-05,77.98486328125,78.07582749232519,77.83326204600779,77.83326204600779,1585800
2014-06-06,77.92425537109375,78.22745795486054,77.90150997241452,78.15165730891884,940600
2014-06-09,77.81055450439453,77.85603373706569,77.73475385553634,77.84087592058157,816500
2014-06-10,77.6740493774414,77.74226817230654,77.62098838703045,77.71952857401816,1207100
2014-06-11,77.78022003173828,77.84843886929355,77.67409798450709,77.7498986206411,814800
2014-06-12,78.08344268798828,78.12134012140064,77.74233108796366,77.81055572125614,1319500
2014-06-13,77.93183135986328,78.03037740444935,77.71958723801419,77.72716903757124,752900
2014-06-16,77.93183135986328,78.03795342078783,77.87877032940101,77.93941315942035,1401000
2014-06-17,77.60584259033203,77.81809238384787,77.59068478240296,77.78777098477417,33268500
2014-06-18,78.01518249511719,78.01518249511719,77.6361736344337,77.79535666193482,1472200
2014-06-19,77.818115234375,78.19712415926509,77.7423088228232,78.13648134331054,1055000
2014-06-20,77.90906524658203,77.91664704356043,77.71956080463832,77.74988220933531,577000
2014-06-23,77.85596466064453,78.0454690062648,77.85596466064453,78.01514761697992,764200
2014-06-24,78.17436981201172,78.17436981201172,77.9166465485496,78.06067177414111,443800
2014-06-25,78.25016021728516,78.43208282390212,78.22741483114457,78.37902182267153,977500
2014-06-26,78.45482635498047,78.54579055445113,78.37902574702942,78.39418355533336,822300
2014-06-27,78.45482635498047,78.62917295816199,78.45482635498047,78.54579055445113,933200
2014-06-30,78.51549530029297,78.59129593348563,78.40179145889516,78.53823491192901,1268900
2014-07-01,78.25881958007812,78.41829827951564,78.24362782167938,78.32716511099784,17393000
2014-07-02,77.93987274169922,78.10694735539408,77.91709089327891,78.09935147460084,1779100
2014-07-03,77.78036499023438,77.81074270811452,77.61329043887226,77.62848219479095,1079900
2014-07-07,77.9701919555664,78.02335149330493,77.87146875518205,77.87146875518205,1031000
2014-07-08,78.32718658447266,78.3651601969218,78.18289380991767,78.21327154108502,491500
2014-07-09,78.34236145019531,78.43348883008328,78.06896772261432,78.25882415599231,1113900
2014-07-10,78.50936889648438,78.7068210552144,78.47899119560637,78.61568795258039,728600
2014-07-11,78.63850402832031,78.71444541101701,78.57015272812401,78.60053043999392,688600
2014-07-14,78.46385955810547,78.57777456676621,78.44107771516492,78.57777456676621,974800
2014-07-15,78.39550018310547,78.64610620514755,78.31955299477337,78.44106386093911,933500
2014-07-16,78.50936889648438,78.53974659736238,78.37267213951036,78.41824158780436,15784300
2014-07-17,78.9650650024414,79.0182245549851,78.630915932763,78.75242099830999,1367400
2014-07-18,78.80553436279297,78.92704515107896,78.69921532001938,78.88907158125127,386900
2014-07-21,78.8283920288086,79.01065257924296,78.8283920288086,78.85876395891563,339600
2014-07-22,78.92707061767578,78.92707061767578,78.73721429518488,78.85871932872237,484200
2014-07-23,78.9195327758789,79.01826184430581,78.89675092746022,79.0030700827204,523600
2014-07-24,78.60054779052734,78.7144627866964,78.5929519123941,78.68408506812082,600900
2014-07-25,78.90430450439453,78.92708634059893,78.75241593977127,78.80557548890033,781400
2014-07-28,78.81322479248047,78.9043579930329,78.70690562214942,78.81322479248047,1448000
2014-07-29,78.9195327758789,78.94231462429761,78.76764992378132,78.90434680825292,465700
2014-07-30,78.36514282226562,78.60056294416694,78.29679149380358,78.59296706456927,1067500
2014-07-31,78.34236145019531,78.4486805893703,78.12971737788678,78.1676909821458,1506500
2014-08-01,78.80342102050781,78.87950697088719,78.40777059554348,78.57515736438376,3466800
2014-08-04,78.84908294677734,78.95560445386465,78.81864740118287,78.87951849237183,1672600
2014-08-05,78.88714599609375,78.95562163484176,78.64366738334297,78.75018891360969,1013000
2014-08-06,78.95553588867188,79.12292834158411,78.93271070054415,79.12292834158411,1139100
2014-08-07,79.31322479248047,79.31322479248047,78.89474904936175,78.99366023119254,1386100
2014-08-08,79.24474334716797,79.56430788501468,79.21430779999395,79.44257150130562,913900
2014-08-11,79.20667266845703,79.30558961705613,79.13819706249019,79.26754374375106,419800
2014-08-12,79.09256744384766,79.28278526435233,79.09256744384766,79.23713484502711,416300
2014-08-13,79.35122680664062,79.38926686862563,79.17622394555993,79.21426981252921,732400
2014-08-14,79.51106262207031,79.54910851469816,79.36649519607033,79.5034522825471,638800
2014-08-15,79.83062744140625,80.06650152736788,79.47301694767997,79.50345250086818,1570700
2014-08-18,79.57951354980469,79.69364538725698,79.54147347397819,79.65560531143048,13822300
2014-08-19,79.4958267211914,79.74690980916331,79.45778083862677,79.74690980916331,769900
2014-08-20,79.25994110107422,79.48059441669275,79.22190102906221,79.44255434468074,1052200
2014-08-21,79.42733764648438,79.46538352538603,79.27516574084996,79.27516574084996,630300
2014-08-22,79.43500518798828,79.48065563155633,79.18391613838347,79.40456962394616,1393400
2014-08-25,79.4958267211914,79.51104159122526,79.35886967094007,79.43495563108267,837500
2014-08-26,79.4805679321289,79.6099145828432,79.45774273553036,79.59469972010547,590200
2014-08-27,79.70126342773438,79.70887376562979,79.54148116185239,79.61756712584568,881300
2014-08-28,79.80775451660156,79.92188632157935,79.74688344661544,79.90666565159044,938400
2014-08-29,79.81541442871094,79.92193596485981,79.74693298119331,79.79258921453452,1407100
2014-09-02,79.30547332763672,79.50363754505584,79.30547332763672,79.49601987016825,2058600
2014-09-03,79.41983032226562,79.45031847981802,79.16831319874595,79.2140425275638,1456900
2014-09-04,79.1378173828125,79.38934029701309,79.09208224339909,79.32836398780915,1994400
2014-09-05,79.16062927246094,79.45025782556702,79.1225176508604,79.40452853166,1098400
2014-09-08,79.07682800292969,79.40456834195227,79.01585170380457,79.36645670124409,1340900
2014-09-09,78.89389038085938,79.0005959771531,78.85577874717497,78.90913154532183,1205900
2014-09-10,78.69573211669922,78.79481423806375,78.68049094995843,78.75670841370189,1311800
2014-09-11,78.59663391113281,78.8557743978334,78.58138693249245,78.81004509194943,1224800
2014-09-12,78.29940795898438,78.45946639808524,78.26129631466586,78.41373126189892,2178400
2014-09-15,78.44416046142578,78.48227207710238,78.37556653122725,78.4060546607653,1505400
2014-09-16,78.42132568359375,78.61949569355305,78.40608452052842,78.5356547591479,24978400
2014-09-17,78.22317504882812,78.71097379799886,78.2155573729178,78.54329770267499,2704700
2014-09-18,78.1698226928711,78.23842248159785,78.08598173721607,78.22317549964976,556800
2014-09-19,78.46704864501953,78.48991911029633,78.18504353846895,78.29937260478145,920600
2014-09-22,78.6347427368164,78.68047785946908,78.49754899889594,78.54328412154861,1932600
2014-09-23,78.8024673461914,78.8024673461914,78.63478537392209,78.70338518758768,963700
2014-09-24,78.58145141601562,78.81773325868441,78.55858674431101,78.75675692412322,485300
2014-09-25,78.9625244140625,78.9701479076718,78.69576028795515,78.69576028795515,399000
2014-09-26,78.79481506347656,78.87865601897856,78.70335643203423,78.87103834303824,716100
2014-09-29,79.04635620117188,79.09970902018541,78.99300338215834,79.0616031866164,2344500
2014-09-30,78.97774505615234,79.09206834704719,78.91676875766184,78.96249807401978,1544600
2014-10-01,79.64126586914062,79.64889746216902,79.29001451795412,79.29001451795412,3346000
2014-10-02,79.40460205078125,79.70239748275779,79.38933302955172,79.603134280648,2084100
2014-10-03,79.3816909790039,79.38932840199708,79.1144394307115,79.20607102968897,1159100
2014-10-06,79.51143646240234,79.61070540749212,79.32054181494331,79.38926691736256,1201700
2014-10-07,79.97728729248047,80.00783116090076,79.67185443392478,79.76348603918566,1429800
2014-10-08,80.25980377197266,80.27507279146927,79.78638260852671,80.03072769999798,2701900
2014-10-09,80.12230682373047,80.3132014834815,80.10703781423317,80.20630094007234,5848000
2014-10-10,80.43543243408203,80.47361372543374,80.19872473951352,80.2521750520176,4675300
2014-10-13,80.85542297363281,80.89360427425756,80.51181457060432,80.57289649569593,2074300
2014-10-14,81.01573944091797,81.03864588127625,80.76375694568473,80.87066337676683,2196700
2014-10-15,81.47386932373047,83.13847162053972,81.2829745916452,82.08473479666125,2196800
2014-10-16,81.25243377685547,81.94728754850037,81.13025835619786,81.88619983817156,1786700
2014-10-17,81.01573944091797,81.13791489035691,80.84775111076247,81.0462833032777,1143300
2014-10-20,81.1302719116211,81.26007894852472,81.02337131350684,81.23717250973533,1562200
2014-10-21,80.90882873535156,81.09208606098724,80.87065328140203,80.9393725938984,1973200
2014-10-22,80.88591766357422,80.90882409976061,80.72556678462448,80.81719252937003,951800
2014-10-23,80.54994201660156,80.69502388169033,80.41249757221354,80.65684260383169,1281700
2014-10-24,80.61865234375,80.801909627392,80.57283365360648,80.63392135670182,678800
2014-10-27,80.70268249511719,80.77903924524088,80.5957818798147,80.5957818798147,872500
2014-10-28,80.50414276123047,80.64158722886769,80.45832988056675,80.61868078853583,771500
2014-10-29,80.23689270019531,80.44305649255956,79.97727277856112,80.39724361106666,1453100
2014-10-30,80.32090759277344,80.51180241578078,80.2827262979129,80.3896269327452,1363500
2014-10-31,80.19107055664062,80.29797698495311,80.09180737577765,80.26743312338468,886900
2014-11-03,80.16121673583984,80.19945808861809,79.89349808788401,80.0847223588801,2348900
2014-11-04,80.15361785888672,80.35249286306494,80.12302125549735,80.22245583973375,3854700
2014-11-05,80.17652130126953,80.1841719069829,80.02354420121597,80.0388395769404,1079700
2014-11-06,79.93182373046875,80.15364480282862,79.92417311812328,80.02361357149236,1026100
2014-11-07,80.44425201416016,80.45190262157303,80.13064713867526,80.13829191038454,994200
2014-11-10,80.11537170410156,80.43663312608136,80.10772692993228,80.43663312608136,1427900
2014-11-11,80.12300109863281,80.13829647862688,80.02356653941156,80.11535049078383,1220800
2014-11-12,80.09237670898438,80.36008953375732,80.06943072910411,80.30654696880272,658300
2014-11-13,80.22239685058594,80.27593940822007,80.10001636272268,80.19180026969485,743400
2014-11-14,80.39068603515625,80.43658383057091,80.0847260204334,80.12297321066195,629800
2014-11-17,80.29891967773438,80.50543937731119,80.24537710112534,80.50543937731119,496500
2014-11-18,80.39068603515625,80.41363201501262,80.29890211573071,80.3218480955871,510100
2014-11-19,80.17652130126953,80.39834218133879,80.13827410840499,80.17652130126953,560000
2014-11-20,80.32186126708984,80.4824889881268,80.23007149691037,80.4824889881268,811500
2014-11-21,80.48247528076172,80.48247528076172,80.32184758708206,80.34479356679317,855800
2014-11-24,80.57429504394531,80.58194565248643,80.3065821020509,80.34482930905202,13802400
2014-11-25,80.77314758300781,80.79609356655392,80.50543471546513,80.53603130542756,1244600
2014-11-26,80.91083526611328,81.00262504274617,80.88023867390231,80.94143185832425,523300
2014-11-28,81.22442626953125,81.23207103895335,81.07909395068562,81.13263651514951,367300
2014-12-01,81.02523040771484,81.50027405211414,81.02523040771484,81.45429831516464,2063400
2014-12-02,80.66513061523438,80.83369470536826,80.6498092641371,80.78006120810865,990600
2014-12-03,80.69577026367188,80.71875521058932,80.5655183340649,80.61915182540966,851900
2014-12-04,80.97928619384766,80.97928619384766,80.64982156169783,80.71111282104545,968300
2014-12-05,80.52721405029297,80.68811454002855,80.3969621079755,80.66512959086813,1035900
2014-12-08,80.79541778564453,80.93333338810167,80.51958658073025,80.52725018242657,858300
2014-12-09,81.09413146972656,81.30867112679813,81.01751308643355,81.15542851460415,945900
2014-12-10,81.46196746826172,81.50027961073069,81.04822088116818,81.0558844787844,996800
2014-12-11,81.3240737915039,81.40835585109296,81.14785191826408,81.29342523841572,15223600
2014-12-12,81.99066925048828,81.99832700479114,81.57692253918928,81.69185315548577,7233700
2014-12-15,81.69180297851562,81.94464316433093,81.59985737283073,81.69946072811491,1248100
2014-12-16,82.10557556152344,82.19751535085302,81.79909595732958,82.19751535085302,10633800
2014-12-17,81.53860473632812,82.13623688492991,81.51561978378399,81.96767861773507,2086100
2014-12-18,81.07886505126953,81.17846843245748,81.00991021328063,81.10951359446857,4833300
2014-12-19,81.37770080566406,81.37770080566406,81.1478454442613,81.20913669993405,847800
2014-12-22,81.37770080566406,81.44666150601422,81.25511244870526,81.30874595092723,2366700
2014-12-23,80.70343780517578,81.2014664466371,80.6957742072914,81.14783295267125,1360300
2014-12-24,80.7617416381836,80.78476067536208,80.5238704482965,80.59292755983195,1098200
2014-12-26,80.86917114257812,80.90754010902344,80.76174506167003,80.90754010902344,373600
2014-12-29,81.1453857421875,81.20677372744531,80.99959074077032,81.01494066422501,2447300
2014-12-30,81.23749542236328,81.39863454790373,81.19145149057852,81.3449215060569,1194700
2014-12-31,81.3295669555664,81.39862992217759,81.2835288806804,81.29120384458878,1010400
2015-01-02,81.74394989013672,81.84370688579871,81.38330259196998,81.40632163580466,2028600
2015-01-05,82.24273681640625,82.29644988285769,81.8437263019506,81.88208943268152,1521700
2015-01-06,82.7951889038086,83.23256825265656,82.51127373360501,82.5880058229272,1890200
2015-01-07,82.77982330322266,82.87958026931244,82.45754507650655,82.55729618831428,1558000
2015-01-08,82.44217681884766,82.54192790139341,82.34241988202157,82.51123390962233,1671000
2015-01-09,82.84889221191406,82.9486433308777,82.45755099180947,82.54195803642581,1107800
2015-01-12,83.14044189453125,83.20950483608853,82.88722086595463,82.9332647784195,2700900
2015-01-13,83.21720886230469,83.36300391344146,82.96399358175462,83.04840062669881,1038800
2015-01-14,83.60086059570312,83.90779471906026,83.54714756318674,83.79269369101615,1545800
2015-01-15,84.31452941894531,84.32987935397509,83.5932405382382,83.64695360227262,1374100
2015-01-16,83.69292449951172,84.2070356788025,83.68524953815925,84.13030362811854,1689100
2015-01-20,83.88477325439453,84.14566930068916,83.76200312117687,83.8617542203088,1346200
2015-01-21,83.48575592041016,84.04590521657586,83.44738696400174,83.93847916376926,2298200
2015-01-22,83.27861022949219,83.71598959879198,83.1788590941373,83.69297055634726,1330800
2015-01-23,83.8233871459961,83.8540811435612,83.5855159827183,83.5855159827183,1248200
2015-01-26,83.63157653808594,83.84642872452791,83.56251941570802,83.76202752638258,1546200
2015-01-27,83.74667358398438,84.18405290093847,83.6545915709425,84.0919708878966,863300
2015-01-28,84.39124298095703,84.50633818897218,83.77737455155454,83.77737455155454,3346300
2015-01-29,84.09199523925781,84.25314027231614,83.96155007371956,84.15338326572913,1393400
2015-01-30,84.82862854003906,84.85931669489933,84.46030628459573,84.8056036424684,2219800
2015-02-02,84.72254943847656,84.8532096746582,84.49196772197291,84.50733709990271,11544700
2015-02-03,84.00775909423828,84.34593820803659,84.00007147276146,84.33825645049681,1465200
2015-02-04,84.14605712890625,84.19217110258384,83.68489393639598,83.74638314392182,1655500
2015-02-05,83.83863830566406,83.98466788080904,83.75409208976878,83.95392913315173,1392700
2015-02-06,82.90096282958984,83.36980797736123,82.8932752093491,83.29294936676214,2016700
2015-02-09,82.86253356933594,83.16997388671386,82.85485181275533,83.16228626619693,1599900
2015-02-10,82.6550064086914,82.80872361994251,82.59351717861666,82.72417739457369,1244500
2015-02-11,82.62430572509766,82.81645527329556,82.48595781583762,82.73959662680417,1286100
2015-02-12,82.6550064086914,82.86252523027397,82.59351717861666,82.60889241810322,1845200
2015-02-13,82.37833404541016,82.66271741701742,82.37064642349175,82.62428517136276,1302400
2015-02-17,81.79415130615234,82.3552301076783,81.66349112769221,82.28605327771265,2170100
2015-02-18,82.18611907958984,82.40132541038342,81.77876340145447,81.85562196760465,8204600
2015-02-19,81.97868347167969,82.28611804794667,81.90181896367427,82.10934375298703,1459500
2015-02-20,81.93250274658203,82.40134775031981,81.77109795472819,82.26299994816875,1893000
2015-02-23,82.30917358398438,82.33223645433708,82.12471166873262,82.15545629859767,818200
2015-02-24,82.85484313964844,82.86252489542494,82.01706850908889,82.19384857885544,1180900
2015-02-25,82.93171691894531,82.9701432966658,82.72419219629491,82.83948305732993,595300
2015-02-26,82.4397964477539,82.90095392575472,82.43210882833884,82.80872008458036,865900
2015-02-27,82.73188781738281,82.76263244089421,82.41676568828144,82.63197218892381,2901700
2015-03-02,82.11602783203125,82.68569421166569,82.10063414189554,82.66259486664329,10270800
2015-03-03,81.93896484375,82.22379212864485,81.90817159369425,82.09292522081684,1224400
2015-03-04,82.00054168701172,82.15450793018621,81.8850743461454,82.08522165245478,1871100
2015-03-05,82.04674530029297,82.17761221931481,81.87738534710591,82.01595204760328,2253200
2015-03-06,81.20765686035156,81.49249008331384,81.16916969392742,81.47709051817358,1734000
2015-03-09,81.58484649658203,81.58484649658203,81.40778678744117,81.52326000007986,1218100
2015-03-10,81.93124389648438,82.05441099167598,81.82347048573781,81.94663758092942,1309200
2015-03-11,82.0775375366211,82.14681794940567,81.85429086229465,81.90047780415104,945700
2015-03-12,82.15450286865234,82.41623665610612,82.02363597492545,82.37774950259242,916800
2015-03-13,82.03131866455078,82.31615175301759,81.98513173736553,82.06981168601214,846900
2015-03-16,82.31614685058594,82.44701371862386,82.17758020407221,82.3392403128032,639400
2015-03-17,82.48555755615234,82.52404472582256,82.38547799393955,82.50095124937768,768500
2015-03-18,83.43241119384766,83.50939726657195,82.47014401692151,82.7164841792861,1963600
2015-03-19,83.03982543945312,83.36314585983027,82.93205196599408,83.2399728197549,985600
2015-03-20,83.37850189208984,83.37850189208984,83.23224131458187,83.31692127308125,1194800
2015-03-23,83.48627471923828,83.52476774490287,83.29382133733759,83.45548734655995,795100
2015-03-24,83.7403335571289,83.7403335571289,83.4247129934047,83.49399340743717,584500
2015-03-25,83.37850189208984,83.78650212492619,83.37850189208984,83.74801497219721,1240200
2015-03-26,82.908935546875,83.25535524585615,82.83965513100632,83.24765546413322,928300
2015-03-27,83.2322769165039,83.29385756185312,83.0706167101866,83.0706167101866,2492500
2015-03-30,83.22453308105469,83.32460671583823,83.116759667223,83.26302610308481,2017700
2015-03-31,83.4400863647461,83.44778614439,83.15525325003213,83.21683974076126,2137200
2015-04-01,83.83719635009766,83.92971960853697,83.68298111484927,83.69840557972896,2570100
2015-04-02,83.59819030761719,83.83722252620669,83.57505948578533,83.82179805651108,1126400
2015-04-06,83.70611572265625,84.07622642131449,83.65214185855089,84.00682809163045,1268500
2015-04-07,83.7755355834961,83.80637863987042,83.52108478044153,83.60590171479305,750700
2015-04-08,83.69841003417969,83.80635776324371,83.52877620773336,83.79093329754312,886400
2015-04-09,83.35916900634766,83.65216923843333,83.2820643013474,83.64446288583164,890600
2015-04-10,83.33599090576172,83.56730488953566,83.32056644388499,83.52104326932259,789700
2015-04-13,83.50564575195312,83.55961961671787,83.36685497359952,83.38227355665656,624800
2015-04-14,83.75238800048828,84.0222573363652,83.6829896668569,83.89117878504075,825400
2015-04-15,83.79864501953125,83.92972356363703,83.76008973822483,83.88346193223734,566400
2015-04-16,83.86035919189453,83.96830695643997,83.60590836858943,83.84493472112406,903300
2015-04-17,84.02998352050781,84.13793127278039,83.73697743630113,83.79095131243741,1945700
2015-04-20,83.8757553100586,84.01454609625166,83.77551980775097,83.99141527900454,878100
2015-04-21,83.69841003417969,83.82948857908457,83.65985475263824,83.81406411338396,811000
2015-04-22,83.21266174316406,83.64445865822272,83.19724315602808,83.64445865822272,725100
2015-04-23,83.46707916259766,83.56731464566424,83.2203406881413,83.26660231375523,918700
2015-04-24,83.7601318359375,83.78326854597582,83.59050380798053,83.59821016194701,739100
2015-04-27,83.6290283203125,83.75240053959011,83.5056619837461,83.66758360951455,854400
2015-04-28,83.24348449707031,83.61359520789182,83.21264144760934,83.42853691112599,1101100
2015-04-29,82.93511199951172,83.06619651276861,82.74234723128473,82.85029503087473,1118000
2015-04-30,82.91189575195312,82.98129405603127,82.4723927684842,82.6420265309999,2650600
2015-05-01,82.4586181640625,82.75206897779664,82.39683842520898,82.6671233097831,1854300
2015-05-04,82.28871154785156,82.64393614283743,82.28099350065817,82.52810651854568,2784900
2015-05-05,82.14971923828125,82.33505844102727,81.94894393943265,82.33505844102727,2050800
2015-05-06,81.74818420410156,82.06479511485236,81.65551457840701,82.01073930610752,1802100
2015-05-07,82.0956802368164,82.18062591587447,81.83312515001215,81.89490489689818,2201300
2015-05-08,82.41228485107422,82.65939791048632,82.31961524442966,82.59761817272327,1004300
2015-05-11,81.60144805908203,82.15745395698833,81.57828212860936,82.15745395698833,1324400
2015-05-12,81.6632308959961,81.83312224808763,81.39295187750534,81.47017361255402,1431000
2015-05-13,81.55510711669922,81.97211149369409,81.51649330911752,81.97211149369409,1221200
2015-05-14,81.83313751220703,81.9180832040975,81.66324612842611,81.66324612842611,617500
2015-05-15,82.42000579833984,82.47406159400958,82.03389128880167,82.07249920477157,854900
2015-05-18,81.864013671875,82.15745862727748,81.84856578958806,82.0879608319088,1000400
2015-05-19,81.50106811523438,81.8408508387216,81.40839849292666,81.49334417379848,1240400
2015-05-20,81.67870330810547,81.91037449117965,81.56287360821129,81.70187513972722,1682600
2015-05-21,82.16523742675781,82.1806794277139,81.87951033008977,81.9335661709032,836700
2015-05-22,81.97982025146484,82.07248394587648,81.80992895619181,82.01070422184289,852300
2015-05-26,82.48951721191406,82.48951721191406,81.98756708824862,82.01845696111243,1925600
2015-05-27,82.44317626953125,82.50495011681531,82.21150519438547,82.38139653060702,1015000
2015-05-28,82.52039337158203,82.58989115524587,82.36594992456915,82.43544770823299,1068200
2015-05-29,82.56673431396484,82.77523947118242,82.55901626491271,82.66712786804756,1148500
2015-06-01,82.20246124267578,82.61238977687053,82.10191462705212,82.55051811393173,2161700
2015-06-02,81.63009643554688,81.91627570049764,81.57595505039062,81.89306719174346,1484500
2015-06-03,80.93399810791016,81.32072401855612,80.88759288694276,81.32072401855612,1703400
2015-06-04,81.32845306396484,81.44447200718818,81.10415134732466,81.10415134732466,1594800
2015-06-05,80.74063873291016,80.98814309066002,80.60141716286526,80.75611107456479,1384900
2015-06-08,80.8566665649414,81.01135459264758,80.84893039326509,80.94948292214711,877800
2015-06-09,80.59365844726562,80.81796013075812,80.50084802717748,80.78702135707285,822400
2015-06-10,80.2842788696289,80.5085746419768,80.2533400973474,80.46216943403826,967000
2015-06-11,80.91851806640625,80.92624833462204,80.4544423308618,80.56273099653211,3069700
2015-06-12,80.87212371826172,81.20470825050197,80.76384093111088,80.77931327268632,1578100
2015-06-15,81.06549072265625,81.32846743382555,80.98814671383103,81.28205630775471,1478800
2015-06-16,81.3748550415039,81.39805764903122,81.1273507262654,81.24336966487027,779000
2015-06-17,81.42125701904297,81.50633717723898,80.88757936423026,81.25883287184188,1994000
2015-06-18,81.35940551757812,81.43674952573792,81.05002358396938,81.3129943919066,1481600
2015-06-19,81.79252624511719,81.81572885450689,81.60689946903074,81.66104085792965,1849600
2015-06-22,81.10411834716797,81.45990530091109,81.07317958149906,81.42896653524218,860300
2015-06-23,80.8566665649414,81.14284590726483,80.771586379412,80.81026133682354,925000
2015-06-24,81.09639739990234,81.13507233948816,80.84889312906806,80.99585081833342,1176500
2015-06-25,80.89534759521484,81.03456920114547,80.77159833492699,80.89534759521484,919800
2015-06-26,80.5085678100586,80.66326165833887,80.41575740205737,80.5859176846822,1441500
2015-06-29,81.44447326660156,81.52181726295694,80.91078966010272,81.01907243519399,1500900
2015-06-30,81.22015380859375,81.49859685543808,81.09639872067744,81.09639872067744,1599400
2015-07-01,80.79563903808594,80.95831410741418,80.67944087139882,80.87310251251591,3738800
2015-07-02,81.08223724365234,81.22942195083183,81.02026411325224,81.07449503491458,1924600
2015-07-06,81.6555404663086,81.77173278448116,81.35342270879774,81.69426926900364,1723300
2015-07-07,81.87239074707031,82.35266779620551,81.83365605790867,82.09703894202353,2083900
2015-07-08,82.19773864746094,82.29844056245362,81.94985200971585,82.03506359551106,1991200
2015-07-09,81.62451171875,81.89563683792788,81.60901547760592,81.79492900074443,1206900
2015-07-10,81.05904388427734,81.31467875680582,80.91960721836055,81.09777858984334,3719900
2015-07-13,80.84210205078125,81.02026742035018,80.70266545673097,80.70266545673097,1322300
2015-07-14,81.0978012084961,81.12103967428253,80.98160296947603,81.05906649212676,1321600
2015-07-15,81.40760040283203,81.46957354319693,80.9970386905615,81.0047868106281,1239500
2015-07-16,81.37665557861328,81.46960942001081,81.14425915494635,81.19848419912377,811400
2015-07-17,81.3843994140625,81.46186883021988,81.29144557081233,81.29918778435874,881300
2015-07-20,81.22174072265625,81.27596577889295,81.08230401946359,81.24497918817372,842500
2015-07-21,81.44631958007812,81.48505426294942,81.10547328307581,81.13645984735628,676600
2015-07-22,81.54702758789062,81.67097385429393,81.46182191734245,81.4695641264302,523800
2015-07-23,81.88013458251953,81.88013458251953,81.44633442369842,81.46957287362328,1064800
2015-07-24,81.95762634277344,81.996355133196,81.81044157294531,81.94213009853598,1098400
2015-07-27,82.22876739501953,82.29074056376572,82.11256918114209,82.2520058557777,1392600
2015-07-28,81.99638366699219,82.10483377405161,81.95765486309244,82.02737025616455,6205200
2015-07-29,81.88013458251953,82.18224625171051,81.76394233289524,81.91886927245024,2107300
2015-07-30,81.97310638427734,81.99634483763015,81.77169660507847,81.82592163292993,683200
2015-07-31,82.4533920288086,82.51535926967884,82.29845915142056,82.38367075646273,1113000
2015-08-03,82.70476531982422,82.78234834471078,82.44098185136882,82.47201624516453,2627700
2015-08-04,82.27806854248047,82.62719516846752,82.2315139849309,82.58840069037727,1036000
2015-08-05,81.9599609375,82.09961275561986,81.84358343586585,82.08409851769792,1283300
2015-08-06,82.24700164794922,82.28579019150776,82.04528109615131,82.08407555891382,731700
2015-08-07,82.5728530883789,82.5961273981469,82.27027522298701,82.31682384252302,1533700
2015-08-10,82.23149108886719,82.3866630388167,82.13839383810213,82.30131994614564,1123900
2015-08-11,82.77456665039062,82.96076703201919,82.66594926784033,82.67370342430578,2263800
2015-08-12,82.74354553222656,83.18577520899407,82.73578545531363,82.90647163217203,1765700
2015-08-13,82.5263442993164,82.73581910753317,82.4565154171063,82.5573787003868,1626500
2015-08-14,82.44097900390625,82.58063081156074,82.30132719625178,82.37891021845867,612500
2015-08-17,82.58837127685547,82.78233175981588,82.57285704266849,82.72026890386373,905300
2015-08-18,82.45649719238281,82.61942332258705,82.4254627981717,82.44873711402866,690400
2015-08-19,82.96078491210938,83.02285369243072,82.28580024432533,82.29356032166667,1444500
2015-08-20,83.18579864501953,83.25562159929416,83.0228724991727,83.08493537434815,1933300
2015-08-21,83.5194091796875,83.56595781484724,83.2090711338088,83.30217432333419,2123600
2015-08-24,83.6590576171875,84.38059102897954,83.46509708626712,84.17887041944476,3074800
2015-08-25,83.20130920410156,83.34096102568019,82.89873124388218,83.33320686612998,2925500
2015-08-26,82.68928527832031,83.19358402744159,82.6194563836012,82.82117706709128,3512900
2015-08-27,82.64271545410156,82.79012737858122,82.49530944882864,82.57289249147861,1414100
2015-08-28,82.658203125,83.03836402800573,82.59613434759372,82.97629525059945,1998000
2015-08-31,82.5185775756836,82.9763216364039,82.49530325655628,82.9530473172766,5431600
2015-09-01,82.88925170898438,82.91256263436907,82.66390288273888,82.74938022816013,3749700
2015-09-02,82.66387176513672,82.889220506553,82.6250222136253,82.70272724516204,2441700
2015-09-03,82.86589813232422,82.90475360697711,82.65609398333261,82.86589813232422,1791300
2015-09-04,83.12236022949219,83.20783756196637,82.85038959367213,83.0213383301053,1421300
2015-09-08,82.75715637207031,82.85817236295341,82.69498994913468,82.77269501354603,1583500
2015-09-09,82.78817749023438,82.89696568451953,82.415185160891,82.43849606987898,1397200
2015-09-10,82.60173034667969,82.72605724010805,82.50070844672169,82.71828495660776,1601600
2015-09-11,82.81932067871094,82.92033666701276,82.74161561628522,82.7726928984425,1069000
2015-09-14,82.8969955444336,82.99801149593856,82.80374594638079,82.99024514248639,897500
2015-09-15,82.24425506591797,82.76489121180735,82.22871643147239,82.73380801440248,1903000
2015-09-16,82.220947265625,82.38412961179881,82.13546995165102,82.19763634881646,1305300
2015-09-17,82.90475463867188,82.91252099088864,82.18208667213179,82.18208667213179,2394300
2015-09-18,83.29328918457031,83.30882781817154,83.02908498524245,83.12233457238993,2074200
2015-09-21,82.81932067871094,83.29332926657902,82.74161561628522,82.9902753731573,1591700
2015-09-22,83.23114776611328,83.3787915079347,83.0757376694177,83.13789815098683,1395500
2015-09-23,83.13787078857422,83.23889265384157,83.02908257098876,83.16895398338623,1364300
2015-09-24,83.26220703125,83.56526078263167,83.23889611629963,83.47978347547135,1393000
2015-09-25,83.044677734375,83.11461051892935,82.92034487936702,83.013594520623,1564000
2015-09-28,83.5186538696289,83.5186538696289,83.12235045915031,83.16120001483517,1926000
2015-09-29,83.80618286132812,83.8683492792926,83.51867355314529,83.58860632696839,2460900
2015-09-30,83.82173919677734,83.84505012465738,83.60415670335796,83.62747355975475,2676000
2015-10-01,83.88710021972656,84.08944575339439,83.85596968088973,83.97270771714206,10101300
2015-10-02,84.29176330566406,84.80540815582943,84.15167888630457,84.6341932057743,3320200
2015-10-05,83.82487487792969,84.11282803177203,83.79374432582141,84.11282803177203,3034900
2015-10-06,83.99600219726562,84.03491683113428,83.7313957495457,83.76252626913272,2104000
2015-10-07,83.78589630126953,83.90262835244154,83.67693649094109,83.79367447965383,2338000
2015-10-08,83.56804656982422,83.88713025398648,83.49022316364047,83.8170850321394,2176800
2015-10-09,83.61465454101562,83.68469374924055,83.49013247634173,83.52904710593702,1069400
2015-10-12,83.89482879638672,83.91039108673056,83.70804568702518,83.77809083742056,1336300
2015-10-13,83.97264099121094,84.003771505311,83.754733330049,83.95707276539169,1849700
2015-10-14,84.43184661865234,84.44741485256696,84.09720083998653,84.26841578779809,1359600
2015-10-15,84.14396667480469,84.31517582154443,84.08948968776333,84.29182938960474,1075500
2015-10-16,84.07386779785156,84.22952047404522,84.02717496376471,84.22952047404522,1773000
2015-10-19,84.03494262695312,84.08941956856808,83.85594356876612,84.07385133522591,1744500
2015-10-20,83.74699401855469,83.84038561081576,83.70807937072718,83.79368684591441,1134500
2015-10-21,84.03494262695312,84.08941956856808,83.90263639370998,83.90263639370998,6576500
2015-10-22,84.12054443359375,84.20615190462998,83.93376719566989,84.07385160849812,2411400
2015-10-23,83.64583587646484,83.75478978048035,83.62248352199656,83.75478978048035,2029600
2015-10-26,83.86372375488281,83.89485428256678,83.76254805552462,83.78590040444338,3131500
2015-10-27,84.07386779785156,84.19838993880649,84.00382854672128,84.05052138080814,1373100
2015-10-28,83.63803100585938,84.05050010265288,83.52907712887773,84.03493780774448,2058200
2015-10-29,83.12437438964844,83.4434577965328,83.10881209695316,83.4356736814151,1772400
2015-10-30,83.2878646850586,83.3345634715876,83.15556432123923,83.18669486641045,3424800
2015-11-02,83.04855346679688,83.16546361015769,83.02516549152536,83.11090356105619,5313500
2015-11-03,82.83026885986328,83.02512693711078,82.79130081237174,82.97836290148228,1941700
2015-11-04,82.74452209472656,82.98614416472962,82.66657412038121,82.8536421228954,1933200
2015-11-05,82.69003295898438,82.76798100574901,82.56532678804287,82.74459897036004,1554600
2015-11-06,82.12882995605469,82.24574010977689,82.01970984818072,82.18339000999168,2968600
2015-11-09,81.98847961425781,82.11318568101458,81.85597161342136,81.87156358838851,3223900
2015-11-10,82.14433288574219,82.2924268594244,82.03521288826916,82.12095087865424,1467900
2015-11-11,82.10542297363281,82.14439698025208,82.03527689763632,82.06645491361203,1638100
2015-11-12,82.1521987915039,82.29249690003573,82.11322478212325,82.11322478212325,2399100
2015-11-13,82.46397399902344,82.48735602628794,82.32367588883747,82.32367588883747,2665300
2015-11-16,82.57308959960938,82.68999972957326,82.4795555490396,82.61205766073111,1412800
2015-11-17,82.5497055053711,82.66661563240585,82.26131331662215,82.32366934877302,1180000
2015-11-18,82.51070404052734,82.59644206955308,82.37040598817582,82.45614401720155,941500
2015-11-19,82.69003295898438,82.77577105314462,82.64326888820644,82.7134209409744,1967200
2015-11-20,82.58088684082031,82.79913297783668,82.58088684082031,82.73677693868913,1287900
2015-11-23,82.69003295898438,82.76018501175234,82.50297072927157,82.53414875865722,1377100
2015-11-24,82.76795959472656,82.86928370406784,82.71339954406595,82.73678157340628,1094500
2015-11-25,82.81474304199219,82.86930310542641,82.69003092751346,82.81474304199219,752400
2015-11-27,82.90046691894531,82.96282296549236,82.8848749340086,82.89267092647695,759600
2015-11-30,82.9316177368164,82.94720377004028,82.88484774394888,82.89264373385979,2266900
2015-12-01,83.37267303466797,83.38047517630434,82.9355089138651,82.9355089138651,2805800
2015-12-02,83.13848114013672,83.23996258803868,83.02919159444735,83.185317815194,1579000
2015-12-03,82.2641830444336,82.77941044512515,82.10024867762318,82.77160234503839,2750500
2015-12-04,82.56861114501953,82.65448235528801,82.35003204827566,82.42809516056509,2231500
2015-12-07,82.83405303955078,83.0214057458227,82.59205554578975,82.61547388959436,1954000
2015-12-08,82.88089752197266,83.0370297550792,82.78722413794445,83.0370297550792,1519900
2015-12-09,83.00576782226562,83.10724926352327,82.6466727733926,82.8340254171887,3711100
2015-12-10,82.82620239257812,83.04478143025243,82.81839429670916,83.03697929021556,1545000
2015-12-11,83.48980712890625,83.59909672566583,83.20097288997148,83.22439123844335,3352900
2015-12-14,82.873046875,83.24775210348467,82.873046875,83.13846258219063,2204400
2015-12-15,82.66228485107422,82.74034795807314,82.52957697359271,82.56080340755894,1591000
2015-12-16,82.44373321533203,82.73257335880193,82.27979884930922,82.50618610405557,1911800
2015-12-17,82.78724670410156,82.83408340888242,82.56085937126518,82.56085937126518,1202600
2015-12-18,83.08383178710938,83.16970299053625,82.91208938025561,82.9823503448018,4396700
2015-12-21,83.12287139892578,83.22435284743638,83.05261043008491,83.05261043008491,1603200
2015-12-22,82.8886489868164,83.02916492268336,82.81058590151957,82.98232826267159,1411800
2015-12-23,82.70133209228516,82.74036067386601,82.59204253452405,82.67010565351995,1380800
2015-12-24,82.85301208496094,82.85301208496094,82.704458018785,82.76700772718209,654200
2015-12-28,82.86861419677734,83.0015337665272,82.7826098725547,82.82952511808189,2198300
2015-12-29,82.43083953857422,82.78267133337673,82.36828980814292,82.78267133337673,1752500
2015-12-30,82.46207427978516,82.5558928647117,82.31352023356118,82.3682497297909,1358100
2015-12-31,82.5559310913086,82.71230541370639,82.48556712003244,82.59502616317566,1906000
2016-01-04,82.90775299072266,83.18922075215085,82.86865792633067,82.94684209004531,6183700
2016-01-05,82.88429260253906,83.03284071379659,82.74355873156372,82.85301774620355,2122800
2016-01-06,83.38468170166016,83.40031614791742,83.16576366364346,83.2361276194049,1906100
2016-01-07,83.56446075439453,83.56446075439453,83.20480902882112,83.49409683561683,3106000
2016-01-08,83.7756118774414,83.81470097720725,83.41595994822093,83.48632390684108,1783200
2016-01-11,83.50977325439453,83.69742239559918,83.42376888927632,83.4863186030112,4816100
2016-01-12,83.88507843017578,84.07272163507456,83.42378167700679,83.47851119364685,8962500
2016-01-13,84.21348571777344,84.33076499977716,83.76000900873086,83.83037896396192,2664100
2016-01-14,84.04143524169922,84.28381389505009,83.84597185693804,84.12743960819968,2597300
2016-01-15,84.43235778808594,84.58873206711483,84.35417363110591,84.57309165667753,4334300
2016-01-19,84.32289123535156,84.51053438833883,84.22125243687269,84.29943658686169,4896500
2016-01-20,84.73726654052734,85.05000908319197,84.6747228040487,84.72945230163492,4949100
2016-01-21,84.52613830566406,84.9326992891269,84.4714088277928,84.84669497174839,2385700
2016-01-22,84.33853149414062,84.40889543948488,84.1430681369822,84.24470693528,1735600
2016-01-25,84.6199951171875,84.62780935624713,84.44016621266026,84.52617056286007,1190900
2016-01-26,84.68255615234375,84.77638072583588,84.54182227464017,84.62001240175154,1288000
2016-01-27,84.74508666992188,84.7685413167142,84.32288513245629,84.6199932320068,1802300
2016-01-28,84.85450744628906,84.90141671874566,84.58086008185029,84.6199551189409,2222900
2016-01-29,85.30809020996094,85.36281975122508,85.05007695897032,85.15172179636987,3805500
2016-02-01,85.11150360107422,85.30725223490721,85.00188484402969,85.19763347786268,6813000
2016-02-02,85.71438598632812,85.77702696330965,85.51080579802432,85.5186374135901,4141600
2016-02-03,85.62046813964844,86.18422527213994,85.5969792547572,85.63613137875954,12145000
2016-02-04,85.82406616210938,85.8553866730267,85.57350804854748,85.72227898196057,2431100
2016-02-05,85.93365478515625,85.98846416656937,85.58913525983114,85.65960787809061,1440200
2016-02-08,86.57567596435547,86.63831693949395,86.19201044573357,86.23898819020134,2824800
2016-02-09,86.5913314819336,86.84972101886055,86.51303325146932,86.84972101886055,2679600
2016-02-10,86.84973907470703,86.8810595681586,86.37211200367379,86.57569222422238,2027200
2016-02-11,87.24907684326172,87.70321508420518,87.14728970943946,87.49180322517768,3743000
2016-02-12,86.58353424072266,86.98285713920365,86.42693175465499,86.86541274187043,3258700
2016-02-16,86.32518768310547,86.44263811280386,86.21556887506082,86.42697486949635,2816800
2016-02-17,86.11373901367188,86.16071677275988,85.87100665291109,86.14505353721452,4856500
2016-02-18,86.51303100585938,86.55218310696128,86.03540404652135,86.03540404652135,3125700
2016-02-19,86.51303100585938,86.62264972041841,86.3564345489956,86.43473277742748,1340000
2016-02-22,86.42691040039062,86.4973829951523,86.36427539521337,86.42691040039062,1012200
2016-02-23,86.59918975830078,86.67748801287064,86.16071475369043,86.1998608940884,2257800
2016-02-24,86.59918975830078,87.21775612481834,86.51305988614176,86.92804601175855,2947700
2016-02-25,86.8575668334961,87.03765816940007,86.67747549759211,86.84973521703773,1983600
2016-02-26,86.43475341796875,86.52088328194314,86.30947741731632,86.4034329243623,2957900
2016-02-29,86.57567596435547,86.62265370882324,86.39558465427537,86.44256837251532,3861600
2016-03-01,85.89900970458984,86.67527473186952,85.85980192267701,86.67527473186952,5901200
2016-03-02,85.75005340576172,85.78141844438284,85.59323419492557,85.67948057329686,3011200
2016-03-03,85.8519515991211,85.95388943019819,85.66376742352297,85.73433424602212,2093000
2016-03-04,85.56184387207031,85.81275812462258,85.41286147821289,85.67945525430757,1781200
2016-03-07,85.38935852050781,85.45208859340502,85.31878569293119,85.4285603293668,2349400
2016-03-08,85.8833236694336,86.05582833715837,85.82843636445459,85.89116642222133,1747600
2016-03-09,85.54618072509766,85.71868544048935,85.45209159471618,85.616753555153,1537800
2016-03-10,85.2403564453125,85.65593261349682,85.10705955783217,85.55400075523556,2798700
2016-03-11,84.99729919433594,85.25605624206659,84.92672637119638,85.25605624206659,1785000
2016-03-14,85.06005859375,85.22472059482963,85.0208507915674,85.10710317055255,2661800
2016-03-15,85.0443344116211,85.31093418424838,85.02081213391503,85.24036136886222,2960800
2016-03-16,85.49129486083984,87.00462355036217,84.84048378069511,84.9267361398598,2052300
2016-03-17,85.58537292480469,85.67946203804408,85.52264286113301,85.58537292480469,2745500
2016-03-18,85.73434448242188,85.83628232567001,85.63241262144153,85.70298543463392,2434600
2016-03-21,85.49129486083984,85.6089122580889,85.45992982275547,85.54618218192017,1725000
2016-03-22,85.31092834472656,85.70298223237279,85.28740008636302,85.6872967267971,1437700
2016-03-23,85.70301818847656,85.78142780244849,85.40505328020508,85.40505328020508,1405400
2016-03-24,85.61673736572266,85.92253894617633,85.47559771456957,85.84412935826197,1548200
2016-03-28,85.7421875,85.87548439144727,85.6480983918103,85.71082246984749,1291400
2016-03-29,86.32242584228516,86.32242584228516,85.88332738346422,85.93821469081685,2981000
2016-03-30,86.20482635498047,86.26755044184952,85.9460693064889,86.126410777424,2808800
2016-03-31,86.51848602294922,86.59690161979889,86.18916205235305,86.30677946535744,3759100
2016-04-01,86.49331665039062,86.62681679146613,86.31270022220366,86.52472950559478,5489100
2016-04-04,86.59542846679688,86.6503994811288,86.46978300177726,86.57972503044112,3035600
2016-04-05,86.94094848632812,86.98021605730622,86.81530304370045,86.91739034029732,1951500
2016-04-06,86.7525405883789,86.90175027723421,86.64259849913643,86.83106979621004,1646000
2016-04-07,87.2000961303711,87.2393577081828,86.9645026979414,86.99591555502468,2069600
2016-04-08,87.06665802001953,87.08236146405561,86.91744834040314,87.019535705123,1309500
2016-04-11,87.0509033203125,87.10587433294646,86.83101926977669,86.85457741927824,879600
2016-04-12,86.70537567138672,86.90170157663877,86.64254994377218,86.80746298521697,1363200
2016-04-13,86.76815795898438,86.82312894907416,86.55612870903484,86.57968684887494,1466400
2016-04-14,86.56404113769531,86.71324478662994,86.49336067965886,86.59544801749756,1403900
2016-04-15,86.82317352294922,86.90170868458658,86.62684760163907,86.6582604680157,1657800
2016-04-18,86.73677062988281,86.76033476804493,86.6032704705825,86.76033476804493,1297800
2016-04-19,86.59542846679688,86.68966705910499,86.48548643813301,86.6189926084173,1219600
2016-04-20,86.15565490722656,86.73677787792246,86.13209675848617,86.60327770746639,1939800
2016-04-21,86.0143051147461,86.11639842051864,85.91221780036473,85.96718881447642,1636600
2016-04-22,85.9200439453125,86.06139279912225,85.86506695808978,86.014276514519,952100
2016-04-25,85.82581329345703,85.99072629615412,85.81795858150295,85.88078429435606,1416300
2016-04-26,85.64521789550781,85.79442751277536,85.59810159169349,85.78657279834242,1127100
2016-04-27,86.11640167236328,86.19493083957515,85.74730799593696,85.87295346519767,1734000
2016-04-28,86.4147720336914,86.43833017302856,86.09279481904781,86.1320623788687,2807300
2016-04-29,86.38341522216797,86.4619444013642,86.16353112386159,86.24206030305783,2858500
2016-05-02,86.13253021240234,86.34487637628155,86.12466998423953,86.24263940859753,2226800
2016-05-03,86.6436767578125,86.72232099500978,86.57289874438617,86.62008408667039,2330900
2016-05-04,86.80094146728516,86.81666790926354,86.5099512892515,86.65937948880509,1176900
2016-05-05,87.03693389892578,87.03693389892578,86.62011389817225,86.76954220039437,1257500
2016-05-06,86.83246612548828,87.01334734601302,86.73808940162331,86.97402221102598,1675600
2016-05-09,86.99764251708984,87.00550274590253,86.87180685399096,86.94259091452776,1459900
2016-05-10,86.98187255859375,87.02119768640156,86.88750185213033,86.9582798819779,1506900
2016-05-11,87.11557006835938,87.20994677681003,86.89536374881338,86.9425551031248,1606800
2016-05-12,86.87969207763672,86.98192907612581,86.79318154038594,86.85609938569122,1261500
2016-05-13,87.2099380493164,87.233530724025,86.8953550528015,86.93468017743022,5007300
2016-05-16,86.89533233642578,86.99757523366321,86.86387344498118,86.99757523366321,1708100
2016-05-17,86.77738952636719,86.95827670743867,86.76952930123024,86.832447103357,1158700
2016-05-18,86.07742309570312,86.60435205128405,85.97518619396041,86.5886196047573,2946500
2016-05-19,86.16400146484375,86.29770336502271,86.12468231787643,86.17186769430722,1345000
2016-05-20,86.21900939941406,86.30551987916824,86.10104601808744,86.17969027236252,1059400
2016-05-23,86.27406311035156,86.35271336674307,86.17182617728359,86.28979556169872,892300
2016-05-24,86.13253021240234,86.21904072358659,86.00670055988155,86.12466998423953,965200
2016-05-25,86.09317779541016,86.21900739929687,86.05385266909889,86.10890424583155,890300
2016-05-26,86.3605728149414,86.43135684502224,86.17969162728211,86.23474320615739,998200
2016-05-27,86.1954345703125,86.4235071550541,86.09319761860347,86.39204824679597,1995300
2016-05-31,86.29768371582031,86.38418821952213,85.98310061083436,85.98310061083436,1734700
2016-06-01,86.26854705810547,86.55997040979798,86.22916942188795,86.52058676447987,2786400
2016-06-02,86.53630828857422,86.59931368334178,86.40240755308488,86.40240755308488,5038500
2016-06-03,87.33969116210938,87.3554470191594,87.18216864620189,87.20579642267813,1971300
2016-06-06,87.11129760742188,87.27669808660058,87.08766982598206,87.15855917940155,1715700
2016-06-07,87.23731994628906,87.33970900163247,87.22944201615495,87.2766975787596,2672900
2016-06-08,87.33969116210938,87.37907479563565,87.26092990415563,87.3003075285831,1284200
2016-06-09,87.4736099243164,87.62326056189606,87.46573800272833,87.59175484824242,1328400
2016-06-10,87.78075408935547,87.8831491271398,87.63898142935278,87.73349853905405,1878900
2016-06-13,87.95403289794922,88.0170443047358,87.8043883182042,87.93828305080183,1026200
2016-06-14,87.93041229248047,88.18245193107948,87.90678451528353,88.18245193107948,1390600
2016-06-15,88.19819641113281,88.29270750772875,87.93040094954853,87.93040094954853,2377600
2016-06-16,88.29268646240234,88.63136516570658,88.20604730510846,88.43445908260172,3088700
2016-06-17,87.99336242675781,88.21389620581718,87.93035105871375,88.21389620581718,3140900
2016-06-20,87.6153335571289,87.67046702286694,87.55232817421194,87.60746163994996,1956500
2016-06-21,87.41841125488281,87.70983438208968,87.40266141434816,87.59956747105919,1494500
2016-06-22,87.59175109863281,87.60750695933538,87.39484490355206,87.41847268550572,1378700
2016-06-23,87.17426300048828,87.41055270831964,87.15063523152453,87.22939646443602,1715000
2016-06-24,88.3793716430664,88.59203368865717,88.28485451068164,88.58415575868347,4390000
2016-06-27,89.14335632324219,89.19061187837407,88.92282238716132,88.9700779422932,4493700
2016-06-28,89.1275863647461,89.18271983632657,88.96217994090695,89.11970843763524,1799700
2016-06-29,88.76531982421875,89.12763254989221,88.75744790212646,89.0567431873558,2670900
2016-06-30,88.96218872070312,89.15909485422313,88.78103844295975,88.90705524368146,5690800
2016-07-01,89.19723510742188,89.37864517169145,89.02372002455415,89.36287326143668,5292300
2016-07-05,89.68628692626953,89.84403618386268,89.49699383467663,89.52854368619526,2926300
2016-07-06,89.70203399658203,89.78878853650961,89.56006272235636,89.77301662493646,1921600
2016-07-07,89.58373260498047,89.73358684130025,89.37866162881127,89.53640483046917,1323000
2016-07-08,89.75719451904297,89.7808553819294,89.45747420911226,89.59155644381103,2097900
2016-07-11,89.28402709960938,89.5837476576455,89.28402709960938,89.50487604356384,2728800
2016-07-12,88.75559997558594,88.9922208868284,88.6372895199647,88.92123220644777,4116200
2016-07-13,88.98423767089844,89.14198076630684,88.95268784831408,89.01578749348279,3077200
2016-07-14,88.61356353759766,88.72398494372428,88.4794812612318,88.49525316888618,2761900
2016-07-15,88.27445220947266,88.41642351573505,88.17980868364317,88.36121278649513,2811600
2016-07-18,88.25080108642578,88.49530491187906,88.16404049980967,88.41643329246047,4173500
2016-07-19,88.48743438720703,88.56630601770043,88.3848958517979,88.46377349981098,4171900
2016-07-20,88.30597686767578,88.36118758116666,88.21921631540205,88.36118758116666,2213700
2016-07-21,88.503173828125,88.53472367224839,88.06937701084274,88.0851489241457,1944700
2016-07-22,88.43220520019531,88.58994842828228,88.27445595458991,88.30600580371099,1140000
2016-07-25,88.3612060546875,88.51895528158212,88.3454341407569,88.40852781399703,889100
2016-07-26,88.4163589477539,88.49523050085352,88.25072688099058,88.49523050085352,1694100
2016-07-27,88.79499816894531,88.79499816894531,88.42429505246851,88.52682752441267,1962700
2016-07-28,88.84232330322266,88.92119490137459,88.62148042139033,88.65303026415455,1220200
2016-07-29,89.18148040771484,89.20514128642131,88.93697663772471,89.00795927384411,2386800
2016-08-01,88.87185668945312,89.06931460658089,88.8402687255376,88.90345067930606,2479100
2016-08-02,88.65861511230469,88.84027906862462,88.47695115598475,88.47695115598475,2920500
2016-08-03,88.70600891113281,88.73760290673744,88.47695696245314,88.71390891651859,1148600
2016-08-04,88.91923522949219,89.09299913050752,88.88764124513155,88.89554124770581,1065000
2016-08-05,88.36632537841797,88.74544706113889,88.35843140393868,88.66646513480299,2368100
2016-08-08,88.31900024414062,88.4532702170038,88.17683026524462,88.2637122537888,1304000
2016-08-09,88.63492584228516,88.66651983749833,88.37427990123027,88.42166788108082,1817000
2016-08-10,88.87185668945312,88.93504466915898,88.66650479431519,88.68229877627294,1262500
2016-08-11,88.44534301757812,88.85605278794134,88.35846106166609,88.80076481835519,1823600
2016-08-12,88.76133728027344,89.0140833341626,88.73764327927465,88.88771332018864,1377100
2016-08-15,88.5006332397461,88.68229113332278,88.48483323321263,88.62700316232942,1031800
2016-08-16,88.35054779052734,88.50061769655439,88.27945982548555,88.42162972963331,1433500
2016-08-17,88.49272155761719,88.61119748723475,88.26366970060619,88.37424562799963,1733900
2016-08-18,88.65069580078125,88.71388377408238,88.42164391701726,88.55591986676636,1245600
2016-08-19,88.35054779052734,88.49271769467511,88.23997186796085,88.40583575181059,1396700
2016-08-22,88.54806518554688,88.61914717244022,88.4532831770825,88.54806518554688,1084600
2016-08-23,88.54015350341797,88.69812349669526,88.46117151974886,88.61124150687752,939900
2016-08-24,88.5085678100586,88.63494381653906,88.43748582586808,88.61124982180888,1345600
2016-08-25,88.36632537841797,88.52429525702449,88.35053140352468,88.42951332986058,1037700
2016-08-26,88.02667999267578,88.71383526825367,87.96349807985726,88.50058350738247,1988300
2016-08-29,88.39008331298828,88.44537130025417,88.17682534357795,88.18472534916982,1497400
2016-08-30,88.38214874267578,88.46113068989021,88.33475475359808,88.42953670581717,2498400
2016-08-31,88.27948760986328,88.5006455505376,88.27948760986328,88.3900695931693,2008100
2016-09-01,88.41789245605469,88.44161934414808,88.00660628141834,88.05406609191036,1775900
2016-09-02,88.18851470947266,88.32297108635711,88.03823638571669,88.25179042834934,1550100
2016-09-06,88.59980773925781,88.66308346736571,88.12525184705973,88.16480068570355,1284000
2016-09-07,88.64727020263672,88.78963757798283,88.59981038798419,88.72636184798328,836800
2016-09-08,88.21226501464844,88.56027552655769,88.10944646990538,88.48118387411638,1287300
2016-09-09,87.79306030273438,87.91170078027483,87.75351146545245,87.8958788316399,1700700
2016-09-12,87.87213134765625,87.94331803121803,87.66648830373815,87.69812615928738,1446600
2016-09-13,87.54788970947266,87.94335401419076,87.3501575571136,87.9354430384906,1993700
2016-09-14,87.74561309814453,87.8642475502661,87.56369688104846,87.56369688104846,1062100
2016-09-15,87.76930236816406,87.83257807171101,87.53202149701463,87.69811569309795,994100
2016-09-16,87.86421203613281,87.92748774122589,87.7534825693716,87.87212300784529,833600
2016-09-19,87.7139892578125,87.85635665742798,87.7139892578125,87.78516994046686,490400
2016-09-20,87.84847259521484,87.96711313695987,87.78519683504301,87.81683471512893,1177800
2016-09-21,87.99079895019531,88.03034779041211,87.65861041587516,87.75351797750618,1108300
2016-09-22,88.25178527832031,88.35460378976634,88.11732890928221,88.1410557939002,1012300
2016-09-23,88.29135131835938,88.3467160751449,88.18853277984512,88.21225967070949,952500
2016-09-26,88.54444885253906,88.62354653506759,88.39417653120799,88.40999244713011,764000
2016-09-27,88.69477844238281,88.79759704103432,88.60777576878944,88.79759704103432,1583700
2016-09-28,88.6551742553711,88.82127455353303,88.62354242499383,88.73427193423133,594800
2016-09-29,88.71054077148438,88.84499716418148,88.44162195178478,88.49698670373685,1123900
2016-09-30,88.48905181884766,88.74214862142601,88.36250643471035,88.71842173904426,1774600
2016-10-03,88.28319549560547,88.48911474895384,88.2673522994354,88.46534995469875,3112000
2016-10-04,87.87923431396484,88.25147068511492,87.87131271987067,88.17227287139075,3949600
2016-10-05,87.68123626708984,87.87131222744385,87.58619526570992,87.83963793605638,1490600
2016-10-06,87.49913787841797,87.72880987114206,87.48329468018271,87.58625129907314,1577400
2016-10-07,87.62579345703125,87.68915412191605,87.41987431735842,87.57827597957044,1601100
2016-10-10,87.39614868164062,87.43575062279504,87.26151174956821,87.43575062279504,1067000
2016-10-11,87.37236785888672,87.52284794636456,87.27732684957338,87.38028945359774,1942600
2016-10-12,87.37236785888672,87.37236785888672,87.19812902968212,87.30109163370648,1037800
2016-10-13,87.55453491210938,87.6654130768337,87.52285457327288,87.52285457327288,1188400
2016-10-14,87.28524017333984,87.57035713185647,87.26148143386442,87.3327576522907,2105300
2016-10-17,87.4753189086914,87.55452276599839,87.37236235356067,87.37236235356067,1490800
2016-10-18,87.64955139160156,87.64955139160156,87.3565188934076,87.36443444464139,1484400
2016-10-19,87.68916320800781,87.75252387945787,87.5228459772561,87.5228459772561,1264200
2016-10-20,87.6099624633789,87.81587557510395,87.57828212871212,87.81587557510395,979900
2016-10-21,87.70501708984375,87.73669743161376,87.58621731880802,87.73669743161376,571100
2016-10-24,87.58617401123047,87.76041278360833,87.48321748319098,87.76041278360833,900800
2016-10-25,87.57035064697266,87.70498752230024,87.45947250936106,87.47530965370329,735100
2016-10-26,87.38031768798828,87.48327428287371,87.34863734131393,87.44367838133698,1136600
2016-10-27,87.07930755615234,87.11890947742219,86.89715322008263,87.07930755615234,3668500
2016-10-28,87.09516143798828,87.16643765414182,86.96052455698343,87.00012044071133,1313200
2016-10-31,87.1664810180664,87.22984171443863,87.0872831688054,87.19816136625252,4413900
2016-11-01,87.16959381103516,87.33614402743262,86.86821204252199,86.91579608981534,2004000
2016-11-02,87.43133544921875,87.58202637368056,87.26478518838468,87.32823463561833,1455900
2016-11-03,87.37579345703125,87.4233835541462,87.2489006500894,87.30441738766469,686600
2016-11-04,87.64552307128906,87.68517445903221,87.46310732486869,87.47897272066642,1699800
2016-11-07,87.28067779541016,87.3758459450679,87.2489530618995,87.3203291741428,2617900
2016-11-08,86.97139739990234,87.3282901785576,86.93173995744013,87.29656543476305,1182200
2016-11-09,85.6468734741211,86.5748051396149,85.58343006821516,86.5748051396149,6381300
2016-11-10,85.13134765625,85.6785885704206,85.11548831927475,85.39307209788572,5445300
2016-11-11,84.95682525634766,85.3692343564799,84.92510054851144,85.29785830200038,2482900
2016-11-14,84.46513366699219,84.78237481582188,84.29065073259227,84.46513366699219,3753800
2016-11-15,84.46513366699219,84.6158245741324,84.40168422705192,84.45720097428175,1391700
2016-11-16,84.54449462890625,84.60001141040534,84.28277006574966,84.28277006574966,2765700
2016-11-17,84.17166900634766,84.4492587421221,84.10822562899142,84.40166864551678,2499200
2016-11-18,83.7989730834961,84.23517457883254,83.7196582199126,84.14793306959035,4093700
2016-11-21,83.87033081054688,83.98136433416947,83.77515662563899,83.86239811575291,1364300
2016-11-22,83.94964599609375,84.132061685001,83.87033719473682,83.98137072681126,1744700
2016-11-23,83.64822387695312,83.74339196560838,83.2754660607325,83.47374097992471,4607100
2016-11-25,83.57689666748047,83.71965494512223,83.46586312385625,83.68000356575605,948200
2016-11-28,83.95758056640625,83.98930529783223,83.76723822872421,83.85447972742719,2474800
2016-11-29,84.0447998046875,84.06859183423687,83.7592833483505,83.81480010092312,1745000
2016-11-30,83.48174285888672,83.69587728670157,83.41036068236487,83.5055349007689,3362500
2016-12-01,83.16326141357422,83.24268266576601,82.84557034535389,83.09178410443754,3467600
2016-12-02,83.5365219116211,83.64771284190297,83.337965813339,83.337965813339,1660400
2016-12-05,83.5047378540039,83.71123785736556,83.16322118128856,83.25853027348245,2281600
2016-12-06,83.5365219116211,83.61594313904368,83.45710068419851,83.52857797104346,989400
2016-12-07,83.8144760131836,83.85418964561626,83.6794593580318,83.68740329640826,1237600
2016-12-08,83.49678802490234,83.60004104902477,83.41736681673494,83.54444559736261,1357500
2016-12-09,83.06787872314453,83.55235580982524,83.02817116193411,83.457052815362,3261000
2016-12-12,83.08379364013672,83.17115878646513,82.89318152971553,83.01231031157269,1538200
2016-12-13,83.13146209716797,83.28236666421151,82.98056358957541,83.22677120152984,1993500
2016-12-14,82.44046783447266,83.47295557677901,82.42457995844296,83.40941619155882,3941000
2016-12-15,82.21015930175781,82.45636689666837,82.14661990324846,82.42459719741369,1999200
2016-12-16,82.31342315673828,82.56757474343468,82.17046251050581,82.35313680381188,1811800
2016-12-19,82.69466400146484,82.73437159409721,82.50404574280023,82.59935487213254,1691800
2016-12-20,82.5198745727539,82.56752607359238,82.34514432374854,82.4007397612095,969400
2016-12-21,82.6549072265625,82.70255873664156,82.55166026824138,82.59931177832044,1870500
2016-12-22,82.61915588378906,82.69074669281525,82.49983179967039,82.56347212041035,1872100
2016-12-23,82.69866943359375,82.79412987566866,82.68276239445086,82.70662598770146,830400
2016-12-27,82.5793228149414,82.5793228149414,82.49181895090427,82.49977550283607,1148800
2016-12-28,82.88162231445312,82.96912619033263,82.56342695389783,82.61911068681464,1369800
2016-12-29,83.13619232177734,83.2555163620522,83.0168682815025,83.0168682815025,1328600
2016-12-30,83.38282012939453,83.49418765428737,83.15212852238082,83.17599212499,2439500
2017-01-03,83.3429946899414,83.43845511364685,82.96116513326241,83.00889231057944,3230500
2017-01-04,83.43843841552734,83.47821510137881,83.22366009151185,83.31116394512894,1523000
2017-01-05,83.97937774658203,84.0668816097607,83.5498149825424,83.60549870737694,3344400
2017-01-06,83.59758758544922,83.82827916200716,83.55781694270937,83.66918445289954,1601400
2017-01-09,83.91578674316406,83.9476069001922,83.81237578462837,83.89987969918718,1275000
2017-01-10,83.87598419189453,84.00325870251694,83.83620749347199,83.87598419189453,1352700
2017-01-11,83.9714584350586,84.26579029347138,83.77258703401378,83.92373124091137,1833700
2017-01-12,84.01921844482422,84.3453644904443,83.99534877107845,84.17831318867663,1544700
2017-01-13,83.83623504638672,83.97146615495198,83.56577282925619,83.82032800323307,1833200
2017-01-17,84.25780487060547,84.34530874261145,84.10666678456268,84.29758156481599,1656800
2017-01-18,83.66123962402344,84.07489563620655,83.62941946392667,84.00329875872006,3640400
2017-01-19,83.3429946899414,83.43845511364685,83.17594350026042,83.39072793632982,1840000
2017-01-20,83.38282012939453,83.46236749445013,83.11235787439047,83.23963244466447,1306400
2017-01-23,83.82032775878906,83.97942246615786,83.39871525302101,83.53395243026596,1720200
2017-01-24,83.50212860107422,83.7487272073683,83.39076109700116,83.63735970329525,1344000
2017-01-25,83.08842468261719,83.27138894453857,82.9770572428634,83.16797805593013,1816000
2017-01-26,83.1998291015625,83.22369876560772,82.87368318848692,83.05664753172906,2212900
2017-01-27,83.30323028564453,83.36687057286699,83.23958999842206,83.24754655159283,2285200
2017-01-30,83.2793960571289,83.48621795991362,83.2793960571289,83.31916669886105,1909300
2017-01-31,83.56576538085938,83.7009964773712,83.35893742385254,83.35893742385254,1411700
2017-02-01,83.40564727783203,83.53311477577135,83.16663736156816,83.30207347758952,2055100
2017-02-02,83.43751525878906,83.73228726534381,83.42954664074647,83.67651909559497,1423500
2017-02-03,83.50121307373047,83.82785942377609,83.34984586019891,83.65258636553426,1711100
2017-02-06,83.8995590209961,83.97923301376873,83.65258666256328,83.84379087301862,1500500
2017-02-07,84.05094146728516,84.20231477611243,83.79600046615512,83.85176862020629,1540600
2017-02-08,84.39349365234375,84.44926178964002,84.0509162151606,84.0509162151606,3182200
2017-02-09,83.89159393310547,84.39350724963913,83.8756567037267,84.39350724963913,1530200
2017-02-10,83.8358383178711,83.89956901009583,83.70836477687567,83.70836477687567,1646400
2017-02-13,83.7083969116211,83.71636553056062,83.55702354314667,83.65262873559504,1045200
2017-02-14,83.40564727783203,83.73228767989968,83.22240553159311,83.6685508917927,2318100
2017-02-15,83.24623107910156,83.30199919939955,83.1107950838449,83.11876369482154,2750900
2017-02-16,83.58088684082031,83.66055475482295,83.33390840565824,83.33390840565824,2459800
2017-02-17,83.80400848388672,83.90757622488367,83.74824030361515,83.81197102515709,2237700
2017-02-21,83.76412963867188,83.87566594352182,83.58885656582974,83.60479379696417,2832700
2017-02-22,83.8995590209961,83.98719555042818,83.62071828110868,83.93939601738242,2812800
2017-02-23,84.1226806640625,84.1226806640625,83.99521314219123,84.05098132268662,1842700
2017-02-24,84.5130386352539,84.57677541619387,84.30589713633604,84.40150230774597,2677000
2017-02-27,84.21028900146484,84.44929888244164,84.16248945657898,84.44133026553607,3292600
2017-02-28,84.17042541503906,84.3775668262957,84.15448818741164,84.25009331836195,2482500
2017-03-01,83.58403015136719,83.60796884230122,83.48829973412583,83.53616494274651,2249000
2017-03-02,83.34471130371094,83.44842130112451,83.23302174138104,83.41650912808387,2023300
2017-03-03,83.42451477050781,83.43249433791846,83.17720296041698,83.36866997188645,2509000
2017-03-06,83.40852355957031,83.44840920512112,83.31278705432558,83.44042964136145,1401700
2017-03-07,83.28890228271484,83.35272665619918,83.24901052763033,83.31283490111466,1596300
2017-03-08,83.00968170166016,83.08945912851246,82.89001251806795,82.9059655687874,2392800
2017-03-09,82.77828216552734,82.95379607020338,82.73041086367282,82.92188389784187,2322900
2017-03-10,82.953857421875,82.97779004719028,82.7703638167428,82.953857421875,1333000
2017-03-13,82.74635314941406,82.90590789211831,82.72242054667075,82.81815095764398,1342600
2017-03-14,82.83419799804688,82.92195502566008,82.77037359857732,82.78632665512984,864600
2017-03-15,83.56011962890625,83.56011962890625,82.90593522951092,82.961780016534,3701900
2017-03-16,83.32877349853516,83.46440179032264,83.30484088428625,83.36068567974243,2749900
2017-03-17,83.5521240234375,83.62392183632848,83.41649578804841,83.43245491532886,1186700
2017-03-20,83.75161743164062,83.77555004934636,83.56812388485153,83.56812388485153,1362700
2017-03-21,84.03082275390625,84.06273493262303,83.69575400731857,83.69575400731857,1407000
2017-03-22,84.19036865234375,84.34992952904392,84.12654430166369,84.19036865234375,2231300
2017-03-23,84.10261535644531,84.27812928515067,83.95901360447051,84.23823754258115,2584700
2017-03-24,84.15052795410156,84.25423801439315,84.04681180718163,84.07872399957019,2540000
2017-03-27,84.35791778564453,84.53343173744851,84.30207299067291,84.50151955651815,2614000
2017-03-28,84.07070922851562,84.45364929020904,84.06273574872833,84.45364929020904,1356800
2017-03-29,84.31007385253906,84.3419860415298,84.21433728556686,84.21433728556686,1860400
2017-03-30,84.07070922851562,84.27813534887564,84.05475618231523,84.27015578246254,1487800
2017-03-31,84.23823547363281,84.27014764957958,84.12654590113173,84.19037025302526,1698500
2017-04-03,84.65292358398438,84.69287549187813,84.31734950257587,84.34131820899,4175500
2017-04-04,84.53304290771484,84.70881537611841,84.53304290771484,84.62891769124359,1319600
2017-04-05,84.69287109375,84.77276880958311,84.3892573352622,84.42920314527626,2551100
2017-04-06,84.6369400024414,84.77276672559913,84.53307358399222,84.71683771631037,1496300
2017-04-07,84.38128662109375,84.94856846846956,84.38128662109375,84.84470202175788,1185400
2017-04-10,84.53304290771484,84.62891769124359,84.4531391270374,84.49309101737613,1752500
2017-04-11,84.92462158203125,85.0125109425302,84.71688253941481,84.7328657481281,2219200
2017-04-12,85.18826293945312,85.23620035893863,84.92459494067052,84.98851556385529,2273600
2017-04-13,85.4439468383789,85.49987586462464,85.1802788164462,85.33208878588746,1868200
2017-04-17,85.30812072753906,85.52385134284526,85.23621458630844,85.45193910580747,1110500
2017-04-18,85.79548645019531,85.86739867177465,85.49187264836412,85.53981006554645,1678400
2017-04-19,85.57173156738281,85.62766056066607,85.48384227853724,85.5877147630655,1750000
2017-04-20,85.38001251220703,85.4998621480225,85.26815447766079,85.43594152948016,1694700
2017-04-21,85.41996002197266,85.58774706514777,85.39598521940017,85.45990583464938,2792500
2017-04-24,85.24417877197266,85.24417877197266,84.98850241459743,85.03643982666617,3558000
2017-04-25,84.80472564697266,85.06839358466364,84.76477374278745,84.97251267210198,1985700
2017-04-26,85.02845764160156,85.02845764160156,84.7887644589105,84.8047415661009,1314400
2017-04-27,85.08436584472656,85.18823835137239,84.95653073106048,84.99647653716671,1988200
2017-04-28,85.1722640991211,85.21221600522841,84.90859614874485,84.94854805485217,5489800
2017-05-01,84.98824310302734,85.21229549478481,84.86021578129586,85.07626455764203,2044400
2017-05-02,85.16429901123047,85.21230850108644,84.93224296864207,84.94825020190788,1585300
2017-05-03,84.98824310302734,85.21229549478481,84.94023362049927,85.18028713810949,1861300
2017-05-04,84.79621887207031,84.81222000166014,84.67618903274737,84.70019377961772,1237100
2017-05-05,84.81219482421875,84.83619956396302,84.66016277084859,84.8041973142836,980000
2017-05-08,84.60411834716797,84.73214561338479,84.55610278049039,84.73214561338479,4887400
2017-05-09,84.50813293457031,84.54814490806393,84.39610673475217,84.49212570318485,1457900
2017-05-10,84.4760513305664,84.708107144688,84.42003827922427,84.69209992718183,995500
2017-05-11,84.5401611328125,84.58016701072495,84.34811704590696,84.34811704590696,1088800
2017-05-12,84.97222137451172,85.04423558084304,84.86819271429762,84.86819271429762,2005600
2017-05-15,84.91621398925781,84.95621984935963,84.86020090114029,84.93221511230479,672200
2017-05-16,85.02825164794922,85.14828145440129,84.90822184149715,84.90822184149715,1314500
2017-05-17,85.70835876464844,85.75636821519137,85.40428873626698,85.46030179688897,5644700
2017-05-18,85.68443298339844,85.82046395524392,85.59641150632868,85.7804519729499,1715200
2017-05-19,85.66038513183594,85.67638625371899,85.46033753097221,85.59636843436716,3503100
2017-05-22,85.5643539428711,85.62837063574405,85.52434198358354,85.5643539428711,1425800
2017-05-23,85.3403091430664,85.66038653066889,85.30029718025295,85.66038653066889,2984700
2017-05-24,85.51638793945312,85.56439743102477,85.26032714278612,85.34034499706252,1776300
2017-05-25,85.5643539428711,85.60436590215865,85.46033139567844,85.5643539428711,1361000
2017-05-26,85.62036895751953,85.68438565183897,85.57235948926395,85.64437369164732,1016600
2017-05-30,85.83643341064453,85.83643341064453,85.70040248899586,85.76441919505493,2335200
2017-05-31,85.87646484375,85.9404815643197,85.7484375075811,85.79644699552313,1752300
2017-06-01,85.83158874511719,85.84762047725047,85.67130810967022,85.70336545962247,1769300
2017-06-02,86.2082290649414,86.30440108590557,86.08000581796833,86.15213024795709,1803200
2017-06-05,86.06397247314453,86.14411276528558,86.04794686044126,86.07198833665234,1414900
2017-06-06,86.33646392822266,86.41660422697701,86.28036510766331,86.37653102044341,2078900
2017-06-07,86.17616271972656,86.32041767894279,86.09602243445352,86.2482932564906,1795800
2017-06-08,86.0399169921875,86.09601579898626,85.88764618188601,86.09601579898626,3863000
2017-06-09,85.95980834960938,86.02391692789425,85.83959482956558,85.87165217586484,1203400
2017-06-12,85.9437484741211,86.1120449013426,85.84758258102973,85.84758258102973,766700
2017-06-13,85.97581481933594,86.00787215849621,85.86361718943107,85.86361718943107,682300
2017-06-14,86.42461395263672,86.68908244133365,86.3204321757165,86.4887286373474,3712100
2017-06-15,86.2723617553711,86.32846058406632,86.20824706134405,86.30441910238461,2000400
2017-06-16,86.32044219970703,86.41661423794108,86.28838485362903,86.28838485362903,3460300
2017-06-19,86.08003234863281,86.25633860327096,86.08003234863281,86.2242812530692,1105900
2017-06-20,86.29637145996094,86.3604861303789,86.15211650867627,86.15211650867627,1252000
2017-06-21,86.28833770751953,86.34443650392647,86.18415597542385,86.20018158255002,1159800
2017-06-22,86.36851501464844,86.44064556342809,86.26433323786989,86.4166040852725,1160100
2017-06-23,86.39258575439453,86.42463699098096,86.28839783538793,86.32847105259269,1581000
2017-06-26,86.46470642089844,86.56087846938871,86.4566905549457,86.4727222868512,3625000
2017-06-27,86.0399169921875,86.19218780248899,85.9597767130909,86.16814021587979,1755200
2017-06-28,85.95980834960938,85.99987544674822,85.82356309925916,85.99987544674822,1530900
2017-06-29,85.63922119140625,85.72737734475905,85.46290888470064,85.51099183587046,1997200
2017-06-30,85.43889617919922,85.62321829695898,85.38279734584005,85.62321829695898,1909600
2017-07-03,85.12506866455078,85.44611484727916,85.08494171886387,85.43808700876312,1255300
2017-07-05,85.18924713134766,85.28556278702699,85.06083238055288,85.10898714667039,10477800
2017-07-06,85.02873992919922,85.05281731587323,84.8601920990359,85.02873992919922,1794300
2017-07-07,84.89226531982422,84.98858096060397,84.85213839541518,84.92437053341747,1799900
2017-07-10,85.00464630126953,85.08490628266325,84.94043586677692,84.94845757850545,1247700
2017-07-11,85.1170654296875,85.14114282701654,84.94851140148833,84.97259492226532,1112600
2017-07-12,85.3658447265625,85.48623779626394,85.33373949974573,85.43807689431583,2451700
2017-07-13,85.27753448486328,85.35779446910136,85.11701451638714,85.35779446910136,2095900
2017-07-14,85.39794921875,85.67083445917626,85.38189354375679,85.63070751858491,1260400
2017-07-17,85.50225067138672,85.56646109747693,85.39791332157259,85.44606807941861,1289200
2017-07-18,85.81532287597656,85.85545594841265,85.70295762129206,85.77519592698759,1776100
2017-07-19,85.81532287597656,85.8875611816721,85.75914024863431,85.8233507151532,2466000
2017-07-20,85.83934020996094,86.00789409750097,85.8072411226077,85.95973321958546,2317200
2017-07-21,85.99185180664062,86.09618916537565,85.97580226046746,85.9998796414491,1664200
2017-07-24,85.9356689453125,85.99987937669506,85.87145851392995,85.94369678009626,2342700
2017-07-25,85.45415496826172,85.63875241653656,85.43007757269956,85.63875241653656,2513600
2017-07-26,85.72703552246094,85.81532338358487,85.40599543486172,85.45415022331217,3010400
2017-07-27,85.59054565429688,85.6627839205673,85.49423000708423,85.55844043855933,1853000
2017-07-28,85.73504638671875,85.7591237761768,85.55847069943168,85.58254808888975,1001600
2017-07-31,85.75909423828125,85.7671220731509,85.63067949758599,85.6868620947859,921800
2017-08-01,85.97209930419922,86.00425416890333,85.5862531935766,85.62644217477173,1958300
2017-08-02,85.89173126220703,86.05250561577658,85.88369101129993,85.93192638382804,516100
2017-08-03,86.18913269042969,86.2132473028148,85.99620965843611,86.06855349559147,1576200
2017-08-04,85.95604705810547,85.98820193108426,85.77115807170611,85.98820193108426,1266100
2017-08-07,86.00430297851562,86.01234323248303,85.86764932565377,85.91587858362458,554100
2017-08-08,85.93191528320312,85.98014451658652,85.79526170000769,85.97210426671805,1277800
2017-08-09,86.03646087646484,86.26957918635436,86.03646087646484,86.24546455652391,1268000
2017-08-10,86.35800170898438,86.39015659236573,86.18919317091998,86.2052675461522,1412000
2017-08-11,86.45443725585938,86.51070674960545,86.26954827188527,86.30974339581024,911000
2017-08-14,86.24544525146484,86.37405862607767,86.21329037458271,86.28563424788075,1386100
2017-08-15,85.98819732666016,86.06054118730245,85.87565834371797,85.89977296393207,1146300
2017-08-16,86.1489486694336,86.27756812925902,85.89171588269613,85.90779638163102,2160100
2017-08-17,86.45443725585938,86.48658599550154,86.14896903302518,86.1811239055822,1637300
2017-08-18,86.47055053710938,86.66347372635134,86.34193712192061,86.6072042072842,1235700
2017-08-21,86.52677917480469,86.58304866728614,86.46246943113597,86.49462430297034,718800
2017-08-22,86.35800170898438,86.44642610505386,86.30977245037082,86.44642610505386,984500
2017-08-23,86.65542602539062,86.65542602539062,86.47053698718919,86.5428870048912,1246100
2017-08-24,86.51876068115234,86.61522532091412,86.47053142772958,86.51876068115234,2520900
2017-08-25,86.66344451904297,86.71167989978538,86.47052139481995,86.52679089492314,1007500
2017-08-28,86.74385833740234,86.75189245894536,86.59112416724412,86.6232790521678,921700
2017-08-29,86.94479370117188,87.16183143819667,86.84832907754128,87.14575706738252,1590200
2017-08-30,86.8724594116211,86.92068866570132,86.80814965090323,86.80814965090323,1299900
2017-08-31,87.0091323852539,87.01717264035912,86.87247871305382,86.88051896815904,1023600
2017-09-01,86.75312042236328,86.93828046924784,86.70481272751995,86.91412969288116,3460000
2017-09-05,87.35690307617188,87.3649492391778,87.0509769028902,87.07513381823546,3054800
2017-09-06,87.14755249023438,87.38907241356273,87.05094329248166,87.33271858373368,1601500
2017-09-07,87.52594757080078,87.59839987638703,87.22807376069431,87.22807376069431,4292500
2017-09-08,87.46153259277344,87.49373566159515,87.34882492295112,87.49373566159515,1249100
2017-09-11,86.96243286132812,87.13954674745445,86.96243286132812,87.10734366433057,2206200
2017-09-12,86.75312042236328,86.82557275146334,86.67261578710433,86.82557275146334,3167800
2017-09-13,86.57599639892578,86.76920872933837,86.55989178849434,86.76920872933837,1590900
2017-09-14,86.59211730957031,86.60822192417562,86.46331110328194,86.48746188307908,1377700
2017-09-15,86.69672393798828,86.69672393798828,86.44715170664779,86.60011473791064,1477000
2017-09-18,86.35862731933594,86.43108578219861,86.27812269335128,86.35058115621395,3032500
2017-09-19,86.26200866699219,86.42301788992228,86.23785789776349,86.38276865524384,673300
2017-09-20,86.09296417236328,86.3586288285445,85.95609954947732,86.34253035990993,2397500
2017-09-21,85.98018646240234,86.24585090228538,85.98018646240234,86.1331432872794,2390000
2017-09-22,86.1332015991211,86.27006620323175,86.1090508284276,86.25396159469707,826600
2017-09-25,86.39083862304688,86.45524478681013,86.14127241610154,86.22982935574856,1927000
2017-09-26,86.3183822631836,86.3666838126948,86.23787763329507,86.31032995756188,1061000
2017-09-27,85.8755874633789,86.00439976970493,85.85143669146998,85.89169207272408,4039100
2017-09-28,85.85950469970703,85.92391086464983,85.72264620578606,85.77094775843818,1873300
2017-09-29,85.75480651855469,85.95607109145433,85.70650498653312,85.94802493085562,2037800
2017-10-02,85.65728759765625,85.84273059548603,85.65728759765625,85.80241502817331,3221600
2017-10-03,85.77818298339844,85.81043419000895,85.65724249643118,85.68142936356689,2521700
2017-10-04,85.75403594970703,85.85884780641064,85.67341097137414,85.85884780641064,2198300
2017-10-05,85.66532897949219,85.83464324449682,85.61695523271665,85.78626949772129,1779900
2017-10-06,85.56053924560547,85.65728676414747,85.34284502630223,85.4395986961361,2350600
2017-10-09,85.65728759765625,85.68953882124804,85.57666261432274,85.63310071778538,893100
2017-10-10,85.68953704833984,85.89110257814917,85.66535016896941,85.705665735448,1123100
2017-10-11,85.78624725341797,85.81849846000237,85.68949363366477,85.8104341205341,2841200
2017-10-12,85.86689758300781,85.89914879912813,85.75402140223198,85.84271070874021,1349300
2017-10-13,86.15717315673828,86.20554691694059,86.0201100686371,86.12492193283943,1521700
2017-10-16,86.01207733154297,86.10076669203237,85.92338797105356,86.00401298478187,1666100
2017-10-17,85.97975158691406,86.01200279471578,85.86687543525252,85.88299796350893,673800
2017-10-18,85.76207733154297,85.7943285444997,85.68144622350617,85.71369743646291,1788500
2017-10-19,85.85078430175781,86.02815678259718,85.7943462052882,85.99591171429269,1518700
2017-10-20,85.49601745605469,85.63308051050736,85.46376624007338,85.5766424203627,2651400
2017-10-23,85.57666015625,85.63309825809154,85.5363445900953,85.5363445900953,709800
2017-10-24,85.318603515625,85.43147964917529,85.27022978732857,85.36697724392143,1605600
2017-10-25,85.18157958984375,85.25414021557121,85.03645218709808,85.03645218709808,1838800
2017-10-26,85.06868743896484,85.2783110859184,85.0606230983006,85.2621885558795,2062400
2017-10-27,85.34281921386719,85.35088355507054,85.09287999817343,85.1573824252202,1315000
2017-10-30,85.64923095703125,85.65728914960624,85.48797483615066,85.53634859676882,1692700
2017-10-31,85.5927734375,85.66533406196828,85.5766447534244,85.65726971993048,1178000
2017-11-01,85.64444732666016,85.77365179136919,85.53139650044375,85.53139650044375,1321500
2017-11-02,85.75749969482422,85.87862734246485,85.69290362211622,85.74135221684924,1997900
2017-11-03,85.8947525024414,85.91897679177625,85.7170994995779,85.87052205230054,2532400
2017-11-06,85.99974822998047,86.04819682090512,85.91899852483684,85.97552393451814,858400
2017-11-07,86.03206634521484,86.096668586419,85.96746410401069,86.0159127045094,734800
2017-11-08,85.92709350585938,86.10474043040125,85.9028630444679,86.07243930935485,947800
2017-11-09,85.8947525024414,85.96742537044592,85.78170171167483,85.81399665691724,925900
2017-11-10,85.4587631225586,85.62026261730819,85.42646199144652,85.59603830917683,1862000
2017-11-13,85.41830444335938,85.56365631559262,85.4102276280117,85.52328456046422,868300
2017-11-14,85.53944396972656,85.59596936344,85.4263931822997,85.44254065444389,1629200
2017-11-15,85.8463363647461,85.87863748531912,85.66868328199887,85.82211206451854,1933100
2017-11-16,85.6283187866211,85.75751711909578,85.61216514455592,85.70906851451893,1749200
2017-11-17,85.7413101196289,85.82205979147354,85.67670791783117,85.78168803595375,941200
2017-11-20,85.60408020019531,85.7171310325502,85.55562544289444,85.63638131812647,1153400
2017-11-21,85.6202621459961,85.78176780066747,85.55565988412755,85.74138984679693,835600
2017-11-22,85.8947525024414,85.93512426439746,85.67672157681582,85.70902268286427,1657900
2017-11-24,85.82209777832031,85.87054637071056,85.78979666312422,85.81402095931935,614400
2017-11-27,85.87865447998047,85.93517991196697,85.74945613292991,85.86250699690291,1927500
2017-11-28,85.8947525024414,86.04010439925646,85.82207347363087,86.007803293208,1388000
2017-11-29,85.6202621459961,85.66064009986664,85.49913444519527,85.61218532305983,3193600
2017-11-30,85.35375213623047,85.60408427190171,85.26492559789689,85.56370633236514,3306400
2017-12-01,85.66909790039062,86.00067526435012,85.32134241908055,85.48308657172267,4341500
2017-12-04,85.62873840332031,85.62873840332031,85.43464400563262,85.44273307182992,2356200
2017-12-05,85.69340515136719,85.71766617034176,85.47504981044884,85.4912217663828,1586000
2017-12-06,85.8713607788086,85.97649395846977,85.85518881661058,85.88753274100661,1459000
2017-12-07,85.71768951416016,85.94413397978758,85.61255634658997,85.8713509030426,1953400
2017-12-08,85.65293884277344,85.74189382101235,85.58823870392254,85.70146086183918,2519500
2017-12-11,85.59629821777344,85.74187040536053,85.57203721486611,85.70143745722937,702200
2017-12-12,85.52359771728516,85.53168678277252,85.40228641557124,85.5155086517978,2557500
2017-12-13,85.8713607788086,85.90371087335426,85.5559550696754,85.64491628713857,1477800
2017-12-14,85.83899688720703,85.91178613077264,85.61255243193384,85.71768559469677,982100
2017-12-15,85.82283020019531,85.86326318675033,85.66107974352818,85.70960796560283,1845200
2017-12-18,85.62873840332031,85.7743107441235,85.59638830868076,85.75004971568124,1610300
2017-12-19,85.24054718017578,85.42655250636848,85.11923587126996,85.41846961055104,4535100
2017-12-20,84.98982238769531,85.15157283133809,84.94938940439602,84.99791145241458,3027000
2017-12-21,85.04975128173828,85.05785298839244,84.94445381440012,85.00115340139628,2098800
2017-12-22,85.0821533203125,85.0821533203125,85.00925031881548,85.04165096617064,696900
2017-12-26,85.11458587646484,85.2117816751767,85.07408350713897,85.09028692678687,2584800
2017-12-27,85.47908020019531,85.51148085883261,85.23608453010615,85.23608453010615,2291500
2017-12-28,85.37378692626953,85.43858824675621,85.3251828460075,85.39808587650352,1540500
2017-12-29,85.51143646240234,85.5681360406315,85.42233624235789,85.43043794775934,1849600
2018-01-02,85.22796630859375,85.43046575099973,85.12266264347541,85.40616680667782,3902000
2018-01-03,85.3170394897461,85.38184077390721,85.22793926897221,85.33323672089108,2135900
2018-01-04,85.27651977539062,85.28462147920848,85.06591873465182,85.13072000561596,2430000
2018-01-05,85.17121887207031,85.30891693241252,85.09831590026093,85.27651629825156,2163600
2018-01-08,85.13075256347656,85.22795450709722,85.05785574060485,85.2117510932646,2450600
2018-01-09,84.72573852539062,84.9849374820578,84.7095412942573,84.9849374820578,5924200
2018-01-10,84.70146179199219,84.74196415012844,84.42606553200075,84.47466341793049,2142500
2018-01-11,84.75816345214844,84.83106646261282,84.57996295967145,84.66096149812671,1798700
2018-01-12,84.70146179199219,84.73386244254274,84.56376366199646,84.57996089737564,1430700
2018-01-16,84.74198150634766,84.85538071660409,84.62858229609124,84.83917729811404,5927500
2018-01-17,84.5556411743164,84.75003885005307,84.49894159473527,84.61234075389754,2186100
2018-01-18,84.28834533691406,84.40984620863209,84.22355022781669,84.3288476874171,3326100
2018-01-19,84.06964874267578,84.23974749122738,84.02105086588705,84.23974749122738,2921600
2018-01-22,84.0372543334961,84.19925138800551,83.97245303977573,84.13445627407664,8047400
2018-01-23,84.2802505493164,84.32884842651313,84.15874967653347,84.23164649232858,1780100
2018-01-24,84.1182632446289,84.19926178188238,84.02106747184165,84.13446665995497,1952200
2018-01-25,84.30455017089844,84.31264569730276,83.9319520231924,84.02914777837327,3342000
2018-01-26,84.05345153808594,84.20735306567093,83.9643574839905,84.20735306567093,3324500
2018-01-29,83.84288024902344,83.87528090501026,83.68087696908937,83.83477854007843,2328200
2018-01-30,83.64845275878906,83.81855769976882,83.60795658505367,83.76995363957823,2346900
2018-01-31,83.67278289794922,83.82667829182668,83.44597830208942,83.78618210598245,2966400
2018-02-01,83.24111938476562,83.64677786733256,83.21678086618876,83.64677786733256,8958300
2018-02-02,82.932861328125,83.05456016980143,82.84361592355297,82.98965329559265,5753500
2018-02-05,83.61432647705078,83.81715572326125,82.82734801137697,82.9571617000832,6902000
2018-02-06,83.2492446899414,83.5981112761357,83.2492446899414,83.52508952142351,5382900
2018-02-07,83.005859375,83.37906453802914,82.9085052741239,83.3628409178361,4773700
2018-02-08,83.07887268066406,83.18434167582632,82.66509922449815,82.77868312386005,5685300
2018-02-09,82.932861328125,83.41153559822934,82.84361592355297,82.84361592355297,4376900
2018-02-12,82.9084701538086,83.04639253153127,82.8192248059042,82.93280866871774,2836300
2018-02-13,83.04638671875,83.07072523195558,82.90034944966064,82.97336498927739,2698100
2018-02-14,82.54340362548828,82.80302486123155,82.4541582454023,82.80302486123155,4141900
2018-02-15,82.56773376464844,82.72188598548114,82.54339524343442,82.5596250508157,3057300
2018-02-16,82.76251983642578,82.90044235906923,82.72195147571286,82.82742054775854,2277800
2018-02-20,82.6732177734375,82.7218948210648,82.5271804406971,82.60019601213803,2138300
2018-02-21,82.42979431152344,82.75432230362662,82.32432534477896,82.75432230362662,2253900
2018-02-22,82.54340362548828,82.64887881460363,82.51095019728807,82.55963343451765,4411800
2018-02-23,82.85985565185547,82.92476253867959,82.738162976387,82.76250151148069,4484700
2018-02-26,82.95719146728516,83.11945244653405,82.91662312754313,83.04643686282992,2725600
2018-02-27,82.6976089477539,83.0221372482209,82.54345661231302,82.98968379918796,3308900
2018-02-28,82.89226531982422,82.90849512788999,82.73000437831541,82.7949112308622,2521400
2018-03-01,83.24898529052734,83.37900132674162,82.90770249472365,83.0133420740242,5352600
2018-03-02,82.94021606445312,83.15148904790222,82.89146314500584,83.1433614948255,2140800
2018-03-05,82.8345718383789,83.16772707687214,82.7370598127316,83.16772707687214,2059300
2018-03-06,82.82646942138672,83.00523842290423,82.81834186690658,82.85897343979968,2331300
2018-03-07,82.82646942138672,83.06211890525002,82.81834186690658,83.01336597738437,1258100
2018-03-08,82.99710845947266,83.07836540339282,82.899596407064,82.9402279787778,1636700
2018-03-09,82.81834411621094,82.88335215480245,82.69645559372879,82.79396765161606,1604500
2018-03-12,83.01338195800781,83.02150331454376,82.83461292207609,82.883365859327,1885700
2018-03-13,83.15149688720703,83.19212225740763,82.98897680788323,83.14336933336406,1742100
2018-03-14,83.31401824951172,83.41965786043653,83.08649631753164,83.10274522716978,2598900
2018-03-15,83.28150177001953,83.38714136513838,83.20024483497124,83.29775687673325,2758000
2018-03-16,83.18399047851562,83.20023938465815,83.07835089031705,83.17586292569119,3595300
2018-03-19,83.10271453857422,83.25710702090629,82.99708116616593,83.00520871773745,2825000
2018-03-20,82.94021606445312,83.01335164313058,82.91583960472948,82.95646497110003,2600600
2018-03-21,82.99710845947266,83.06211649441177,82.62332155783396,82.83459457163234,3365600
2018-03-22,83.33838653564453,83.50902796788438,83.200249118999,83.30588252005022,5026500
2018-03-23,83.45211791992188,83.4927494748941,83.25710009496598,83.25710009496598,2519000
2018-03-26,83.22466278076172,83.41155940409172,83.2002863080469,83.30591975631438,4184900
2018-03-27,83.69585418701172,83.73648572224305,83.30581252709725,83.31394007404388,3495900
2018-03-28,83.67964935302734,83.90717119131695,83.60651379100275,83.8665396346916,2762500
2018-03-29,83.85031127929688,83.94781711988333,83.70404631891054,83.70404631891054,2572100
2018-04-02,83.93574523925781,84.11481162349489,83.74853128796268,83.78923186303776,2748800
2018-04-03,83.66716766357422,83.83809896480273,83.63460843333476,83.80553973456327,4229600
2018-04-04,83.61833190917969,83.83809895071136,83.57763131887766,83.83809895071136,2216900
2018-04-05,83.40665435791016,83.52060849632747,83.37409514550025,83.48804928391755,1789300
2018-04-06,83.77300262451172,83.80556186334842,83.56137688713294,83.67533111804147,2651200
2018-04-09,83.78927612304688,83.78927612304688,83.55322632500177,83.62647994678862,2071100
2018-04-10,83.6427230834961,83.73225938555314,83.57760464381167,83.6834174507717,1622400
2018-04-11,83.72415161132812,83.83810582146683,83.64275663409173,83.80554658856452,2520600
2018-04-12,83.42296600341797,83.61832136017651,83.3985481363325,83.61018000113555,2188600
2018-04-13,83.4962387084961,83.53693308991025,83.34972527332077,83.34972527332077,2937700
2018-04-16,83.4555435180664,83.47182623971653,83.27647084014764,83.29275356179775,1637400
2018-04-17,83.50436401367188,83.56134731900246,83.38227467378529,83.41483390110093,1301800
2018-04-18,83.17878723144531,83.43111348991,83.17878723144531,83.33343580435697,2127600
2018-04-19,82.95088195800781,83.04041207724741,82.8532042687854,82.98343497771053,3181500
2018-04-20,82.67414093017578,82.89390799315318,82.67414093017578,82.84507224805571,2309400
2018-04-23,82.5927505493164,82.64158629713238,82.48693148232958,82.60089191063211,5022800
2018-04-24,82.49503326416016,82.57642820814816,82.42177967758181,82.47875675937702,3178800
2018-04-25,82.31595611572266,82.41363376913601,82.25897903707383,82.36479804744725,3295800
2018-04-26,82.55198669433594,82.58454590460997,82.46245041859095,82.51129233901919,1989500
2018-04-27,82.6904067993164,82.73924874816655,82.61715319109821,82.6252945509129,2409300
2018-04-30,82.7799072265625,82.86944351557932,82.71479500639732,82.7310715089298,3504400
2018-05-01,82.65028381347656,82.77260911069412,82.61766331943701,82.77260911069412,1894000
2018-05-02,82.66658782958984,82.78075643496508,82.60950352690223,82.6828949639053,3852600
2018-05-03,82.87858581542969,82.99275438516952,82.82150153055977,82.83781488150571,6026900
2018-05-04,82.88677978515625,83.00910508540835,82.76445448490415,82.97648459055958,2370500
2018-05-07,82.84597778320312,82.90306829837155,82.80520684315314,82.87859826827592,1854900
2018-05-08,82.70734405517578,82.78889215568303,82.62579595466853,82.71550073174288,1654600
2018-05-09,82.51982879638672,82.60953362210768,82.49536497514003,82.51982879638672,2838400
2018-05-10,82.6910629272461,82.75630391685644,82.60951480109478,82.71552674291917,4183700
2018-05-11,82.69921875,82.74814638083949,82.60951394564552,82.74814638083949,2816300
2018-05-14,82.51982879638672,82.5932202601268,82.51167211539628,82.5687564388801,4762000
2018-05-15,82.0631103515625,82.20174897791995,81.94894175695408,82.20174897791995,6812500
2018-05-16,81.89183807373047,82.12017520889398,81.89183807373047,81.95707903284013,4784200
2018-05-17,81.84294891357422,81.97342467136835,81.81848509784552,81.92449703991096,1702300
2018-05-18,82.16099548339844,82.20992311754867,81.99789922174861,81.99789922174861,2642300
2018-05-21,82.21804809570312,82.22620477215766,82.07125902812744,82.12018664341228,2845100
2018-05-22,82.1854476928711,82.2262248633861,82.1120562520113,82.21806818493856,1977000
2018-05-23,82.5605697631836,82.60950360962367,82.42193734533518,82.43824447966696,5102500
2018-05-24,82.77257537841797,82.8867439501678,82.71549109254305,82.7481115732888,2994100
2018-05-25,83.09880065917969,83.10695733741655,82.98463205075383,83.02540299849305,2838400
2018-05-29,83.9958267211914,84.15892292516537,83.3760499469919,83.46575472569398,11256200
2018-05-30,83.63701629638672,83.76749825050024,83.49022720887002,83.64517297394931,4512200
2018-05-31,83.59626007080078,83.78382013571013,83.45762141471457,83.64518770134703,5321700
2018-06-01,83.2873764038086,83.41810974786766,83.15663682574333,83.22200661477596,7891000
2018-06-04,82.99322509765625,83.20567381167497,82.99322509765625,83.19750102890322,3131800
2018-06-05,83.20565032958984,83.32004432008364,83.11576844648688,83.21381687605017,4305500
2018-06-06,82.87063598632812,83.00954208602595,82.82161177090654,82.98502997831515,3910500
2018-06-07,83.22201538085938,83.45080343256649,82.84614840533958,82.87066052030721,4400400
2018-06-08,83.10762023925781,83.23018704645736,83.08310812461926,83.13213235389637,7342800
2018-06-11,83.02589416503906,83.05040627467416,82.94418505492025,82.96052438334182,1875800
2018-06-12,82.97689056396484,83.0177420121723,82.8951751995358,82.91152076602444,1664800
2018-06-13,82.87882995605469,83.05859377056636,82.6582146962491,83.00139675994961,3294700
2018-06-14,83.14033508300781,83.14850786883333,82.96874398472592,83.03411380331208,3626400
2018-06-15,83.20565032958984,83.42626553011218,83.18113822219902,83.32004432008364,5826500
2018-06-18,83.24653625488281,83.32825162538204,83.18117268609394,83.31190605767918,4600500
2018-06-19,83.4671401977539,83.57336142941597,83.41810973898156,83.49165231013698,4172800
2018-06-20,83.19749450683594,83.45079464684318,83.18932172470487,83.43445531658725,3059000
2018-06-21,83.41809844970703,83.48346822988597,83.32822279446768,83.32822279446768,2680500
2018-06-22,83.43450927734375,83.47536698041735,83.30376961471642,83.31194240213318,2309500
2018-06-25,83.54885864257812,83.67142545218034,83.51617374441707,83.52434652745906,8110800
2018-06-26,83.58972930908203,83.63875354693587,83.51618671829341,83.56521095614725,3873200
2018-06-27,83.90839385986328,83.94107876097368,83.73680280453931,83.80216637275264,3044200
2018-06-28,83.82666778564453,83.92472247645439,83.76130422577795,83.90021036225359,3705600
2018-06-29,83.76132202148438,83.90022818747165,83.75314923701218,83.81851904477372,2721200
2018-07-02,83.70398712158203,83.8677088035382,83.67942949384678,83.84315117580297,3911500
2018-07-03,83.91685485839844,83.91685485839844,83.72856924803341,83.73675720820154,1463800
2018-07-05,83.9250259399414,84.02326271276169,83.87591067632269,83.89228659458416,1682300
2018-07-06,83.99872589111328,84.08058676595262,83.92504673184881,84.02328352900665,3206500
2018-07-09,83.7858657836914,83.85954492815041,83.76949611024672,83.80224170271926,2258800
2018-07-10,83.72039794921875,83.79407711422763,83.67128266960276,83.70402827120839,4461100
2018-07-11,83.89228820800781,83.91684584028947,83.76130584172837,83.8759122894314,2198700
2018-07-12,83.85950469970703,83.89225027647112,83.76945592500084,83.78582559059281,1385900
2018-07-13,83.99872589111328,84.02328352900665,83.8923073783806,83.94961061532656,2891800
2018-07-16,83.85950469970703,83.89225027647112,83.71215272705874,83.8185711673569,1782600
2018-07-17,83.81039428710938,83.90863103038338,83.78583666268612,83.90863103038338,1034700
2018-07-18,83.74494171142578,83.86772988096081,83.72037783193538,83.85136020688394,1355300
2018-07-19,83.97415924072266,84.04783214649581,83.78587362777392,83.8022495483349,4201700
2018-07-20,83.67947387695312,83.87594124862206,83.64672827407745,83.87594124862206,3362700
2018-07-23,83.27011108398438,83.58937270518952,83.25373517000494,83.58118474819982,5285700
2018-07-24,83.32743072509766,83.36835802695519,83.19644836975564,83.25375158882217,3293800
2018-07-25,83.27011108398438,83.4829542466482,83.22099583320858,83.4256510388827,2403800
2018-07-26,83.1800765991211,83.39291979838963,83.16370068232534,83.35198625198258,2598200
2018-07-27,83.31104278564453,83.36834599644187,83.2373699055829,83.36834599644187,1435100
2018-07-30,83.20465087890625,83.30288766259207,83.13915968978236,83.14734764981874,3832700
2018-07-31,83.31925964355469,83.36019319928614,83.26195641288089,83.33563556408076,3053600
2018-08-01,83.12237548828125,83.17979778254735,82.99934559450708,83.05676163089457,5366800
2018-08-02,83.22080993652344,83.23721809512202,83.10597785784914,83.17980205578488,3370800
2018-08-03,83.4340591430664,83.45866511923667,83.27821295015082,83.2864170281669,2174800
2018-08-06,83.47510528564453,83.622747468229,83.46690746174822,83.49151344919882,3867200
2018-08-07,83.3028793334961,83.42591556144521,83.28647742344805,83.42591556144521,2181400
2018-08-08,83.37664031982422,83.42585227051627,83.3192242913909,83.3274221112544,2777900
2018-08-09,83.60628509521484,83.60628509521484,83.49145306490915,83.50785495872012,4318000
2018-08-10,83.96721649169922,84.07384448064334,83.80316621115632,83.82777218876818,4327800
2018-08-13,83.94259643554688,84.04102659470219,83.85237661200169,83.91799046022749,1764700
2018-08-14,83.86058044433594,83.93440463346477,83.81957256848943,83.92620055514419,2487600
2018-08-15,84.06568145751953,84.22152773567674,84.01646947826205,84.04107546789079,4810700
2018-08-16,84.04104614257812,84.09025810466358,83.8934039984426,84.08206028290213,2594400
2018-08-17,84.07386016845703,84.18869225732506,83.99183814181981,84.1148743107154,3043400
2018-08-20,84.33634185791016,84.36915192303908,84.22150975889895,84.23791166252337,2901100
2018-08-21,84.22151184082031,84.26252598771535,84.16409578989541,84.26252598771535,2516700
2018-08-22,84.37738037109375,84.45119834554166,84.29535205564248,84.45119834554166,2396500
2018-08-23,84.36917114257812,84.44298911252412,84.34456515259613,84.41018529780244,871000
2018-08-24,84.39376831054688,84.41017647407399,84.18871007162382,84.22152014079721,1296600
2018-08-27,84.20511627197266,84.30354021931731,84.1887081088281,84.27893423248115,1851900
2018-08-28,84.01646423339844,84.09028219767644,83.98365416331454,84.05747838547356,1506300
2018-08-29,83.99185180664062,84.04926786041578,83.90982976665906,84.04106377905347,1420400
2018-08-30,84.14765930175781,84.22148348974173,84.08204544984535,84.10665142654729,2780900
2018-08-31,84.16410827636719,84.34456053686861,84.155904194195,84.33635645469643,2132200
2018-09-04,83.9717788696289,84.09506256530229,83.93068848471727,84.04575159522064,3419500
2018-09-05,83.96355438232422,84.02108593060566,83.87314676781502,83.95533379815016,1332300
2018-09-06,84.13615417480469,84.2019000408142,84.00464990184796,84.01287048652497,1656700
2018-09-07,83.75810241699219,83.86494495329325,83.7252263434065,83.84028946572145,4405000
2018-09-10,83.80738067626953,83.8402567370214,83.74162855476581,83.74162855476581,3110800
2018-09-11,83.50330352783203,83.66768387432985,83.50330352783203,83.64302211950339,3360500
2018-09-12,83.60192108154297,83.67588752518894,83.60192108154297,83.63479714665283,1398800
2018-09-13,83.59371948242188,83.71700318696544,83.57728458136859,83.71700318696544,1281600
2018-09-14,83.43754577636719,83.51973907932147,83.38823481096954,83.42933146244667,3749900
2018-09-17,83.4539794921875,83.48685555633945,83.32247523557972,83.34713698654474,3808400
2018-09-18,83.10877990722656,83.35534095205612,83.08411815932303,83.34712663988891,4972900
2018-09-19,82.96904754638672,83.06767571763834,82.84577017040561,83.05945513575068,5515900
2018-09-20,82.9772720336914,83.05945904503595,82.84577406963355,82.87042954599022,2973500
2018-09-21,83.01017761230469,83.05948858255391,82.92799057173289,82.92799057173289,1024100
2018-09-24,82.9197769165039,83.0184051357144,82.87868025754875,82.88690084343374,2389800
2018-09-25,82.83757781982422,82.85401271873386,82.74717019964905,82.82113665044571,2878300
2018-09-26,83.10877990722656,83.12521480202828,82.87864748673141,82.91974412943665,2502900
2018-09-27,83.10877990722656,83.13343538466279,83.00193114437984,83.0512483697196,6342800
2018-09-28,83.14990234375,83.25675114779978,83.11702627100158,83.24853056199524,3931000
2018-10-01,82.93905639648438,83.08729446219856,82.93905639648438,83.03788386800636,6408000
2018-10-02,83.15316772460938,83.21081550408861,83.06257745926531,83.06257745926531,2915000
2018-10-03,82.53553009033203,83.00494963124824,82.42846541475264,82.99671243701792,6612700
2018-10-04,82.3213882446289,82.4613890989186,82.25550327209136,82.3378626293317,6427500
2018-10-05,82.12374114990234,82.2802163918286,82.02491368924309,82.20609422554993,5676600
2018-10-08,82.15669250488281,82.23904558941969,82.14021811809287,82.20610309897741,1947800
2018-10-09,82.31317138671875,82.31317138671875,82.15670239220935,82.18140769222987,3066300
2018-10-10,82.3543472290039,82.37905252787053,82.08257637519506,82.11551886806323,3001900
2018-10-11,82.6920166015625,82.80731220390084,82.42847661548734,82.53554130561514,5821500
2018-10-12,82.59315490722656,82.79080353180298,82.55197523066893,82.59315490722656,2647900
2018-10-15,82.64258575439453,82.71670793374382,82.56846985818328,82.67552824708999,1860000
2018-10-16,82.63436889648438,82.64260609246989,82.51907328524541,82.5767210908649,2703900
2018-10-17,82.39554595947266,82.70025309343679,82.39554595947266,82.6178999838016,3336200
2018-10-18,82.54378509521484,82.68378601164733,82.31318758897713,82.35436728587591,2587700
2018-10-19,82.4449234008789,82.55198177202091,82.3790384264206,82.53551366997483,5531900
2018-10-22,82.46137237548828,82.56843700493296,82.45314146794296,82.53549452534502,1690100
2018-10-23,82.6755142211914,83.0049328091221,82.63433454152371,82.8896372458169,4420100
2018-10-24,83.12025451660156,83.14495981891807,82.8484836248422,82.90613142462702,4881200
2018-10-25,82.92259216308594,83.02965054987834,82.84846998520051,82.97200275958429,3559900
2018-10-26,83.29317474365234,83.42494469686696,83.2108216644618,83.23552695990524,4220800
2018-10-29,83.28495025634766,83.37554054221843,83.05435908618138,83.1861290594982,3766900
2018-10-30,83.103759765625,83.22728623760379,83.07081727871835,83.12846506002076,5746600
2018-10-31,82.8978500366211,82.96372870830565,82.80725979452781,82.85667036907502,3956700
2018-11-01,82.9688491821289,83.00186251116338,82.80378883360527,82.82854725621895,4834300
2018-11-02,82.50666809082031,82.79552682428027,82.473654764618,82.77076840379058,5250900
2018-11-05,82.55618286132812,82.69648477168309,82.55618286132812,82.66347774295673,2446700
2018-11-06,82.46543884277344,82.61399573258699,82.45719022980961,82.61399573258699,2456700
2018-11-07,82.46543884277344,82.67176750658942,82.45719022980961,82.60574082297204,3297600
2018-11-08,82.34989929199219,82.54797305580762,82.32514085859668,82.53146953242776,2188900
2018-11-09,82.67174530029297,82.71301354063164,82.46541669189853,82.47367159929614,2772700
2018-11-12,82.9193115234375,82.95232484418534,82.80376804914363,82.8450299775931,3704900
2018-11-13,82.98538970947266,83.0101481412499,82.82032300320594,82.87809477623654,3265000
2018-11-14,83.15869903564453,83.32375943336498,82.85333037354609,82.8863437124203,4626400
2018-11-15,83.2164535522461,83.4062723406067,83.11741355615627,83.36501039805621,2621300
2018-11-16,83.4722900390625,83.50530336754655,83.3402430217749,83.40626338209441,7226700
2018-11-19,83.59611511230469,83.62087354240305,83.40628998713294,83.40628998713294,3447800
2018-11-20,83.5795669555664,83.70336534592107,83.54655992834302,83.6208351845672,3658600
2018-11-21,83.5630874633789,83.5630874633789,83.41453061157803,83.5053157041591,1897000
2018-11-23,83.61261749267578,83.74467084693276,83.61261749267578,83.73641593812907,531200
2018-11-26,83.54658508300781,83.54658508300781,83.4640486001557,83.51357174919688,2345600
2018-11-27,83.62911224365234,83.68688400156897,83.51356872781906,83.52181733848619,2334400
2018-11-28,83.6208724975586,83.73641603434095,83.49707405196305,83.5631007291674,3582500
2018-11-29,83.83541870117188,83.95921709161479,83.73637872948801,83.84366730965975,4313000
2018-11-30,84.00048065185547,84.03349397638986,83.90144697490011,83.95921871867334,3069700
2018-12-03,84.18408966064453,84.18408966064453,83.86981789952053,83.89462799779466,6008500
2018-12-04,84.57282257080078,84.73822748049221,84.3081709294188,84.33298103489322,7748800
2018-12-06,84.78787994384766,85.16005059691238,84.77134197050478,84.89539885485969,9429900
2018-12-07,85.03592681884766,85.06900904930444,84.65549063328012,84.76300314992194,7319100
2018-12-10,85.0855941772461,85.21792317243042,84.94499935220807,85.05251192845,9045700
2018-12-11,84.87052917480469,85.06074412882674,84.77128247501656,84.88706713654064,5290100
2018-12-12,84.63894653320312,84.7712754552961,84.61413643775826,84.72992108969447,3727200
2018-12-13,84.68861389160156,84.77131635291403,84.6389873669794,84.73823410643038,4116000
2018-12-14,84.82096862792969,84.95329766388134,84.78788636894177,84.8292407701256,3530000
2018-12-17,85.06902313232422,85.12691546775999,84.89534612601693,84.90361826244813,7627000
2018-12-18,85.27872467041016,85.32015854597164,85.09639791385732,85.15441039795262,4461400
2018-12-19,85.57705688476562,85.75938359975049,85.17925256817271,85.36986858553466,7710900
2018-12-20,85.46931457519531,85.75109394890461,85.43616368870686,85.73451534421784,9245200
2018-12-21,85.54391479492188,85.55220409815136,85.41131123479312,85.52733618846291,4918800
2018-12-24,85.75941467285156,85.76769765534469,85.57708789180447,85.67653426482114,6373000
2018-12-26,85.35331726074219,85.8754359883262,85.32016636352358,85.75112170447824,5477700
2018-12-27,85.56878662109375,85.88371062975548,85.55221433553746,85.71796248264647,4602100
2018-12-28,86.03287506103516,86.04116436415525,85.68480020461932,85.70966179109392,4543100
2018-12-31,86.35610961914062,86.73734178201667,85.88372039101458,85.93344989910858,7227500
2019-01-02,86.53844451904297,86.54673382498464,86.33954543665737,86.44728112234793,18668600
2019-01-03,87.22632598876953,87.2843384942313,86.55503752229917,86.57160981405016,10616700
2019-01-04,86.5218505859375,86.67930942211296,86.4141086043116,86.64616485241325,6616700
2019-01-07,86.28148651123047,86.66271218186176,86.24833562819065,86.62127199734088,5459200
2019-01-08,86.06605529785156,86.26495438035566,86.06605529785156,86.19036959549956,6879500
2019-01-09,86.11575317382812,86.18204862838228,85.99972190186595,86.05773437640428,3248700
2019-01-10,86.07432556152344,86.30637549358966,86.0163130785069,86.2483630105731,14413000
2019-01-11,86.33122253417969,86.40581361285142,86.24834847567749,86.30636094891756,3825700
2019-01-14,86.28148651123047,86.43066232346744,86.23176334811295,86.3643605573878,3090100
2019-01-15,86.1985855102539,86.43063529608486,86.16543463758056,86.43063529608486,4148000
2019-01-16,86.14888000488281,86.19032018797303,86.03285507969129,86.09915684348194,4820800
2019-01-17,85.99147033691406,86.14892921225047,85.92516853525251,86.10749532837787,5328100
2019-01-18,85.71796417236328,85.9583034164296,85.6516623830581,85.86714003685664,6617500
2019-01-22,86.01628875732422,86.11574140989788,85.91683610475056,85.95827629071074,5814400
2019-01-23,85.9748764038086,86.0660397841254,85.84227914700296,85.8671407374736,3507300
2019-01-24,86.24837493896484,86.3395383281542,86.17379016029389,86.24008563370563,6030700
2019-01-25,86.04946899414062,86.14063237604238,85.96659491683545,86.09919217594637,2763300
2019-01-28,86.07432556152344,86.17377824221744,86.0163130785069,86.0163130785069,3116100
2019-01-29,86.32292938232422,86.32292938232422,86.13231337963394,86.14060268137298,2836700
2019-01-30,86.5218505859375,86.5467121746554,86.15719709037828,86.23178817941823,5788300
2019-01-31,86.91962432861328,86.96106451347114,86.69586376988049,86.72072535164142,10206500
2019-02-01,86.4545669555664,86.77845964374328,86.44626022771712,86.76185252422155,9191900
2019-02-04,86.26356506347656,86.34661334161746,86.21373102765004,86.34661334161746,7283500
2019-02-05,86.41304779052734,86.52100991011187,86.36321375856934,86.37152048659185,3331100
2019-02-06,86.47948455810547,86.61236686475677,86.42965686119979,86.60406013654678,3489800
2019-02-07,86.76188659667969,86.82832777321255,86.66222483188038,86.72035927730181,6937400
2019-02-08,86.87812042236328,86.97778214693778,86.86150696684581,86.89472754170397,2602700
2019-02-11,86.74524688720703,86.81999477223424,86.67881206695526,86.74524688720703,2637200
2019-02-12,86.62898254394531,86.69542370383535,86.55424099120233,86.68711697480465,3305300
2019-02-13,86.41304779052734,86.51270318208937,86.37152048659185,86.42965491039536,3772100
2019-02-14,86.81999206542969,86.88643321978743,86.71202994173126,86.87812649144841,10568700
2019-02-15,86.73694610595703,86.76185995546194,86.65389149270415,86.66219822126492,6879000
2019-02-19,86.88640594482422,86.95284074214986,86.82827153705477,86.8947063343804,8557400
2019-02-20,86.86984252929688,86.95289082592011,86.80340135752672,86.88645599032886,4751100
2019-02-21,86.61234283447266,86.6538637916485,86.55420842548618,86.62064956037797,4140200
2019-02-22,86.86984252929688,86.96950428695209,86.75357364678855,86.78679423267363,3351000
2019-02-25,86.73694610595703,86.78677380496686,86.67050494982568,86.72863937739626,2849600
2019-02-26,86.9943618774414,87.0275824418406,86.86978634498816,86.9943618774414,2647700
2019-02-27,86.68710327148438,86.85320614495227,86.62066845827397,86.84489941723469,2530600
2019-02-28,86.4628677368164,86.66218483825305,86.4213404366029,86.65387811097507,4949900
2019-03-01,86.1791000366211,86.41208297455928,86.1791000366211,86.32055305632515,9003000
2019-03-04,86.44540405273438,86.4953271755112,86.25402784988209,86.31227360922561,3506600
2019-03-05,86.49533081054688,86.50365344746334,86.28730932581895,86.3455550876103,2112200
2019-03-06,86.73664855957031,86.77825540162812,86.52862704590689,86.52862704590689,2401600
2019-03-07,87.02786254882812,87.09443094542878,86.89473210393852,86.90305474059153,4822900
2019-03-08,87.15267181396484,87.22756284301528,87.01954137654714,87.11107132965803,5212000
2019-03-11,87.08607482910156,87.14432056241108,87.01118383009859,87.14432056241108,4654100
2019-03-12,87.32737731933594,87.36898413681995,87.11935592853399,87.15264011285939,4942800
2019-03-13,87.29412078857422,87.3190823458332,87.20259084641756,87.2358686905558,1715000
2019-03-14,87.16930389404297,87.29411802469662,87.07777395478432,87.25251119837527,2514700
2019-03-15,87.44387817382812,87.5104465496223,87.34403195844659,87.43556188808616,7846600
2019-03-18,87.32737731933594,87.43555250547074,87.31906103448637,87.36066150366133,4166200
2019-03-19,87.26912689208984,87.3606568069866,87.16095806007945,87.18591960990425,2138000
2019-03-20,87.8765869140625,87.90154847377241,87.3773366749309,87.39397559863376,8061700
2019-03-21,87.83496856689453,87.99306688874498,87.76840653249837,87.97642796722353,4633500
2019-03-22,88.48401641845703,88.62547585394299,88.23439444373447,88.27599493203225,4721900
2019-03-25,88.70867919921875,88.91670067631132,88.40912776434052,88.48401244890424,7828800
2019-03-26,88.63375854492188,88.77521792678593,88.48398287753781,88.525589698376,7483700
2019-03-27,88.89173126220703,89.09975272092325,88.82516287182318,88.8750859904555,3555900
2019-03-28,88.90007019042969,88.95832230808428,88.7503007963901,88.86679233507382,3769600
2019-03-29,88.75861358642578,88.76693622409296,88.56723735826802,88.59219892295707,2748900
2019-04-01,88.14824676513672,88.49009722907142,88.1148944142852,88.46508455626041,9430400
2019-04-02,88.29834747314453,88.3150204713724,88.18161740161393,88.2316427576094,7318600
2019-04-03,88.02320861816406,88.12326570661418,87.981516574315,88.02320861816406,5207300
2019-04-04,88.11492156982422,88.14827393095437,88.00653116713555,88.06489620878521,2293700
2019-04-05,88.1565933227539,88.21495835097114,88.03985690500846,88.04819658369978,1749900
2019-04-08,88.01483154296875,88.18159328620153,88.01483154296875,88.13990126006581,3591500
2019-04-09,88.17326354980469,88.28165392414391,88.14825087582723,88.23162857618901,3210600
2019-04-10,88.38168334960938,88.44004835774639,88.30664535113698,88.31497866565027,2059800
2019-04-11,88.181640625,88.27335804268743,88.1482882584488,88.24000567613624,1547500
2019-04-12,87.7730484008789,87.92313081754256,87.7730484008789,87.87310546575843,6032100
2019-04-15,87.8897476196289,87.89808093385788,87.78969059710413,87.78969059710413,2410700
2019-04-16,87.58964538574219,87.75640084757813,87.57296602277073,87.70637548128997,5003600
2019-04-17,87.60630798339844,87.69802538490991,87.54794294255589,87.54794294255589,2348800
2019-04-18,87.81475067138672,87.93148074669764,87.78973799257895,87.82309035142664,4893200
2019-04-22,87.6896743774414,87.77305208768756,87.64798870297409,87.76471876958102,3630000
2019-04-23,87.84808349609375,87.87309616933963,87.781378793231,87.81473114466237,2462100
2019-04-24,88.181640625,88.1899739456527,88.0815835253464,88.09826288927874,3266700
2019-04-25,88.0732192993164,88.20662872834295,88.03986694205977,88.15660337311384,1457600
2019-04-26,88.30670166015625,88.37340002533696,88.25666993462966,88.35672702437,2156100
2019-04-29,88.12321472167969,88.18991304741107,88.05651003463922,88.14822738899258,2715000
2019-04-30,88.29834747314453,88.32336015114225,88.06488733008334,88.07322064854138,3621900
2019-05-01,88.25827026367188,88.65093871312983,88.18308168777087,88.30839598093922,6870700
2019-05-02,88.00760650634766,88.19976566370345,87.94912439307804,88.1663464026819,3126200
2019-05-03,88.12458801269531,88.24155225370932,88.08281233773043,88.10787519308013,2625200
2019-05-06,88.35013580322266,88.49216286055237,88.33342936227206,88.45874360457985,3370100
2019-05-07,88.65091705322266,88.71775557596453,88.52559641659974,88.5673720868315,3965800
2019-05-08,88.48383331298828,88.76788749341226,88.44205763983285,88.73446822970247,4226600
2019-05-09,88.7177505493164,88.91825973210905,88.60078632818137,88.80965191936137,4224100
2019-05-10,88.65926361083984,88.90989848216441,88.60078150345694,88.75951500974101,2855400
2019-05-13,89.10208129882812,89.17726986798516,88.99346708905905,89.03524276575074,5653400
2019-05-14,89.01850128173828,89.07698338164403,88.9265999284477,89.03520772139528,2573200
2019-05-15,89.30255889892578,89.36939740833338,89.1772382873043,89.3443345608233,5512300
2019-05-16,89.12711334228516,89.16053259727018,89.0185055441372,89.10205049456418,3898400
2019-05-17,89.16889190673828,89.31927537202988,89.07699054605612,89.31927537202988,2128400
2019-05-20,89.01850128173828,89.26077971415437,89.00178846801045,89.18559117459162,2439600
2019-05-21,88.91827392578125,88.99346249105355,88.84307898643594,88.96004960031453,2675300
2019-05-22,89.18557739257812,89.2273530463712,89.03519396262082,89.06025680526872,3561900
2019-05-23,89.7286605834961,89.86233124932674,89.4028307663233,89.4028307663233,6184500
2019-05-24,89.70361328125,89.70361328125,89.58664903809658,89.67019401548143,2422800
2019-05-28,90.09625244140625,90.09625244140625,89.83726116503628,89.91245608744563,7039000
2019-05-29,90.06283569335938,90.43043475957754,90.04612287839824,90.3051141436542,5251800
2019-05-30,90.38868713378906,90.43045643306017,89.99601875101828,90.11298298749391,3461100
2019-05-31,90.9902114868164,91.02362437306115,90.63931244052496,90.69779455256152,6020600
2019-06-03,91.42798614501953,91.52843397315606,91.05128762982517,91.14336906332419,23830900
2019-06-04,91.0931625366211,91.23546791135085,90.90899963447106,91.04293861296637,5503200
2019-06-05,91.0931625366211,91.35266132425323,91.04293861296637,91.21035594952347,7712300
2019-06-06,91.07642364501953,91.32754965064774,91.01782693838342,91.16850509638516,2392400
2019-06-07,91.43637084960938,91.59541539375203,91.36102858212148,91.57867621573341,2805900
2019-06-10,90.98436737060547,91.14341196887845,90.97599458546568,91.1266727851627,6071200
2019-06-11,90.98436737060547,91.05133049203229,90.89228589375931,90.92577064775462,2735800
2019-06-12,91.21875,91.23548918293365,91.0429598396609,91.05132623784597,2062800
2019-06-13,91.4447250366211,91.52006729405011,91.28568051371235,91.30241968949615,1684700
2019-06-14,91.51171112060547,91.56193504363237,91.36940574765465,91.37777853034645,3880700
2019-06-17,91.4949722290039,91.56193533106267,91.38614521335477,91.4949722290039,3038800
2019-06-18,91.67073822021484,91.91349776265243,91.58702957475091,91.87164024664033,4564900
2019-06-19,91.92188262939453,91.99722489604517,91.41962426911594,91.47822097137242,4541500
2019-06-20,92.07257080078125,92.31533041843534,92.05583162112612,92.11442832976246,4575000
2019-06-21,91.69587707519531,91.88840637758692,91.6205348015831,91.85492801882832,4305200
2019-06-24,92.01396179199219,92.03070735597107,91.83817168958224,91.86328364898918,3046300
2019-06-25,92.15624237060547,92.27344212725647,92.03904900051415,92.10601846529768,5251000
2019-06-26,91.77957916259766,92.03907793701897,91.7460944196785,92.03907793701897,6675000
2019-06-27,92.05583953857422,92.10606346842148,91.81307990004109,91.88841579481199,2538400
2019-06-28,92.09767150878906,92.17301377443562,91.92188140436237,91.9721117103139,4341500
2019-07-01,91.98197174072266,92.13291332715251,91.82264273345571,92.0909826206946,8183600
2019-07-02,92.30900573730469,92.36770488450361,92.06582172812996,92.08259017116085,3117100
2019-07-03,92.48509216308594,92.57733458308692,92.40961818411856,92.41800560349859,2607000
2019-07-05,91.89811706542969,91.94843519641383,91.68847631322525,91.94843519641383,3664100
2019-07-08,91.80589294433594,92.09100133345508,91.80589294433594,92.03230217112296,3254100
2019-07-09,91.74717712402344,91.8226447200073,91.68847157462127,91.81425729898875,2061800
2019-07-10,91.7974853515625,91.9232710711298,91.68846807566467,91.83102863662894,4343700
2019-07-11,91.34467315673828,91.73879881328943,91.30274244520922,91.68009965578575,4769800
2019-07-12,91.4452896118164,91.54591306836052,91.31111647278772,91.33627233692374,4141900
2019-07-15,91.63813781738281,91.63813781738281,91.46204040468706,91.52073954225231,1753200
2019-07-16,91.43688201904297,91.47042529640007,91.26078461121271,91.34463960574246,2766100
2019-07-17,91.86458587646484,91.87296690070899,91.58785853092573,91.59624595289831,2624400
2019-07-18,92.09097290039062,92.1496720445994,91.73877803513805,91.76393389726654,2386700
2019-07-19,91.92330169677734,92.01554416201019,91.83105923154449,91.89813942629871,1728100
2019-07-22,91.9651870727539,92.07420433880515,91.93164379071713,92.06581691886423,1629800
2019-07-23,91.81424713134766,91.95680768196486,91.75554798617362,91.86456525415896,2329800
2019-07-24,91.94840240478516,92.03225739621605,91.87292843408932,91.94001498632434,2268500
2019-07-25,91.78910064697266,91.84779979814402,91.59623474929286,91.83941237719736,3172000
2019-07-26,91.77230072021484,91.8309998512494,91.67167089655896,91.82261243318005,3004100
2019-07-29,91.85619354248047,91.95682340758489,91.83941869943234,91.92328011921676,2505600
2019-07-30,91.89811706542969,91.96520364158984,91.78071875601344,91.93166035350977,2514800
2019-07-31,92.1329116821289,92.23353513946715,91.73039865959362,91.87295282264108,6669300
2019-08-01,93.17793273925781,93.17793273925781,92.22868274094682,92.27068120992571,16938700
2019-08-02,93.37116241455078,93.41316089082052,93.11074366187746,93.19475343250828,8503000
2019-08-05,94.17757415771484,94.25317523468811,93.8835592877463,93.93396000572848,7626200
2019-08-06,94.32880401611328,94.33720627402168,93.90878084732252,93.9843819413633,6462400
2019-08-07,94.32880401611328,95.15204583787799,94.22799614834732,94.98403913397966,9665300
2019-08-08,94.3371810913086,94.42958667649907,93.79955209149668,94.07676243802489,5178800
2019-08-09,94.19440460205078,94.58922745258839,94.13560160786724,94.40441621114137,2869000
2019-08-12,94.790771484375,94.90838380074348,94.51356122227016,94.53876157254867,4739900
2019-08-13,94.45477294921875,94.83279108023228,94.21115884359406,94.80759072603702,5888000
2019-08-14,95.0848617553711,95.16886512035445,94.92525087557057,95.00085198134181,8124300
2019-08-15,95.68965911865234,95.90806650107726,95.16042594736533,95.21082666499515,5240200
2019-08-16,95.43766021728516,95.48806094415933,95.06803779608892,95.35365686948,4957800
2019-08-19,94.98402404785156,95.14363487753575,94.93362332649609,94.95882368717383,3691400
2019-08-20,95.40406799316406,95.4796755007594,95.31166237779496,95.36206311016163,3161800
2019-08-21,95.1520004272461,95.40401677186547,95.10159972193897,95.1520004272461,4921700
2019-08-22,94.94202423095703,95.23604554530824,94.92522612595846,94.96723100202128,5860400
2019-08-23,95.58045196533203,95.71486242854698,94.93361923598006,95.03442067434764,8192600
2019-08-26,95.48804473876953,95.70645853323137,95.41244366128862,95.53845186613367,7581600
2019-08-27,95.89967346191406,95.9248738214668,95.60565217634918,95.60565217634918,3266900
2019-08-28,95.9332504272461,96.0928612177917,95.86605161826479,96.05925860877987,2505400
2019-08-29,95.74845123291016,95.84925265673742,95.50483711025643,95.84925265673742,4232400
2019-08-30,95.77364349365234,95.80724610176875,95.54682749112708,95.58043009924349,3651100
2019-09-03,95.98402404785156,96.29536228420392,95.6726858114992,95.82414678867843,11754000
2019-09-04,96.135498046875,96.17757304280148,95.88306091080217,95.88306091080217,3447000
2019-09-05,95.36138153076172,95.605402421109,95.15101935836688,95.58015356783663,4597800
2019-09-06,95.4202651977539,95.52965119624784,95.31087277951711,95.36977392020506,3111000
2019-09-09,94.83125305175781,95.03320533456494,94.82284318811494,94.96588790696256,4818700
2019-09-10,94.14128112792969,94.77236767225645,94.14128112792969,94.68822408362841,4797200
2019-09-11,94.04869842529297,94.21699198144206,94.03187227954945,94.05711470803611,4737000
2019-09-12,93.83833312988281,94.37686607165323,93.69528842678783,94.32637479664012,8612500
2019-09-13,92.9800796508789,93.57750744659221,92.9800796508789,93.48494757770412,24187700
2019-09-16,93.38391876220703,93.48488843184435,93.19038286250226,93.31660136928886,5388300
2019-09-17,93.6279525756836,93.72051240528734,93.3502795066136,93.43442305541485,8211700
2019-09-18,93.6616439819336,94.07395842858305,93.56908412001175,93.88042242099826,5170400
2019-09-19,93.70368957519531,93.89721910230396,93.67003087053695,93.8888092409455,7131900
2019-09-20,94.24226379394531,94.25908994493511,93.80471325101826,93.85519812373241,9915000
2019-09-23,94.37686920166016,94.6461324716042,94.29271921376166,94.36003663618335,13163900
2019-09-24,94.84807586669922,94.93221943267932,94.41893533453533,94.42735161705612,10459100
2019-09-25,94.22541046142578,94.82283815526529,94.15809303739637,94.73868816535708,8430900
2019-09-26,94.42735290527344,94.60405632216509,94.37686804894516,94.45259533343759,4233000
2019-09-27,94.56199645996094,94.65455632453543,94.40212558275894,94.43578429894454,4545500
2019-09-30,94.6376953125,94.67135401628599,94.38525824397573,94.41891694776172,2797900
2019-10-01,94.89981842041016,95.1105009039952,94.22563190113034,94.25934187004626,8555100
2019-10-02,95.22847747802734,95.3801691152616,94.98408503862113,95.00094323693538,3908600
2019-10-03,95.72566223144531,95.97005461265468,95.34643644342367,95.3632946377235,6128300
2019-10-04,95.91107177734375,95.97849170112202,95.65825670745197,95.71724753337851,4707600
2019-10-07,95.59083557128906,95.8015180082857,95.5655547075723,95.70038812390092,3193100
2019-10-08,95.79310607910156,95.96165591661791,95.63299177035962,95.91951684985911,4304900
2019-10-09,95.54871368408203,95.69198265342149,95.39702204500175,95.69198265342149,3336800
2019-10-10,94.95034790039062,95.29587014225083,94.85764712474604,95.27901194876074,3924400
2019-10-11,94.30148315429688,94.5374465127333,94.1497915053707,94.49530744321852,8685300
2019-10-14,94.56272888183594,94.63014882232075,94.5205962411725,94.59643885207834,1932200
2019-10-15,94.10762786865234,94.5879835599331,94.08234700535088,94.52057006763505,6638500
2019-10-16,94.29303741455078,94.40258997462938,94.17505575615284,94.2508983524723,2755500
2019-10-17,94.2593002319336,94.46155352656649,94.14974770349001,94.21716761153975,3188700
2019-10-18,94.34357452392578,94.4868434398918,94.27616104351902,94.31829366508369,2406400
2019-10-21,93.99810028076172,94.20878277024805,93.97281941074645,94.09923019034211,1735300
2019-10-22,94.21717834472656,94.25931096992015,93.96435687549689,94.22560101205505,3334400
2019-10-23,94.25086212158203,94.44469273130734,94.20872950521789,94.40255368542749,3305600
2019-10-24,94.23406219482422,94.44474468107893,94.20035222548115,94.29305303379476,2645400
2019-10-25,94.03179931640625,94.31832438262064,93.89695945264519,94.3014726144098,2381000
2019-10-28,93.67787170410156,93.72843344763648,93.58517088794102,93.70315257586903,5837600
2019-10-29,93.7621078491211,93.83795043565092,93.66940706812862,93.79581780852902,2199500
2019-10-30,94.21717834472656,94.22560101205505,93.80423618301695,93.83794614088205,5276700
2019-10-31,94.81550598144531,94.87449679432672,94.44470291218138,94.47841286661597,5540700
2019-11-01,94.6365737915039,94.88133160577443,94.42557634187047,94.67877585708305,8149400
2019-11-04,94.15553283691406,94.26525567019203,94.10489549179096,94.21461188593551,4145200
2019-11-05,93.64910888671875,93.82634597476991,93.5562694921494,93.79258560955094,6853500
2019-11-06,93.91923522949219,94.01207467334845,93.66604201463073,93.84327919677416,4129800
2019-11-07,93.16803741455078,93.43811390431316,92.82200493038559,93.43811390431316,5890100
2019-11-08,93.04149627685547,93.37909371156142,93.04149627685547,93.08369837086953,3037300
2019-11-11,93.14273834228516,93.2777733960052,93.04145722264553,93.2524547258785,1563000
2019-11-12,93.1849365234375,93.26089253064265,92.99081599535903,93.13429274616821,4446200
2019-11-13,93.43814849853516,93.56474830854316,93.37062774131304,93.5309879299321,2475200
2019-11-14,93.91073608398438,94.0204588718676,93.8010197352319,93.84322179813017,3189600
2019-11-15,93.8348617553711,93.92770122323414,93.75046399526006,93.75889926387572,2104500
2019-11-18,93.99517822265625,94.09645291195973,93.96141784651064,93.98673651883651,1893600
2019-11-19,94.17241668701172,94.20617706363016,94.01205650785748,94.01205650785748,8306500
2019-11-20,94.5184555053711,94.54377417971946,94.29058099710193,94.35810175478682,3838000
2019-11-21,94.28214263916016,94.38342377928247,94.16398452858449,94.29058434395387,3034700
2019-11-22,94.26526641845703,94.36654112025076,94.1893039529776,94.33278073994147,1879700
2019-11-25,94.30743408203125,94.34119445232332,94.25679674615927,94.27367371173918,3573100
2019-11-26,94.48468780517578,94.51844818140223,94.40029008417635,94.4509338680827,3579300
2019-11-27,94.23991394042969,94.33274690406463,94.19771187039686,94.29055127316363,2351800
2019-11-29,94.16397857666016,94.21461592395357,94.05426217781317,94.20618065882712,2882300
2019-12-02,93.82587432861328,93.91884706300033,93.65683006228257,93.70754656637149,6826400
2019-12-03,94.66264343261719,94.80632625450173,94.29920624007458,94.30766006735628,6561900
2019-12-04,94.29920959472656,94.54431900756852,94.14707294014815,94.46824745608878,2072200
2019-12-05,94.0794448852539,94.17241763330797,93.93576207403594,93.94421590069004,3062000
2019-12-06,93.79207611083984,93.9780216006991,93.67374833518035,93.71600457027009,2717400
2019-12-09,93.86814880371094,94.00338424306071,93.85124759798255,93.99493041600618,1928500
2019-12-10,93.75830078125,93.97805520679223,93.74139957084635,93.94424633760248,1707000
2019-12-11,94.14706420898438,94.21468192661085,93.88505361365739,93.90195481887378,2462600
2019-12-12,93.40331268310547,94.07102330754269,93.23426834556193,94.05411564959726,5490400
2019-12-13,93.95269775390625,94.01186166137315,93.37795988920679,93.65687176818946,4162000
2019-12-16,93.51316833496094,93.71601505186729,93.45400444051404,93.71601505186729,3028500
2019-12-17,93.52164459228516,93.66532744920518,93.46248068364854,93.62306475087227,3471400
2019-12-18,93.26805877685547,93.48781314803236,93.1666386427591,93.46245811450827,2249500
2019-12-19,93.3408432006836,93.45933849649438,93.17156605167084,93.20542277297525,1962500
2019-12-20,93.3408432006836,93.35777479009046,93.17156605167084,93.19695697827183,4660500
2019-12-23,93.25618743896484,93.42546455677966,93.18000821569251,93.36621691979366,1809400
2019-12-24,93.41703033447266,93.45088705863895,93.1377172032331,93.1377172032331,857600
2019-12-26,93.55249786376953,93.55249786376953,93.33243227467236,93.45093409765784,1285100
2019-12-27,93.6878662109375,93.72172293096264,93.62861856527077,93.62861856527077,1771100
2019-12-30,93.62860870361328,93.62860870361328,93.30697312600603,93.36622076543235,2035400
2019-12-31,93.29004669189453,93.51857145291213,93.28158089852106,93.47625540106132,2801600
2020-01-02,93.72173309326172,93.9079353873264,93.63708805526622,93.68787636956547,4022300
2020-01-03,94.34805297851562,94.36497810921233,93.98410132220249,94.07720568480647,3839600
2020-01-06,94.24650573730469,94.51735309686882,94.17033294438528,94.50889375821805,2714300
2020-01-07,94.11109161376953,94.31422553272259,94.11109161376953,94.22958693795138,2038800
2020-01-08,93.89100646972656,94.30574001764661,93.77251117032084,94.19571051320115,5081100
2020-01-09,93.95873260498047,93.98412353578121,93.63709692814344,93.67941945115159,3680600
2020-01-10,94.16185760498047,94.22110525708321,94.02643071016861,94.02643071016861,2600000
2020-01-13,94.05181884765625,94.06874397908855,93.93332355510279,94.04335305318554,2672600
2020-01-14,94.2380142211914,94.25494580889271,94.08566867693158,94.10259380712422,2376300
2020-01-15,94.47502136230469,94.47502136230469,94.31420354946607,94.41577371402352,2734800
2020-01-16,94.28036499023438,94.38193517435842,94.20419219527427,94.3311468535411,2200500
2020-01-17,94.20420837402344,94.20420837402344,94.02645890690178,94.06031564075772,2627000
2020-01-21,94.57654571533203,94.61040242276314,94.40726863568312,94.41573442691757,2355600
2020-01-22,94.59353637695312,94.64431824106269,94.52582291979992,94.57660478390947,1787600
2020-01-23,94.83055877685547,94.9998360189163,94.78823623758383,94.82209297749857,1891300
2020-01-24,95.16907501220703,95.31296124611853,94.9320844016446,94.94900953489484,7932600
2020-01-27,95.81232452392578,95.8207903185219,95.66843830333772,95.80386518683888,3824600
2020-01-28,95.49071502685547,95.74463725695726,95.45685829900786,95.71923986793864,1923600
2020-01-29,95.94776916503906,95.99009168834336,95.61767414729894,95.61767414729894,2429500
2020-01-30,96.0408706665039,96.34557474411635,95.98162301016316,96.10858411875338,4405500
2020-01-31,96.52330017089844,96.59101361084161,96.22706194303336,96.25245286863479,9764500
2020-02-03,96.4411392211914,96.48351214895101,96.04279619636263,96.28858245564395,5722100
2020-02-04,95.88170623779297,95.9834128441295,95.73762672845413,95.9749356770555,2569600
2020-02-05,95.4664535522461,95.66138967538656,95.44950567754044,95.52578081299555,9027500
2020-02-06,95.53422546386719,95.60202987198227,95.39861664763703,95.44099601925502,1697100
2020-02-07,95.99188232421875,96.07663458962034,95.84779636023436,95.92407792542414,6177900
2020-02-10,96.17835235595703,96.29700683453397,96.08512291333456,96.19530022453198,1909100
2020-02-11,95.94951629638672,96.08512511282694,95.89018905574018,96.05122290871688,1657100
2020-02-12,95.70372772216797,95.76305496129942,95.62745261450644,95.74610709276934,1473800
2020-02-13,95.78846740722656,95.89017400359157,95.72066947583315,95.75457167462147,1868000
2020-02-14,96.02582550048828,96.0851527582043,95.94954390274704,96.00039399045045,2043600
2020-02-18,96.17835235595703,96.32243187048844,96.06816857857551,96.15292085381844,8356600
2020-02-19,96.16143035888672,96.2038097438518,96.02582796613372,96.0766780551428,1681800
2020-02-20,96.4411392211914,96.56827093684555,96.29705962767093,96.30553033351026,3452900
2020-02-21,96.83092498779297,97.06823387877563,96.68684551343668,96.69531621227013,5381000
2020-02-24,97.58527374267578,97.71240540884139,97.48356711650628,97.63612382266797,6803600
2020-02-25,97.85650634765625,98.06839034887659,97.53444499362851,97.5598700391851,10014300
2020-02-26,97.80562591552734,98.13616433759734,97.54288543851396,97.64459205537571,19649400
2020-02-27,98.28024291992188,98.60230417095393,97.95818166888982,98.43279961066011,8629700
2020-02-28,99.38201904296875,99.54304639825975,98.95825127377023,99.06842856593596,13437000
2020-03-02,99.3141860961914,100.07788157063442,99.25478791895227,99.7469479440284,19402100
2020-03-03,100.46821594238281,101.22342413254692,99.3057013308,99.41601685843212,11462300
2020-03-04,100.24756622314453,100.90095249954904,100.17119992985572,100.61244250799119,7627100
2020-03-05,101.13854217529297,101.24885119809838,100.90943035434788,100.97731581788081,5284200
2020-03-06,102.1653060913086,102.93748235414863,101.90225148566634,102.65746609008139,11614800
2020-03-09,103.08171844482422,104.71941800490741,103.05625654091581,104.5836470797187,24791700
2020-03-10,101.18949890136719,103.31935934922062,101.18949890136719,102.57263185972332,15072900
2020-03-11,100.17969512939453,102.32652311202185,99.78936335745459,102.05498768484992,13316100
2020-03-12,100.23060607910156,102.4792556572801,97.07400289339041,101.95315944227146,10671600
2020-03-13,99.57721710205078,100.96035602155419,99.28871356909586,99.95906801050333,8697200
2020-03-16,102.20772552490234,102.40289464545762,100.97733205165413,101.85133649493025,6971700
2020-03-17,99.6451187133789,102.07196959984915,99.63663140988335,101.7495232800911,5680300
2020-03-18,98.26194763183594,99.9590451282482,97.87160951061752,98.94078274605295,13256300
2020-03-19,98.58440399169922,99.81479721391261,98.36377948171884,98.55046126140117,6702900
2020-03-20,101.09609985351562,101.72402413008344,99.62811410806128,99.82327669960307,9641600
2020-03-23,102.2926254272461,102.72538092900517,101.35921597501823,101.35921597501823,12234700
2020-03-24,101.59678649902344,101.80043647014159,101.19796738656001,101.41858549113972,5235500
2020-03-25,101.6561508178711,102.046482496636,101.3167299964496,101.62220808833757,5527600
2020-03-26,101.90227508544922,102.25018338119732,101.74954243726742,101.98713518855055,3384400
2020-03-27,102.6574478149414,103.00534949426752,102.40288055774529,102.51318958310932,5282300
2020-03-30,102.89505767822266,103.59934845628537,102.82717220176119,103.34478763042793,4649400
2020-03-31,103.08171844482422,103.36173464867639,102.9374602183327,103.05625654091581,6356500
2020-04-01,103.50139617919922,103.8667054730864,103.41644188607137,103.7562590585828,9256400
2020-04-02,103.51840209960938,103.83274016754767,103.36548175326078,103.79025977294042,4789400
2020-04-03,103.59486389160156,103.89220720440218,103.49291483509931,103.67981819788773,3441100
2020-04-06,103.12757110595703,103.30597703416389,103.03411945571592,103.24650839142826,4697500
2020-04-07,102.66881561279297,102.70279862208113,102.17607170050911,102.41395276552622,9340600
2020-04-08,102.54141235351562,102.68584180762348,102.33752071693748,102.45645804507458,3341000
2020-04-09,102.76229095458984,102.88972564839499,102.3969816225339,102.49043329921783,4543600
2020-04-13,102.54141235351562,102.8132700294859,102.51592670914314,102.66884705697632,2103100
2020-04-14,102.67731475830078,102.83873243480744,102.62634348428664,102.66032001256514,2180100
2020-04-15,103.59486389160156,103.67132082277969,103.20406889740674,103.23804543464273,3137400
2020-04-16,103.70524597167969,103.85816623030097,103.63727997193813,103.73922897155047,1901600
2020-04-17,103.4334487915039,103.90070721030607,103.33999710774349,103.62035215902478,2375000
2020-04-20,103.70524597167969,103.713743342046,103.4673714541787,103.6287890831663,4230700
2020-04-21,103.9941635131836,104.23203818001284,103.90071182527231,104.13008911640092,3287700
2020-04-22,103.67134857177734,103.85825198459291,103.48444515896178,103.75630290080265,3168700
2020-04-23,103.7392578125,103.76474344908983,103.53536623818512,103.6203205206833,2345900
2020-04-24,103.76475524902344,103.77325262271845,103.54386890413237,103.55236627782737,2373500
2020-04-27,103.21253204345703,103.54385828601862,103.18704640658251,103.5183726491441,2508100
2020-04-28,103.66280364990234,103.722272301105,103.4249290450917,103.4334264185769,2847600
2020-04-29,103.61180877685547,103.82419769444043,103.39941985927051,103.67127741451544,2600100
2020-04-30,103.365478515625,103.86671993357805,103.365478515625,103.68831394869247,5371500
2020-05-01,103.50833892822266,103.67843293664384,103.38927636653932,103.57637653159114,8357700
2020-05-04,103.52540588378906,103.60194336141373,103.37232444011335,103.48288073726889,3580500
2020-05-05,103.44882202148438,103.48284082789549,103.2192031887392,103.28723431313755,3487600
2020-05-06,103.06612396240234,103.14266141211222,102.7769673460646,102.89602992678485,3279500
2020-05-07,103.69548034667969,103.7380054878086,103.12567979073538,103.1596986059534,3252800
2020-05-08,103.35525512695312,103.73796177055644,103.27871769128616,103.43179905104292,3486800
2020-05-11,103.06612396240234,103.39779922132647,102.98107370038159,103.33826793096634,4569400
2020-05-12,103.4063491821289,103.44036800574274,102.99813627561723,103.01514244321056,4267700
2020-05-13,103.61888885498047,103.74645773141921,103.4573076673525,103.53384510016218,2615800
2020-05-14,103.78050994873047,103.93359135206519,103.73799130184146,103.79752259822581,2257600
2020-05-15,103.71249389648438,103.95062561997027,103.635956423112,103.92510664042013,1828900
2020-05-18,103.07460021972656,103.47431300146405,102.95553766624167,103.46581316794551,3091200
2020-05-19,103.36378479003906,103.38079095010875,103.04911567714338,103.04911567714338,1941700
2020-05-20,103.3892593383789,103.50832188045271,103.14262793310549,103.21917184639402,2366700
2020-05-21,103.45734405517578,103.62743162463525,103.41481891859847,103.49136286675264,2063800
2020-05-22,103.65291595458984,103.65291595458984,103.49133475402327,103.50834091097965,1352400
2020-05-26,103.38079071044922,103.44032200319155,103.23621564070702,103.32976574193415,3484800
2020-05-27,103.46582794189453,103.6189028281563,103.31274656720929,103.32124640194154,2542900
2020-05-28,103.37232208251953,103.42334706643892,103.21924064233512,103.27877195304983,3873900
2020-05-29,103.70396423339844,103.74648287690172,103.4403200946118,103.54237651818316,2993800
2020-06-01,103.66307067871094,103.66307067871094,103.42470709122325,103.5353805389287,8531700
2020-06-02,103.49280548095703,103.63752529238207,103.42469974796165,103.54388153324346,4711800
2020-06-03,102.8798599243164,103.1693060225346,102.79473101128274,103.15227634297602,4226600
2020-06-04,102.47128295898438,102.72666980878039,102.42020039308713,102.71816146023298,4744100
2020-06-05,101.9604721069336,101.99452497782106,101.60292670499682,101.81575227685266,10611700
2020-06-08,102.07115936279297,102.16480314666545,101.86684860476298,101.87535695244455,3314700
2020-06-09,102.43716430664062,102.60742209718464,102.36905859245567,102.4712171637331,3238600
2020-06-10,103.20341491699219,103.20341491699219,102.62452890119201,102.67560497775803,4944600
2020-06-11,103.56945037841797,103.73119341361839,103.50985297685996,103.58647356820475,6365800
2020-06-12,103.33956909179688,103.5694243130618,103.28849304036915,103.38213679793337,3051000
2020-06-15,103.25444793701172,103.63753134135968,103.25444793701172,103.56943209930975,2658000
2020-06-16,103.04161834716797,103.23741421464403,102.77771674538705,102.87135401140584,5252000
2020-06-17,103.20341491699219,103.23746130475402,102.98207442700065,103.14382399602407,2308300
2020-06-18,103.43324279785156,103.48431886406807,103.36513704628159,103.4417576405283,1694600
2020-06-19,103.46730041503906,103.52689132666306,103.20339873426451,103.20339873426451,2033200
2020-06-22,103.37361145019531,103.61197499252276,103.32253540395926,103.56941378563252,2284900
2020-06-23,103.33956909179688,103.37362195772205,103.21187246830748,103.27146335994652,2010600
2020-06-24,103.53540802001953,103.56946089797357,103.25447664809059,103.25447664809059,2310700
2020-06-25,103.55241394042969,103.71416346000315,103.52687590995414,103.6886254295276,1650900
2020-06-26,103.83332824707031,103.91845716634312,103.67157875400781,103.68860843481451,3413900
2020-06-29,103.93549346923828,103.97806118170698,103.79077363871835,103.7992884801963,28632400
2020-06-30,103.74820709228516,104.02062355129785,103.6801013538018,103.98657068205618,4126700
2020-07-01,103.58631134033203,103.66300114045104,103.3988546075837,103.5522277070334,8416500
2020-07-02,103.7141342163086,103.73117278435055,103.39886545082584,103.47555525898717,3054100
2020-07-06,103.560791015625,103.57782958858876,103.34777309922808,103.45002403938332,2821900
2020-07-07,103.8930892944336,103.90161183056027,103.58634300177637,103.6374652169558,2920400
2020-07-08,103.73118591308594,103.84195937214022,103.62041895482149,103.7141473428875,2096700
2020-07-09,104.0634765625,104.157204935501,103.74821430857733,103.75673034191284,2769400
2020-07-10,103.8589859008789,104.19981577244026,103.82490226364386,104.16573213520522,1939000
2020-07-13,103.96975708007812,103.98680214978428,103.68005590296688,103.70561700673679,2051100
2020-07-14,103.96121978759766,104.14867651129741,103.94417472137692,104.10607034653363,1721500
2020-07-15,103.92715454101562,104.02939895327522,103.79934252490196,103.80786505951998,2085400
2020-07-16,104.00385284423828,104.16574852137505,104.00385284423828,104.08906520112508,1907100
2020-07-17,103.97828674316406,104.08053766604279,103.92716453211959,104.05497656052056,2405200
2020-07-20,104.04644012451172,104.14016849943103,103.96975031740095,104.12312343083354,2695900
2020-07-21,104.15721130371094,104.19129494150326,104.05496689112316,104.08905052891548,3228400
2020-07-22,104.19129180908203,104.28502018499576,104.1572081723144,104.28502018499576,2431500
2020-07-23,104.29351806640625,104.3361177267043,104.1997897126481,104.31907916274258,2006500
2020-07-24,104.24241638183594,104.31910619150247,104.18277164133494,104.20833924508321,3395600
2020-07-27,104.0805435180664,104.34468362436739,104.05498241110698,104.32764505332449,1976500
2020-07-28,104.32762145996094,104.3531825611398,104.17424835209904,104.2083319872671,1870300
2020-07-29,104.46393585205078,104.46393585205078,104.21683440495673,104.33612386206588,1874200
2020-07-30,104.60879516601562,104.61731769960498,104.52358933248725,104.59175659962531,28331800
2020-07-31,104.63435363769531,104.7110369309439,104.45541295187296,104.49801911531405,4039200
2020-08-03,104.58320617675781,104.5917356571949,104.42970805932659,104.48087192977457,6595900
2020-08-04,104.94137573242188,104.96695766994961,104.71113178858437,104.7452432073173,3842000
2020-08-05,104.59173583984375,104.7025930613704,104.5576244241231,104.67701112610173,2423700
2020-08-06,104.71110534667969,104.94134923237544,104.65994148454425,104.79638061893418,2286500
2020-08-07,104.48941040039062,104.80493614283773,104.45529898179463,104.7452427868167,2363400
2020-08-10,104.3785171508789,104.65140189939277,104.3785171508789,104.6343429429375,1994900
2020-08-11,104.02037811279297,104.07154198030415,103.7730752430108,104.00331915289797,7166500
2020-08-12,103.71339416503906,103.83278087408009,103.5854779750415,103.73897610182104,5538100
2020-08-13,103.50017547607422,103.7901126915028,103.3978412497598,103.69630794390274,5748400
2020-08-14,103.55132293701172,103.68776204440411,103.54279345964815,103.59396381774462,2722800
2020-08-17,103.72187042236328,103.89242743423506,103.69628849710371,103.7730407789672,3357700
2020-08-18,103.90100860595703,103.96923144892112,103.77309890800986,103.83279226908134,1853600
2020-08-19,103.76457214355469,104.0118750762097,103.7389902032953,103.95218171357494,4493800
2020-08-20,104.06301879882812,104.10565969505959,103.99479596729273,104.08007775975564,2880300
2020-08-21,104.1397705078125,104.16535244296831,103.9692134299616,104.13124102739813,2103700
2020-08-24,103.99481964111328,104.21654064103316,103.97776718239119,104.11420637043426,1974900
2020-08-25,103.74748992919922,103.79865379504348,103.51723952072659,103.66220814467648,3562800
2020-08-26,103.70488739013672,103.75605127490294,103.50874832171769,103.64519402254643,3337400
2020-08-27,103.33817291259766,103.92658347061536,103.33817291259766,103.92658347061536,4672900
2020-08-28,103.50872802734375,103.63664422026861,103.40640027787414,103.534316470799,2277200
2020-08-31,103.61958312988281,103.79013370217949,103.5087194024114,103.52577836329345,3273300
2020-09-01,103.95919036865234,103.95919036865234,103.51543375936795,103.60077081759954,4622900
2020-09-02,104.10429382324219,104.1469656199748,103.8568117259576,103.87388304897146,3013400
2020-09-03,104.2408447265625,104.44565503961523,104.12990065260699,104.18110811397203,5750500
2020-09-04,103.66050720214844,104.04452721882275,103.58369929233346,103.96772581980797,7512800
2020-09-08,103.88243103027344,104.0445695533214,103.8568240427158,103.89096018198981,3442700
2020-09-09,103.83122253417969,103.96776708991884,103.7202849657437,103.90803047448365,3964300
2020-09-10,103.95919036865234,103.97625517597858,103.63490694305221,103.69464353489435,3164200
2020-09-11,104.121337890625,104.121337890625,103.97625772619271,104.01039385248264,4905000
2020-09-14,104.02747344970703,104.19814758393885,103.96773685164581,104.12987532592578,1797100
2020-09-15,103.97627258300781,104.02748003515975,103.90800683147405,103.96774343331691,2897600
2020-09-16,103.91658020019531,104.11286141023068,103.82271393804386,104.11286141023068,4015700
2020-09-17,103.95064544677734,104.15546218124264,103.91650932436646,104.15546218124264,3426800
2020-09-18,103.8567886352539,104.01039795421612,103.8567886352539,103.98479748618918,5606900
2020-09-21,104.04454803466797,104.2408291671976,104.02748322396175,104.12135595984965,5838100
2020-09-22,104.04454803466797,104.13842077055585,104.01041190245405,104.04454803466797,3387900
2020-09-23,104.04454803466797,104.07868416688189,103.9080100166138,104.04454803466797,3172000
2020-09-24,104.09578704833984,104.12991668009975,104.03605042655481,104.08725138499813,2866900
2020-09-25,104.18108367919922,104.21521980850207,104.11281142059349,104.1640123591473,2187400
2020-09-28,104.16402435302734,104.18109567504492,104.11282340857802,104.14695954181147,4167200
2020-09-29,104.2408447265625,104.30058133915298,104.18963726519748,104.22377340250668,2577100
2020-09-30,103.95919036865234,104.13840014417875,103.82265237764184,104.13840014417875,4276400
2020-10-01,104.01813507080078,104.09499284121057,103.69364113413889,103.7790335895734,8733800
2020-10-02,103.91567993164062,104.12062315372462,103.83882215146689,104.10354726647911,7509700
2020-10-05,103.25812530517578,103.63385990588121,103.25812530517578,103.62531870631254,6132200
2020-10-06,103.49722290039062,103.66801431024194,103.21542847543166,103.28373852434606,8516400
2020-10-07,103.1983642578125,103.41184867146748,103.13858888259018,103.3008391217767,7116700
2020-10-08,103.38622283935547,103.40329872439152,103.2752132990544,103.31790626915786,3499000
2020-10-09,103.3349838256836,103.43745216115038,103.13857532432823,103.30082554218586,4358500
2020-10-12,103.44599914550781,103.44599914550781,103.31790720398499,103.37768257469206,3287900
2020-10-13,103.67658233642578,103.69365822431634,103.55702506108064,103.55702506108064,6583300
2020-10-14,103.71072387695312,103.79612285306129,103.66803090392621,103.73634747880187,5200600
2020-10-15,103.59969329833984,103.83879474683995,103.57407621671852,103.82171886410103,3839200
2020-10-16,103.53990936279297,103.7192354343193,103.50575108511767,103.59968471996841,2726200
2020-10-19,103.36914825439453,103.43745831042456,103.24105631241967,103.34352465397811,3635800
2020-10-20,103.14714050292969,103.30939075850618,103.11298221149106,103.24107417562894,6129700
2020-10-21,103.010498046875,103.12151411279523,102.95072267100541,103.01903924772132,6425300
2020-10-22,102.65185546875,102.95927357792495,102.64331426709849,102.92511528634685,6749000
2020-10-23,102.79701232910156,102.89094599213956,102.62622740450189,102.63476860524005,5049900
2020-10-26,103.07026672363281,103.18128278233749,102.97633306551053,103.01903255193953,4817800
2020-10-27,103.30085754394531,103.335015838025,103.17276556990358,103.2154650662603,3620100
2020-10-28,103.29228973388672,103.48015704541675,103.22397316332547,103.45453996021297,5586600
2020-10-29,102.85678100585938,103.2752151194252,102.78847094948442,103.25813271906132,7504800
2020-10-30,102.52376556396484,102.85680076975761,102.52376556396484,102.81410779069819,7246800
2020-11-02,102.69974517822266,102.89627152925469,102.64847204908887,102.82791170317753,7674300
2020-11-03,102.46907806396484,102.56307123692436,102.39217811471873,102.5459845323657,9203500
2020-11-04,103.33206176757812,103.44314160042276,103.20388871789456,103.33206176757812,14922300
2020-11-05,103.31500244140625,103.40898908231208,103.19536944929534,103.37481567788478,6250700
2020-11-06,102.96469116210938,103.04159112174945,102.84506465656551,102.9903244819894,10402200
2020-11-09,102.20416259765625,102.22124929733802,101.84528323196307,102.18706937882159,11195800
2020-11-10,101.91365814208984,102.11019108541014,101.86239151302988,101.87093812425795,4810500
2020-11-11,102.07597351074219,102.11870003196941,101.90508046413699,101.92216716113677,1699900
2020-11-12,102.65705871582031,102.66560532720297,102.34944589758872,102.38362582396495,6324000
2020-11-13,102.52029418945312,102.64846070023786,102.50320097524775,102.61428079097823,6766000
2020-11-16,102.44344329833984,102.53743646996969,102.43489668660405,102.45198991007564,3911400
2020-11-17,102.70831298828125,102.7510395208994,102.61431983184418,102.63995966290723,4707900
2020-11-18,102.67414093017578,102.77667417915676,102.52887462886326,102.77667417915676,7931200
2020-11-19,102.78524017333984,102.88777996081193,102.75106024418248,102.78524017333984,9323000
2020-11-20,102.96469116210938,102.98177786897752,102.8194313366855,102.83651804355364,16772200
2020-11-23,102.75959777832031,102.84504433408779,102.70832462953638,102.82795111144169,2511900
2020-11-24,102.59722137451172,102.69976112955393,102.54595475656704,102.68266791080381,4349300
2020-11-25,102.63141632080078,102.81940263966123,102.62286971017427,102.67414285477953,2125500
2020-11-27,102.93904876708984,102.93904876708984,102.79378895447212,102.80232904757548,2988100
2020-11-30,102.87067413330078,102.97321390821006,102.83649420833103,102.89630744723958,2390900
2020-12-01,102.32344055175781,102.61415983199669,102.2037345315091,102.57995717999866,13902200
2020-12-02,102.15240478515625,102.24646042054951,102.00704844808921,102.22935583766693,5578500
2020-12-03,102.42605590820312,102.52011157712118,102.26359493034658,102.30634987930546,4484900
2020-12-04,102.02416229248047,102.12677023519034,101.92155434977059,102.10111988038487,4709100
2020-12-07,102.34056091308594,102.40041393243534,102.25505100816692,102.27215559854666,4441600
2020-12-08,102.44315338134766,102.63981701253628,102.43460761039675,102.52866327877096,4735700
2020-12-09,102.29779052734375,102.40894425408334,102.15243414849455,102.25503558133452,3444100
2020-12-10,102.52864074707031,102.56283687033756,102.29777451234541,102.38327786748921,3557600
2020-12-11,102.73390197753906,102.83650344612306,102.64839857922203,102.67404894636802,4336600
2020-12-14,102.67400360107422,102.74240889891355,102.41748699592083,102.4687877075562,2870600
2020-12-15,102.57142639160156,102.63127941427491,102.46881841409433,102.54577602809731,2889200
2020-12-16,102.48590850830078,102.60561453671447,102.29779717122518,102.3405521200112,5058400
2020-12-17,102.41148376464844,102.72804626456936,102.34304328767728,102.65959926013257,3233200
2020-12-18,102.3259048461914,102.53979679048841,102.30879636273187,102.48846481264565,3189500
2020-12-21,102.39434051513672,102.52267697301998,102.308785052369,102.48845348242023,2850500
2020-12-22,102.56547546386719,102.5825904769075,102.42003049034918,102.52270098619627,3688500
2020-12-23,102.35157012939453,102.37724264560302,102.17190168071957,102.3686851402002,3047100
2020-12-24,102.49703216552734,102.49703216552734,102.42002766390087,102.44569365528811,1529300
2020-12-28,102.50559997558594,102.50559997558594,102.27459948770611,102.33448898659836,3677500
2020-12-29,102.48846435546875,102.5226878496993,102.3601278839702,102.3601278839702,2157300
2020-12-30,102.55690002441406,102.55690002441406,102.43712107155953,102.4456720485753,2549100
2020-12-31,102.62535095214844,102.66813195144717,102.53979548101505,102.53979548101505,2626200
2021-01-04,102.65098571777344,102.71942615303242,102.36864689214715,102.39431287130198,5499000
2021-01-05,102.41148376464844,102.5740437683194,102.30881978545888,102.55693528094301,5004400
2021-01-06,101.81257629394531,101.91524678799462,101.61579281221704,101.91524678799462,10039300
2021-01-07,101.4532241821289,101.5216711679245,101.36766871361633,101.4532241821289,7751700
2021-01-08,101.16236877441406,101.32492879972565,101.06825576265118,101.25648178617693,8378700
2021-01-11,100.96556091308594,101.09389739240147,100.94844590119614,101.08533988645657,6061000
2021-01-12,100.94842529296875,100.99120628649518,100.58908844621406,100.76019936539349,6516600
2021-01-13,101.29920196533203,101.42753840679562,101.07675256862596,101.10241855142618,7562900
2021-01-14,101.0682144165039,101.35911084134949,100.98265894830126,101.29066385580185,8113000
2021-01-15,101.34200286865234,101.4104498589531,101.13666842521432,101.28211338400524,5978400
2021-01-19,101.4018783569336,101.4018783569336,101.15376947440194,101.1965439418376,4035700
2021-01-20,101.44466400146484,101.44466400146484,101.26499556408798,101.29066155121843,4277700
2021-01-21,101.29920196533203,101.36764893777429,101.21364651351048,101.27353598253183,4254500
2021-01-22,101.4532241821289,101.47033266484588,101.33344522071853,101.3847771963333,4706200
2021-01-25,101.86388397216797,101.86388397216797,101.56443659530437,101.59866008515496,5689200
2021-01-26,101.82967376708984,101.86389726140526,101.74411829503336,101.76123330592313,4257100
2021-01-27,101.94947052001953,102.10346647024973,101.91524702192456,102.0008025034296,5764700
2021-01-28,101.6842269897461,101.82112096455471,101.57300553081208,101.81256345926317,5394200
2021-01-29,101.50456237792969,101.63289885229491,101.35911741979906,101.39334091479408,7952100
2021-02-01,101.63127136230469,101.68263711249881,101.47716757996366,101.5114135906793,3640700
2021-02-02,101.37442016601562,101.4172227738721,101.28024528427068,101.3144847578528,3609800
2021-02-03,101.12612915039062,101.28878949115122,101.10900288393782,101.2374237553065,3844200
2021-02-04,101.09192657470703,101.13472919571183,100.9292596323137,101.00631480093779,2146000
2021-02-05,100.87785339355469,101.17749774738385,100.87785339355469,101.06620313932075,5498000
2021-02-08,100.9206771850586,101.05766122228633,100.80081941836353,100.86074830171106,2861300
2021-02-09,100.99772644042969,101.1347039378992,100.95491729835658,101.03197244773658,4458500
2021-02-10,101.25455474853516,101.25455474853516,101.10045099210926,101.1090141262878,6726800
2021-02-11,101.17752838134766,101.28882302310792,101.13471923280039,101.25457701062192,5949900
2021-02-12,100.84363555908203,101.04054196155951,100.80938954739925,100.92924732240958,8802400
2021-02-16,100.11592102050781,100.49261406761862,100.04742900039365,100.39843917290128,8909000
2021-02-17,100.18441009521484,100.31283100458641,100.06455232160371,100.18441009521484,4789700
2021-02-18,100.17585754394531,100.25290617363008,99.94469859137293,100.02175375281674,4469900
2021-02-19,99.77346801757812,99.97037441182495,99.62792737282898,99.87620604833207,5851800
2021-02-22,99.61080169677734,99.88476324866558,99.53375307207062,99.69641345703768,3828000
2021-02-23,99.68785858154297,99.80771635433715,99.45669963989796,99.54231140164255,7344900
2021-02-24,99.55086517333984,99.60223091920327,99.13136300801965,99.19129188877967,7133700
2021-02-25,98.22386169433594,99.07142911700969,97.68449526301445,98.97725423318396,35760600
2021-02-26,99.1056900024414,99.14849261766982,98.20675016978086,98.57488662589077,28188400
2021-03-01,98.99431610107422,99.10568460865227,98.72875711046909,98.91722085956069,9616500
2021-03-02,99.17420959472656,99.18277791107518,98.86582209899106,98.9086506093133,6271000
2021-03-03,98.6430892944336,98.72018453261926,98.45462555347719,98.70305443603696,8377300
2021-03-04,98.15478515625,98.74586816767986,98.00915648210854,98.63450621728508,12327900
2021-03-05,98.01775360107422,98.14625222752652,97.67509277577197,97.76076288388126,8634600
2021-03-08,97.63226318359375,97.81215864436368,97.59799644786925,97.78646022649819,7416400
2021-03-09,98.09484100341797,98.18050456325113,97.9063772503586,98.06057427234256,7035000
2021-03-10,98.30043029785156,98.39466217001352,98.04343309455342,98.09483645663927,5683100
2021-03-11,98.26616668701172,98.40323360931022,98.1205379838525,98.29186510101505,7576500
2021-03-12,97.55513000488281,97.64936186387717,97.45233636649584,97.64080008448457,7332600
2021-03-15,97.6750717163086,97.76930358634243,97.58940816238064,97.615106574988,4465500
2021-03-16,97.65794372558594,97.86353756658828,97.54658175664935,97.78644232710379,5479400
2021-03-17,97.49516296386719,97.70076330803911,97.10967375603614,97.28956915540459,8975900
2021-03-18,96.88699340820312,96.99836195280103,96.62143432932388,96.71566623519317,8281400
2021-03-19,96.82698822021484,96.97261691064831,96.6556611180237,96.68135952978137,8748100
2021-03-22,97.14395904541016,97.19535587342101,96.99833034223903,97.0754255842553,4679800
2021-03-23,97.6236801147461,97.64081674787477,97.28958766155326,97.3581211226468,7544000
2021-03-24,97.75218200683594,97.76931210482996,97.40095290870596,97.42665785926319,14634800
2021-03-25,97.6236801147461,97.86354069286294,97.47805141170524,97.80357554833374,10573800
2021-03-26,97.29815673828125,97.56371573245528,97.28958842164997,97.35812188327895,6409700
2021-03-29,96.96401977539062,97.39234391040239,96.87834971982217,97.38377559770402,6298000
2021-03-30,96.87841033935547,96.9383820300624,96.61285130090688,96.6985148743698,5784900
2021-03-31,96.74128723144531,96.96401760666792,96.62135699918102,96.85264915120288,8620000
2021-04-01,97.1699447631836,97.22137348074791,96.97279044624419,97.0413664295071,8535300
2021-04-05,96.89562225341797,96.97276530976806,96.68990089672037,96.83561991855767,9944500
2021-04-06,97.3670654296875,97.38421269061163,97.06705376115404,97.10134174323842,8765200
2021-04-07,97.30703735351562,97.54705316461038,97.27275592026426,97.34989895472309,6316800
2021-04-08,97.64134979248047,97.64991688146824,97.46133628753581,97.47848354503654,6334700
2021-04-09,97.38422393798828,97.56423095989824,97.2385049021228,97.32422159735164,5887400
2021-04-12,97.3241958618164,97.34991020960892,97.22133193088342,97.30704860344612,5466000
2021-04-13,97.72711181640625,97.72711181640625,97.32423609507596,97.34995045349864,7663800
2021-04-14,97.6070785522461,97.64136653336372,97.4785002579959,97.56421694090812,4876900
2021-04-15,98.2328109741211,98.3785299812616,97.91565861031687,97.91565861031687,9958500
2021-04-16,97.9670639038086,98.12135650384886,97.9156352170491,97.94134956042885,7334900
2021-04-19,97.86424255371094,98.02710885229897,97.75281150401445,97.80424021314134,5738600
2021-04-20,98.15567016601562,98.22423958638824,97.83851125520869,97.83851125520869,6468300
2021-04-21,98.20708465576172,98.25851334854038,98.00993043383929,98.14708233426578,7976500
2021-04-22,98.28424072265625,98.30995507074303,97.96708183680555,98.19851750934963,7681300
2021-04-23,98.15567016601562,98.27567482637208,98.00137752559111,98.26710119641419,5509900
2021-04-26,98.05284881591797,98.19000079576337,98.05284881591797,98.11285117215874,7145300
2021-04-27,97.6670913696289,98.00139104671099,97.6670913696289,97.91567435459638,7720500
2021-04-28,97.79566955566406,97.8128168190709,97.4270884093599,97.67566487087554,8692900
2021-04-29,97.62423706054688,97.63281069232937,97.2385086472784,97.33279897759111,5547800
2021-04-30,97.70995330810547,97.74424129531229,97.5213726483504,97.6670982289206,5160000
2021-05-03,97.87633514404297,98.0821901192644,97.71336307731968,97.74767333052519,8593300
2021-05-04,98.00501251220703,98.26232963607042,97.95354385222419,98.0736264854963,11171000
2021-05-05,98.1250991821289,98.1508302411725,97.90208576372953,97.90208576372953,6810000
2021-05-06,98.16797637939453,98.27948635410353,98.03932109167276,98.05647294869813,6546200
2021-05-07,98.20227813720703,98.59683625476413,98.11650577147932,98.39956046799159,10657600
2021-05-10,98.00501251220703,98.32237095270648,97.96212305289012,98.24517777875127,5906800
2021-05-11,97.8420181274414,97.9277904825203,97.79912867789635,97.8591699808527,6591300
2021-05-12,97.37023162841797,97.55036202814891,97.32734873553717,97.48174154672849,14509800
2021-05-13,97.69622039794922,97.730530654377,97.43031754663689,97.49036540339473,8242700
2021-05-14,97.91063690185547,97.944947152084,97.73908565071284,97.84201640139841,7943100
2021-05-17,97.81632232666016,97.88494285305742,97.77343286165846,97.84205338805573,6711100
2021-05-18,97.81632232666016,97.85920524764826,97.71339153706425,97.8077431248571,4319600
2021-05-19,97.5246353149414,97.99639299730268,97.43886297560573,97.7991107272216,13156500
2021-05-20,97.92781829833984,97.93639749948797,97.67050116001377,97.69623221944508,8412700
2021-05-21,97.96214294433594,98.04791533637335,97.8506394890887,98.02218427316353,6648700
2021-05-24,98.05645751953125,98.15080907835608,97.97068515987547,98.01356806769758,4826000
2021-05-25,98.41670989990234,98.43386829903255,98.15939280905596,98.15939280905596,5748200
2021-05-26,98.30524444580078,98.47678923928007,98.26235497542376,98.3481339161778,4501600
2021-05-27,98.13368225097656,98.13368225097656,97.95355174254586,98.09079278820482,5998100
2021-05-28,98.1250991821289,98.33095419849057,98.09078892206647,98.09078892206647,5575700
2021-06-01,98.10706329345703,98.12422700189617,97.89248092102912,98.012646525706,9498100
2021-06-02,98.21862030029297,98.28728821470993,98.16712263874662,98.21003517385766,4269900
2021-06-03,97.96974182128906,98.13282654381862,97.92682272108593,98.13282654381862,3591200
2021-06-04,98.51046752929688,98.51905265733708,98.20147495372304,98.21863866126948,6326000
2021-06-07,98.4332504272461,98.46758440112946,98.36458247947937,98.39033132275792,3068500
2021-06-08,98.71647644042969,98.76797411427886,98.6735573465325,98.74222527735427,4760500
2021-06-09,99.02548217773438,99.17998175810905,98.8967314359997,99.06839472595611,5679300
2021-06-10,99.37738037109375,99.38596549898439,98.76796726153528,98.81088635245463,6494800
2021-06-11,99.23147583007812,99.3258926006842,99.1456441882184,99.30872234319155,3914200
2021-06-14,98.92247772216797,99.13706010334404,98.87955862651891,99.12847497450731,3730900
2021-06-15,98.93962860107422,98.95679885652108,98.81946300708114,98.87096722488799,4212700
2021-06-16,98.26155090332031,99.03404211120707,98.1156299309445,98.98254444362355,13529000
2021-06-17,98.61348724365234,98.9310715532008,98.3474071631201,98.41607510278492,8838100
2021-06-18,99.17139434814453,99.2057283150531,98.54481091199881,98.7422295845894,13435000
2021-06-21,98.85379791259766,99.00829747042478,98.77655140795099,98.93105096577811,6460000
2021-06-22,99.03406524658203,99.05982063492402,98.71648749091625,98.7422363307232,5459700
2021-06-23,98.83660888671875,99.02544235886029,98.79368980722035,98.92244049718342,5429800
2021-06-24,98.81947326660156,98.94822400168508,98.77656072059666,98.83664352383104,3631700
2021-06-25,98.61348724365234,98.9224864236089,98.44182394302544,98.88815245377648,6716800
2021-06-28,98.92247772216797,99.0168944937682,98.7937269837554,98.80231211259213,4968900
2021-06-29,98.97396850585938,98.98255363409825,98.78513497580872,98.7937201040476,3373200
2021-06-30,99.12846374511719,99.2743847246731,99.10271491005845,99.11988516578684,6572800
2021-07-01,99.05718231201172,99.16024637176267,98.919754828473,99.10012348594026,11966200
2021-07-02,99.41793823242188,99.41793823242188,99.15168062436594,99.17744664412564,5071900
2021-07-06,99.94187927246094,100.01059303405344,99.53819411423619,99.53819411423619,9095300
2021-07-07,100.2339096069336,100.41428488135583,100.03636572032701,100.13084551058422,7456400
2021-07-08,100.4915771484375,100.65477069543722,100.33697445993909,100.42286338623708,7368000
2021-07-09,99.98479461669922,100.09644952843222,99.97620376105735,100.07926781714846,5531200
2021-07-12,99.93326568603516,100.11363435451518,99.85596763650236,100.07069317796478,3867700
2021-07-13,99.62407684326172,100.08788487580529,99.53818792306578,99.98482079273198,6926500
2021-07-14,100.0534896850586,100.0792556959607,99.81299817943619,99.8988870667439,6029200
2021-07-15,100.47438049316406,100.5259125273393,100.08787057813885,100.31118698107095,5704500
2021-07-16,100.45721435546875,100.47439607146023,100.19954759173834,100.20813189682943,3577900
2021-07-19,101.31607055664062,101.44490715631429,101.07557906546403,101.12711108417282,20557500
2021-07-20,101.18724822998047,101.79706789802572,101.10135933571682,101.75412672734518,8729000
2021-07-21,100.60318756103516,100.84368562226986,100.50870781806134,100.77497189048852,7438300
2021-07-22,100.83511352539062,101.04124820617865,100.59462197232068,100.60320627571365,6363500
2021-07-23,100.68053436279297,100.70630038478912,100.46580877561858,100.47439963391892,6804600
2021-07-26,100.61180877685547,100.85230035775999,100.59463361517834,100.83512519608286,6179600
2021-07-27,101.04125213623047,101.10137502683646,100.92959721164894,101.02407697587316,8621200
2021-07-28,101.12712860107422,101.13571945664765,100.71485927418861,100.85228019884954,11533500
2021-07-29,100.81793975830078,100.94677640128573,100.73205084727877,100.757816865295,6203800
2021-07-30,101.10137939453125,101.16150228773462,100.98113360812451,100.9897244651261,5656400
2021-08-02,101.54487609863281,101.74254759549736,101.16671280774274,101.26125363046525,19495800
2021-08-03,101.57064056396484,101.7339395116084,101.51907523613522,101.57064056396484,6627300
2021-08-04,101.54487609863281,101.9574119094779,101.22687455337174,101.87146749531338,7545000
2021-08-05,101.17528533935547,101.38155319609967,101.1065272013951,101.32998787119786,5164600
2021-08-06,100.5822525024414,100.77133409316532,100.55646984136753,100.67679329780337,7807600
2021-08-09,100.36737823486328,100.82288935407675,100.36737823486328,100.72834856814913,10842500
2021-08-10,100.17830657958984,100.45333255938503,100.16971673066317,100.44474271045834,7192400
2021-08-11,100.29007720947266,100.54791047232145,100.07521287852916,100.24710172042835,7254300
2021-08-12,100.1869125366211,100.29863959754829,100.06658906881113,100.1869125366211,6932200
2021-08-13,100.76276397705078,100.76276397705078,100.3244455101602,100.34163176964799,6896500
2021-08-16,100.98619079589844,101.26121675535501,100.98619079589844,101.02916626590006,6928100
2021-08-17,100.93464660644531,101.15810073724879,100.9174537919912,100.96902567821603,7785500
2021-08-18,100.8830795288086,100.97762034139998,100.66821523785319,100.89167593644538,7025800
2021-08-19,101.10653686523438,101.1752950097667,101.01199605578681,101.09794045788344,6242600
2021-08-20,101.01197052001953,101.16667302753979,100.90883988642996,101.10651130556724,6510200
2021-08-23,101.03776550292969,101.0549583153824,100.90025578899163,100.986200179845,3958500
2021-08-24,100.76276397705078,100.99482110153478,100.73698130924996,100.90887668981928,3649700
2021-08-25,100.36737823486328,100.76272763186243,100.31581291786128,100.72834856814913,5874700
2021-08-26,100.36737823486328,100.4103537037889,100.20407932150904,100.31581291786128,6850600
2021-08-27,100.6939926147461,100.6939926147461,100.23847486351373,100.3673947343479,6360700
2021-08-30,100.89168548583984,100.90028189429029,100.64244209788417,100.67682117454754,6546200
2021-08-31,100.70256042480469,100.97758636239573,100.65959151535534,100.840076672168,7418400
2021-09-01,100.74560546875,100.87461344744769,100.65960233682434,100.84021088235374,11908600
2021-09-02,100.86599731445312,100.86599731445312,100.7455916339681,100.85739503395635,2976200
2021-09-03,100.62519836425781,100.66820321042832,100.52199067041958,100.63380064581557,4988900
2021-09-07,100.22952270507812,100.34992833313055,100.14351962241419,100.27252096560278,7098600
2021-09-08,100.50477600097656,100.57358111879125,100.30696292766365,100.3671657653472,6046200
2021-09-09,100.78861236572266,100.90041578333845,100.46179127149134,100.54780096678495,7009500
2021-09-10,100.47034454345703,100.65095300455869,100.37573917407778,100.56494991283627,8147100
2021-09-13,100.59078979492188,100.67679292051068,100.54779151293641,100.56498951340701,4269300
2021-09-14,100.96919250488281,101.0723936116075,100.71117661483778,100.76278372981679,6991000
2021-09-15,100.79720306396484,100.92621103885922,100.62519680518444,100.90901303762845,5108900
2021-09-16,100.47897338867188,100.63378161935105,100.34996543616973,100.4445708305635,5682700
2021-09-17,100.18653869628906,100.25534380136004,100.09193331722047,100.22954352736241,7611700
2021-09-20,100.6939926147461,100.80579601644483,100.47037924973105,100.54778665215139,8781600
2021-09-21,100.6337890625,100.75419474397633,100.57358622176183,100.72839446389105,4867900
2021-09-22,100.72837829589844,100.81438140291746,100.44456213728085,100.63377290969258,10966400
2021-09-23,99.8167495727539,100.28977661080673,99.8167495727539,100.2639763290253,10650100
2021-09-24,99.5157470703125,99.68775990514513,99.45554421852576,99.67915762299882,10528000
2021-09-27,99.24909210205078,99.42109830026358,99.22329182848044,99.24909210205078,6742100
2021-09-28,98.87069702148438,99.09431038822851,98.67289049682495,98.88790158287418,10295500
2021-09-29,98.97386932373047,99.21468060416143,98.79326086340726,99.07707040870645,8364000
2021-09-30,99.09428405761719,99.12868660963798,98.83626819826915,98.87927302869912,7307900
2021-10-01,99.498779296875,99.54181400481336,99.19755603983006,99.28361888953225,19830100
2021-10-04,99.37830352783203,99.55042925067725,99.19756954899191,99.32666712421354,7691800
2021-10-05,99.06851196289062,99.24924601468425,98.96523254778937,99.22342780245346,6861900
2021-10-06,99.09430694580078,99.19758633669166,99.01685232726503,99.1029152032525,7473500
2021-10-07,98.69839477539062,98.89634526424558,98.68978651948161,98.87052049651857,8160200
2021-10-08,98.4832534790039,98.6467775421756,98.37137239514658,98.6467775421756,9455100
2021-10-11,98.24227905273438,98.38858660708156,98.22506253682474,98.31113198401903,2261300
2021-10-12,98.68981170654297,98.72423817278977,98.35416186835806,98.41440654274568,7938400
2021-10-13,98.87913513183594,99.01684097056298,98.69840114313854,98.75003754957328,11662400
2021-10-14,99.11149597167969,99.1545241146511,98.88772730323431,98.99100009930547,9518200
2021-10-15,98.62097930908203,98.77589515636092,98.56934288204855,98.75007694284417,8689700
2021-10-18,98.4832534790039,98.5607080987105,98.17342186782417,98.32833767341404,8703300
2021-10-19,98.13036346435547,98.38855860008739,98.1131535195217,98.34552388874037,7445200
2021-10-20,98.08734893798828,98.29390113554724,98.06153073406541,98.13037708913441,6230000
2021-10-21,97.82915496826172,98.07013362940364,97.79472850721629,98.0271054777289,7103900
2021-10-22,98.07872772216797,98.15618888987764,97.82914084026477,97.92381195292374,10204600
2021-10-25,98.19924926757812,98.30252866969902,98.09597643163448,98.09597643163448,4835000
2021-10-26,98.3197250366211,98.3197250366211,98.02710995363826,98.21645221494543,5603100
2021-10-27,98.87052917480469,99.0254449638876,98.38857186040272,98.66397697808613,16140300
2021-10-28,98.6123275756836,98.89634091260537,98.5090482078461,98.76724334435228,9940400
2021-10-29,98.65538024902344,98.85333077838332,98.27670227182128,98.34554863465468,11254300
2021-11-01,98.6476058959961,98.72511526566045,98.34616961816019,98.37200607471497,14479000
2021-11-02,98.88878631591797,99.00936086533531,98.75098964693534,98.75959742130792,12191100
2021-11-03,98.5787582397461,98.94048197108249,98.41511849759893,98.90603115321879,17031100
2021-11-04,99.11270904541016,99.19021843636064,98.75098541266819,98.75098541266819,12665400
2021-11-05,99.65526580810547,99.74138951908803,99.23325502471839,99.33660084957027,12955100
2021-11-08,99.22466278076172,99.49164831551354,99.18160420108983,99.49164831551354,7404300
2021-11-09,99.68115997314453,99.88786488415273,99.60365055963277,99.64670915464316,12345400
2021-11-10,98.82852172851562,99.53474706757716,98.64765986287053,99.5089105968881,19425100
2021-11-11,98.50981903076172,98.87154919494996,98.50981903076172,98.82848404634068,3746100
2021-11-12,98.71651458740234,98.99211442848699,98.63038429827336,98.87153990868862,10613400
2021-11-15,98.32896423339844,98.68208007883673,98.29451342622254,98.6562436161597,8021400
2021-11-16,98.24284362792969,98.5270578680627,98.22562150920336,98.33758170797402,6573700
2021-11-17,98.59593963623047,98.6045474084509,98.22560173537903,98.24282385063837,10006200
2021-11-18,98.6562271118164,98.68206357017121,98.43230018804391,98.44952230334094,10183400
2021-11-19,98.92323303222656,99.13854565739321,98.86294576001269,98.9749059596042,10731600
2021-11-22,98.19976043701172,98.56149057201814,98.13947317631374,98.46675250937582,10876200
2021-11-23,97.79499816894531,98.07920584380031,97.79499816894531,98.02753291579393,11543700
2021-11-24,98.0964126586914,98.1136347739131,97.75191121689109,97.81219847639476,8322900
2021-11-26,99.36245727539062,99.37967939158231,98.97489066747977,99.02657015769253,13878500
2021-11-29,99.13853454589844,99.21604392827761,98.75097449236435,98.77681095315741,13908200
2021-11-30,99.73280334472656,100.0342396838506,99.23327651370995,99.75002546232534,19416800
2021-12-01,99.92068481445312,99.92068481445312,99.25702060607316,99.3776868257786,24991000
2021-12-02,99.70518493652344,99.93789642647985,99.47247344656702,99.89480511579902,11448900
2021-12-03,100.29131317138672,100.53264563198118,99.45526387874423,99.54145310383991,19790900
2021-12-06,99.79139709472656,100.22234975557842,99.67935177019875,100.14478143301665,9863200
2021-12-07,99.41217803955078,99.7224645481941,99.34323059659894,99.51560906770428,7678400
2021-12-08,99.0932388305664,99.2914733379775,98.96395173940309,99.26561723490775,11126500
2021-12-09,99.34323120117188,99.49837445643769,99.20532316279461,99.334610304819,9198400
2021-12-10,99.41217803955078,99.68799411462676,99.36046581338262,99.4983738509206,5051500
2021-12-13,99.8862075805664,99.97239679789668,99.64487514171535,99.66211035485509,5706900
2021-12-14,99.71381378173828,99.8172381962724,99.48971659055645,99.67933678495532,4749500
2021-12-15,99.56730651855469,99.74831243491715,99.36045106876124,99.47250297658717,8428000
2021-12-16,99.857177734375,99.99521241364417,99.69326319820681,99.71052082404333,9085400
2021-12-17,100.08147430419922,100.36615929347457,100.02108578140077,100.17637149457612,7933100
2021-12-20,99.99520874023438,100.37479093056878,99.96932230243053,100.2453850689717,13772100
2021-12-21,99.59838104248047,99.67602720675902,99.40859320260827,99.63288971750907,7672800
2021-12-22,99.69326782226562,99.76228516510143,99.5034734203952,99.75365635178294,5538200
2021-12-23,99.48621368408203,99.6328705884035,99.365436635599,99.62424835769437,7209700
2021-12-27,99.52073669433594,99.57249641347185,99.42583948801578,99.45171934758373,3471800
2021-12-28,99.50348663330078,99.71053868930231,99.45172691022887,99.68465882776636,8314500
2021-12-29,98.99449157714844,99.27055438406752,98.92547422995453,99.1842859910034,11879900
2021-12-30,99.32233428955078,99.33096310516784,99.0290203771491,99.19293496458405,10296000
2021-12-31,99.2101821899414,99.47761622704161,99.2101821899414,99.34821690706252,7584500
2022-01-03,98.28706359863281,98.70116102989864,98.28706359863281,98.66665236213855,27744600
2022-01-04,98.23530578613281,98.25255682941851,97.98512287642929,98.06276244399822,15911800
2022-01-05,97.82123565673828,98.26121307469562,97.7522183006161,98.252584259716,13715700
2022-01-06,97.57967376708984,97.6659421644843,97.4675255086627,97.596924813826,10957400
2022-01-07,97.26049041748047,97.48479355530671,97.02756504571096,97.45028487395976,13318200
2022-01-10,97.23455810546875,97.26906676820239,96.949866574307,97.01025508862728,8430700
2022-01-11,97.46751403808594,97.4761362695109,97.10517628070036,97.19145124979829,8086500
2022-01-12,97.48475646972656,97.85571642576168,97.46750542654478,97.63141337326579,7996500
2022-01-13,97.79535675048828,97.829865428887,97.46753417848643,97.54517376849053,8431100
2022-01-14,97.1224365234375,97.56240728477934,97.09655666475342,97.5451562396087,10595700
2022-01-18,96.38916015625,96.79462230772181,96.35465147874783,96.70835390489499,11594100
2022-01-19,96.62210083007812,96.81189529552024,96.48406609817175,96.54446122977451,10349700
2022-01-20,96.82914733886719,96.82914733886719,96.6479816877763,96.77738760480075,8297300
2022-01-21,97.38987731933594,97.52791201778334,97.18283185352153,97.37262627295836,13250000
2022-01-24,97.30360412597656,97.7349526645711,97.28634649859322,97.69181517796909,22377400
2022-01-25,97.1741943359375,97.56240537230123,97.11380580623967,97.38986859655203,13534000
2022-01-26,96.4840316772461,97.27771793884156,96.4840316772461,97.1914495531057,12694700
2022-01-27,96.8895034790039,97.07066906949362,96.6997090751034,96.71696670192499,11609400
2022-01-28,97.1137924194336,97.19143856511674,96.72558143658343,96.75146129119275,6713500
2022-01-31,97.1137924194336,97.1828097529619,96.87223833393969,96.93262685531317,8258600
2022-02-01,96.98253631591797,97.18115005825162,96.82710147918868,97.14660825140332,16338700
2022-02-02,97.18116760253906,97.41431660563578,97.06027455083303,97.06027455083303,5997100
2022-02-03,96.76666259765625,96.85302041567728,96.64576955823864,96.74939498695797,8032600
2022-02-04,96.02404022216797,96.23992161348414,95.92905188293466,96.21401690063456,8616400
2022-02-07,96.04991912841797,96.15353794486877,95.9290195289337,96.04991912841797,10294700
2022-02-08,95.73905181884766,95.84267063780521,95.68723582119371,95.79086122832643,8111500
2022-02-09,95.86861419677734,96.17085344303077,95.83407896857828,95.96360254476936,10113400
2022-02-10,94.9878158569336,95.57501352757627,94.95327404240432,95.51456699919441,16633900
2022-02-11,95.97219848632812,96.04991918688854,94.91869659727027,95.39363813354225,18315600
2022-02-14,95.30729675292969,95.70451762960732,95.1691295324284,95.45409448358052,11090000
2022-02-15,95.0223388671875,95.19504131747973,94.95325525180013,95.03097596615495,8490500
2022-02-16,95.2209701538086,95.28141668554477,94.9360116974397,95.26414907141066,9007700
2022-02-17,95.73041534423828,95.76495714684066,95.43681331620566,95.44545041390005,8749500
2022-02-18,96.04130554199219,96.0499426415358,95.82542417063837,95.88587069109037,8486800
2022-02-22,96.03268432617188,96.04132142714404,95.71317747197848,95.82544002008363,8392500
2022-02-23,95.53182983398438,95.76498542335045,95.42821098375693,95.67863418543519,7941800
2022-02-24,95.75634765625,96.32627768124054,95.61818699418318,96.30036638068697,19162100
2022-02-25,95.73041534423828,95.74768295145186,95.40227810177848,95.60952232921755,8101900
2022-02-28,96.81849670410156,96.83576431802763,96.35219206996446,96.38673388599436,12291800
2022-03-01,97.76140594482422,98.08983902367537,97.27739791407204,97.32060914875214,28285600
2022-03-02,96.29209899902344,97.28604319154307,96.27480922861777,97.19961412186076,12303800
2022-03-03,96.70695495605469,96.88845796895745,96.36123210542874,96.53409682779917,12247400
2022-03-04,97.66632843017578,97.92562220524688,97.46753565673933,97.56260960132443,20102300
2022-03-07,97.25151824951172,97.73553314805659,97.18237891610696,97.20830699039857,13633200
2022-03-08,96.62053680419922,96.86254084873472,96.49953478193147,96.6896827009567,10819400
2022-03-09,96.02420806884766,96.3094300753599,95.9204957712931,96.22300096269157,7932300
2022-03-10,95.58338928222656,95.79082701839287,95.38460302771357,95.69575303784593,11100100
2022-03-11,95.55747985839844,95.67848193104618,95.37597674942684,95.47969563774707,5567600
2022-03-14,94.34742736816406,94.8487186743138,94.34742736816406,94.78821765835868,8622500
2022-03-15,94.30424499511719,94.90061708674588,94.2350990668463,94.84875434348339,9294400
2022-03-16,94.17459106445312,94.31288291076898,93.56093583319242,94.2091640260321,12847300
2022-03-17,93.99308776855469,94.41659500731969,93.82022955513334,94.23509190499183,7215900
2022-03-18,94.26966857910156,94.3993155413325,94.14866650611759,94.14866650611759,7509200
2022-03-21,93.04234313964844,93.73378250372294,92.97319722500578,93.5868523806953,11003600
2022-03-22,92.53238677978516,92.6879617680051,92.45460258273339,92.65338881572106,7710300
2022-03-23,93.1546630859375,93.1546630859375,92.5582913501269,92.75708412676867,11222700
2022-03-24,92.63611602783203,92.91269308301213,92.57561500307754,92.61018795923971,11112300
2022-03-25,91.68538665771484,92.22125101540747,91.59031267281117,92.21261272159254,9055600
2022-03-28,91.89283752441406,92.22127080101575,91.71997929338556,91.8323364841422,12858500
2022-03-29,92.35084533691406,92.46320903365823,91.91869350417781,92.1174862486465,7539900
2022-03-30,92.7138900756836,92.73982473555161,92.10023500780224,92.1607360259281,6430100
2022-03-31,92.88675689697266,93.0164038227215,92.71389213126866,92.85218394383186,9147200
2022-04-01,92.28191375732422,92.59341441181775,91.8925346384332,91.98771576072556,10237000
2022-04-04,92.22135925292969,92.39441226565687,92.04829963865323,92.37710960500387,7372100
2022-04-05,91.12244415283203,91.97041968442468,91.02726302372831,91.9531104237429,9675600
2022-04-06,90.80228424072266,91.13108753606105,90.55135280419552,90.55135280419552,9054400
2022-04-07,90.57733154296875,90.82826303892696,90.38696926316945,90.57733154296875,5518900
2022-04-08,90.11872863769531,90.35235085423983,89.98893558337105,90.05815942588386,8091800
2022-04-11,89.68610382080078,89.90242341197418,89.5736134083986,89.79858763165294,7356400
2022-04-12,90.11872863769531,90.49944656841781,90.0148928739261,90.15334055895173,12211000
2022-04-13,90.31773376464844,90.776336743891,90.25716455630298,90.36965494433639,6346100
2022-04-14,89.50438690185547,90.2225628531154,89.4005511322706,90.18795753146979,6158700
2022-04-18,89.24481964111328,89.59958697768182,89.21886234361816,89.58227771165126,4591500
2022-04-19,88.6563949584961,89.06307672919647,88.59582575444806,88.89867177468828,7004900
2022-04-20,89.34862518310547,89.48706625672624,88.91598610052425,89.01981525535271,7479300
2022-04-21,88.85543823242188,89.10636975276816,88.4920162985979,89.09771512060448,9137500
2022-04-22,88.898681640625,89.14095848370496,88.58718095622251,88.6304475074363,5451600
2022-04-25,89.46977233886719,89.97163530806262,89.41785115483202,89.5995653966314,8617400
2022-04-26,90.06681060791016,90.22256095824167,89.78127380026004,90.07546523891446,9575400
2022-04-27,89.56497955322266,90.10144799924696,89.52171298752022,90.01492146939314,7908900
2022-04-28,89.4351577758789,89.46111506635546,89.08904516591062,89.26210477166924,6943500
2022-04-29,88.95927429199219,89.30538698825596,88.73430665073874,88.77756661180258,10012500
2022-05-02,88.2964859008789,88.55638793880718,88.20985409143061,88.49574501123503,11327000
2022-05-03,88.40048217773438,88.88562578567127,88.3831518434018,88.81631766751286,8129100
2022-05-04,88.97224426269531,89.04155237044188,88.2012097403734,88.36581484387524,11934700
2022-05-05,88.07992553710938,88.39180541833441,87.6294360473316,88.27051953225634,11675700
2022-05-06,87.57747650146484,88.02797272860774,87.49084464534873,87.62946090280407,12538400
2022-05-09,88.22718048095703,88.27049969178455,87.57743197604572,87.62075118687325,7301200
2022-05-10,88.5217514038086,88.86828531973384,88.46977362977444,88.6343721174108,8054600
2022-05-11,89.06756591796875,89.10221998143646,88.18391043309582,88.30519635043942,7167900
2022-05-12,89.36209106445312,89.72594868990143,89.2408051893037,89.33610217829032,8132400
2022-05-13,88.89429473876953,89.18018578115931,88.84231695273002,89.11954282758447,6016900
2022-05-16,89.26680755615234,89.51804450964102,89.1195327725993,89.21482977597726,3315600
2022-05-17,88.591064453125,88.92893322237259,88.5650755646575,88.66903111852749,4286800
2022-05-18,89.22348022460938,89.31877721932705,88.53041898344473,88.59106192466645,4465500
2022-05-19,89.54402160644531,90.03783028182853,89.47471350228302,90.01184139516383,5137600
2022-05-20,89.95986938476562,90.08982044554641,89.46606064146704,89.49205614129161,5908800
2022-05-23,89.41407012939453,89.89921363700574,89.40540496402016,89.7259499870259,5720600
2022-05-24,90.18512725830078,90.50567236181216,89.84725842927435,89.87324732234003,6786600
2022-05-25,90.36705017089844,90.50566640423929,90.15913243047297,90.50566640423929,4274500
2022-05-26,90.32372283935547,90.45367388454406,89.99451264359978,90.41901983185478,3478900
2022-05-27,90.45369720458984,90.60963056751596,90.28909206427481,90.48834465662692,2508200
2022-05-31,89.50936889648438,89.77792954215933,89.3620941301197,89.76927098619767,6773200
2022-06-01,89.00540161132812,89.66463847867335,88.84059074002998,89.57789173513915,5555900
2022-06-02,89.13554382324219,89.2743267454797,88.92735951311164,89.26565736261139,3014300
2022-06-03,88.96205139160156,89.0401221575305,88.76254971238703,88.7885710950803,2687800
2022-06-06,88.29412841796875,88.83192782492264,88.24208566233858,88.74518107507522,4800600
2022-06-07,88.64974975585938,88.84925798133904,88.51096689200779,88.52831226829672,3230000
2022-06-08,88.32015991210938,88.62375371780588,88.3114839125613,88.48497081427975,2917900
2022-06-09,88.24211120605469,88.42426752133748,88.0512788897061,88.20741381964133,4178600
2022-06-10,87.37470245361328,87.87779804684288,87.26193428549351,87.79105788372401,4443400
2022-06-13,85.82198333740234,86.5679602550344,85.37092414086604,86.44652276777771,9200800
2022-06-14,85.13673400878906,86.1342620016199,84.99794451302073,86.01282450174631,7829800
2022-06-15,86.32510375976562,86.35980114019027,85.35360357927021,85.8306776699496,10256200
2022-06-16,86.88892364501953,86.93229702453058,85.37962401148476,85.48371615160214,9168800
2022-06-17,86.91493225097656,87.14046187915862,86.35111810729282,86.9669816223094,7029700
2022-06-21,86.46389770507812,86.6980967626156,86.35113617631548,86.4465523229027,10342000
2022-06-22,87.55681610107422,87.7129509657188,87.35730786708785,87.47006936239066,9501900
2022-06-23,88.05126953125,88.62375980159932,87.95585338321693,88.09463629627017,9247200
2022-06-24,87.73896789550781,88.26809120900754,87.66957315521516,87.93846950154081,5127000
2022-06-27,87.24456787109375,87.6262258203943,87.13179973015495,87.235891871518,5439400
2022-06-28,87.35733795166016,87.3833593350878,87.0277227318279,87.14916026638974,3763300
2022-06-29,88.05995178222656,88.05995178222656,87.42674265403544,87.50480681318912,3559600
2022-06-30,88.73649597167969,88.94467357516247,88.48494500095825,88.56300912057178,5409500
2022-07-01,89.68777465820312,90.32195112014752,89.46190940031886,89.5835311939152,63222900
2022-07-05,90.01790618896484,90.36539327732122,89.86153434804793,90.13083882989153,6651400
2022-07-06,89.25340270996094,90.35669456445007,89.23603100980945,90.34800540042923,4754700
2022-07-07,88.70613098144531,89.27949004691673,88.63663090445117,89.27949004691673,4058100
2022-07-08,88.16751861572266,88.47157317904984,88.06327512423469,88.46289064002077,3664900
2022-07-11,88.86247253417969,89.01015517650598,88.59316811253882,88.63660067492837,2765700
2022-07-12,89.07096862792969,89.50533403165734,89.00146857263965,89.33159052132231,3669200
2022-07-13,89.45320892333984,89.5227089760032,88.41941718061433,88.53235642316474,6809400
2022-07-14,88.95802307128906,89.16651657894663,88.54971859070488,88.7842729583335,5370400
2022-07-15,89.26207733154297,89.4705708388442,88.99277294178351,89.01883380171003,3834000
2022-07-18,89.00146484375,89.13177578498669,88.63659951059914,88.97540398108063,3150700
2022-07-19,88.59318542480469,88.96673999937973,88.50630702726863,88.88855076717552,2996100
2022-07-20,88.50627899169922,89.03620523493016,88.43678557473102,89.02752270023981,53057500
2022-07-21,89.51399993896484,89.51399993896484,88.7755802700542,88.86245200265162,5344300
2022-07-22,90.53912353515625,90.74761706788983,90.19162989534033,90.348001701863,7747100
2022-07-25,90.21768951416016,90.26112870399675,89.95707425881007,89.9831351215561,2994500
2022-07-26,90.25242614746094,90.95609584874202,90.21767612632635,90.82579155434837,4736300
2022-07-27,90.43489074707031,90.87794538825017,90.36539068023991,90.46964078048552,7475300
2022-07-28,91.32969665527344,91.49475768248496,90.99958122874258,91.30363578316471,5768100
2022-07-29,91.36441802978516,91.72060084456973,91.05167440681484,91.14723532649411,5961100
2022-08-01,91.89875030517578,91.95966777268565,91.48973017782124,91.62897389756151,9672400
2022-08-02,90.628173828125,92.02928210576565,90.56725636559739,91.86393186197407,9269700
2022-08-03,91.00239562988281,91.01110002273971,90.01030730840081,90.48894932293439,7829500
2022-08-04,91.46361541748047,91.48972195270824,90.96757132963663,91.09811064528088,9873200
2022-08-05,90.14083099365234,90.30617459218938,89.9406698297325,90.271370305817,10047200
2022-08-08,90.67171478271484,90.71522347424707,90.42804486371094,90.50636449217333,6681300
2022-08-09,90.40193176269531,90.57598644750276,90.31490774004527,90.41934055092973,3814700
2022-08-10,90.45413970947266,91.12423190008057,90.44543531648888,90.81094014772957,7260300
2022-08-11,89.85365295410156,90.75871718011359,89.75792456022971,90.66298878624174,8309300
2022-08-12,90.21045684814453,90.24526113606122,89.91456728480867,90.2017524564126,4128600
2022-08-15,90.49764251708984,90.79353210376023,90.46283158692239,90.65428838309039,3441100
2022-08-16,90.39325714111328,90.42806808698343,89.97553243018058,90.323635249373,3241800
2022-08-17,89.78404998779297,89.94940027372674,89.6012975536327,89.9058849438998,6366700
2022-08-18,89.95809173583984,90.2713834749371,89.87976548131243,90.02770695824553,3709200
2022-08-19,89.18357849121094,89.36633092309678,89.07914568463028,89.3054134458015,6678000
2022-08-22,88.79195404052734,89.15745887793076,88.74844535388785,89.11395019129125,4125800
2022-08-23,88.57439422607422,89.19227337288577,88.51347675074088,88.6440160948857,7755000
2022-08-24,88.27853393554688,88.45258201280912,88.1479945578459,88.36555797417799,3504600
2022-08-25,88.84417724609375,88.8789881830768,88.23500244765886,88.34813301322325,6645300
2022-08-26,88.73974609375,88.96601385168586,88.43515871162884,88.64401768229664,5535900
2022-08-29,88.23500061035156,88.40035089770112,88.11316565320155,88.40035089770112,4416900
2022-08-30,88.20887756347656,88.52216929167368,87.91298798039885,88.23498410090866,4474200
2022-08-31,87.84337615966797,88.27850283905686,87.69542804265103,88.07834164515523,5797600
2022-09-01,87.14505767822266,87.45018610453245,86.94454756291945,87.25838919333748,10324200
2022-09-02,87.63327026367188,87.8686598196916,87.37173444190721,87.49378582232434,5741900
2022-09-06,86.6568603515625,87.12763281844607,86.6132677217153,87.10147990105834,6769400
2022-09-07,87.22352600097656,87.3281376641924,86.95326368463314,86.99685631184046,7169700
2022-09-08,86.90099334716797,87.40663876357564,86.90099334716797,87.21484176760696,5773600
2022-09-09,86.90968322753906,87.25839766213683,86.80506490637883,87.09276030109334,5780600
2022-09-12,86.7004623413086,87.22354739086857,86.54353815670113,87.15380183075355,4034200
2022-09-13,86.21224975585938,86.2645555960672,86.00301974372594,86.09891821830838,5100500
2022-09-14,86.25580596923828,86.46503589302564,86.03785619199748,86.08144215666603,3866600
2022-09-15,85.95942687988281,86.1250709085016,85.87224826266845,86.02045257706308,4622600
2022-09-16,86.0291748046875,86.29943052088949,85.82865799339734,85.88968369225917,4718200
2022-09-19,85.78508758544922,85.96816471527643,85.64559644769314,85.70662215763554,3879000
2022-09-20,85.25325775146484,85.47120758517306,85.03530791775661,85.17479235265331,4869100
2022-09-21,85.59324645996094,85.68042505045251,84.826065551815,85.40144957009943,5414900
2022-09-22,84.30300903320312,84.75634849816755,84.2071105560492,84.70404265655718,6662400
2022-09-23,84.4076156616211,84.53838689881331,83.93684319850992,84.26813121957042,7630600
2022-09-26,83.0040283203125,83.95429321937546,82.88197692429374,83.9455733621449,8015500
2022-09-27,82.43733978271484,83.12606202873255,82.3937538084408,83.03016357350852,8668400
2022-09-28,84.29425811767578,84.39015655192905,83.27424810346358,83.60553602226558,8471700
2022-09-29,83.90196228027344,84.19837749922101,83.59683385731327,83.67529925253204,6056500
2022-09-30,83.68401336669922,84.45991421550843,83.39632465123687,84.26812395563381,8847200
2022-10-03,84.6772232055664,85.29740836584612,84.2841435985476,84.48505184181762,10579900
2022-10-04,84.85186004638672,85.34101832069878,84.6946296490319,85.01782731700617,7361400
2022-10-05,84.04826354980469,84.37145464029518,83.8386251851239,84.34525067774553,8603700
2022-10-06,83.58533477783203,84.0220853925528,83.47177535286191,83.90852596758268,11298400
2022-10-07,83.17477416992188,83.445557373017,83.04374767464591,83.14857020372357,5085300
2022-10-10,82.68563079833984,83.10490766266098,82.38863691051725,83.05249972069223,3829100
2022-10-11,82.89525604248047,83.35821056097998,82.66814388960512,82.9651377301782,5498500
2022-10-12,83.16602325439453,83.2795759768473,82.7292727867225,82.78168071027251,5847400
2022-10-13,82.81660461425781,83.19221020622868,82.08286717744879,82.09160405101515,6220100
2022-10-14,82.35369873046875,83.27087773036416,82.3100276655078,83.26214085165765,5886200
2022-10-17,82.44100952148438,83.0786680873994,82.39733847665467,82.94764162434478,3215200
2022-10-18,82.65068054199219,82.80791101428872,82.17025224767364,82.65941075513628,4006600
2022-10-19,81.785888671875,82.1702312089233,81.7247438740976,82.00426390169187,5762600
2022-10-20,81.1744613647461,81.80338325305561,81.1133165513985,81.59374484504738,5738400
2022-10-21,81.35787963867188,81.52384695518768,80.78137246513218,80.88618831616658,7528500
2022-10-24,81.2530746459961,81.61121331902073,80.96482432920534,81.3316932155099,6210800
2022-10-25,82.26634216308594,82.49345433799526,82.07417083541537,82.14405252989289,6301500
2022-10-26,82.68563079833984,82.82538753168502,82.45851860933263,82.46725548775596,6692700
2022-10-27,83.27088928222656,83.3931789439393,82.69437516476358,82.94769136810761,7238100
2022-10-28,82.84284973144531,83.1485804796344,82.61574422013683,82.73803385369838,5659800
2022-10-31,82.46723937988281,82.59825920921328,82.1178376183382,82.4847064690321,4586900
2022-11-01,82.45234680175781,83.1526493635456,82.31228228221391,83.12638893579211,6066400
2022-11-02,82.3122787475586,83.0476040862999,82.10218865590834,82.55738496759116,7581400
2022-11-03,81.95339965820312,82.10221323940382,81.56822880931135,81.57698451368951,8403900
2022-11-04,81.7782974243164,82.24224945447469,81.76079269881625,81.97088279803732,5287000
2022-11-07,81.48944091796875,81.92713263632582,81.47193618783854,81.88336747167747,4289300
2022-11-08,82.03218841552734,82.18100201024998,81.69078937885952,81.71704981573455,4679200
2022-11-09,82.3122787475586,82.36479960081026,81.8833428625016,81.94461941750974,3658100
2022-11-10,84.15936279296875,84.19437893175893,83.53784135639546,83.53784135639546,9608300
2022-11-11,83.98426818847656,84.08930990045002,83.73040625346748,83.77417140724177,2840200
2022-11-14,83.78294372558594,83.90549686628944,83.62537444773211,83.89674116234053,4130800
2022-11-15,84.40445709228516,84.46573365679942,83.98427684380016,84.19436696804266,6841600
2022-11-16,85.02596282958984,85.11350648737526,84.59702695674362,84.7983680195493,6140100
2022-11-17,84.4482192993164,84.58827713995862,84.26438962673632,84.50074015472676,5986800
2022-11-18,84.15058898925781,84.55326448076801,84.13308426295048,84.44822276563569,3102100
2022-11-21,84.09809112548828,84.5707990087622,84.07183068952517,84.50952243196627,4477700
2022-11-22,84.57953643798828,84.66707343183262,84.36943963838841,84.45698331087729,5532800
2022-11-23,85.03472900390625,85.0697451356043,84.60579307823261,84.6933300681556,5236500
2022-11-25,85.00848388671875,85.01723959088142,84.78088232900745,84.79839373733279,1345400
2022-11-28,85.04348754882812,85.21856153452546,84.9209344231111,85.10476411168663,4218400
2022-11-29,84.68460083007812,84.98223470320197,84.65834039275909,84.70211224072169,3356600
2022-11-30,85.44618225097656,85.44618225097656,84.38696903871478,84.5357826278471,7127100
2022-12-01,86.37942504882812,86.39696463526298,85.58123668118118,85.60754940680569,17629100
2022-12-02,86.55487823486328,86.56365137714987,85.6163527686043,85.88825995196676,5783700
2022-12-05,85.677734375,86.07243870424448,85.63387536421928,86.037352834009,6295800
2022-12-06,86.2039794921875,86.31801020434716,85.8268148813876,85.89698659780228,5745500
2022-12-07,86.95834350585938,87.05482798154723,86.50224055056337,86.55486601295826,5386200
2022-12-08,86.46713256835938,86.73026650499534,86.35310183973404,86.50221843163301,5325800
2022-12-09,85.82682800292969,86.28293753741372,85.82682800292969,86.21276581027091,4343100
2022-12-12,85.70403289794922,86.30047920919131,85.59000885754426,86.22154103320581,5192200
2022-12-13,86.47589874267578,87.0635785857267,86.39696056951702,86.95832099623755,7856600
2022-12-14,86.71269989013672,86.82672389127549,86.14256650055866,86.52850418432388,6533200
2022-12-15,86.8814697265625,87.01329607644239,86.60903352045295,86.83752537494698,4344200
2022-12-16,86.66177368164062,86.81996398296116,86.18720277767902,86.27508478841985,4432800
2022-12-19,85.95870971679688,86.1784181102699,85.88840812666123,86.16963460210798,3951100
2022-12-20,85.33475494384766,85.5193092249343,85.23808269590188,85.31718121920721,4199800
2022-12-21,85.44017791748047,85.72140431653443,85.3259252927307,85.6862501785319,4406600
2022-12-22,85.41382598876953,85.6686884963651,85.3698816338517,85.45776363872018,2143100
2022-12-23,85.02713775634766,85.20290176739714,84.97440989402625,85.0095640372296,3164900
2022-12-27,84.31529235839844,84.72834519688038,84.28013821204169,84.56136467792781,4780800
2022-12-28,84.11316680908203,84.50864596973065,84.09559308648298,84.43833766939731,3161200
2022-12-29,84.52619934082031,84.60529113092585,84.2977007722372,84.34164512560713,4021800
2022-12-30,84.17466735839844,84.60529387452699,84.03405749199545,84.24497564408351,5043800
2023-01-03,84.83378601074219,85.246838776578,84.6668055211575,85.16774698991156,6808300
2023-01-04,85.484130859375,85.61595722423436,85.23805855428682,85.54564893564705,7800100
2023-01-05,85.36107635498047,85.44017483887761,84.86893185061066,84.98317776627765,3177900
2023-01-06,86.45962524414062,86.50356959499182,85.31714587664173,85.396237662214,6807700
2023-01-09,86.67932891845703,86.83751918604537,86.30143031838304,86.35416487755661,4988000
2023-01-10,86.13448333740234,86.4157098222615,85.97629302060855,86.3190375895004,4026900
2023-01-11,86.68811798095703,86.7056984021041,86.33658331264283,86.38931787111792,7118700
2023-01-12,87.46150207519531,87.46150207519531,86.54752118671594,86.96935748832686,5768000
2023-01-13,86.99571990966797,87.44392683919935,86.88147397683201,87.23300869205335,5573500
2023-01-17,86.72332000732422,87.02212028216228,86.68816585058389,86.70574628143896,3709000
2023-01-18,87.90092468261719,87.93607882759834,87.48787856526567,87.76910502014732,7926400
2023-01-19,87.73395538330078,87.865781757512,87.55818464936318,87.72516517036192,4234100
2023-01-20,87.15392303466797,87.39999536008102,87.05725080611741,87.28574941041582,8822700
2023-01-23,86.87267303466797,87.12753550409893,86.83751889699133,86.86388282400726,4334900
2023-01-24,87.37364196777344,87.39122239597721,86.69694299124211,86.98695971188504,3540300
2023-01-25,87.47029113769531,87.64606184852943,87.18906470532777,87.4351369955285,2924700
2023-01-26,87.15392303466797,87.47030365447561,87.03088687196144,87.30332313153046,2875400
2023-01-27,87.02205657958984,87.02205657958984,86.80234828952275,86.82871891650133,5524100
2023-01-30,86.74961853027344,86.96053660669111,86.705680896209,86.77598245170505,2584600
2023-01-31,87.18907165527344,87.22422580024244,86.77601883309713,87.14513400278786,4856400
2023-02-01,87.816162109375,87.86900290147221,87.04113470819642,87.36699521856599,20159100
2023-02-02,87.78092193603516,88.25650916471098,87.75450154321874,88.08917105110464,5823000
2023-02-03,86.83853912353516,87.19082663562499,86.72404853781927,87.0234885555341,5267000
2023-02-06,86.08995056152344,86.34535889380523,86.04591209345432,86.22205924640393,5500400
2023-02-07,85.87857055664062,86.42460986799016,85.83453209377164,86.00187018948252,5678900
2023-02-08,86.19561767578125,86.20441999177095,85.78168036720902,85.9666297928705,6137600
2023-02-09,85.80812072753906,86.43342799394615,85.71124147450011,86.41581663854214,7358300
2023-02-10,85.39417266845703,85.76407155973183,85.33252285324457,85.73765117025876,5290000
2023-02-13,85.59671783447266,85.64074956565432,85.38534133523372,85.40295940316571,17262300
2023-02-14,85.20919799804688,85.53506505017431,84.98021015819181,85.332497591971,7133600
2023-02-15,84.95382690429688,85.25327370564116,84.83933629399496,85.05951519641725,4964700
2023-02-16,84.67198181152344,84.92739009528405,84.59272064724888,84.75124969512356,27126400
2023-02-17,84.90980529785156,84.93622569420585,84.46063840184576,84.48705879820004,4540500
2023-02-21,83.98501586914062,84.39895315654226,83.96739779941191,84.32849431627713,11382100
2023-02-22,84.13475799560547,84.38135728207288,84.09072624835149,84.23163724662147,30136400
2023-02-23,84.46061706542969,84.54868727080492,84.11713856093812,84.16117030396275,7059800
2023-02-24,83.94979858398438,84.06428917647126,83.7648491410475,83.92337819489708,10757200
2023-02-27,84.20520782470703,84.33731649095559,84.06429012222168,84.24924628656518,3693200
2023-02-28,84.33731079101562,84.36373117861454,83.84410558497606,83.94979385469713,4690000
2023-03-01,83.6630630493164,84.10432391617334,83.61893426938812,83.963117206888,8328600
2023-03-02,83.31887817382812,83.38947479372223,83.14236979132703,83.21297314432746,12952800
2023-03-03,83.98959350585938,83.98959350585938,83.51303095189756,83.76014269821995,5696900
2023-03-06,83.83956909179688,84.21022662341497,83.7777928365272,84.18375204731466,3766400
2023-03-07,83.848388671875,84.09549367078313,83.64540571813976,83.98958864277697,5053300
2023-03-08,83.8219223022461,84.33377982160847,83.71601726387445,84.17492563060446,5163500
2023-03-09,84.34259796142578,84.47497756204527,83.9101642169679,83.96311336397322,12498800
2023-03-10,85.89583587646484,85.97525959498438,85.31336834156417,85.43692083688747,11041300
2023-03-13,86.93721008300781,87.74030128750731,86.61067464687608,87.32551503253362,23930600
2023-03-14,86.1164779663086,86.64598969419241,85.93996956827604,86.56655923180104,47886700
2023-03-15,87.36082458496094,88.05801756296587,86.94603829258149,87.59910922373942,25157400
2023-03-16,86.57538604736328,88.04037544718543,86.46948774200249,87.83739247339905,13961000
2023-03-17,87.59910583496094,87.92563455480162,87.16666535408648,87.2460958083087,12293700
2023-03-20,87.24610137939453,87.74913851123581,87.04311841284853,87.74031140840164,7982400
2023-03-21,86.48712921142578,86.89308839771073,86.36357670834369,86.64598339154654,9851600
2023-03-22,87.6255874633789,87.69619082101485,86.26650312786731,86.33710648550327,10705200
2023-03-23,88.12863159179688,88.19923495503134,87.35201479553955,87.48438768522006,7118800
2023-03-24,88.1551284790039,88.76407085806751,88.04040303454498,88.6405183076936,9135800
2023-03-27,87.06961059570312,87.49321732115553,87.04312928389328,87.31671564106827,8284400
2023-03-28,87.01663970947266,87.14901931327864,86.80483638324687,86.88426010566666,13324800
2023-03-29,86.86661529541016,87.03429658090901,86.65481196269502,86.69011364033197,13404700
2023-03-30,86.99899291992188,87.07841664296444,86.76070828458138,86.7871828589289,4157500
2023-03-31,87.4755630493164,87.53733930585751,86.99900047038196,87.14020045685865,6330100
2023-04-03,87.88762664794922,88.03795098334363,87.31284959011786,87.37474824271834,7226600
2023-04-04,88.45353698730469,88.55080723798045,87.49852366054931,87.51621284055152,6763200
2023-04-05,88.82496643066406,89.10793271253692,88.6923312566989,88.78075695482511,6257100
2023-04-06,88.85150909423828,89.06373214024643,88.8338199049757,88.86034694242059,4264700
2023-04-10,87.97603607177734,88.21479279228791,87.86992797061345,88.15289415112701,6025100
2023-04-11,87.94070434570312,88.05566383603737,87.73732589525618,88.04681924144651,5459000
2023-04-12,88.19713592529297,88.38283191681204,87.79921690724476,88.34746703443082,5857200
2023-04-13,87.90528869628906,88.48890341972677,87.83454547331326,88.33857913073699,39858200
2023-04-14,87.47201538085938,87.63118430275932,87.35706267199433,87.61350186541351,4968500
2023-04-17,86.9149398803711,87.18906155009611,86.88841284735872,87.13600748407136,5681000
2023-04-18,87.056396484375,87.25093700332135,86.92376135458983,86.94144378974583,5061300
2023-04-19,86.87071228027344,86.93261093134237,86.64080685998712,86.85302984273102,4648100
2023-04-20,87.37474060058594,87.44548383921247,87.25978789765273,87.34821357271262,4608000
2023-04-21,87.16252899169922,87.63119120240282,87.09178574385218,87.56044795455578,5948100
2023-04-24,87.58697509765625,87.60465753505486,87.33937374894732,87.40127239951282,5143700
2023-04-25,88.45353698730469,88.48890860086364,88.06445598460165,88.08214516460386,13076800
2023-04-26,88.10869598388672,88.54198656072417,87.9760540838291,88.4358784378359,5903000
2023-04-27,87.53390502929688,87.79034419634398,87.43663476778086,87.74613473430247,5065800
2023-04-28,88.18826293945312,88.19710078330282,87.86992515327637,88.06445891465489,8525900
2023-05-01,87.15030670166016,87.903740671814,87.0350778515695,87.85055916602651,17442000
2023-05-02,88.28489685058594,88.31148760536949,87.39850229031369,87.45169056253461,8540700
2023-05-03,88.86104583740234,88.88763658954365,88.36466709702297,88.52421837252393,9534800
2023-05-04,88.84332275390625,89.34856734295967,88.60399245439747,88.62172413129241,12014100
2023-05-05,88.36468505859375,88.400141656207,88.1430863955018,88.32922846098049,11254400
2023-05-08,87.8239974975586,88.01013959211228,87.77967505295533,87.81513165610683,7022400
2023-05-09,87.71760559082031,87.90374763848224,87.6998806750375,87.81510953426044,7317200
2023-05-10,88.37351989746094,88.44443307323782,88.10760563227664,88.11647146991191,9930800
2023-05-11,88.7015151977539,89.00289290499298,88.60401124211668,88.89652310902837,5979600
2023-05-12,88.1696548461914,88.70149015052723,88.14306409537254,88.63057697324172,5107300
2023-05-15,87.97466278076172,87.97466278076172,87.85943391897963,87.9214812695783,4459100
2023-05-16,87.69100952148438,87.75305686694476,87.44282013964282,87.63782801470504,7194000
2023-05-17,87.40736389160156,87.77078212711324,87.30099411497075,87.7441913736189,5542600
2023-05-18,86.8666763305664,87.0971408347826,86.83121973279049,87.088274994675,9448900
2023-05-19,86.53870391845703,86.95531046996769,86.38801845678636,86.55643559786196,12923500
2023-05-22,86.37914276123047,86.77802435047808,86.33482709308305,86.55642572178057,7034700
2023-05-23,86.5209732055664,86.62734298690741,86.1841457086339,86.25505213354079,8264200
2023-05-24,86.29936218261719,86.6627803820716,86.25503975608852,86.62733055603204,7415400
2023-05-25,85.75865173339844,86.2107147368535,85.687738563709,86.13980156716407,11647700
2023-05-26,85.91822052001953,85.91822052001953,85.43956667089937,85.6257087073372,7408900
2023-05-30,86.59187316894531,86.59187316894531,86.11321936999076,86.17526670896713,7883000
2023-05-31,86.91985321044922,87.05281375435447,86.52984418102245,86.64507304565811,10817900
2023-06-01,87.1614990234375,87.41027694094875,87.0459969270758,87.17927274822536,18161600
2023-06-02,86.46847534179688,87.03711253472859,86.3973939980079,87.01045872548023,7585400
2023-06-05,86.44183349609375,86.6817245912199,86.02423901690102,86.11308731958881,6243100
2023-06-06,86.4951400756836,86.52179388829842,86.23747525592212,86.47737312683734,3986200
2023-06-07,85.86431884765625,86.46849686285573,85.77547053515168,86.37964855035116,8226600
2023-06-08,86.44183349609375,86.45960044515492,85.97981147621162,86.01535215302493,5841900
2023-06-09,86.13084411621094,86.25523307126035,85.97979457477409,86.14861106177958,6421900
2023-06-12,86.27302551269531,86.29079924220618,85.89097167251133,86.26413864793987,5261700
2023-06-13,85.65995025634766,86.46847854112006,85.52667442648465,86.40628405767603,9173500
2023-06-14,85.77546691894531,86.03313175942988,85.45560758446042,85.91762285722112,7704400
2023-06-15,86.44183349609375,86.5040279858443,86.16640172415428,86.28190383977932,5959100
2023-06-16,86.06866455078125,86.22859420336671,85.8198798188888,86.01535014745889,6538100
2023-06-20,86.32632446289062,86.53067486482827,86.22858930415855,86.22858930415855,5477300
2023-06-21,86.40628814697266,86.47736949675566,85.96203987886483,86.0953157150353,5119600
2023-06-22,85.91761016845703,86.29966394051853,85.85541568364192,86.14862116006618,4102100
2023-06-23,86.27302551269531,86.62842553730464,86.16641025039667,86.60177172172997,4112100
2023-06-26,86.48625183105469,86.56622004631328,86.3263289579191,86.49513869468137,2976600
2023-06-27,86.1841812133789,86.6284295701489,86.06867908094782,86.46849989056402,4752500
2023-06-28,86.53067016601562,86.56621083805103,86.13972955231631,86.30854604981194,5257300
2023-06-29,85.64220428466797,85.81102084244924,85.49116145859655,85.7488263388497,8268700
2023-06-30,85.8287582397461,85.88207263782402,85.57109344822159,85.66882860289262,7450600
2023-07-03,85.45648956298828,86.0532206243124,85.45648956298828,85.78602720610692,4687100
2023-07-05,85.04678344726562,85.50100946263862,84.93991153424356,85.45647496887294,10181200
2023-07-06,84.35211181640625,84.4857085390953,84.04039066013951,84.39664632230645,9285100
2023-07-07,84.2452163696289,84.56584572248275,84.20068866757212,84.23631490622368,6577600
2023-07-10,84.681640625,84.80632907444907,84.36991950137734,84.37882096561594,6622700
2023-07-11,84.85978698730469,84.98447546900206,84.72619024405388,84.84197725921047,6327100
2023-07-12,85.68805694580078,85.80383713662998,85.29617507682366,85.42087032196167,8255100
2023-07-13,86.40055084228516,86.45398679731599,86.01757730954195,86.10663949959651,9742600
2023-07-14,85.97305297851562,86.3204003172895,85.93742673928108,86.21352839459621,7491100
2023-07-17,86.11556243896484,86.19571638517655,85.92852976946016,86.03540169774243,3182400
2023-07-18,86.21354675292969,86.49854993248434,86.16010398519258,86.39167119202192,3626500
2023-07-19,86.5074234008789,86.56086615131993,86.20461059342135,86.37383351230034,5059300
2023-07-20,85.82166290283203,86.09775781571932,85.6702564535075,86.06213156969973,9486600
2023-07-21,85.89291381835938,86.08885477036493,85.86619583308799,86.00869401953925,4560100
2023-07-24,85.68805694580078,86.13337478054355,85.65243070362006,86.04431257259718,7451100
2023-07-25,85.5277099609375,85.58114590652742,85.34067735636444,85.34958561229887,4079300
2023-07-26,85.82166290283203,85.86619740910943,85.47431549790556,85.72369242503106,4880100
2023-07-27,84.886474609375,85.59007753010813,84.77069443065064,85.49210707310667,8522800
2023-07-28,85.16256713867188,85.26943904758487,85.00225248029291,85.08240641197766,5794100
2023-07-31,85.26944732666016,85.42086053733719,85.11804091099324,85.12694916927074,6347000
2023-08-01,84.77120208740234,84.98549434448026,84.62833604119838,84.86048996016581,7714000
2023-08-02,84.60155487060547,84.63727138406047,84.25332737970473,84.52119782450302,8009200
2023-08-03,83.9765396118164,84.15511538110223,83.89617574707752,84.03011098015637,11057900
2023-08-04,84.86946105957031,84.94088730433425,84.28907939288902,84.28907939288902,10189900
2023-08-07,84.66405487060547,84.80692092072069,84.5658361642083,84.76227357700263,4007400
2023-08-08,85.09263610839844,85.306928345907,84.99441741365963,85.10156012630021,5401400
2023-08-09,85.14624786376953,85.28910715248139,85.05695995679578,85.09267648203141,5317200
2023-08-10,84.49441528320312,85.30695073250251,84.48549126295947,85.1462298091372,8462100
2023-08-11,84.04798889160156,84.43193303191106,84.01227236549943,84.14620763532474,5915000
2023-08-14,83.9140396118164,84.16404842026411,83.73545702561867,83.9140396118164,6218400
2023-08-15,83.75333404541016,84.09263080304771,83.70868668761796,83.82476028075519,9602600
2023-08-16,83.4318618774414,83.93187940461983,83.3693596865441,83.7354420011632,7199600
2023-08-17,83.3247299194336,83.45866516024196,83.09257595618105,83.40509378881035,9858300
2023-08-18,83.57474517822266,83.76225180491683,83.43188590598275,83.47652644820715,7510500
2023-08-21,83.05686950683594,83.21759045284438,82.95865758471481,83.18188074238041,10864000
2023-08-22,83.09259033203125,83.18188504950525,82.90508368735074,82.98544757063125,6330500
2023-08-23,83.99442291259766,83.99442291259766,83.57476221918587,83.60154791242812,8550500
2023-08-24,83.6819076538086,83.97656388932096,83.6551219618949,83.73547903763597,5735800
2023-08-25,83.65509033203125,83.86938259854806,83.34257254525167,83.56579564310661,7895700
2023-08-28,83.88726806640625,83.91406057019944,83.67297572167641,83.85155835247696,3301700
2023-08-29,84.4854736328125,84.5211901430215,83.67293835307026,83.69080001428866,7064200
2023-08-30,84.4765625,84.63728342730266,84.42299112830891,84.59263607607384,6346700
2023-08-31,84.64620208740234,84.7712064781915,84.49440520239119,84.57476906060045,6167300
2023-09-01,84.12879943847656,84.6659046682031,84.02137566066584,84.65695097930298,7746600
2023-09-05,83.61853790283203,83.89604075677498,83.58272998140993,83.88708706900378,4993400
2023-09-06,83.4036865234375,83.77965943651638,83.35893174597327,83.76175889146316,7344100
2023-09-07,83.69014739990234,83.72595532153149,83.51111462141935,83.60063101066085,7137500
2023-09-08,83.70805358886719,84.02136436160215,83.67224566774567,83.89604005250817,4648500
2023-09-11,83.56485748291016,83.64542704715247,83.46638736531706,83.52904954654308,4321700
2023-09-12,83.68121337890625,83.69911392763551,83.49322005409836,83.59169014626868,4998400
2023-09-13,83.77967834472656,83.89605581765596,83.53798336881702,83.55588391791022,6675400
2023-09-14,83.59169006347656,83.91395457759411,83.53798158767823,83.84234555308424,6421000
2023-09-15,83.33208465576172,83.51112428462439,83.26942249307565,83.45741581079733,9367700
2023-09-18,83.41265106201172,83.4753132223433,83.22466458101697,83.22466458101697,4622200
2023-09-19,83.10829162597656,83.37684765891122,83.07249052927132,83.22466909409127,7536800
2023-09-20,83.045654296875,83.46638902044943,83.02775374316926,83.34106465551224,10751800
2023-09-21,82.42796325683594,82.55328758694503,82.37424795131507,82.4727180434956,8702500
2023-09-22,82.75025177001953,82.82186081537536,82.4458877160107,82.50854989923815,8637800
2023-09-25,82.14149475097656,82.37423599902972,82.1056868290462,82.22205745307278,11712000
2023-09-26,82.11466217041016,82.34740347983671,82.016192066551,82.29369499760975,8281800
2023-09-27,81.74761199951172,82.365286682465,81.53277130400463,82.32947876160338,10586100
2023-09-28,81.97145080566406,81.98935136096448,81.3269215401887,81.55966973709175,11654600
2023-09-29,81.98931884765625,82.39215289366547,81.86399452125255,82.31158335259819,13488300
2023-10-02,81.32422637939453,81.66528125691741,81.22549870609309,81.57553069415128,21010000
2023-10-03,80.6511001586914,81.30628553747258,80.60622144615894,81.1537088709104,21364700
2023-10-04,81.16272735595703,81.20760609136661,80.71396739199564,80.90244575515538,14054000
2023-10-05,81.31526947021484,81.36912529927727,81.14474541285419,81.35117107374623,11315900
2023-10-06,80.83963012695312,81.09991176153889,80.49857497518617,80.5703713746135,12257100
2023-10-09,81.87174987792969,81.87174987792969,81.32426230143585,81.44991451431653,5816700
2023-10-10,81.71019744873047,81.93457738235038,81.36016530008598,81.45889301868132,11508300
2023-10-11,82.15896606445312,82.21281506304558,81.85380576151913,82.03331383604879,14815800
2023-10-12,81.36915588378906,82.02434156379418,81.27042814885131,81.97946283062855,12855900
2023-10-13,81.88969421386719,81.99739904127304,81.72814039652432,81.96149743213775,9872500
2023-10-16,81.4050521850586,81.46787830415268,81.29735417948783,81.4140293013673,7248000
2023-10-17,80.60623931884766,80.81267185572678,80.4626397324579,80.68701964981136,11191600
2023-10-18,80.22929382324219,80.49855250040618,80.0946644846602,80.38187054478657,13794200
2023-10-19,79.8343734741211,80.3280120413207,79.75359998905122,80.00490440597764,27116700
2023-10-20,80.30107879638672,80.41775387795154,80.10362339102237,80.12157076990502,12587100
2023-10-23,80.67803192138672,80.77675961983564,79.88821718132607,80.01386937071001,12365000
2023-10-24,80.82164764404297,80.83061791036718,80.42673680476831,80.61521511054988,10906000
2023-10-25,80.11259460449219,80.42672506828784,80.01386690908062,80.39980057818114,15170200
2023-10-26,80.72293090820312,80.75883252097529,80.17544329660949,80.19339067922934,15901300
2023-10-27,80.84858703613281,80.85755730410999,80.51650223759174,80.66010869562014,11628200
2023-10-30,80.57931518554688,80.71394450606873,80.31006339203486,80.45366297906826,11022500
2023-10-31,80.40876770019531,80.79470135421055,80.3908203233359,80.62417730769005,11574700
2023-11-01,81.33490753173828,81.37990446580203,80.60588578710028,80.64188745432081,22448900
2023-11-02,81.83892059326172,82.09992754166336,81.65891911617874,81.95592086670403,14046200
2023-11-03,82.46894836425781,83.0179619007105,82.45995309531877,82.83796038928429,23133700
2023-11-06,81.99191284179688,82.18991856314827,81.90191211389589,82.16291903143951,11246700
2023-11-07,82.45993041992188,82.63993188185005,82.25292255875043,82.25292255875043,13189400
2023-11-08,82.79295349121094,82.87395897496472,82.46894528943031,82.47794742465123,11117600
2023-11-09,81.97391510009766,82.65792612257732,81.92891130302765,82.6489308564556,17067900
2023-11-10,82.0639419555664,82.33395109072264,81.97394119938684,82.3159468195162,10674700
2023-11-13,82.0189208984375,82.04592729956866,81.62291628118993,81.7489186866709,8930200
2023-11-14,83.25196838378906,83.3149695987121,83.05396260356883,83.18896716886603,14313600
2023-11-15,82.60393524169922,82.85594005037667,82.53193190590108,82.84694478336394,12969400
2023-11-16,83.22496032714844,83.35096274409993,83.08095364113717,83.08995577566705,10375600
2023-11-17,83.2789535522461,83.36895429137384,83.11694947516966,83.3239573551181,8462000
2023-11-20,83.39594268798828,83.44994174648335,83.08092986912767,83.1079293983752,7481200
2023-11-21,83.50396728515625,83.62097443781971,83.28796411606383,83.49496515034745,9153300
2023-11-22,83.47696685791016,83.69297002470108,83.26995895921524,83.62996881494469,7255100
2023-11-24,83.0449447631836,83.1799493029496,83.03594949605103,83.11694809994094,4125800
2023-11-27,83.67495727539062,83.68395940845245,83.24294415442577,83.29695008618113,9539800
2023-11-28,84.0439682006836,84.07097460175504,83.53095644618332,83.57596024801967,13563300
2023-11-29,84.48502349853516,84.5750242782171,84.23301170215865,84.35001889570258,19075400
2023-11-30,84.07098388671875,84.19698630583714,83.8999776607937,84.16997990178305,18446700
2023-12-01,84.86420440673828,84.90932160900894,84.02494733285053,84.05201903120674,21393200
2023-12-04,84.51226806640625,84.72884856259184,84.33177858211006,84.53933976780822,16402000
2023-12-05,85.10785675048828,85.19810492515178,84.81908049248467,84.87323077427659,25452100
2023-12-06,85.45983123779297,85.54105324521421,85.19813347547363,85.29739410792187,14023400
2023-12-07,85.33345031738281,85.60418102987437,85.24320904154163,85.2793069288717,13730100
2023-12-08,84.7829818725586,84.96347133536874,84.58445379092097,84.85517765768266,13825300
2023-12-11,84.79202270507812,84.82812060387194,84.43105060211016,84.60251390013825,10484600
2023-12-12,84.97248840332031,85.0266317938636,84.70175768066731,84.78297276648225,7248000
2023-12-13,86.23589324951172,86.34418693210155,85.16201015828211,85.22517975188386,16155200
2023-12-14,86.95272827148438,87.13374503375013,86.63594548484588,86.68119622273889,32373200
2023-12-15,86.88030242919922,87.02512133599376,86.74453643041572,86.78979406512539,9407100
2023-12-18,86.69023895263672,86.72644368190781,86.55447294420665,86.71739077325353,8634100
2023-12-19,86.85316467285156,87.01608251670058,86.78980811720731,86.83506575924464,9047100
2023-12-20,87.27857971191406,87.33288336932019,86.87128847067194,87.05230526559109,12659100
2023-12-21,87.14280700683594,87.52294639033889,87.02514678966052,87.46864273708063,8939700
2023-12-22,87.06134033203125,87.3238194646075,86.93462722049054,87.30571364561786,4956400
2023-12-26,87.11565399169922,87.19710947047531,87.00703978131695,87.02514560238772,3342500
2023-12-27,87.79444885253906,87.83065357761453,87.42335559952447,87.48671904741546,7362400
2023-12-28,87.45957946777344,87.75826333601309,87.36907108794689,87.61345130935997,4858500
2023-12-29,87.24234008789062,87.4686144437375,87.15183172662096,87.20613536231369,7820500
2024-01-02,86.91653442382812,87.02514863799908,86.81697312050834,86.83507894221069,9444000
2024-01-03,87.12471008300781,87.19711265389182,86.46398569675182,86.53639517298355,11040500
2024-01-04,86.59973907470703,86.73550509645126,86.50923069532644,86.60879198424911,7354800
2024-01-05,86.2829360961914,86.90744860146775,86.21957955492148,86.2829360961914,10001000
2024-01-08,86.57259368896484,86.85317175751246,86.31011453550049,86.337266360799,7044700
2024-01-09,86.536376953125,86.66309005717777,86.45491458317892,86.45491458317892,7360800
2024-01-10,86.4006118774414,86.76265228095393,86.38251296467163,86.69929572824022,9212700
2024-01-11,86.86222076416016,86.9255773221252,86.41872485840483,86.5273321547181,10305400
2024-01-12,87.09756469726562,87.32383914821364,86.90748808176284,87.09756469726562,8469600
2024-01-16,86.39154815673828,86.85314978608234,86.27388797509373,86.74453560701741,9847100
2024-01-17,86.11100769042969,86.19247008656991,85.9390368916269,86.1381595206936,9170700
2024-01-18,85.92092895507812,86.13815047973863,85.83042056191523,86.07479391398982,8910100
2024-01-19,85.92998504638672,85.94808396355006,85.56794455498775,85.78516608768793,17711100
2024-01-22,86.19243621826172,86.33724822454991,86.12002676244474,86.23768694913801,9831500
2024-01-23,85.97522735595703,86.00237918171187,85.86662005293766,85.98428026632443,6428600
2024-01-24,85.7308578491211,86.31917275303451,85.67655419518522,86.29201402071892,9718000
2024-01-25,86.10193634033203,86.12909507012856,85.89376774932111,86.02953377691568,11588100
2024-01-26,85.94807434082031,86.02953672230488,85.83946013395663,86.02953672230488,9134600
2024-01-29,86.46397399902344,86.5454363751,86.14719121505189,86.2105477718462,6947500
2024-01-30,86.5816421508789,86.65404471283938,86.12004042847818,86.60879397478244,7265800
2024-01-31,87.30570983886719,87.32381565706737,86.88031288066604,86.97082125562777,15778300
2024-02-01,87.84647369384766,88.10959658041409,87.41095827966944,87.64686275077776,33372900
2024-02-02,86.7032699584961,87.0117615503299,86.53995250923917,86.86658740775302,13809200
2024-02-05,85.85945129394531,86.18608614301432,85.76872092971126,86.1044308918886,12147700
2024-02-06,86.32219696044922,86.40385914503041,85.93205011081118,85.9592685315769,9327000
2024-02-07,86.16793823242188,86.51271636699214,86.14071981683512,86.16793823242188,8619800
2024-02-08,85.88667297363281,86.04998346892557,85.80501080370367,85.97740333400083,7808000
2024-02-09,85.732421875,85.80500893062299,85.65076662913611,85.67798504442408,8492500
2024-02-12,85.81405639648438,85.91386183524106,85.65073903508983,85.80498128688457,7023600
2024-02-13,84.8704833984375,85.26063021695957,84.85233317118524,85.17896803889131,11978400
2024-02-14,85.18803405761719,85.34227636137678,84.96120469716507,84.96120469716507,8979600
2024-02-15,85.42394256591797,85.65077193708488,85.31506197573594,85.56004157307473,6788300
2024-02-16,85.05192565917969,85.09729429517026,84.87954007143587,84.92490178514447,7147400
2024-02-20,85.19710540771484,85.39671634366253,85.18803029545839,85.22432382220182,8286300
2024-02-21,84.92493438720703,85.30600615560337,84.87049754094602,85.26064442448073,6433900
2024-02-22,84.93399047851562,85.09730790300284,84.7797481671341,84.89769694837591,8688500
2024-02-23,85.3241195678711,85.3876315018646,84.96119126407322,84.96119126407322,6426700
2024-02-26,85.19710540771484,85.34227259240618,84.99749447176715,85.33320440243213,6417200
2024-02-27,85.00657653808594,85.2152556810789,84.95213278237573,85.07008848451201,7540600
2024-02-28,85.31504821777344,85.31504821777344,85.05192535897721,85.10636910643012,5293600
2024-02-29,85.4874496459961,85.58725511741007,85.36042575915697,85.37856906201284,11919200
2024-03-01,85.87771606445312,85.93229713667972,85.16813436300883,85.3773664336272,11857200
2024-03-04,85.68668365478516,85.77765443083229,85.57751455915341,85.58661371894573,6641600
2024-03-05,86.2143325805664,86.36899056260579,86.02329183400471,86.12336178800749,7673100
2024-03-06,86.42354583740234,86.59639515007699,86.32347591328802,86.36896476629435,9499200
2024-03-07,86.56912231445312,86.62370339672077,86.3507841041307,86.59641285558695,8420900
2024-03-08,86.63279724121094,86.77834909853505,86.56001784223614,86.71466885958847,8103600
2024-03-11,86.52361297607422,86.68736312475112,86.44173443142363,86.66007259007569,5568200
2024-03-12,86.1688461303711,86.30530578235803,86.06877618162241,86.27800829945967,6556500
2024-03-13,85.97781372070312,86.10517422405869,85.94142401394056,86.0414939723809,9708400
2024-03-14,85.34098815917969,85.66848851761559,85.32279677954462,85.65939629811083,10055900
2024-03-15,85.1954345703125,85.35008558625991,85.17723625042137,85.27730618794627,6591400
2024-03-18,85.0953598022461,85.2409116499855,85.01348124863483,85.16813919642833,5319700
2024-03-19,85.34098815917969,85.45925641899717,85.21362767985747,85.26821570001383,5470300
2024-03-20,85.54110717773438,85.8322177652826,85.24089743227479,85.43194504529372,10190800
2024-03-21,85.55020904541016,85.7685402578309,85.47742966106188,85.70486003168219,8271200
2024-03-22,85.96870422363281,86.02328530690144,85.88683259872985,86.02328530690144,6119800
2024-03-25,85.74129486083984,85.88685370616328,85.68671376415743,85.88685370616328,4488900
2024-03-26,85.86862182617188,85.88682014504,85.61390088701833,85.71397081891794,5477600
2024-03-27,86.19610595703125,86.23249564730222,85.9595764405819,85.96867559830558,4838500
2024-03-28,86.1142578125,86.21432081221748,85.95050763199541,86.00508871195505,7561400
2024-04-01,85.3350830078125,85.75477787116452,85.27121654949636,85.75477787116452,10854000
2024-04-02,85.1526107788086,85.18910689285413,84.86976763518622,84.95188563201916,7214900
2024-04-03,85.25296020507812,85.25296020507812,84.72377707440789,84.80588809765625,12908000
2024-04-04,85.5449447631836,85.56318934176284,85.19823512187297,85.4354564089398,6960500
2024-04-05,84.97924041748047,85.34419453019008,84.97011465040953,85.07960297249863,6334600
2024-04-08,84.78764343261719,84.90625056415519,84.67815510748301,84.76939885888862,7115100
2024-04-09,85.1252212524414,85.19820650316488,85.03397750742631,85.03397750742631,5151100
2024-04-10,83.9938735961914,84.45919030377729,83.8661406899398,84.40444961850413,14993700
2024-04-11,83.87527465820312,84.18548118630812,83.7657863160309,84.1489920331727,9371400
2024-04-12,84.22195434570312,84.45004977570312,84.22195434570312,84.3131980864392,11675600
2024-04-15,83.68367767333984,83.70192225042932,83.34609382934582,83.64718155823869,12315300
2024-04-16,83.35520935058594,83.51031260000566,83.19098033328231,83.31871323997166,12027200
2024-04-17,83.8843994140625,83.9482658726613,83.51944523881713,83.6563039246494,10515400
2024-04-18,83.59244537353516,83.80228934552927,83.48295702232784,83.80228934552927,6964500
2024-04-19,83.70191955566406,83.81140789744258,83.61068275130964,83.7931563600185,6125800
2024-04-22,83.7110366821289,83.7749031346757,83.52856309225844,83.54680766687699,4002900
2024-04-23,83.82051849365234,84.03036240959112,83.51943082895335,83.60154184973268,8319800
2024-04-24,83.56504821777344,83.65629196923648,83.42819651242074,83.62892162816594,7567400
2024-04-25,83.24571228027344,83.32783026076584,83.04498717342604,83.10885362006651,5784300
2024-04-26,83.47380828857422,83.60154118271454,83.40994184150406,83.43731218154547,5432600
2024-04-29,83.8114013671875,83.82964594226804,83.59243166161372,83.66541692285736,4846500
2024-04-30,83.41907501220703,83.61980013821987,83.34608279167121,83.49206723274284,7516700
2024-05-01,83.7494125366211,84.06054817434743,83.44743677675176,83.66705741527879,12392500
2024-05-02,84.14291381835938,84.19782422106874,83.68536669160024,83.74942301008191,8661500
2024-05-03,84.609619140625,84.82923982036945,84.38999846088055,84.74688468357111,8501100
2024-05-06,84.68282318115234,84.77433121031383,84.56386344140394,84.64621857316473,4043400
2024-05-07,84.90245056152344,85.12207124520155,84.82924133975884,84.9848126814125,7776200
2024-05-08,84.66452026367188,84.79263988679021,84.65537434757547,84.71943066832698,9024000
2024-05-09,84.92074584960938,84.98480216532309,84.61876308340977,84.64621479277068,9625200
2024-05-10,84.64622497558594,84.77433762242514,84.60046746673666,84.73773301166885,3205000
2024-05-13,84.74688720703125,84.89329867068199,84.73773430879817,84.86584695759846,3228700
2024-05-14,84.99394989013672,85.03055449726881,84.82008673327799,84.91159476030073,4688800
2024-05-15,85.63452911376953,85.69858543763242,85.37830381831799,85.48811066973111,11384500
2024-05-16,85.46978759765625,85.66195651470501,85.4423358925941,85.66195651470501,4278400
2024-05-17,85.20442199707031,85.40574383925464,85.18611620326371,85.33253462725766,3883900
2024-05-20,85.07630920410156,85.15866433122955,85.0488574950589,85.08546210098736,4575900
2024-05-21,85.29592895507812,85.36913816616,85.25017843436294,85.33253356061907,2669700
2024-05-22,85.18611145019531,85.28677236567097,85.07630461994138,85.08545751633399,3616300
2024-05-23,84.8841552734375,85.23188861884255,84.7560426208348,85.2227357203378,6005500
2024-05-24,84.99394989013672,85.00310278732347,84.77432922895915,84.80178093890447,3926400
2024-05-28,84.51811218261719,85.0854731759353,84.49980638646288,85.067167379781,8761400
2024-05-29,84.10630798339844,84.31677573146187,83.93243785808258,84.30762283496777,10126800
2024-05-30,84.52725982666016,84.54555864006143,84.34423678457146,84.38999429049743,5069500
2024-05-31,84.92074584960938,84.93904466197839,84.74687571483722,84.78348032119003,4807400
2024-06-03,85.47691345214844,85.52280743532783,85.03636202435645,85.03636202435645,7675900
2024-06-04,85.9450454711914,86.02765327887327,85.70640925198394,85.76148345791917,8752000
2024-06-05,86.25711059570312,86.26628379479551,85.80737175226184,86.05518817659758,6466800
2024-06-06,86.22038269042969,86.30298348340398,86.0827076996983,86.1102412973564,5849400
2024-06-07,85.31173706054688,85.50448626057496,85.3025638624056,85.48612585940975,7125100
2024-06-10,85.128173828125,85.21077462484573,85.04557303140427,85.15570742703191,3938900
2024-06-11,85.57791137695312,85.59627177908789,85.19242696142365,85.27503476614666,3954700
2024-06-12,86.05517578125,86.56915495407293,86.03681538082573,86.34887916606897,9243200
2024-06-13,86.62423706054688,86.75273187586961,86.34889402875912,86.44067503935504,6529900
2024-06-14,86.82614135742188,86.9087491514206,86.69764656892679,86.74354056586394,5424600
2024-06-17,86.42232513427734,86.47739234237409,86.30300351347768,86.40396472995006,4957200
2024-06-18,86.79861450195312,86.89957570110397,86.53244470441373,86.5691585043269,5232600
2024-06-20,86.5783462524414,86.6058798541662,86.32135663308739,86.36724363514807,3573100
2024-06-21,86.5966796875,86.82613565222705,86.44065131207128,86.74353486609667,6908700
2024-06-24,86.67011260986328,86.67011260986328,86.48655062776268,86.61504541572126,5276000
2024-06-25,86.74354553222656,86.78025933139013,86.57833693721115,86.61505073637471,3790100
2024-06-26,86.22038269042969,86.35805067872018,86.20202229036369,86.29380328337098,4196400
2024-06-27,86.41313171386719,86.49573251337722,86.37641791327114,86.38559811403051,4946600
2024-06-28,85.95423126220703,86.62423895641915,85.95423126220703,86.60588555487519,6032400
2024-07-01,85.31437683105469,85.71945436245035,85.23152389444171,85.47088150497892,13662800
2024-07-02,85.63658905029297,85.7378584268132,85.507702029961,85.67341491664722,8195700
2024-07-03,86.20738983154297,86.24421570233496,85.80231227664785,85.84834637109199,3861000
2024-07-05,86.68612670898438,86.7413620080945,86.40072794134171,86.51120556337925,5111500
2024-07-08,86.71372985839844,86.77817337118987,86.5296005191257,86.65848754470856,5294600
2024-07-09,86.59404754638672,86.69531693114277,86.38230757739962,86.57563812362035,3006900
2024-07-10,86.6769027709961,86.72292983730459,86.54801574722667,86.66769454820799,4076600
2024-07-11,87.2292709350586,87.44101790221356,87.1924450701701,87.29371444265958,9658400
2024-07-12,87.41339111328125,87.41339111328125,87.19244295313045,87.2476782372143,4304500
2024-07-15,87.13719940185547,87.30291226220031,87.0635476808545,87.19243468069885,3754500
2024-07-16,87.52386474609375,87.53307296762965,87.21085545202382,87.29370837440172,4705800
2024-07-17,87.5975341796875,87.65276947243927,87.31213544489822,87.39499540784236,5113500
2024-07-18,87.34895324707031,87.59752608912791,87.29371795942009,87.40419555853634,8640600
2024-07-19,87.07275390625,87.1832244614048,87.0267198257258,87.11878096295965,5274400
2024-07-22,86.98990631103516,87.23847914303816,86.85181107367964,87.17403563544767,3869800
2024-07-23,87.05436706542969,87.22928820232225,87.04516586524781,87.10960938560557,5095600
2024-07-24,86.86102294921875,87.34895338775704,86.85181472665694,87.2108651684091,4733500
2024-07-25,87.05436706542969,87.34896701903894,86.98992354507193,87.03595764124901,4335600
2024-07-26,87.4686508178711,87.4962684654059,87.33976378016409,87.42261672276855,5217500
2024-07-29,87.61592102050781,87.69878096209561,87.53306810273469,87.68957274107149,6165600
2024-07-30,87.80005645751953,87.89211760275016,87.56069186086779,87.71719651014136,4419200
2024-07-31,88.44451141357422,88.4537196373153,87.87372094651153,88.05785030224952,10982900
2024-08-01,88.82217407226562,89.0437889125989,88.62826020634792,88.64672517428872,10492600
2024-08-02,90.19804382324219,90.26268177903296,89.69016913845127,89.74557813270678,18286500
2024-08-05,90.29037475585938,91.02910022375474,89.93948403336357,90.85365134000274,19098200
2024-08-06,89.4870376586914,90.10571632043937,89.42239264969326,90.06877933458743,9507000
2024-08-07,89.1638412475586,89.32082519948072,88.99762833288379,89.22847921187604,8419700
2024-08-08,88.89605712890625,88.96069509594776,88.7113792359334,88.7944892192782,4856100
2024-08-09,89.2562026977539,89.37624263942187,89.18232871287624,89.36700663005942,5174900
2024-08-12,89.50548553466797,89.55165851941683,89.08995685196162,89.14535879765357,4166400
2024-08-13,89.90255737304688,89.90255737304688,89.74558048273147,89.87485639769815,6458700
2024-08-14,90.02262115478516,90.15189710403519,89.8471792493806,89.86564422284025,4275700
2024-08-15,89.45932006835938,89.45932006835938,89.21924025351163,89.29310717230612,5507000
2024-08-16,89.63479614257812,89.65326111662189,89.39470920994269,89.64403215210555,4437000
2024-08-19,89.75481414794922,89.85638909289004,89.58860124213783,89.60707325667762,4437600
2024-08-20,90.11494445800781,90.15188144352153,89.902565597566,89.97643956859343,4886000
2024-08-21,90.29962158203125,90.50277146229597,89.99489676163415,90.20728264873156,5386000
2024-08-22,89.88408660888672,90.09647249786077,89.75481069212307,90.07800752904129,4819500
2024-08-23,90.29962158203125,90.36425953984192,89.96719578614515,90.0687707262775,5475400
2024-08-26,90.18881225585938,90.4658361057459,90.18881225585938,90.45660009874723,3062400
2024-08-27,90.15188598632812,90.21652395298186,89.90257012780943,89.94874312328066,4433700
2024-08-28,90.10569763183594,90.24420953879982,90.06876065364501,90.17033558241799,8147000
2024-08-29,89.9487533569336,89.98568330350018,89.81024139977109,89.90258035620916,6199800
2024-08-30,89.63479614257812,90.07803301475037,89.61633116853436,89.96722203545454,4802600
2024-09-03,90.22566223144531,90.3645863462321,90.06821819880815,90.12378501833327,8232700
2024-09-04,90.7535629272461,90.79987331813483,90.2997507736256,90.32753418176941,9914900
2024-09-05,90.96659088134766,91.04068468856475,90.67948621084933,90.99437429256048,33635000
2024-09-06,91.09622955322266,91.55004164758573,90.78133448143922,91.00361584951199,17777600
2024-09-09,91.22589874267578,91.2907290479758,90.92953062330805,91.04067131781095,8532500
2024-09-10,91.61487579345703,91.66118618024315,91.2166304914045,91.23515747250813,7921400
2024-09-11,91.55005645751953,91.82790467957132,91.37409251179562,91.42965932981646,7286200
2024-09-12,91.4018783569336,91.57784230734745,91.23517083245405,91.47596509427807,5929800
2024-09-13,91.57785034179688,91.68899105652534,91.46671669304303,91.65194415161585,5305500
2024-09-16,91.81864929199219,91.85569619593385,91.56859152285408,91.6797251687046,6666900
2024-09-17,91.65193939208984,91.81864692253804,91.58710907835855,91.76308010104673,7807000
2024-09-18,91.2536849975586,91.73528762279383,91.20738167288405,91.43891949417736,8584500
2024-09-19,91.1795883178711,91.19811529993434,90.96657748595705,91.00362438411021,16770800
2024-09-20,91.15180969238281,91.2722138841901,90.92953535777708,91.04993248361066,6580600
2024-09-23,91.09622955322266,91.17957976677044,90.75355107692329,90.96656895483319,7491700
2024-09-24,91.19812774658203,91.22591115749543,90.77209895863653,90.84618569908083,6580800
2024-09-25,90.82765197753906,91.01287939946258,90.82765197753906,91.01287939946258,10455100
2024-09-26,90.7628402709961,90.94806773087357,90.61465265031438,90.90176439889153,8026500
2024-09-27,91.12403106689453,91.1703414609395,90.90175672062165,90.97585052470397,6207700
2024-09-30,90.87397003173828,91.08698087832165,90.72578242892044,91.05919746928677,8902400
2024-10-01,91.20465850830078,91.46473786886249,91.10248346141853,91.18607736161432,11665600
2024-10-02,90.94456481933594,90.98171293359395,90.69376898499951,90.79594401578399,7742100
2024-10-03,90.48015594482422,90.768099958679,90.45228422286884,90.70308011404626,11556100
2024-10-04,89.60700988769531,89.89495384899496,89.56056411287847,89.69989435069871,8878300
2024-10-07,89.28190612792969,89.42122927194777,89.23546035550372,89.27261555611851,10152600
2024-10-08,89.356201171875,89.356201171875,89.10541244922511,89.14256764640088,5975200
2024-10-09,89.0218276977539,89.24475892141172,88.9753890077981,89.19831314482536,6769200
2024-10-10,89.01254272460938,89.05898141378933,88.73388224300797,88.95680637631084,5959000
2024-10-11,89.04041290283203,89.12400680054225,88.8732180207807,88.91966379948474,5394100
2024-10-14,88.88250732421875,88.88250732421875,88.62242797510528,88.66886666651511,3850900
2024-10-15,89.3376235961914,89.37477879190305,89.17971932938865,89.22615800905646,7736900
2024-10-16,89.47696685791016,89.5977159466115,89.42123051289953,89.50483148710047,5041100
2024-10-17,89.01254272460938,89.1240012479456,88.93823231796495,89.0868531312538,5460200
2024-10-18,89.11470794677734,89.21688297300201,89.0961268038476,89.16114663084242,5174700
2024-10-21,88.42733764648438,88.79888251120988,88.41805416267216,88.77101788651552,6633600
2024-10-22,88.34376525878906,88.59455402866237,88.2694548504449,88.53882476571954,5433900
2024-10-23,88.13941192626953,88.24158696231422,88.00008168742403,88.08368266538346,6914300
2024-10-24,88.33447265625,88.48309346952315,88.12083909545785,88.22301413292554,5486300
2024-10-25,88.13941192626953,88.53882149809048,88.07439209302568,88.5295309257327,6455300
2024-10-28,87.93504333496094,88.16725798858867,87.76784850088382,88.15797450481632,5447300
2024-10-29,87.97222137451172,87.99080252013923,87.51708251946724,87.56352121027466,8475400
2024-10-30,87.84215545654297,88.39946918613494,87.80500026301969,88.17654511162387,6341100
2024-10-31,87.79572296142578,87.96291781423416,87.5170695978316,87.70283850689438,8662900
2024-11-01,87.27584075927734,88.01191416005709,87.2478897745857,87.92806120598215,15659500
2024-11-04,87.74169158935547,87.99326461752496,87.57397860677276,87.88145359293954,8179300
2024-11-05,87.78827667236328,87.9000805824727,87.34103970615435,87.62988306064798,8118500
2024-11-06,86.88449096679688,87.12674462102385,86.66087603675147,86.68882701443334,15261400
2024-11-07,87.5832748413086,87.74166841953473,87.19194702148324,87.23852960464973,15674000
2024-11-08,87.7696304321289,88.03052278675366,87.6671387842452,87.7696304321289,12335300
2024-11-11,87.52740478515625,87.54603640349275,87.37832340409827,87.50876605822825,3980000
2024-11-12,86.97766876220703,87.35968443759162,86.87517709849854,87.18265208962404,8037600
2024-11-13,86.92176055908203,87.3783097773375,86.80994954072563,87.36899041532688,6661800
2024-11-14,86.91242980957031,87.26649443367991,86.80993816665327,87.06151114784582,7510000
2024-11-15,86.94971466064453,87.23855091603853,86.5583867452222,86.74473134058789,16761500
2024-11-18,87.14537811279297,87.20128006936024,86.80995215620814,86.91244381564188,4788200
2024-11-19,87.33171844482422,87.4714733180459,87.29444810910188,87.41557136875721,4951500
2024-11-20,87.20127868652344,87.35967940860313,87.0615237973215,87.08947477516189,5752900
2024-11-21,87.15470886230469,87.4249135353345,87.04289782597084,87.26651989863853,5098200
2024-11-22,87.21060180664062,87.33173219395592,87.11742950696097,87.27582312727547,5373900
2024-11-25,88.15164184570312,88.17959281950426,87.88143725130958,88.01187986810791,7716000
2024-11-26,87.96531677246094,87.9932677524554,87.78828442104128,87.96531677246094,5093100
2024-11-27,88.31935119628906,88.44047444735229,88.14231889131351,88.31935119628906,5587600
2024-11-29,88.69205474853516,88.70136700113251,88.51502242892857,88.63614569000215,5136200
2024-12-02,88.6845932006836,88.79674827321017,88.32009812805258,88.4229051619192,5950600
2024-12-03,88.4322509765625,88.81543498641228,88.37616987647748,88.77804996317698,5364800
2024-12-04,88.7686996459961,88.79673662783472,88.17989450553164,88.20793148737026,5908800
2024-12-05,88.75935363769531,88.81542760265447,88.5070065344521,88.5070065344521,5210300
2024-12-06,89.03973388671875,89.17992593476615,88.8528159096314,89.12385196773269,6880200
2024-12-09,88.7313232421875,88.93693730291952,88.7313232421875,88.92758926457788,4303100
2024-12-10,88.57243347167969,88.63785547793138,88.4602855355133,88.54439648763808,3543400
2024-12-11,88.31072998046875,88.78738001709003,88.28269300133738,88.70326907969591,6452800
2024-12-12,87.97430419921875,88.28272534357876,87.94626720981607,88.20795528486144,4518000
2024-12-13,87.56306457519531,87.86213761620051,87.51633151578736,87.83410063274124,5230100
2024-12-16,87.59109497070312,87.73128700791905,87.49763598938024,87.7219389706478,4607600
2024-12-17,87.59109497070312,87.73128700791905,87.54436191481008,87.57239889616062,4881100
2024-12-18,86.91407775878906,87.69235134474604,86.84844005505839,87.57983365490671,11553900
2024-12-19,86.52025604248047,86.67966804785821,86.37960891122675,86.6234020413826,9273800
2024-12-20,86.83905029296875,87.11097993255964,86.82029257770192,86.9703256839475,6070900
2024-12-23,86.4546127319336,86.81093785196848,86.38897502360722,86.77342956807146,5954500
2024-12-24,86.50151062011719,86.51088948074987,86.23895975419883,86.27646804275496,3076100
2024-12-26,86.56715393066406,86.60466222164402,86.20145703607824,86.22958646581947,3703300
2024-12-27,86.34210205078125,86.63278233213815,86.32334433032156,86.51088576504718,3752500
2024-12-30,86.84844970703125,86.89532969834997,86.7546754164459,86.76405427629923,4797700
2024-12-31,86.68902587890625,87.03597210640774,86.62338817683549,86.97033440433697,5856000
2025-01-02,86.73591613769531,86.99846695542234,86.55775358824914,86.87657040547,5034800
2025-01-03,86.59526062011719,86.89531971518502,86.56713119776288,86.8296820117006,2863700
2025-01-06,86.51087951660156,86.57651722552113,86.32333809542156,86.4921217974967,3894600
2025-01-07,86.11705017089844,86.46399645096518,86.03266189286748,86.39835873894975,5524400
2025-01-08,86.26709747314453,86.28584804223742,85.9764171513658,85.99516772045868,6402900
2025-01-10,85.63884735107422,85.92014880368248,85.54508020020481,85.76074393180696,8210900
2025-01-13,85.48878479003906,85.62006018691045,85.40439652946714,85.5919307667198,5094300
2025-01-14,85.51692962646484,85.59194619647826,85.40441192541857,85.52630848620998,4365500
2025-01-15,86.4171142578125,86.48275196815608,86.2483305520756,86.38897767854479,7846600
2025-01-16,86.62340545654297,86.81094689556535,86.22020030511284,86.342104028971,7550900
2025-01-17,86.68902587890625,86.81092957844695,86.60463761366083,86.75466358097702,3912800
2025-01-21,86.97972869873047,87.04536641244961,86.83907441105396,86.97034983849224,4431300
2025-01-22,86.75466918945312,86.95158946236882,86.65153035436536,86.94221060318868,3656400
2025-01-23,86.5296401977539,86.59527791434707,86.3889859039187,86.3889859039187,4860900
2025-01-24,86.70779418945312,86.8109401844479,86.4546150548391,86.50150219946357,4468700
2025-01-27,87.27039337158203,87.3454099321223,87.08285912420433,87.27977223014281,4297100
2025-01-28,87.27977752685547,87.29852809114196,86.99846898474429,87.05472783157717,3906600
2025-01-29,87.17664337158203,87.43919423107161,86.9234642185211,87.37355651619922,4918400
2025-01-30,87.36418151855469,87.50483581492145,87.27979323311945,87.36418151855469,4365600
2025-01-31,87.22352600097656,87.52358515716968,87.02661285040995,87.3923097234586,6277400
2025-02-03,87.28559875488281,87.74652942096475,87.16331307766413,87.4737316701132,8294000
2025-02-04,87.50196838378906,87.50196838378906,87.10688487673067,87.10688487673067,6742300
2025-02-05,88.00994110107422,88.16986201481046,87.83121693849407,87.859436165385,6576300
2025-02-06,87.90644073486328,88.02873358557926,87.77474626240799,87.91584953341308,5268500
2025-02-07,87.6148452758789,87.69951012148314,87.46434036131024,87.62425407579305,4565300
2025-02-10,87.59603881835938,87.8312085891785,87.54900199347081,87.70891571519297,3229100
2025-02-11,87.37025451660156,87.44551055178394,87.31381607862004,87.37966331520198,3379500
2025-02-12,86.76824188232422,86.84349793597498,86.61773695183498,86.78705948414306,7280200
2025-02-13,87.41731262207031,87.48315987468844,87.20095326243228,87.2197708642159,6121900
2025-02-14,87.78416442871094,87.9628957361778,87.74653640730679,87.83120124966892,5157900
2025-02-18,87.31382751464844,87.6054357181607,87.30441871481568,87.51136925026753,4484100
2025-02-19,87.45491027832031,87.49253829200819,87.26677020988093,87.26677020988093,4607000
2025-02-20,87.63365936279297,87.72772582772905,87.58662254191931,87.5960313414563,7545400
2025-02-21,88.15103149414062,88.2639155619742,87.737130422229,87.74653922208466,6156500
2025-02-24,88.33918762207031,88.395626077813,88.03816338660856,88.06638979129269,4109500
2025-02-25,89.03526306152344,89.0822927024133,88.81890374763566,88.89415978523235,7697100
2025-02-26,89.27983093261719,89.33626936566888,88.88474037082565,88.99762441373893,7379800
2025-02-27,89.1763687133789,89.2045879340267,88.94119897223267,88.97881981522242,5907900
2025-02-28,89.66551971435547,89.7031477346166,89.27043626682999,89.44916039205663,11831500
2025-03-03,89.99099731445312,90.04759905644737,89.34948451407102,89.3589205369289,9637400
2025-03-04,89.70796966552734,90.35891845579611,89.55702929532913,90.13250430171071,12745500
2025-03-05,89.2079849243164,89.84949781072551,89.17968404952413,89.72685828743315,15590000
2025-03-06,89.16080474853516,89.33061716734477,88.8306159335099,89.16080474853516,9318900
2025-03-07,89.04761505126953,89.6419550583516,88.9627124206484,89.6042253542387,9210200
2025-03-10,89.67024230957031,89.81174666107871,89.48155784493183,89.56646765341324,7698500
2025-03-11,89.34949493408203,89.91553401276605,89.22685541293333,89.67025497046866,10408600
2025-03-12,89.08534240722656,89.30232776930453,89.04760550957921,89.06647755719152,7610300
2025-03-13,89.44384002685547,89.48157692783096,88.86836488274052,88.95327470932986,6902300
2025-03-14,89.13250732421875,89.2928837266346,89.10419925534246,89.21740993811774,4390900
2025-03-17,89.2079849243164,89.48157204327092,89.11364627581632,89.29289474627075,6734000
2025-03-18,89.3117446899414,89.46269226040894,89.06646568429613,89.07589450926812,8993300
2025-03-19,89.58533477783203,89.61363564885295,89.09476955245736,89.23627390756198,5854500
2025-03-20,89.71739959716797,90.08532527167007,89.61362495076217,90.06646042576706,4409100
2025-03-21,89.64192962646484,89.94381755676731,89.62306477976044,89.8589149502335,4919600
2025-03-24,89.12307739257812,89.41552934609844,89.09477651934417,89.39666449646818,4823500
2025-03-25,89.27403259277344,89.37780727689872,89.10422012762099,89.12309217795922,6825800
2025-03-26,89.06647491455078,89.21741530308445,88.99100112149542,89.12307666055378,8281700
2025-03-27,88.99099731445312,89.06647110427971,88.87778662971323,88.96269644266233,5085100
2025-03-28,89.70796966552734,89.76457860223084,89.38721688037103,89.41551774993468,6224500
2025-03-31,89.97213745117188,90.15137870994326,89.70797917955124,90.08534094143234,13255800
2025-04-01,90.28822326660156,90.53429381744324,90.16518438088478,90.16518438088478,18128800
2025-04-02,90.20304107666016,90.66679080659267,89.91912018588887,90.66679080659267,7635900
2025-04-03,91.13054656982422,91.47125746477569,91.02644006188943,91.24411927500566,18188000
2025-04-04,91.38609313964844,92.29465328842392,91.37663416123412,91.99179990549875,27006500
2025-04-07,90.29769897460938,91.48072087363364,90.08948596508627,91.31982440771594,68670600
2025-04-08,89.84343719482422,90.46806915440946,89.79611341913991,89.82451201690714,19508000
2025-04-09,89.55948638916016,89.6068101529063,88.5941437058347,89.1809251615612,24170800
2025-04-10,89.00111389160156,89.70146090895277,88.95379012234275,89.4553903058751,12093800
2025-04-11,88.49951171875,88.70772474585901,87.81808989206348,88.4616541483126,55446600
2025-04-14,89.20932006835938,89.30396037901122,88.7739688628866,88.88753434743168,12630900
2025-04-15,89.47431945800781,89.68253248224855,89.19039129393533,89.1998574915626,7708100
2025-04-16,89.86233520507812,89.98537409642176,89.39859267006959,89.58788049498588,8708400
2025-04-17,89.6068344116211,89.900221608615,89.5216530579359,89.81504747552432,6987000
2025-04-21,89.1241455078125,89.67306946014153,89.10522033248097,89.34182473738899,4901300
2025-04-22,89.19037628173828,89.37966409945741,89.18091730629628,89.36073170738953,5233000
2025-04-23,89.2850341796875,90.11788630063516,89.17146868726255,89.94753084140436,8041300
2025-04-24,89.76770782470703,89.79609919738327,89.55003582046034,89.64467613624556,7308900
2025-04-25,90.10840606689453,90.17465500068754,89.89073409325704,90.0137657644177,5341300
2025-04-28,90.46805572509766,90.49645431864931,89.97592174576882,90.00431311872714,4950500
2025-04-29,90.78038024902344,90.7898464473933,90.41127793912958,90.42074413749944,5350200
2025-04-30,90.9223403930664,91.00752173350799,90.66681081292847,90.76145113073537,13923200
2025-05-01,90.52638244628906,91.05811357453524,90.34598026802561,91.03911929627934,13703300
2025-05-02,89.918701171875,90.19406026905772,89.76678315795749,90.06112929030675,9331600
2025-05-05,89.75728607177734,89.89971419029399,89.5673867432185,89.89021705060753,10089400
2025-05-06,89.98516082763672,90.00415510576693,89.633846368368,89.71929888737026,6081200
2025-05-07,90.22254180908203,90.33648574933886,90.06112666019763,90.0801209390045,9471100
2025-05-08,89.51991271972656,90.1845748909697,89.50092568360894,90.16558061065669,6409000
2025-05-09,89.58637237548828,89.83324729410478,89.55788820107001,89.68132203828081,3698700
2025-05-12,89.01666259765625,89.22555619162321,88.99767556374769,88.99767556374769,9483700
2025-05-13,88.95021057128906,89.17809123364405,88.80778244074382,89.13062001959274,13166800
2025-05-14,88.61787414550781,88.97868576147658,88.56089855252701,88.91222027316142,6994700
2025-05-15,89.19707489013672,89.24454609853362,88.87423734974178,88.98818128944495,9024900
2025-05-16,89.2255630493164,89.5673876394989,89.21606590953492,89.54839335993593,6819200
2025-05-19,89.1780776977539,89.1970719758479,88.67483799118118,88.71281930317463,11704900
2025-05-20,89.06414794921875,89.13061343934015,88.8077758843254,88.9407068645682,8929600
2025-05-21,88.44697570800781,88.8362715593432,88.3330317483946,88.71283770290925,11383500
2025-05-22,88.779296875,88.81727819216442,88.36150963038683,88.47545358188012,10981200
2025-05-23,89.03565216064453,89.1780802736854,88.91221832624632,89.16859037855882,9860700
2025-05-27,89.40596008300781,89.50090973506724,89.13060102109958,89.23504781162319,10834400
2025-05-28,89.15910339355469,89.29203438241372,89.05465658170894,89.2255688879842,8591500
2025-05-29,89.5293960571289,89.61484857277709,89.34898664294595,89.39646509221333,9679100
2025-05-30,89.79525756835938,89.84273601740544,89.53889277841566,89.59586112191555,10268600
2025-06-02,89.49042510986328,89.68094897034574,89.33800020706178,89.54758081440414,13341900
2025-06-03,89.4046859741211,89.73810637027428,89.3284735212805,89.61426658542297,8508900
2025-06-04,90.06201934814453,90.13823181256764,89.67143591899163,89.74764838341474,10115900
2025-06-05,89.79527282714844,90.17632783811332,89.76669497322953,90.06200915441792,8762800
2025-06-06,89.0807876586914,89.41420803129095,89.05220980789987,89.3379955838342,7624200
2025-06-09,89.24275207519531,89.35707076997195,89.0808060419438,89.09032714882646,6061200
2025-06-10,89.39515686035156,89.56663124381339,89.29989492909932,89.52853228572808,5579900
2025-06-11,89.76670837402344,89.80480733958969,89.49044363153229,89.56664883068568,6594900
2025-06-12,90.15727233886719,90.16680071297873,89.94769171653273,90.10963773632939,7795400
2025-06-13,89.82384490966797,90.02389714226624,89.58568645161965,89.95721306473348,9195200
2025-06-16,89.5666275024414,89.90957625503943,89.54757802419448,89.7190524004935,7508400
2025-06-17,90.00486755371094,90.04296651956112,89.65239034141857,89.79528690143012,5285000
2025-06-18,90.06201934814453,90.34780518770019,89.90959441929834,90.1572812946631,6732400
2025-06-20,90.11915588378906,90.25252403413648,89.82384173202249,89.88099743416593,6261700
2025-06-23,90.43353271484375,90.7288468859855,90.30969292940162,90.3763770089504,9310300
2025-06-24,90.74790954589844,90.7955368812395,90.30969881345248,90.34779777451732,7694500
2025-06-25,90.78600311279297,90.82410206854402,90.48116059065133,90.57642251606701,6393300
2025-06-26,91.10991668701172,91.11944506221525,90.83365195027528,90.95749902385896,7131900
2025-06-27,90.87173461914062,91.14799928423894,90.81457891878196,90.87173461914062,8402400
2025-06-30,91.2337646484375,91.2718708846374,90.93845040291508,91.071818595604,10542300
2025-07-01,91.0645980834961,91.27484388629516,90.90213806900141,91.1888309255648,10659800
2025-07-02,90.87345123291016,90.92123701543626,90.72054985278277,90.77788695894469,6026200
2025-07-03,90.55810546875,90.65366975918927,90.44342394557007,90.59633264314331,7398900
2025-07-07,90.27139282226562,90.42430149869234,90.19493848405226,90.41474288364392,8518600
2025-07-08,90.13761138916016,90.14717000527043,89.98470998683489,90.03248848521062,5282800
2025-07-09,90.60588073730469,90.61543935333414,90.2714020871512,90.2714020871512,6900800
2025-07-10,90.55810546875,90.57721541040266,90.37652821315379,90.53898823600935,4451900
2025-07-11,90.13761138916016,90.28096146646297,90.08982559969662,90.25229290921996,6004300
2025-07-14,90.09938049316406,90.27139912060257,89.99425759355789,90.1376076649379,5101600
2025-07-15,89.74578857421875,90.21405865162076,89.6980027885077,90.20450003626111,5628100
2025-07-16,89.9942626953125,90.06115842693714,89.76490694275488,89.88913978974693,12786300
2025-07-17,89.9655990600586,90.14717632344093,89.88914470799358,90.04205341212361,4747200
2025-07-18,90.21406555175781,90.29051989830833,90.11850126411358,90.22362416784858,4035000
2025-07-21,90.52942657470703,90.69188657901402,90.48164078939925,90.59632229948562,5232300
2025-07-22,90.78746795654297,90.84480507684087,90.60589068748155,90.62500792163988,6098000
2025-07-23,90.46253204345703,90.6345433742253,90.41474625751879,90.57720626396922,5074000
2025-07-24,90.3287353515625,90.42430692560853,90.13760678564529,90.14716540126739,5867400
2025-07-25,90.53897857666016,90.53897857666016,90.26183706019214,90.30006423050709,3614000
2025-07-28,90.33829498291016,90.4434178826728,90.30006781107942,90.3765221547409,5073200
2025-07-29,90.93080139160156,90.93080139160156,90.45297270041195,90.47208263998115,7864000
2025-07-30,90.61544036865234,90.86391335058804,90.5485446378721,90.61544036865234,7425600
2025-07-31,90.69188690185547,90.9116840164445,90.6536597316906,90.7587826268722,10411800
2025-08-01,91.73599243164062,91.78393431670526,91.41000370599143,91.42918338597914,11870100
2025-08-04,91.86065673828125,91.89900879405943,91.5921996627407,91.82230468250307,8449500
2025-08-05,91.79353332519531,91.90858948106829,91.67848448422829,91.69765685275414,8218700
2025-08-06,91.72642517089844,91.77436706776437,91.3333294132423,91.65931090423,10107500
2025-08-07,91.65928649902344,91.82227720111938,91.59217225022483,91.72640074782203,5725900
2025-08-08,91.4483413696289,91.53463528619346,91.40040680700726,91.53463528619346,5623800
2025-08-11,91.4771499633789,91.60178865732401,91.42920806537337,91.51549470389538,4920200
2025-08-12,91.45795440673828,91.45795440673828,91.2566116368877,91.3620779422721,6724600
2025-08-13,91.78395080566406,91.87982727811284,91.697656860026,91.71683654345932,5925200
2025-08-14,91.48670196533203,91.65928249969893,91.4195877194618,91.63052029645515,5527500
2025-08-15,91.30455780029297,91.50590057956786,91.24702606699607,91.44836884627097,7428500
2025-08-18,91.21826934814453,91.38126008666698,91.13198271536422,91.37167755962882,9669600
2025-08-19,91.4483413696289,91.48669340866832,91.34287509099639,91.35246492948212,6499300
2025-08-20,91.58260345458984,91.66889740281952,91.429202557046,91.44837492614917,6270700
2025-08-21,91.31414031982422,91.50590057262316,91.18950164168419,91.457958680697,5351300
2025-08-22,91.8222885131836,91.92775481927497,91.43878265274813,91.46754486079026,10867700
2025-08-25,91.64014434814453,91.7647830470341,91.59220244823713,91.65931671916334,9936400
2025-08-26,91.87981414794922,91.90857635408297,91.65929170941563,91.71682343658804,5871200
2025-08-27,92.05239868164062,92.05239868164062,91.69764772253384,91.75517213728972,5222800
2025-08-28,92.2633285522461,92.2633285522461,91.9852816976647,92.02363374466611,6544700
2025-08-29,92.18663024902344,92.26333434784448,92.07157410079189,92.15786804069192,6818900
2025-09-02,91.91153717041016,91.98848525836911,91.79610403016159,91.82496048050537,8623200
2025-09-03,92.22895050048828,92.3636188061606,91.92113618196981,91.92113618196981,7586100
2025-09-04,92.642578125,92.642578125,92.34438506333879,92.45981818666202,6395300
2025-09-05,93.09468078613281,93.32553969085268,93.09468078613281,93.21973516946328,9566300
2025-09-08,93.38323974609375,93.39285366667885,93.22932895028417,93.32551952822982,7599600
2025-09-09,93.16202545166016,93.44098335665778,93.0754561046987,93.33517148445615,8223100
2025-09-10,93.412109375,93.52754248815587,93.2678198182731,93.35439648785793,8864500
2025-09-11,93.55641174316406,93.74879295256312,93.52755529564148,93.53716921890053,8554300
2025-09-12,93.28707122802734,93.34478412066814,93.15239558041146,93.33516285893721,36502700
2025-09-15,93.44097900390625,93.5179344235359,93.40250129409142,93.45060026607814,4990100
2025-09-16,93.49868774414062,93.58526442209474,93.41211840505893,93.45059611316383,5847700
2025-09-17,93.29667663574219,93.80649337786494,93.18125086099545,93.59487701120533,10701700
2025-09-18,92.98886108398438,93.1235293786202,92.83495760677413,92.96962590140996,7589200
2025-09-19,92.95038604736328,93.01772019661348,92.82533900986199,92.94077212523601,5528800
2025-09-22,92.79647827148438,92.97924552765085,92.78685701093049,92.95038174598916,5282700
2025-09-23,93.05620574951172,93.06582701132226,92.81572557635585,92.93115870146475,7077500
2025-09-24,92.80610656738281,92.95038879227128,92.76762886112186,92.9407748698601,5419700
2025-09-25,92.60408782958984,92.65218679248787,92.44056309793073,92.59447390810733,6517500
2025-09-26,92.55601501464844,92.75801748990231,92.46943833161228,92.58487146270286,7295300
2025-09-29,92.8253402709961,92.87343923777337,92.66181552614847,92.67142944840637,6357500
2025-09-30,92.78685760498047,93.07543671247284,92.74837990139005,92.90229071575173,9257800
2025-10-01,93.0994873046875,93.2345673304705,92.95475660240307,93.167027317579,8347000
2025-10-02,93.19595336914062,93.25385005527465,93.00298404551474,93.06087337034093,9420600
2025-10-03,93.01264190673828,93.24420658524282,92.99334055609967,93.205611245274,5154300
2025-10-06,92.74248504638672,92.95474838148077,92.73283437073879,92.7907237020091,6319600
2025-10-07,92.97406005859375,93.09948941071266,92.80038468418553,92.85827402188512,5119900
2025-10-08,92.99333953857422,93.16701488587938,92.93545020990861,93.14772089676029,5141900
2025-10-09,92.92579650878906,92.97404252197828,92.84861319351764,92.90650252029823,7130600
2025-10-10,93.50471496582031,93.61084293965146,93.17665828594345,93.2538489590095,10417700
2025-10-13,93.5529556274414,93.58190029013672,93.37928028996161,93.49506630205077,5607600
2025-10-14,93.7941665649414,93.82311122627888,93.57225258714908,93.64943589694649,7650600
2025-10-15,93.68804931640625,93.90997069834198,93.61085863040174,93.79418466933521,7769300
2025-10-16,94.12223815917969,94.16082613954258,93.59156141283087,93.61085540301231,11627200
2025-10-17,93.96785736083984,94.05469872045342,93.85207133512469,94.0353973688465,12491000
2025-10-20,94.0932846069336,94.10293528252227,93.94856127964654,94.0257446004301,10437800
2025-10-21,94.2669677734375,94.33450778553843,94.19942776133657,94.25732445835824,7642000
2025-10-22,94.28626251220703,94.33450116814714,94.13188114605776,94.21872250484391,6523500
2025-10-23,93.97749328613281,94.15116861679145,93.9581919375554,94.09327193236683,6138300
2025-10-24,94.06432342529297,94.11256943345651,93.90994944952283,94.09326808566817,7555200
2025-10-27,94.06432342529297,94.06432342529297,93.79416344671473,93.91959276210969,7272300
2025-10-28,94.15118408203125,94.19942273878321,94.0064533891577,94.0064533891577,5539600
2025-10-29,93.54331970214844,94.10294114018876,93.49508104381955,94.10294114018876,11223300
2025-10-30,93.40823364257812,93.55296433082714,93.25385964007215,93.27315362989468,8958800
2025-10-31,93.44682312011719,93.54330778579296,93.38893379297335,93.46612447003722,9739900
2025-11-03,93.4023208618164,93.46039248066303,93.27649655948584,93.32488711369513,8012500
2025-11-04,93.51846313476562,93.56685368465467,93.45071045733057,93.47006520038859,6119000
2025-11-05,93.07322692871094,93.37327343473775,93.04418373841256,93.35391130787218,11749200
2025-11-06,93.5474853515625,93.61523801915484,93.41198001637781,93.42165369425749,7665000
2025-11-07,93.58621215820312,93.75075331347989,93.4507068086237,93.46038048753101,11460300
2025-11-10,93.46036529541016,93.54748008282927,93.41197475527645,93.47004635723151,9097300
2025-11-11,93.7507553100586,93.77979111637431,93.62493102119456,93.70235737654049,4937700
2025-11-12,93.77011108398438,93.8378637609621,93.67332260037165,93.70235840700667,7188200
2025-11-13,93.49909973144531,93.69268408182407,93.49909973144531,93.54749766516198,46965300
2025-11-14,93.34424591064453,93.8185146781011,93.3248837820611,93.7701167411309,11288500
2025-11-17,93.45071411132812,93.51846679141237,93.39263511090714,93.44103304717657,6648500
2025-11-18,93.6055679321289,93.81850702223984,93.47006258105608,93.73139221970001,8769000
2025-11-19,93.53781127929688,93.75075036035349,93.49909441142408,93.70235242939063,13075900
2025-11-20,93.76043701171875,93.83786336759158,93.59588846733014,93.63460533751052,9076400
2025-11-21,94.07015991210938,94.10887678036501,93.88625663401703,94.07015991210938,12551100
2025-11-24,94.21534729003906,94.23470941812718,94.06048718777512,94.16695673879516,6903900
2025-11-25,94.45731353759766,94.563783078854,94.30245344953502,94.31213451269129,9193400
2025-11-26,94.53475952148438,94.53475952148438,94.20567717641175,94.35086360461553,7747100
2025-11-28,94.37020111083984,94.51538751252319,94.26373157523788,94.49602538723893,7798000
2025-12-01,93.86347198486328,94.009081122779,93.85376224021387,93.9411277229633,9898100
2025-12-02,93.94112396240234,93.98966527734116,93.77609534179406,93.83434640099361,7317200
2025-12-03,94.13528442382812,94.1935280782765,93.97995813681241,94.0964528520742,6855100
2025-12-04,93.84405517578125,93.99938146914765,93.79552126387824,93.98967172422093,8928900
2025-12-05,93.64990234375,93.87317462685319,93.60136102671099,93.86347228853748,9118700
2025-12-08,93.45573425292969,93.60135078174342,93.28099589962608,93.59164844448966,14728300
2025-12-09,93.31983184814453,93.5916528376594,93.30041976636151,93.5916528376594,8509200
2025-12-10,93.62078094482422,93.64990277263495,93.27130419836516,93.28100653672529,13356900
2025-12-11,93.63048553466797,93.90230654895647,93.60136370615696,93.85376523052791,8672800
2025-12-12,93.3780746459961,93.45573037262339,93.35865515956627,93.3780746459961,8348700
2025-12-15,93.45573425292969,93.68872366157738,93.43632217205787,93.59164844448966,6117000
2025-12-16,93.71786499023438,93.73727707514615,93.41692953272374,93.4266318719967,7456400
2025-12-17,93.69842529296875,93.74696660432909,93.58193799588676,93.60135007661233,5673200
2025-12-18,93.94112396240234,93.99937502160188,93.81492691247216,93.94112396240234,7357600
2025-12-19,93.72978973388672,93.87587880072455,93.69083215403673,93.78822981886101,5806600
2025-12-22,93.63239288330078,93.68109171227181,93.57396023285399,93.65187538704842,4672800
2025-12-23,93.59342956542969,93.62264588886103,93.3791666197364,93.42786544572037,5093900
2025-12-24,93.83690643310547,93.85638893515952,93.6616010666062,93.71029989134388,3967700
2025-12-26,93.92457580566406,93.99274971147545,93.81744432076067,93.97326720673021,3491500
2025-12-29,94.0609130859375,94.08038815810379,93.93429911046496,94.03169676248926,5034600
2025-12-30,93.96353149414062,94.04143922035861,93.88561633752433,93.92457391583248,4108600
2025-12-31,93.65188598632812,93.95379795500354,93.64214473335181,93.82718395750824,6802100
2026-01-02,93.57395935058594,93.7784810556194,93.56421809880396,93.7784810556194,6611800
2026-01-05,93.85640716552734,93.8661409880476,93.66161925913904,93.72005934625497,8693200
2026-01-06,93.78822326660156,93.80769833996668,93.59343538095992,93.73952443759163,12834100
2026-01-07,93.96353149414062,94.0317053985803,93.82717625486296,94.00248164205047,7990900
2026-01-08,93.68109130859375,93.79795660898372,93.6713500567619,93.72004888552308,6931700
2026-01-09,93.78822326660156,93.86613099046014,93.5642190557132,93.65187546185145,10277300
2026-01-12,93.67134094238281,93.78821366179892,93.61290829787342,93.64212462012811,6360600
2026-01-13,93.78822326660156,93.85639716897661,93.6908256085817,93.8271734133318,7622500
2026-01-14,93.98300170898438,94.08039193452032,93.85639515882744,93.86612898010249,7331200
2026-01-15,93.78822326660156,94.00247879521024,93.76874076283835,93.99274497372672,6172500
2026-01-16,93.42787170410156,93.7492661441705,93.40839663064199,93.72004981878209,11979300
2026-01-20,93.05778503417969,93.22334916350104,93.03830253049597,93.10647643259288,13607700
2026-01-21,93.30126953125,93.34021967999793,93.06752405637165,93.16492171943686,11969000
2026-01-22,93.2915267944336,93.3597006992554,93.15517898478998,93.20387038514936,10209500
2026-01-23,93.44734191894531,93.46682442179005,93.25256147288428,93.33047662346779,8147500
2026-01-26,93.58368682861328,93.65186815606758,93.53499543379985,93.59342807973496,6803800
2026-01-27,93.4765625,93.6421266165713,93.44733874672494,93.52525389466348,9857200
2026-01-28,93.39865112304688,93.44734251967628,93.23308699979088,93.41812619561908,17032400
2026-01-29,93.49604797363281,93.58369695201691,93.28178500816284,93.30126751251373,11049100
2026-01-30,93.4376220703125,93.55448738326572,93.4084057420742,93.48631347391007,8238500
2026-02-02,93.25391387939453,93.5079531158717,93.25391387939453,93.47864146971206,8987100
2026-02-03,93.34185028076172,93.38093496113393,93.1855190139134,93.20505762677925,7313800
2026-02-04,93.32231903076172,93.42002701208087,93.22461104944259,93.26368827825733,7268600
2026-02-05,93.86949157714844,93.89880322666939,93.51773687361444,93.60567927681858,12086800
2026-02-06,93.86949157714844,93.92811487619034,93.72292587490239,93.91834929611088,7759900
2026-02-09,93.88902282714844,93.92810750832427,93.73269155708579,93.81086091943746,8165100
2026-02-10,94.2994155883789,94.33850027259541,94.20170760515829,94.2212462199459,9752300
2026-02-11,94.03559112548828,94.24078011637074,93.95742921560989,93.97696782941925,9106600
2026-02-12,94.61206817626953,94.63160678745737,94.18214418373789,94.19191721665176,13099900
2026-02-13,94.98338317871094,95.03224089982963,94.86612912081105,94.89544822626723,11681500
2026-02-17,94.97359466552734,95.08107567075878,94.92474440701149,95.0224523786836,8623800
2026-02-18,94.77818298339844,94.86611792546476,94.748871336043,94.80749463075388,7778800
2026-02-19,94.86611938476562,94.91497710087008,94.71956114573395,94.73909975939122,4993000
2026-02-20,94.86611938476562,94.91497710087008,94.6707034296295,94.90520406672103,11200200
2026-02-23,95.2081069946289,95.29604193666843,94.9442872592289,94.9442872592289,9862900
2026-02-24,95.18856048583984,95.24719123490208,95.10062554420753,95.20810655374082,9493300
2026-02-25,95.11039733886719,95.18856670629798,95.04200100602554,95.04200100602554,8762700
2026-02-26,95.36444091796875,95.36444091796875,95.18856357435686,95.18856357435686,8177300
2026-02-27,95.74549865722656,95.80412940292722,95.58916739618543,95.63801765385567,9970300
2026-03-02,95.1702880859375,95.43486446131008,95.0036952075734,95.42506312111642,17709600
2026-03-03,95.06249237060547,95.19968122347916,94.69991755873541,94.72931410203238,13708500
2026-03-04,94.86650848388672,95.0428952301804,94.84691327929062,95.02330002558432,12535500
2026-03-05,94.5725326538086,94.64112708213713,94.45493900114599,94.51373208936131,12599700
2026-03-06,94.51373291015625,94.79791196605152,94.23935519445932,94.28835441921893,12758200
2026-03-09,94.8077163696289,94.85671559597175,94.31775401112954,94.42554632809798,12134400
2026-03-10,94.50394439697266,94.82731387950624,94.47454785094529,94.75871944669821,10571300
2026-03-11,94.0727767944336,94.37655107710452,94.05318158881043,94.32755932493032,12197600
2026-03-12,93.76899719238281,94.05317625330952,93.67099874112851,93.92578125717179,11401400
2026-03-13,93.6709976196289,94.0041759021937,93.631807211075,93.91597879236721,11839700
2026-03-16,94.09236145019531,94.13155933327927,93.94537873392014,94.0531710433431,9092100
2026-03-17,94.25895690917969,94.34714654136505,94.20015634482417,94.23935422898386,7209700
2026-03-18,93.8277816772461,94.19035647543178,93.8081864745316,94.12176205158384,13048700
2026-03-19,93.8179931640625,93.95518203051411,93.56321811278522,93.5730119773657,18464600
2026-03-20,92.97525024414062,93.42601469638538,92.94585370015996,93.39661815240471,20761500
2026-03-23,93.26924133300781,93.51422252925167,92.985062248217,93.09285457266293,28336300
2026-03-24,92.9556655883789,93.17125023700986,92.72048573361458,92.88707115256294,19785600
2026-03-25,93.44562530517578,93.48482319255316,93.23004066271643,93.3770308713235,15939200
2026-03-26,92.69107818603516,93.22023844631127,92.69107818603516,93.10265226151603,12897300
2026-03-27,92.70088195800781,92.87726871605908,92.46570210601702,92.4755034470845,11401900
2026-03-30,93.357421875,93.47501552917835,93.22023301657462,93.28882744578732,15430000
2026-03-31,93.5240249633789,93.75920482117616,93.43582784405939,93.62201594777503,18649700
2026-04-01,93.44241333007812,93.68821092169729,93.42274532210615,93.48174184487486,13557600
2026-04-02,93.6587142944336,93.78652633877434,93.41291670836884,93.43257721474933,13171300
2026-04-06,93.41291809082031,93.58005865154263,93.31460055516878,93.40308408691101,6104900
2026-04-07,93.64888763427734,93.68821615126934,93.16712642813363,93.47191305838713,6737500
2026-04-08,93.8553466796875,94.12081226569063,93.76686315178434,94.11097826220801,12107400
2026-04-09,93.82585144042969,94.04215450848369,93.62921637918791,93.76686242228651,11065900
2026-04-10,93.66854095458984,93.85534952068029,93.6587144519566,93.82585501048645,4404800
2026-04-13,93.8750228881836,93.88484939137791,93.570228762768,93.66854630274344,4300200
2026-04-14,94.1798095703125,94.18964357466032,93.80619991771728,93.83569442961328,5239800
2026-04-15,93.97334289550781,94.09132094611697,93.89468586100325,94.08149444266465,5592900
2026-04-16,93.80619812011719,94.0913167304132,93.77669610763904,94.0618222190824,6618900
2026-04-17,94.31745147705078,94.43543702059145,94.22896044410848,94.27812296253721,6912900
2026-04-20,94.22895812988281,94.30761515697814,94.10114608671311,94.29778865445145,3868800
2026-04-21,93.8160171508789,94.14047175197031,93.80619064864952,94.08148273400705,4872900
2026-04-22,93.9143295288086,94.10113807697242,93.89466902428171,94.07164356960894,4121400
2026-04-23,93.7668685913086,94.02249268751133,93.58989402408895,93.95366966143409,6795600
2026-04-24,93.95366668701172,93.98316119709004,93.60955156751967,93.68820859515986,5490000
2026-04-27,93.73736572265625,93.9241742922221,93.67837670117112,93.8160227520679,4055500
2026-04-28,93.64888763427734,93.66854814219953,93.51124157537915,93.58989860936315,4867700
2026-04-29,93.2064437866211,93.43257335581877,93.10811875533857,93.43257335581877,7200300
2026-04-30,93.3834228515625,93.49156688913233,93.27527131284559,93.44241187226369,10382400
2026-05-01,93.45443725585938,93.7503694598835,93.33607039494457,93.40512023910107,5359200
2026-05-04,93.10919189453125,93.31634143558723,92.94150048403863,93.30647502147917,6593900
2026-05-05,93.2472915649414,93.35579954249594,93.1881081320458,93.21769984849361,11281600
2026-05-06,93.71092224121094,93.74051395988484,93.57282253681976,93.64187238901535,9031100
2026-05-07,93.42485046386719,93.8884740958647,93.4051251612981,93.8884740958647,5610100
2026-05-08,93.67146301269531,93.79969630073968,93.63200487963488,93.75037927881617,3215100
2026-05-11,93.35580444335938,93.59254571323879,93.35580444335938,93.57282040986104,4025400
2026-05-12,93.04014587402344,93.14865385606812,93.02042057086496,93.13878744155429,5686700
2026-05-13,93.04014587402344,93.09932930936812,92.8329963244479,93.02042057086496,3459200
2026-05-14,92.98095703125,93.27688171663264,92.97109061730995,93.2571564146213,5167300
2026-05-15,92.24114227294922,92.47788354758761,92.22140944330552,92.44829182899149,12498700
2026-05-18,92.2016830444336,92.47788244920947,92.07344223088097,92.34964916152619,8422900
2026-05-19,91.84657287597656,92.00439789135926,91.68874033472409,91.86629818069824,10069800
2026-05-20,92.46800994873047,92.53705979537992,91.88601945923772,91.90574476147948,14892500
2026-05-21,92.52720642089844,92.56665702773284,92.04384993968011,92.2016824704949,7762000
2026-05-22,92.60611724853516,92.71462523444966,92.35950955797847,92.68503351572197,6321900
2026-05-26,93.00068664550781,93.06973649455233,92.85272053302123,93.0598700801548,5494400
2026-05-27,93.04014587402344,93.19797840276814,93.0105541563511,93.06973759169577,5958800
2026-05-28,93.25716400146484,93.38539728964274,93.01055631398239,93.06973975069998,5938300
2026-05-29,93.36566925048828,93.45444440296362,93.24729485465201,93.35580283603464,9639700
2026-06-01,93.20433807373047,93.23402923250451,92.84802906612319,92.94700966358252,8054100
2026-06-02,93.27362060546875,93.36270163356552,93.19444669857761,93.36270163356552,15426600
2026-06-03,93.03607940673828,93.13505244906682,92.94700593399033,93.0261798371577,7056500
2026-06-04,93.15486145019531,93.31321682445368,93.12516273830947,93.23403536174455,4417900
2026-06-05,92.65998077392578,92.82823570453836,92.63028206455951,92.74905424854683,9880800
2026-06-08,92.56099700927734,92.89751441014016,92.56099700927734,92.83813209575925,5352200
2026-06-09,92.8183364868164,92.88761837328198,92.65008155556563,92.74905460035083,8007300
2026-06-10,92.72926330566406,92.93710896571933,92.64018227926363,92.85792750917656,5804900
2026-06-11,93.37259674072266,93.41218747105741,92.78865045839449,92.84803277831675,11281600
2026-06-12,93.21424102783203,93.30331450738794,93.05587810707529,93.19444943831728,8861800
2026-06-15,93.31321716308594,93.50127124991259,93.29342557291679,93.4220897869161,3787600
2026-06-16,93.55075073242188,93.64973133328922,93.38249579280284,93.41218695259917,4675000
2026-06-17,93.05587005615234,93.61013267968809,93.04597803783064,93.56064238344345,11508300
2026-06-18,93.39238739013672,93.6299241993884,93.36269623287514,93.46166927413343,6836500
2026-06-22,93.03607940673828,93.16474360664947,93.00638824915563,93.1449520186474,4572200
2026-06-23,93.15486145019531,93.29342523435633,93.12516273830947,93.19445218154988,6504600
2026-06-24,93.75859832763672,93.80808107394168,93.59033584695406,93.60023541667873,5179800
2026-06-25,93.81798553466797,94.04562279208845,93.80808596442719,93.88726742403415,5630500
2026-06-26,94.0555191040039,94.10500940233368,93.8575730130035,93.8575730130035,5584100
2026-06-29,94.085205078125,94.09510464747733,93.9565408811805,94.0060311767832,5901500
2026-06-30,93.6002426147461,93.92686048034517,93.58045102493394,93.90706133937323,8034000
2026-07-01,93.37284088134766,93.54165096520512,93.34305175785212,93.38277311453754,7890500
2026-07-02,93.46221160888672,93.60123256297304,93.37283666636048,93.43241491066212,7605500
2026-07-06,93.52178955078125,93.53172178349067,93.37283636443505,93.48206819601735,4600500
2026-07-07,93.04513549804688,93.3628987417394,93.03521084198418,93.3430418535407,5813600
2026-07-08,92.85647583007812,92.9359109651793,92.70752264064329,92.87633271983493,5509600
2026-07-09,93.0550765991211,93.19409755798186,92.93591253035156,92.93591253035156,3223100
2026-07-10,92.97563171386719,93.12458490232973,92.93591035853892,93.08486354700146,6507600
2026-07-13,92.63800811767578,92.86639643224004,92.60821899630423,92.8465395433502,5769700
2026-07-14,92.89619445800781,93.13451500846152,92.80681951654161,92.94584046897907,5315900
2026-07-15,93.12458801269531,93.21396295918751,92.98556705244,92.98556705244,6735500
2026-07-16,93.06500244140625,93.0947915625345,92.88626013856324,92.92598149209208,4841200
2026-07-17,93.18416595458984,93.44235098396484,93.16430906436443,93.30333002416464,7561300
2026-07-20,92.88626861572266,93.10473229203234,92.78696901087486,93.08486782541824,3784800
2026-07-21,92.65786743164062,92.76709926357755,92.6082214200799,92.74724237416801,2786200
2026-07-22,92.44933319091797,92.63800772690668,92.4294763021119,92.62807549446686,3428200
2026-07-23,92.20108032226562,92.2507339083426,92.11171295861536,92.15143431226223,5002200
2026-07-24,92.37982940673828,92.56850395639204,92.29046203652804,92.3401080501757,5092700
2026-07-27,92.62808227539062,92.6975927554108,92.48906131535028,92.55857179537045,4046300
2026-07-28,92.90612030029297,93.00542747565034,92.71745333447633,92.71745333447633,3320700
2026-07-29,92.51884460449219,92.87632921521681,92.50891994802525,92.75717272902436,5391000
2026-07-30,92.55856323242188,92.66779505893014,92.4691958704097,92.5883523530926,3973000
2026-07-31,92.30037689208984,92.33017358840321,92.08192081830498,92.33017358840321,8490100
2026-08-03,92.48770904541016,92.53753308890902,92.35817717522751,92.46778398925963,5758500
2026-08-04,92.91617584228516,92.93610089969441,92.76671130442804,92.81653535107448,5461600
2026-08-05,92.9759521484375,92.99588480654226,92.79659623590285,92.87631166415862,5609200
2026-08-06,92.61724090576172,92.85638719203281,92.56742446434986,92.82649580676936,4831900
2026-08-07,92.83645629882812,92.98592083006879,92.72684948272376,92.95602944423702,55016600
2026-08-10,92.42793273925781,92.6471463826538,92.42793273925781,92.6272137230275,8610100
2026-08-11,92.53753662109375,92.71689254162133,92.53753662109375,92.61724445082001,5052200
2026-08-12,92.62721252441406,92.82650110768715,92.59732113744364,92.81653477800296,4810300
2026-08-13,92.96599578857422,93.17524309151223,92.94606312996191,92.9759545157985,7637900
2026-08-14,92.70692443847656,92.99588717169162,92.66706672333498,92.95602945655004,4659900
2026-08-17,92.50763702392578,92.70692560213514,92.49767829657678,92.6272101708514,4755400
2026-08-18,92.59732055664062,92.67703598944985,92.38807324707795,92.46778867988719,6312600
2026-08-19,93.04570770263672,93.05567403238052,92.78664394595555,93.01581631548753,7762300
2026-08-20,92.66706848144531,92.83645807244936,92.58735304964978,92.66706848144531,4956800
2026-08-21,92.48770904541016,92.63717357382504,92.4378850019113,92.6172409155928,4508700
2026-08-24,92.67703247070312,92.80656434253851,92.6072833701638,92.61724209732527,5809600
2026-08-25,93.17524719238281,93.205138579535,92.92614216333833,92.97595860789792,7753500
2026-08-26,92.98592376708984,93.02578148348508,92.89624960676214,93.00584882424641,5671200
2026-08-27,92.89624786376953,93.03574606749442,92.82649876190709,92.97595569298235,10555700
2026-08-28,92.5176010131836,93.06563508679476,92.48770962772875,92.84642145735029,8008400
2026-08-31,92.40799713134766,92.41796346084283,92.28843158573349,92.41796346084283,8136100
2026-09-01,92.0999984741211,92.37000274658203,92.06999969482422,92.19000244140625,8030400
2026-09-02,92.18000030517578,92.19999694824219,92.04000091552734,92.16999816894531,6075800
2026-09-03,92.27999877929688,92.48999786376953,92.2699966430664,92.4800033569336,7194800
2026-09-04,92.25,92.4000015258789,92.22000122070312,92.26000213623047,3011600
2026-09-08,92.16000366210938,92.29000091552734,92.04000091552734,92.29000091552734,3481200
2026-09-09,91.9000015258789,92.16000366210938,91.77999877929688,92.08999633789062,5440600
2026-09-10,91.18000030517578,91.4800033569336,91.11000061035156,91.37000274658203,9840800
2026-09-11,91.01000213623047,91.41999816894531,90.9800033569336,91.33000183105469,8728500
2026-09-14,90.93000030517578,91.25,90.75,90.94000244140625,8884700
2026-09-15,90.81999969482422,90.91999816894531,90.75,90.83999633789062,9403700
2026-09-16,90.7300033569336,91.27999877929688,90.69999694824219,91.0,13144400
2026-09-17,91.25,91.26000213623047,91.08999633789062,91.16999816894531,8137600
2026-09-18,90.80000305175781,90.94000244140625,90.79000091552734,90.94000244140625,6721300
2026-09-21,91.1500015258789,91.16999816894531,91.01000213623047,91.12000274658203,8832400
2026-09-22,91.16000366210938,91.25,90.97000122070312,91.18000030517578,8941200
2026-09-23,90.19000244140625,90.97000122070312,89.98999786376953,90.95999908447266,14504900
2026-09-24,89.69000244140625,90.33999633789062,89.69000244140625,90.27999877929688,11008900
2026-09-25,90.0,90.0199966430664,89.54000091552734,89.79000091552734,17320200
