Price,Close,High,Low,Open,Volume
Ticker,IWM,IWM,IWM,IWM,IWM
Date,,,,,
2012-01-03,61.506534576416016,62.24490958067054,61.34244776476398,62.08902867441907,60504700
2012-01-04,61.17018127441406,61.416308442598066,60.76817940836916,61.18659309057241,34648500
2012-01-05,61.51475143432617,61.810095229341165,60.19388209689193,60.73535302357122,57274600
2012-01-06,61.35886764526367,61.84290971993498,60.93224813813276,61.54755967938979,45499800
2012-01-09,61.670631408691406,61.77728942923892,61.047120137633904,61.6460199452646,52042400
2012-01-10,62.573081970214844,62.70435144321035,62.318755190377274,62.48284203162166,42977600
2012-01-11,62.819217681884766,62.901257984074995,62.24492930727931,62.31055779346719,33445800
2012-01-12,63.00791549682617,63.10636135494269,62.30235763704676,62.99970958889187,36131400
2012-01-13,62.671546936035156,62.7453875945665,62.02341786347894,62.49926041182769,42600400
2012-01-17,62.64691925048828,63.393493995434305,62.45822095800546,63.254024882318504,34518400
2012-01-18,63.762664794921875,63.77087069880349,62.47461329341804,62.61408236305211,49330800
2012-01-19,64.15648651123047,64.28775598936947,63.71346767069439,64.09905767936296,35830500
2012-01-20,64.19750213623047,64.41081188314523,63.9103580111178,64.07443857996148,42221200
2012-01-23,64.115478515625,64.68156100675304,63.62323042188466,64.20572472972604,37481400
2012-01-24,64.4846420288086,64.60770557700015,63.39348816572729,63.72986144683274,49856900
2012-01-25,65.0343246459961,65.28045176456604,64.14828078954409,64.48464784169887,68272900
2012-01-26,64.96051025390625,65.5594164217605,64.60773128035366,65.51839313628537,52755700
2012-01-27,65.40352630615234,65.4527492344226,64.62412780598909,64.64874552939791,52203500
2012-01-30,64.89485931396484,65.16559790831072,64.41901686195202,64.87845375943161,46332400
2012-01-31,64.82923889160156,65.48557388476394,64.4682602787092,65.35431064169609,52024000
2012-02-01,66.22392272949219,66.37159773099093,65.19840362443755,65.43632480792284,67292200
2012-02-02,66.601318359375,66.8884624800033,66.2403336024295,66.48646071112368,46400100
2012-02-03,68.05345153808594,68.27496719025,67.47095738419955,67.65965567088476,72738000
2012-02-06,67.83197784423828,68.03708179197011,67.57765095201907,67.74173160649423,34516000
2012-02-07,67.7908935546875,68.08624347441602,67.33966903124178,67.77448800771151,41623400
2012-02-08,67.93858337402344,68.26675071875053,67.21662022304102,67.9303837283771,46697400
2012-02-09,67.60221099853516,68.11907030029965,67.14277424880684,68.1108643960355,48712500
2012-02-10,66.6751708984375,67.00333837966365,66.5192961957925,66.86386923440661,42503000
2012-02-13,67.53660583496094,67.62685204354281,66.95411156274305,67.36431932565202,38574100
2012-02-14,67.23304748535156,67.37252287690998,66.74900534650149,67.20023637362742,49375200
2012-02-15,66.6751708984375,67.6268559680659,66.45366144769245,67.61865005973486,59836600
2012-02-16,67.93041229248047,68.01245259834155,66.68337711000518,66.71619448420444,61456800
2012-02-17,67.92218780517578,68.34880103452524,67.79091834428523,68.33239548155012,33292000
2012-02-21,67.46276092529297,68.12729539464335,67.1345935142692,68.0288432935544,39889400
2012-02-22,66.92950439453125,67.5694275442609,66.86386964602715,67.24946596939607,42626900
2012-02-23,67.93041229248047,67.97142931577395,66.6669715525426,67.03615605855454,53177500
2012-02-24,67.79910278320312,68.11906416872405,67.65963371962127,67.95498365383604,37607700
2012-02-27,67.6843032836914,68.05348788880123,66.65878353696881,67.1428258529695,51807700
2012-02-28,67.50376892089844,68.14369184429896,67.14278419107376,67.72528455393518,47680600
2012-02-29,66.49466705322266,68.0616571270817,66.42903232257086,67.72529008621797,64213200
2012-03-01,66.8392333984375,67.57760839715891,66.74898721752312,66.76539276892946,69526300
2012-03-02,65.83832550048828,66.97870222648397,65.50195223491384,66.79820986537298,70789500
2012-03-05,65.91216278076172,65.96139195550228,65.15738220030845,65.62501867507537,44334800
2012-03-06,64.5995101928711,65.3214797882396,64.328777853881,65.15739294416808,80769300
2012-03-07,65.20663452148438,65.27226301231454,64.63233984698194,64.73899788072022,57456300
2012-03-08,66.0516357421875,66.19931074250405,65.09995101586489,65.63322219807864,43803100
2012-03-09,66.94589233398438,67.39712328710772,66.0106193213946,66.0598422401817,61462900
2012-03-12,66.81465911865234,67.21666107414325,66.49469748438557,67.06078008232471,34084200
2012-03-13,68.1436996459961,68.16831110597971,66.78181336629729,67.32328426375479,60998100
2012-03-14,67.5857925415039,68.28315037212505,67.2822429655713,68.06163479368033,46707700
2012-03-15,68.15193176269531,68.19295505129341,67.29869868591013,67.4791911409017,58740500
2012-03-16,68.09449768066406,68.3160071479541,67.80735346037159,68.27499012178349,42045800
2012-03-19,68.66875457763672,69.2348431085144,67.88936258639583,68.00422022175192,66822800
2012-03-20,68.05345153808594,68.34060192120768,67.74990186113347,68.19292690618913,43829100
2012-03-21,68.03704071044922,68.44724835822493,67.79911952362667,68.25855008616843,40504700
2012-03-22,67.3807144165039,67.65145300019836,66.96230707000095,67.34789704945554,60102900
2012-03-23,68.03990936279297,68.13043224052092,66.86311823079251,67.4803162452306,46464800
2012-03-26,69.45533752441406,69.50471134677699,68.81345271984941,68.91220036457526,56454000
2012-03-27,68.96979522705078,69.66929109399946,68.92042141186315,69.47178327632747,41730700
2012-03-28,68.56655883789062,69.14260759105659,67.98227902297643,68.96156818181909,48836000
2012-03-29,68.36903381347656,68.48424352452356,67.49672364324566,68.08100953585907,45615600
2012-03-30,68.1468505859375,68.79696622342563,67.91643112524994,68.78873516312696,45904700
2012-04-02,68.98623657226562,69.01092347242368,67.79298407746896,67.92465591625708,52756800
2012-04-03,68.52540588378906,69.12614778780076,68.2456125849755,68.8463544889872,52012300
2012-04-04,67.43091583251953,67.83414995169818,67.02767543488046,67.78477613911397,65172400
2012-04-05,67.13469696044922,67.48032639368311,67.00302501723793,67.15115281411872,31978700
2012-04-09,66.0319595336914,66.30352817943394,65.71101705361866,65.9085186694027,50062200
2012-04-10,64.47657012939453,65.96607783470024,64.30375556703584,65.76857009618327,101228600
2012-04-11,65.39004516601562,65.48056800721943,64.88805714787102,65.01972901815304,54346800
2012-04-12,66.32816314697266,66.5832757409499,65.37356751962342,65.45585927187552,60728700
2012-04-13,65.45587921142578,66.17183085887875,65.36535637283541,66.1471376750685,53965200
2012-04-16,65.56287384033203,65.99902601682493,64.91275796799785,65.74391956154682,44725900
2012-04-17,66.50923919677734,67.109981192126,66.05662493463375,66.10600503134286,46737700
2012-04-18,66.0072250366211,66.38577214336584,65.69451384716899,66.1718148298527,49008100
2012-04-19,65.62867736816406,66.64910896363169,65.2172123062947,66.0977472875568,74260400
2012-04-20,66.0072250366211,66.63265369398394,65.88378426131204,66.0648298946375,46632000
2012-04-23,65.09378051757812,65.1431606011707,64.44366487666763,64.99503290731187,62477000
2012-04-24,65.58753967285156,65.77681639650775,64.89628126324047,65.11846967248412,44810200
2012-04-25,66.60797882080078,66.96183909206555,66.27057439260099,66.45162005861457,50263300
2012-04-26,67.26634216308594,67.37332715401672,66.5092475553172,66.61622626778608,43147600
2012-04-27,67.7929916381836,67.91643243119967,66.68203705795806,67.46382456142014,46796400
2012-04-30,67.04413604736328,67.77654355034116,67.01121808022873,67.76831248894246,38093600
2012-05-01,67.1099853515625,68.27854516457298,66.89602166179137,67.11821013613952,60493600
2012-05-02,67.2909927368164,67.33214175394724,66.30347911026162,66.58327861414254,52095800
2012-05-03,66.34465026855469,67.28279041040426,65.97432782616525,67.20049862713792,61487800
2012-05-04,65.08554077148438,66.28702428269955,64.96210627512406,65.89201505897066,75093300
2012-05-07,65.25836944580078,65.50524474657288,64.69877664087421,64.81398637025974,47361400
2012-05-08,65.21724700927734,65.25839604874368,64.16389689494324,64.75640790387166,62939600
2012-05-09,64.84693145751953,65.22547876648001,64.16389757727124,64.3943171324244,64431000
2012-05-10,65.09378051757812,65.46410289145496,64.70700230147673,65.27482617434553,45697800
2012-05-11,64.9292221069336,65.47235300894988,64.53421267763476,64.55889958975433,44862900
2012-05-14,64.06512451171875,64.56711251198041,63.867622991791904,64.2626260316456,51220200
2012-05-15,63.949920654296875,64.59180536198117,63.75241911619264,64.04867456257935,54317800
2012-05-16,63.48907470703125,64.5095065340224,63.44792568012467,64.17210837153647,52659400
2012-05-17,62.04896545410156,63.65367753405497,62.01604747829971,63.54669882154538,71665100
2012-05-18,61.464664459228516,62.46864040271832,61.300074636589336,62.04071314231622,77636200
2012-05-21,62.91299819946289,62.91299819946289,61.234226465511355,61.6621473180277,61384400
2012-05-22,62.534481048583984,63.39032944140993,62.10655999140144,62.88834138140182,59678300
2012-05-23,62.93771743774414,63.06938303209788,61.46467132255265,61.925510320481436,66981800
2012-05-24,63.069366455078125,63.15165821472738,62.172375601521274,62.896551876277044,54576500
2012-05-25,63.02821350097656,63.275095042969554,62.76487611946463,63.11873631447676,33847700
2012-05-29,63.94169235229492,64.11451326886403,63.16814201197195,63.63721210925433,51160000
2012-05-30,62.71553421020508,63.398568049010734,62.63324241385224,63.28335827842443,47891500
2012-05-31,62.633209228515625,63.0282121531071,61.77736118728971,62.76487477722669,59563900
2012-06-01,60.74872970581055,61.72801901712318,60.658206847867625,61.226030906152964,76127100
2012-06-04,60.60883712768555,61.18488600951728,60.0245571822671,60.970922305496096,50123200
2012-06-05,61.3906135559082,61.44821843931146,60.24674067228532,60.28788970834253,48270600
2012-06-06,62.90481185913086,62.96241674521769,61.744476795645426,61.876148694393436,48638400
2012-06-07,62.493316650390625,63.95813129057631,62.493316650390625,63.90875749143346,57907100
2012-06-08,63.340938568115234,63.41499927253617,62.00778938240585,62.46040350428659,50420100
2012-06-11,61.94194793701172,64.07334023212495,61.79382026291714,64.01573537433588,52803000
2012-06-12,62.72378158569336,62.75669956848766,61.53875931895142,62.08189661736256,56599400
2012-06-13,61.999576568603516,62.98709686738597,61.71978323161482,62.61677440091967,62715800
2012-06-14,62.7072868347168,62.92948153337679,61.85144484112713,62.03248423462419,53619000
2012-06-15,63.54667282104492,63.62896458764843,62.62498871109132,62.83072126682976,57935000
2012-06-18,63.620731353759766,63.85938186367766,62.830719120131114,63.03645166884042,45656600
2012-06-19,64.72344970703125,65.07730987977257,63.809996848988725,63.900519656791715,66897000
2012-06-20,64.62471008300781,65.07732422177166,64.17210222270336,64.73991981315508,54642300
2012-06-21,63.05292510986328,64.62471879942012,62.94594014711139,64.49305320940428,62486400
2012-06-22,63.76887893676758,63.974611549668396,63.07762037108216,63.42324965392487,41001200
2012-06-25,62.773136138916016,63.85940412361107,62.54271660859605,62.871890056965135,48620100
2012-06-26,63.01874923706055,63.33302001629805,62.3736764096809,62.92777678092807,42495600
2012-06-27,64.04425811767578,64.0607956968294,63.151077411903415,63.20896840340839,38510400
2012-06-28,63.936737060546875,63.9863624136426,62.95259027744365,63.498418684341615,58183700
2012-06-29,65.7975082397461,65.938106005713,64.9704907654018,65.2847614438239,71660200
2012-07-02,66.55838012695312,66.58318964574664,65.56595520770705,66.09524597411416,53370400
2012-07-03,67.4267578125,67.48464880404335,66.517039526971,66.62454956565298,32322500
2012-07-05,67.35234832763672,67.68315048182781,67.01326791705023,67.50121182088137,42819900
2012-07-06,66.59972381591797,66.84783161045253,66.28545941119839,66.79820626575963,38530600
2012-07-09,66.34337615966797,66.59974968653667,66.04564921443202,66.50877721384538,34636100
2012-07-10,65.60729217529297,66.95532827237591,65.31783734581406,66.83127439984436,49990800
2012-07-11,65.38402557373047,65.87196935916994,64.96225103657962,65.6569429634011,40171300
2012-07-12,65.16075134277344,65.41712491299398,64.16832592095616,64.8712962941943,55502600
2012-07-13,65.97119903564453,66.23584444678896,65.35093576174562,65.39228917052993,42114800
2012-07-16,65.70658111572266,66.06219912726549,65.42539800920584,65.84717897862801,31922600
2012-07-17,65.93811798095703,66.28546386895007,65.04493743213744,66.14487238709248,43662500
2012-07-18,66.34337615966797,66.74861315915464,65.7892756875633,65.83062279628477,46045000
2012-07-19,66.12004089355469,66.77338541931407,66.00425895832059,66.6162563984348,49405400
2012-07-20,65.27651977539062,65.71483823052735,65.17727536097182,65.60732818047445,42314300
2012-07-23,64.23448181152344,64.53220877435231,63.82924478809096,64.1021622222918,47367200
2012-07-24,63.39092254638672,64.4908578546786,63.035304601211365,64.4660420178699,55609200
2012-07-25,63.531524658203125,63.99465273479344,63.242069610334184,63.68038815562813,37217500
2012-07-26,64.07732391357422,64.65623368703403,63.680352704885124,64.49083269737217,44745100
2012-07-27,65.59904479980469,65.92985314722117,64.00290035994125,64.36679017306383,67297100
2012-07-30,65.3757553100586,66.08699107600832,65.11937551837786,65.76444835036838,34785200
2012-07-31,64.79681396484375,65.72307575200078,64.79681396484375,65.11108462440818,48933500
2012-08-01,63.729976654052734,65.33439287799067,63.71343907766866,65.25996431979667,63601100
2012-08-02,63.49839782714844,63.936716059380174,63.06007959491671,63.076617167420295,43374800
2012-08-03,65.01188659667969,65.3509607014627,64.21795006025847,64.45778604151802,52414100
2012-08-06,65.516357421875,65.85543147144566,64.99533211962995,65.0863045911443,34662800
2012-08-07,66.1117935180664,66.63281237049196,65.86368569711482,66.03735864792333,50064000
2012-08-08,66.0125503540039,66.31854916424255,65.78098641529103,65.83060545654547,28011700
2012-08-09,66.32682800292969,66.48396341104475,65.90505344900824,65.96294444521189,24045900
2012-08-10,66.09526824951172,66.20278461337692,65.74792225005284,65.9712143040919,26068400
2012-08-13,65.98773193359375,66.16967680651324,65.24341486694279,65.99600387590189,31544800
2012-08-14,65.83062744140625,66.50878190681858,65.55771000407482,66.40954379116803,26052900
2012-08-15,66.40953063964844,66.40953063964844,65.59077848979706,65.64866948234408,27061400
2012-08-16,67.10421752929688,67.23654339358622,66.02082633141701,66.31028127249432,46037700
2012-08-17,67.57563018798828,67.69968413186298,66.98017630510628,67.17039319366691,33453500
2012-08-20,67.4267578125,67.53427416082683,66.97190182455793,67.47637685963862,32657000
2012-08-21,67.38543701171875,68.40266573297548,67.1456010075276,67.75759262980831,43743800
2012-08-22,67.06285095214844,67.40193118058136,66.81474946978501,67.2117143654238,37611400
2012-08-23,66.5914535522461,67.03804380788051,66.3268081759046,67.03804380788051,32208500
2012-08-24,66.77337646484375,67.04629369400051,66.25235782616018,66.44256827583327,25676100
2012-08-27,66.97187805175781,67.32749581919009,66.64106979908829,67.17863242097093,23628400
2012-08-28,67.27790069580078,67.4102265801557,66.78169124876075,66.96363618492603,28505600
2012-08-29,67.48464965820312,67.78237656409294,67.10422223615389,67.41848672141762,30858800
2012-08-30,66.81477355957031,67.19520101740369,66.69071961883985,67.1373100196822,24562900
2012-08-31,67.08767700195312,67.42675097241123,66.44259790636659,67.38540387387177,34088500
2012-09-04,67.90641784667969,68.14625371562786,66.61627236785586,67.13729120130922,69560700
2012-09-05,67.9229507446289,68.23722145936362,67.69138683459911,67.98084172213635,35103700
2012-09-06,69.17176818847656,69.41987605198038,68.24550598232669,68.2951313408145,46332500
2012-09-07,69.68453216552734,69.80031417031934,69.22139783671332,69.35372373341619,32012900
2012-09-10,69.3702621459961,69.84166211676187,69.2958335604444,69.61837005046065,30671300
2012-09-11,69.51913452148438,69.9326435420683,69.32892390541804,69.3785429688011,33164100
2012-09-12,69.87471771240234,70.00704356168062,69.3867803398872,69.87471771240234,29751700
2012-09-13,70.79271697998047,71.2475792588973,69.62662525257169,69.99878071012576,69437600
2012-09-14,71.45431518554688,71.91744297892903,70.98291545024206,71.0077249663671,46040200
2012-09-17,71.12349700927734,71.30544184837869,70.76787927184527,71.10695943737817,30183000
2012-09-18,70.8919677734375,71.04083123181375,70.59424085668499,70.90850535341478,32991100
2012-09-19,70.76791381835938,71.14834125417313,70.63559424964576,71.07391267983019,29342000
2012-09-20,70.45365905761719,70.62733206472885,69.97398714674917,70.4123056375042,34939800
2012-09-21,70.71001434326172,71.1896861303143,70.68520482145631,71.15660466469228,38826000
2012-09-24,70.47920989990234,70.92754113026199,70.23843907243656,70.47920989990234,54635300
2012-09-25,69.4662857055664,70.99393293979627,69.3915670315234,70.92751211782144,74752200
2012-09-26,69.02629089355469,69.68218256304819,68.77721586262358,69.6157617102344,42167400
2012-09-27,69.77349853515625,70.03087138100122,68.96816324226569,69.31686316261826,33252800
2012-09-28,69.27536010742188,69.74029336959552,69.12591636826026,69.5576392068157,43944300
2012-10-01,69.50782012939453,70.1886179132329,69.16741807035534,69.70707631791697,43705600
2012-10-02,69.64067840576172,69.9395659540723,69.21725965752351,69.8648472341157,25792500
2012-10-03,69.44141387939453,69.92295557589124,69.05119927479345,69.69048891806285,38568500
2012-10-04,69.91462707519531,69.95614167861862,69.07608149310987,69.70706672655707,43327200
2012-10-05,69.8316421508789,70.77811734826884,69.60747330535662,70.22185683184964,40981400
2012-10-08,69.39159393310547,69.65727098976365,69.23384600331944,69.42480435696783,21062200
2012-10-09,68.57796478271484,69.49122940756772,68.44512940136396,69.42481488401309,45221200
2012-10-10,68.47002410888672,68.76891158439457,68.22925329060314,68.63606989117305,32465600
2012-10-11,68.71908569335938,69.27535230854016,68.57794615955169,68.99306690668485,38978500
2012-10-12,68.16283416748047,68.92665492009561,68.00509257059215,68.69418828532064,31847100
2012-10-15,68.61114501953125,68.61114501953125,67.88053490799956,68.36207007952059,34413700
2012-10-16,69.11761474609375,69.2089418308759,68.81042306689551,68.97647519115436,29234800
2012-10-17,69.74029541015625,69.86483291880826,69.11761420113699,69.25875375496356,35466500
2012-10-18,69.35839080810547,69.86483874038078,69.28366576299138,69.69048874743636,31431700
2012-10-19,67.95526885986328,68.81041663356277,67.639779354629,68.78551040081273,53565500
2012-10-22,67.93865966796875,68.05489296473301,67.54014098317731,67.78091176482886,30682000
2012-10-23,67.5982666015625,67.68959368031594,66.77632922702206,67.37410416641164,40737600
2012-10-24,67.41561126708984,67.95526954096391,67.17484679193282,67.83073204172523,24472200
2012-10-25,67.6895980834961,68.19604597707645,67.14164190957163,67.98018138286822,27794000
2012-10-26,67.36580657958984,67.99679200348065,66.80124200752778,67.61488160682704,41402800
2012-10-31,67.77263641357422,67.78924479688709,67.14995505842995,67.38242808511401,24879800
2012-11-01,68.48662567138672,68.66927983116044,67.68129033106105,67.93036533697803,77113300
2012-11-02,67.4073257446289,68.86854657802728,67.39071736343034,68.81873410291459,39322100
2012-11-05,67.85565185546875,67.94697260813983,67.18315182145776,67.39901642090825,26861600
2012-11-06,68.3620834350586,68.55304177093846,68.05489812783631,68.10471059187451,27342500
2012-11-07,66.70159912109375,67.55675318751595,66.34460135668832,67.55675318751595,65095500
2012-11-08,65.7634506225586,66.83446327868634,65.71363814272449,66.56048197111463,42653100
2012-11-09,65.90457916259766,66.3944250244469,65.3400145935164,65.48116048646749,33030000
2012-11-12,65.71363830566406,66.13706338803007,65.61400701150673,66.05403414244458,20155100
2012-11-13,65.34001159667969,66.05401988171785,65.24038665827298,65.41473663472546,34408200
2012-11-14,64.12787628173828,65.67212657075248,63.978432501051664,65.4894723572197,54653100
2012-11-15,63.79574966430664,64.33540787100466,63.33912066959259,64.00331002578746,55966400
2012-11-16,64.32711029052734,64.49315604672171,63.20627926637686,63.74593747536791,62748300
2012-11-19,65.68870544433594,65.73851790410629,64.94148687658296,65.02450975428006,45621100
2012-11-20,65.80496215820312,65.87968087444906,65.29020999851119,65.5724954842267,36928500
2012-11-21,66.15367126464844,66.19518589109856,65.69703571066769,65.92950875084868,19254500
2012-11-23,66.8095474243164,66.88426613331491,66.30309950474486,66.33630993126903,20093300
2012-11-26,67.02540588378906,67.07521835188723,66.47744339774677,66.70991002785904,31180700
2012-11-27,66.94235229492188,67.44050213156898,66.8925398449525,66.9838668927219,39942000
2012-11-28,67.50695037841797,67.50695037841797,66.11214407362745,66.685012871704,51316900
2012-11-29,68.2790756225586,68.42022152555762,67.76432982256252,68.03830476949142,53043500
2012-11-30,68.14622497558594,68.42020619536827,67.85564171259259,68.41190200664272,35722500
2012-12-03,68.0715103149414,68.7107999251505,67.87225409485592,68.66928530943889,24959800
2012-12-04,68.154541015625,68.34549940182518,67.63149100267248,68.13793896798408,37225000
2012-12-05,68.0715103149414,68.50323951507448,67.58167078759772,68.47833327934393,40376100
2012-12-06,68.1794204711914,68.33716201700535,67.75599561824095,68.06318719143852,31829500
2012-12-07,68.22925567626953,68.53644735190495,67.93867237998779,68.49493273776152,24123400
2012-12-10,68.52812957763672,68.62776083128622,68.25414838078021,68.3869900523129,29173000
2012-12-11,69.2504653930664,69.37499658454963,68.84364238674894,69.0013903416166,40262100
2012-12-12,68.86023712158203,69.57424537104345,68.71909124213748,69.46630991415994,40570000
2012-12-13,68.42021179199219,69.08440125684336,68.17113678377264,68.89344924021688,33439300
2012-12-14,68.37869262695312,68.75229878016935,68.17943643418715,68.26245931998629,28508000
2012-12-17,69.3417739868164,69.35007817620524,68.51153240666935,68.64437409992836,35849400
2012-12-18,70.28826904296875,70.37958980724845,69.31688138908007,69.49953558612309,53500700
2012-12-19,70.44486236572266,70.77983043591945,70.14338599126043,70.4113642808817,49010900
2012-12-20,70.79656982421875,70.85518986477504,70.21873914651732,70.46159542570915,50304600
2012-12-21,70.50345611572266,70.50345611572266,69.5739053727492,69.73301323000582,54923200
2012-12-24,70.16012573242188,70.3192400242906,69.9340216658084,70.25224386043999,10103000
2012-12-26,69.65765380859375,70.35272449861525,69.57391181453077,70.31922642316913,24671600
2012-12-27,69.60746765136719,69.86706996511596,68.7114141542141,69.72470781816405,35567700
2012-12-28,69.11334991455078,69.8167970123248,69.10497379494078,69.24734227188193,34262200
2012-12-31,70.61236572265625,70.7044838838988,68.96262133017723,69.22222996145541,67461100
2013-01-02,72.68917083740234,72.78128895810444,72.0527201095803,72.3039461204089,116410600
2013-01-03,72.5217056274414,73.091160394502,72.32909959115906,72.7310639037268,45872900
2013-01-04,73.05764770507812,73.2251381261027,72.57194145687252,72.8650417072827,29852500
2013-01-07,72.78130340576172,72.91528936031315,72.53844707471146,72.68918526677346,23693400
2013-01-08,72.7310562133789,72.86504856280527,72.34583779243843,72.75617818161963,23760000
2013-01-09,73.08275604248047,73.14975219839685,72.82315392468583,72.87339784707058,27425500
2013-01-10,73.2502670288086,73.43450331482974,72.8147982820119,73.36750714007535,39753000
2013-01-11,73.14136505126953,73.30885541580147,72.8566410152214,73.19161535518117,27322400
2013-01-14,73.18324279785156,73.2921067482622,72.89851874796014,72.99063685565547,24351900
2013-01-15,73.50150299072266,73.6019972663766,72.66406986092967,72.71432019331051,34704100
2013-01-16,73.28374481201172,73.48472689148343,73.10788469383583,73.33398873460337,20881400
2013-01-17,73.96205139160156,74.12116563961308,73.55171118205534,73.61870732743957,34219400
2013-01-18,74.17144012451172,74.2133143299117,73.7862217134374,73.9788277244212,23256900
2013-01-22,74.70738983154297,74.74926403307614,74.01231897637143,74.23005332395293,31589000
2013-01-23,74.53153228759766,74.7743886089354,74.45616638913405,74.73251440594028,32818900
2013-01-24,74.77440643310547,75.2433669507277,74.47292998917465,74.65716630369991,39814600
2013-01-25,75.31871795654297,75.31871795654297,74.7743852873184,75.14285781216692,34620300
2013-01-28,75.36896514892578,75.56157753773539,74.84975442226602,75.37734126733655,42633600
2013-01-29,75.41084289550781,75.50296103503595,75.07586842350608,75.33547060448177,37055100
2013-01-30,74.50643157958984,75.38573259141211,74.27195130977057,75.34386476557762,39299300
2013-01-31,75.01726531982422,75.10100735946904,74.33057037216372,74.42268853250545,36924200
2013-02-01,75.67882537841797,75.95517342317083,75.24335662401327,75.33547476863323,33925100
2013-02-04,74.7659912109375,75.51968192659302,74.65712725888346,75.21820564033081,27006300
2013-02-05,75.43597412109375,75.68720021409813,75.02562730770399,75.12612157837019,26551000
2013-02-06,75.7541732788086,75.80441720425648,75.00885856883936,75.07585472884018,24297800
2013-02-07,75.50296783447266,75.82956621708192,74.99213315621566,75.69557386057186,30206500
2013-02-08,76.03888702392578,76.08913093831222,75.56992039627072,75.60341846889636,25189600
2013-02-11,75.95516967773438,75.9970438828993,75.58670350653104,75.96354579658869,15722100
2013-02-12,76.29013061523438,76.40737070196573,75.9384103550403,75.98865428103787,19792700
2013-02-13,76.60836791992188,76.66698796997207,76.18965145124722,76.36551160139783,22591300
2013-02-14,76.80097961425781,76.94334169078127,76.34039529801602,76.35714114679836,22359300
2013-02-15,76.82608795166016,77.06894424511081,76.59998389312645,76.76746790766211,29339100
2013-02-19,77.50442504882812,77.51279477849234,76.93497036543711,76.94334009510132,21162300
2013-02-20,76.06402587890625,77.6132753446634,75.98865360147839,77.5714011473029,41753800
2013-02-21,75.32709503173828,76.0556640344406,74.84138875237674,76.01378982922184,45067400
2013-02-22,76.23152160644531,76.23152160644531,75.67881917315128,75.71231725836705,24762300
2013-02-25,74.54824829101562,76.65020593557664,74.50638049388802,76.62508397947931,53492800
2013-02-26,74.84140014648438,75.1847444029447,74.35568740406961,74.87489823793791,47522800
2013-02-27,75.6285629272461,76.08077745858004,74.79113002976231,74.83300423027889,41192300
2013-02-28,75.77093505859375,76.24827157779752,75.51970262149439,75.62019687415538,31208800
2013-03-01,76.11428833007812,76.25665041318496,74.70740057035248,75.26847917255495,49278200
2013-03-04,76.3152847290039,76.34878282348318,75.53647160240867,75.93006622615472,27577000
2013-03-05,77.20291137695312,77.33689726704137,76.70882283381292,76.71719894853828,35612300
2013-03-06,77.40392303466797,77.54628509397374,77.14432088074498,77.43742111728803,28483000
2013-03-07,77.77237701416016,77.83099704749428,77.31178647431739,77.44577877285508,27907700
2013-03-08,78.49259948730469,78.5093453364361,77.8142743990052,78.38372910607642,38066100
2013-03-11,78.46748352050781,78.5093577336089,78.15763734434822,78.2330032610007,26716100
2013-03-12,78.308349609375,78.50933170960197,78.03199522837181,78.28322764548486,21489000
2013-03-13,78.60145568847656,78.73544163556787,78.09062108765936,78.33347740518772,28662200
2013-03-14,79.38863372802734,79.39700345605422,78.60982095146821,78.74380688005728,24747300
2013-03-15,79.34676361083984,79.52262374502607,79.04528726963326,79.26302160252817,35361700
2013-03-18,78.91133117675781,79.22955348432941,78.44236425246879,78.5009843193664,36700800
2013-03-19,78.57632446289062,79.31326305781387,77.88962979356735,79.06203704070857,51516400
2013-03-20,79.30488586425781,79.33838394390501,78.93641976634943,79.02016177091473,27958600
2013-03-21,78.60983276367188,79.11229125231654,78.3334783587301,78.75219483078504,37122600
2013-03-22,78.85266876220703,79.02852886845459,78.66843253972729,78.92803464098255,33429900
2013-03-25,78.89804077148438,79.54468079762837,78.33538462920276,79.04080952980796,36680500
2013-03-26,79.14997863769531,79.35152586093618,78.73008485181894,79.22555644375912,26348000
2013-03-27,79.20035552978516,79.25914039735564,78.30178317859631,78.64609912227345,28461800
2013-03-28,79.30113983154297,79.4942937901469,79.05760066942089,79.16677074606707,24160700
2013-04-01,78.23462677001953,79.33474662872992,77.85671845322834,79.16678524113212,59660300
2013-04-02,77.74752044677734,78.87283250789476,77.68033591585615,78.7552627823174,47917200
2013-04-03,76.52984619140625,78.08345846861833,76.35349155386207,78.04986619379021,65441400
2013-04-04,77.18488311767578,77.21007572110788,76.38708103558996,76.63901988405307,37706300
2013-04-05,77.0336685180664,77.05046143987039,75.93354313143838,76.01752055459166,46418300
2013-04-08,77.67195892333984,77.69715152802267,76.69780856886612,77.25206509310242,28886500
2013-04-09,77.4451904296875,77.95746122567071,77.29402845042902,77.79789957893426,36828400
2013-04-10,78.84765625,79.02401087491162,77.63836007109643,77.68875168326463,50119600
2013-04-11,78.95683288574219,79.41871866105392,78.73009303690729,78.79727758732925,32619000
2013-04-12,78.6377182006836,78.88965706865932,78.03307004319909,78.68810341145011,41931800
2013-04-15,75.67326354980469,78.22621870366272,75.40453176556021,78.15063448558743,100204000
2013-04-16,76.98330688476562,77.09248334369418,75.99235752912095,76.26108923198719,58061700
2013-04-17,75.64806365966797,76.43745959587348,74.93424552718692,76.35348212271168,77710600
2013-04-18,75.2281723022461,75.89160525354595,74.8502640502782,75.70685096241552,58516600
2013-04-19,76.09314727783203,76.16033181675637,74.9174434749372,75.54728411144477,44931600
2013-04-22,76.31147003173828,76.4794249196102,74.90902044902785,76.16870132927204,49190300
2013-04-23,77.5207748413086,77.54596743882665,76.30308564275869,76.92452654079267,55313200
2013-04-24,77.92388153076172,77.98266639845062,77.20166378082953,77.50398778810673,41020800
2013-04-25,78.43611907958984,78.85601264381991,78.00782585009632,78.12539553551535,36543300
2013-04-26,78.01626586914062,78.402567379198,77.68034956259096,78.17582114927197,32405600
2013-04-29,78.57891845703125,78.7552730684307,78.15902469453624,78.36057190655414,20791400
2013-04-30,79.02401733398438,79.05760960915192,78.24301455578525,78.58733057094905,30488500
2013-05-01,77.10926818847656,78.85602727752455,77.05888300168027,78.7804430902616,120177800
2013-05-02,78.33533477783203,78.49489636714316,77.40317064239697,77.54593290279813,38830300
2013-05-03,79.5782699584961,80.17451834959704,79.23395398792017,79.38511600306342,51981000
2013-05-06,80.0905532836914,80.1997233754578,79.5614829451914,79.63706716800777,26893800
2013-05-07,80.74554443359375,80.7623373592892,79.88895786055785,80.20808111238495,29920800
2013-05-08,80.98072052001953,81.01431279369591,80.35087980449737,80.56082670967142,37669300
2013-05-09,80.70355987548828,81.04787575082229,80.4096355959768,80.87152118311539,32331100
2013-05-10,81.31661224365234,81.40058969889652,80.67837205107207,80.79594176982776,39288900
2013-05-13,81.2578353881836,81.56015938249693,80.98070399221807,81.24103605123852,22522300
2013-05-14,82.29916381835938,82.32435641480534,81.4005915717274,81.40899123956582,33539600
2013-05-15,82.46713256835938,82.86183373108389,82.03884554278501,82.13122268329799,34000200
2013-05-16,82.25718688964844,82.76945780105032,82.04724000487948,82.32437143047142,42053300
2013-05-17,83.18096923828125,83.19776217215836,82.26559736873195,82.63510598474136,35675100
2013-05-20,83.31532287597656,83.64283951109242,82.9290213680725,82.93742103763384,25027400
2013-05-21,83.33208465576172,83.60081629696695,83.03815401723011,83.30688565843533,23596700
2013-05-22,82.11439514160156,84.29784067992105,81.55173922959747,83.48325244065019,68650700
2013-05-23,82.21520233154297,82.24039493288261,81.0478981509556,81.1654678952543,44524500
2013-05-24,82.19840240478516,82.25718727651412,81.21585251714231,81.71133049920397,33332500
2013-05-28,83.2649154663086,84.06271087096111,82.70225949009813,83.30690098877673,46121100
2013-05-29,82.4923095703125,83.29010494511755,81.77009197736388,82.76104125091649,40491500
2013-05-30,83.04659271240234,83.24813993626046,82.55951438159705,82.71907607098137,30620300
2013-05-31,82.1312026977539,83.15573784919658,82.10600369614282,82.61827447539855,38953700
2013-06-03,82.91222381591797,83.0045945476632,81.48458120235979,82.41674585253764,87088500
2013-06-04,82.03043365478516,83.30690768626556,81.39219343551025,82.87022105648973,68206900
2013-06-05,80.98072052001953,82.05564764937932,80.74558101135597,81.92967822486068,58967500
2013-06-06,81.83728790283203,81.83728790283203,80.39285880964583,80.92192261898944,46335300
2013-06-07,82.46713256835938,82.67707945005792,81.68612991215798,82.21520015456333,44757500
2013-06-10,82.97100067138672,82.97100067138672,82.1396065023505,82.83663160715352,32136500
2013-06-11,82.07244110107422,82.69388210182127,81.34182361694455,82.03044916022388,43461300
2013-06-12,81.2578353881836,82.70227082610961,81.14865891925002,82.57630142730076,58446900
2013-06-13,82.69388580322266,82.88703336281003,80.93033312877219,81.23265717662895,47768600
2013-06-14,82.05562591552734,82.83662845219564,81.81208680118246,82.53430447625506,37838400
2013-06-17,82.59305572509766,83.02134891788998,82.09758443715629,82.79460282467831,33308600
2013-06-18,83.56724548339844,83.81078459683455,82.57629610086187,82.73585134912948,40520200
2013-06-19,82.54273223876953,83.72682954166947,82.43356214638264,83.56727423849965,43193500
2013-06-20,80.35926055908203,82.47552204598277,80.02334430845997,81.2158409114522,76262300
2013-06-21,80.59441375732422,80.77076837738645,79.46909508688393,80.31728232276758,66115300
2013-06-24,79.5362777709961,80.21650363349116,78.79726703652086,79.70423912456127,58774600
2013-06-25,80.3005142211914,80.48526216095318,79.67067335175004,80.27531520447273,32418400
2013-06-26,80.67838287353516,81.14866181164267,80.32567366995451,81.05628467636156,33752300
2013-06-27,81.9296646118164,82.08082661470822,81.13186906754134,81.1654613356362,40852300
2013-06-28,81.45938110351562,82.26557627136185,81.33341170699316,81.7952973585523,46135800
2013-07-01,82.7862548828125,83.22294157211566,81.99685256733994,82.00525223648144,37805800
2013-07-02,82.72718048095703,83.37664673372494,82.19579256628214,82.79465933284233,36848900
2013-07-03,82.8958969116211,83.19954540423902,82.31390289491351,82.43199413994448,19153600
2013-07-05,84.06831359863281,84.1357924703608,82.92119851981474,83.82370751497344,29427500
2013-07-08,84.40572357177734,84.71780860869193,84.25389928829742,84.45632952122362,30905300
2013-07-09,85.19010162353516,85.35879232002178,84.5996777506944,84.93705914366764,36010700
2013-07-10,85.42632293701172,85.51066833636438,84.97085005833756,85.22389269153703,36061100
2013-07-11,86.43004608154297,86.53125798146027,85.98300969653182,86.38787016648332,34434200
2013-07-12,86.60710906982422,86.96979979070201,86.42998194127502,86.43841840505442,28584000
2013-07-15,87.36625671386719,87.45060207210834,86.74208690557839,86.83486873018515,30786600
2013-07-16,86.92768859863281,87.44220387476086,86.72525836323295,87.40003439475403,38630800
2013-07-17,87.26505279541016,87.6783496234584,87.07948911563439,87.41687703930494,28476600
2013-07-18,87.84703826904297,88.21815915740291,87.43374148114407,87.49278387941534,32034100
2013-07-19,87.98199462890625,87.98199462890625,87.5012189481252,87.77112798935072,22806600
2013-07-22,88.16754913330078,88.36154925298014,87.83016125806712,88.12537967085812,25854900
2013-07-23,88.10851287841797,88.52180967593586,87.93138567948172,88.48807667768614,26309700
2013-07-24,87.37469482421875,88.54711922219103,87.24817999272798,88.48807682244902,31809700
2013-07-25,88.17598724365234,88.26876907194973,87.15539356751967,87.27347836078205,46093900
2013-07-26,87.82173919677734,87.86390866304703,87.18070281917106,87.68678146038063,23036800
2013-07-29,87.20602416992188,87.94827257116053,86.8770726620322,87.58558162205905,30360800
2013-07-30,87.28191375732422,87.61086516811312,86.96982884459231,87.45904094504606,26311000
2013-07-31,87.4337387084961,88.29407168961492,87.39156281029459,87.6277323958904,38330400
2013-08-01,88.62301635742188,88.85918592504116,87.50964094211804,88.29406496893243,34487100
2013-08-02,88.69892883300781,88.80014068151554,88.19284384991762,88.3278015614451,22983000
2013-08-05,89.00260925292969,89.09539111089184,88.47966398275099,88.60618528316672,14985000
2013-08-06,88.10851287841797,88.83389460842672,87.84704031357956,88.74954924252455,24689300
2013-08-07,87.48433685302734,88.00728190741322,87.27347025106195,87.82172470319959,23362200
2013-08-08,87.84703826904297,88.22659562433846,87.36626261593725,87.97355953252105,27640300
2013-08-09,87.75425720214844,88.2012934265426,87.31565100962443,87.66147537046601,27686900
2013-08-12,88.2181625366211,88.2519019705169,87.1553993270288,87.1553993270288,18960800
2013-08-13,88.10009002685547,88.29409019003756,87.53496890932055,88.29409019003756,22812900
2013-08-14,87.75425720214844,88.26033582532789,87.7289542362603,88.12538452887816,23629000
2013-08-15,86.1263427734375,86.84328782780499,85.94077916133689,86.74206955707636,50044500
2013-08-16,85.763671875,86.3540958364709,85.65402354933785,85.87332020066216,36059500
2013-08-19,84.8949203491211,85.93238073398099,84.84430797378508,85.72995053805661,25184600
2013-08-20,86.11793518066406,86.31193532248349,84.94551716765844,84.99612310242037,32450400
2013-08-21,85.59497833251953,86.4553112816172,85.19854807067925,85.7721055151238,41452900
2013-08-22,86.8011474609375,86.86861989556223,85.85646258965986,85.88176555703653,24006100
2013-08-23,87.02043151855469,87.08791037853541,86.41313464900476,87.03730445111901,20801100
2013-08-26,87.02886199951172,87.56867997195546,86.68303769224796,87.18068620645764,23376100
2013-08-27,84.98766326904297,86.3625109741438,84.81896615375832,85.98295372624303,47269300
2013-08-28,85.15640258789062,85.49379057602853,84.76840865383126,84.86962698081481,28927500
2013-08-29,86.00829315185547,86.33724462221318,85.02986877376816,85.09734764849273,27628600
2013-08-30,84.66720581054688,86.07580043598686,84.54912095837467,86.02518804566893,43334600
2013-09-03,85.24073028564453,86.345675878359,84.4563061109547,85.91550612188026,37995800
2013-09-04,85.99141693115234,86.04202930283247,84.9792595895019,85.32508398290179,22580800
2013-09-05,86.1263427734375,86.48059706828208,85.90703973776068,86.05886392628508,22770200
2013-09-06,86.36253356933594,86.78426681518098,84.9708125710196,86.6240061225155,36792000
2013-09-09,87.66990661621094,87.74581550935456,86.64931296362546,86.65774299499357,27358500
2013-09-10,88.53028106689453,88.54715400781443,87.88924444990892,88.20976597597246,25126300
2013-09-11,88.57242584228516,88.74955304881803,88.1675590593963,88.38686216825856,26412500
2013-09-12,87.92293548583984,88.58083824635965,87.89763252353337,88.48806286294858,32707600
2013-09-13,88.40373229980469,88.42060523548527,87.80487178593302,88.21816861815498,29478700
2013-09-16,88.59774017333984,89.47494628616182,88.43747944609986,89.44964331557446,28755900
2013-09-17,89.47494506835938,89.47494506835938,88.59773896747664,88.61460546925865,28901400
2013-09-18,90.32684326171875,90.76544953700335,88.78330413504193,89.44964358142965,46237100
2013-09-19,90.23404693603516,90.61360427829175,89.93039848817448,90.55456188204876,34775900
2013-09-20,89.90509033203125,90.48708427100561,89.87135733525876,90.45334483909448,49522500
2013-09-23,89.91352081298828,90.14126035444247,89.23875152510298,90.01473910198327,47759700
2013-09-24,90.21206665039062,90.84635043354616,89.46784266763805,90.03446796537926,45267000
2013-09-25,90.04293060302734,90.89710127287633,89.92453147480296,90.29664025539307,37106600
2013-09-26,90.54188537597656,90.88863024263996,89.949889813707,90.27971683443829,29490600
2013-09-27,90.13597869873047,90.53346433665368,89.8230629630256,89.97529136792663,30296400
2013-09-30,90.16134643554688,90.35585655983752,89.00271880638391,89.16340613257427,45771700
2013-10-01,91.21000671386719,91.27766519927154,90.0260090283644,90.1190378327283,39344400
2013-10-02,90.83790588378906,91.12544479347292,90.36430289685556,90.56727191853058,30622900
2013-10-03,89.9076156616211,90.79561559567188,89.30716108281548,90.66875754048338,57799200
2013-10-04,90.5080795288086,90.76179566522319,89.77231434729116,89.93299521156898,25902800
2013-10-07,89.450927734375,90.20361711766164,89.40864601881478,89.63698534919179,32924200
2013-10-08,88.00476837158203,89.67082165994668,87.88636923505278,89.51013435225597,61365000
2013-10-09,87.64958953857422,88.2585031996467,87.10833438479209,88.20776254531413,52604900
2013-10-10,89.76384735107422,89.90761680438983,88.73207795242091,88.80819536740898,53157800
2013-10-11,91.06623840332031,91.10852657029064,89.50167300944379,89.51012548102315,43197100
2013-10-14,91.5229263305664,91.6328665349052,90.43195740221284,90.54189760655163,38774800
2013-10-15,90.62647247314453,91.53138377004053,90.42349701143944,91.32840830833544,42263500
2013-10-16,91.75128173828125,91.84431056296998,91.03242791754357,91.26077374260488,34333600
2013-10-17,92.55470275878906,92.57161415602862,91.31150536293667,91.33687568493055,38967200
2013-10-18,93.61182403564453,93.67947606351079,92.88451150487289,93.21433853019168,39496400
2013-10-21,93.42575073242188,93.94163526523249,93.25660456052766,93.74711878062082,29198900
2013-10-22,93.67103576660156,94.28840173432404,93.34120869841698,93.831716612468,38112600
2013-10-23,93.3581314086914,93.49344840294513,92.8337877343623,93.23127333964588,32275300
2013-10-24,93.85710906982422,94.09390736837322,93.30739504689562,93.42579419617013,24711800
2013-10-25,93.94166564941406,94.25457487715794,93.51035083691416,94.0769761784271,21321900
2013-10-28,93.89937591552734,94.1192627803131,93.41732046921119,93.98394580128534,22512200
2013-10-29,94.17000579833984,94.39835159314588,93.47652239398955,94.15309440166885,30026900
2013-10-30,92.884521484375,94.27994713879228,92.62234645875442,94.212288651389,46076600
2013-10-31,92.34326934814453,93.18052218580442,92.08955323866277,92.8337772663306,47370000
2013-11-01,91.9457778930664,92.71537219189021,91.26920594600234,92.52932103610246,117030400
2013-11-04,93.00293731689453,93.15516571476176,92.03882628115862,92.38556479991364,31960000
2013-11-05,92.68154907226562,92.96909442705827,92.06418309813188,92.64772627971938,26643500
2013-11-06,92.28407287597656,93.34121261380143,92.10647417429425,93.32429476472564,31773400
2013-11-07,90.72796630859375,92.8676162584512,90.60956716568009,92.70693539436516,60459700
2013-11-08,92.37710571289062,92.57161581985238,90.82099259585071,90.86328076811327,48147500
2013-11-11,92.50393676757812,92.6899943605543,91.87811196124096,92.21639790735512,19897700
2013-11-12,92.5800552368164,92.61388447704432,91.90348333679388,92.24176928680515,28075100
2013-11-13,93.46804809570312,93.49342486493889,91.86120113323278,91.89503037327933,36465900
2013-11-14,93.37505340576172,93.53573427823686,92.80842153249766,93.42579405472549,33226800
2013-11-15,93.73023223876953,93.86554275989091,93.16360693030366,93.53571570258879,27518500
2013-11-18,93.07057189941406,94.22919275829835,92.81685581741144,94.14462288172014,35509600
2013-11-19,92.49552154541016,93.61186110055718,92.17414686366139,93.12134660377143,36081300
2013-11-20,92.46167755126953,93.19744272687863,92.05573302671988,92.96910336775461,43376700
2013-11-21,94.12773895263672,94.17847960293555,92.7576833241394,92.8676235505435,45585000
2013-11-22,94.5928726196289,94.69436036818766,93.95858870874324,94.11927603089387,28786400
2013-11-25,94.71123504638672,94.95649217111306,94.4067783710207,94.82963414766604,22968600
2013-11-26,95.41319274902344,95.5823325063667,94.63513954161544,94.71125049673945,30760700
2013-11-27,95.9460220336914,96.04750979462027,95.26099739116518,95.43013720710955,29099600
2013-11-29,95.99676513671875,96.54647919401758,95.94601803223554,96.36042153287612,15675500
2013-12-02,95.03262329101562,96.2081620036835,94.77044828408971,96.15741491561536,43155200
2013-12-03,94.57596588134766,95.22716122294675,94.10236281700567,94.82967558684201,36930700
2013-12-04,94.3222427368164,95.07492577622142,93.34122033415335,94.13618509520718,40609500
2013-12-05,94.389892578125,94.73663105383308,94.00086593237671,94.2884048413898,37926700
2013-12-06,95.12565612792969,95.6499932594945,94.88039895737558,95.2440552513326,36471900
2013-12-09,95.10028839111328,95.47240364416916,94.62669185251046,95.2525167717026,31236500
2013-12-10,94.2376708984375,95.21024080808188,94.0769835835842,94.91424295356471,34938800
2013-12-11,92.69001770019531,94.33915968316064,92.45321941396917,94.32224183284771,47181600
2013-12-12,92.89297485351562,93.23971976560587,92.48703682971127,92.7745757255503,37706200
2013-12-13,93.19743347167969,93.47651990132537,92.53777933053071,93.07058186935771,32980300
2013-12-16,94.30531311035156,94.35605374743028,93.15514468660079,93.55263021643252,33991200
2013-12-17,94.17000579833984,94.33069310192417,93.55263980968118,94.25457568623254,32399800
2013-12-18,95.46395111083984,95.48086896107625,93.332760092177,94.32224140611798,52979000
2013-12-19,94.7535171508789,95.43854140055066,94.62665913553721,95.32860122846343,32871100
2013-12-20,96.35194396972656,96.5972011617674,94.79583092939437,94.80428985388374,48770500
2013-12-23,97.44454956054688,97.47850905903988,96.73990454031936,96.93517003737605,37049100
2013-12-24,97.81810760498047,98.00488162730272,97.52097005906448,97.55492956104241,17371200
2013-12-26,97.82660675048828,98.45484139343058,97.71623674115011,98.16618884259987,19670000
2013-12-27,97.7671127319336,98.25950902139493,97.44450089592131,98.03029061743094,20069700
2013-12-30,97.70773315429688,97.94544965731588,97.50398262882159,97.72471614306873,28917400
2013-12-31,97.93697357177734,98.23411115091051,97.77566753862787,97.93697357177734,38357200
2014-01-02,96.8757553100586,97.73321494802852,96.47673924653459,97.7077404629652,44247700
2014-01-03,97.36812591552734,97.54640838883644,96.87572300232469,97.23228794894285,26468000
2014-01-06,96.57862091064453,97.86055818485647,96.53616991126506,97.81811366259012,36198000
2014-01-07,97.38512420654297,97.76716371518592,96.87574467213123,96.94366367061605,28545300
2014-01-08,97.51248168945312,97.69925571776126,96.84179607739794,97.44456268332054,30763600
2014-01-09,97.53797149658203,97.96245566411075,96.91822823917413,97.84360061537186,29872800
2014-01-10,98.07279205322266,98.08128354781341,97.12195192666049,97.56341248869113,29174600
2014-01-13,96.73143768310547,98.04733449190654,96.1541390545713,97.88603494017381,45370800
2014-01-14,97.91998291015625,98.06431241766981,96.93518322829627,97.15591675998208,39125300
2014-01-15,98.65009307861328,98.72650357760908,98.10675399929131,98.17467300348474,31644100
2014-01-16,98.7689437866211,98.80290328723564,98.33597472728859,98.52274874211238,23091900
2014-01-17,98.42088317871094,98.84536727652697,98.21713262535097,98.74348876129034,28722300
2014-01-21,99.00665283203125,99.21889483704813,98.29351632707633,99.10003983240763,29828700
2014-01-22,99.507568359375,99.64340638914604,98.90480167577202,99.06610771684667,24011500
2014-01-23,98.83686065673828,99.14248967856685,98.19164959031114,99.09155366729952,36057500
2014-01-24,96.31544494628906,98.25958300745667,96.1201858768351,98.21713848141235,53591900
2014-01-27,94.90618133544922,96.64656272643484,94.36284205974378,96.59562669343592,60368200
2014-01-28,95.9079360961914,95.92491260982005,94.90615338715887,95.0250084138989,43722200
2014-01-29,94.52413177490234,95.57685717900364,94.25246216545042,94.98257545531142,61904600
2014-01-30,95.93338775634766,96.48521827337738,95.11837922168877,95.3645807285824,40851600
2014-01-31,95.22026062011719,95.93339068076563,94.37977757806576,94.44769657730244,49293400
2014-02-03,92.24040985107422,95.2542435200064,91.81592568836989,94.9740888952284,91686000
2014-02-04,92.93651580810547,93.34401676748082,92.02812042632218,92.69880583561802,53138100
2014-02-05,92.24040985107422,92.66489401377855,91.06882941665711,92.37624141504017,60644600
2014-02-06,92.97050476074219,93.3610293360198,92.41018266766146,92.43565067605367,57611700
2014-02-07,94.02324676513672,94.09965080924911,92.96203630503359,93.36105247437071,44068600
2014-02-10,94.26943969726562,94.31188422549648,93.3525523895737,94.0571976247692,38211600
2014-02-11,95.10990905761719,95.37308713426806,94.12510928629831,94.33735134220734,44394100
2014-02-12,95.48345947265625,95.9419031018314,95.05897535050671,95.25423441951185,42307500
2014-02-13,96.6974868774414,96.84180992828038,94.54110670266073,94.55808321806549,42082400
2014-02-14,96.83329010009766,96.96063659827225,96.05224107772436,96.47672508689837,32428200
2014-02-18,97.84356689453125,98.01335791218015,96.90121184922188,97.12194535385518,33630400
2014-02-19,96.84180450439453,98.17468434944485,96.76540047368152,97.54644968083294,44024300
2014-02-20,97.88599395751953,98.0897444243102,96.70592918514475,96.95212415741527,35919600
2014-02-21,98.191650390625,98.57368343246833,97.970916878147,98.1576908904659,34814100
2014-02-24,98.91325378417969,99.59242423124462,98.27652784668126,98.34444035740992,43102800
2014-02-25,99.01517486572266,99.53304606973992,98.63314170471325,99.04064935662242,28474200
2014-02-26,99.62639617919922,100.27161369011237,98.84534715273762,99.0830571627814,40794800
2014-02-27,100.16973114013672,100.22915864024168,99.12550414156215,99.29529514840154,29906200
2014-02-28,99.77073669433594,100.78101089139672,99.1594850514497,100.1442847625829,47362700
2014-03-03,99.23587036132812,99.54999085739172,98.1237243387679,98.92174986526453,50892800
2014-03-04,101.73185729980469,102.36858342689284,100.33105852478813,100.34803503824739,112793900
2014-03-05,101.67241668701172,101.84220770817986,101.4262151723393,101.7573121975958,34691300
2014-03-06,101.65545654296875,102.08843216449316,101.38378696178188,101.97806862364384,35087600
2014-03-07,101.62149810791016,102.27520729514436,101.05269092834757,102.22427127223243,36931800
2014-03-10,101.28191375732422,101.51962382850165,100.59424507757387,101.33284977911548,32089000
2014-03-11,100.22918701171875,101.71488141200413,99.76225837218291,101.37529930220117,50359500
2014-03-12,100.5347900390625,100.55177302641972,99.26133802597052,99.66035402641057,37159100
2014-03-13,99.37173461914062,100.99326058187489,98.80292097838854,100.89987355774157,53542800
2014-03-14,99.78771209716797,100.06787312704995,99.00666299305392,99.01514801060479,46888100
2014-03-17,100.22918701171875,101.11211474685626,100.076372471462,100.36502503733078,41561600
2014-03-18,101.68938446044922,101.77427996373851,100.26311798300942,100.36499647322358,41606600
2014-03-19,101.02720642089844,101.65544101698303,100.26313381641026,101.60450500238808,47423000
2014-03-20,101.16305541992188,101.48566100925994,100.31408720650373,100.79799882906754,33212900
2014-03-21,100.69610595703125,102.096904604904,100.65365496156655,101.63846105775768,47110800
2014-03-24,99.54998779296875,101.2224557607357,98.64159230757143,101.08661777404257,66747000
2014-03-25,99.52616882324219,100.70076763672742,98.85375144289425,100.15602559332812,47699700
2014-03-26,97.61958312988281,100.16455077141322,97.58553593644423,100.12199015615546,69052500
2014-03-27,97.37274169921875,98.20687517449159,96.7684186525674,97.6365993198282,65234900
2014-03-28,97.27911376953125,98.7345971377321,97.01525614831199,97.44083630838841,50558000
2014-03-31,99.02399444580078,99.31339234873874,97.56851099064104,97.9174898597959,44599200
2014-04-01,100.32625579833984,100.48797182163736,99.23676528006112,99.27081246755455,47906600
2014-04-02,100.77738189697266,100.84547628022224,100.19007920566109,100.68375374346391,33856500
2014-04-03,99.7560043334961,100.81144799024176,99.31340374706396,100.77740079223328,38473500
2014-04-04,97.4493637084961,100.53908047580468,97.04931723496716,100.40289167892706,86345900
2014-04-07,96.02788543701172,97.23653126095337,95.39802876019989,96.98969404442956,68537700
2014-04-08,96.70030975341797,97.20249114872558,95.50017076788039,96.01937900354513,60087900
2014-04-09,98.09623718261719,98.09623718261719,96.60670646617832,97.03228667087514,42744900
2014-04-10,95.29590606689453,97.97706230104426,94.81925837863244,97.96854887980022,74860200
2014-04-11,93.97663879394531,95.53425765437697,93.50849789714042,94.51286759896216,70998200
2014-04-14,94.24049377441406,95.30444442397376,93.32975227814454,94.94695856424316,62657700
2014-04-15,94.6064453125,95.09160630409903,92.48705850644488,94.50430376390794,76968000
2014-04-16,95.63633728027344,95.7044316381964,94.67452882649431,95.27033822373176,49353800
2014-04-17,96.11302185058594,96.5300950832734,95.09163206332718,95.32144249261714,50275100
2014-04-21,96.56413269042969,96.63222707242396,95.56827670565484,96.2917616562903,31970700
2014-04-22,97.55998992919922,97.9004488332095,96.58115434557631,96.71733660841295,40541900
2014-04-23,96.94715118408203,97.68765642574549,96.83649619848197,97.44082567441579,33859500
2014-04-24,96.70030975341797,97.6025374772381,95.90873051657148,97.53444310348344,44318900
2014-04-25,94.99800109863281,96.35985627264192,94.6575356816711,96.32580908156197,58386300
2014-04-28,94.44473266601562,95.7895673071206,93.04883049220739,95.33845345134361,66050100
2014-04-29,94.68306732177734,95.31293060183192,94.3936759448638,94.83627643127203,34487600
2014-04-30,95.31294250488281,95.38103040017654,93.58508147330724,94.37666088891237,43929700
2014-05-01,95.27889251708984,95.98535067864992,94.08726671756568,95.11716997110182,78690900
2014-05-02,95.35546875,96.28323667263113,95.05756400193917,95.40653628000001,43450300
2014-05-05,95.23632049560547,95.48315774903149,94.07874202828765,94.58092995597161,28108400
2014-05-06,93.68721771240234,95.08312014078605,93.61912332715484,94.82777593686494,45354700
2014-05-07,93.74677276611328,94.01063031872437,92.29128977636681,93.82338055180321,64243800
2014-05-08,92.802001953125,94.68306534530932,92.51261058225238,93.6531622116973,58520300
2014-05-09,93.65316009521484,93.67869386338099,92.16362967637544,92.51260849154542,48409900
2014-05-12,95.78106689453125,96.21516046297117,94.06172595704723,94.2064216485813,76291700
2014-05-13,94.84481048583984,96.05345678266303,94.76820266750765,95.65341032673898,58122800
2014-05-14,93.30420684814453,94.58094746815496,93.13397086917331,94.56392062333853,65720700
2014-05-15,92.67434692382812,92.95523142922978,91.44868029870615,92.83606948642402,75870500
2014-05-16,93.26165008544922,93.30421070541117,91.95086221545559,92.71690791789847,44666200
2014-05-19,94.26602935791016,94.5128666926002,92.73393779564081,93.00630890739542,35336900
2014-05-20,92.82752227783203,94.06170837031947,92.2827803107467,94.0361746052743,89567900
2014-05-21,93.30420684814453,93.73829398338428,92.39346546562396,93.32974062153056,55278500
2014-05-22,94.27449798583984,94.52133520324209,93.30417595540973,93.5935672830863,41295000
2014-05-23,95.3044204711914,95.34697459017505,94.0617272040915,94.21493631887574,42643800
2014-05-27,96.67475891113281,96.8960558459926,95.8831798141023,95.93424733847985,46373900
2014-05-28,96.17259216308594,96.57263850850966,95.78105923820068,96.46199001685855,37055400
2014-05-29,96.49604797363281,96.68329778951451,95.9257656229855,96.4620007815167,25556800
2014-05-30,96.06195068359375,96.54711178830533,95.61934369700634,96.46199705821934,38856000
2014-06-02,95.5427474975586,96.26623248273687,94.7852153197576,96.24069871172932,40369700
2014-06-03,95.31294250488281,95.63638111250273,94.57243063420756,95.02354459799058,31143700
2014-06-04,95.68743133544922,95.81510666849967,94.61497412303476,94.88734513641835,28835500
2014-06-05,97.6961669921875,97.78128171365987,95.40654396971,95.94277905327618,67182000
2014-06-06,98.63243103027344,98.93884918882503,97.97704060404912,98.11322284460746,45854000
2014-06-09,99.50064086914062,99.9943154041443,98.44520391010757,98.63245372222552,44025700
2014-06-10,99.30487823486328,99.44106701031775,98.70055515492011,99.27083104099967,39799900
2014-06-11,98.81968688964844,99.01545657108227,98.2238774136955,98.75159252272918,30144700
2014-06-12,98.2153549194336,98.66646869437811,97.80680174334016,98.54730681019788,39481200
2014-06-13,98.38560485839844,98.65798235774835,97.59403210280155,98.45369923323592,33779400
2014-06-16,98.86225891113281,98.86225891113281,97.96853810014142,98.30049005991835,30051100
2014-06-17,99.56019592285156,99.96874912604211,98.54731334630502,98.76861678610427,62573000
2014-06-18,100.23261260986328,100.27516671746433,99.16014909324167,99.50061442323032,37448900
2014-06-19,100.31773376464844,100.63266535154463,99.6708502454892,100.58159132777124,30915900
2014-06-20,100.64968872070312,100.69224932615352,100.06238613343831,100.32625019832476,30104400
2014-06-23,100.45394134521484,100.90506178417142,100.17306336588321,100.86250116926519,21388700
2014-06-24,99.38146209716797,101.21145773988547,99.28783396006358,100.21559541739671,41788300
2014-06-25,100.22412109375,100.25816828357314,98.77715124237311,98.78565816945078,34620800
2014-06-26,100.05389404296875,100.28370446250084,99.23677445525156,100.25817069297923,28018300
2014-06-27,100.72631072998047,100.87101292196452,99.61129277133801,99.63682654232403,38525100
2014-06-30,101.12635040283203,101.18593136245114,100.29221696816448,100.57310141801352,34195600
2014-07-01,102.15625762939453,102.96486382083427,101.45830643439817,101.50938046884811,65733200
2014-07-02,101.76236724853516,102.49717580492297,101.58293816180343,102.15540332215247,30796700
2014-07-03,102.37757873535156,102.45448065715676,101.89055495981643,102.17251780848659,15933900
2014-07-07,100.6259765625,102.07850798528565,100.56616686689381,102.05287618984984,32279000
2014-07-08,99.40412139892578,100.56614366151346,98.85728815991585,100.40380682162285,52537600
2014-07-09,99.53231048583984,100.04496595422684,99.13072830466018,99.68610777823274,27891700
2014-07-10,98.4728012084961,99.15634603697276,97.37913469794668,97.51583975238206,50834300
2014-07-11,98.34465789794922,98.58389668619286,97.84054852540268,98.41301369995256,33923700
2014-07-14,98.8487777709961,99.5066844651673,98.60099286782896,99.4725065627889,28823400
2014-07-15,97.8747329711914,99.11365100119899,97.29372165284742,98.73770058380921,49534700
2014-07-16,97.60983276367188,98.33609511013371,97.25097464218724,98.30192373369734,63433000
2014-07-17,96.10607147216797,97.63549196965745,95.86682613856883,96.99467092188956,62221500
2014-07-18,97.60131072998047,97.78927940924962,96.08896955942086,96.28549086248752,46164100
2014-07-21,97.20824432373047,97.39621947574462,96.5588839133845,96.98609779750153,32720500
2014-07-22,98.02853393554688,98.47283365732602,97.56714200210195,97.80638081527293,31326500
2014-07-23,98.14813232421875,98.63515595210002,97.84053776779191,98.26775170518837,26417600
2014-07-24,97.95162963867188,98.81460378128381,97.69529862006839,98.44719946462871,31905100
2014-07-25,97.06302642822266,97.41334506225024,96.729800005926,97.2082776340917,46514500
2014-07-28,96.57597351074219,97.30223583939335,95.8924351797392,97.28515015159417,37373400
2014-07-29,96.8408432006836,97.49875625364456,96.57597267011754,96.88356719795988,30574500
2014-07-30,97.2253646850586,97.6696643849476,96.81523636928009,97.55859108966744,30219000
2014-07-31,95.00384521484375,96.54181160335735,94.8842258241405,96.23421702190105,61507700
2014-08-01,94.56804656982422,95.43955984933815,93.86741620197489,94.97817468409063,67805300
2014-08-04,95.40544128417969,95.52506069230137,93.89309995200469,94.9782272498112,34646200
2014-08-05,95.1661605834961,95.8924293870414,94.465530088251,94.93546795892544,44375000
2014-08-06,95.46522521972656,96.09749999466946,94.52534938279743,94.55952727857367,33658300
2014-08-07,95.00384521484375,96.14022942652453,94.64498052396614,95.77282514971661,40852200
2014-08-08,95.92662048339844,96.03770028590517,94.83295377998532,95.12346266488629,32667200
2014-08-11,96.8408432006836,97.59274383263897,96.22566066376565,96.45635330026404,31000700
2014-08-12,96.17440032958984,96.95193283136109,95.73010069912584,96.49908709682066,31188400
2014-08-13,96.92631530761719,97.10574440703405,96.2940338882225,96.48200909297398,23122900
2014-08-14,97.07154846191406,97.17408215056663,96.74686822599833,96.99464656573285,20882100
2014-08-15,96.88355255126953,97.78924379145847,95.91805163519575,97.78924379145847,53713800
2014-08-18,98.29341125488281,98.37885276273592,97.48170063335532,97.83201928995301,33287300
2014-08-19,98.63517761230469,98.88296253266007,98.3104907765713,98.37030048019027,22692600
2014-08-20,98.21648406982422,98.44718325232951,97.7550987423487,98.13104258394978,26266900
2014-08-21,98.43006896972656,98.60095842191889,97.26804676988294,98.15665236498488,33018200
2014-08-22,98.43865203857422,98.79751024479062,97.92599652701244,98.29340083873929,30100100
2014-08-25,98.90001678466797,99.46394225560152,98.5326125738749,99.07944583848318,27808600
2014-08-26,99.79718780517578,99.89971498781942,98.94275984971628,99.01110913188938,34831700
2014-08-27,99.54939270019531,99.916796944091,99.36141752628114,99.87407294319513,19070100
2014-08-28,99.0367202758789,99.31013688586417,98.6949478837058,99.13924743039452,22817800
2014-08-29,99.59215545654297,99.80576252059271,98.81462913316247,99.25038936907961,26231100
2014-09-02,100.13896179199219,100.39529280666554,99.54086478277902,99.95099310250268,38816400
2014-09-03,99.50666046142578,100.65159709922268,99.34431709398217,100.61741920508894,33266600
2014-09-04,99.12217712402344,100.38672669687539,98.87439226422079,99.78008370305534,26523500
2014-09-05,99.43832397460938,99.47250187537722,98.40446692176226,98.92566850062781,26935300
2014-09-08,99.59215545654297,99.7972229315453,98.9684264800291,99.33583089094545,20347300
2014-09-09,98.41300201416016,99.44685895131792,98.2592047372989,99.42122715830226,36390100
2014-09-10,98.99403381347656,99.05384351587477,98.01144025798995,98.39593678949444,23060600
2014-09-11,99.63483428955078,99.73736798054993,98.37882427957234,98.40445607263031,27075600
2014-09-12,98.57533264160156,99.59209723935841,98.23356023515313,99.58355765530288,32892900
2014-09-15,97.49877166748047,98.60098448003943,97.15699919153874,98.56680658056848,41644400
2014-09-16,97.77217102050781,98.05413375210713,96.89211145106138,97.21679166035457,51365900
2014-09-17,98.02853393554688,98.66080887303714,97.56714200210195,97.82346650816996,45543000
2014-09-18,98.62662506103516,98.71206655794013,98.18232536586824,98.46428165377783,24714600
2014-09-19,97.37916564941406,99.03675814812897,97.07157103070885,99.01966593666275,52459600
2014-09-22,96.01205444335938,97.00318730377471,95.7386378075103,96.9262919306141,45800600
2014-09-23,95.11494445800781,96.22570369625936,95.00387114169052,95.61051436545971,51616800
2014-09-24,95.97596740722656,96.05308058424447,94.75934803510438,95.2305770705558,34323100
2014-09-25,94.35664367675781,95.81316533462925,94.031071477238,95.72748912808989,49733600
2014-09-26,95.20491027832031,95.29058653391202,94.4166717315104,94.71654843110034,26473300
2014-09-29,95.12775421142578,95.40192202779656,94.00538073451361,94.09105695150265,30619000
2014-09-30,93.68840026855469,95.12778338002178,93.65412846391519,95.03353755143276,55596900
2014-10-01,92.36040496826172,93.72267492659486,92.04339566820374,93.63699868072688,88621100
2014-10-02,93.24285888671875,93.62840516291506,91.62355406801125,92.3518117767581,71825900
2014-10-03,93.94540405273438,94.5194418805524,93.45704243946474,94.03108026728277,44034600
2014-10-06,93.1400375366211,94.30525241073347,92.96868509964781,94.20243702654363,35571200
2014-10-07,91.6064224243164,92.96012909889086,91.54644840894551,92.54887403872084,40271900
2014-10-08,93.36280059814453,93.42277460453707,90.61255281355602,91.40078447947968,51589200
2014-10-09,90.8438949584961,93.30284271896707,90.82676232656965,93.29427313466506,60783400
2014-10-10,89.73865509033203,91.5807235389631,89.6101374708131,90.62113272145635,66579500
2014-10-13,89.37879943847656,90.91242801680895,88.98468358309658,89.82431972035228,72054300
2014-10-14,90.42406463623047,91.66638618855953,89.8414571792049,90.15846638881534,70034800
2014-10-15,91.33222198486328,91.6749333233135,88.7104923385681,89.26739744646531,117497300
2014-10-16,92.36040496826172,93.02011925179166,89.91858947261338,90.08994850102792,100532300
2014-10-17,92.08622741699219,93.57701485636404,91.70924413063324,93.5256104215616,72675000
2014-10-20,93.1657485961914,93.1657485961914,91.67496133558328,91.68353091924871,34914400
2014-10-21,94.69938659667969,94.75079103039792,93.3970908279552,93.67125870224866,44748100
2014-10-22,93.34567260742188,95.15346913511618,93.26856596283339,94.93071224852017,48798300
2014-10-23,94.9992446899414,95.59899133317954,94.04822356619655,94.27955656206795,60795100
2014-10-24,95.16202545166016,95.37621926122424,94.62225940476216,95.03350785858645,41927400
2014-10-27,95.11064147949219,95.17917854541531,93.825478345776,94.60514058115807,31133700
2014-10-28,97.81805419921875,97.8523260025456,95.3591127747903,95.53903483974764,84912900
2014-10-29,97.58670806884766,98.43491378637356,96.79847636091091,97.98082392281603,67133500
2014-10-30,98.41777801513672,98.85472869819233,96.9355539159195,97.23542395429392,59046200
2014-10-31,99.86576843261719,100.20848000256241,99.28316072471418,100.16564514174395,53133300
2014-11-03,99.69438934326172,100.55973435596988,99.3002734307109,100.02853123730866,39729600
2014-11-04,99.23172760009766,99.814335139633,98.76906809487744,99.3002712016142,37347600
2014-11-05,99.4116439819336,100.01995370317516,99.00039546964389,99.95997968943803,31073500
2014-11-06,99.84000396728516,99.84000396728516,99.00893105269009,99.36878157197098,31720900
2014-11-07,99.99425506591797,99.99425506591797,99.12891009102637,99.72008720235635,28657700
2014-11-10,100.49116516113281,100.50829778919461,99.78004016806004,99.9685317601204,29371800
2014-11-11,100.55973052978516,100.61970454600709,100.13134283200642,100.34553668089579,23536800
2014-11-12,101.01382446289062,101.16804430169447,99.95142476039629,99.9771269774173,34594700
2014-11-13,100.15705108642578,101.31369663282649,99.91715500707487,101.04809833592768,25135200
2014-11-14,99.97710418701172,100.42262443273158,99.70293637348959,100.19129799559703,23321400
2014-11-17,99.14605712890625,100.18275464955566,99.11178532615611,99.89144759451843,29847300
2014-11-18,99.7200927734375,100.34554171973944,99.17175701568029,99.5230380831036,33717200
2014-11-19,98.65769958496094,99.60015132239634,97.98941574453725,99.60015132239634,38258700
2014-11-20,99.76290130615234,99.78003393314359,98.20357078292136,98.20357078292136,26555000
2014-11-21,99.88287353515625,101.20230838053011,99.52302945096626,101.16803658155813,43240400
2014-11-24,101.07378387451172,101.14232746778048,99.88286672234359,100.01994737220427,24573200
2014-11-25,101.15091705322266,101.7677964811374,100.6968270678628,101.2880042757275,26745900
2014-11-26,101.48503112792969,101.52787250737143,100.96239767478882,101.15945886887339,14640700
2014-11-28,99.97710418701172,101.54499789798214,99.87428880568731,101.51073264088363,21110700
2014-12-01,98.41777801513672,99.7886171453316,98.36636705378926,99.66009954697782,36244100
2014-12-02,99.6001205444336,99.9342623613905,98.51201887784916,98.52058192374716,31812100
2014-12-03,100.55973052978516,100.85103102666949,99.40307851644054,99.6258419495552,29148000
2014-12-04,100.0799560546875,100.49978080639863,99.57446158672553,100.40553496717199,28631900
2014-12-05,100.83387756347656,101.08234316125866,100.20842877779388,100.45689437557598,30261400
2014-12-08,99.57443237304688,101.41650068566052,99.25742313986498,100.47404256989736,32295000
2014-12-09,101.24514770507812,101.33082393795915,98.30640781418384,98.49489944852863,52645900
2014-12-10,99.09465026855469,101.23658886294665,99.00896749543674,100.87673821121363,45413600
2014-12-11,99.48875427246094,100.8253217035803,99.27456043866991,99.56586091502072,36021800
2014-12-12,98.28070831298828,99.37737981218704,98.18646249321235,98.34068233132953,44816000
2014-12-15,97.28683471679688,99.16316811689121,96.95269288376598,98.75191964701159,66361200
2014-12-16,97.14972686767578,98.82043567739665,96.84128731254651,97.0897528728826,62849700
2014-12-17,100.14847564697266,100.23415187934961,97.23543798941314,97.36395560631736,70379400
2014-12-18,101.63925170898438,101.73349751512548,100.64539575787391,101.49360147646698,54315600
2014-12-19,101.87056732177734,102.36749848089387,101.21941637316522,101.65637353284875,49041800
2014-12-22,102.56458282470703,102.56458282470703,101.78492060616773,102.1276255384132,27043400
2014-12-23,102.69313049316406,103.19006194168291,102.34184933713813,103.19006194168291,34533000
2014-12-24,102.98977661132812,103.25636461016023,102.55979258170956,102.8779765645645,19175400
2014-12-26,103.66057586669922,103.90996745187518,103.25638973076016,103.3165872471104,18261900
2014-12-29,104.0991439819336,104.38292847632253,103.72075590803352,103.73795238364893,27692500
2014-12-30,103.48857116699219,104.26254386763782,103.42837365477736,103.87556079783337,23996000
2014-12-31,102.86939239501953,104.40873616979711,102.80059336841761,103.88415507377093,35688700
2015-01-02,102.27600860595703,103.67775427728037,101.38164097530255,103.25637173626298,46133100
2015-01-05,100.90864562988281,102.0868041945782,100.43566714935262,101.67402321378951,51141900
2015-01-06,99.16290283203125,101.27842321487137,98.34593589886141,101.14943327039651,67446000
2015-01-07,100.38408660888672,100.40988460402504,99.30912640454731,99.80790295297314,32252100
2015-01-08,102.08680725097656,102.20720225406409,101.0032456621533,101.18384472782017,28361700
2015-01-09,101.10645294189453,102.1986095818695,100.88285939065005,102.1728115876944,26975200
2015-01-12,100.77105712890625,101.48483219049083,99.9540900995985,101.2182376314563,27316800
2015-01-13,100.84844970703125,102.67158432362193,99.60149866673038,101.55362324118732,49991400
2015-01-14,100.44427490234375,100.70226139109366,99.36931479662961,99.7391013354367,34224200
2015-01-15,98.75012969970703,100.94304422271223,98.44914220373008,100.81405426803306,46199400
2015-01-16,100.35826873779297,100.56466579358886,98.20834861435237,98.38894767843266,41895700
2015-01-20,99.93687438964844,100.68504886593095,99.03391198141237,100.48725335115462,36444400
2015-01-21,99.61871337890625,100.4614851037945,99.14573480438779,99.58432042453559,27333500
2015-01-22,101.64824676513672,101.68264628321907,98.98234644360804,100.23789932894638,37877000
2015-01-23,101.57941436767578,102.13838827397598,101.08923290946655,101.68260632032954,28173400
2015-01-26,102.55978393554688,102.56837889146902,100.6764519450579,101.37302391478504,23006800
2015-01-27,102.0696029663086,102.55118294180808,101.14943747824489,101.35582795902536,26919100
2015-01-28,100.34967803955078,102.72318523260263,100.03148748580648,102.49099673627384,38086100
2015-01-29,101.73422241210938,101.7514188861646,99.83368725774888,100.63345780254497,39299900
2015-01-30,99.49829864501953,101.4418282337855,99.4123031540551,101.02904725274209,49739800
2015-02-02,100.40985870361328,100.47865115255853,98.36313080343487,99.85947974584296,44819100
2015-02-03,102.20719909667969,102.33619561344153,100.84844803405441,100.90005057738038,43920000
2015-02-04,101.82881927490234,102.54258776528467,101.5622247196651,101.83741423139979,28597100
2015-02-05,103.14457702636719,103.41116504045347,101.99221634931283,102.13840935309975,32337100
2015-02-06,103.03276062011719,103.90133010887916,102.63717614034316,103.28215211930765,31694900
2015-02-09,102.21578979492188,103.38534671730805,102.09539480829696,102.68017326949004,32367900
2015-02-10,102.86939239501953,103.05857987662039,101.5622371337281,102.7919918498333,28960800
2015-02-11,102.72319030761719,103.04138087708164,102.00942174746982,102.65439784373623,23794200
2015-02-12,103.8927230834961,103.98732008027798,103.05855314516558,103.33374918019258,27854600
2015-02-13,104.51193237304688,104.64953043181245,103.75516273294585,103.97875629792165,20446900
2015-02-17,104.8387222290039,104.96771220502882,104.27974160909578,104.6237301875805,16868500
2015-02-18,104.95049285888672,104.9590943757595,104.1679188493382,104.53770534244799,20450200
2015-02-19,104.95909881591797,105.24288327437505,104.52051329134208,104.70970730433699,16620500
2015-02-20,105.24287414550781,105.38047216521791,103.97012526836292,104.78709218702885,30331600
2015-02-23,105.3460922241211,105.37189021734902,104.28832857452514,105.00210367199841,25778200
2015-02-24,105.48370361328125,105.8190906897431,105.07951750548445,105.32030755411996,20023600
2015-02-25,105.60407257080078,105.8104630528244,105.11389107534772,105.40627704479493,17059600
2015-02-26,105.9910659790039,106.03406700746649,105.19989691916417,105.50948595319464,24379000
2015-02-27,105.4148941040039,106.0856681902546,105.38909611007675,105.80187713498358,23821700
2015-03-02,106.18028259277344,106.44687065504871,105.37191032518106,105.38911336463975,29683500
2015-03-03,105.55247497558594,105.93946452867863,105.13969399219624,105.93946452867863,23068400
2015-03-04,105.2256851196289,105.44067711986335,104.58070911892558,105.09668860728121,22822500
2015-03-05,105.53526306152344,105.70725401926701,104.83869115331716,105.37186705894291,19725600
2015-03-06,104.20232391357422,105.50947898448669,103.95293239924177,104.8989024746529,37319900
2015-03-09,104.65811920166016,104.84731324075821,104.15934267071714,104.37433470404925,17556300
2015-03-10,103.45416259765625,103.79814458065886,103.04997655048882,103.720750602794,32440300
2015-03-11,104.09053802490234,104.17653352138453,103.0929718948088,103.60035647781454,20914500
2015-03-12,105.81909942626953,105.90509494201969,104.69253651851932,104.76133555553436,41063300
2015-03-13,105.440673828125,105.93945682774591,104.23671735219123,105.72446483422327,26371000
2015-03-16,106.05987548828125,106.27486752978298,105.67288587695629,105.8706814419939,19906300
2015-03-17,106.34368133544922,106.44687333064651,105.57830352519107,105.75030111891546,23142600
2015-03-18,107.19501495361328,107.5992009725844,105.64706989394419,106.12005492913067,40292600
2015-03-19,107.40142059326172,107.4616181006839,106.9026374968857,106.94563852834565,34008200
2015-03-20,108.3473892211914,108.49358879826023,107.76261059602567,107.80561162946412,34165600
2015-03-23,108.25279235839844,108.631180457906,108.17539837133727,108.3129898686804,17132400
2015-03-24,108.22699737548828,108.62258196278717,108.06360787790973,108.15819834438325,30115600
2015-03-25,105.64178466796875,108.34169887194622,105.56414786192295,108.28131761438325,42514000
2015-03-26,105.51242065429688,106.02135416426425,104.83959887931044,105.31402128371786,26899200
2015-03-27,106.18522644042969,106.29736777341849,105.1156126664076,105.56415825517037,23066800
2015-03-30,107.62574005126953,107.81551158951918,106.70276568156164,106.72002122925518,20487000
2015-03-31,107.28070831298828,107.57398681381014,106.87528849509424,107.20307151031807,24507800
2015-04-01,107.3238296508789,107.3238296508789,106.01269106229884,107.15994144047075,31955200
2015-04-02,107.5222396850586,108.04842204391429,107.21170561815806,107.27208687666297,23586400
2015-04-06,107.99663543701172,108.23816699273512,106.85801299856365,106.8838963153305,22045600
2015-04-07,107.30658721923828,108.25543835072118,107.28071047818035,107.79826504252891,20214700
2015-04-08,108.22958374023438,108.39347857519859,107.28935360947216,107.28935360947216,19314400
2015-04-09,107.8414077758789,108.45385478923443,106.76316618781753,108.13469290998509,22325300
2015-04-10,108.35894775390625,108.50558700167132,108.01390919717548,108.20368073243056,14966300
2015-04-13,108.42798614501953,109.02317768816359,108.3244791504312,108.41936494951402,22819200
2015-04-14,108.40209197998047,108.75575837084298,107.63438451515584,108.46247324414428,22600800
2015-04-15,109.16116333007812,109.66146234431068,108.61772544581892,108.82475253556686,37282300
2015-04-16,109.10079193115234,109.33368920183132,108.82476236761316,109.09216415636753,24439900
2015-04-17,107.33247375488281,108.29858052260828,106.80629136847725,107.92766517778246,48283500
2015-04-20,108.38484191894531,108.64361594229902,107.6775157254092,107.86728729117374,24602300
2015-04-21,108.272705078125,108.90240106510046,108.18644706676157,108.7298850423736,13844600
2015-04-22,108.43661499023438,108.58325428805651,107.36700102220041,108.27272013910063,21991300
2015-04-23,108.92828369140625,109.15255979791131,108.04844139829376,108.23821298217767,18025800
2015-04-24,108.56599426269531,109.08354893124104,108.41935497980253,108.97141417039327,14992500
2015-04-27,107.3669662475586,109.4716955574419,106.99605094427692,108.8678764273449,32924600
2015-04-28,107.96217346191406,108.14331725323167,106.31461720873403,107.42736328202577,35654900
2015-04-29,106.7890625,107.73791389666525,106.642416624582,107.36699848202477,26437900
2015-04-30,104.52906799316406,106.47853091087163,104.08052232290147,106.15074120850153,72393800
2015-05-01,105.21050262451172,105.3743974524216,104.29615586051845,104.82233170278795,47996200
2015-05-04,105.59004974365234,106.4008829761475,105.06386730052071,105.34851808988425,37675100
2015-05-05,104.24440002441406,105.77119386597835,103.75272210177202,105.53828998726836,56891600
2015-05-06,104.60664367675781,104.79641517786769,103.71817399525425,104.46863222753548,34348300
2015-05-07,105.00347137451172,105.43476796729429,104.00286012034557,104.49453797287515,29826100
2015-05-08,105.78844451904297,106.31462697212446,105.58142396439173,106.03859737223456,26357100
2015-05-11,105.84882354736328,106.66829113482724,105.61592625094457,105.7539377574352,28406700
2015-05-12,105.65902709960938,106.02994239628477,104.26163048785895,105.53826459195349,34961600
2015-05-13,105.65902709960938,106.28009518530428,105.23635832281377,105.89193092227652,27214700
2015-05-14,106.78042602539062,106.84080729350353,105.62454757443187,106.16798556851268,23293200
2015-05-15,106.65966033935547,106.72004160568524,106.04721990056375,106.58202352203752,22055600
2015-05-18,107.8672866821289,107.96217246447543,106.24560718825313,106.44400652799517,30846000
2015-05-19,107.72063446044922,107.86728030335358,107.22895660875831,107.65163200733014,23256800
2015-05-20,107.91902923583984,108.22093552132385,107.25482882671157,107.97078271876182,20838500
2015-05-21,107.79827880859375,108.22957543080557,107.37560996152413,107.80690658373595,16229300
2015-05-22,107.33247375488281,108.03117215145966,106.961558410057,107.61713109462299,22601400
2015-05-26,106.30598449707031,106.99606169190916,105.68491633792813,106.90980368782027,44037800
2015-05-27,107.6084976196289,107.7120111688868,105.91781580146498,106.40949364357866,32086300
2015-05-28,107.51360321044922,107.57398446406795,106.76314484599106,107.34970841588566,18631900
2015-05-29,106.86669158935547,107.59127343896357,106.37501363396841,107.4877598658581,33468900
2015-06-01,107.20308685302734,107.73789703120399,106.12484530263711,107.55675324046612,35649400
2015-06-02,107.41010284423828,108.09155226498527,106.51301170359969,106.78904126558015,29477600
2015-06-03,108.4797134399414,108.62635269200285,107.32383522818682,107.617120313373,30774800
2015-06-04,107.39285278320312,108.3589595308374,107.03056522073919,107.89315841578501,25820600
2015-06-05,108.16918182373047,108.27268878936903,106.37498650060988,107.15994942237393,36626500
2015-06-08,107.66887664794922,108.35895379991437,107.45322836059304,108.06566870695697,18798700
2015-06-09,107.34111022949219,107.70339782885294,106.53027043762951,107.57400752020567,23928300
2015-06-10,108.67813110351562,109.10080657085794,107.69477524013904,107.7637842855498,42563500
2015-06-11,108.95415496826172,109.15255431810684,108.60912292150152,108.83339243568277,17489400
2015-06-12,108.62638092041016,108.81615251054069,108.19508424504619,108.61775314420467,23578600
2015-06-15,108.28134155273438,108.51424544129763,106.90982129299606,107.91905392726368,30618300
2015-06-16,109.049072265625,109.24747167279845,108.10022070073094,108.15197420648647,32800900
2015-06-17,108.8851547241211,109.51484414523503,108.66087862430982,109.32507256701507,32467000
2015-06-18,110.34292602539062,110.61896218087287,109.3250657357744,109.39407477464496,39642100
2015-06-19,110.29119873046875,110.54997939716061,110.06692259140686,110.25669420283879,23310900
2015-06-22,111.05024719238281,111.13649861035755,110.54130722918597,110.77421106575898,25230000
2015-06-23,111.28314971923828,111.35215875824417,110.75696731368068,110.99849236913711,23378500
2015-06-24,110.34292602539062,111.36079289607102,110.17903778440325,111.06750119033903,26436800
2015-06-25,110.28254699707031,110.77422489212708,109.7649923571786,110.71385020822176,24100900
2015-06-26,109.98062896728516,110.70520406980616,109.39406534955043,110.49819013315856,38219900
2015-06-29,107.20308685302734,109.60972278322602,107.05644758162967,109.23017965154813,49224900
2015-06-30,107.70338439941406,108.10017647034275,107.21170655271293,107.97941395228027,39631300
2015-07-01,108.02253723144531,108.82474908082752,107.01329829888742,108.48833171593282,28627700
2015-07-02,107.22473907470703,108.24691734323446,106.86957896755678,108.11697813955219,31486400
2015-07-06,107.19007110595703,107.85708916108781,106.39312047682282,106.49707314500695,27852200
2015-07-07,107.31134796142578,107.40663625683362,105.27565608576852,107.31134796142578,39347100
2015-07-08,105.67414855957031,106.85225257675286,105.05911003146484,106.37581763136656,40724500
2015-07-09,106.0552978515625,107.00817431581459,105.91669427400755,106.85224859555643,29770400
2015-07-10,107.5279312133789,107.70984346351736,106.86091962953795,107.27671717014503,28735800
2015-07-13,108.74069213867188,108.83598045717441,108.06501614127794,108.08233828601335,21349900
2015-07-14,109.34703826904297,109.58092349820211,108.62804722436178,108.68002025106803,21009500
2015-07-15,108.76666259765625,109.56361992643623,108.51544857770173,109.41635197750969,22238300
2015-07-16,109.41635131835938,109.78884015825734,109.12182864024484,109.24310346170166,33568400
2015-07-17,108.93989562988281,109.47696784847484,108.5933933736739,109.41633044931184,24739900
2015-07-20,108.35087585449219,109.02655181919519,108.0736752892555,108.95725002564032,23271100
2015-07-21,107.83977508544922,108.97457038834594,107.51060150488152,108.34220313656488,28118700
2015-07-22,108.23824310302734,108.35951791968317,107.3113532277397,107.48460768652075,20654200
2015-07-23,107.04279327392578,108.61937214883726,106.80890806780951,108.27286991731137,39712100
2015-07-24,105.31897735595703,107.1640927460086,105.2410111966406,106.96485837805463,39533000
2015-07-27,104.44406127929688,105.09375063948383,104.1841828916293,104.92916055336225,35627200
2015-07-28,105.3362808227539,105.51819301693243,103.37854872843434,104.74722898061265,53474800
2015-07-29,105.63081359863281,105.9686514861737,104.7905477622944,105.12838564983527,32411300
2015-07-30,105.93402862548828,106.06396783406919,104.82522638236549,105.36229875132533,29383900
2015-07-31,106.514404296875,107.1294427654584,105.87337931129231,106.07261368094142,31812700
2015-08-03,105.98600006103516,106.68766913315797,105.21503580650308,106.5750520699006,34033200
2015-08-04,105.73477172851562,106.51440025381066,105.34496077035895,106.02063662262076,21728900
2015-08-05,105.97732543945312,107.00816800755605,105.60484321694273,106.19388855987931,25673500
2015-08-06,104.54802703857422,106.25454569564431,103.75973401059453,106.08995558892707,42225300
2015-08-07,103.84635162353516,104.33145753774285,103.14468918433674,104.07157913338222,42261400
2015-08-10,105.04177856445312,105.26699945290696,104.21883473531462,104.23616348610769,28798900
2015-08-11,104.14087677001953,104.89451221644755,103.64711310860797,104.36610427088614,33383800
2015-08-12,103.94163513183594,104.24482218360251,102.19180799808166,103.57781066971604,46500100
2015-08-13,103.59513854980469,104.46139109368058,103.42189068462248,104.03692919769647,35698300
2015-08-14,104.26215362548828,104.37476407362739,103.10137181436029,103.50851155537573,21091500
2015-08-17,105.36228942871094,105.40560469739954,103.60379790726023,103.97628674744305,22328200
2015-08-18,104.52204895019531,105.21504711162703,104.40076749773688,105.21504711162703,26360400
2015-08-19,103.4392318725586,104.38344408659009,102.85883757555696,103.86369381957383,45178900
2015-08-20,100.8231201171875,102.74620157529395,100.8231201171875,102.51230971742609,51879800
2015-08-21,99.64502716064453,101.05702300993136,99.07330392928148,99.73165109158047,79168300
2015-08-24,95.75556945800781,99.54975371485482,93.78051445830708,94.86333027910645,83809200
2015-08-25,95.01921081542969,98.83937977705934,94.90659379389581,98.7960711302218,59240200
2015-08-26,97.43609619140625,97.61800844588808,94.78535871856948,96.87303067478175,51605300
2015-08-27,99.17725372314453,99.72299706557924,97.33213814996411,98.14641767106824,49533700
2015-08-28,100.15608978271484,100.22538494145248,98.93467091036182,99.06461007258794,41601400
2015-08-31,99.7922592163086,100.46794154086183,99.41111271025589,99.70563531079573,29250900
2015-09-01,96.93366241455078,98.8567441478228,96.67378400395307,97.98182721505852,45129200
2015-09-02,98.6748046875,98.72677771169133,97.08956135985753,98.24167852862374,26865800
2015-09-03,98.5188980102539,99.73164620186216,98.36297229862113,98.82208505815598,33334500
2015-09-04,97.77394104003906,98.49292573182558,97.26284852912411,97.47941169617648,31154600
2015-09-08,100.00884246826172,100.11279514124499,98.84806736036604,99.23787831833538,29916300
2015-09-09,98.85674285888672,100.84911974788915,98.76145455017547,100.6325566115422,40963000
2015-09-10,99.30720520019531,99.86160637826751,98.5189187100234,98.53624085540794,29877900
2015-09-11,99.77496337890625,99.7922855209827,98.45826248468688,98.8913887354012,27949400
2015-09-14,99.31586456298828,100.08682886885019,99.12528792846366,100.06950011535722,22365800
2015-09-15,100.43331909179688,100.64988222138314,99.38515433767726,99.49776478582851,26745300
2015-09-16,101.299560546875,101.36885571794815,100.30336893777923,100.44196588890703,27127800
2015-09-17,101.64605712890625,102.98875104117866,101.07433396084849,101.28223269387117,50405400
2015-09-18,100.2427749633789,101.2129738685637,99.96557433204262,100.27742586841899,42736100
2015-09-21,100.06082153320312,101.6114141991232,99.68833271838453,100.95306049198257,33021700
2015-09-22,98.54490661621094,99.38517277230093,97.92986800718238,99.1426164706283,35786900
2015-09-23,98.25035858154297,99.11661109580587,97.9471715233474,98.77010876830427,25506800
2015-09-24,98.08574676513672,98.25033020119761,96.90764315732466,97.70459365408567,39810300
2015-09-25,96.79483032226562,98.95799369664361,96.3691503647958,98.87980379460745,43750300
2015-09-28,94.0843734741211,96.56027664387203,93.71949830072505,96.47340412751988,56765300
2015-09-29,93.41543579101562,94.78804400522677,92.94631627623659,94.04092847738767,49980700
2015-09-30,94.86625671386719,95.06606951710614,93.7455897023155,94.24077046135572,50834500
2015-10-01,94.70115661621094,95.2832096414973,93.3285486176383,95.01390291026411,44985900
2015-10-02,96.10851287841797,96.10851287841797,93.05924630842358,93.80636175439153,58019200
2015-10-05,98.4020004272461,98.55837361195294,96.89908663395913,97.00333763307981,45220500
2015-10-06,97.7243881225586,98.74949977690663,97.10758460744346,98.3498808781538,34140000
2015-10-07,99.45317077636719,99.47054262734135,97.84599950142751,98.2543075927712,36371000
2015-10-08,100.34796142578125,100.55645675891623,98.99272519053608,99.3662829192076,43072200
2015-10-09,100.54779052734375,100.89528724738024,100.25242262347936,100.53041867391882,26497200
2015-10-12,100.40009307861328,100.76496160302537,99.96572389394714,100.59121658033803,22984000
2015-10-13,99.02747344970703,101.03426335855131,98.97535127449837,100.00046269726629,37445300
2015-10-14,98.05448913574219,99.68771466754612,97.91548783365833,99.07091130242952,39987400
2015-10-15,100.40009307861328,100.40009307861328,97.87206787038919,98.33249814566365,42503400
2015-10-16,100.26976013183594,100.59988488537097,99.40971118099556,100.59988488537097,33685600
2015-10-19,100.46089172363281,100.95607226606167,99.60084270319255,99.81802726790605,24949500
2015-10-20,100.32191467285156,101.03427990513903,99.93097841092121,100.40878718840895,20531400
2015-10-21,98.79291534423828,100.75626565487622,98.73210393155222,100.70413685261182,34060300
2015-10-22,99.66165161132812,100.26976572606294,98.80160261250408,99.39234487879509,36882600
2015-10-23,100.64332580566406,100.817077433932,99.67034319915126,100.46958080534303,40172500
2015-10-26,99.95703887939453,100.66072149530127,99.84410527266907,100.42615841401634,19783300
2015-10-27,98.86241149902344,99.79196112377547,98.25429077187331,99.54870885614747,38189200
2015-10-28,101.74663543701172,101.76400728728775,98.96666880857794,99.15779230135152,65529900
2015-10-29,100.66072082519531,101.73795458570306,100.39140741410738,101.41651899154236,27252000
2015-10-30,100.20028686523438,100.7997185000688,99.97441964661554,100.39141037941047,28018700
2015-11-02,102.28526306152344,102.57194834021071,100.26979012629953,100.29585121928048,33836900
2015-11-03,102.815185546875,103.40592790809157,101.9811975006777,102.1549425248217,28626300
2015-11-04,102.7630615234375,103.37986496442615,102.24181983239968,103.07580786364973,25696000
2015-11-05,102.84125518798828,103.03237870720551,101.72058179362683,102.71963233538611,27141300
2015-11-06,103.57096862792969,103.69259144494649,101.89430364711653,102.51979620774372,35141300
2015-11-09,102.354736328125,103.63178256591837,101.87692765822048,103.44065909795656,32983100
2015-11-10,102.65879821777344,102.65879821777344,101.60762572237424,101.92037202506539,21892200
2015-11-11,101.76399993896484,102.8064832068832,101.71187776395301,102.78042211937729,22037600
2015-11-12,99.81803894042969,101.19932975211832,99.67035500986191,101.06033506098034,39916100
2015-11-13,99.09698486328125,100.20027966867328,98.74080558076484,99.41842044385025,43883000
2015-11-16,99.94837951660156,99.98312322833114,98.48020914791704,99.00145098720546,28979100
2015-11-17,99.56610870361328,100.9039666369742,99.4271073779897,100.03522823567086,34441000
2015-11-18,101.25148010253906,101.33835263147635,99.48793528816125,99.84412127313803,35554300
2015-11-19,100.82575988769531,101.33831890535554,100.54776391084555,101.1558846669179,25512500
2015-11-20,101.47732543945312,101.95513418735524,101.10376768053358,101.19064681865954,31697700
2015-11-23,101.98120880126953,102.41557803771005,101.36440528087782,101.39046637459248,22716400
2015-11-24,102.72833251953125,102.87601648086,101.2601622636361,101.53815833176338,24994500
2015-11-25,103.52754974365234,103.65786182446682,102.60668919433951,102.77175160523436,20772600
2015-11-27,103.91847229003906,104.1617179405951,103.27560121020169,103.61440859889714,14129300
2015-11-30,103.46672821044922,104.3094054056811,103.42329527305458,104.26596584033935,30165400
2015-12-01,104.15303802490234,104.17041650318153,103.29298893261196,103.90979235257355,27899900
2015-12-02,103.0323486328125,104.28333375493663,102.9020365779335,104.01402703534741,22238300
2015-12-03,101.29490661621094,103.77080998731188,100.89528770613401,103.31906888877451,39485400
2015-12-04,102.31999969482422,102.45031177022942,101.0690143756502,101.29488819782273,32669900
2015-12-07,100.7823257446289,102.22442778603221,100.34795662175672,102.19836669913137,29621400
2015-12-08,100.22634887695312,100.7823409076445,99.43579377296982,99.87016296119418,30946000
2015-12-09,99.10568237304688,100.92134252293509,98.68868500745509,99.93098123609637,41980400
2015-12-10,99.43577575683594,99.97439583870624,98.7320999203503,98.94059523709667,31278800
2015-12-11,97.22050476074219,98.46279414680436,96.89037997019956,98.40198273190659,52609300
2015-12-14,96.5255355834961,97.62883056583638,95.80448103541096,97.18577870149868,53400400
2015-12-15,97.9155044555664,98.132689055981,96.95120429948972,97.06414453359204,48273900
2015-12-16,99.40973663330078,99.60086014418758,98.01975650132601,98.59312040603832,44560600
2015-12-17,98.34986877441406,99.8527890509769,98.14137342419096,99.82672796069247,41318000
2015-12-18,96.84695434570312,98.0718719748383,96.81220401628791,97.87206586563534,49876600
2015-12-21,97.57669067382812,97.84599743991367,96.86432549583762,97.44637859645049,26479300
2015-12-22,98.47148132324219,98.61916523805147,97.1162517465039,97.85467794849728,28108700
2015-12-23,99.71376037597656,99.87013350273023,98.80158932653507,98.9666450623697,29609700
2015-12-24,99.90225982666016,100.47811884271778,99.59688307119657,99.84991142764183,13370500
2015-12-28,99.43983459472656,99.52708414829172,98.55859879327573,99.44856154709736,22125500
2015-12-29,100.51299285888672,100.59152209812854,99.52706049020452,99.88479222851554,22841500
2015-12-30,99.50089263916016,100.64387690247798,99.46599149246249,100.38212828731515,21273200
2015-12-31,98.26192474365234,99.43981006804387,98.16594826138886,99.08207833293223,39517700
2016-01-04,95.98468017578125,96.70013701537364,95.17324685042657,96.5081840438491,66665900
2016-01-05,96.19409942626953,96.48202894053098,95.58334590212174,96.33370403562569,28253300
2016-01-06,94.72826385498047,95.62694669931867,94.23093419079754,94.8416875830528,35569200
2016-01-07,92.19801330566406,93.79470618058222,92.04096143834893,93.11415030778815,52482000
2016-01-08,90.61002349853516,92.91344584082603,90.44425137880545,92.37249472900358,60299300
2016-01-11,90.21742248535156,91.42148238286592,89.26638431343565,90.9241525712062,47144800
2016-01-12,90.48788452148438,91.60469469168133,88.94354691416501,90.93286586191756,53702900
2016-01-13,87.58244323730469,91.10738008273566,86.94551545168963,90.66240532513001,70591600
2016-01-14,88.79521179199219,89.6153721400602,86.54414429552752,88.00123229783749,69373400
2016-01-15,87.35557556152344,87.50390044651381,85.07832726669184,86.44816569268477,85759200
2016-01-19,86.17768096923828,88.29787736664588,85.2789980774921,88.18445363259012,51391100
2016-01-20,86.535400390625,87.53878657922705,82.94066267950457,85.0085103904473,94385800
2016-01-21,86.33472442626953,88.0448471623407,85.83739478409231,86.66628195886263,65798200
2016-01-22,88.44622039794922,88.65562064830793,87.36430468154904,87.81801299015916,46056700
2016-01-25,86.4830322265625,88.19314783682792,86.24745123837135,87.89649152886696,35019600
2016-01-26,88.21063995361328,88.47239526106135,86.53542462474476,86.83207442691952,33349600
2016-01-27,86.99786376953125,88.63817814563899,86.43073163917697,87.7656692240831,47973900
2016-01-28,86.98040008544922,88.07975632605593,86.57031990472663,87.73075814874724,41951100
2016-01-29,89.83349609375,89.85094999573094,87.21596996051703,87.28577225501441,42245300
2016-02-01,89.42342376708984,89.94692770824764,88.34151473446855,89.11804702280727,33615700
2016-02-02,87.49519348144531,88.53348122697457,87.05021206811638,88.41133051064345,39692700
2016-02-03,87.60861206054688,88.18446440874706,85.6280133509697,88.17573745684155,55262500
2016-02-04,87.9488754272461,88.96970895993796,87.2246916431808,87.25086583785811,51188400
2016-02-05,85.54076385498047,87.63478631376938,85.47096155312093,87.55625705999894,53366600
2016-02-08,84.13600158691406,84.642058154617,82.83596568279842,84.642058154617,61107700
2016-02-09,83.56888580322266,84.74677126737174,82.90577729891791,83.00175379256913,55857200
2016-02-10,83.61251831054688,85.43605847262403,83.48164066169457,84.15346949595623,42756100
2016-02-11,82.70510864257812,83.23733953469642,81.7017222071069,82.08562820318272,57923200
2016-02-12,84.275634765625,84.45014054650734,83.05412758302313,83.464207847203,40097300
2016-02-16,86.27366638183594,86.46561937987147,84.8253052582553,85.3226350001138,38882100
2016-02-17,87.62604522705078,88.2018974827175,86.8407860995845,86.87568724488443,40940400
2016-02-18,87.20723724365234,87.80927034463957,86.84951215725305,87.69584661611545,35043600
2016-02-19,87.64350128173828,87.73947777678295,86.47434275186839,86.86696902671402,32424800
2016-02-22,88.62069702148438,89.00460293037219,88.33276758981852,88.42001711728058,28867400
2016-02-23,87.80927276611328,88.5509038106039,87.73075018036492,88.33277664124118,29857100
2016-02-24,88.65563201904297,88.83885809369616,86.35220899952449,86.91934112966904,36909600
2016-02-25,89.467041015625,89.51938940637609,88.4636547003801,88.81265950438436,22612600
2016-02-26,90.03418731689453,90.27848872155853,89.60665320201852,89.92075690993337,27474700
2016-02-29,89.63282775878906,90.76708515168575,89.62410080731755,89.9818259370874,32014400
2016-03-01,91.5610580444336,91.5610580444336,89.92946450489038,90.40934691555385,36422700
2016-03-02,92.50337982177734,92.56445517136007,91.25569197454722,91.43019772815057,24937100
2016-03-03,93.47185516357422,93.48930906543234,92.41612042940501,92.52955082134334,28216300
2016-03-04,93.98663330078125,94.51013716198813,93.07049655113465,93.41950134417682,38180900
2016-03-07,95.00749969482422,95.09474925908903,93.54168438234414,93.54168438234414,38739900
2016-03-08,92.7127914428711,94.4839833275931,92.60808798538228,94.4839833275931,46193900
2016-03-09,93.18392944335938,93.36715546687537,92.54699517966885,93.02687761510096,25627200
2016-03-10,92.42486572265625,93.78597744233265,91.44765338277493,93.44569951241354,47051200
2016-03-11,94.4054183959961,94.518848762924,93.0617611445644,93.17518485478061,33625000
2016-03-14,94.1611328125,94.52758485139975,93.70743123910691,94.11751137360972,24422700
2016-03-15,92.69532012939453,93.60272995373666,92.51209410573597,93.54165461251714,34258400
2016-03-16,93.34970092773438,93.64635733762351,92.25034479414992,92.25034479414992,37952200
2016-03-17,94.7806396484375,95.19071989754094,92.77387316743024,93.34972558138375,41724500
2016-03-18,95.63566589355469,95.93231561524505,94.84167989130313,94.90275522557539,36512600
2016-03-21,95.4088134765625,95.92359700880428,95.17323908500256,95.48734271155735,29903700
2016-03-22,95.29541015625,95.70549034852482,94.64102857029155,94.91150416233931,23602100
2016-03-23,93.53377532958984,95.03024496180397,93.46377009121011,94.9864925224046,39243300
2016-03-24,93.81382751464844,93.83133383386142,92.53613995698561,92.97370446344704,30924300
2016-03-28,93.92758178710938,94.32138710192247,93.2449823471916,94.01509333743414,21096400
2016-03-29,96.53547668457031,96.56172948597973,93.4375192608769,93.6738078269703,46761100
2016-03-30,96.54421997070312,97.2443257613104,96.30793810547776,97.04304317658213,35683500
2016-03-31,96.81549072265625,97.28806104648719,96.56170258522653,96.68422675217748,28555900
2016-04-01,97.24432373046875,97.33183528329116,95.80911289872991,95.9228772497287,29981400
2016-04-04,96.43046569824219,97.41935905490377,96.35170061713048,97.06055964031852,21529400
2016-04-05,95.33654022216797,96.14165717161131,95.2490219947344,95.71284589934092,32515800
2016-04-06,96.41294860839844,96.50046016242035,95.03024335406006,95.32779064977886,28157800
2016-04-07,95.1090087890625,96.15916079473726,94.62768522505112,95.71284986451248,33298400
2016-04-08,95.48527526855469,96.32539786341916,95.06521063277201,95.9228395373404,26151700
2016-04-11,95.18777465820312,96.74550982552765,95.17027501663954,96.03665082317593,25842100
2016-04-12,96.21165466308594,96.42168368870088,94.89020841199134,95.20525528876492,25058700
2016-04-13,98.28572082519531,98.39073869275127,96.71049287207627,96.7717516256414,40534700
2016-04-14,98.16319274902344,98.62700992989302,97.90940460394896,98.24195781038577,25538600
2016-04-15,98.40821838378906,98.5657418148394,97.89189566221975,97.92690161097562,21176100
2016-04-18,99.1521224975586,99.23088090601854,97.90068770840361,97.99695243654666,19428300
2016-04-19,99.23086547851562,99.87845899531044,98.79330102833195,99.33588335017302,23228100
2016-04-20,99.3796157836914,99.94845078976235,98.86329304123008,99.23084550298583,21422500
2016-04-21,98.88081359863281,99.69468375140184,98.59202613284022,99.30087841287322,20535700
2016-04-22,99.86094665527344,99.93095856080797,98.87205352723379,98.87205352723379,29094500
2016-04-25,99.1521224975586,99.6859517439138,98.7233044624833,99.58968701577076,16369600
2016-04-26,100.12348937988281,100.22850056296818,99.03832485884604,99.47588925957615,30564100
2016-04-27,100.47354125976562,100.68357699125914,99.67717747713827,100.18475381319274,24360300
2016-04-28,99.32711791992188,100.63981110829089,99.05583013087052,100.00096415220206,26126500
2016-04-29,98.43450164794922,99.292124231328,97.76940181421409,98.89831889685664,33284500
2016-05-02,99.30962371826172,99.33587651519379,98.17195355538212,98.74078863682192,21881000
2016-05-03,97.681884765625,98.50450134551956,97.07804372180718,98.49575486423471,37929600
2016-05-04,96.87674713134766,98.00566398715551,96.58795972655676,97.13053526265661,30767200
2016-05-05,96.4917221069336,97.42810983781644,96.35169826690796,97.27058635613969,26249200
2016-05-06,97.06053924560547,97.07803888400635,95.86161037570552,96.0891457351346,25497400
2016-05-09,97.34058380126953,97.91816536372644,96.8155011559592,97.06928932073835,23427000
2016-05-10,98.32073211669922,98.36449123306475,97.20056817546038,97.716897706418,18635300
2016-05-11,97.10430145263672,98.25071816930472,97.02554305685203,98.10194785946456,23604600
2016-05-12,96.58795166015625,97.56809147665061,95.82658732981359,97.30555688724752,34803000
2016-05-13,95.94912719726562,97.08679738026747,95.70409218596141,96.31667971422192,24510300
2016-05-16,97.16553497314453,97.59434615113531,96.1503891898008,96.1941416171947,27337000
2016-05-17,95.62532043457031,97.50684867803284,95.18775603733265,97.03427832781182,46676300
2016-05-18,96.12415313720703,96.84176522965795,95.20527181767264,95.22277145755274,35734400
2016-05-19,95.3540267944336,96.06287893792246,94.50515084760238,95.42403869610476,36995600
2016-05-20,96.95553588867188,96.95553588867188,95.59033688128312,95.64284248104302,37404500
2016-05-23,96.84175109863281,97.48059134994223,96.70172729321006,96.9380091189828,23721700
2016-05-24,98.83705139160156,99.08208639373296,97.37558118311259,97.4105871372318,41124300
2016-05-25,99.41462707519531,99.67716837724224,98.95956305191035,99.15209244985107,26202900
2016-05-26,99.30087280273438,99.78218966966517,99.10834338528072,99.56340745468663,15157200
2016-05-27,100.28974914550781,100.28974914550781,99.33586205343023,99.37961448304628,21265100
2016-05-31,100.63983154296875,101.11240198794023,100.20226705799932,100.48230806131158,32764400
2016-06-01,101.3223876953125,101.47115795410483,100.13221227157133,100.29848884122234,26806100
2016-06-02,102.10128021240234,102.10128021240234,100.96361672584472,101.06862791360817,23303300
2016-06-03,101.48869323730469,101.92625765986669,100.63981718926188,101.92625765986669,28733200
2016-06-06,102.5826187133789,102.89766567604484,101.52371346313674,101.58497222383822,26946000
2016-06-07,102.88013458251953,103.24769373491833,102.35505866342453,102.64385275577267,21038500
2016-06-08,103.6414794921875,103.82525569543556,102.95888025820865,102.96763341361131,27999900
2016-06-09,102.97642517089844,103.21271373375689,102.6438785630914,103.21271373375689,23440700
2016-06-10,101.5761947631836,102.2850469212412,101.24364823846452,102.02251229963221,32686800
2016-06-13,100.47354125976562,101.67247018940392,100.28101184424818,101.20865296658644,36169500
2016-06-14,100.18475341796875,100.73608218838196,99.47589451120523,100.10598834979359,34267600
2016-06-15,100.25473022460938,101.12985882413061,100.16721869999752,100.5435242648597,24197700
2016-06-16,100.24598693847656,100.28098620807488,98.79327021218849,99.51962857533252,36306600
2016-06-17,99.81717681884766,100.56978803071166,99.48463031834811,100.12347720347066,30096400
2016-06-20,100.90237426757812,101.9087672552384,100.90237426757812,101.33993875845799,28219800
2016-06-21,100.70982360839844,100.99861771395256,100.05347701034063,100.93735228849908,34706800
2016-06-22,100.31600952148438,101.40992049510709,100.19349202657484,100.90235087764022,27226100
2016-06-23,102.2325668334961,102.31133191331801,101.27867945331485,101.35743785643254,30240300
2016-06-24,98.34696197509766,99.79967883776004,97.5768511143105,97.96190988305517,74945400
2016-06-27,95.11775970458984,97.20056402663624,94.68019526642605,97.20056402663624,58358800
2016-06-28,96.58795166015625,97.03426246515204,95.88784606834449,95.95785796286602,42040600
2016-06-29,98.78450012207031,98.93327703751577,97.60307801295902,97.75184825170406,34031600
2016-06-30,100.6222915649414,100.65729083420915,98.51322838802923,98.99455179922954,42973800
2016-07-01,100.9811019897461,101.47117193408684,100.4647792522017,100.68356143116841,24401900
2016-07-05,99.49339294433594,100.86734485923837,98.95081069816133,100.65730914521437,29347200
2016-07-06,100.21583557128906,100.32143022915207,98.82553611960864,99.02792420216926,24678300
2016-07-07,100.42700958251953,101.18375444903326,99.79346182966059,100.50620724748522,20780600
2016-07-08,102.76765441894531,103.0316310064187,101.32456092462662,101.4125531204511,37964800
2016-07-11,103.9555435180664,104.2107255305104,103.3659885479576,103.44517949317844,26987300
2016-07-12,105.34584045410156,105.96179239259125,104.56269868371928,104.71228605258496,44153000
2016-07-13,104.93228149414062,105.9354071700965,104.66829822641608,105.88261320190094,28050200
2016-07-14,105.0378646850586,105.90899863211799,104.97626949109222,105.85620466968186,19345400
2016-07-15,105.32826232910156,105.62744384933694,104.95869108061153,105.49545219962646,23857300
2016-07-18,105.50423431396484,105.90020247796579,105.00267150665627,105.1786558654627,17422400
2016-07-19,104.97628021240234,105.56583523105968,104.65070174625845,105.38104963028827,19734100
2016-07-20,105.6626205444336,105.97939775385485,104.65949495239053,105.19625596205584,22390500
2016-07-21,105.16105651855469,106.12018265398285,104.93227148923214,105.60102411389738,19018700
2016-07-22,105.9442138671875,106.16419769718026,105.02027909586842,105.2226671733462,17796100
2016-07-25,105.78580474853516,105.9969873046739,105.38103538536409,105.72420955660418,13694600
2016-07-26,106.29618072509766,106.44576810616257,105.52183340970622,105.76821420519506,19551100
2016-07-27,106.59535217285156,106.88573240709454,105.90020254240912,106.4721617789375,21064700
2016-07-28,106.32257080078125,106.68334073834455,106.0585875579806,106.36656353233286,16540100
2016-07-29,106.53377532958984,107.14093288517697,105.63624420310701,106.21699805827258,30267900
2016-08-01,106.62174987792969,107.08811447424675,105.97940092150645,106.64814686060832,34771700
2016-08-02,105.13467407226562,106.65695840312455,104.80029435701728,106.61296566553173,28691000
2016-08-03,105.98821258544922,106.03221203927988,104.80030117913626,105.03788748842331,17830300
2016-08-04,106.08499145507812,106.63935495842291,105.82101490844205,105.98819804063294,17526700
2016-08-05,107.6160888671875,107.8624696747396,106.44577331794152,106.77134507933243,28643400
2016-08-08,107.56330871582031,108.10006988331646,107.37852307488512,107.66010215345895,14625700
2016-08-09,107.67769622802734,107.90647459608878,107.47530813418534,107.58969731821605,12487700
2016-08-10,106.90332794189453,107.88005657265124,106.60415318967071,107.68646975021328,19138100
2016-08-11,107.4136962890625,107.70407653436732,106.97372866164545,107.37849807326435,21144600
2016-08-12,107.51927947998047,107.7568590195867,107.02651122468541,107.20250228492382,12251200
2016-08-15,108.5840072631836,108.83918928205372,107.73046902743214,107.75686600983717,22048000
2016-08-16,107.7040786743164,108.33763314452463,107.58088827326185,108.30243492802714,20244300
2016-08-17,107.38729095458984,107.79206033473187,106.76253777784633,107.73926637182677,20632600
2016-08-18,108.17921447753906,108.20561145423645,107.38727160976038,107.4224698164807,16244600
2016-08-19,108.17921447753906,108.29360361435153,107.59845413671087,108.0296204206348,17379500
2016-08-22,108.4256362915039,108.53122423829856,107.64249435703144,107.95047039080589,16929700
2016-08-23,109.18235778808594,109.51673073673935,108.7687871829733,108.7687871829733,21539400
2016-08-24,108.29363250732422,109.33195638580075,108.02964924317618,109.05917860265487,21533400
2016-08-25,108.50479888916016,108.83917853560267,107.88884698261703,107.897648213674,17023200
2016-08-26,108.28483581542969,109.47275384053295,107.61608982139394,108.62801004518774,26734400
2016-08-29,108.84798431396484,109.26155494258857,108.44321491730861,108.46961189983813,14013900
2016-08-30,109.05036926269531,109.26155183028894,108.56640221886327,108.9623770856457,14031300
2016-08-31,108.43444061279297,109.015194476824,107.83608428154552,108.91840104725645,29236300
2016-09-01,108.51361083984375,108.7863886092063,107.36969237083505,108.53120659032365,22964700
2016-09-02,109.56074523925781,109.57834099123798,108.78639788466027,109.12077759264504,23083300
2016-09-06,109.66629791259766,109.96547930704108,109.08554429677541,109.92147987117926,13711000
2016-09-07,110.35266876220703,110.37906574217952,109.53432881619824,109.59592400725815,17830500
2016-09-08,110.13268280029297,110.35266658021042,109.78950192731932,110.26466769754569,16265500
2016-09-09,106.6921615600586,109.29676939954875,106.6569633403308,109.27037241309641,54239000
2016-09-12,108.17921447753906,108.20561145423645,106.10256727464005,106.19936066477808,33408100
2016-09-13,106.10259246826172,107.49289175366384,105.48663377445634,107.4048928592823,47536200
2016-09-14,106.12020111083984,106.88574727669722,105.84742330256402,106.26978850806375,30545500
2016-09-15,107.38729095458984,107.51928257522528,106.04099119352834,106.19057856400791,29499800
2016-09-16,107.22891235351562,107.38730097037619,106.56015966972959,107.38730097037619,31940500
2016-09-19,107.94163513183594,108.71598230223337,107.34327900624335,107.63365919514239,22807000
2016-09-20,107.4841079711914,108.43443979246095,107.4841079711914,108.4080360918361,16877900
2016-09-21,109.04157257080078,109.08557201784384,107.44009071367996,107.86246257982496,30784700
2016-09-22,110.60787200927734,110.69587091593091,109.69274514312117,109.75434034975426,36287700
2016-09-23,109.82471466064453,110.76624509466188,109.82471466064453,110.48466608766715,26118000
2016-09-26,108.734130859375,109.56355158575741,108.6194187961192,109.23707997662285,20028000
2016-09-27,109.1753158569336,109.30766557471428,108.3635327736162,108.6811855601472,16939500
2016-09-28,110.0135498046875,110.08414080086698,108.59293798323296,109.36941874542354,19426400
2016-09-29,108.40764617919922,109.97825888395907,108.26646418096416,109.96061450014379,26657700
2016-09-30,109.5988540649414,110.1018032142093,108.40765942003631,108.9017830103545,31764500
2016-10-03,109.25471496582031,109.5017767240036,108.64587939606291,109.26354052344915,18674300
2016-10-04,108.71646881103516,109.68707144631301,108.22234530185979,109.43118413422494,26057300
2016-10-05,109.36941528320312,110.01354632207634,109.10470915380152,109.14000465077395,24317300
2016-10-06,109.25471496582031,109.43118572682894,108.37234769692112,109.19294952627449,18937100
2016-10-07,108.3812026977539,109.69592840063667,107.85178353897619,109.44886657533574,28732700
2016-10-10,109.6782455444336,110.06648253433941,108.38116468460642,108.38116468460642,21481700
2016-10-11,107.67525482177734,109.51057998304069,107.06641937599129,109.45764011190333,31931300
2016-10-12,107.58702850341797,108.18703844381139,107.23408029166997,107.72820374896084,20210400
2016-10-13,106.69586181640625,107.12822667895666,105.98114639387873,106.7576272636379,26302500
2016-10-14,106.26349639892578,107.50763081697123,106.23702645648862,107.08409827411982,24554600
2016-10-17,106.13993835449219,106.63406177202833,106.02523305597177,106.39582561912388,17119500
2016-10-18,106.74879455566406,107.27821356765315,106.46643730047468,107.22526695410465,19158900
2016-10-19,107.19879150390625,107.60467961663522,106.32524984242276,106.91643426322838,18477400
2016-10-20,106.88111114501953,107.64877285031427,106.2458125666223,106.88993669986455,20485600
2016-10-21,106.82821655273438,107.09292945486082,105.97231913204477,106.11350114169322,21093700
2016-10-24,107.50761413574219,108.18704063520656,107.16349147359746,107.68409161115446,15421600
2016-10-25,106.70468139648438,107.63998861128107,106.4134985621663,107.48116222273744,16459800
2016-10-26,105.64582061767578,106.7664239232521,105.40757772003401,105.98111770732946,24975300
2016-10-27,104.4369888305664,106.00760146721075,104.1987459018591,105.98995708416068,29525700
2016-10-28,104.14581298828125,105.02818030223017,103.8987512174841,104.39287475907841,35473700
2016-10-31,104.56049346923828,104.68402431537358,103.94283923856179,104.27813628779671,20311800
2016-11-01,103.28105926513672,104.73695941863404,102.60163291037378,104.70167066299459,34147200
2016-11-02,101.96634674072266,103.23695760391055,101.81634593935385,103.12225229673332,29859900
2016-11-03,101.47223663330078,102.56637016945042,101.36635013679802,102.27519408494193,22717500
2016-11-04,102.12518310546875,103.14873234153642,101.5163542838071,101.73694609517398,35237200
2016-11-07,104.62226104736328,104.84285281028106,103.86342484437203,104.11931209718782,32370900
2016-11-08,104.89580535888672,105.40757992638117,103.86343739930206,104.38403752331944,26196800
2016-11-09,108.12529754638672,108.3811848896693,104.16346996865244,104.18993991245257,77416800
2016-11-10,109.85470581054688,110.64883756038199,108.19585805794554,109.6429395878998,83440700
2016-11-11,112.37828826904297,112.69594100281526,109.8988385661408,110.32237105655216,95612800
2016-11-14,113.95772552490234,114.93715371588084,113.28713125851887,113.78125476678625,83119400
2016-11-15,114.3106918334961,114.61069349841003,113.20773265614444,113.6930373869506,38704500
2016-11-16,114.30182647705078,114.7077212609928,113.8518241098602,114.04594594602554,42325500
2016-11-17,114.9724349975586,115.44008848009373,114.48713040327117,114.66360112923385,42576900
2016-11-18,115.5812759399414,115.66950457518955,114.97244046215702,115.31656310648899,41380600
2016-11-21,116.11951446533203,116.4724559158995,115.2459661989756,115.86362046939531,32293100
2016-11-22,117.17837524414062,117.26660389214585,116.18129592830425,116.57835850396768,39681500
2016-11-23,117.91073608398438,117.92837373443355,116.5607153125813,116.89600570123444,37939200
2016-11-25,118.29895782470703,118.32542775931553,117.8312908976336,117.99894279272264,13373400
2016-11-28,116.76366424560547,118.23721599344309,116.60483113336424,118.2107460520456,32505700
2016-11-29,116.70187377929688,117.43424012548876,116.56070526859145,116.92246556560092,27993700
2016-11-30,116.12832641601562,117.43422586244756,116.03126550327627,117.28422508164175,32491200
2016-12-01,115.56361389160156,116.95775544959344,114.96359729496518,116.6930426411907,39815900
2016-12-02,115.50187683105469,116.00483266623048,115.1665864047943,115.53717906362324,24054100
2016-12-05,117.4872055053711,117.64603862719535,116.37542750802956,116.44601851063399,27547100
2016-12-06,118.75780487060547,119.04016885307655,117.12543353745765,117.81367891491124,27820000
2016-12-07,119.91366577148438,120.16072744584032,118.39599350681125,118.75776719563656,31825800
2016-12-08,121.80194854736328,121.95196280253887,119.825454860433,120.22251736262143,49048900
2016-12-09,122.04021453857422,122.49023046159002,121.54609102329539,122.1196243612749,34313500
2016-12-12,120.75199127197266,122.26966436752973,120.45197610556062,121.72258739150224,34592900
2016-12-13,120.76079559326172,121.81081488992446,120.21373214680843,121.35198009981612,32624600
2016-12-14,119.25192260742188,121.19314123336736,118.95192098845034,120.37253272988039,45923700
2016-12-15,120.14312744140625,121.00784357256866,119.08428943902392,119.4460497773377,41352500
2016-12-16,119.92256164550781,121.35199258562706,119.67549984015038,120.31080547217196,39348200
2016-12-19,120.7078628540039,121.05198560099696,119.92255640759114,120.03725501401682,33393900
2016-12-20,121.73136138916016,121.95195314667151,120.87546429290792,121.13134480752603,31753600
2016-12-21,120.9372787475586,121.89905602245561,120.89315768294178,121.63435656247191,23215900
2016-12-22,119.89442443847656,121.16140743828716,119.44255240183747,120.99306401439324,34737900
2016-12-23,120.53234100341797,120.6032231590889,119.85012560393923,120.0184690337341,17081400
2016-12-27,121.07278442382812,121.648696768102,120.68295291493972,120.7006633112166,13571700
2016-12-28,119.8323974609375,121.36518515504606,119.46027629632441,121.28544780249791,22712400
2016-12-29,119.9387435913086,120.72728915119471,119.3362654194368,119.86786142060748,21312900
2016-12-30,119.4780044555664,120.16908857429185,119.07929063989579,120.14250945583233,28399300
2017-01-03,120.0716323852539,121.23229900510445,119.16790176118982,120.9310599702129,29792400
2017-01-04,122.07402038574219,122.23350864578732,120.50578450568995,120.54123234987392,34499400
2017-01-05,120.665283203125,122.05630702136186,120.06279147440503,121.81709488968967,30286900
2017-01-06,120.22225189208984,121.12598251607417,120.21338317263596,120.86017780085649,23436000
2017-01-09,119.43367767333984,120.24880202261518,119.1678730222012,120.08931382417754,24077900
2017-01-10,120.57665252685547,120.83360204917042,119.39826195474468,119.61090843672362,21684900
2017-01-11,120.78929138183594,121.1968468806574,119.98302206455622,120.70068530675879,27428800
2017-01-12,119.8590316772461,120.69188046064247,118.36167761170086,120.63872220117368,41844200
2017-01-13,120.72726440429688,121.35633509070124,120.18679979295416,120.18679979295416,27784500
2017-01-17,119.08817291259766,120.22226049390609,118.84009209914834,120.14252312945247,28197800
2017-01-18,119.4780044555664,119.55774181094499,118.68059034361401,119.39825358079898,21289700
2017-01-19,118.50338745117188,120.00074082767574,117.98950198045888,119.73493613325338,34105900
2017-01-20,119.11474609375,119.50459121526863,118.50339929131303,118.50339929131303,29286100
2017-01-23,118.61857604980469,119.32737056278846,117.94520233532586,118.75147164114196,20537000
2017-01-24,120.43488311767578,120.74499086753728,118.91981924567389,119.02613572247705,34313800
2017-01-25,121.56897735595703,121.87021636972902,121.33860697651737,121.4360682479599,29127300
2017-01-26,121.08163452148438,121.82587663225829,120.86898812438423,121.68411236752486,22255600
2017-01-27,120.665283203125,121.41838096478426,120.18683190099553,121.17916883311209,19467800
2017-01-30,118.9818115234375,119.82352854639628,118.05151547808191,119.81465982864714,40464400
2017-01-31,119.81470489501953,120.10708878359331,118.26419287704432,118.60973501456027,32945000
2017-02-01,119.7437973022461,121.26772987222638,119.34509700043021,120.69183093842446,30010500
2017-02-02,119.44255065917969,120.20451689557989,119.15903556995933,119.87669877134093,19935700
2017-02-03,121.26773071289062,121.36519198906693,120.06276107988762,120.48805402286924,24534100
2017-02-06,120.35517120361328,121.18801983300997,119.99190513855437,120.85133289277078,23691500
2017-02-07,119.82356262207031,120.91334718357054,119.4071383510419,120.33744818034774,30342200
2017-02-08,119.61087799072266,119.82352441857414,118.62741023091237,119.82352441857414,32956900
2017-02-09,121.29427337646484,121.60438103092797,119.610866587798,119.610866587798,28267600
2017-02-10,122.21575927734375,122.59673564695505,121.56010949036576,122.0828501684137,27287600
2017-02-13,122.53470611572266,123.34097530473397,122.34863879541744,122.95113026743678,23245100
2017-02-14,122.94229125976562,123.11063470467894,121.92338890919247,122.21577275782242,27145000
2017-02-15,123.67764282226562,123.83713102071125,122.33092269003184,122.43723914273815,20253500
2017-02-16,123.33212280273438,123.89916651716165,122.4549848728762,123.5624931838192,24613600
2017-02-17,123.25239562988281,123.29669866985775,122.4904293082386,122.66762794874872,26703200
2017-02-21,124.21810150146484,124.32443146857453,123.49158324304047,123.49158324304047,21353500
2017-02-22,123.6688232421875,124.05866837357145,123.37643939364953,124.04094445322035,14890800
2017-02-23,122.93341064453125,124.04977404718866,121.99424585063716,124.00548453453828,24596200
2017-02-24,122.84481811523438,122.84481811523438,121.64871723475774,121.79048154514257,24512300
2017-02-27,124.0408935546875,124.0408935546875,122.45494807848175,122.57011971502965,28269000
2017-02-28,122.12712860107422,123.58017867134777,122.05624646113577,123.4915861359641,40184100
2017-03-01,124.35987854003906,124.80288181019888,123.61563629082343,123.73080794788189,35719800
2017-03-02,122.93341064453125,124.35988175206491,122.83594938180335,124.33330263671978,25937000
2017-03-03,122.84481811523438,123.52704702949627,122.16260272036122,122.97772722599095,30989800
2017-03-06,122.00311279296875,122.2423383734894,121.37405564339961,122.07399494717446,23892100
2017-03-07,121.20572662353516,122.03857513520833,121.03738317721098,121.73732256418026,29711300
2017-03-08,120.40828704833984,121.9322194251409,120.30197058650309,121.63098043701186,34115100
2017-03-09,119.92986297607422,120.93105483590666,119.51343876106722,120.34628719108123,35223800
2017-03-10,120.46144104003906,120.77153518114419,119.46910463810087,120.7538112669885,39516600
2017-03-13,120.74496459960938,121.19682304711074,120.1867761790476,120.1867761790476,21295000
2017-03-14,120.16914367675781,120.34634238753713,119.22110961902608,120.2754601993464,30037800
2017-03-15,122.0297622680664,122.2867119151319,120.47039453464137,120.75390979553849,31230400
2017-03-16,122.18915557861328,122.72075134922655,121.87904790621616,122.46381542133801,25306600
2017-03-17,122.67647552490234,122.9156875646371,121.65755985864891,122.39294693344101,33324600
2017-03-20,122.1448745727539,122.72964219330369,121.71072645700241,122.51699573508878,19091200
2017-03-21,118.69831085205078,122.80052592870231,118.65400781609483,122.72077505622622,61869000
2017-03-22,118.7248764038086,118.99953626820805,117.64394734305878,118.46794045564403,46332600
2017-03-23,119.4159927368164,120.23111735215757,118.40594554830771,118.72490852990997,37764600
2017-03-24,119.50215148925781,120.37293439585194,118.94235569871739,119.910880512258,33514400
2017-03-27,119.72433471679688,120.01756054481831,117.64509825976496,117.96497974866818,35596700
2017-03-28,120.65725708007812,120.75499897991155,119.1911421408928,119.31553968992479,26891900
2017-03-29,121.04821014404297,121.27924382044289,120.22185800148299,120.57727565366301,22119500
2017-03-30,121.96349334716797,122.07012955056138,121.07493514938155,121.1282600302393,25792900
2017-03-31,122.158935546875,122.77204266344766,121.67912024947584,122.1056242425326,29434300
2017-04-03,120.87055206298828,122.70987375892311,120.48847860440473,122.59435687222575,38834900
2017-04-04,120.72837829589844,121.33260482213191,120.26633787043038,120.78168960973552,25642600
2017-04-05,119.36002349853516,122.11454575736138,119.1378839506465,121.58141897742179,44968800
2017-04-06,120.47068786621094,120.51511847514529,118.91571146173666,119.54658001032229,41012100
2017-04-07,120.41735076904297,120.87051034315633,119.73315750127878,120.14190003428885,24300200
2017-04-10,120.68389892578125,121.59911216294161,120.0974476597427,120.37289834455426,22779900
2017-04-11,121.6435775756836,121.66135253096071,120.02640916174177,120.19523734107862,32589200
2017-04-12,119.9908676147461,121.46587716423645,119.88424499228822,121.41256585300751,25700800
2017-04-13,118.81800842285156,120.28412408917255,118.7646970980141,119.84873923078482,30207000
2017-04-17,120.2130126953125,120.23968191048372,118.78243369156964,119.12898434727715,18278800
2017-04-18,120.23966979980469,120.36406737202157,119.2089393109686,119.70652959983609,24553300
2017-04-19,120.65725708007812,121.69688163208632,120.43511763121272,120.56840943552154,34627600
2017-04-20,122.19449615478516,122.32777442731116,120.97716251300015,121.14599069707886,31934400
2017-04-21,121.91905212402344,122.22115859740703,121.47477311317014,121.94570778000909,29386000
2017-04-24,123.43846130371094,123.81165399308844,123.05638791636643,123.58063382108833,33836900
2017-04-25,124.63802337646484,125.18004425061393,124.47807590035765,124.61136772349995,32751700
2017-04-26,125.27774047851562,126.01524491100254,124.51358040278451,124.54911674100582,41669200
2017-04-27,125.24225616455078,125.99753594080383,124.82463279062075,125.58879326650123,23004300
2017-04-28,123.5628662109375,125.43772402554383,123.54509125562947,125.31332645502428,31113900
2017-05-01,124.27371978759766,124.65579321150413,123.31407554094484,124.07823594707659,20925200
2017-05-02,123.64282989501953,124.7002159955673,123.23410084199709,124.38033460009333,17993900
2017-05-03,122.87871551513672,123.29633898100131,122.34558869540872,123.05643801336907,27050300
2017-05-04,122.7098388671875,123.26962106729812,121.8301617551334,123.091912217131,25799100
2017-05-05,123.5007095336914,123.5007095336914,122.20340859146346,123.23413936108871,23806500
2017-05-08,122.98530578613281,123.49177675360473,122.40773499926797,123.20744526762283,16680000
2017-05-09,122.93199157714844,123.35849557520933,122.42550706331804,123.14523679702006,23988400
2017-05-10,123.69615936279297,123.93606024958771,122.4966006955454,122.65653462007522,19791500
2017-05-11,122.83425903320312,123.35850498312593,121.71466731022102,123.21633245349032,28617300
2017-05-12,122.18559265136719,122.52324899397253,121.87460551956754,122.3633150790443,24111200
2017-05-15,123.13636779785156,123.73170002375034,122.60322758088485,122.60322758088485,31132200
2017-05-16,123.18079376220703,123.54509221979554,122.28334154944517,123.48290021320958,18520900
2017-05-17,119.85759735107422,121.7679917755542,119.73319976378232,121.13712313940245,50791200
2017-05-18,120.29295349121094,120.75499376290185,119.27110393558769,119.57322387731223,44805100
2017-05-19,120.87055206298828,121.51919565177803,120.328531102953,120.52401496121621,44450500
2017-05-22,121.68801879882812,121.91015830505393,120.98606392481518,121.07491159231381,20062700
2017-05-23,122.08783721923828,122.34552657584251,121.15486236884102,121.99009531816705,16681400
2017-05-24,122.16783905029297,122.64765438401038,121.58138754150173,122.18560044753984,21256000
2017-05-25,122.24777221679688,123.16298557978028,121.91011594599395,122.74536236851817,22804200
2017-05-26,122.21229553222656,122.4344350943501,121.53699614436722,122.07013651679289,20047300
2017-05-30,121.25263214111328,122.12341519552362,121.03937333748821,121.83907012402352,25544100
2017-05-31,121.12822723388672,121.66135387321737,119.63544281546032,121.59026760964292,34345400
2017-06-01,123.4651107788086,123.50954138305579,121.08378224430722,121.48363056589835,44618600
2017-06-02,124.2648696899414,125.30448115691442,123.55402041829636,123.90943827495781,46680200
2017-06-05,123.49180603027344,124.49588106330994,123.4651503708407,124.36260276614632,20808900
2017-06-06,123.37631225585938,124.09604223297613,122.4522041294875,122.71877430279946,25460900
2017-06-07,123.49180603027344,123.98051571707532,123.05642122065817,123.38518339254254,20542200
2017-06-08,125.18008422851562,125.69544961428852,123.27857021261254,123.49181550443427,33956400
2017-06-09,125.82872009277344,126.97495413996472,125.02012892273295,125.69544179367726,56979400
2017-06-12,125.6242904663086,126.16631119917636,125.18889231750848,125.873085534676,34665500
2017-06-13,126.26412963867188,126.45071927391568,125.70433361629532,125.99755945857244,22046800
2017-06-14,125.51771545410156,126.21078970471393,124.79798554449034,126.20190900448796,33021900
2017-06-15,124.87791442871094,125.26888205252806,124.12264839026133,124.12264839026133,27376800
2017-06-16,124.56694793701172,124.5936035922922,123.758356904653,124.42477540330312,35608400
2017-06-19,125.49103546142578,125.8020361672017,124.85127265286607,124.8957032620224,25163300
2017-06-20,124.22042846679688,125.26003984504517,124.13156723105422,125.18007286786938,20111900
2017-06-21,123.90940856933594,125.10896727505396,123.70504402866537,124.44254878483703,23351400
2017-06-22,124.38034057617188,124.74465259708307,123.51843826246419,123.83831967330744,17917200
2017-06-23,125.2066879272461,125.35774113237112,123.99824872792941,124.52249459718385,20772500
2017-06-26,125.35781860351562,125.75766716516671,124.57588288592241,125.36669930637011,22988300
2017-06-27,124.25594329833984,125.83757540062487,124.1759763350186,125.37553501811189,24610100
2017-06-28,126.15745544433594,126.40625058862796,124.75353223964895,124.99344668533,25085400
2017-06-29,125.41105651855469,126.48621750081949,124.08710041876559,126.38847559334087,38794900
2017-06-30,125.21556854248047,125.8819869190566,125.08229029049187,125.50879425517195,22798500
2017-07-03,126.26412963867188,126.61954750658941,125.55328034451422,125.58881670797695,12968200
2017-07-05,125.81095123291016,126.04198504030614,125.02013498384994,125.90869317642645,21865500
2017-07-06,124.16800689697266,125.35489547865875,123.89136625328743,124.872993904529,30563400
2017-07-07,125.37274169921875,125.54228553181248,124.2036912888364,124.42679032933242,20511000
2017-07-10,124.8283462524414,125.72966123393574,124.37321561623003,124.86403609798683,17206000
2017-07-11,125.19427490234375,125.27460092072292,124.02523789100478,124.73915767700267,16192900
2017-07-12,126.1580581665039,126.9166004537857,125.83679495995813,125.87249843673358,19358600
2017-07-13,126.26518249511719,126.32764316775541,125.2746218604828,126.0063798912013,16559300
2017-07-14,126.47931671142578,126.987989110078,125.91711633335656,125.91711633335656,15465300
2017-07-17,126.77384185791016,127.1308086202912,126.05992195003772,126.36334710228402,15374600
2017-07-18,126.44364166259766,126.60426647032033,125.86357586197217,126.30977403927436,16653300
2017-07-19,127.70195770263672,127.73764757486794,126.61323277155114,126.61323277155114,16985500
2017-07-20,127.79118347167969,128.0767569043125,127.43423029777941,127.71979011352148,17047800
2017-07-21,127.21110534667969,127.9071734263653,126.94338371213415,127.62160005167993,21662700
2017-07-24,127.38954162597656,127.4520158882721,126.69347376633769,126.99688516835798,16694000
2017-07-25,128.54974365234375,128.72822026381974,127.80013371400901,128.16600600162238,21066400
2017-07-26,127.83580017089844,128.63895158385483,127.65732359211813,128.63895158385483,13574900
2017-07-27,127.02365112304688,128.21945856796438,126.31866423145615,128.04098208045005,24355800
2017-07-28,126.68457794189453,127.04153099598668,126.24729887627839,126.73811953831974,19933300
2017-07-31,126.2830581665039,127.05945259219659,125.80116991684436,126.91666584529982,16417700
2017-08-01,126.52391052246094,126.89871522837686,125.80107190270287,126.87194443630308,19835900
2017-08-02,125.14075469970703,126.55967545312689,124.69455645927191,126.35441445836618,19934300
2017-08-03,124.51604461669922,125.41735990499595,124.18586236970765,125.32812845231797,19624900
2017-08-04,125.12290954589844,125.22107369795572,124.48038302641241,124.85518789329778,16473500
2017-08-07,125.32817077636719,125.69405662150037,124.67672512258912,125.32817077636719,9176200
2017-08-08,124.93548583984375,126.53286927450847,124.6588451570432,125.30137160214196,27248700
2017-08-09,123.85572052001953,124.39116393714059,123.40060314729084,124.15021303774694,26534300
2017-08-10,121.60684967041016,123.40056136166712,121.59791699245147,123.40056136166712,40983500
2017-08-11,121.7853775024414,122.02632842172622,121.16070254215937,121.55335926487747,32779600
2017-08-14,123.632568359375,123.67719089448555,122.46353147066262,122.49030226835177,21710900
2017-08-15,122.61524200439453,123.8824566901704,122.56170040691681,123.864604952049,16646000
2017-08-16,122.65095520019531,123.4987290001765,122.44570785463698,122.85620254575365,21858600
2017-08-17,120.4110336303711,122.87405628469958,120.4021145689017,122.24044888129092,32722900
2017-08-18,120.40210723876953,120.88400886653356,119.6881874749368,120.00053162689078,42401900
2017-08-21,120.32180786132812,120.49136535548816,119.7060521685947,120.1968729104031,21504100
2017-08-22,121.62467956542969,121.76746623423882,120.59842931924713,120.70551251241089,25170600
2017-08-23,121.42838287353516,121.87458106688206,120.66092143630293,120.94648119926308,18381900
2017-08-24,121.80317687988281,122.19581981689176,121.38374952612004,121.93703087921688,15726600
2017-08-25,122.15126037597656,122.53498440743087,121.74075191691861,122.15126037597656,17163000
2017-08-28,122.66878509521484,122.80263907568013,122.05302955130436,122.58845909005058,16333300
2017-08-29,122.69554138183594,122.98110104535445,121.5711136113574,121.80314530590489,20277600
2017-08-30,123.48087310791016,123.60580804668588,122.48139359770433,122.57955773652004,15915500
2017-08-31,124.69451904296875,124.88192823914825,123.74858123579025,123.96276122901175,29260600
2017-09-01,125.3995361328125,125.49770027381028,124.69453540649543,124.91763448904611,17412500
2017-09-05,124.19479370117188,125.72971645450605,123.66828314262591,125.4976983143554,21908400
2017-09-06,124.45362091064453,124.93550902545404,124.11450588588498,124.70349083934425,18399700
2017-09-07,124.14124298095703,124.65883444039522,123.67719311785966,124.56958936856977,18159800
2017-09-08,124.23948669433594,124.7303076699972,123.70404315417912,123.98068399039869,21870500
2017-09-11,125.54229736328125,125.75647736442089,125.14072177591974,125.28350844334616,22617700
2017-09-12,126.30976867675781,126.44363629439772,125.66725585625743,125.86357051839909,22679600
2017-09-13,126.68457794189453,126.91659606536581,126.11344488521539,126.19375727985319,25052500
2017-09-14,126.56851959228516,126.86301189067127,126.20263398366467,126.52389707127848,18353800
2017-09-15,127.0861587524414,127.139700351066,126.31869739941979,126.39900979735668,23184000
2017-09-18,127.95175170898438,128.3354754794865,127.25568387007284,127.27352198715438,24427400
2017-09-19,127.95175170898438,128.2283923094642,127.69294922558612,128.12130913944188,16346300
2017-09-20,128.3623046875,128.52294313252057,127.84471310203958,128.08566396112568,20244700
2017-09-21,128.22845458984375,128.73711351138792,128.04104533439704,128.52294706732295,17395900
2017-09-22,128.77279663085938,129.10297892450012,128.11241842669014,128.21058257032493,25203000
2017-09-25,128.95130920410156,129.3439658883392,128.22847013397845,128.74606179802882,30012800
2017-09-26,129.3618927001953,129.8449474906296,128.97722607923316,129.07562789856235,28238100
2017-09-27,131.89346313476562,132.26917537089687,129.8538746244222,130.27431743268065,66351700
2017-09-28,132.24234008789062,132.44808434036477,131.30305267028936,131.72349547959797,29291400
2017-09-29,132.55543518066406,132.77907440615434,132.16184160967944,132.322855300102,21738700
2017-10-02,134.18353271484375,134.18353271484375,132.46598513407633,132.67172939561308,29772400
2017-10-03,134.478759765625,134.478759765625,133.5842027369039,134.2819561273178,28372800
2017-10-04,134.04934692382812,134.72920520315765,133.63784477459313,134.26403182790375,22024700
2017-10-05,134.41612243652344,134.74711779003243,134.06724577190485,134.44295805304364,22538500
2017-10-06,134.228271484375,134.48768699085954,133.79888797543077,133.92412540095017,19350800
2017-10-09,133.6736297607422,134.79182587524957,133.4499905378407,134.35350173426983,13981300
2017-10-10,134.05825805664062,134.44291085830602,133.65571030029164,134.12086992325663,21951900
2017-10-11,133.95985412597656,134.35346122357825,133.7004387115668,134.12982206810918,15137100
2017-10-12,133.86151123046875,134.19249295819282,133.30689024890805,133.70049751963762,17185600
2017-10-13,133.61988830566406,134.17452256886628,133.49465095265344,134.1118970674371,15464400
2017-10-16,133.50367736816406,134.49663607835137,133.31581441224535,133.83465905494148,20653100
2017-10-17,133.11898803710938,133.97776852468053,132.84167762805754,133.53049014882848,18046800
2017-10-18,133.75413513183594,134.103011734122,133.36052796005612,133.73624017406775,20541700
2017-10-19,133.5483856201172,133.58417553789877,132.5464863199,133.08322588779018,17164900
2017-10-20,134.16563415527344,134.55030070332583,134.0582916999353,134.46083955730776,25224500
2017-10-23,133.16378784179688,134.31776064555612,133.02065541113933,134.31776064555612,14676400
2017-10-24,133.44105529785156,133.98673556986884,133.32475852926996,133.63785891397947,17527700
2017-10-25,132.7969512939453,133.2889602530379,131.69665027623148,133.2352890302011,27235300
2017-10-26,133.0742645263672,133.59310910785177,132.85062532658176,133.2352918481365,15205900
2017-10-27,133.99562072753906,134.10297679632535,132.6627401929117,133.18158463418771,32744100
2017-10-30,132.582275390625,133.69151713739168,131.84873222918523,133.18162683602245,30524800
2017-10-31,133.52154541015625,134.03144934708362,132.9669245523226,133.1011026147489,22449400
2017-11-01,132.63592529296875,134.657618514346,131.89344159643835,134.6307829054228,31585500
2017-11-02,133.02957153320312,133.49473132452664,132.14395522881725,132.60912866999675,28176600
2017-11-03,132.94007873535156,133.2531790567843,132.44806979446554,132.8237819902732,22312700
2017-11-06,133.09217834472656,133.62891796021404,132.74330168961635,133.06534272893774,15576800
2017-11-07,131.49984741210938,133.154782924516,131.08834528502038,133.11005235528953,29549300
2017-11-08,131.67877197265625,131.9024111959963,130.46217405169213,131.1957172561779,30682500
2017-11-09,131.21356201171875,131.84870323499842,129.96118816985182,130.84680416150488,40144400
2017-11-10,131.11517333984375,131.58928726728388,130.9183697869609,131.24041072351,17823700
2017-11-13,131.15097045898438,131.33883338928874,130.15801188418308,130.54266474881845,14680000
2017-11-14,130.7931365966797,131.0436113720427,130.23850217993171,130.6589449064021,19682200
2017-11-15,130.27435302734375,130.79319777610365,129.26349915046174,130.02387813481937,23925200
2017-11-16,132.1886749267578,132.7522364832948,130.7752734082475,130.79316836793507,25889000
2017-11-17,132.7969512939453,133.3157958644563,131.65191970724976,131.72348588764987,25816700
2017-11-20,133.7630615234375,133.80779208816193,132.68959621931097,133.07424904626677,22793000
2017-11-21,135.15858459472656,135.33749322602486,134.23719217617932,134.36242958307352,29392300
2017-11-22,134.97967529296875,135.76688964659547,134.95283968089998,135.3285518997163,14136600
2017-11-24,135.0333251953125,135.4090373548038,134.87231154832398,135.26591866298668,6816300
2017-11-27,134.6218719482422,135.63271195698306,134.5771413735525,135.34646084870806,18416900
2017-11-28,136.74195861816406,136.84036041620544,134.7739363071904,135.09597731443003,35898300
2017-11-29,137.19822692871094,137.94966531518247,136.82251456040464,137.1713913059647,38234200
2017-11-30,137.4486846923828,138.25379422389884,137.11770295323424,137.85124628306946,32230700
2017-12-01,136.88510131835938,137.50234776630506,133.0653395150274,136.88510131835938,62734800
2017-12-04,136.3751983642578,139.02309282699252,136.24102028753782,138.5668600664341,36366800
2017-12-05,135.0154266357422,136.83138916624787,135.00648598332086,135.43586934701207,29667200
2017-12-06,134.38027954101562,135.24800044458362,134.13874546222632,134.51445755709355,21273800
2017-12-07,135.31964111328125,135.8742620849227,134.20144486409666,135.35541738731828,29675200
2017-12-08,135.44485473632812,136.2231148209903,135.32855797890352,136.1068180635657,20832400
2017-12-11,135.3912353515625,136.08898886357417,135.09602984265612,135.4627879144555,26654100
2017-12-12,134.9707794189453,135.91005345268783,134.91710817700096,135.7043091419484,25854800
2017-12-13,135.7758026123047,136.60774736634116,134.90808159942347,134.90808159942347,30082600
2017-12-14,134.27301025390625,136.1515717513163,133.86150803074605,135.83848499334286,32882600
2017-12-15,136.1873016357422,137.09079888738333,134.70233440445634,135.12277709825233,42851600
2017-12-18,138.0301055908203,138.4058177778643,137.2786812167323,137.46653048532812,22714300
2017-12-19,136.9387969970703,138.45060061922925,136.7062170743757,138.43270565598888,24313600
2017-12-20,137.20713806152344,137.70808772829906,136.72406970437933,137.53811973781706,19042800
2017-12-21,137.807861328125,138.30173468242106,137.45766271354734,137.60133745326567,16772600
2017-12-22,137.5564727783203,137.73605939838808,137.2062740736349,137.72708486293797,13599400
2017-12-26,137.63723754882812,137.77192404234134,137.29601349649312,137.38581362655268,11949600
2017-12-27,137.5026092529297,138.23891856506984,137.21525967638001,137.5744466470671,15949900
2017-12-28,138.04132080078125,138.05928356841875,137.39479818160297,137.60133575549128,10167300
2017-12-29,136.90097045898438,138.41848898958335,136.8381076083827,138.41848898958335,21006500
2018-01-02,138.19398498535156,138.25684782807824,136.900953309031,137.56542506597796,20489600
2018-01-03,138.33766174316406,138.6968486319951,137.85277657021572,138.16704968366668,21836600
2018-01-04,138.705810546875,139.31640764996828,138.30173732258356,139.15478384088274,14207100
2018-01-05,138.9931640625,139.16377612824147,138.22991758626097,139.0739896789318,19883900
2018-01-08,139.2086181640625,139.424130215396,137.83476137804888,138.93923152528905,18457300
2018-01-09,139.02008056640625,139.63067759585678,138.9392549700341,139.3972164436979,16571300
2018-01-10,139.03807067871094,139.33439474868933,138.2119613176711,138.7058347676351,18516800
2018-01-11,141.42665100097656,141.57032580783385,139.1638207485175,139.24464639086455,26522400
2018-01-12,142.01922607421875,142.64778590313767,141.399640778007,141.58820187589436,24089800
2018-01-16,140.2053680419922,143.14165697699565,139.90006951584112,142.64778365435342,27704700
2018-01-17,141.5343017578125,141.82165117155287,140.33105691631653,140.79799286285757,18571600
2018-01-18,140.56455993652344,141.42659473311494,140.42987342217083,141.1751707719379,17903600
2018-01-19,142.4143524169922,142.4951643317927,140.5735589375872,140.73518276718815,31040900
2018-01-22,143.1775665283203,143.1775665283203,142.1539080675013,142.23471996403475,12702400
2018-01-23,143.6355743408203,143.94087296058126,142.4772153105793,142.98905155686734,16904600
2018-01-24,142.74659729003906,144.23719219747784,142.2347610609529,143.9947427362486,20340900
2018-01-25,142.80043029785156,143.5996021319846,142.06412129525458,143.3481782089928,20290900
2018-01-26,143.3123016357422,143.39311355196185,142.56700421580865,143.24943878874052,16120300
2018-01-29,142.504150390625,143.54577193755435,142.43231300446638,142.82741177754858,18293300
2018-01-30,141.13922119140625,142.0730932037651,140.73514801560188,141.57024536706845,24533800
2018-01-31,140.40289306640625,142.2526603713902,140.00779447668657,141.64206342478636,27468900
2018-02-01,140.84292602539062,141.1661873410413,139.65762996747898,139.83721654248993,21413000
2018-02-02,138.13113403320312,140.21436312461137,137.84378453006906,140.1964140568493,33314100
2018-02-05,132.82423400878906,138.0951751575664,132.77035941535166,137.08947954253463,52622200
2018-02-06,134.4136199951172,135.02421706660633,129.51981408404893,130.6781590939395,69232400
2018-02-07,134.54830932617188,135.40135581826317,133.44383889328688,134.341785453715,37101000
2018-02-08,130.5973358154297,134.69196949585145,130.5973358154297,134.68299496378563,44704500
2018-02-09,131.79159545898438,132.84219109079444,127.95736053834194,131.78260722607922,53315300
2018-02-12,133.03977966308594,133.72221418816326,130.6332755034094,131.9263208785695,36213900
2018-02-13,133.3271026611328,133.60546390512943,131.9083454386423,132.3393696566796,25021200
2018-02-14,135.7246551513672,136.05690478887786,132.159805211648,132.56389223830743,36286900
2018-02-15,137.2062530517578,137.2691021934408,135.19484759106362,136.68544234225007,23773600
2018-02-16,137.69114685058594,138.5441934948534,136.97278673377875,137.03564958097994,27973900
2018-02-20,136.55972290039062,138.0772548725154,136.1915614997352,136.98175890571213,24046200
2018-02-21,136.70339965820312,139.01111536867467,136.4968620685076,136.8650234745789,26735500
2018-02-22,136.4878692626953,138.31069957843283,136.40705736532598,137.21520374217192,16340000
2018-02-23,138.2657928466797,138.30171837816272,136.62254917151182,137.36784638166395,18065200
2018-02-26,139.17274475097656,139.4151804613681,137.80786211897401,138.75968329731012,15267700
2018-02-27,137.17027282714844,139.97187462006474,137.1612982966512,139.3433012443534,18125500
2018-02-28,135.00625610351562,137.92458210633822,134.970330572137,137.51152070493774,29951800
2018-03-01,134.64707946777344,136.10176216381927,133.23731054013118,134.73687960142718,38943200
2018-03-02,136.8021697998047,137.16134295867258,133.25526977349008,133.5336447284271,31842300
2018-03-05,138.02333068847656,138.51719018823482,136.01192606013302,136.32621274322744,19603700
2018-03-06,139.5139617919922,139.5319245608118,137.2062461062728,138.6698897779858,17304000
2018-03-07,140.74417114257812,140.91476950679942,138.4813416148687,138.69685375612937,22684600
2018-03-08,140.45681762695312,141.3996643784868,139.63070832798027,140.8878281956392,23391300
2018-03-09,142.70166015625,142.7734975224631,140.86086703907273,141.25596570245634,24927200
2018-03-12,142.9530792236328,143.35715240595437,142.3155448852441,142.99797928868546,15310100
2018-03-13,142.28858947753906,143.94080752922102,142.00124005903382,143.67142087476594,17757200
2018-03-14,141.6151580810547,143.12370172589405,141.34577137259706,142.9710524548027,18097500
2018-03-15,140.90576171875,142.0012575338589,140.41188840840152,141.96534570291362,14172100
2018-03-16,141.69593811035156,142.1179739949687,140.75309169362015,140.95961551963256,36000300
2018-03-19,140.3310546875,141.1661519190421,138.6878112204033,141.13022639210806,25663000
2018-03-20,140.29518127441406,140.99557852408046,139.8731452776179,140.68129173443987,11418500
2018-03-21,141.1123046875,142.10902597553527,140.25925814585744,140.36702105644096,22213500
2018-03-22,138.01805114746094,140.961106204374,137.98204266242942,140.09709482860228,29774800
2018-03-23,135.04800415039062,138.54908141152904,135.00300040361302,138.20706941587764,35744100
2018-03-26,138.00003051757812,138.04503425191677,135.38996499126353,136.88400107875276,28442400
2018-03-27,135.3269805908203,138.3330434915677,134.74197320151043,138.29704874140617,32820600
2018-03-28,135.28199768066406,136.218026127522,134.4539809673449,135.66901340384993,26510900
2018-03-29,136.65003967285156,137.79306893007035,135.67801641473034,135.9750246658131,22617700
2018-04-02,133.31996154785156,136.86604240029112,132.46493159621147,136.37102867387182,35040700
2018-04-03,135.22792053222656,135.54293282874573,133.47288537512188,134.12090046900772,29857800
2018-04-04,136.94703674316406,137.32504346825814,133.44595974182505,133.65296048178303,29619700
2018-04-05,138.08106994628906,138.25207594755943,137.09105616331593,137.73905794374826,17301600
2018-04-06,135.3269805908203,138.06303479911216,134.23795056676087,137.1360154838111,25762700
2018-04-09,135.4889678955078,137.343020126985,135.38096991951926,136.26298543425295,18997000
2018-04-10,138.0450439453125,138.55804809980341,136.50600401541465,136.92901442812058,23420000
2018-04-11,138.34201049804688,138.8820139858771,137.3699877401024,137.50498517875786,14884600
2018-04-12,139.2870635986328,139.87208472659793,138.5400454936148,138.9900554074898,14413200
2018-04-13,138.5580291748047,139.80006074742235,138.16201831204484,139.76405226905652,19813600
2018-04-16,139.8360595703125,140.24107943107987,138.70203966651263,139.35905021713558,18846900
2018-04-17,141.3571014404297,141.74411707886154,140.36708794343122,140.59209288364153,18624200
2018-04-18,141.73509216308594,142.54511809673534,141.44709301325358,141.77110064007132,16974200
2018-04-19,140.7541046142578,141.7891219545177,140.29509943203365,141.4291195057003,16174500
2018-04-20,139.9980926513672,141.0511142447093,139.63807646568614,140.44810258355852,21480600
2018-04-23,139.79107666015625,140.6640831987032,139.116061835593,140.20507806195644,13268200
2018-04-24,138.99000549316406,140.97005938970392,137.87399009679552,140.3130352634849,24859700
2018-04-25,138.7830810546875,139.3230985472006,137.6670650455429,138.92708755045302,21981400
2018-04-26,139.42205810546875,139.87206796541807,138.54903787851018,138.98104349876243,14862900
2018-04-27,139.2240447998047,139.83605158280523,138.40502360501551,139.39505073423433,17734300
2018-04-30,137.99098205566406,140.08801518848637,137.9639688389077,139.5210123007286,15624600
2018-05-01,138.66607666015625,138.86406840941828,136.54202908440473,137.7120440022189,24977500
2018-05-02,139.18804931640625,140.20507603198416,138.31502905728763,138.4050365258776,16786800
2018-05-03,138.43203735351562,139.05305318641933,136.94701023995503,138.70204602867528,20985900
2018-05-04,140.16004943847656,140.85306838059986,137.5229985840582,137.93699991234325,17927900
2018-05-07,141.34814453125,142.07715853798223,140.49312827314697,140.5741267776249,16303500
2018-05-08,142.0500946044922,142.0500946044922,141.07807179200714,141.2310734754711,17281200
2018-05-09,142.81515502929688,143.19317548281953,141.64514011400527,142.2121433278609,15758500
2018-05-10,143.5801544189453,144.15616652887383,142.88713534297742,143.0131375628614,15828700
2018-05-11,143.859130859375,144.12014423631513,143.13911242626995,143.5981312156442,14413600
2018-05-14,143.31016540527344,144.6242005071467,143.1481684145677,144.0211888197189,15028500
2018-05-15,143.33717346191406,143.6341816958218,142.35615500438564,142.84217347194914,17544900
2018-05-16,144.83119201660156,145.19120819504437,143.52616598612727,143.54417022835264,21004400
2018-05-17,145.4972381591797,145.803241666706,144.6782166538456,144.90322165641768,18639700
2018-05-18,145.68617248535156,146.09119230367307,145.3981733462623,145.75817570342628,17579800
2018-05-21,146.6492156982422,146.91922436148118,146.1272026115031,146.13619786476698,15667300
2018-05-22,145.58718872070312,147.00022630951352,145.47019549266716,146.93721833554602,13212000
2018-05-23,145.7761993408203,146.05520326473308,145.0201860502416,145.20018725277774,14235700
2018-05-24,145.83021545410156,146.1182283985519,144.56118416739176,145.7312127210984,12785000
2018-05-25,145.56918334960938,145.94718995518156,145.32617419845224,145.57817860216704,11150200
2018-05-29,145.3712158203125,146.01022224872142,144.10218448518344,144.79520364264744,20986900
2018-05-30,147.67526245117188,147.95426641456586,146.1272271705214,146.1272271705214,25169000
2018-05-31,146.49623107910156,147.94526354983094,146.10921541223942,147.6752548551013,28573700
2018-06-01,147.45924377441406,147.94526216702732,146.95523487334296,147.45024852018514,21108200
2018-06-04,148.24229431152344,148.24229431152344,146.99126711090494,147.89128707489567,14836000
2018-06-05,149.16026306152344,149.19627154061052,147.90923621086102,148.09824639304082,13283600
2018-06-06,150.2402801513672,150.2402801513672,149.02526181067012,149.1422687649131,16661300
2018-06-07,149.42129516601562,150.51031146347862,148.71027181378923,150.4023134791253,17571900
2018-06-08,149.87130737304688,149.952305862552,149.18728350643605,149.45729220466598,17569800
2018-06-11,150.0963134765625,150.40231692805574,149.66429406281713,149.9793065020215,15923000
2018-06-12,150.78025817871094,151.14926945118464,150.06023986815921,150.23124576190105,16166700
2018-06-13,150.18630981445312,151.08632967547715,149.96130484919712,150.9963359293027,19853700
2018-06-14,150.98731994628906,151.0593231798207,149.9523026473484,150.7443244829839,19248100
2018-06-15,151.03231811523438,151.086317105089,149.88029388762914,150.51931397840352,24922600
2018-06-18,151.7433624267578,151.75235768190714,150.0603158552803,150.27632557779032,18616500
2018-06-19,151.75234985351562,151.89635632776017,149.88930214266176,150.7983309947688,24605900
2018-06-20,152.97634887695312,153.18334956180067,152.05832494143903,152.50833478958367,19216900
2018-06-21,151.54539489746094,153.07542638204927,150.99638206516082,152.98541887516043,26946200
2018-06-22,151.0413360595703,152.28335409951805,150.58231715216073,152.1123481326959,33638200
2018-06-25,148.57528686523438,150.63632639535777,147.72926596120698,150.51933314684453,37005100
2018-06-26,149.4392852783203,149.9973069068289,148.36827322549385,148.71027141944333,20464000
2018-06-27,147.04525756835938,149.8623105533984,146.98224958259757,149.59231556645926,27511800
2018-06-28,147.49525451660156,147.80125796362213,146.03721304964492,146.91023338566046,26759100
2018-06-29,147.39622497558594,148.54824905276578,147.2522185326359,147.88222955402952,24146500
2018-07-02,148.4132843017578,148.4672970346726,146.2352376701559,146.48724215756673,24283600
2018-07-03,149.0049285888672,149.67334631159898,148.77006719833292,148.8152339105853,13561300
2018-07-05,150.70309448242188,150.73019175507812,148.88750829972156,149.81788474877632,18640500
2018-07-06,151.97674560546875,152.148370881558,150.41407624093532,150.82054917838695,19597500
2018-07-09,152.93414306640625,152.95221250300537,152.10312816108961,152.6631566491865,16565200
2018-07-10,152.23866271972656,153.4400256498342,151.36249461968396,153.1780807593796,18790700
2018-07-11,150.9469451904297,152.3018636091878,150.89275065895023,151.407612490948,23912600
2018-07-12,151.67855834960938,151.97664197593687,150.52236271091198,151.8140584249978,19617600
2018-07-13,151.2269744873047,152.41026781867825,151.2269744873047,151.61539163974655,15409100
2018-07-16,150.6398468017578,151.77797341096942,149.90819299705433,151.5340842150869,15946900
2018-07-17,151.3082733154297,151.75088502528027,150.47725821805417,150.62178617836597,15134700
2018-07-18,151.73281860351562,151.80508258510937,150.45920555389353,151.1727899748457,13780000
2018-07-19,152.80767822265625,152.87994218310638,151.0824123471301,151.54309337213198,18398300
2018-07-20,152.18446350097656,152.93418683055307,152.06704658683626,152.4735194375126,17570700
2018-07-23,152.37413024902344,152.78963085294248,151.5792403522139,152.0218520052907,12335000
2018-07-24,150.7482452392578,153.3406517905403,150.14304990909181,153.06063748077116,25831300
2018-07-25,151.29922485351562,151.29922485351562,150.0707649242828,150.79339084435088,18401200
2018-07-26,152.11215209960938,152.98833368255586,151.30823447827038,151.44373457488746,20944200
2018-07-27,149.27587890625,152.4012302338678,148.8513366840574,152.20250775612047,28777100
2018-07-30,148.3184051513672,149.96237950404043,148.20098825685008,149.26685083306765,20093700
2018-07-31,149.82687377929688,150.50433298615997,148.4900248036444,148.61648330427445,23567300
2018-08-01,149.7275390625,150.1611229554031,148.5894123552562,149.67334452162342,17942600
2018-08-02,150.82046508789062,151.0372569657011,148.9868101931008,149.00487962865355,18292200
2018-08-03,150.29660034179688,151.46182424996866,149.59204378654056,150.98308745685716,21734900
2018-08-06,151.1366424560547,151.3082538810698,149.85397420171722,150.1881967898781,16288800
2018-08-07,151.4979705810547,152.19349934189142,151.3895815004368,151.65152637291172,15045700
2018-08-08,151.36244201660156,151.74181747590475,150.38689921427567,151.49792832958795,14789500
2018-08-09,151.7508544921875,152.39218857269069,151.34438174567185,151.43470136548527,10437800
2018-08-10,151.32627868652344,152.35601584761343,150.81141699744796,150.8927087721011,20521900
2018-08-13,150.44113159179688,151.79605019433552,149.83593626994966,151.51603588841536,20517200
2018-08-14,151.9315185546875,152.2928384090224,150.74822532049484,150.76629475894737,17683100
2018-08-15,150.02561950683594,151.58830224330546,149.17653496400163,151.47989938100122,27479900
2018-08-16,151.4166717529297,151.90443637604903,150.56758723958814,150.7211430243284,15484700
2018-08-17,152.06704711914062,152.17543620424823,150.78437862495406,151.27215707382967,15106700
2018-08-20,152.4915771484375,152.81674437760765,151.59732591938578,152.48253553677526,12547300
2018-08-21,154.24392700195312,154.7858999500003,152.7625498979614,152.7806193383482,20661200
2018-08-22,154.62327575683594,154.90330379399754,153.93678875349352,154.09034451280922,14329200
2018-08-23,154.1536407470703,154.9304614565839,153.72005678156438,154.5420442103533,12945800
2018-08-24,154.99362182617188,155.1652470209844,154.4787600246764,154.59617690827807,11894300
2018-08-27,155.21945190429688,156.21306426531757,155.02072943209274,155.46334108071886,15880400
2018-08-28,155.364013671875,155.79758380429257,154.55106795072382,155.50854164366285,13170300
2018-08-29,155.8156280517578,156.0595172418457,154.87622395292652,155.38205798944674,13157900
2018-08-30,155.68917846679688,156.4750268340828,155.201413841606,155.5175532410805,14199600
2018-08-31,156.28530883789062,156.61951759832448,155.3187938627725,155.32783547225966,12240500
2018-09-04,155.58982849121094,156.37567691542802,154.56911867460119,156.07759315173814,17923500
2018-09-05,155.17430114746094,155.57174613271494,153.88261872832987,155.52657942385528,15166100
2018-09-06,154.12648010253906,155.7975377650847,153.93678547275528,155.51752351683308,16647700
2018-09-07,154.04515075683594,154.8671377208187,153.25027483544605,153.7470809006521,17248000
2018-09-10,154.2349090576172,155.07495201968672,153.90972802453805,154.686548615619,11067100
2018-09-11,154.48777770996094,155.00265326059807,153.5574016145785,154.09937442757112,14078400
2018-09-12,154.11749267578125,154.5420350023683,152.95226857241147,154.27104848581,21572300
2018-09-13,154.1536407470703,154.94851711793598,153.79232077581537,154.71366947383098,14570500
2018-09-14,154.8040008544922,155.30079341107376,153.918777273896,154.2529999657323,15734900
2018-09-17,153.16000366210938,154.94849244040185,152.9703227674888,154.84010335776154,20023200
2018-09-18,153.80133056640625,154.19877556107755,153.22323251496022,153.37678830236598,13018000
2018-09-19,153.2412872314453,154.5239556274414,152.71739750489942,153.81035745058833,17593500
2018-09-20,154.65943908691406,154.73170306442037,153.38581232638603,153.89164638598584,16918700
2018-09-21,153.91876220703125,155.2014307336922,153.75617857525359,155.13819457714794,32539000
2018-09-24,153.3497314453125,154.0091214786348,152.4374105263169,153.79232948360695,15786700
2018-09-25,153.5845184326172,154.02713007901627,153.42193483778257,153.602587870802,13758500
2018-09-26,152.18075561523438,153.99210783472847,151.95433658779763,153.9015346959455,17787200
2018-09-27,152.18975830078125,152.7875076570492,151.9361701774281,152.4886329789152,14471900
2018-09-28,152.65171813964844,153.05926964402707,151.6554688449261,151.6554688449261,22740300
2018-10-01,150.64108276367188,153.3490588353433,150.13390644164392,153.3218758428248,27893100
2018-10-02,149.01087951660156,150.82223161800755,148.6938873710476,150.50523947245358,28440300
2018-10-03,150.31503295898438,151.00334168046098,148.99274004037767,149.5995412460579,26027200
2018-10-04,148.20480346679688,150.02520704762094,147.74291373362234,149.8350228478798,29463000
2018-10-05,146.86444091796875,148.6757931330808,145.50592675663472,148.30446261229787,31240100
2018-10-08,146.55650329589844,147.08178323745423,145.40629085665535,146.51121673003476,21330700
2018-10-09,145.9858856201172,147.38968588562685,145.79568761995762,146.37531958396931,20620400
2018-10-10,141.7926483154297,145.80480063336776,141.61151585893708,145.650837354373,46921800
2018-10-11,139.08465576171875,142.48094041517524,139.03030359886864,141.11336095022548,68877400
2018-10-12,139.1118621826172,141.06811216398924,137.56314988536295,140.8869796978742,53492600
2018-10-15,139.6280517578125,140.642404342936,138.15179561948509,138.89445649039158,32747600
2018-10-16,143.6764373779297,143.875687199734,139.510322328682,140.63336552253176,35569100
2018-10-17,143.0605926513672,143.29606344557538,141.18583662447088,143.2598286652236,24140100
2018-10-18,140.37974548339844,142.76167719997466,139.80916532144673,142.56242742340473,31042700
2018-10-19,138.89443969726562,141.61146706707166,138.33292512975078,140.80541616680983,34214200
2018-10-22,138.59559631347656,139.8816545671452,138.1337065313727,139.40164739568857,28218300
2018-10-23,137.35484313964844,138.4688208934336,134.87328560550898,136.69368962457455,37228100
2018-10-24,132.183349609375,137.6445723120419,132.06562117993232,137.1464479735912,40412400
2018-10-25,135.0453643798828,135.6884004941198,132.60004166371735,132.88985083076005,32311300
2018-10-26,133.569091796875,135.3261054372949,131.051313637774,133.62343014542094,36986100
2018-10-29,132.8355255126953,136.4220093160457,131.38645189622238,135.06349502712118,33031300
2018-10-30,135.6068572998047,135.75176876974552,132.73586617175414,132.9985199384617,29017200
2018-10-31,135.87860107421875,137.53599020166092,135.87860107421875,136.9925789462784,36785400
2018-11-01,139.01219177246094,139.26577990595933,136.58497329816882,136.65742902481364,28496400
2018-11-02,139.4740753173828,140.280126238839,138.0612232590566,139.52841365508516,26671600
2018-11-05,139.36550903320312,140.07193562192575,137.97982504612975,139.510406775344,16940900
2018-11-06,140.05372619628906,140.47939499178884,139.03937357017116,139.15710204458395,15572900
2018-11-07,142.56246948242188,142.56246948242188,140.19865445347963,140.70583082728,22127800
2018-11-08,142.1820831298828,143.00623780394423,141.59338542610257,141.83792182058113,14987700
2018-11-09,139.54656982421875,141.3126353879592,138.523151448004,141.28546621155706,20654400
2018-11-12,136.7842559814453,139.62807829334835,136.61217531672656,139.4922324104231,21886800
2018-11-13,136.34954833984375,138.6499597003894,136.11406369428894,137.3005110695716,18468500
2018-11-14,135.353271484375,138.0793650092772,134.474764684462,137.49973293898069,24549100
2018-11-15,137.28236389160156,137.4816137086772,134.15778458857858,134.4838284874734,24482000
2018-11-16,137.6083984375,137.92537671074427,135.9057233234972,136.40384783232966,29323500
2018-11-19,134.81893920898438,137.68993066860628,134.375152963357,137.37293851894103,21540900
2018-11-20,132.21966552734375,134.4295037151487,131.85738677723708,133.3608124962569,25907000
2018-11-21,134.06715393066406,135.28075588148454,132.70864057151837,132.9350594647093,17902300
2018-11-23,133.94036865234375,135.2173746100387,132.96223731152506,132.97130291233287,11134800
2018-11-26,135.67930603027344,136.21365150113624,134.71023999154917,135.23553367832739,15346400
2018-11-27,134.55628967285156,135.6068633278269,134.30268767942275,135.10873876496154,14461800
2018-11-28,137.88011169433594,137.99784017064147,133.76833513968273,135.1268490655824,26125900
2018-11-29,137.50880432128906,138.3329728913711,136.24991509140838,137.3095544731479,15134500
2018-11-30,138.22427368164062,138.4416409076501,136.82953865175895,137.17369997139406,20304700
2018-12-03,139.54656982421875,139.9088347225942,137.68087934049703,139.82732719338773,23379800
2018-12-04,133.6053466796875,139.5918664568146,133.26118532775067,139.24770510487778,41077900
2018-12-06,133.31552124023438,133.31552124023438,129.90111842039082,131.7305880404569,37581200
2018-12-07,130.43548583984375,134.2755439551777,129.75622871251574,133.26119106728146,28525100
2018-12-10,130.0550994873047,131.06945234385063,128.10788749076664,130.66190084395421,30776600
2018-12-11,129.91921997070312,132.40077719594137,128.9592056178758,131.9388735895485,29229300
2018-12-12,131.15994262695312,132.91694162364178,131.10559048438495,131.21428095000883,27894800
2018-12-13,129.30337524414062,131.94794768689826,129.0950597998215,131.540396222893,23205400
2018-12-14,127.34705352783203,129.71991930539303,126.88516392197882,128.361405832222,24037200
2018-12-17,124.51101684570312,128.01862585193422,123.72952839771072,126.91908445917417,36468500
2018-12-18,124.35658264160156,126.4738581608193,123.84769497554954,125.63784922239054,42277200
2018-12-19,121.76673126220703,126.01947313131862,121.08520104991857,124.31111349457086,47676600
2018-12-20,119.75847625732422,122.13929776419008,118.34089571176096,121.43050749140846,57908100
2018-12-21,116.65071868896484,120.8125986103716,116.29633042966124,120.29464280599002,59404800
2018-12-24,114.3880386352539,116.74159345205965,114.35168952204592,116.06915218992278,28575700
2018-12-26,119.88568115234375,120.04017350980995,114.32439998805147,114.75149329218662,40182700
2018-12-27,120.385498046875,120.385498046875,116.19636520491383,118.37726336557199,39527900
2018-12-28,120.7308120727539,122.68452656832497,119.53131218217138,120.38549897714347,35994400
2018-12-31,121.67584228515625,121.81215663280656,119.76756620994777,121.51228170689532,29173400
2019-01-02,122.36648559570312,122.8299211651185,119.53131038147723,120.10380021751895,27295100
2019-01-03,120.17648315429688,122.34829201167959,119.63125348781959,121.6849398812198,29294600
2019-01-04,124.66549682617188,125.038069968003,121.50320082350285,121.69402150001494,35355300
2019-01-07,126.84638977050781,127.55518002607683,124.25658348770304,124.72910108090467,30477900
2019-01-08,128.791015625,128.84553581648552,126.66464496246877,127.94592492544241,27320900
2019-01-09,129.85421752929688,130.29948892620098,128.69107374326947,129.23630345924315,25764600
2019-01-10,130.52671813964844,130.59941638872323,128.44578448975395,129.09095891841116,22896800
2019-01-11,130.56301879882812,130.84472962404487,129.65431177311547,129.95418675549288,22428400
2019-01-14,129.2635040283203,130.34486701867834,129.11810765558485,129.78147340652995,29185000
2019-01-15,130.35400390625,130.5357425157099,129.11816194984874,129.6270356026433,25678900
2019-01-16,131.32632446289062,131.9896766144072,130.55391805515706,130.56300013243896,20827300
2019-01-17,132.51675415039062,132.9711076869966,130.82655843958563,130.84473646346532,19273400
2019-01-18,133.8798065185547,134.4159403309606,132.67122452169087,133.21645427836148,28306700
2019-01-22,131.76251220703125,133.36183150145388,130.89924334848365,133.08923049984693,27741100
2019-01-23,131.3990020751953,132.8347465435551,130.36307693105041,132.05327204684102,20621300
2019-01-24,132.1896209716797,132.45313992580458,131.15369544778463,131.24455783696538,16976300
2019-01-25,133.88885498046875,134.1614697903564,133.06192847459016,133.2345849830445,22266900
2019-01-28,133.17103576660156,133.49817089562777,132.09875411810484,132.63490187523857,22784700
2019-01-29,132.85299682617188,133.41640474840986,132.56221771714098,133.3164463965428,12084800
2019-01-30,134.30685424804688,134.79754976954945,132.3803865979013,133.5617080917399,25516900
2019-01-31,135.4518585205078,135.66995318464748,134.06153796781624,134.13423618919612,27252900
2019-02-01,135.56088256835938,136.0152359978537,135.01566677242596,135.71537493626178,17057900
2019-02-04,137.17843627929688,137.18751835904092,135.28832375974076,135.76993743581647,21301700
2019-02-05,137.32376098632812,137.75995021400922,136.524108467109,137.22380268820515,18295900
2019-02-06,137.151123046875,137.55095629348403,136.39690853667764,137.25108135852727,13720600
2019-02-07,136.0243377685547,136.94212674378042,134.84301602810194,136.23333647266216,22850800
2019-02-08,136.16978454589844,136.2152088149757,134.94302423382757,135.45189806628682,13463000
2019-02-11,137.3056182861328,137.35104253856886,135.96981803241385,136.56955404908544,16374800
2019-02-12,139.02308654785156,139.20482517159468,138.01442124044382,138.05076341888517,20779900
2019-02-13,139.41387939453125,139.72283656446336,138.75960899598462,139.41387939453125,15534500
2019-02-14,139.73190307617188,140.27711904959003,138.4869648453703,138.6505393434353,18251000
2019-02-15,141.95819091796875,141.97636893811338,140.18621526245113,140.64965078288907,27240200
2019-02-19,142.3489227294922,142.75785190524658,141.34935351238386,141.34935351238386,15856900
2019-02-20,143.02139282226562,143.1940493691551,142.23990425502842,142.35804060095666,18317400
2019-02-21,142.4761505126953,143.0032021851077,141.81279834990343,142.78512140050057,17497000
2019-02-22,143.71200561523438,143.82105988328271,142.75787436374776,142.91235288890053,20411800
2019-02-25,143.74835205078125,144.93875591532478,143.65747581111046,144.55710066708875,17957100
2019-02-26,142.75787353515625,143.74836082549947,142.56703896650558,143.58478635726055,21497300
2019-02-27,142.95779418945312,143.0668345941569,141.867334679341,142.20356570345865,18194900
2019-02-28,142.46707153320312,143.10316361175092,142.09449836370823,142.7487684632909,18155300
2019-03-01,143.79379272460938,143.88465510012662,142.4398143777632,143.53025994434375,19247100
2019-03-04,142.49440002441406,144.28455464696333,141.385775927228,144.06645988716846,23301800
2019-03-05,141.8310089111328,142.6215796682502,141.72196849381186,142.61249758873024,16798200
2019-03-06,139.05035400390625,141.83099530500002,138.92313557397938,141.7764751015698,29604600
2019-03-07,137.83267211914062,139.1593904498459,137.55097516558973,139.05035004608905,26822500
2019-03-08,137.7963104248047,137.90535081311901,136.8603434497293,137.06934214925394,20466800
2019-03-11,140.2043914794922,140.22256950120078,138.03258238853843,138.22341695205904,20854500
2019-03-12,140.277099609375,140.8314114516155,139.7591438131198,140.30435971097953,18966800
2019-03-13,140.83139038085938,141.51292055054228,140.62239167790466,140.77687018580744,24109100
2019-03-14,140.25889587402344,140.8677277476734,140.12258153869692,140.75867350625919,14217500
2019-03-15,140.6315155029297,141.64018100812277,140.24077807855218,140.42251673793174,22025900
2019-03-18,141.5311279296875,142.16722011352093,140.37706605388064,140.9041178249911,24510200
2019-03-19,140.81321716308594,142.23987968293136,140.45882205229168,142.19444156805704,18633100
2019-03-20,139.63963317871094,141.60767526309306,138.8651818279536,140.8058772503316,29463200
2019-03-21,141.4710235595703,142.19080945329827,139.1567477895407,139.1567477895407,31845000
2019-03-22,136.3231658935547,140.8059205284268,136.27762054924295,140.49613989290972,40663000
2019-03-25,136.92453002929688,137.8721124248026,135.22072243907982,136.19562370261522,26454700
2019-03-26,138.36412048339844,139.23881088303312,137.38920528695908,138.00878054976954,21308600
2019-03-27,137.8265380859375,138.68300188333384,136.19560879445376,138.22743721686604,23477100
2019-03-28,139.05654907226562,139.3389969303315,137.51673833354027,138.3003100862697,19473300
2019-03-29,139.4847869873047,140.28658525344332,138.5827778406291,140.022349959952,28298900
2019-04-01,141.0064239501953,141.15220803531935,140.0588552023603,140.5781918893532,20075200
2019-04-02,140.6419219970703,141.11571313490666,139.86745651614922,141.10659294398494,18253500
2019-04-03,141.37088012695312,142.27288958459314,140.9790871472097,141.8993369933889,19554700
2019-04-04,142.06326293945312,142.14526123065045,141.07924173690046,141.48014080861395,15909500
2019-04-05,143.39353942871094,143.47553773234148,142.30929329382798,142.40951807695322,21379000
2019-04-08,143.15667724609375,143.50291094041225,142.2000022953451,142.91068226587888,14202400
2019-04-09,141.4073028564453,142.77399717639048,141.14308140512534,142.55533498294872,18534200
2019-04-10,143.32977294921875,143.3753322027083,141.52574051343606,141.66240437117256,18938800
2019-04-11,143.14755249023438,143.66688906198752,142.87421086696472,143.52111891194517,12218700
2019-04-12,143.6669158935547,144.10426813356008,143.14757922480902,144.0769353564016,14120300
2019-04-15,143.20220947265625,144.04956706385767,142.59175442873325,143.9128893090282,10964000
2019-04-16,143.53933715820312,143.86734433852945,143.02910685608063,143.69424140959956,16782900
2019-04-17,142.227294921875,144.05865988239606,141.40727017777232,144.04043340291014,17108500
2019-04-18,141.8081512451172,142.3912733898098,140.9152485022785,142.23638309073675,23276300
2019-04-22,141.43463134765625,141.96308813702683,140.78773717466913,141.50752337750734,15596800
2019-04-23,143.566650390625,144.00398856160575,141.55304852159762,141.5621548096096,23396100
2019-04-24,144.01307678222656,144.58709261775144,143.38439542002848,143.6121777163189,18053100
2019-04-25,142.8195343017578,143.4755485858887,141.653289775021,143.34799102523723,19365100
2019-04-26,144.20443725585938,144.40488681276014,142.5006160222029,143.01086010514194,16999100
2019-04-29,144.89688110351562,145.4253377280471,144.40487743390565,144.52331478057857,13698900
2019-04-30,144.22262573242188,145.04265030164476,143.01083620827754,145.0061973504469,24127500
2019-05-01,142.85595703125,144.62355010017936,142.78307892154945,144.56888456653905,17734300
2019-05-02,143.52105712890625,144.09505899767012,141.84456904915646,142.71925908653577,22715700
2019-05-03,146.26361083984375,146.3638356363737,144.13157124391475,144.24090233004478,20178800
2019-05-06,146.42764282226562,146.79208909790907,143.96758180210256,144.12247216438774,21262100
2019-05-07,143.53024291992188,145.66228281969816,142.36399815922027,145.15205247473298,25434500
2019-05-08,142.82864379882812,144.04044760360063,142.72841900587005,143.28420851177725,16113700
2019-05-09,142.3092803955078,142.72839206678657,140.07701650392914,141.6988254637033,25259900
2019-05-10,142.7010498046875,142.89239305247943,140.01322146501857,141.7625878478139,26544700
2019-05-13,138.15451049804688,140.33210850064998,137.7262787069188,140.03143422798175,26936500
2019-05-14,139.89480590820312,140.46882189528233,138.21833110152969,138.45523364996578,15519200
2019-05-15,140.35035705566406,140.68748436445424,138.5554450509894,138.85610549801387,18410600
2019-05-16,141.22500610351562,142.300131734737,140.7147760478359,140.7785478534327,13772100
2019-05-17,139.2570343017578,141.47108629342299,139.09303765934806,140.14995125287766,21534000
2019-05-20,138.29119873046875,139.2387809516039,137.9540853512897,138.42786255912802,18689800
2019-05-21,140.14991760253906,140.35035326089258,139.02011224940748,139.06567149560465,11659100
2019-05-22,138.97459411621094,139.94038924929092,138.49169654967093,139.6032757526173,13922600
2019-05-23,136.1136016845703,137.6351859037984,135.37558919707882,137.6351859037984,26379400
2019-05-24,137.38919067382812,137.66253226356127,136.47806130987144,137.01563820068128,16093100
2019-05-28,136.2958221435547,138.17274618751318,136.28671585597215,137.58962401946076,14042200
2019-05-29,135.15692138671875,135.6944843544102,134.26401853667005,135.61248605141935,22622300
2019-05-30,134.78335571289062,136.28672745571336,133.97245116169424,135.5304884401232,17739100
2019-05-31,132.89730834960938,133.79021109086176,132.40530468888252,133.19798266000353,25411300
2019-06-03,133.3620147705078,134.12737408389785,132.414446248179,133.14335259759545,26554500
2019-06-04,136.81517028808594,136.93360763566665,133.4075419187032,134.7742357814306,21217600
2019-06-05,136.84254455566406,137.48033243782373,135.40295824865615,137.3618811515894,18184100
2019-06-06,136.4871826171875,137.1431968768184,135.1295948488092,136.7787367866174,20772500
2019-06-07,137.45301818847656,138.04524689399426,136.68767262674248,136.98834707658122,17107500
2019-06-10,138.26390075683594,139.5303701977744,137.99055912800569,137.99055912800569,18912300
2019-06-11,137.85385131835938,139.61232400842044,137.19783717939143,139.28431693893646,15373000
2019-06-12,138.0087890625,138.29123698835377,137.234323411899,137.74455371701976,11957600
2019-06-13,139.46656799316406,139.56677886908997,138.3732017159282,138.7741008305507,14839400
2019-06-14,138.24562072753906,139.34809310579868,138.2365144411072,139.29342758175275,16154800
2019-06-17,139.19931030273438,139.80276489571332,138.67812911818484,138.86099456914027,12509300
2019-06-18,140.81773376464844,141.86008254894276,139.2176360899667,140.14112996275665,22100800
2019-06-19,141.32057189941406,141.44857910776813,140.25993277205794,140.98227012413676,15625000
2019-06-20,141.98805236816406,142.83839702027095,141.21087064499199,142.68296067563654,17595700
2019-06-21,140.76283264160156,141.8783300826968,140.45195996503148,141.84176257146396,19854400
2019-06-24,139.05300903320312,141.18342566760685,138.97986006422377,141.13770581802734,24002600
2019-06-25,138.2026824951172,139.43704883600117,138.06553688023723,139.2633217559925,17462200
2019-06-26,137.88270568847656,139.18106898850687,137.84612421425342,138.70560748581795,15726900
2019-06-27,140.47023010253906,140.5982373006976,138.28495539357235,138.28495539357235,22278400
2019-06-28,142.1800537109375,142.6555150317633,140.75368370019928,140.76282208938738,35089900
2019-07-01,142.7286376953125,144.4933091533874,141.92401313939956,144.04527703443827,22850500
2019-07-02,141.8600311279297,142.7469432051218,141.04626802070325,142.65551745646928,19024600
2019-07-03,142.8749542236328,142.94810319554864,141.87832564079207,142.27149962087208,9115100
2019-07-05,143.25897216796875,143.31384435929542,141.5948784429528,142.17091786209727,14156700
2019-07-08,141.8966064453125,143.07610039956123,141.6223013077522,142.82923833232192,9735700
2019-07-09,142.08860778808594,142.11603690618793,141.24741561223487,141.30227384843886,12381600
2019-07-10,142.33551025390625,143.14927346288243,141.58575763355597,142.8201100327493,17325400
2019-07-11,141.64059448242188,142.58236477463615,141.00969684066416,142.5366449256304,14260800
2019-07-12,142.73780822753906,143.24983707779802,141.6131724348817,141.8508961291477,16678000
2019-07-15,141.98805236816406,143.17669883201992,141.58575392120838,143.14926970953977,12194300
2019-07-16,141.9423828125,142.82014286011497,141.42120144843628,141.84180468707075,15152700
2019-07-17,140.92742919921875,142.0337743605443,140.5616843077442,141.94234860148146,14155100
2019-07-18,141.4578094482422,141.73210079471633,140.56174454393653,140.88176971715242,15705500
2019-07-19,140.64393615722656,142.11601174048894,140.64393615722656,141.66799358966514,17182600
2019-07-22,140.51593017578125,141.4485619818648,140.2599157900701,141.0279728989412,14474600
2019-07-23,141.4486083984375,141.4668991324869,140.38796905144798,141.06458669385347,15493200
2019-07-24,143.78929138183594,143.9630184412594,140.9182605860329,141.0736969150593,23823100
2019-07-25,142.05209350585938,143.77105996025935,141.80521739870233,143.71618775175702,17902500
2019-07-26,143.7344207763672,143.9355769382103,142.1800436680926,142.25319263164812,14260300
2019-07-29,142.77438354492188,143.88074261895508,142.27150700846553,143.72530627746522,13192200
2019-07-30,144.3196258544922,144.3196258544922,141.45774710418797,141.77775818461973,1200
2019-07-31,143.14926147460938,145.59055089708804,142.22578185017423,144.26475889710017,40445900
2019-08-01,141.07371520996094,144.62136397313154,140.43367908045624,143.44186981674014,38070200
2019-08-02,139.51019287109375,140.57997048447405,138.32154642786878,140.2142395565928,30148300
2019-08-05,135.32249450683594,137.0780278964997,133.68582993501175,136.95002068949523,39221500
2019-08-06,136.5660400390625,136.87691278480276,134.75564786780313,136.1454368317278,24283300
2019-08-07,136.52951049804688,136.88610320599943,134.12478734210563,135.24942373614874,23952100
2019-08-08,139.47361755371094,139.55591887509064,137.14205837017263,137.28834237672734,19415600
2019-08-09,137.7180633544922,139.11700423651496,137.17860540950073,139.06214599827706,19313200
2019-08-12,135.9351348876953,137.26092713343184,135.62426215868672,136.9774835304097,15963000
2019-08-13,137.3980712890625,138.78786002215134,135.02077832435933,135.6333853221829,21912600
2019-08-14,133.55784606933594,135.30422742330316,133.2378210200258,135.2767982992756,28235800
2019-08-15,133.0275115966797,134.10642755952816,132.38746156937356,134.06070770732913,24202400
2019-08-16,135.89852905273438,136.15454345758494,133.59438545734082,133.62181457559345,22783400
2019-08-19,137.27005004882812,137.9649443444197,137.10546137645088,137.44377711066093,17023400
2019-08-20,136.37400817871094,137.16034230589284,136.22772416452554,137.07805493196196,13324100
2019-08-21,137.49864196777344,137.74550406060973,136.9591700256631,137.71807493918348,13446100
2019-08-22,137.17864990234375,138.1387112381128,136.3648865504858,137.76382788624446,12979100
2019-08-23,132.97267150878906,137.25179678612795,132.51550077989674,136.43803344676934,36974600
2019-08-26,134.4355926513672,134.45388338282453,133.22866945824717,134.22529807069859,19167100
2019-08-27,132.44232177734375,135.34078156218496,132.28687150358695,135.2859233252067,24546200
2019-08-28,133.98760986328125,134.76480579201913,131.8937737702716,132.17721742963036,20115500
2019-08-29,136.33741760253906,136.50199232256412,135.28593079774,135.45964390718663,18786300
2019-08-30,136.090576171875,137.1237864605253,135.35910023172636,137.05063747133613,18727100
2019-09-03,134.0972900390625,135.6150998507726,133.49382147029968,134.81961348222518,20688000
2019-09-04,135.1762237548828,135.65168517012137,134.57275510689644,135.33166011238077,13107500
2019-09-05,137.69064331054688,138.8975804382861,136.575145887057,137.01403972536585,25666700
2019-09-06,137.05975341796875,138.2758290045741,136.99575678274786,137.7912292383298,14645900
2019-09-09,138.8975372314453,139.1992714195197,137.20600089119864,137.67232370537528,25780100
2019-09-10,140.67140197753906,140.7628277283001,137.96494583334842,138.68726925684166,29576200
2019-09-11,143.55157470703125,143.69787265387643,140.40623860856056,141.28401233789148,42970500
2019-09-12,143.58816528320312,144.37449943413384,142.244096279846,143.7161725193201,38648300
2019-09-13,143.83502197265625,145.30711196540864,143.67044724201162,144.32877406807108,31042800
2019-09-16,144.37448120117188,145.1516768627078,143.27727446562866,143.5241505154416,23242600
2019-09-17,143.9996337890625,144.07278277612522,143.04871090898965,143.88076494111772,22986700
2019-09-18,143.11270141601562,144.00875196620683,141.78690934699236,143.99046123407294,19735700
2019-09-19,142.41778564453125,144.30134030681737,142.20749106711085,143.3687083412617,21531600
2019-09-20,142.1160125732422,143.2315096908576,141.21996231460787,142.30803031881766,22707200
2019-09-23,142.00636291503906,142.59154086250206,141.32060685386793,141.59491206868495,14944600
2019-09-24,139.86293029785156,142.48713869014762,139.3215760982361,142.35868152412394,27576700
2019-09-25,141.39524841308594,141.63380770201556,139.28486885453034,139.72529138823884,21917500
2019-09-26,139.81704711914062,141.23007577743462,139.42249115560946,141.23007577743462,20641600
2019-09-27,138.6976776123047,140.58783949601727,138.09208768816833,140.22082293636242,20181900
2019-09-30,138.86280822753906,139.70695737776575,138.35815003969103,138.89033376498693,16905400
2019-10-01,136.1376495361328,140.70708414322672,135.84403917627938,139.56931074694188,34093500
2019-10-02,135.1100311279297,135.45870665625267,133.834629696329,135.45870665625267,24894600
2019-10-03,135.55958557128906,135.7430937776732,132.98124416874964,134.59614998679896,25362800
2019-10-04,136.84417724609375,136.9451088746423,134.99071188582974,135.78899440281586,18640400
2019-10-07,136.60560607910156,137.69749887472491,135.90825525122537,136.51384496992432,15762800
2019-10-08,134.3851318359375,135.7339250097268,134.06398193693317,135.26597692905622,18110600
2019-10-09,134.99993896484375,135.51376778100422,134.55033175031076,135.37612606188506,10929500
2019-10-10,135.5412139892578,136.25690570725396,134.97233441874215,135.1925386391859,16349000
2019-10-11,137.83514404296875,139.4316951402721,135.51373049391293,137.44058802433287,29236300
2019-10-14,137.33045959472656,137.77088208869918,136.8074605082801,137.5506778421022,10692600
2019-10-15,138.90866088867188,139.58765667782643,137.4405671826866,137.78924258803343,16801200
2019-10-16,139.05548095703125,139.71612176216755,138.67927999839918,138.74351557704466,13119100
2019-10-17,140.69789123535156,140.85387391733735,139.5142513540338,139.7344556105882,13175800
2019-10-18,140.02806091308594,140.84468425525142,138.96369381520495,140.32167121549395,14490200
2019-10-21,141.34022521972656,142.20272952098722,141.2209525403155,141.4595118999217,17450300
2019-10-22,141.49623107910156,142.26697429132582,141.064978900665,141.4870465641657,12471800
2019-10-23,141.6705322265625,141.99168218075775,140.89061862474688,141.61548114887935,8728000
2019-10-24,141.46865844726562,142.27611152880988,140.81720207529565,142.17517989361684,9091400
2019-10-25,142.2210235595703,142.70732658458274,141.2117074694815,141.22089197988652,10531500
2019-10-28,143.45053100585938,144.03776558715023,142.23018129770654,142.8266003885777,15392400
2019-10-29,143.9185333251953,144.36812639584127,143.01014867096694,143.14777634549515,11978300
2019-10-30,143.44140625,143.8818288262538,142.47797048881003,143.86347380201536,14451500
2019-10-31,142.63392639160156,143.23034556064155,141.5236926474636,143.23034556064155,17344200
2019-11-01,145.06553649902344,145.14811313744875,143.18454484154577,143.5056808801286,18421600
2019-11-04,145.84539794921875,146.53356435728438,145.40497536827556,146.25829499390184,16182000
2019-11-05,146.02891540527344,147.23092456786156,145.86376217729202,146.25830422243584,13760200
2019-11-06,145.18475341796875,145.882104321065,144.79938191925922,145.882104321065,16025500
2019-11-07,145.5701446533203,146.96483264782583,145.1297220237649,146.57029058402856,13448900
2019-11-08,145.96469116210938,146.13902890010718,144.92784924714277,145.23064416038386,11967400
2019-11-11,145.68939208984375,145.79949421738624,144.8635981317166,145.00122579114472,10508700
2019-11-12,145.73533630371094,146.69877234289586,145.42337080554753,145.82708344981384,14316900
2019-11-13,145.11135864257812,145.4325085836119,144.23051343418163,144.7351716268995,14514400
2019-11-14,145.06553649902344,145.8087542464242,144.78108252091437,144.9095397365048,13054000
2019-11-15,145.81787109375,146.15736203840763,145.294871908758,146.10231096638546,13119200
2019-11-18,145.4508819580078,145.65274526056052,144.91869816044013,145.63439023284192,10759500
2019-11-19,145.9921875,146.53354163019435,145.25814064508972,145.9921875,15203700
2019-11-20,145.4416961669922,146.44184215750857,144.29475195836756,145.4784062221071,21314300
2019-11-21,144.72596740722656,145.79033472315996,144.26718984009463,145.72611314416721,15388300
2019-11-22,145.17556762695312,145.46917797568568,144.37729917798382,145.25814422496106,13482400
2019-11-25,148.25856018066406,148.48794896408492,145.79033463093077,145.91879178961523,24753000
2019-11-26,148.35952758789062,149.13944123915897,147.99249704542586,148.41457866906444,15496700
2019-11-27,149.40550231933594,149.49724943114404,148.71733597726487,148.99260531424932,13202500
2019-11-29,148.43287658691406,149.36877260835058,148.341115486407,149.02011122813585,9988200
2019-12-02,146.98318481445312,148.83665042891127,146.72627045214597,148.78158535060314,17190900
2019-12-03,146.51522827148438,146.58863437792698,145.0655031717882,145.72614412898852,14884400
2019-12-04,147.52455139160156,147.92827799486378,147.08412873385365,147.26763700784994,10833200
2019-12-05,147.67132568359375,148.32278198907989,147.2217186271124,148.1576287851359,11470700
2019-12-06,149.39630126953125,149.93765532111235,149.1026769698944,149.1852535538758,16486200
2019-12-09,149.11187744140625,149.70829666959622,149.00177530730718,149.33209571038438,13476700
2019-12-10,149.2036590576172,149.5248089939127,148.58889872311548,149.02015080864058,13704400
2019-12-11,149.15777587890625,149.63490851850196,148.5980666288368,149.45140027274414,19612200
2019-12-12,150.4423370361328,151.4883492670165,148.8733116894176,149.33208922929254,24857000
2019-12-13,149.86424255371094,151.22221987694513,149.1485508562783,150.23125891108992,23279600
2019-12-16,150.9206085205078,151.8139034322259,150.79168008232924,151.08636763296064,20115300
2019-12-17,151.6757354736328,151.6757354736328,150.75481417257598,151.160021793384,12980000
2019-12-18,151.97044372558594,152.20987821563017,151.3258015968942,152.0072743963064,15379300
2019-12-19,152.62428283691406,152.62428283691406,151.84150816462352,152.20987106309627,11919800
2019-12-20,152.8452911376953,153.25049870992763,152.6150608400308,153.01105020698552,25449500
2019-12-23,153.14918518066406,153.2044381995627,152.28351707887578,153.09393216176542,13372100
2019-12-24,153.49917602539062,153.51759838844958,152.90978687681488,153.2873680327224,4334500
2019-12-26,153.49917602539062,153.77545526269236,153.20448847717563,153.63732267011437,9371200
2019-12-27,152.7440185546875,153.90437441880619,152.34801505960147,153.90437441880619,12261800
2019-12-30,152.3572540283203,153.0663675124293,151.55605682621268,152.8545454515241,14912700
2019-12-31,152.56903076171875,153.19526455561225,151.6849541789965,152.02569056482238,17362400
2020-01-02,152.6703643798828,153.56365935457293,151.24293325161483,153.554455198392,18297500
2020-01-03,152.07177734375,152.32963424899248,150.75485224355336,150.7916969741008,19295600
2020-01-06,152.27435302734375,152.44931628255165,150.60747355613515,150.89297098253135,17150900
2020-01-07,151.76785278320312,152.2651441669174,151.22451251807286,151.81390166461915,11817900
2020-01-08,152.23753356933594,152.90059818506134,151.6941932473837,151.78629101984723,13832400
2020-01-09,152.4216766357422,153.28734489092975,152.1914463147729,152.98343918099303,11895400
2020-01-10,151.8507080078125,152.58744783598587,151.21527008166478,152.45851941996628,15353000
2020-01-13,152.83607482910156,152.9097361526106,151.09553447927323,151.89673135473896,17271100
2020-01-14,153.39784240722656,154.33717186088862,151.93356710189872,152.08091785813096,18323000
2020-01-15,154.1345977783203,154.66873383345796,153.0018684823641,153.01107263684872,15437200
2020-01-16,156.123779296875,156.43688915118278,155.1107602951226,155.25811106849443,19976200
2020-01-17,155.70016479492188,157.07232848442908,155.33178785816503,156.81447165477095,18306400
2020-01-21,154.41087341308594,155.626496279849,154.04251051220595,155.04631136142626,17935100
2020-01-22,154.30960083007812,155.2857753498364,153.95964617124153,154.88978585875003,14916300
2020-01-23,154.20828247070312,154.68716552352524,152.36643970831278,153.88596841857188,15954300
2020-01-24,152.3112030029297,154.72401278364975,151.24293071369996,154.72401278364975,20491400
2020-01-27,150.579833984375,151.4823469596169,149.57603315802072,149.9720366169827,18539000
2020-01-28,151.83226013183594,152.3203471998956,150.56139854525657,151.49152381507682,16690400
2020-01-29,150.9665985107422,152.46770449322577,150.93897200020558,152.04408863023664,14944400
2020-01-30,150.9665985107422,151.15999813664013,149.1247561968793,149.9627978222009,21889700
2020-01-31,147.83554077148438,150.9574643794992,147.37507997943413,150.40491986032782,30439000
2020-02-03,149.48394775390625,150.04569624028653,148.71958141118424,148.8208833132834,17373200
2020-02-04,151.74024963378906,152.2375410940895,151.17848691914804,151.31661953252376,15994200
2020-02-05,154.07936096191406,154.28196479905122,152.5874727540366,153.31499449492313,17807000
2020-02-06,153.7293701171875,154.85289511227427,153.57281519848098,154.61346065757178,14768900
2020-02-07,151.84152221679688,153.20448192985373,151.39946983514727,153.14001068797538,18029600
2020-02-10,152.697998046875,152.77167345621103,151.45476240121673,151.54684612377613,11428800
2020-02-11,153.75706481933594,154.6779863492616,153.12162671534364,153.60049579335887,15005600
2020-02-12,154.8160858154297,154.98184491030048,154.05171942296644,154.7332062679943,12123000
2020-02-13,155.22129821777344,155.58966114134114,153.89516920949805,153.99647112130089,12649300
2020-02-14,154.62266540527344,155.43308056606264,154.1069517764594,155.35940518306884,16006200
2020-02-18,154.29119873046875,154.77008189722366,153.26897519205542,154.25436804940225,13412100
2020-02-19,155.08314514160156,155.7646319792584,154.28194808743652,154.87133717195394,11084600
2020-02-20,155.46075439453125,155.7370336518113,153.41630756366453,154.622712466569,20383800
2020-02-21,153.88597106933594,155.29497968266384,153.1768576590002,154.85292729453113,18729900
2020-02-24,149.2537841796875,153.8491743928208,148.3604890213845,149.06038444296067,28239500
2020-02-25,143.94921875,149.88915884430716,143.6269046980843,149.668146706341,45047000
2020-02-26,142.28231811523438,145.95679857387452,142.02446131660787,144.6306698654287,39465000
2020-02-27,137.2725372314453,142.75201657521424,137.05152509590923,139.38145503898483,50530300
2020-02-28,134.75839233398438,137.3369743408429,132.52976485761235,133.39543297904228,72036400
2020-03-02,139.0867919921875,139.27097350688035,133.8927945858151,136.26877406615495,33569300
2020-03-03,136.2503204345703,142.00607927391636,134.74000987721175,139.14201311337195,42941300
2020-03-04,140.12738037109375,140.39444134988574,136.77522759278233,138.3960439293677,36195800
2020-03-05,135.670166015625,140.4221104122642,133.9848779360386,137.06995661822083,32729400
2020-03-06,132.98106384277344,134.43612155224815,129.840732092551,131.42471825465526,39688300
2020-03-09,120.05130767822266,125.4018584702658,119.95920992241841,123.52318510030271,56320000
2020-03-10,123.79945373535156,124.14020419966786,117.89635839936588,124.05732464840648,54432700
2020-03-11,115.92555236816406,121.81024500783512,114.35077803751747,120.56699582873497,51354800
2020-03-12,103.11555480957031,110.41846069680423,102.77481141331306,107.53597265063819,70114300
2020-03-13,110.02247619628906,110.47372569618003,100.88693797532784,108.95420404430116,57915100
2020-03-16,95.42585754394531,102.49853266104122,93.40903786188427,100.03046355700069,59095700
2020-03-17,99.80023956298828,101.76179931912039,92.65388861182963,96.65989469112367,59344800
2020-03-18,92.06448364257812,98.33595409554948,88.63865602077283,94.90092232149975,62296700
2020-03-19,95.65609741210938,98.35439708668628,88.12296094024452,91.77901960446043,62654700
2020-03-20,93.38140106201172,100.15938092857498,92.50652180027521,97.72814978361971,76203700
2020-03-23,92.00003814697266,94.0997375610515,88.32556417233468,93.84188072438523,63534700
2020-03-24,100.41724395751953,100.68431193659056,92.02765164220476,97.03746499236591,73386700
2020-03-25,101.66529846191406,105.39096022558087,98.01358990636517,101.21230420427236,56043700
2020-03-26,107.98875427246094,108.71909599427381,102.80240901056908,103.11673659932192,51657600
2020-03-27,104.05970764160156,107.25841500638282,102.49733761789737,103.77312043463148,39931500
2020-03-30,106.35243225097656,106.55581946180544,102.43262973044328,104.68836148350331,41552100
2020-03-31,105.81623077392578,107.39709447472156,103.50502529558587,105.94565771645367,52948000
2020-04-01,98.60527801513672,102.0443459852405,97.56060858139872,100.49121555706087,54224200
2020-04-02,99.53900146484375,102.0535942956815,96.67310792064238,97.73626391131509,43774200
2020-04-03,96.71932983398438,99.84407711566014,94.85187184922925,98.54055383442855,42189200
2020-04-06,104.12442016601562,104.78080163446917,100.78703909953059,100.85175256675167,48708100
2020-04-07,104.39252471923828,109.68056384879029,103.90255029870971,108.05347325818062,57546100
2020-04-08,109.15359497070312,110.23523727255467,104.7345719160372,106.20449498472188,52822300
2020-04-09,114.37694549560547,115.19973413670279,112.16743347469381,112.71287461853233,69528600
2020-04-13,111.27993774414062,114.18281162154975,110.12433486131087,113.57264991386032,40198200
2020-04-14,113.53568267822266,115.44936098754312,112.1397193154501,114.54337217425612,35089700
2020-04-15,108.90401458740234,110.11508410807012,107.85010536037663,108.95948126674895,34809900
2020-04-16,108.08123016357422,109.47719337225523,105.90869109417211,109.1721125174149,49501300
2020-04-17,112.84229278564453,113.45245441082064,110.9933284231559,112.69437930432987,46250200
2020-04-20,111.51103210449219,113.61885013870776,110.050348711224,110.55880962818591,36700500
2020-04-21,108.84851837158203,110.23524149473248,107.68367602646741,108.55268438743948,31608900
2020-04-22,110.17052459716797,111.8530816520167,109.80073036520639,111.23368036909311,24333800
2020-04-23,111.25218963623047,113.61886897236846,110.64203502408817,111.03956267034746,38571200
2020-04-24,113.1658706665039,114.0071458095837,111.0210651690497,112.3523218079552,27147500
2020-04-27,117.64959716796875,118.74048635727898,114.50635653324106,114.58955653891205,39021300
2020-04-28,119.35989379882812,121.53243254575874,117.66808973118229,121.21809788633496,47292700
2020-04-29,125.23035430908203,126.51538389292644,121.92070662334744,123.40912340231638,50390500
2020-04-30,120.46929168701172,122.90068475969856,120.31213138170419,121.93921522472415,43727500
2020-05-01,115.68971252441406,117.83451114244205,113.9794217086433,117.54792389126817,43352000
2020-05-04,116.18891906738281,116.39230627270533,113.01794495144183,114.26599446663813,28498200
2020-05-05,117.0856704711914,120.108724121244,116.57720244671131,118.39844053805656,31209400
2020-05-06,116.22591400146484,118.51862611850457,115.56028562773069,117.86224454252788,29836800
2020-05-07,117.81600952148438,118.79595836065243,116.99322095779813,117.76978259187716,27493000
2020-05-08,122.3644790649414,122.72502660143215,119.43387183623854,120.33062080508384,32122900
2020-05-11,121.75431060791016,122.90991343089047,119.563292169613,120.56173470144557,33983200
2020-05-12,117.38150024414062,122.29973796898392,117.26131305002484,122.27200463287693,44275300
2020-05-13,113.45247650146484,116.55873779953357,111.31692450400783,116.16121010206524,58719300
2020-05-14,113.82225799560547,113.96092469153263,108.33083113321419,110.91013747605737,55904300
2020-05-15,115.63423919677734,116.05025337961322,112.28761097992894,112.79607902849696,40236600
2020-05-18,122.6602783203125,123.31666681850193,120.94999489831461,121.52316928653822,46981100
2020-05-19,120.23817443847656,123.37216909948097,120.23817443847656,122.23505973747444,30270000
2020-05-20,123.88059997558594,124.78658847335497,122.38294350487917,122.70650377227236,35901300
2020-05-21,124.10247802734375,124.86054598859519,122.56783440716951,123.92682417718832,32716500
2020-05-22,124.70342254638672,124.85134310666011,122.97464508094468,124.50003530263106,24035200
2020-05-26,128.2996826171875,129.7788602874012,124.79590008361502,129.51075245776414,36971000
2020-05-27,132.2841339111328,132.66317493937112,126.95912235078303,130.87893134369955,42682000
2020-05-28,129.15017700195312,133.80957578425358,127.19027900188745,133.80957578425358,42105000
2020-05-29,128.4105682373047,128.76187597725513,126.10861665378107,127.85588739717494,41536400
2020-06-01,129.64015197753906,130.9714087773656,128.14249513097457,128.74340299728036,25567500
2020-06-02,130.71255493164062,131.13782300657414,129.0207505897541,130.41672792399703,24666200
2020-06-03,133.8650665283203,135.03916323302457,132.30268887304493,132.82039680713976,36111700
2020-06-04,133.67086791992188,134.60460390026722,132.3673447298114,132.9775063217539,28904700
2020-06-05,138.8387451171875,140.81715078246742,138.2563308602825,139.46740041689372,53513400
2020-06-08,141.52896118164062,141.80630863269738,140.17922521642956,140.8448534563749,33834300
2020-06-09,138.9126434326172,140.3086201118423,137.80326798815176,139.46733820808697,39646000
2020-06-10,135.14077758789062,138.91266599694032,134.88192374568416,138.75550574320613,51774500
2020-06-11,124.83284759521484,130.3797415620548,124.59248726831821,129.56619259951108,72041500
2020-06-12,127.82816314697266,130.37048930443405,124.01928672956991,129.73259430243428,63864900
2020-06-15,130.7835235595703,131.77605726441126,123.63165601278605,123.63165601278605,57354800
2020-06-16,133.9281005859375,136.07087364950485,130.82060689413922,136.07087364950485,48957000
2020-06-17,131.50706481933594,134.49396540823295,131.08964381307527,134.12291350497017,34811400
2020-06-18,131.460693359375,132.93558765247096,129.68895751703036,130.20841607403142,26974100
2020-06-19,130.7835235595703,134.048695189919,129.71676532428734,133.96521382444473,50293800
2020-06-22,132.09141540527344,132.23983612931798,128.77986115583295,130.0877922473893,28983200
2020-06-23,132.6480255126953,134.18785913593064,132.3233568515153,133.87247561912827,20344200
2020-06-24,128.34390258789062,131.34935898832785,126.4423024807857,130.88555477460378,42998700
2020-06-25,130.28262329101562,130.40321693673636,126.42376816979005,127.74098481979736,37191200
2020-06-26,126.77623748779297,129.70748340933497,126.60927477090831,129.38281480981817,39100100
2020-06-29,130.92263793945312,131.7111106744549,127.17510654817143,128.66855651205753,33935200
2020-06-30,132.81500244140625,133.22315252046042,130.41249938555603,130.4867097775827,32865900
2020-07-01,131.5534210205078,134.04867555512084,131.01540648706495,133.2509318199028,26457500
2020-07-02,132.09141540527344,134.76293182135802,131.61834027083316,134.09505271733687,24022400
2020-07-06,133.04689025878906,135.15256567360828,132.58308597428513,134.80008404223008,19858200
2020-07-07,130.69070434570312,133.05610782616057,130.3103816285655,131.88731256414502,22661000
2020-07-08,131.6647186279297,132.18417698861987,129.03031456775588,130.570133521465,27358900
2020-07-09,129.00250244140625,132.04505675398065,127.30497743065364,131.7389442942534,34647800
2020-07-10,131.08033752441406,131.2565853807603,128.4366621417622,129.067429044285,24008200
2020-07-13,129.41990661621094,134.16925631267344,129.29931301473434,132.46246053477955,34235500
2020-07-14,131.56271362304688,131.7018492346496,128.60364028004943,129.33644475812753,28114000
2020-07-15,136.3863067626953,137.0820132914396,134.30845816800556,134.89285618149015,40770100
2020-07-16,135.57931518554688,136.05239061146884,134.39197696998008,135.53293191143186,30530800
2020-07-17,135.9780731201172,136.90568125516813,134.97625463576094,136.06155445526932,20644100
2020-07-20,135.3937225341797,136.2192934089048,134.64234787262015,135.54212911469116,19663300
2020-07-21,137.31382751464844,138.36202920922906,136.5439110841538,136.7943692372488,24503800
2020-07-22,137.3881072998047,137.90756583974564,136.38628833526843,136.4419425853787,24424800
2020-07-23,137.52725219726562,139.32681522780578,136.08018498010105,137.26752290978402,21704900
2020-07-24,135.50503540039062,136.97992934447433,135.02267507409718,136.6274336267006,20015500
2020-07-27,136.9149932861328,136.9984746376812,134.86497267719582,135.60706216182285,13370700
2020-07-28,135.5514373779297,137.32315889161106,135.48649798760772,136.42339165024742,13268000
2020-07-29,138.5383758544922,138.63112823924357,136.33993343850383,136.35848957712875,19864400
2020-07-30,137.99102783203125,138.32496743996992,135.7369460940815,136.48830667339809,23618900
2020-07-31,136.69241333007812,137.67567624951374,134.19714375857546,137.4159469558585,29881500
2020-08-03,138.91867065429688,139.11347470470417,136.5625508377707,137.55508476400124,20777100
2020-08-04,139.87408447265625,140.00394910111768,138.25076953979683,138.5754381880419,20285000
2020-08-05,142.65687561035156,142.74964210292148,140.79238800480434,141.26546314688002,18190200
2020-08-06,142.60121154785156,143.25981962967325,141.84058014708614,142.66615091901053,18237700
2020-08-07,144.8646240234375,144.93883440515492,142.0632422688834,142.34152766177792,20475200
2020-08-10,146.36732482910156,147.33204550212665,145.30985180755783,145.30985180755783,24000500
2020-08-11,145.5232391357422,148.25041063640614,144.85535982316392,147.74022308455,30359400
2020-08-12,146.1168670654297,147.3876859391527,145.16143162466017,147.18361097566992,23378300
2020-08-13,145.81076049804688,147.053752304509,145.30984405687656,145.62524165672392,15799900
2020-08-14,145.71803283691406,146.3395289057856,144.58634920279448,144.96667212908702,13360900
2020-08-17,146.46937561035156,146.58996924396706,145.39336051398013,146.09833787424864,9744200
2020-08-18,145.06869506835938,146.423009727854,144.43792807228152,146.423009727854,14670400
2020-08-19,145.07797241210938,146.59924987689476,144.88318254180564,145.56960381416798,14337300
2020-08-20,144.48426818847656,145.1614324594636,143.35258489508377,143.59377211923032,15413000
2020-08-21,143.41751098632812,144.44715670200938,142.48063175659883,143.91841320960455,20685100
2020-08-24,144.92025756835938,144.95736983100787,143.15780725544363,144.57704698685646,13707100
2020-08-25,145.07797241210938,145.46758046108343,143.5845220716531,145.45829531685155,16269700
2020-08-26,144.16891479492188,145.42119196133132,143.94628365412962,145.17073369721288,13772700
2020-08-27,144.5214080810547,145.63453545753694,143.4361078274208,144.81823544283145,17508400
2020-08-28,145.745849609375,145.82005999124698,144.45647430198827,145.2635033584817,12371400
2020-08-31,144.17816162109375,145.9777241168975,144.05758215828305,145.8107614049225,17051500
2020-09-01,145.829345703125,145.9220980651888,143.2691370582142,143.9833996016028,15638800
2020-09-02,146.98883056640625,147.47117673445246,144.87387043177492,146.525026375006,16763400
2020-09-03,142.6475830078125,146.83109075189807,141.88695166987756,146.67339906176738,32117600
2020-09-04,141.7386016845703,144.60490895810292,138.48268633023386,144.43794619848796,30618800
2020-09-08,139.01141357421875,141.44174337079176,138.21366967969882,140.23584946221285,26447800
2020-09-09,141.11708068847656,141.7200205306718,139.67001374386246,140.46774343788854,20160800
2020-09-10,139.28042602539062,142.7404163042669,139.19694464815677,141.76642444065342,23005500
2020-09-11,138.3528289794922,140.11529396424746,136.98924308736846,139.9947003064915,20851000
2020-09-14,141.99830627441406,142.32296074637816,139.4844810930809,139.68855608879866,21991300
2020-09-15,142.2672882080078,143.50100901285793,141.7942130446873,143.20418170082746,16175500
2020-09-16,143.61233520507812,145.495379071287,142.70326880787485,142.9537270319354,22178400
2020-09-17,142.56417846679688,143.22277269481276,140.76461538599008,141.57163039790828,20002900
2020-09-18,142.19309997558594,144.04831696564955,140.1987473729405,142.83315210182707,38352800
2020-09-21,137.2118377685547,139.38243810568386,135.73694375646804,138.97430228450463,40652500
2020-09-22,138.26931762695312,138.49194875743783,135.95029642925385,137.88899475352673,19385800
2020-09-23,134.14996337890625,139.14088308508377,134.0661495954372,138.19112614835342,33403400
2020-09-24,134.14996337890625,136.4405703535314,132.3062874727338,134.1220159789938,31723700
2020-09-25,136.32879638671875,136.7385020198295,133.4794980213411,133.56329757135106,20689300
2020-09-28,139.69024658203125,140.0813254122746,136.3194951645651,138.15385024021975,17600900
2020-09-29,139.05703735351562,139.93231496040184,137.8093078411214,139.5319298723872,18683800
2020-09-30,139.47605895996094,141.50596034752886,138.26558307915238,139.57848537228955,29073700
2020-10-01,141.70152282714844,141.72014969012116,139.1967567704536,140.42585977211846,25872000
2020-10-02,142.3253936767578,143.00512495026516,138.73117657159946,139.12225542244477,29452000
2020-10-05,146.25479125976562,146.47825672100066,143.84311756161108,143.85243809458223,18553600
2020-10-06,145.83575439453125,149.92347558429302,145.5750352368161,147.5863094890147,36348000
2020-10-07,149.02029418945312,149.50449309543131,147.5490990276697,147.6701380980658,27049700
2020-10-08,150.7149658203125,151.10604458862147,149.52310265742906,150.58460623087618,37278600
2020-10-09,151.49710083007812,152.4375652072897,150.66838337585978,152.102352854565,25038100
2020-10-12,152.5120849609375,152.93111116989712,151.4040354234991,152.1489393324688,20336200
2020-10-13,151.49710083007812,151.98129960804212,150.36110420185153,151.32950175777952,20106500
2020-10-14,149.99798583984375,152.62381877983074,149.85831992096362,151.78578064215975,19024900
2020-10-15,151.543701171875,151.94408631205744,147.87499117127945,148.32193635774922,22865100
2020-10-16,151.17120361328125,152.42823923503602,151.13394990423734,151.9719878602009,17637900
2020-10-19,149.36480712890625,152.7355437422239,149.01096787491002,151.66473386362293,18360600
2020-10-20,149.69073486328125,151.26437081761742,149.29965600847336,150.435653056877,18927700
2020-10-21,148.40576171875,150.25872951582366,148.32194794563213,149.79315743283914,17504100
2020-10-22,150.96641540527344,151.02228178460595,148.21952861760445,149.11343331132403,20673900
2020-10-23,151.84164428710938,152.08373658888436,150.14695555029888,151.84164428710938,20889800
2020-10-26,148.56407165527344,150.25874684454817,146.5434902870711,149.83973476316564,26509900
2020-10-27,147.2883758544922,149.0389314153053,147.06491035013804,148.47093291151802,20523000
2020-10-28,142.75367736816406,144.73701853753184,142.5022645222133,144.01072738978883,32338700
2020-10-29,144.4576873779297,145.0629253273,141.2266163871249,142.2508805255846,27203200
2020-10-30,142.548828125,144.58803570930434,140.96588620465963,143.69414544733476,31764500
2020-11-02,145.09088134765625,145.1560540468168,143.08891299583172,144.11317719519604,25252100
2020-11-03,149.2065887451172,150.12841263864155,147.17668649721443,147.52120539009633,30257400
2020-11-04,149.3741455078125,151.17126113766136,146.8507527727655,146.88799228785294,45226300
2020-11-05,153.5550079345703,154.17887290251574,150.76157507074242,150.85468097465613,31911000
2020-11-06,152.35377502441406,154.29987676076294,152.05581633598385,154.21606300352437,24930400
2020-11-09,157.87548828125,165.83677334351202,157.67063543833748,164.76594908135453,55052700
2020-11-10,160.80859375,161.39521911798465,158.0617213168998,159.41187750861354,35492200
2020-11-11,160.74342346191406,161.53488748571098,159.09529429404012,161.4045278695484,23972600
2020-11-12,158.27584838867188,160.7526947642429,156.7487728428554,159.5980711239897,33986800
2020-11-13,161.5535430908203,162.14016857198962,159.5143347116461,159.55158844182498,25440400
2020-11-16,165.39915466308594,165.5388206147899,163.32269279353073,164.33765080573548,31812300
2020-11-17,166.17198181152344,166.48856739456969,162.2797920976167,163.9186005935014,26154500
2020-11-18,163.84408569335938,167.34518161674364,163.7509656207913,166.6188905167231,24377800
2020-11-19,165.1011505126953,165.36186971206695,163.01539691772217,163.55544796775575,20187600
2020-11-20,165.27809143066406,165.68779714187792,163.7230823599261,164.5052400587166,24898800
2020-11-23,168.36949157714844,169.45892852478832,166.42338951062024,166.90758844561535,24816000
2020-11-24,171.5353546142578,172.67135146930298,169.80342614739632,170.76250336316113,34945400
2020-11-25,170.94873046875,171.61915531253408,169.36578844631055,170.8649309153096,21082700
2020-11-27,171.67503356933594,171.78678052312497,170.60422353510015,171.06979558618204,10384400
2020-11-30,168.55569458007812,171.62847268955272,167.90389660731205,171.16290067927264,25481600
2020-12-01,170.12002563476562,171.53536865674315,168.55571035373643,170.95806385657258,30265000
2020-12-02,170.2969512939453,170.8463229269087,168.31360972800556,169.4216735285422,20142800
2020-12-03,171.2560577392578,172.42929444087866,170.34354030466383,170.7159923409495,19603600
2020-12-04,175.2413330078125,175.47411905437127,171.25603702737703,172.2803013154887,24415700
2020-12-07,175.408935546875,175.93968031211367,174.53365779241742,175.2692554026624,14671500
2020-12-08,177.66229248046875,177.8298915941874,174.19843538230623,174.2356748937556,20165600
2020-12-09,176.36802673339844,179.5339113373514,174.96198989499297,178.79831366925555,29507600
2020-12-10,178.07200622558594,178.45376451575228,174.41260245393931,174.8316144653761,21245300
2020-12-11,177.19674682617188,178.51896990552618,175.33445839753765,176.90809439303487,30865000
2020-12-14,177.40408325195312,180.38370458882758,177.3573921608807,179.3002175819849,32237700
2020-12-15,181.84080505371094,182.04629714632716,178.15131125850485,179.11338139554047,26807000
2020-12-16,181.18698120117188,182.3358727485771,180.23426064072217,182.2611470522237,25494600
2020-12-17,183.3446502685547,183.42872559219737,181.26172296328943,181.88753469168856,23834200
2020-12-18,182.45729064941406,184.78307986054423,181.95291001153262,183.64353792601165,37033400
2020-12-21,182.36390686035156,182.8682875331998,178.8518701291476,179.24416937524524,30873000
2020-12-22,184.43746948242188,184.68031728597552,182.5039796631785,183.0644152128784,21919700
2020-12-23,186.00668334960938,186.48304363400135,184.84845642470393,185.47428235557945,18392000
2020-12-24,185.88526916503906,186.75394300060006,184.99792459288543,186.74459337983305,8904900
2020-12-28,185.19407653808594,187.91215089868803,185.06331012297954,187.8934801625802,27168400
2020-12-29,181.60731506347656,185.87592994408172,180.6826147848333,185.53967141026496,33901300
2020-12-30,183.45677185058594,184.45619798250112,182.16777823407764,182.18646322557746,20595700
2020-12-31,183.12977600097656,183.85833360330432,181.78474219592016,183.65284153572807,24747700
2021-01-04,180.73867797851562,184.83915697599133,178.3475122195055,184.51223376961497,33664200
2021-01-05,183.53147888183594,184.58694562833855,180.33702977922476,180.35570051635148,27442900
2021-01-06,191.0412139892578,193.14282614415575,186.02537087369166,186.3242594133263,52952200
2021-01-07,194.44117736816406,194.76810055331194,192.13407283975576,192.14342246088478,24031400
2021-01-08,194.02081298828125,195.93561780434663,191.162623066408,195.51529827215373,29017000
2021-01-11,193.85267639160156,194.39442695004436,191.32140958250523,191.56425738354457,20945100
2021-01-12,197.32736206054688,197.44879309930207,194.74005429183973,194.76807464655718,24892200
2021-01-13,195.91696166992188,197.76637643539925,195.3938960192794,197.48615862184934,22782200
2021-01-14,199.83058166503906,200.82067200008672,197.2059044648744,197.30865049506613,33913700
2021-01-15,196.85101318359375,199.84931958430974,194.52522384000153,196.9070538962757,41043500
2021-01-19,199.3729248046875,199.52237619166476,197.75702265884343,199.27017875769923,19744300
2021-01-20,200.25096130371094,201.73609725239527,199.0180228235202,200.22294094637505,25474200
2021-01-21,198.51364135742188,200.97019736868444,197.97189065804787,200.79272559186708,21180500
2021-01-22,200.8206787109375,201.1289168118131,195.7301108685257,196.608119837238,24800200
2021-01-25,200.62460327148438,203.53884910904233,197.64499559441197,200.7553697079312,33985000
2021-01-26,199.2328338623047,202.39926225202794,198.73778858695485,202.03498338427107,23969800
2021-01-27,195.5806884765625,198.943273482044,193.6191781812868,195.6834345254097,45830300
2021-01-28,194.9548797607422,198.36415590607967,193.9367688765418,196.93506082028338,32202500
2021-01-29,192.00328063964844,197.0751786242728,191.33076362232288,195.89826671771843,40591900
2021-02-01,196.72023010253906,197.61692418688756,192.19008284496664,194.44114629676938,26375100
2021-02-02,199.5223846435547,199.93336884891733,196.98176796719403,199.0927154509112,22773100
2021-02-03,200.12014770507812,200.57783718777728,197.63557208894102,199.60641752091936,23923200
2021-02-04,204.20196533203125,204.3981220636313,200.89543526874482,200.90477063597567,25400800
2021-02-05,207.03216552734375,207.20963729807696,204.34211136548205,206.36899804483355,23338800
2021-02-08,212.31890869140625,212.33759368257995,208.66676967669147,209.03104861598064,20831500
2021-02-09,213.3183135986328,214.4765263143711,211.38482352901949,212.1507512626257,19510900
2021-02-10,211.91722106933594,215.130354629656,210.11449756204775,214.7567261619044,27955400
2021-02-11,211.67431640625,213.89735902149832,208.68536052805848,213.09407579306566,25847600
2021-02-12,212.27215576171875,212.7205099345607,209.82494980795005,211.0298677978487,17440200
2021-02-16,210.93649291992188,214.48588542899358,209.9650730319803,214.33643402277633,22999500
2021-02-17,209.28323364257812,209.9183950323852,206.38768729197577,208.86291400728584,25042300
2021-02-18,206.04205322265625,208.19970609818796,204.92119625188948,207.67664046199477,24501500
2021-02-19,210.33868408203125,211.37547996630835,207.51784959690872,207.78873202974356,31238200
2021-02-22,208.9749755859375,211.45955168642945,208.2744381761915,208.7694834722144,23272100
2021-02-23,207.13487243652344,208.2744142992689,201.34376669701913,206.38764402043392,38646800
2021-02-24,212.02932739257812,212.4496469972676,207.08820969050768,207.9381842680013,27584900
2021-02-25,204.19261169433594,212.58037426462408,203.63217615631234,211.83313163141526,49961400
2021-02-26,203.9124298095703,207.57390367892054,200.6432551848858,205.04263645090532,47734200
2021-03-01,211.16064453125,211.75843583146417,208.23706410471087,208.7414447242011,26161000
2021-03-02,207.09751892089844,211.05789512967894,206.93873216816598,210.89909412447787,26895400
2021-03-03,204.85585021972656,209.4700451886041,204.75310415094248,207.75139663119023,33407600
2021-03-04,199.1300811767578,206.13545474832645,195.6180447712979,204.09921875223995,59126500
2021-03-05,203.3520050048828,203.76297497871246,193.54448129579797,202.58607726451152,53204300
2021-03-08,204.31407165527344,207.611266523264,203.31463146316403,204.89317800810255,40619700
2021-03-09,208.61065673828125,210.15184729595018,206.3502581728342,207.7419973577957,32247300
2021-03-10,212.2348175048828,213.86940481514688,210.34803273320063,210.72166124131456,36812000
2021-03-11,216.90505981445312,216.96110052570577,213.7012613806355,214.4111483964218,25256700
2021-03-12,218.18472290039062,218.70778858840035,216.11113088544408,216.69025154214435,23732200
2021-03-15,218.9599609375,219.06270698960228,216.61550097903668,217.9511854038967,21497400
2021-03-16,215.29852294921875,218.65175899668495,214.0095294007058,218.58638290859307,24675000
2021-03-17,216.98912048339844,217.46549503311192,212.36557653142683,213.8693973746508,29422600
2021-03-18,210.38539123535156,217.5682225377547,209.79693527496173,215.57870606888298,35637200
2021-03-19,211.97329711914062,213.52382345077766,208.24643270206704,209.75960330693488,40855600
2021-03-22,210.3760528564453,213.05678573398524,209.3205861718108,212.6644722377831,26128400
2021-03-23,202.74488830566406,209.09643108053513,201.78281795731652,208.44259893881423,43660700
2021-03-24,198.05596923828125,206.73330231154515,198.05596923828125,205.36024757769152,47270200
2021-03-25,202.7518310546875,203.55662518147457,194.67581673535824,195.90172091329904,59244600
2021-03-26,206.44825744628906,206.51375647127907,202.09676325106156,204.9041825458594,34452600
2021-03-29,200.6368865966797,206.74770125085738,200.3374359736799,204.95095467504123,38078800
2021-03-30,204.01513671875,204.64212525818783,199.45776437488024,200.62752230948925,36205400
2021-03-31,206.75706481933594,208.1233341439383,205.053890345963,205.1006835210296,34800100
2021-04-01,209.37734985351562,209.5270680401254,207.7677615434508,208.1233583008322,29799200
2021-04-05,210.52835083007812,211.99755934035838,209.2182276821039,211.86654702556098,27826600
2021-04-06,209.91070556640625,212.13792909473855,209.47087546998313,210.55641418793255,24907800
2021-04-07,206.52313232421875,209.96689328268948,205.8212774711232,209.83588094794925,26233700
2021-04-08,208.27305603027344,208.51637481657139,205.30655165617634,207.59927432544623,23989400
2021-04-09,208.30113220214844,208.76903537755877,207.03780219610354,208.2075601346294,23267400
2021-04-12,207.4869842529297,208.61930193560943,206.25171302171,208.42279059927006,20533900
2021-04-13,206.9442138671875,208.2824243612649,204.78250350218022,207.26238459639387,24608400
2021-04-14,208.9842987060547,211.49225308325646,207.56186893490894,207.62736795975707,27362000
2021-04-15,209.8920440673828,210.66876521462316,207.99235792000596,210.64069216056535,20587300
2021-04-16,210.22894287109375,211.1928225079206,208.6942206482483,210.93079780738177,23943000
2021-04-19,207.496337890625,210.23825792006872,205.82125080778502,209.3492447438373,25285900
2021-04-20,203.24777221679688,207.3933872643043,201.42295279092713,206.59796047829488,35570800
2021-04-21,208.21690368652344,208.3291958742011,201.66625952559912,203.0886891130243,31147800
2021-04-22,207.35597229003906,210.86524609481376,206.60732435583282,208.92812010052774,31943700
2021-04-23,211.26763916015625,212.1005062512268,207.76773250475227,208.51638045026183,27999500
2021-04-26,213.46678161621094,214.00955099885735,212.1940844415538,212.42803602307703,19069200
2021-04-27,213.7849578857422,214.6646181397717,212.9052976317127,214.0282766755718,19648100
2021-04-28,214.14993286132812,214.75821558807453,212.52163886624962,213.4387251388215,16222700
2021-04-29,213.3544921875,216.12447095218963,211.2957068200356,216.0308988859322,25500300
2021-04-30,210.4534912109375,213.1766911388562,209.75163644266598,211.23021220133725,27006000
2021-05-03,211.48284912109375,212.8116922168756,210.48152962905513,212.62453383198383,18693400
2021-05-04,208.9562225341797,211.6232767125855,206.77580600260634,210.18214101697035,26892700
2021-05-05,208.12330627441406,210.1259310973543,207.15007404800537,209.8826266105697,25139500
2021-05-06,208.30113220214844,208.5070107416707,204.60469997226113,208.35727829851422,27647300
2021-05-07,210.92140197753906,211.4267311459938,207.89875133164136,208.36665452732154,26172700
2021-05-10,205.55921936035156,211.18341019431676,205.49370606400268,210.77165312947008,28109100
2021-05-11,204.90415954589844,206.24235573882535,200.65559082693568,201.1234939902144,39519500
2021-05-12,198.2505645751953,204.72634226850528,197.9604526360828,203.16354750667188,42113400
2021-05-13,201.90023803710938,203.48175319448234,198.20380548046532,199.61686805457842,37739900
2021-05-14,206.83189392089844,207.19685777407773,201.83467787370628,203.94960906123674,25070400
2021-05-17,207.11270141601562,207.17820044578744,203.91223062053322,205.67155140974768,20048500
2021-05-18,205.54049682617188,208.90940524517603,205.38141146739542,207.17815786444064,24564500
2021-05-19,203.9590301513672,204.15555580534917,200.3093903997681,202.16228332909728,31202800
2021-05-20,205.31591796875,205.75574811806453,202.44299975268174,204.25846644912508,24932800
2021-05-21,205.8493194580078,208.09524893726893,205.2691241030408,207.1220166373948,24213700
2021-05-24,207.1875,208.17009942765756,205.87737694930348,206.98162148070907,18324200
2021-05-25,205.1848602294922,209.34920920146467,205.1193612213641,207.96420575817407,20514900
2021-05-26,209.01235961914062,209.33053035969323,205.98969474607455,205.99906194856098,20388200
2021-05-27,211.1647186279297,211.82914748683976,209.78908201127246,210.59387612524014,21225700
2021-05-28,211.02430725097656,212.59645488110272,210.6031972985692,212.50288282460667,20668400
2021-06-01,213.42002868652344,213.88793193779767,211.45484359873603,212.85855335255877,23081500
2021-06-02,213.6726531982422,214.22477548564802,212.268943754774,214.21542256322905,18927500
2021-06-03,211.8852996826172,213.00826459319367,209.65807570982773,212.2596308389917,24811500
2021-06-04,212.80239868164062,213.42003441693214,211.68880090829757,212.9521311530945,19395800
2021-06-07,215.65660095214844,215.96541880476585,212.6620230651713,213.2609386425667,24049900
2021-06-08,217.93995666503906,218.4920790260224,215.21675655478387,216.36780873289553,27770300
2021-06-09,216.4894256591797,218.64178300149652,216.15253482056252,218.54819665994196,18700600
2021-06-10,214.88401794433594,217.6019276783222,214.3498144121132,217.13332156551604,29069000
2021-06-11,217.15206909179688,217.24579603433574,215.62442289362312,215.8399777005942,16707200
2021-06-14,216.51475524902344,218.6984612781585,215.6900039794521,217.7237526321701,19182800
2021-06-15,215.89617919921875,216.93648519873582,214.13421588093576,216.60845524455448,17039900
2021-06-16,215.43692016601562,216.19605960601288,213.34694138788294,215.27759584039944,24527000
2021-06-17,213.01895141601562,215.74624230883967,210.4228839578964,214.84652661888563,48292500
2021-06-18,208.1829376220703,211.566274025799,207.2457254803252,209.6543532482345,54023700
2021-06-21,212.6347198486328,213.21578686738036,209.26075002846378,209.9824074651407,26736400
2021-06-22,213.60000610351562,214.0686121380717,210.61029731493258,212.0629788822006,21188500
2021-06-23,214.30296325683594,215.5213420802978,213.67503274567488,213.67503274567488,22387500
2021-06-24,217.33013916015625,217.34888740858946,214.35917816568622,215.67126954154182,21732500
2021-06-25,217.6956787109375,218.75473321930383,217.19895732045467,217.70504568596962,27619000
2021-06-28,215.97116088867188,217.98616120462333,214.40601838126028,217.65814554659877,25006000
2021-06-29,214.94024658203125,217.18018321037707,214.40604305430136,216.71157710151206,18844300
2021-06-30,214.96835327148438,215.85871628356438,213.4594410888053,214.29355935744636,26039000
2021-07-01,216.86154174804688,217.2926656749531,215.2870320339004,216.31795692747994,18089100
2021-07-02,214.7996368408203,217.50817915398414,214.20918865985888,217.43320047221752,21029700
2021-07-06,211.6787109375,215.05267998602568,209.81365383835376,214.95895306217523,27771300
2021-07-07,209.71060180664062,212.43789280691746,207.87367385852278,211.37883841901697,28521500
2021-07-08,207.77992248535156,210.01049188937816,204.171664432586,205.5399861084597,42297900
2021-07-09,212.1660614013672,212.23165880631134,209.31692885568825,210.08544957548338,23976400
2021-07-12,212.34414672851562,212.64404715618488,210.45097433253352,211.39755338016388,16831000
2021-07-13,208.34226989746094,211.56628207585265,208.2672912071817,211.088294712913,25357500
2021-07-14,205.12762451171875,210.27292450940033,204.82772405158923,209.66374231491284,30594100
2021-07-15,203.96543884277344,205.30564505107975,201.4443364389712,204.15287837041302,45477000
2021-07-16,201.45375061035156,206.07421398815347,201.00389277847185,206.02735052008373,36620200
2021-07-19,198.43592834472656,200.98514658597935,195.924206598602,197.40500354026523,58571000
2021-07-20,204.59344482421875,205.5025418853869,197.9954623246216,198.8764441612773,40794600
2021-07-21,208.1173095703125,208.26726693339324,205.5868398463905,205.67118550035292,28278700
2021-07-22,204.8090057373047,207.99552188310463,203.91865689957163,207.56441222727491,32879000
2021-07-23,205.76495361328125,206.13983279529748,203.29071383009145,206.0648540987494,23660300
2021-07-26,206.36473083496094,208.10794588129443,205.39002226027907,206.55217039140854,22194200
2021-07-27,203.9561004638672,205.32443647477032,201.85675443165056,205.25882476090243,35063600
2021-07-28,206.9552001953125,208.6140554553349,203.749921959051,205.24946716548067,33043700
2021-07-29,208.5484161376953,210.34786144343306,208.1922710050622,208.80145307862088,22634800
2021-07-30,207.17074584960938,209.98238226204273,206.44908849954922,207.73306455166266,28473000
2021-08-02,206.13980102539062,210.45098245776606,205.84926755899596,208.5015795501272,24192600
2021-08-03,206.99266052246094,207.23633051495605,203.46874825057384,206.7677244750429,27798600
2021-08-04,204.4153594970703,207.31134184765935,204.20917166297752,205.3432047504878,25588500
2021-08-05,208.0891876220703,208.47344798976602,204.9495215749499,205.33378194264563,23915200
2021-08-06,209.3638153076172,211.06954823356438,208.192300155419,209.70121224347915,24429200
2021-08-09,208.21102905273438,209.1763563043788,207.3206804799494,208.9233050508182,17225600
2021-08-10,208.62342834472656,209.20449529602078,207.3019557935035,208.66091053805553,22681600
2021-08-11,209.64498901367188,209.68247120751346,206.627164733773,209.01705858658667,25691300
2021-08-12,209.14825439453125,209.7855517543039,207.78929971795117,209.71057307067386,23269500
2021-08-13,207.24571228027344,209.27946078223857,206.84270364861615,208.9795460516358,20813700
2021-08-16,205.3150634765625,206.4303338730881,203.98420969783703,205.9711090923781,24074400
2021-08-17,202.81268310546875,203.7873916516673,200.32907687849166,203.05636739237892,35161500
2021-08-18,201.04132080078125,204.34967768478822,200.9101117059746,202.5314985998155,29102300
2021-08-19,198.6327667236328,200.62903339407822,197.4518701351557,199.09199157406366,38119900
2021-08-20,201.98794555664062,202.45655158288517,198.14537042114713,198.78268205321461,31759500
2021-08-23,205.83053588867188,206.13045065279476,203.78742018579607,203.82490238094988,25778800
2021-08-24,207.85488891601562,207.98609803200378,205.89611914850633,206.48656732081358,18677900
2021-08-25,208.58592224121094,209.9073947315543,206.98329756204703,207.845530976114,21548000
2021-08-26,206.37411499023438,209.14826927908788,205.9430054045829,208.19230887067397,22380300
2021-08-27,212.19419860839844,212.77526554406734,206.72088328332092,206.795847667963,33998500
2021-08-30,211.32261657714844,213.07521322947096,210.85401044671258,212.9814862830941,20733300
2021-08-31,211.73497009277344,212.38164877318772,210.2448061861717,211.0976726864492,20839800
2021-09-01,213.15951538085938,213.90928789662354,210.75087349783416,212.58781544642034,20451500
2021-09-02,214.64035034179688,215.40885693911548,213.3095106824607,213.9936716106938,22810100
2021-09-03,213.64691162109375,214.59349084896076,212.92525418162535,213.91869688231677,18213100
2021-09-07,212.1754913330078,214.6216160000593,212.0442821834647,213.4219854040296,19153400
2021-09-08,209.86056518554688,211.78185315710803,208.65156767604734,211.44445617526938,25241500
2021-09-09,209.75741577148438,212.08169753104576,208.96079415062675,209.50436452687302,27180500
2021-09-10,207.70494079589844,211.1445074830052,207.61122816643518,211.0226796346308,24366100
2021-09-13,208.88584899902344,209.35445507498986,206.42097646320886,209.195130725248,34693100
2021-09-14,206.22415161132812,209.719963166622,205.31506899828463,209.70121491974538,30312600
2021-09-15,208.0891876220703,208.7546144612683,205.68056012114408,206.20539657423055,27572000
2021-09-16,208.23916625976562,209.3169544931533,206.43033940548068,208.3047636727443,22369000
2021-09-17,208.51095581054688,209.02642535487925,206.7864888810737,207.7049527868788,39957600
2021-09-20,203.5531005859375,205.24008524513377,200.76957947344414,203.79677058642957,44958500
2021-09-21,203.8623809814453,205.52123610994272,202.26912326388964,205.03389611210713,26711200
2021-09-22,207.03016662597656,208.5765753167379,205.12762702823755,205.1370083025811,32100300
2021-09-23,210.6946563720703,211.48191112803167,207.64871695369212,208.2297838972747,31057800
2021-09-24,209.678466796875,210.90993183088287,208.5409982960621,209.65026640251193,28866000
2021-09-27,212.865234375,214.0308888928286,210.12968144756482,210.2142826282371,29743200
2021-09-28,208.02398681640625,212.0756207659924,207.61037621198187,211.8970086887844,39938200
2021-09-29,207.58216857910156,209.31185980873792,206.97112652868708,208.94524031610797,23628900
2021-09-30,205.63624572753906,209.264844740196,205.4952437538015,208.8042143859097,33153600
2021-10-01,208.95462036132812,210.10148419663656,204.68679339193542,206.7642989166504,32647000
2021-10-04,207.05567932128906,208.992196909373,205.80540946069013,208.8229802286084,32580200
2021-10-05,207.7701416015625,209.6878399353457,206.6984836971451,207.71374081881072,20407600
2021-10-06,206.68910217285156,206.9993208643094,203.76554166807247,205.64564451760126,32893300
2021-10-07,209.87586975097656,211.46455890710996,208.0991731842339,208.24958485033972,24289300
2021-10-08,208.2965850830078,210.67491391068572,208.22137925183455,209.9980757741719,17989600
2021-10-11,207.10275268554688,210.14852484199253,207.04635188813924,208.5316350440823,15929800
2021-10-12,208.24020385742188,209.13324987742178,207.14974071904135,207.6103710992315,18800600
2021-10-13,209.22723388671875,209.34943080711864,206.65148804808908,208.58799151582772,19676200
2021-10-14,212.3294219970703,212.4516332788745,210.87235368654586,211.2765689355179,18160000
2021-10-15,211.66197204589844,214.71713902920283,211.56796117033232,214.3129094771234,27555300
2021-10-18,211.539794921875,212.1508226795458,210.31772506248538,210.45874139859652,19082600
2021-10-19,212.3294219970703,213.27888316669265,211.14496230282384,212.4328282330476,15498400
2021-10-20,213.73951721191406,214.3129492335329,211.62440121572052,212.4234507741241,18130500
2021-10-21,214.2847442626953,215.28119659348397,213.03447400144506,213.57031026085863,17851600
2021-10-22,213.777099609375,214.69834599646956,212.16020999869266,214.14371909412003,16887000
2021-10-25,215.80758666992188,216.19299680652676,213.65486113188965,214.13428213735114,16387100
2021-10-26,214.18128967285156,216.88864206918018,214.14369393136693,216.24000436222272,25290200
2021-10-27,210.24246215820312,213.824069569074,210.10146020440843,213.56084201525033,27088500
2021-10-28,214.43511962890625,214.5761215974748,211.2953514803844,211.3235518740981,22890600
2021-10-29,214.37875366210938,215.11199270585402,213.35410093995958,214.14374078029257,20777700
2021-11-01,219.93443298339844,220.14123109593675,215.16836547581175,215.50678455530928,35500800
2021-11-02,220.39505004882812,220.77107921898818,218.7029546432232,220.32925390907894,24949700
2021-11-03,224.3338623046875,225.43372070562705,219.89681861280297,220.1130264153691,47648500
2021-11-04,224.24928283691406,226.49600529448216,223.31862671028858,225.12352382588725,26514000
2021-11-05,227.31381225585938,228.80849044405628,225.80032902452774,226.71217997195367,42041700
2021-11-08,228.0188751220703,229.80498146552222,227.42663812443587,229.12814328081046,31324500
2021-11-09,226.69338989257812,227.99066541764972,225.17990656134327,227.49243932203012,29895900
2021-11-10,223.1212158203125,227.0788243642132,222.1435542865467,225.687552244366,32471600
2021-11-11,224.91671752929688,225.9695849670089,223.41264373035452,224.02367146991742,17987500
2021-11-12,225.1422882080078,225.8097309478955,224.4278543779679,225.53710803598074,20526700
2021-11-15,224.24928283691406,226.3267885696197,223.30923135937013,226.148190837886,27390000
2021-11-16,224.66290283203125,225.02011263167535,222.74518982742862,223.50662921241468,21925200
2021-11-17,221.72052001953125,223.85444067769353,221.034286525496,223.78863019566694,26527800
2021-11-18,220.78045654296875,222.85797629934532,219.07896592605024,222.71695999303168,30637300
2021-11-19,218.76873779296875,220.36682212034952,218.45851914536425,219.28576887230957,33994000
2021-11-22,217.83810424804688,221.60771949624709,217.7346980215466,220.17883736934655,31042100
2021-11-23,217.46209716796875,219.03198132139013,214.91455150302195,217.51849795824015,33843800
2021-11-24,217.6970672607422,218.08249171061541,214.8393034666133,215.638352755956,24099300
2021-11-26,209.49049377441406,212.6114574632862,206.47292198581445,211.4740031198055,62595400
2021-11-29,209.35885620117188,213.1566575928797,207.97697947851464,212.658431492226,45982400
2021-11-30,205.0910186767578,208.55981074706665,202.93830721433105,207.43175190034378,64908400
2021-12-01,200.47532653808594,210.76889931003052,200.3719203257271,209.79123796699352,69120100
2021-12-02,206.06871032714844,206.75494395477045,201.00183295444359,201.5188498410891,64315700
2021-12-03,201.83843994140625,207.16852959305282,199.95833716435789,207.08391406661082,64425200
2021-12-06,205.89004516601562,207.45992915708516,200.89837492656906,203.55870755289004,43878300
2021-12-07,210.66555786132812,212.4892458173253,208.67263882356332,208.82305051396978,44679200
2021-12-08,212.10379028320312,212.95922610858568,209.68785143320173,211.1355385420865,36546400
2021-12-09,207.30015563964844,212.27302163956523,207.26254554791737,210.52452531929796,34830300
2021-12-10,206.72671508789062,209.49046860951822,205.23203674465825,208.87942656864226,32924600
2021-12-13,203.7056427001953,206.5438022673844,202.48929887684318,205.92148013096215,33478400
2021-12-14,201.95184326171875,205.10116402710904,201.131518658334,202.3290147482792,36543500
2021-12-15,205.15769958496094,205.70458735227805,199.02880430010063,201.98010771054052,51261000
2021-12-16,201.0089111328125,207.34524744294205,200.1320145123844,206.92094216248913,52743800
2021-12-17,202.85702514648438,204.94085608820012,198.29335841035993,200.08487607667377,62620900
2021-12-20,200.0094451904297,200.7826359020289,196.84127682636455,199.98115912904143,49993000
2021-12-21,205.72340393066406,205.92142069423255,199.95281877248328,201.97063880010714,38545300
2021-12-22,207.7035675048828,207.76957790561045,204.73341599977982,205.4311580210718,32442000
2021-12-23,209.36305236816406,210.07967085659922,207.76011343435724,208.4295836978767,22125400
2021-12-27,211.32432556152344,211.43748419223988,208.0053030713202,209.6459521466991,24196700
2021-12-28,210.0325469970703,212.84240599906994,209.6553899292279,211.0131640060325,23120300
2021-12-29,210.2588348388672,210.73028833377577,208.62759538739797,210.0042459230833,19444400
2021-12-30,210.2022705078125,212.55953823102013,209.98540590581112,210.21170878678237,23607700
2021-12-31,209.74966430664062,211.3243173079193,209.6930921873019,209.7873886446127,23997400
2022-01-03,212.45582580566406,213.74760387467938,210.01368558405895,210.937744862556,30618800
2022-01-04,212.13522338867188,214.16248217213263,210.62658074616357,213.09699260506898,22013100
2022-01-05,204.9502716064453,213.0121295507457,204.9125616559837,212.0314981873107,40582100
2022-01-06,206.1194610595703,207.83554419399354,203.49818094000986,205.3839948037292,39105900
2022-01-07,203.7339324951172,207.7978595645464,203.6019116964587,206.11948617235922,31583900
2022-01-10,203.02676391601562,203.0927599315303,199.05711868980995,202.50816213288368,45778100
2022-01-11,205.1859893798828,205.39343006738864,200.80147765898548,203.17759289976686,35209900
2022-01-12,203.65850830078125,206.85496277218135,202.385577969532,206.04406209628178,35284500
2022-01-13,201.79153442382812,205.73289341018975,201.1975127605141,204.43167706533248,34489600
2022-01-14,202.0744171142578,202.15927529973138,198.55737768041126,199.8868801366456,42020900
2022-01-18,195.96438598632812,200.31118832980553,195.68151097639796,200.0848854443373,49434400
2022-01-19,192.77735900878906,197.50133291752888,192.7113629915403,196.88843465313383,46209100
2022-01-20,189.28860473632812,197.05816460093936,188.89258547161344,193.6542693151075,50466000
2022-01-21,185.74327087402344,191.42899941557545,185.74327087402344,188.35511312661112,85821000
2022-01-24,190.02406311035156,190.8349637764869,180.3121172869037,182.98998433474014,85782000
2022-01-25,187.48764038085938,190.18435520583574,183.45199922846405,187.14819325647005,61088500
2022-01-26,184.78146362304688,191.92869954631578,182.6599231292872,190.25975032935867,71471700
2022-01-27,180.58555603027344,188.21367034924813,179.71808330063905,186.3467184830267,59829000
2022-01-28,184.1025848388672,184.15915695472447,177.35136751927647,180.75526223700047,65870000
2022-01-31,189.75057983398438,189.75057983398438,182.78249878209724,183.29166215097638,53393800
2022-02-01,191.7495574951172,191.9475742847227,186.66728962158223,190.1466185612554,43429400
2022-02-02,189.84490966796875,192.25874951152292,187.9119472598097,191.99473667786046,42777800
2022-02-03,186.2523956298828,189.75058649978087,185.7998043541336,187.4876013458004,39629400
2022-02-04,187.0539093017578,188.67571061447768,183.79144450636926,185.79040289234578,34291100
2022-02-07,187.97796630859375,189.67520202279312,186.68618814249638,187.10105519474865,33242600
2022-02-08,191.18385314941406,191.52330030707725,187.97797451741172,188.08169488190944,28341900
2022-02-09,194.8140411376953,194.85175109203874,192.6359279869357,192.89051693852164,27329300
2022-02-10,191.82498168945312,197.11468996434587,190.58033767765838,191.31580390731256,44788100
2022-02-11,189.8826141357422,194.29541194022428,188.28909902158404,192.023002642666,41516600
2022-02-14,189.22256469726562,191.90985532907942,187.86479073986754,190.1183378329493,32262700
2022-02-15,194.29542541503906,194.53115217874512,191.06126112304986,191.20269142622556,25847500
2022-02-16,194.70086669921875,195.43633298966088,192.42845743349997,193.5788050954979,30104800
2022-02-17,189.71290588378906,193.32424180789712,189.31688662779982,192.8716504278552,27140200
2022-02-18,188.08168029785156,191.1461283713826,187.41220992661943,189.55261307112715,36255400
2022-02-22,185.43212890625,189.0057407769967,184.19692280623693,187.14821248705252,31847100
2022-02-23,181.96217346191406,187.54418070391193,181.5567303922172,186.921873071066,31491500
2022-02-24,186.7333221435547,187.14820358377142,177.1911065690539,177.5682780545332,52221100
2022-02-25,190.9386749267578,191.05181916712058,185.75268622504342,187.34620141904387,33656200
2022-02-28,191.7118682861328,192.91878815896,189.0151535479927,189.02457743894828,34975900
2022-03-01,188.1005096435547,192.15499795397884,186.50699462137848,191.08952290100422,40638900
2022-03-02,192.579345703125,193.57882489814355,189.2320227175971,189.3734530234506,29978600
2022-03-03,190.29751586914062,193.39967386565405,188.85485478438042,193.38081169531446,30142700
2022-03-04,187.31788635253906,189.39227863447863,185.73379529466084,188.29850318827906,31610400
2022-03-07,182.65992736816406,188.1947863140681,182.62220303477832,187.84591536214688,39279800
2022-03-08,183.66885375976562,188.17596259282155,182.41480007290565,183.2445484744442,45715800
2022-03-09,188.84542846679688,189.5243227140958,186.33729218581036,186.90304218776618,29048000
2022-03-10,188.50596618652344,188.6191104227693,185.33779808306846,186.1392747901273,25661000
2022-03-11,185.49807739257812,190.24089812713868,185.22464071183475,189.31685335888076,24990000
2022-03-14,181.7075958251953,186.16754145319118,180.92498136825438,185.97896294988897,34969500
2022-03-15,184.60235595703125,184.6117798487467,181.86793104697944,182.41481890651397,25464300
2022-03-16,190.41062927246094,190.41062927246094,184.95119004693458,186.26183011463536,31869700
2022-03-17,193.3996124267578,193.4939088608794,188.86423306525666,189.3074004079196,25783100
2022-03-18,195.43634033203125,195.60605668807,192.35303037542127,192.551047178419,37092200
2022-03-21,193.7108154296875,196.29437138890992,192.29645493664086,195.37032656198608,26747500
2022-03-22,195.6531982421875,196.869541915165,194.05025925459452,194.5311366345868,24699900
2022-03-23,192.25875854492188,195.3703549594245,192.11732823010763,194.38029959286172,19775000
2022-03-24,194.469482421875,194.5261657408309,191.53127692349366,193.09014027428123,19781200
2022-03-25,194.73402404785156,195.20640428426952,193.1468333731196,194.70568238693855,19430400
2022-03-28,194.8001251220703,194.8190243641879,191.8146791669977,194.24272001473338,18999100
2022-03-29,200.01524353027344,200.52540783618903,196.39680923493498,196.51017587716052,29550600
2022-03-30,196.00001525878906,200.04358895444975,195.19696308551448,199.6940177745098,26251500
2022-03-31,193.9309844970703,197.36991200966628,193.81760343856894,195.68823953688533,26771600
2022-04-01,196.1039276123047,196.24563590917109,193.68532882388504,194.79069678714285,25948500
2022-04-04,196.42515563964844,196.9164207117582,194.50729301087512,196.38735714739326,20333900
2022-04-05,191.7769317626953,197.870633871858,191.3234363605609,196.47239242169508,26509800
2022-04-06,189.05601501464844,190.65266248835178,187.70500006924541,190.15194060103542,34903900
2022-04-07,188.44192504882812,190.1141406601014,185.8154777442755,189.05601357284596,29291200
2022-04-08,186.93971252441406,189.24492992074144,186.59015583290304,188.21514467241585,25249600
2022-04-11,185.68319702148438,188.24350397055383,185.05966613254614,186.23115976671434,33702300
2022-04-12,186.2689666748047,190.53927336642468,185.56983877875547,187.7238913692965,33699800
2022-04-13,189.81179809570312,190.32196232213386,186.6940861771423,186.7602119028378,22303600
2022-04-14,187.96957397460938,191.19119664148178,187.88453456513153,190.00080348372063,27107000
2022-04-18,186.7035369873047,188.17736083649717,185.67375165881748,187.49714664263055,22246400
2022-04-19,190.4259033203125,191.06834788656573,186.76968519686568,186.93029273445407,22786700
2022-04-20,191.1533660888672,192.60829070575295,190.70932756472237,191.83359470390184,20516200
2022-04-21,186.8736114501953,193.48693430140415,186.13669948576117,192.94841394960238,31547700
2022-04-22,182.03643798828125,186.46736683944914,181.66798198657966,185.9949866108112,35686900
2022-04-25,183.14181518554688,183.38744770770825,178.75812736545848,180.43979977817125,35556500
2022-04-26,177.36932373046875,182.06478409939803,177.12367679884605,181.69632811786374,40513600
2022-04-27,176.63243103027344,179.29664816824803,175.97108714153455,177.3032029184725,37808000
2022-04-28,179.9296112060547,180.82713068246932,174.50669585952244,178.72031907482037,37405200
2022-04-29,174.73345947265625,181.1389347982842,174.31776252736327,179.1171478137335,41193400
2022-05-02,176.56626892089844,177.44490358091335,172.3054047466441,174.68619055283392,38002100
2022-05-03,178.077880859375,179.0415260223071,175.42309220679914,176.59460021274828,30246300
2022-05-04,182.8300323486328,183.21737314744803,175.43255686053774,178.60695230658737,38834700
2022-05-05,175.4136962890625,180.9783355644851,173.25020088991795,180.94999390017466,41468700
2022-05-06,172.4943389892578,175.17745480765754,170.57647671479126,174.74287313831445,45457900
2022-05-09,165.2385711669922,172.56046351252377,164.48277445759135,169.9245886111276,53682200
2022-05-10,165.28585815429688,169.02711633901097,161.7430060314587,167.76114064026666,53650800
2022-05-11,161.17611694335938,168.3468443383704,160.89268596315097,165.4558800552212,64377800
2022-05-12,163.06565856933594,164.70953251741915,159.57003339020193,160.44866810029842,52967400
2022-05-13,168.23348999023438,169.4994654562039,165.34251108020462,165.37085273870397,36517000
2022-05-16,167.43045043945312,169.5278198210026,166.410107409302,167.69498221587372,28225500
2022-05-17,172.551025390625,172.73997457267444,169.1026559665524,170.44421389977154,31833700
2022-05-18,166.50457763671875,171.38898716163922,165.4275513602591,170.5009100814901,36093800
2022-05-19,166.7785186767578,168.93257080175306,165.2291125093771,165.2291125093771,33627700
2022-05-20,166.35342407226562,169.08378123398384,162.30039361266935,168.63974266305556,42243700
2022-05-23,168.36575317382812,169.0743234567703,165.80544620846806,168.05398051942564,24644100
2022-05-24,165.87158203125,167.1564422715667,162.81055329899837,166.8163423838821,26861800
2022-05-25,168.85702514648438,169.84902646664798,165.15356604498683,165.21970619375102,27950100
2022-05-26,172.62664794921875,173.64699106780705,169.77346706664233,169.91518979794458,25702700
2022-05-27,177.2748565673828,177.28429898249453,173.26906692716477,173.60918127789932,24952100
2022-05-31,175.0735626220703,177.3126403514396,173.9209536806977,176.58518515971005,29794500
2022-06-01,174.08152770996094,176.61349281054336,171.7290837888427,175.9805051393723,28352100
2022-06-02,178.33294677734375,178.33294677734375,173.99650051513746,174.393298106199,24876000
2022-06-03,176.72686767578125,177.5771606350826,175.5270180022209,176.944158518491,18972100
2022-06-06,177.49212646484375,178.85258370699322,176.50958202101316,178.83368446310246,24678700
2022-06-07,180.35476684570312,180.39256533717472,175.63096452480048,176.11280158770896,21661600
2022-06-08,177.56771850585938,180.16580966744417,176.7268823065643,179.46669618104826,21521700
2022-06-09,173.88670349121094,177.20207875915617,173.8488053939708,176.7095046722582,21697200
2022-06-10,169.16941833496094,171.97328542897827,168.2790007891468,170.98813707679986,37153600
2022-06-13,161.22198486328125,165.73090516964317,160.35998369248955,164.4710606401533,39712700
2022-06-14,160.4452362060547,162.20712207610018,158.89174652684503,161.66718254878268,30282400
2022-06-15,162.79443359375,164.87838131762481,159.76323559048737,162.1787266937048,32150500
2022-06-16,155.25430297851562,159.53587795663336,154.19338737306353,158.9864711026982,43810600
2022-06-17,156.4667510986328,158.683327126604,155.06482511851473,155.8036789765424,40327300
2022-06-21,159.27066040039062,161.10832824351402,158.0108158022298,159.11909688770388,34665400
2022-06-22,158.967529296875,160.33155739036434,156.64675483434917,157.20564341549118,29303500
2022-06-23,160.8715057373047,161.2504000417232,157.76452618862095,159.31801596296282,27089800
2022-06-24,165.85401916503906,165.8635009166784,161.88503887059966,162.1881658452642,37138500
2022-06-27,166.4697265625,167.6537891077309,164.99200436478552,166.4034121221006,24745400
2022-06-28,163.34381103515625,168.7526010609367,163.2585619943181,167.59695477216505,25909200
2022-06-29,161.6861572265625,163.59012514037377,160.05688554208908,163.44804337587016,21292500
2022-06-30,160.42628479003906,162.27341967803508,157.96342863678427,159.32747115527062,31466300
2022-07-01,162.3681640625,162.77547472019387,158.81597572911295,160.1326529598661,24598600
2022-07-05,163.71324157714844,163.77954157017498,157.93501000701204,159.78214486832124,25151100
2022-07-06,162.5007781982422,164.54684214321296,160.79572491076655,163.35329761503436,25697600
2022-07-07,166.34661865234375,166.6970966231205,163.7322131394715,163.7416804386656,24822500
2022-07-08,166.32763671875,167.65379549224383,164.48996926594833,165.83507708797626,20547000
2022-07-11,162.98387145996094,165.74037308464415,162.54814445048217,165.06781906493813,22031500
2022-07-12,162.4250030517578,164.2153054629437,161.56300184721488,162.4913030538578,23864200
2022-07-13,162.28289794921875,163.1922499727786,159.88634184135108,160.2273524636585,25535600
2022-07-14,160.61575317382812,161.032545604486,158.20974385215595,159.7821683125124,25102200
2022-07-15,163.95953369140625,164.2058279939601,160.3789290907929,162.4912929902489,34935900
2022-07-18,163.49539184570312,166.99073297544675,162.98386863869302,165.8919337180262,23031500
2022-07-19,169.2641143798828,169.45356149981328,165.44669782042325,165.53194685630865,24234600
2022-07-20,171.91644287109375,172.21955541707754,168.98942878738097,169.22624133582397,26049300
2022-07-21,172.79736328125,172.87314502449462,169.41568790556056,170.931279408784,21709900
2022-07-22,170.04086303710938,173.5835836726277,168.65788596259983,173.23310575512275,25116100
2022-07-25,170.9217987060547,171.3764746759735,169.01781688434681,170.55237177039157,19267200
2022-07-26,169.87034606933594,170.70393070358412,169.12201046707548,170.29660568316262,19391200
2022-07-27,173.7351531982422,174.53083985401614,170.50502672305512,170.95970274722734,21670700
2022-07-28,176.12220764160156,176.32113652625088,172.17217638087453,174.5971488261458,22838500
2022-07-29,177.37257385253906,177.82724983455148,175.27914485884074,176.22639491946845,21760600
2022-08-01,177.30625915527344,178.38613809856832,174.5024070740281,175.98958215105125,23905600
2022-08-02,177.13577270507812,179.04922199743066,175.69594847343433,176.63373129703803,17492600
2022-08-03,179.74070739746094,180.1196016578497,177.7420090980477,178.36719763618973,19157700
2022-08-04,179.36180114746094,180.01539153485825,178.4998001407248,179.82594441732763,14838900
2022-08-05,180.73533630371094,180.94373249854863,177.29681354277963,177.5809914860938,18540300
2022-08-08,182.6487579345703,184.36327817823917,181.76780788962532,182.0140876943115,22188700
2022-08-09,180.1575164794922,182.0330678141284,179.181849937229,181.90992066382051,18247300
2022-08-10,185.30105590820312,185.61365016887387,182.9234634122936,183.41603750067378,20796400
2022-08-11,185.99256896972656,189.00481744789394,185.69890928790218,187.00611909369024,23727600
2022-08-12,189.79104614257812,189.85734613898018,186.2104416279295,186.9398283116959,21726600
2022-08-15,190.46359252929688,190.54884157293714,187.7639238495682,188.31333066506664,17414800
2022-08-16,190.38780212402344,191.33505222064827,188.53118557492743,189.92364437327709,18833100
2022-08-17,187.1861114501953,188.81538294049733,186.02099775844255,188.2375597438915,22428000
2022-08-18,188.427001953125,188.7395962434782,186.51355256394368,187.44186813671027,18368100
2022-08-19,184.38223266601562,186.71247435365441,183.83284030812266,186.44724547264056,27416400
2022-08-22,180.58377075195312,182.2035748926893,179.9869985231729,181.86256425537064,22937000
2022-08-23,180.87741088867188,182.7529621140797,180.3469531242244,180.86794359069606,20069800
2022-08-24,182.26043701171875,183.10348921591884,180.12912379789793,180.72588166912067,16038300
2022-08-25,185.0926971435547,185.14006254787586,182.80035322255208,183.1792620032294,14795000
2022-08-26,179.0113067626953,185.13054832100502,178.70819426887957,185.0358175363754,24177200
2022-08-29,177.3630828857422,179.02077027061776,176.68106177679672,177.08837231064328,19753300
2022-08-30,174.88134765625,178.09252562989946,173.85831558669452,177.91256021221858,22548900
2022-08-31,173.82041931152344,175.94226505583893,173.52677404928738,175.18446197187686,22412500
2022-09-01,171.9259033203125,172.29533030301045,169.46304713306594,172.191132207691,30706600
2022-09-02,170.5902862548828,174.2466726308836,169.6904014493002,173.9151437308748,27468200
2022-09-06,168.90414428710938,171.52803082021254,168.13687410382104,171.17755294732473,23837100
2022-09-07,172.57952880859375,172.8447577275822,168.54423341247005,168.5821315174067,24781200
2022-09-08,174.01934814453125,174.09511544439127,170.1450836736452,171.15864836944556,25273200
2022-09-09,177.51467895507812,177.73255690451248,175.33601509186065,175.56334588585716,23208800
2022-09-12,179.66493225097656,179.84491209013052,178.05460990436725,178.65138211758503,23134600
2022-09-13,172.63636779785156,176.10330737729407,171.96381372271236,175.1086916679271,34144700
2022-09-14,173.30886840820312,173.64987899038937,171.04494145959927,172.93944148199205,25278300
2022-09-15,172.04904174804688,174.94762476601846,171.31965511776912,172.32373791966626,25378700
2022-09-16,169.54832458496094,170.20191510514397,167.57804236379835,169.64304093602485,41155900
2022-09-19,170.9976348876953,171.21549841812208,167.62542600049238,167.67277695422942,25412200
2022-09-20,168.6674041748047,169.5009891533527,167.38862480514388,169.33995831956847,22247500
2022-09-21,166.0908203125,171.5469898514629,166.08135301539912,169.90823685802064,29357100
2022-09-22,162.34918212890625,166.3181620688263,161.73347539071372,165.76875531673852,33468600
2022-09-23,158.48440551757812,160.26524025889918,156.29626018757432,160.0852604345458,40336900
2022-09-26,156.31451416015625,160.88483853958797,155.75274896589258,157.55231246501538,30597800
2022-09-27,156.84765625,159.6088998055484,155.4670417365534,158.35205490537012,42406600
2022-09-28,161.8083953857422,162.808155927782,157.17142890270236,157.8284002882036,35186500
2022-09-29,158.1807098388672,159.8945684942855,155.96219823512604,159.7517517825534,31464000
2022-09-30,157.02859497070312,161.40849130414688,156.98098455929787,157.8474446494371,40643800
2022-10-03,161.18948364257812,162.1511645395694,157.34280364058552,159.33279385784584,33611600
2022-10-04,167.57843017578125,167.65460393293657,164.2744679185456,164.3506416757009,37537300
2022-10-05,166.34060668945312,166.94046585519425,163.21755576547085,165.1123395481307,25281400
2022-10-06,165.4075164794922,167.7402813179878,164.6362772233329,165.53130064162158,22635900
2022-10-07,160.5419921875,164.21729131321962,159.8850064443258,163.7031222408858,26536100
2022-10-10,159.64698791503906,161.45608162269667,158.61866417702078,161.18946625773853,23386400
2022-10-11,159.69461059570312,161.97024867748226,156.91433414008665,158.97098177421074,28009100
2022-10-12,159.25660705566406,160.39919870216426,157.5617811829868,159.86598248709123,26796700
2022-10-13,163.19851684570312,163.96023981051118,154.7243869999386,156.15261211070725,45376500
2022-10-14,158.82814025878906,165.59792738611233,158.73293397533325,164.47439735220357,29608600
2022-10-17,163.8936004638672,164.3601447119692,161.97025320438496,162.0749902959572,28199200
2022-10-18,165.83596801757812,168.80667144473796,164.42679004939416,167.4451038835085,34523100
2022-10-19,163.01760864257812,165.10280494810013,161.22756198517303,164.23635948589256,27146900
2022-10-20,160.94192504882812,165.24564743001702,160.40872333461405,163.21756313327126,26710700
2022-10-21,164.43630981445312,164.91238483680456,160.1421183431596,161.29421176120235,45402700
2022-10-24,165.14089965820312,165.6741013379241,162.86526172097214,165.02664630645037,27284500
2022-10-25,169.64456176757812,170.3396271914052,165.25514973789515,165.26468053612325,33105700
2022-10-26,170.48245239257812,173.643582689095,169.79690326250838,170.57765867090956,37084700
2022-10-27,170.5205535888672,173.29131379633466,170.31107940989773,171.94877870257324,28651800
2022-10-28,174.3957977294922,174.63383522982335,170.18729646707615,171.22513648164252,33221600
2022-10-31,174.5576629638672,175.4241229592844,172.86283710945557,173.54838627850478,25699400
2022-11-01,174.79568481445312,176.7190317292106,174.12918277329604,176.37625717537912,27446700
2022-11-02,168.99710083007812,176.14774176548542,168.9399596286783,174.09109437475166,38139600
2022-11-03,167.86404418945312,169.42556957373688,165.77883341103185,166.90236341240356,29093200
2022-11-04,170.13014221191406,171.32986041989022,167.07374907817126,170.35866342501782,25842400
2022-11-07,170.90139770507812,171.9487539203172,169.17799411218778,171.13943518972178,20689900
2022-11-08,170.96804809570312,173.2436859669098,168.8733210452935,171.60598683890728,20265200
2022-11-09,166.2739715576172,170.12065145207285,165.94071322128488,169.48271264790444,27277000
2022-11-10,176.50953674316406,176.57617967508384,172.48193257901886,173.14844907013534,38572800
2022-11-11,177.95684814453125,179.80402166587746,176.80475465785742,176.8713976100551,28765400
2022-11-14,175.9668731689453,178.80427664905528,175.79549310959277,176.89997628117982,26499600
2022-11-15,178.57577514648438,180.48959184207433,177.2046765167713,178.85189231532362,26128800
2022-11-16,175.4336700439453,177.70930838494294,174.91951534117533,177.6712287704876,24802000
2022-11-17,173.8054656982422,174.1958507100308,171.87260223719505,172.92948938578323,20835700
2022-11-18,174.9290008544922,176.44291588225983,173.83403415536227,175.75736671333559,27269100
2022-11-21,174.01492309570312,174.4243551372542,172.74856189355575,174.03397016310575,19038900
2022-11-22,175.8716278076172,176.0906182332618,173.60550622396784,174.94804117202844,16869700
2022-11-23,176.32867431640625,176.89043937251236,174.76714877807208,175.47173053364344,19758800
2022-11-25,176.7000274658203,177.4522196954796,175.82405106687008,176.23346865966556,13393400
2022-11-28,173.13894653320312,176.0715701753541,172.61526114555912,175.31937809394216,17465600
2022-11-29,173.6436309814453,174.82430248462535,173.2532604330057,173.2532604330057,14020600
2022-11-30,178.40435791015625,178.46148459103384,172.14873936688454,173.92925538797058,28030100
2022-12-01,178.01397705078125,180.18487796968594,177.22369077778382,179.147023389089,21996400
2022-12-02,179.05181884765625,179.82305805943363,175.5098195183658,175.5478991275525,22574800
2022-12-05,174.11964416503906,178.10915449274907,173.46265842227862,177.9187274221971,25449300
2022-12-06,171.4536895751953,174.2244355521862,170.51105566838888,174.12922925155422,18502100
2022-12-07,170.94900512695312,172.81522552523373,170.5395875994637,171.1489630201695,17177800
2022-12-08,172.18679809570312,173.89115468802555,170.92043688475266,172.12015515231397,20971400
2022-12-09,170.0730743408203,172.15828572927379,170.01594764995747,171.1680558541113,22046500
2022-12-12,172.0725555419922,172.42484640588367,169.4827062836794,170.29203962514833,22765400
2022-12-13,173.49783325195312,178.52924589549576,172.31171427250177,177.65878796531032,38445300
2022-12-14,172.35952758789062,174.96132635078996,171.05862820644097,173.43085133884043,32406900
2022-12-15,168.04547119140625,170.8385896613873,167.43328424081724,170.29335313261723,33546700
2022-12-16,166.7924346923828,167.50028192153263,165.1663141561267,166.24721265298052,38502400
2022-12-19,164.53497314453125,167.4428723380167,164.01844629336298,167.02199103929993,25614000
2022-12-20,165.40545654296875,166.45765995309307,163.74106603850618,164.20977748405096,18050800
2022-12-21,168.25595092773438,169.11684860549843,166.62983033065768,166.86896614186577,22997200
2022-12-22,166.05592346191406,166.9072464188988,163.25324399060295,166.75419598724721,21297600
2022-12-23,166.81155395507812,166.86894420691345,164.85063764179628,165.94109621373653,11647700
2022-12-27,165.69244384765625,166.98378323643593,165.08025667420884,166.78290270647486,13553800
2022-12-28,163.11929321289062,166.53415907614016,162.9375476890956,165.65412658242846,19648000
2022-12-29,167.2515869140625,167.63419836163285,163.95150114708085,164.25760198169004,22311300
2022-12-30,166.78286743164062,167.1272235561038,165.10891688688454,165.80718931304662,21275600
2023-01-03,165.86459350585938,169.61425588541414,164.42977863264022,168.2846467577004,22503800
2023-01-04,167.93072509765625,168.99248865397533,166.7063509456818,167.03157213699257,22973500
2023-01-05,166.13241577148438,167.16548417773242,164.89848146706333,167.0028735854097,17032600
2023-01-06,169.86297607421875,170.30297785776764,166.3141936934619,167.6820583238889,21986900
2023-01-09,170.14990234375,172.29254968559684,169.92988690757153,171.23078619184582,18366500
2023-01-10,172.6656036376953,172.77082397100017,169.59510821290087,169.93946434047217,18751100
2023-01-11,174.8178253173828,174.8465204449626,172.82821376293757,173.38301055563107,18222700
2023-01-12,177.75439453125,177.86917502520794,174.01430774911086,175.59261251947456,29650800
2023-01-13,178.92141723632812,179.19880835580082,176.31961843732952,176.4822290378055,22120000
2023-01-17,178.70138549804688,179.67704893231502,178.14658875927466,178.87355624679216,22422600
2023-01-18,175.81265258789062,180.74841926980528,175.71699242444052,179.3040296184439,23507800
2023-01-19,174.12908935546875,175.14303724276553,172.92385037414567,174.78910639132013,24624500
2023-01-20,176.99874877929688,177.1039691160004,173.39259139417538,174.7700159489521,36070300
2023-01-23,179.18923950195312,179.94490220824753,176.5587457005663,177.37179866358042,20329900
2023-01-24,178.80661010742188,179.6675077291278,177.80225144230093,178.48138892832193,19263500
2023-01-25,179.30398559570312,179.36137584140604,175.87955984377706,177.35264426336323,18174600
2023-01-26,180.3657684326172,181.59971723141888,178.19441146269298,180.76751479166967,18369100
2023-01-27,181.34146118164062,182.03017345167862,179.62924068407452,179.81098622695828,20019900
2023-01-30,178.81617736816406,181.37014580678354,178.71095703867684,179.67706035801243,18395100
2023-01-31,183.1588897705078,183.25454992978763,179.23707136678325,179.27532667308054,21567900
2023-02-01,186.03811645507812,187.66423718775235,181.86758697601292,182.88152056477355,27007300
2023-02-02,189.70164489746094,190.60078319989904,185.90416741662816,187.4920179561139,31020400
2023-02-03,188.429443359375,190.4764451489904,187.1954945027316,187.587680703413,24981500
2023-02-06,185.70327758789062,187.84593939485066,184.96673531117162,187.14765242018032,18160100
2023-02-07,187.0807342529297,187.57814083947164,183.321511616996,185.00503711123275,27074100
2023-02-08,184.34500122070312,186.87983478747353,183.84759468461763,185.91373143848924,17933500
2023-02-09,181.67626953125,186.64073180036794,181.19799786132637,185.78940881173165,20516600
2023-02-10,182.03976440429688,182.34586528525818,180.3371183921063,181.05452591170436,15248700
2023-02-13,184.23023986816406,184.47893586422256,181.08320433238376,182.23105333866522,15754400
2023-02-14,184.1441192626953,185.52154375428174,181.819726379911,182.96757525766955,21889600
2023-02-15,186.00938415527344,186.0954695343195,182.25016205100601,182.68060354192627,18721200
2023-02-16,184.23023986816406,186.40158258485172,182.9389006137899,183.46500233207908,21366300
2023-02-17,184.73719787597656,184.96675890893434,182.67106100520883,183.54151884368383,23892200
2023-02-21,179.28488159179688,183.0249689362881,179.1031506476016,182.4606119618881,26004000
2023-02-22,179.77276611328125,180.93017543554964,178.63447714981348,179.66754575710289,24651700
2023-02-23,181.0545196533203,182.03019793304222,178.5866361197254,181.1214846921009,21311700
2023-02-24,179.36141967773438,179.6196904422076,177.7066039408777,178.53879189833486,24280700
2023-02-27,179.99270629882812,181.93448754782887,179.44748434302284,180.91099406082756,17562900
2023-02-28,180.0022735595703,181.7623239563676,179.89706783042774,179.94488330887822,19542600
2023-03-01,180.2318572998047,181.25536546901412,179.05531332039962,180.01185646365025,22532800
2023-03-02,180.66229248046875,181.0736136074485,178.03179892847268,178.73964608418532,18104400
2023-03-03,183.17800903320312,183.58931557235962,180.2318544471393,181.42753335727772,22774300
2023-03-06,180.4997100830078,183.40760976441996,179.73447255654716,183.2354243880127,23266700
2023-03-07,178.4048614501953,180.8536242267079,178.12747035289348,180.45186325094727,25865700
2023-03-08,178.49098205566406,179.45708551493172,177.07528749102224,178.67271301865512,22505900
2023-03-09,173.52650451660156,179.13184822340978,173.40214923062427,178.61530672449706,33546900
2023-03-10,168.5237579345703,172.55081084548917,166.68719691680704,172.55081084548917,69274200
2023-03-13,165.77850341796875,168.73421847006392,163.63585594259732,165.02284069492785,74171500
2023-03-14,168.84901428222656,171.46993337932247,167.02201321822915,170.83862594310506,48946200
2023-03-15,166.0654754638672,166.35244136016132,162.97584482995052,164.4584752020352,54405800
2023-03-16,168.33248901367188,169.67165841627815,163.0906357178624,164.01848390397134,52392300
2023-03-17,163.7888946533203,167.1654911178124,163.43497832567118,166.47677881838763,70239900
2023-03-20,165.9124298095703,167.7489911646835,165.03241173914267,165.52981833397297,46103200
2023-03-21,168.9733428955078,170.43685275849333,168.31334037736337,168.8776973371938,34465900
2023-03-22,164.1810760498047,169.64294420331194,164.07585571283266,168.8490115871942,56098200
2023-03-23,163.45237731933594,167.4270777148639,161.97387180583095,165.4013237300932,47720900
2023-03-24,164.9308624267578,165.23809268479948,160.77376103802578,162.01224822308689,47519700
2023-03-27,166.7646484375,167.75352228515862,165.47815435504788,166.89905804835996,33880600
2023-03-28,166.52462768554688,167.54230253073632,165.79497761624373,166.1886109883034,28555100
2023-03-29,168.41595458984375,168.5407687311546,166.6398288496244,168.33914701438684,25564800
2023-03-30,168.18551635742188,170.2304757479766,167.48466743912047,169.81765154869706,26728600
2023-03-31,171.27696228027344,171.50738500003862,169.32801588875967,169.356816897537,39602900
2023-04-03,171.35377502441406,172.60187249076552,169.4432396866476,171.80501037493764,27609000
2023-04-04,168.3487548828125,171.94902753086626,167.35988116744414,171.77620682599527,33487200
2023-04-05,166.69741821289062,167.84950245818183,165.64133244247188,167.2926585655561,28247300
2023-04-06,166.94703674316406,167.49428519928136,165.7853423614946,166.78382614648342,26366300
2023-04-10,168.7327423095703,168.85755642274577,166.12134393088118,166.1597550347246,22237800
2023-04-11,170.06729125976562,170.86415342322098,169.08801292461533,169.52005739422881,21876200
2023-04-12,168.81915283203125,171.83378003797665,168.56953924411533,171.6801795643985,27018100
2023-04-13,171.05615234375,171.55539425295817,168.90558420754684,169.49122914444095,23259900
2023-04-14,169.46240234375,172.06420542794783,168.33911920615077,171.2097414352675,29600400
2023-04-17,171.6417999267578,171.71860750240063,169.69285347465623,169.9040706452872,22177300
2023-04-18,170.9121551513672,172.45787286570368,169.8752748228482,172.4194617519358,22873100
2023-04-19,171.1329803466797,171.65141322422866,169.52966049352338,170.009696904033,19306800
2023-04-20,170.24972534179688,171.30579671866184,169.4720686539596,170.07690460586107,20336300
2023-04-21,170.47052001953125,170.8545579202388,168.83839922778125,170.71053821389296,25972800
2023-04-24,170.35528564453125,171.32495370327837,169.4528150504768,170.29768363206742,17781000
2023-04-25,166.15017700195312,168.91519103059238,166.1021704376552,168.61757084131042,28857900
2023-04-26,164.546875,166.47661603532785,164.17244719763644,165.35333262823715,30309800
2023-04-27,166.74542236328125,166.91824307000883,164.11483249588636,165.1613082409383,33424100
2023-04-28,168.20477294921875,168.80962357773606,166.26542154554195,166.37103015290927,31911900
2023-05-01,168.30075073242188,170.2592926352642,167.78230325991703,168.01272598653554,27420100
2023-05-02,164.84446716308594,167.48466688793008,163.13553905860505,167.43666032666013,40851100
2023-05-03,165.44932556152344,168.68476578295923,165.3149159732321,165.34371698146978,43261400
2023-05-04,163.59637451171875,164.71006230713436,162.0410614988582,164.47965424570089,42382100
2023-05-05,167.48468017578125,168.1087362227103,166.18859081593826,166.37099232396224,35456800
2023-05-08,167.10067749023438,168.54078672229693,166.21741225251517,168.2623574003509,22109900
2023-05-09,166.60140991210938,167.3118689645562,165.2861150368617,166.0733670116115,21465500
2023-05-10,167.44627380371094,168.9919913506663,165.82374868708467,168.9343893357996,27281900
2023-05-11,166.1597900390625,166.84143345567315,165.23811379672296,166.30379508495295,25884600
2023-05-12,165.82379150390625,167.25430539049657,164.79650647504513,166.71665226397454,20406400
2023-05-15,167.8495330810547,168.69440185152956,165.91979198436397,166.3902182910204,24310000
2023-05-16,165.40133666992188,167.83031962112946,165.35333010121442,166.67823521989055,24212900
2023-05-17,169.0880126953125,169.4528450382076,165.28613270443444,166.50541458281384,38231600
2023-05-18,170.11529541015625,170.48012774835956,168.03193927006194,168.55037211686073,30446600
2023-05-19,169.07839965820312,171.74740052712735,168.25273657036385,171.3825682221727,34316300
2023-05-22,171.1425323486328,171.87219688305962,169.01117005515076,169.56801390790727,28207200
2023-05-23,170.3361053466797,173.32193218164923,170.2977088825258,170.80654626746343,32708900
2023-05-24,168.5311737060547,169.68327279143472,167.69591505374774,169.50085661459792,28744200
2023-05-25,167.21585083007812,168.52155021332536,165.80454286989377,168.25273104467556,36202600
2023-05-26,169.11680603027344,169.33763330650115,167.07186107101248,167.3406802642444,29841300
2023-05-30,168.4927520751953,170.46090396096866,167.7822930319248,169.65444644128618,25572600
2023-05-31,166.8318328857422,168.98238630266565,165.47812689770248,167.71509798905666,34598800
2023-06-01,168.6367645263672,169.20321855514294,166.02536560062933,166.91824083273556,27800900
2023-06-02,174.75244140625,174.81963887919696,170.36490202373116,170.90254040549556,50212400
2023-06-05,172.40988159179688,174.0227969239786,171.31539914508815,174.0227969239786,34465800
2023-06-06,176.9510040283203,177.57506009785973,171.7858080091066,171.7858080091066,58584500
2023-06-07,180.2618408203125,180.77208731030237,178.0668143037216,178.0668143037216,60685600
2023-06-08,179.58790588378906,180.39661141072884,178.01866371735636,179.79008593805278,34185000
2023-06-09,178.13418579101562,179.65530313187966,177.5757998286644,179.37611749576155,30242200
2023-06-12,178.87550354003906,179.72269721346086,177.3543861101036,178.32673957089781,26580500
2023-06-13,180.9261016845703,181.9369725743446,179.32797875390816,179.49164132613978,35758200
2023-06-14,178.98143005371094,182.1873279508832,177.67211452835036,181.3016166675684,37114100
2023-06-15,180.45436096191406,180.57952073434413,178.0186518976488,178.18231445922666,36488400
2023-06-16,179.01026916503906,181.52299857046748,178.1919416433418,180.94535388572652,50684500
2023-06-20,178.23046875,178.6540729163404,176.91151674296455,178.25934951678545,33269300
2023-06-21,177.8165283203125,178.9814400510064,176.74789562823156,177.56622338608517,30730200
2023-06-22,176.49754333496094,177.38325443008844,175.6888525120334,177.33511492369908,27063700
2023-06-23,173.8404083251953,175.61183049787897,173.33978390591872,174.03295165872794,50610100
2023-06-26,174.0137176513672,175.92955861408987,173.64787498257675,173.71527323845575,31507900
2023-06-27,176.5264434814453,177.13296901028826,173.67675185764045,174.44693997408365,28818800
2023-06-28,177.3928985595703,177.5469391231647,175.33265376437487,176.17024014759633,23187600
2023-06-29,179.43386840820312,180.10777739525358,177.55653057912198,177.83573088883054,32084100
2023-06-30,180.29071044921875,181.40746769050764,179.94412656326975,181.24380511799217,30287300
2023-07-03,180.65652465820312,181.80217726887054,179.78045032955805,179.9441128896371,14011900
2023-07-05,178.85623168945312,180.23294517930037,178.5289065512095,180.15592490734045,24092100
2023-07-06,175.96803283691406,176.8633806203806,173.98480863046086,176.7863603505039,39080800
2023-07-07,177.82611083984375,179.53977143600392,176.11243555356927,176.16057505820362,31706700
2023-07-10,180.86834716796875,181.04164646242256,177.29662182636375,177.7009672599351,29725100
2023-07-11,182.7264404296875,182.99600407269557,180.69507639051585,181.45562780683505,26738800
2023-07-12,184.71926879882812,185.85529948834534,184.2379030993971,185.57609915621074,40127300
2023-07-13,186.21153259277344,186.47147422165108,184.6519121997425,185.33544336626846,23523000
2023-07-14,184.39193725585938,186.2788971958577,183.19814507421842,186.13447867696627,32198600
2023-07-17,186.3655548095703,187.1164841611534,184.01648773431404,184.20903108521196,23283700
2023-07-18,188.66647338867188,189.07081881333394,186.2789036329988,186.48106900027216,28489800
2023-07-19,189.465576171875,190.29352591080652,188.6279897155549,189.3692971386968,23679000
2023-07-20,187.8096466064453,189.60032762981552,187.0298365090304,189.60032762981552,27278100
2023-07-21,187.21278381347656,189.29227279850696,186.85656315043622,189.07084865507807,28982400
2023-07-24,187.6748504638672,188.94564819850592,186.76025862550875,187.309007852478,16929800
2023-07-25,187.65560913085938,188.89754090571765,187.17424341442782,187.32828396931373,18961100
2023-07-26,189.1382293701172,189.8121384550733,187.45344931266877,187.51121084993412,20377900
2023-07-27,186.69287109375,190.52453794776773,185.98044457019162,190.264611046973,31159300
2023-07-28,189.10931396484375,189.6099383851999,188.2139808514347,188.71460527179087,21612200
2023-07-31,191.30438232421875,191.3428851204658,189.5810847172973,189.59070674382986,24203900
2023-08-01,190.42828369140625,190.56306550676152,188.48356204975192,190.0720630657332,27444300
2023-08-02,187.8385467529297,188.78201952577152,186.85655649296618,188.30065376757017,28079700
2023-08-03,187.3090362548828,188.34878802640225,185.86493902056972,187.0587313560439,24279300
2023-08-04,186.93357849121094,188.9938233675997,186.49073021607052,187.55936279668117,24950400
2023-08-07,187.05874633789062,187.7904170401013,185.49911121063934,187.40533028948892,20185000
2023-08-08,185.8842010498047,186.08636643971718,183.41961074342467,184.97923108321768,25578200
2023-08-09,184.4304656982422,185.69164151156306,183.64101888037118,185.68200479566198,22293200
2023-08-10,183.61215209960938,186.88543331009242,182.8130831950837,185.07550808682012,29378800
2023-08-11,183.87210083007812,184.54600996535243,182.66868641347492,182.84197103820944,21789000
2023-08-14,183.55438232421875,183.59288511868127,181.60966067624818,182.86121450296423,20354900
2023-08-15,181.12832641601562,182.57242384614972,181.0320473779592,182.45690075257698,25491300
2023-08-16,178.91403198242188,182.01402882237474,178.88515121044426,180.9839136782313,27018400
2023-08-17,176.8056182861328,179.78046951956227,176.78637423473808,179.39536813993416,26715100
2023-08-18,177.7683868408203,178.3460316858909,175.15939239053228,175.4193340398259,33375200
2023-08-21,177.50845336914062,178.37490591483908,176.24727735012965,177.8165198357888,22678100
2023-08-22,176.97894287109375,178.63484231484605,176.3916760370872,178.14383982191674,21299200
2023-08-23,178.8658905029297,179.17397165413408,176.59384342820977,177.14260746999838,21231100
2023-08-24,176.39166259765625,179.3953801085755,176.37240385486106,178.34600632304492,26582300
2023-08-25,177.14260864257812,178.1053402112878,174.84168078096675,177.20037018628184,29340400
2023-08-28,178.7214813232422,179.79011391322265,177.93204910449228,177.9512931582812,23002000
2023-08-29,181.2149200439453,181.34970184693736,177.6913344256919,178.62517033134873,22986000
2023-08-30,181.8984832763672,182.54351158775873,180.34848504776127,180.73357175333,19869900
2023-08-31,181.58078002929688,183.16928105149967,181.50375975020418,182.1487880612248,17953400
2023-09-01,183.73728942871094,184.70964283237427,182.7745580503894,182.98636012882935,25094600
2023-09-05,179.8671112060547,182.82268899775048,179.80934967183688,182.58200614509934,27160100
2023-09-06,179.19320678710938,181.08015217418927,178.19195786774316,180.08853997085205,26406200
2023-09-07,177.46029663085938,178.4711676294884,176.7478700425619,178.24010678433652,23894800
2023-09-08,177.06556701660156,177.94165616418064,176.61308205862625,177.68171455872084,19399100
2023-09-11,177.4891815185547,178.7984969578956,177.33514095154587,178.3556340002745,17424700
2023-09-12,177.3158721923828,178.4326442049399,176.8922826922107,177.18109037639255,16826300
2023-09-13,176.15098571777344,177.98980642914944,175.59259967865898,177.62396375418413,24415700
2023-09-14,178.6348114013672,179.13543583473384,177.37363563760087,177.6528212755636,27952500
2023-09-15,176.76712036132812,178.1727147279781,175.97767352893607,177.90313640975654,39695500
2023-09-18,175.59259033203125,176.91152773087,175.57333158960634,176.85376619371158,19287800
2023-09-19,174.90904235839844,176.46867729287575,174.32179027784136,175.68886717069515,24085900
2023-09-20,173.15689086914062,176.67085502271465,173.11838807219357,175.60222245349922,27642900
2023-09-21,170.47085571289062,172.0978594359834,170.47085571289062,171.8475545609188,31625600
2023-09-22,170.0857696533203,171.72241023942348,169.97986860238981,170.9426000871701,23164700
2023-09-25,170.84634399414062,171.2314307305821,168.9978865268929,169.14230507064647,22416200
2023-09-26,168.6497039794922,171.22259242081327,168.58198939779595,169.7523683459065,30476000
2023-09-27,170.226318359375,171.13552088456123,168.7464271657574,169.70399513864967,37293000
2023-09-28,171.76425170898438,172.72183449402618,170.20697866451658,170.3230439381956,31372400
2023-09-29,170.95175170898438,173.29249468315916,170.38106305420266,173.1087148417093,36689000
2023-10-02,168.3691864013672,170.9420597538106,167.47930356234684,170.55516572219753,42139300
2023-10-03,165.53515625,167.8178667278421,164.79036965417453,167.2858763022525,42733600
2023-10-04,165.61253356933594,165.9897604502476,163.5522865033233,165.40940459081617,42491900
2023-10-05,165.73828125,166.27025690373912,164.37445530783438,165.20629083719822,33365100
2023-10-06,167.334228515625,168.19508031473597,163.95852113577587,164.7903566193374,42160900
2023-10-09,168.30148315429688,168.83347355286142,166.1445200027304,166.212219821241,26658400
2023-10-10,170.20697021484375,171.24191995825083,168.57231548271886,168.60133179969813,31585000
2023-10-11,169.9167938232422,171.42570135606638,168.66904790465685,170.35205334093183,27427200
2023-10-12,166.07681274414062,170.1199251923483,165.19661175127644,170.1199251923483,38693800
2023-10-13,164.6936492919922,167.04405953152462,164.13264256294093,166.70553091232892,33955600
2023-10-16,167.3535919189453,167.711469680619,165.4190920023298,166.11551315303643,31140300
2023-10-17,169.22035217285156,170.64221058154587,166.2702372854565,166.3089355431284,39823200
2023-10-18,165.73828125,167.97262622470478,165.3997378712,167.95327709358583,38501400
2023-10-19,163.09767150878906,166.51206243515614,162.84619185099078,165.26431657272735,51397300
2023-10-20,160.9890899658203,163.4942638863663,160.97940802016362,163.13638611459214,54421900
2023-10-23,159.625244140625,161.97566898876542,159.25768446879408,160.234616278858,45590900
2023-10-24,161.01809692382812,162.13042843898464,159.99281436014036,160.99874779270309,32666300
2023-10-25,158.358154296875,160.23462145825977,158.0486272455256,159.60590016985464,36832900
2023-10-26,158.76438903808594,160.34101100903217,157.8551718219344,158.7740562232781,50525600
2023-10-27,156.8976287841797,159.4318190578905,156.37530551980248,159.13197391974165,46017100
2023-10-30,157.7681427001953,159.4124646922041,156.63646200994697,158.42586559337354,35156300
2023-10-31,159.1319580078125,159.58656664247243,157.49730331200067,158.0486280814222,31533200
2023-11-01,160.0411834716797,160.1765978745293,157.7584729957415,159.0739335201646,44367100
2023-11-02,164.3067626953125,164.4325099258035,161.84995404099774,162.25619729443255,50458100
2023-11-03,168.7754364013672,169.89743504213507,167.1214326172163,167.1407817472994,57060700
2023-11-06,166.66683959960938,169.05594820093577,165.77697140027055,168.7754522042457,35294400
2023-11-07,166.07681274414062,166.86028283879844,164.98383034153562,165.94139834208943,31168900
2023-11-08,164.3067626953125,166.49275727306863,163.75543783674544,166.0768320732486,44938600
2023-11-09,161.76287841796875,165.4287490410995,161.51138399843524,165.4287490410995,38577400
2023-11-10,163.57162475585938,164.15198057669352,161.32759799163307,162.71077296902774,36121300
2023-11-13,163.629638671875,164.2099944263341,162.0336824857024,162.73010348742932,27610300
2023-11-14,172.61541748046875,172.62508466586095,168.51427273773956,168.52393992313176,77611000
2023-11-15,172.91525268554688,175.80732017197093,172.276864268701,172.50900953638882,59641400
2023-11-16,170.11990356445312,172.77984057727022,169.42348251128158,172.30588285081538,46616700
2023-11-17,172.4509735107422,172.78951687020657,171.30962574397523,171.6384871589018,43418700
2023-11-20,173.45692443847656,173.7664367283746,171.91900065649403,172.67345438950667,26665100
2023-11-21,171.2226104736328,172.66380362329085,171.11621237622288,172.40265673251943,30457000
2023-11-22,172.29623413085938,173.51496372499048,171.60948018905478,172.34458481993443,28940900
2023-11-24,173.45692443847656,173.8438184906146,171.97703328840853,172.21884576076033,13846900
2023-11-27,172.8765869140625,173.24414663387276,171.42571192626022,172.6541235484706,30665800
2023-11-28,172.20913696289062,173.3504993291267,171.39665072465732,172.7024437753649,28350200
2023-11-29,173.11837768554688,175.7976639593072,172.84754890253808,173.66971719606877,31590200
2023-11-30,173.77610778808594,174.72400848779301,172.90557408671071,174.1533346309635,32216800
2023-12-01,178.8542022705078,179.11534914577544,172.37363017781337,173.33119823858897,64221300
2023-12-04,180.7693328857422,180.86606377918787,177.99333040078494,178.1964446143338,44862600
2023-12-05,178.35121154785156,179.95684995172965,177.95463553983424,179.95684995172965,36873500
2023-12-06,178.03201293945312,181.7655981166975,177.77085133581258,179.61830217356896,43637900
2023-12-07,179.31846618652344,179.48289690560296,177.38396630220512,178.2931836092848,32662300
2023-12-08,180.68226623535156,181.60115059681223,178.8057992552184,179.08629520423077,36087100
2023-12-11,181.0594940185547,181.47540435186968,179.80206631566483,180.5661871704099,29302100
2023-12-12,180.875732421875,181.51412090200952,179.27009403574118,180.84671610542,32024000
2023-12-13,186.9984130859375,187.29825817448307,179.58927577936126,180.97245072340655,69484800
2023-12-14,192.20220947265625,193.48863868669432,190.0452318457683,190.4224586680257,83649300
2023-12-15,190.58692932128906,193.0147362137824,189.53263038661362,192.4343803228998,74160700
2023-12-18,190.65464782714844,192.260286367107,190.23872265300952,191.47681622963884,44451100
2023-12-19,194.34950256347656,194.707395039143,191.53481675614984,191.97974341586527,52156200
2023-12-20,190.54788208007812,196.2658712594669,190.43139127315825,194.02333434721064,62360300
2023-12-21,193.7903289794922,193.98450006630011,191.75166588657618,192.70304199660364,38613400
2023-12-22,195.5960235595703,196.8871843447484,194.34370291962287,195.01355469968726,39173800
2023-12-26,198.13951110839844,198.58606906674063,195.7998887022256,196.3047068758587,26879000
2023-12-27,198.83847045898438,199.48890208851032,197.4599269187775,198.46956318936506,35806400
2023-12-28,198.0812530517578,199.17825751415364,197.3434532616186,197.83855399817818,28930100
2023-12-29,194.84854125976562,198.07157742788846,194.84854125976562,197.53763647457959,41496800
2024-01-02,193.6932830810547,195.73194643533063,192.64482129320874,193.57677745139887,44341500
2024-01-03,188.52862548828125,191.89728960188663,188.12089284799723,191.63517047128443,57532500
2024-01-04,188.15972900390625,189.78095690108685,188.0335207560742,188.3927106144582,43114200
2024-01-05,187.6063690185547,189.75183517687424,186.67439813202398,187.06272550690124,40964900
2024-01-08,190.9847412109375,191.21773764257787,186.64528080892083,187.6451997566345,31545400
2024-01-09,189.276123046875,190.0527629151334,187.67431535429546,188.6742341852321,28998700
2024-01-10,189.3829345703125,189.6741764084746,187.44134206679874,189.05286739987721,35075200
2024-01-11,187.89761352539062,189.05286341071266,185.71332200502792,188.81986698246433,48939200
2024-01-12,187.58697509765625,191.3439670558283,187.01420880468558,190.16929695118134,42992100
2024-01-16,185.2667236328125,187.61604841043453,184.5580466295513,186.1210289385561,42213000
2024-01-17,183.94647216796875,184.38332752463938,182.05342241361242,182.63590609795688,37787700
2024-01-18,185.03375244140625,185.58709854503124,182.71355023134365,185.1405406106214,41760000
2024-01-19,186.81031799316406,187.21806545968636,183.70377291063383,185.70361084460092,63338300
2024-01-22,190.80029296875,191.07212955329885,188.4218450626457,188.4800904689149,42379500
2024-01-23,190.24691772460938,192.79039883086858,189.28582422850445,192.43120900497883,42471200
2024-01-24,188.6839599609375,192.66423051581495,188.45096352792473,192.58656503814402,41120100
2024-01-25,190.24691772460938,191.8875655453057,188.73247814032763,191.3439220856326,37659500
2024-01-26,190.2566375732422,192.11086189423213,189.6741687336617,191.1400656817567,33478600
2024-01-29,193.58648681640625,193.58648681640625,189.39263984003432,190.43139895421757,29234400
2024-01-30,191.93609619140625,193.12045376050486,191.3439100002708,192.5962304041226,33121200
2024-01-31,187.2471923828125,193.13021550583034,187.08215879177456,191.45074207874927,68126700
2024-02-01,189.73240661621094,190.02364843104505,185.9365900207183,188.6354021993779,59479000
2024-02-02,188.7324981689453,189.79066250190135,186.7714856414413,187.59666836019778,52839300
2024-02-05,186.33460998535156,187.4704396702582,184.50950853618198,186.84913074484328,39751900
2024-02-06,188.0141143798828,188.1403226369084,185.44151015480827,186.10164451702525,34689100
2024-02-07,187.57725524902344,188.48008866390106,186.43170795505597,188.40243799840277,31713900
2024-02-08,190.4216766357422,190.63525299369155,187.0821500117183,187.71316164273,35370800
2024-02-09,193.51852416992188,193.72239790364296,190.7129235528297,191.16919898304673,46107100
2024-02-12,197.03282165527344,197.6055879115574,194.00392715568339,194.0330498593469,43291000
2024-02-13,188.92666625976562,191.8584751981391,187.42192905025613,190.4896488764654,86247400
2024-02-14,193.3146514892578,193.95536572139926,190.49933362946433,191.90698515277387,43808000
2024-02-15,198.4696044921875,198.7899690593416,194.85824095194783,195.12036010928782,44931900
2024-02-16,195.77076721191406,197.75118496199275,195.21740626203683,196.21732517301803,48346200
2024-02-20,193.0719757080078,193.88744105677225,192.22737284169534,193.33408004735455,30547500
2024-02-21,192.15939331054688,192.55742328929946,190.65465630750757,191.88757157217285,28669100
2024-02-22,193.61558532714844,194.24659689547144,192.03318287223186,192.84864807802043,38184700
2024-02-23,194.0524444580078,195.26593966193582,192.77100122551025,193.77092008849303,37667700
2024-02-26,195.275634765625,195.75133019997583,193.33404251416198,193.85828071743404,29118200
2024-02-27,198.04244995117188,198.2560263273498,196.62508080137079,197.14931911132618,32268600
2024-02-28,196.4114990234375,197.90651868963718,195.97462887237916,196.52798983002648,30143900
2024-02-29,197.78030395507812,200.0228407874313,196.60564885869042,199.18795547017857,40404100
2024-03-01,199.87721252441406,200.30436518725796,197.2075231948129,198.55692920888438,35156900
2024-03-04,199.6927947998047,201.702350239581,199.4500957261994,200.983955648966,24785400
2024-03-05,197.78030395507812,199.89664735548942,197.08132951211425,198.3336648945805,34163500
2024-03-06,199.25592041015625,200.0616830351936,198.12009063168415,200.01314026247096,34255200
2024-03-07,200.916015625,202.02272285225558,200.3723572353719,200.66359909794997,28020200
2024-03-08,200.789794921875,204.26524735679092,199.7898759457405,202.6440193584644,41447800
2024-03-11,199.1976776123047,200.79948544087088,198.77052490784044,199.9451948451171,24435800
2024-03-12,198.92587280273438,199.90637173010546,197.45025828338774,199.1588544336161,34958900
2024-03-13,199.70248413085938,200.54707204789605,198.789933372456,198.88700410032786,25140700
2024-03-14,196.1299591064453,199.28504682088067,194.3242775450415,199.06176783800956,47509100
2024-03-15,196.49884033203125,197.14927193541243,195.2562225206205,195.37271331132376,53217000
2024-03-18,195.37274169921875,197.2463713167432,195.04267453548516,196.98426699957676,32405100
2024-03-19,196.1979217529297,196.82893336990608,193.82917660885096,193.94566741489592,29864100
2024-03-20,200.08111572265625,200.94512380416938,195.2368370377105,195.63486706068883,49609600
2024-03-21,202.37994384765625,203.3629323500128,201.3093505474359,201.4650759094294,43067300
2024-03-22,199.58670043945312,202.67193695548158,199.58670043945312,202.29236564532764,28437300
2024-03-25,200.0441436767578,201.47483913751896,200.01494702252108,200.21933845296863,20107800
2024-03-26,199.68402099609375,202.08797761751518,199.50884108884313,201.5137570093639,23434800
2024-03-27,204.03451538085938,204.10265080592936,200.64756993217057,201.2704566221684,35028400
2024-03-28,204.6768341064453,206.2145885903721,204.22912741840085,204.46271545357024,37675100
2024-04-01,202.7498016357422,205.16348550737086,202.3994269728615,205.1342888563632,25684200
2024-04-02,199.02220153808594,200.37503410316538,197.96133547204005,200.24850538639194,36632100
2024-04-03,200.32635498046875,200.8811061431736,197.84453594532633,197.94186800583677,27362800
2024-04-04,198.32147216796875,202.97366029671664,197.77644818061935,202.48702961504185,32265200
2024-04-05,198.98324584960938,200.19982232808678,197.45523351505102,197.70827607629096,27569400
2024-04-08,200.07333374023438,200.9005969396023,199.10979970131166,200.47235958897,21331000
2024-04-09,200.86167907714844,201.4358997006307,199.00274636303868,200.70595369935307,23289100
2024-04-10,195.55738830566406,197.50391092980226,194.2045556759196,195.80070363368134,57130500
2024-04-11,196.8810272216797,197.48445934270262,194.74959739110912,196.5695913195811,37184000
2024-04-12,193.3772735595703,196.51117586601217,192.39427022600952,195.84935051611888,35388700
2024-04-15,190.5450897216797,194.87609939095583,189.76647773769122,194.0390941070562,41119300
2024-04-16,189.84434509277344,190.9928011388445,188.18980386782644,189.21173119378417,43267500
2024-04-17,187.8394317626953,191.36263293262397,187.82970449593464,191.21664967726906,38589500
2024-04-18,187.68368530273438,190.4282890013504,187.01213270197567,188.520690524569,40238200
2024-04-19,187.97567749023438,189.19225405441233,186.22380426766046,186.80776695878114,42666500
2024-04-22,190.0779266357422,191.05118789363047,187.7420907063373,189.01707542883312,31553000
2024-04-23,193.260498046875,193.99044400139417,189.91247689268758,190.0389907596014,31838300
2024-04-24,192.394287109375,193.59140920376635,191.20692198330042,192.87119049378376,28791700
2024-04-25,191.2263641357422,191.56701150980575,188.58883449373147,190.21417898123647,31915600
2024-04-26,193.05609130859375,193.57191855407945,191.1679622134405,191.7324554888524,24613600
2024-04-29,194.61334228515625,195.0513069139575,193.56221826555966,193.92232020578456,20494600
2024-04-30,190.661865234375,193.3383335637798,190.5158819930861,192.81277904435225,30606800
2024-05-01,191.06092834472656,194.96371576268805,189.8151550367238,190.64243310333327,38782100
2024-05-02,194.57440185546875,194.76905114985428,191.28477383243305,193.46488454160306,27201000
2024-05-03,196.5014190673828,198.70099875770785,195.742276562994,197.97105289958117,30880600
2024-05-06,199.0416717529297,199.30445647355253,197.941896534748,198.0294864913591,23129800
2024-05-07,199.48936462402344,200.63780579956472,199.03193063694147,199.2947153392795,20116900
2024-05-08,198.33119201660156,198.50638677786193,197.14381200966665,197.29953738616712,18349400
2024-05-09,200.35556030273438,200.48208901671845,197.9710732248675,198.51609714543272,22914300
2024-05-10,198.8470001220703,201.09523119399296,198.23384079307763,200.83246135367142,21520200
2024-05-13,199.2655029296875,201.02710332110067,199.12924695606404,200.569669370196,18585300
2024-05-14,201.32882690429688,202.18530157414094,200.40423166796344,201.5916116054151,33169000
2024-05-15,203.83982849121094,204.16100646991532,202.16581803596907,203.61598257300633,33412300
2024-05-16,202.37020874023438,203.7522528123112,202.37020874023438,203.31427336018587,26731100
2024-05-17,202.51622009277344,202.94445745571585,201.80574347741316,202.4480846710374,35219800
2024-05-20,202.9639129638672,203.87878099803666,202.2242396930101,202.45782776049683,15695900
2024-05-21,202.7692413330078,203.10988870422443,202.03929540964745,202.2728834514064,13466800
2024-05-22,201.0563201904297,202.6524681208907,200.29717756806343,201.9809154509231,20853100
2024-05-23,197.75694274902344,202.06848267439796,196.93940691701553,201.9614233499121,34039800
2024-05-24,199.94680786132812,200.18038107351137,198.50638526663778,199.31417909315707,19946100
2024-05-28,199.6742706298828,201.55265761067236,198.51608742996967,201.4358710193491,18475900
2024-05-29,196.72531127929688,197.58177112457778,196.384663884054,197.11460985889832,25654800
2024-05-30,198.59396362304688,199.46016555281378,197.6498990101698,198.07813634188167,20428200
2024-05-31,200.26797485351562,200.7643327528682,197.649899671974,199.46989348705517,25784900
2024-06-03,199.1389923095703,202.0101101329263,197.7180242977555,201.98091348241127,23902900
2024-06-04,196.56956481933594,199.03191445558903,196.25811410843585,197.71800590150863,27098900
2024-06-05,199.5769500732422,199.5769500732422,196.39438161915965,197.86401561502535,20707600
2024-06-06,198.14627075195312,199.33365076346385,197.56232286400987,198.72049137287357,17335500
2024-06-07,195.82015991210938,197.73748575662404,195.31405990548524,196.14133790569076,26036000
2024-06-10,196.4917449951172,196.72533307923624,193.6887473888509,194.18512021125503,25075300
2024-06-11,195.8202362060547,196.1911126321819,193.65356373427315,194.84425815181953,23768400
2024-06-12,198.82627868652344,202.29100425042193,198.22117697232966,200.92462584475663,43668700
2024-06-13,197.08901977539062,198.65057579908265,195.69336334928323,198.38707243466055,28021100
2024-06-14,193.95611572265625,195.2346445986864,193.1850996077293,194.76617929964527,33453700
2024-06-17,195.5860137939453,196.12280475075232,192.66784867899872,193.36078482049493,25538100
2024-06-18,195.92759704589844,196.84501881208524,195.2248916459359,195.64456995891737,25446900
2024-06-20,195.09800720214844,197.01093074218784,194.4343492731458,195.50793109034802,27999700
2024-06-21,195.53720092773438,195.5957572257754,193.69260307822876,195.1272770569619,37511300
2024-06-24,196.38632202148438,197.82101107500614,195.71289472384217,195.86905479998273,22289600
2024-06-25,195.74217224121094,196.32776507871495,195.01995795283307,196.2984869260642,15925400
2024-06-26,195.22488403320312,195.76167492783188,194.0341896459331,194.54170239105875,19313500
2024-06-27,197.20614624023438,197.29398070121422,195.15660102281345,195.81050460829383,17432600
2024-06-28,198.0161895751953,199.7241511938017,196.48391175275506,198.9824132235003,35026000
2024-07-01,196.35704040527344,198.9238676271722,195.66408938727523,198.6310712126343,21886200
2024-07-02,197.03048706054688,197.4111179691916,196.07401768621233,196.67913430700975,17219100
2024-07-03,196.98165893554688,198.39682418216523,196.786466296745,197.39156794470395,15167200
2024-07-05,196.0447235107422,196.78647642550922,195.07851468665595,196.3765673952538,17282500
2024-07-08,197.42083740234375,198.80672443672546,196.99140468054372,197.645308182469,20823800
2024-07-09,196.56199645996094,197.65510213140885,195.7129002219904,197.069509275553,17864200
2024-07-10,198.48468017578125,198.69939656943794,196.6498513012314,197.43062194116987,19286100
2024-07-11,205.61907958984375,206.15587057714973,201.96893066065408,202.90586139100137,65443600
2024-07-12,208.02000427246094,209.77676810651062,207.55153888079647,207.80528786539674,50810700
2024-07-15,211.97267150878906,212.99745142255847,209.15209558726238,209.63031529270995,48925300
2024-07-16,219.20468139648438,219.45843033453892,213.75872195601846,213.8758345593908,67945700
2024-07-17,216.9111328125,221.1956760775386,216.33530930740628,217.01849099923308,66092100
2024-07-18,212.7144317626953,219.3803642186429,211.767731779396,216.091322665842,53180000
2024-07-19,211.631103515625,213.39762162646693,210.66489465513413,212.40213461215788,37933500
2024-07-22,214.99819946289062,215.34955215883716,210.2061585247152,212.45089614033904,36185900
2024-07-23,217.28199768066406,218.3750883293535,213.7782251688056,213.94415454220749,44884600
2024-07-24,212.61685180664062,218.48247528893458,212.489969878118,215.75950272781677,42443000
2024-07-25,215.27149963378906,218.6386211467716,212.95842137816672,213.20241590653131,45053100
2024-07-26,218.8338165283203,219.97570914828077,216.37434748181232,218.52149637982976,40822600
2024-07-29,216.4036102294922,220.0049716395974,215.46667963520468,219.31203555935772,33869700
2024-07-30,217.22344970703125,219.0680476935226,215.79851514916126,217.3698404630053,26876800
2024-07-31,218.48245239257812,223.13787197860913,216.64760884666998,218.3360616382742,52387700
2024-08-01,211.37734985351562,219.48772591028074,209.8938588933048,218.3946351460437,71508100
2024-08-02,203.9013671875,206.11684190860333,202.0177363780864,203.83305645631836,66850200
2024-08-05,197.3427734375,199.8217662088903,191.97489376248654,193.14606453131336,65683100
2024-08-06,199.48992919921875,202.27147290168875,196.36680207737626,198.13332015759445,37072500
2024-08-07,197.12803649902344,202.96439578664138,196.71812751729902,202.8570376086486,30594500
2024-08-08,201.9201202392578,202.0274784321821,198.289480305039,199.50945300088551,26550300
2024-08-09,201.50047302246094,202.1446073396834,200.01698193490364,202.076296607177,20954500
2024-08-12,199.68511962890625,202.0079373151786,198.92385792358894,201.6468301938019,20357900
2024-08-13,202.9741668701172,203.3743214656929,199.93887438011154,201.13932327459466,25458300
2024-08-14,201.71511840820312,203.73539994152816,200.79771163172205,203.61828735139053,25345600
2024-08-15,206.94639587402344,207.98094520001604,204.8675725864472,206.18513412495423,42561600
2024-08-16,207.49295043945312,208.83979009347004,206.20465219655244,206.29248665159275,30427400
2024-08-19,210.03050231933594,210.04027163221758,207.70768436702588,207.84432071716176,17246200
2024-08-20,207.58078002929688,209.7864851268845,206.95615465435432,209.72792882489668,21703900
2024-08-21,210.2842559814453,210.47944863042505,207.70767429507725,209.13259403564928,19623100
2024-08-22,208.42991638183594,211.1724129301896,208.01025287517524,210.39164223014677,18084300
2024-08-23,215.0860595703125,215.76924126544276,209.63033064462556,210.01096150992987,40003100
2024-08-26,215.1543731689453,217.10632940525645,214.7932660307459,216.59881661398717,24865500
2024-08-27,213.48544311523438,214.10029915740836,212.48018691936574,213.65135759596345,19577900
2024-08-28,212.04100036621094,213.85632025976042,211.07479156128966,212.63634761334933,19685000
2024-08-29,213.55377197265625,215.6716427250104,211.93364470476507,213.5244938201728,24599500
2024-08-30,214.79327392578125,215.20318296340406,212.17764472901612,214.43216677430883,23010500
2024-09-03,208.2249298095703,214.10030714243064,207.79549707061176,212.89010385144968,31338500
2024-09-04,207.8735809326172,210.19639868447692,206.61456084364315,207.64909524714494,23706300
2024-09-05,206.8390350341797,208.8885950352578,205.85330249794845,208.41036039707444,23910500
2024-09-06,202.90585327148438,208.0687860715462,202.16411523195384,206.8390440603375,34561300
2024-09-09,203.47193908691406,205.2091791608692,202.5350083171778,203.14986448099035,23584100
2024-09-10,203.3060302734375,203.84282129836035,200.84656087249323,203.70618493676602,23025700
2024-09-11,203.9013671875,204.22344178598826,199.3045181278171,202.48620175213944,27175600
2024-09-12,206.5267333984375,207.66862602741284,203.4036063500975,204.8675735501548,27611700
2024-09-13,211.62132263183594,212.0312316262767,208.80074665951673,208.88858110998765,37388100
2024-09-16,212.3826141357422,213.04627215545872,210.94792500766903,212.4021378693354,23289000
2024-09-17,214.13937377929688,216.4719610090951,213.22195191705703,214.30528828106972,35563500
2024-09-18,214.17840576171875,219.53653125955725,213.00723493981138,213.96368937360714,54085200
2024-09-19,218.58981323242188,219.2827493342046,216.17914616730314,219.2632404948894,35369500
2024-09-20,216.24749755859375,218.09209576633174,215.97420996092376,218.08232645326586,34587500
2024-09-23,215.45693969726562,217.75049439889744,214.7347253682588,217.34058534648258,20157700
2024-09-24,215.81805419921875,216.59882480949003,214.22720504091367,216.3060432767607,20939800
2024-09-25,213.18563842773438,216.0452170343448,213.03873320848535,215.76122418602546,23242300
2024-09-26,214.32167053222656,216.5544927098015,213.8613943432205,215.9277358694833,24974700
2024-09-27,215.7710418701172,217.99407633137082,214.98759208777926,216.29007417551546,23959600
2024-09-30,216.31947326660156,217.00498628914843,214.05727282066525,214.8798884477215,21938200
2024-10-01,213.3815460205078,215.78084905426732,211.82444896375245,215.61436838873968,30016000
2024-10-02,213.08773803710938,214.22373951067806,211.73630243599285,212.50016188886025,14455400
2024-10-03,211.65794372558594,212.73517407330203,210.6296668467641,211.75586560643578,21353000
2024-10-04,214.6154327392578,215.4282605152436,212.79391849329147,214.7525353193602,27901500
2024-10-07,212.93104553222656,214.1356057776271,211.40332662329754,214.11601542305917,14891800
2024-10-08,213.0779571533203,213.85160433668932,212.2161608432889,213.1269255696744,18118600
2024-10-09,213.54800415039062,215.0659352786846,212.43159308408914,213.02897185291215,18230700
2024-10-10,212.36306762695312,212.39244568836534,210.15962336266034,211.4327125386904,24571400
2024-10-11,216.6818084716797,217.02457244785592,212.22596643976607,212.2847225629819,19950900
2024-10-14,218.278076171875,218.4935252424571,215.86897062948537,216.86786950736033,19263300
2024-10-15,218.45436096191406,220.83407351716752,217.38690330747625,217.96470669690925,25998800
2024-10-16,222.04840087890625,222.4694963350839,219.74702006961166,220.2366742892011,27656700
2024-10-17,221.4412384033203,222.2638689192351,220.25628345879596,222.21490050448054,18003600
2024-10-18,220.98095703125,222.33240754292873,220.7263422007713,221.97006817973562,20047400
2024-10-21,217.50440979003906,221.02012349180893,216.94619680839503,220.96136737649078,24243800
2024-10-22,216.6818084716797,217.2400215283559,215.74168061410052,216.887469845998,15813900
2024-10-23,214.70359802246094,216.23131687095722,212.87228099088924,215.47724515207474,23263500
2024-10-24,215.17367553710938,216.4663550511288,214.008295973151,215.8689762386402,18381900
2024-10-25,214.36083984375,217.3771118573923,213.9985004756676,216.7307646523842,23807800
2024-10-28,217.8569793701172,218.35642133452177,215.9179377465326,216.22152099605668,19877700
2024-10-29,217.1519012451172,217.30857926936866,215.41852078396843,216.1725926139924,20282200
2024-10-30,216.85809326171875,219.83518475508444,216.32925826304782,216.49575387071076,19754800
2024-10-31,213.25421142578125,217.18124803466213,213.12691148334955,216.642625376492,24078400
2024-11-01,214.448974609375,216.3978039353516,213.8222177569751,214.9582192216568,21222200
2024-11-04,215.53602600097656,217.151894155415,213.3325816528851,213.97892891466046,20463700
2024-11-05,219.59034729003906,219.6491034108935,214.5273239878978,214.80152918059332,26404600
2024-11-06,232.31158447265625,232.6641361621071,227.93407388825102,231.69461528035143,75554600
2024-11-07,231.48895263671875,233.55529421072487,230.52921952853964,231.9883946021949,34970300
2024-11-08,233.1929168701172,233.53568079534315,230.77402387020322,231.0482290331597,26597800
2024-11-11,236.69888305664062,237.3746083741804,234.88717113218596,235.54330609388109,29207700
2024-11-12,232.54661560058594,236.78700848573257,231.66522893693366,234.9948869834045,35314300
2024-11-13,230.24522399902344,234.91652976797386,229.97101881212666,234.00576508480373,25947700
2024-11-14,227.1408233642578,231.53790911056436,226.42593231976238,231.06784519913498,29272100
2024-11-15,223.75242614746094,227.48358954597504,223.09629117451283,227.41504571393804,37930000
2024-11-18,224.19308471679688,225.82854303969336,223.40964988178402,224.47709254609143,29368500
2024-11-19,225.85792541503906,226.04399642198203,221.71543967758984,221.90151068453284,26009400
2024-11-20,226.15170288085938,226.15170288085938,223.32150193675227,225.46618992508394,24222700
2024-11-21,229.58909606933594,230.69571949919919,226.3279968442062,227.35627379785183,28679400
2024-11-22,233.8295135498047,234.28978977729687,230.4606896477609,230.76427291630617,22693100
2024-11-25,237.38438415527344,239.9110019820294,236.39528790922384,236.49322474046386,33534000
2024-11-26,235.64117431640625,236.610694978541,234.47579496962425,236.18958461064256,22581400
2024-11-27,235.96438598632812,238.6476967229226,235.46494401834258,237.00245063139351,19472800
2024-11-29,236.86534118652344,238.44202846307738,236.5421675896204,237.35499543460776,16782700
2024-12-02,236.7478485107422,237.63902290222632,235.0438462071084,237.22771509301742,25274800
2024-12-03,235.06341552734375,237.12975703780666,234.41706833797167,236.5421659669117,21376700
2024-12-04,235.90562438964844,236.66948382557112,234.26039327937247,235.3082456058564,19903000
2024-12-05,233.1537628173828,235.87623917422,232.82080152322263,235.5432778800598,20227000
2024-12-06,233.9861602783203,234.92630296322804,233.44755258643738,234.82836614121604,20760900
2024-12-09,232.81101989746094,236.38550510902922,232.73267341945547,235.57267721066813,16684300
2024-12-10,231.8023223876953,233.87846659966516,231.03846294184953,232.66411866221344,19946500
2024-12-11,232.8501739501953,234.33871203269587,231.9296216178488,233.7707262825418,23156900
2024-12-12,229.82411193847656,232.73265938311235,229.50095328290533,232.2528077809805,21454500
2024-12-13,228.2474365234375,230.00039214241443,227.08205703155903,229.52052560368162,23972900
2024-12-16,229.58909606933594,230.7544756205968,227.5423448109859,228.0907552014469,32293500
2024-12-17,226.96067810058594,229.28852542755305,226.44992153957827,228.53221484513776,33064300
2024-12-18,216.91261291503906,228.93494409437133,215.0267596886117,228.10988611795233,52267500
2024-12-19,215.95004272460938,220.43876272388604,215.42946936558354,219.27975486414672,51871700
2024-12-20,217.97341918945312,220.66469699618858,214.1918957792273,214.71246917073222,53882200
2024-12-23,217.4724578857422,218.44484217728927,215.47856051553816,217.7965909787337,29606800
2024-12-24,219.41726684570312,219.65300411900046,216.55901423011798,218.07163550577496,13399600
2024-12-26,221.66653442382812,222.11836044910243,217.53141280876417,218.4645151575071,20024800
2024-12-27,218.43504333496094,221.43080551226635,216.28398762424936,220.30124797659846,26956000
2024-12-30,216.75546264648438,217.86537174244245,213.9758040044978,216.74564588001235,25706100
2024-12-31,217.0304718017578,219.30920531568532,216.2348641868933,218.16983106500757,26208300
2025-01-02,217.207275390625,220.37982930867912,215.69466913791638,218.96543567696628,29363000
2025-01-03,220.43875122070312,220.82182988605578,217.44300411798991,218.1207356221858,24525300
2025-01-06,220.5271759033203,223.13004272601802,220.15392896745075,221.74511434680338,23541900
2025-01-07,218.75918579101562,222.49161022101623,217.44301972495398,221.56832462656337,28835200
2025-01-08,217.7671356201172,218.35645628088025,215.11514019068503,216.97152799883068,26795900
2025-01-10,212.9739227294922,214.82049382787343,211.4809500331961,214.42759838809627,37379400
2025-01-13,213.38645935058594,213.65166190851446,210.16479156605934,210.68536492842662,28603800
2025-01-14,215.81253051757812,216.3134553512703,213.35699017852633,215.2821254113828,25447500
2025-01-15,220.05569458007812,221.5683158091782,219.03419640208858,221.43080615084443,30124700
2025-01-16,220.4976806640625,221.22451093000373,218.74933734001294,220.16371582539605,21029800
2025-01-17,221.450439453125,222.93358030805717,220.67448037286692,222.89428327270284,26754900
2025-01-21,225.7034454345703,225.80167304581298,222.95325216892684,223.4738255361686,26086300
2025-01-22,224.23011779785156,225.7623875779355,223.77830676280152,225.27127950401126,21307300
2025-01-23,225.2516326904297,225.2712812100156,222.52107297772653,222.89430492528373,20850700
2025-01-24,224.6230010986328,226.1356072900273,223.98455164461038,224.75069398692293,19074500
2025-01-27,222.47193908691406,225.53644841875692,221.20488695545683,222.67821105537016,27461700
2025-01-28,222.71749877929688,223.5130914155365,221.17541232145706,222.70768201385462,16847400
2025-01-29,222.20677185058594,224.16138752910751,220.5861210782077,222.64876615328635,20280500
2025-01-30,224.46585083007812,225.95882354309512,222.88448226240698,224.45603406425948,25575100
2025-01-31,222.4523162841797,226.224037806407,221.52903067684878,224.68195120960334,35330700
2025-02-03,219.84945678710938,221.53886987271602,216.74564995658272,217.5707079786427,34023300
2025-02-04,222.89431762695312,223.09077285914884,219.24048710950663,219.6235508324003,17985500
2025-02-05,225.3203887939453,225.4186164082672,222.8550315437348,224.00422269163835,15197300
2025-02-06,224.58370971679688,226.59725575915084,223.25772694799932,226.41063229846716,18809400
2025-02-07,221.98085021972656,225.1730527118244,221.56832123462388,224.78017224623014,28914400
2025-02-10,222.98269653320312,223.47380456847915,221.84332229438007,223.32646316543963,14574700
2025-02-11,221.6861572265625,222.39335397434408,220.81198555047519,221.04772279554484,18215700
2025-02-12,219.6431427001953,220.48784908113728,217.8456855760713,218.30732830678537,25572800
2025-02-13,222.11834716796875,222.31478738952217,219.7708512999491,221.03790346828265,21419400
2025-02-14,221.95138549804688,223.9256345719316,221.5977870831421,223.22826949561576,13574500
2025-02-18,223.16932678222656,223.62113779548287,221.49954742148518,222.12816512628874,15166500
2025-02-19,222.4031982421875,223.11039507742274,221.07721541669332,221.4013485484619,16194800
2025-02-20,220.27178955078125,222.16747452361776,219.04401935688657,221.9906678222338,18507700
2025-02-21,213.92666625976562,222.33443354738372,213.59271638792754,221.98083515737045,45036900
2025-02-24,212.3845977783203,214.89906877003466,211.3238025185478,214.89906877003466,30246200
2025-02-25,211.57919311523438,213.40611582839364,209.69333982865538,212.522112264809,33665100
2025-02-26,211.8443603515625,214.52582108408765,211.0193024280601,212.2176072639495,25464200
2025-02-27,208.61288452148438,212.63997667397757,208.4459095768591,211.80508696342227,29378500
2025-02-28,210.8326873779297,210.84251913123393,207.20832242930325,207.87622220712205,32015400
2025-03-03,205.06710815429688,212.1194286460874,203.73129345038123,211.56937495482634,36330000
2025-03-04,202.7490692138672,206.039499527662,199.57651503727368,202.26777787325113,56427100
2025-03-05,204.76260375976562,205.12601894243022,201.17752077624246,202.77852292313216,35778500
2025-03-06,201.6293182373047,204.41880834257782,200.27385523389347,202.1204262834765,39206300
2025-03-07,202.2873992919922,203.42677354523028,198.14244622282752,201.32483172715283,43514000
2025-03-10,197.19952392578125,201.09892290992929,195.21544327438696,199.82203902561753,39442800
2025-03-11,197.1798858642578,199.60596087687458,194.9993648813599,197.5433010322646,51509700
2025-03-12,197.52366638183594,200.126533087139,196.00122840871802,199.43898480530692,36881700
2025-03-13,194.5770263671875,198.43712866369506,193.49658260134538,197.6906497811136,31336900
2025-03-14,199.28182983398438,199.45863653068565,195.79495957818693,196.67896308683586,34089400
2025-03-17,201.79629516601562,202.3561655381423,198.99698826766718,199.10503263838837,26947600
2025-03-18,200.04405212402344,200.74298211248234,199.1974500806206,200.67408050369102,22888000
2025-03-19,203.15476989746094,204.4443578166312,199.73883097118656,200.18183203012717,31595600
2025-03-20,201.86520385742188,204.07031051353653,201.01860188437485,201.13674252272432,25665900
2025-03-21,200.61500549316406,201.23519508632378,198.61663349416233,199.56168358749804,39470200
2025-03-24,205.6060028076172,205.9702334735223,203.46981278409487,203.73561044300249,25774700
2025-03-25,204.46408081054688,206.0096277972048,203.86358386340208,205.43866225557034,17836900
2025-03-26,202.38694763183594,205.5666357294312,201.49112163451738,204.72003374688867,19344600
2025-03-27,201.42221069335938,203.13510718916223,200.5854475441377,202.13099441430816,23960000
2025-03-28,197.3270263671875,201.3926866057246,196.27370456263668,201.35330138587474,26656200
2025-03-31,196.38198852539062,197.5140657320926,192.44430777712637,194.40329433590944,32250800
2025-04-01,196.40167236328125,198.0948763405958,193.59608375350783,195.8897846648823,26054100
2025-04-02,199.50259399414062,200.16215370133756,193.47793237756403,193.71419862444966,36603000
2025-04-03,186.69529724121094,192.0210144796984,186.25231112619124,190.10139796723894,60551500
2025-04-04,178.36708068847656,181.18252278109773,173.91749762144715,179.76495543081873,92612800
2025-04-07,176.75265502929688,187.28594846991018,169.05448163240882,171.60414144019973,96706200
2025-04-08,172.09634399414062,183.02339903769249,169.65497111957694,182.79698660098356,61090600
2025-04-09,186.7248077392578,189.11695652620494,169.06432278107457,170.02905032681423,123015100
2025-04-10,178.87901306152344,182.5902666474656,174.2226943903296,181.64523160433626,67503000
2025-04-11,181.4877166748047,181.97008800165457,175.79776886961443,178.31788228935895,44954400
2025-04-14,183.6239013671875,185.04146887911438,180.1981232274045,184.88395803977573,35214600
2025-04-15,183.8502960205078,186.10462650485556,182.94463131353692,183.4368413730467,30715500
2025-04-16,182.08822631835938,183.82080065995453,179.7157697613059,182.80684894024586,35063300
2025-04-17,183.57469177246094,184.50988804527265,181.58617359858474,182.10791515145004,42359200
2025-04-21,179.8929443359375,182.4032037116001,177.9536354310194,182.11772847622785,26019000
2025-04-22,184.54925537109375,185.16944490139798,181.67475020090708,182.26539330595193,34477100
2025-04-23,187.2859649658203,192.46401041616292,186.88234903153557,189.91436540486313,44866100
2025-04-24,191.03659057617188,191.3417584491273,186.93155995200286,187.7880007594662,29820100
2025-04-25,191.0956573486328,191.2334755851165,188.56570507438317,189.7174749837958,25029000
2025-04-28,191.90286254882812,193.09400249435524,189.53040643043366,191.4697152882513,22482300
2025-04-29,193.0349578857422,193.79296566320278,190.00294179696039,191.4402019315295,20118200
2025-04-30,191.82412719726562,192.43446293496726,187.7486280336146,190.13092319487336,29046100
2025-05-01,193.01528930664062,194.59035272402608,190.72158827789346,192.66089740904317,33169700
2025-05-02,197.35655212402344,198.07518966564717,195.09238272137367,195.2400547599946,30201800
2025-05-05,195.84056091308594,197.37625405246862,194.99395892329028,195.47633023853146,20834200
2025-05-06,193.70436096191406,195.4959978594854,192.59196136361984,193.5271575204498,24642100
2025-05-07,194.34423828125,195.46647673265917,192.98573356915347,195.01365184266731,23623300
2025-05-08,198.04563903808594,199.58134709342963,195.17113399577397,196.65761803928868,32646300
2025-05-09,197.68142700195312,199.1285259638383,196.84467880631055,198.40004957493107,17203000
2025-05-12,204.63140869140625,206.462430743668,202.61335943115157,205.58629742420754,38207200
2025-05-13,205.3795928955078,206.34432049389122,204.72003315837406,205.67490694119434,28295800
2025-05-14,203.5584259033203,205.29100020221273,203.31232083137792,204.7987900583279,26316100
2025-05-15,204.88739013671875,204.9464529479735,202.1900732612843,203.3615357547068,21563700
2025-05-16,206.58056640625,206.8562028357847,204.54280956534117,205.17283783585745,28906400
2025-05-19,205.71429443359375,205.83242005317314,203.04650902996204,203.57810436019028,25859600
2025-05-20,205.8225860595703,206.49198461421523,204.7200401949501,205.40913136033774,22053100
2025-05-21,200.04405212402344,204.37549535660534,199.6798064053443,203.41076768609656,36704400
2025-05-22,200.0341796875,201.1859495077548,198.3901997720392,199.1383537091707,31831300
2025-05-23,199.4041748046875,200.0932660147605,196.53950810881787,196.6674875553535,29114600
2025-05-27,204.46408081054688,204.51330482675104,200.97923977078017,202.4361775198463,31655900
2025-05-28,202.3081817626953,204.78892477287937,202.00301391633107,204.47391813249226,26046700
2025-05-29,202.90867614746094,203.83403349017135,201.28438891129693,203.7257466730231,32749500
2025-05-30,201.87506103515625,203.03666968067486,200.36888428433127,201.94396263936918,37768900
2025-06-02,202.5050811767578,202.63304558541984,199.5124354275224,202.12115790865207,30334300
2025-06-03,205.7733612060547,206.3443267467846,202.34758298273613,203.24340900462582,37702200
2025-06-04,205.1925506591797,206.73808257554373,204.89722159242328,205.92101199997714,27225300
2025-06-05,205.2811737060547,206.56092316104193,203.77501177721246,205.44852336247465,35728700
2025-06-06,208.59864807128906,208.825075547323,207.31891374409068,208.2048859738528,32144500
2025-06-09,210.03590393066406,210.94156875291853,209.23852593612813,210.53795284768944,33984400
2025-06-10,211.16798400878906,212.07364884307617,210.4788928328164,211.11877501276757,30182200
2025-06-11,210.30169677734375,212.56585127050045,209.97683630164184,212.22131320552728,31113400
2025-06-12,209.46493530273438,209.94730662293563,208.3328580468477,208.86443836169224,25367000
2025-06-13,205.6355438232422,208.14581844544188,204.97598406339628,206.57074004926065,60580000
2025-06-16,208.05995178222656,209.22477227019817,206.9444763508757,207.77367212833957,28974000
2025-06-17,205.86851501464844,207.74407922602396,205.69082158075457,206.3719521292568,32843200
2025-06-18,206.95437622070312,208.67200923735928,205.10842494820088,205.7599424782356,42850500
2025-06-20,206.52003479003906,208.53379833338525,205.7796781095655,208.39559902220066,36978100
2025-06-23,209.047119140625,209.0569851406209,204.15088693807917,205.79941269311942,35516400
2025-06-24,211.71238708496094,212.16646405814592,209.62951645771383,210.54755146606246,31772500
2025-06-25,209.24453735351562,211.96904445525323,209.1655641684891,211.89995233247683,27725600
2025-06-26,212.64031982421875,212.77851913940347,209.9651576471343,210.0934909621614,26261200
2025-06-27,212.70941162109375,214.61460403025634,211.3767785972898,213.27208994371443,47717300
2025-06-30,213.01539611816406,213.92358014356049,212.6205452865433,213.89395202172489,25558000
2025-07-01,215.20687866210938,217.69448137462857,211.39650893632347,211.8604670034924,43864800
2025-07-02,218.18804931640625,218.2571565036365,214.56523908295677,215.56224732837083,35735200
2025-07-03,220.21170043945312,220.458486008119,218.91854646965922,219.15545097551717,23515700
2025-07-07,216.9047393798828,219.9550200565807,215.60171958057165,218.72109237489516,41551200
2025-07-08,218.40521240234375,219.43183366586848,217.49704338314254,217.74382893387966,36339300
2025-07-09,220.7743377685547,220.81383188995537,218.27686931204738,219.70823749223973,32425200
2025-07-10,221.90957641601562,223.14350420406888,219.99451807894178,220.51770225606876,33865900
2025-07-11,218.84942626953125,220.66576433190576,218.72110802401878,220.3005265320247,31579600
2025-07-14,220.3202667236328,220.46833202637427,218.21764904913778,218.52366071653304,24632200
2025-07-15,216.00645446777344,221.34688210052425,215.97682634541624,221.18895080265176,44215400
2025-07-16,218.17819213867188,218.52368290100756,214.12103674313616,217.38847529782532,48199800
2025-07-17,221.0408935546875,221.31729218310883,217.87217532793028,218.23741314493085,43548000
2025-07-18,219.47132873535156,222.46236841817446,219.12582293779198,222.39326123362468,49009900
2025-07-21,218.5828857421875,221.52458028439332,218.40520737978818,220.66575634501376,28191400
2025-07-22,220.39923095703125,220.93228108785132,217.8227893557811,218.7704373800376,30873300
2025-07-23,223.76539611816406,223.79502424300264,221.18896932742248,221.92932600869634,37478100
2025-07-24,220.67564392089844,222.94607401500662,220.6065367361959,222.62031527839767,29446700
2025-07-25,221.49497985839844,221.7121523554483,219.67862669556362,221.5344589203188,24555500
2025-07-28,221.2383270263672,222.54136208988308,220.55719643067442,222.42290983414387,24934900
2025-07-29,219.8267059326172,222.78813262698068,219.20480150677042,222.7091594409529,28685900
2025-07-30,218.71121215820312,222.03787638084728,217.28972505339556,220.78421669647977,48924400
2025-07-31,216.56912231445312,219.1653110684438,216.06568522507837,217.62537167732643,42913900
2025-08-01,212.15660095214844,213.7755135663106,209.6097722550041,213.4398888315367,63854100
2025-08-04,216.9047393798828,216.91462044139632,213.30167657439858,213.76563458771983,34989600
2025-08-05,218.01034545898438,218.41506228475683,215.43390389690353,217.7240658062012,31337100
2025-08-06,217.7240753173828,218.1485542844203,216.55925478301776,218.10906016243837,23142100
2025-08-07,217.01333618164062,219.97476276183528,215.70043525690966,219.89578957885206,37088000
2025-08-08,217.4871826171875,218.7211104005659,216.91463831818854,218.22753928721454,28318100
2025-08-11,217.43780517578125,218.82966415700707,216.98371316012177,217.9313762498228,25212800
2025-08-12,223.89369201660156,224.06150436213713,218.30646424720052,218.99747575099647,43815500
2025-08-13,228.2470245361328,228.48394409066017,224.9006130242325,225.32507694734147,41705800
2025-08-14,225.30532836914062,225.85812555976574,223.2619369010152,225.50275378542193,55945500
2025-08-15,224.20960998535156,225.83838857054926,223.13361355283638,225.70018926673004,33571400
2025-08-18,225.02894592285156,225.5225170302724,224.0220566461865,224.28858926172032,20144100
2025-08-19,223.30145263671875,226.03582579521068,222.78813445462478,225.0881776802936,25000700
2025-08-20,222.51173400878906,223.46926317831446,220.81384816566745,223.02503712408065,29229700
2025-08-21,223.06451416015625,223.4100199397378,220.9026704288518,221.524574807061,24539400
2025-08-22,231.81060791015625,232.39301820136592,224.2589609358569,224.44652036652317,58205500
2025-08-25,229.37237548828125,231.28743387728778,229.37237548828125,231.12948750111096,28453700
2025-08-26,231.26766967773438,231.85007995131008,229.59939697664947,229.83631652335905,25121500
2025-08-27,232.90635681152344,233.0840351955837,230.5569533160854,230.73464676274185,25395400
2025-08-28,233.18272399902344,233.9230806246077,232.32391513337583,233.91321462546713,25011200
2025-08-29,232.146240234375,233.97245941490698,231.35652342488564,233.696060790975,29254800
2025-09-02,230.8925323486328,231.3861034011631,228.49378426338032,229.0071023755379,33108600
2025-09-03,230.66551208496094,232.2350645408461,229.47107847863109,230.2706612368143,33252400
2025-09-04,233.5479736328125,233.6269468177271,230.57668098055066,231.21831739691385,30323800
2025-09-05,234.71279907226562,236.5982291781808,231.92905090984723,234.66343895101676,47542500
2025-09-08,235.18661499023438,235.49262664379535,233.35053000627485,235.44326652424823,31487700
2025-09-09,233.8046417236328,234.90037019451506,232.39302051110036,234.84112900850943,35395800
2025-09-10,233.39002990722656,235.2063830556514,232.43251580295149,234.2587198885343,33910200
2025-09-11,237.70384216308594,237.83216040511297,233.20247619051554,233.80463352840906,43629800
2025-09-12,235.27548217773438,237.2300346938179,235.13728286410586,237.1115673802824,46097600
2025-09-15,236.2725067138672,236.9536222228716,235.48278989081513,236.15403939972225,33014000
2025-09-16,235.88343811035156,236.52689453069294,234.37872166093356,236.05172648020516,37059300
2025-09-17,236.4873046875,241.82309283761904,234.6361175043934,236.41801658441796,79955600
2025-09-18,242.37745666503906,242.68433634543504,237.71483713035957,238.37809662467475,49167700
2025-09-19,240.53614807128906,243.10010981250122,240.07087403554704,243.10010981250122,56092000
2025-09-22,241.93199157714844,242.32796244435596,238.68498212902156,239.80362173159733,53572900
2025-09-23,241.38751220703125,244.69391566377513,240.99154135310883,242.54574281534022,41854500
2025-09-24,239.1700439453125,242.1497645590887,239.1304377979391,241.44689894374463,36002200
2025-09-25,236.88327026367188,237.57624191095582,235.16078044583506,236.57639058832484,37209500
2025-09-26,238.91265869140625,239.24923543070918,236.92288020930596,237.20995681510672,28942800
2025-09-29,239.18983459472656,240.48665648733345,238.38798381259986,240.3975653127237,26391500
2025-09-30,239.5264434814453,239.69473185835042,236.9921785269078,238.68498649159912,33447700
2025-10-01,240.0511016845703,240.59555783791447,238.13061130236585,238.1504143768591,28520000
2025-10-02,241.56570434570312,241.63499244621988,239.04134866790474,240.55595905351987,28687400
2025-10-03,243.3574981689453,245.5947621520336,242.56554137053507,242.882330132027,34579600
2025-10-06,244.32765197753906,245.9808537743112,243.59510435694185,245.23839706349807,31507400
2025-10-07,241.7042999267578,245.14929467797418,240.74405474957226,244.87211206036596,31766600
2025-10-08,244.23855590820312,244.47614748882245,241.3479263179421,242.8130366351275,25825000
2025-10-09,242.66453552246094,244.7632081458639,241.55578999048652,243.83266006407,26243100
2025-10-10,235.39834594726562,244.40682588906023,235.17066347379634,243.27829240034765,70569400
2025-10-13,241.95176696777344,242.16955545141414,238.97203139856143,239.39771438215683,36298600
2025-10-14,245.4066619873047,247.08957578858303,237.94250454755422,238.80374941609338,45320800
2025-10-15,247.81224060058594,250.22770206206854,244.57512527439772,247.84193765910257,45369000
2025-10-16,242.59524536132812,248.73288429009156,241.54590899320883,248.44580768394042,52740400
2025-10-17,240.9618377685547,242.6942366418579,239.0413474578703,240.8727465946329,55379500
2025-10-20,245.6640625,245.83235086308986,243.66437500597584,244.13954303736594,32545000
2025-10-21,244.50584411621094,245.87195416272777,243.04071869629414,244.94140602192985,26337900
2025-10-22,240.8925323486328,244.37713313696236,238.34838873856384,243.5554792948248,46578400
2025-10-23,243.9415740966797,244.6345306695468,241.22912681966227,241.83299221287228,28591000
2025-10-24,246.92127990722656,248.58439068636054,246.4659149464381,247.2875687990915,26627000
2025-10-27,247.78253173828125,249.67332493547104,246.99057496981922,249.24764194147863,31798100
2025-10-28,246.45602416992188,248.3764994072075,245.61456723248935,247.04008646020955,28075900
2025-10-29,244.35733032226562,248.61408482596775,242.2289606230742,246.33721473279505,56235300
2025-10-30,242.38735961914062,245.64426289017135,242.16957112140756,242.8031335406348,44538700
2025-10-31,243.7534637451172,244.30782896042214,241.23901720274992,242.525945084176,37214700
2025-11-03,242.971435546875,243.7831803614639,240.0511088428186,243.69408918156762,28887900
2025-11-04,238.77406311035156,241.6052984953929,238.5760776852037,239.3581254013996,34468700
2025-11-05,242.2190704345703,243.2585128522724,239.20965254207377,239.52644132303155,38229200
2025-11-06,237.9326171875,242.32794792938515,237.58613137045697,241.8032797643676,40601200
2025-11-07,239.179931640625,239.22943177088055,233.8936440042218,236.0121196734163,54978900
2025-11-10,241.57559204101562,242.77342874034878,239.81349614669145,242.54573116023116,31238000
2025-11-11,241.7834930419922,242.2784641515649,240.0807912166365,240.9222330397184,27357900
2025-11-12,241.1895294189453,243.90197662448261,240.88264973799986,242.3774570990297,34543200
2025-11-13,234.40843200683594,240.23919158534707,233.46798983713816,239.40764367352932,65710000
2025-11-14,235.0914764404297,236.32890422734818,230.9238281130673,230.99311621436848,58344400
2025-11-17,230.4189453125,235.44785359451498,229.42900309411877,234.08174360476613,55765900
2025-11-18,231.12181091308594,232.71561848874902,228.63706138308774,228.9835320962983,63092500
2025-11-19,231.08221435546875,233.99264701488394,230.09227209609327,231.44850326305536,57280500
2025-11-20,226.8056640625,236.6951923407463,226.5977695486449,234.85389919569107,95483000
2025-11-21,233.2303924560547,234.72519976637832,227.2709360779581,227.64711895426345,99504100
2025-11-24,237.4871368408203,237.97221397532837,233.11159396174287,233.5867771117866,36135300
2025-11-25,242.66453552246094,243.08030943245666,237.6257182609727,238.3186898829514,46160800
2025-11-26,244.81272888183594,246.32733936191406,242.30817612168997,242.58535875168334,34636600
2025-11-28,246.2481231689453,246.3075172843159,244.58502751729222,245.51556050029663,18911800
2025-12-01,243.1496124267578,245.19880015011154,242.87242980311385,243.10012739814434,36920000
2025-12-02,242.7041473388672,244.88201733706853,242.65464720372887,244.88201733706853,31918500
2025-12-03,247.11927795410156,247.3271573585818,243.01100873207628,243.4960858513957,32846300
2025-12-04,249.28726196289062,250.11880981866526,246.04023752093855,246.465920538624,40245800
2025-12-05,248.24781799316406,250.11880820927803,247.76274086109015,248.96057760933317,36956600
2025-12-08,248.3468017578125,250.22770105309212,247.66373920404524,250.15839784661966,29100000
2025-12-09,248.86158752441406,250.40589505418222,247.58456863797355,247.73305393686653,30170100
2025-12-10,252.24717712402344,253.98948511563796,248.02011957386546,248.37649938075754,51105200
2025-12-11,255.2071075439453,255.4150171742798,251.76212774645853,252.07890142109855,41345200
2025-12-12,251.2968292236328,255.6030837622723,250.89094930328272,255.35559821649576,57657700
2025-12-15,249.39613342285156,253.1183257954995,249.20805709163997,252.97973449047447,43120100
2025-12-16,248.2161407470703,250.46092232280134,246.79578351638534,248.65317840450373,43115300
2025-12-17,245.57408142089844,250.46092822597447,245.03771149923423,248.68298091005394,38132400
2025-12-18,247.03416442871094,249.66630230128294,246.53753349758617,248.49424542272237,39068000
2025-12-19,249.10015869140625,249.70604908938182,247.381819755236,247.60033859752062,43610400
2025-12-22,251.87136840820312,253.40098515052074,250.50066206017036,250.58012483530013,40497300
2025-12-23,250.3814697265625,251.51378772320732,249.76565217841468,250.7191751461291,24973500
2025-12-24,251.00723266601562,251.1562158953025,249.42793465570244,250.27221337092664,12103000
2025-12-26,249.7259063720703,251.04694652462595,248.71277498515283,250.8780938194687,17429900
2025-12-29,248.19630432128906,249.80538385245455,247.6698766930442,248.57373356140485,25218800
2025-12-30,246.35874938964844,248.46445978094354,246.27928661843322,248.2856799126897,22123600
2025-12-31,244.50135803222656,246.6070684541582,244.35235965053997,246.50773619970047,35352000
2026-01-02,247.1037139892578,247.41162277787421,244.2033908285188,245.96146877549222,40007700
2026-01-05,251.02706909179688,251.84155110308276,247.88837308950383,248.10687675821816,37428100
2026-01-06,254.35450744628906,254.5233753154633,249.82525052404492,250.5404003422873,40677800
2026-01-07,253.75856018066406,255.06965808098875,252.25874008381373,254.67235936112664,33052000
2026-01-08,256.5297546386719,257.1853111675126,252.64611190660548,252.98381733444174,37957000
2026-01-09,258.4765625,259.79758752731107,256.3509674238163,257.8309179970807,36301500
2026-01-12,259.7380065917969,259.89693214530996,256.49996285186097,257.5329637937212,28423400
2026-01-13,259.5890197753906,261.1186516838883,258.70500207966455,260.64187502992877,33882400
2026-01-14,261.4165954589844,261.68476525309023,258.4368098322429,259.3704784202443,37164300
2026-01-15,263.7209777832031,265.2505792904843,261.95297280688055,262.2807358978843,33465200
2026-01-16,263.96929931640625,265.41945324191516,262.9263561062939,264.0785435785984,33844900
2026-01-20,260.8106994628906,263.2938542423878,259.3009522692576,259.3804301968924,47911500
2026-01-21,265.985595703125,266.7801930476048,261.1484154089277,262.8568269803104,59952800
2026-01-22,267.97210693359375,269.7699083493577,267.6046049210373,268.01181558061194,35110800
2026-01-23,263.02569580078125,267.2371167889116,262.67804805424424,267.22720478149006,42636700
2026-01-26,262.2012939453125,264.89302527545107,261.7145749898049,263.28394580642396,32119300
2026-01-27,262.94622802734375,263.07532660952296,260.8901686638271,262.27078691283333,26975500
2026-01-28,261.5258483886719,264.88307848938285,260.79084427619006,264.18781334058724,37139100
2026-01-29,261.59539794921875,263.2740130891025,257.66208906904154,262.29069344704556,43922900
2026-01-30,257.90045166015625,261.20803083094233,256.2019822630205,259.31089692487745,59164200
2026-02-02,260.41339111328125,261.9926738571016,256.6092114692784,256.7383403629402,42896200
2026-02-03,261.00933837890625,263.2739741032895,256.80782999164006,261.28745047446404,54588000
2026-02-04,258.7645568847656,262.8667330267154,255.40735741530057,262.38004443765186,48826500
2026-02-05,254.10618591308594,259.85716546931945,253.33144286729225,256.7581932861448,48279600
2026-02-06,263.2342529296875,263.92954837153445,257.83090586923095,257.9898314077088,43354900
2026-02-09,265.0817565917969,265.86644202711966,261.5656007679467,263.05549370714346,29064800
2026-02-10,264.3666076660156,266.71069134857413,264.0884955288994,265.4294052411186,24661700
2026-02-11,263.1647644042969,267.14772419089155,260.3339617991759,266.66103553775446,41829400
2026-02-12,257.79119873046875,265.65781590359956,256.64895362240435,265.2207782482093,47628200
2026-02-13,261.1881408691406,263.3832714938564,256.7681435990672,258.84405733368646,45360300
2026-02-17,261.2676086425781,262.57869126321214,257.3144155198994,260.61205217628793,33734800
2026-02-18,262.211181640625,265.11151953075847,260.0856170798375,261.25765876811965,36034700
2026-02-19,262.817138671875,262.85687764034157,259.3208369336569,260.80081796750784,31006000
2026-02-20,262.8270263671875,265.52870004591404,260.37369848443996,261.07890597174,47126600
2026-02-23,258.7347717285156,262.5886325880318,256.3608916497598,261.6251673731528,44001100
2026-02-24,261.5556335449219,262.36020354247574,258.10901366126654,258.6453835556536,34884200
2026-02-25,262.7972106933594,263.4925061230795,260.661703747714,263.4627094796313,26012100
2026-02-26,264.1977233886719,264.4460388639609,260.35380468110964,263.22434612518543,41206500
2026-02-27,259.64862060546875,260.98953035519617,258.0196563911154,260.33397380395274,40631500
2026-03-02,262.03240966796875,262.49924395608315,256.05298416466957,256.07283848963,53495700
2026-03-03,257.49322509765625,259.360562463458,251.60318885165918,255.0696634499497,59537000
2026-03-04,259.9962463378906,261.1881424384881,257.07605390790764,259.4400220952222,37979700
2026-03-05,255.02992248535156,259.0029698881484,252.44743561114439,257.24487701276524,60414600
2026-03-06,249.19949340820312,251.59325837759454,248.25589757410364,249.79545664867373,64192000
2026-03-09,251.9110870361328,252.93414561642604,242.7432836222542,245.9217187821931,65369500
2026-03-10,251.65283203125,255.9139188533593,250.69929395210687,251.2555333392583,55879100
2026-03-11,251.1462860107422,252.6659755568997,248.89157717745988,250.63971272470678,50418100
2026-03-12,245.74295043945312,248.1267731322664,244.91854117622833,247.26264005841722,61802900
2026-03-13,244.92845153808594,248.92136867281502,243.8855234980331,247.580459027608,53933300
2026-03-16,247.24276733398438,249.77558838437983,246.63687692707387,248.0771037499341,48755700
2026-03-17,248.80694580078125,250.45869719508957,247.72236809050435,248.62783272790088,40642800
2026-03-18,244.79698181152344,247.9910156551033,244.65767839128839,247.17509996027923,43192600
2026-03-19,246.3989715576172,248.84673375371543,241.3143740927612,241.82183328391972,59219500
2026-03-20,241.01588439941406,246.2696354067908,239.13528051817053,245.7422713415646,76749900
2026-03-23,246.21986389160156,250.1104299913118,244.88652899566424,245.94125705313508,78746600
2026-03-24,247.5432586669922,248.9164032418936,243.38404565451444,244.28951030525963,45210800
2026-03-25,250.5681610107422,251.81194701722964,248.27959172221838,250.48855688437484,45671700
2026-03-26,246.20993041992188,250.60795592466985,245.93132356861184,247.65271915340625,46830200
2026-03-27,241.89151000976562,245.51341427422608,241.20493770095575,244.78703231053564,48114400
2026-03-30,238.41883850097656,244.1501986136333,237.50341387636058,244.13030897042023,51290500
2026-03-31,246.7671356201172,247.6825602690139,241.03577535544173,241.8317862272238,58660800
2026-04-01,248.3193817138672,251.18506947965187,247.8716217961969,248.67759268459025,51295900
2026-04-02,250.040771484375,251.11540437170197,243.6526886399319,243.72234794123676,30369200
2026-04-06,251.10546875,251.79204105174713,249.0059573732221,249.74228415159075,22151400
2026-04-07,251.65272521972656,252.2198837130325,248.27957835900375,249.96117937853506,34881900
2026-04-08,259.1751403808594,260.9661799890299,257.1253835799586,260.2199084246476,46680200
2026-04-09,260.65771484375,261.593044269299,257.4935308037183,257.4935308037183,26758400
2026-04-10,260.0010070800781,261.4438109519453,259.0457879573496,261.0955448070944,22365900
2026-04-13,263.75225830078125,264.04079475325125,258.72734527002154,258.94625279326465,23820000
2026-04-14,267.3841552734375,268.0806876186589,264.95628243666755,265.76225338037955,24270400
2026-04-15,268.05084228515625,268.24982983994545,266.25977209682554,267.4438588832516,21670600
2026-04-16,268.6080322265625,269.00603766675084,266.71745324539785,268.11051783485993,30847900
2026-04-17,274.4090270996094,276.2498363578629,271.7622469841849,272.37915994983507,46462700
2026-04-20,275.97125244140625,276.28966895523934,273.16526384925845,273.2846624504783,22993900
2026-04-21,273.1453857421875,278.3991369788753,272.3991140871701,276.7971247025181,32235200
2026-04-22,275.1055603027344,276.6279530787596,273.53339786958526,276.2100276419104,20274300
2026-04-23,274.15032958984375,276.48865339031755,270.5980997800492,275.3543363256244,32886600
2026-04-24,275.2746887207031,276.7473421548367,272.86673622838555,275.2946087292148,21568600
2026-04-27,275.7622985839844,276.85680598072094,274.87670836873565,275.44388207743185,23399400
2026-04-28,272.54833984375,275.5931255155777,271.5632710575319,274.67768566668383,24139400
2026-04-29,270.7274169921875,273.01600140478524,269.01596627664327,272.5582966686131,29428900
2026-04-30,276.5881652832031,276.83692249087716,271.08565706408905,271.77222938653887,29220700
2026-05-01,277.8916320800781,278.4189961105243,275.1951126312584,277.2747191047488,28936700
2026-05-04,276.4986267089844,279.39416435888,274.7274765385113,277.31455766858477,28632300
2026-05-05,281.15533447265625,281.54341027913324,278.60806318141005,278.737421783569,24863200
2026-05-06,285.3742370605469,285.6229942512781,281.95133568681536,283.9413932126654,23330300
2026-05-07,280.8568420410156,286.15037223994534,279.752344270038,286.1006329457199,28350400
2026-05-08,282.7573547363281,283.5533656504731,281.20508183176656,282.6279961304588,22474300
2026-05-11,283.9115295410156,285.62298014334675,283.1752180098979,283.5035944903296,20150400
2026-05-12,281.165283203125,282.64786633424006,276.89660133239556,282.6279766908089,27404600
2026-05-13,281.2648010253906,282.150360856964,278.5384014959246,281.51355822253254,20742300
2026-05-14,283.03594970703125,284.2399260330234,280.5583073865018,282.42896635864275,17428700
2026-05-15,276.219970703125,278.936379595483,275.8617445841039,278.9065299493867,35408000
2026-05-18,274.59808349609375,277.692608312061,272.5781763618812,277.3543021832518,27243300
2026-05-19,271.6428527832031,273.71249925295035,269.28463946922847,272.4488236534003,30276900
2026-05-20,278.47869873046875,278.6976062758627,272.0508213388004,273.5433645030678,31562000
2026-05-21,281.0856628417969,282.2697494876582,275.7722129423388,277.27471607710874,31680500
2026-05-22,283.7026062011719,285.1851893940228,282.25983266270873,282.68768775830245,23849300
2026-05-26,289.0658264160156,289.1056057045913,286.3095772057551,286.95637021847483,24506500
2026-05-27,288.926513671875,290.2698086523605,287.87178555169993,289.7125949423009,24519900
2026-05-28,290.5782775878906,291.2847395780324,286.54842283991235,288.2001743960594,23710600
2026-05-29,288.9862060546875,289.961345206886,286.89663950904446,289.93149555762835,26952800
2026-06-01,287.5434265136719,289.1652979106216,284.8468766682856,286.93644317028514,23826100
2026-06-02,290.2100830078125,290.4190305386496,286.9662796312468,287.0259789257717,18378800
2026-06-03,286.23992919921875,288.56829279229277,285.3543390505639,288.54837278346275,29167300
2026-06-04,290.558349609375,291.4240197472621,285.23493982254865,286.1304596077468,24307800
2026-06-05,280.2498474121094,287.96132039102275,278.75730425490036,287.66282390592824,35812800
2026-06-08,282.6976013183594,285.41404071577347,282.17023729972595,284.0906658498747,27277400
2026-06-09,283.60308837890625,289.4240127419091,276.2398815726378,285.75235416059354,41761300
2026-06-10,280.6478576660156,287.56331989283086,280.35932118075976,283.1752392913924,39285000
2026-06-11,288.96630859375,289.61307122074993,282.65782983903836,283.02598562521365,41468800
2026-06-12,291.4936828613281,294.24990155201044,288.86679240010824,290.1802376307182,34415200
2026-06-15,293.87249755859375,297.1339684744961,293.15437189183484,295.78747904456293,23889000
2026-06-16,291.3191223144531,296.02682799834867,290.82042480742217,294.73022665530027,23807700
2026-06-17,289.1248779296875,295.049406879064,288.1773404701768,291.7081274205715,39920100
2026-06-18,294.82000732421875,295.19902232378575,290.6608868961079,293.7827079208904,32463200
2026-06-22,297.40325927734375,298.70984440424985,295.3885321624241,296.35600661284366,22796200
2026-06-23,294.55072021484375,296.9743829366937,291.63831320940875,292.4960887998497,26821700
2026-06-24,295.9171447753906,298.909329975502,293.9223546419831,295.1092572064071,28664900
2026-06-25,298.13134765625,300.7145970931372,295.9570338281785,298.73974400526436,27599900
2026-06-26,299.0489501953125,299.2484413843785,294.9596547621971,295.8273836022785,39832500
2026-06-29,298.1911926269531,298.3807001172486,293.91235943577374,297.33341707539256,24834100
2026-06-30,299.6673583984375,300.19597656350135,296.66518952318114,297.7822671219514,23230300
2026-07-01,298.540283203125,301.9314201666019,298.1413312847301,299.1486795520131,20607900
2026-07-02,296.8048095703125,301.44272096553317,294.2116067559685,299.7571208733605,21178900
2026-07-06,298.1213684082031,299.62744464383456,296.84470398720293,296.9743702112084,18581300
2026-07-07,295.4184265136719,299.1885783837519,294.4110478267987,298.39067456160745,18057100
2026-07-08,292.71551513671875,294.33129027470113,289.9227906870725,293.2640702481783,24078400
2026-07-09,296.4656982421875,297.10404569161597,294.1317974516179,294.50082875415796,16466800
2026-07-10,295.21893310546875,297.4331511989585,292.8551118512188,296.9145167622966,15888500
2026-07-13,292.71551513671875,295.0095116149265,291.837802607918,294.2913859493697,19375500
2026-07-14,293.7428283691406,295.2987622250899,292.9847983846232,294.7202560459324,18326900
2026-07-15,294.99951171875,296.36596845307184,293.3837366695276,294.48087727025893,18832700
2026-07-16,294.82000732421875,297.0342256139314,293.58324716822716,293.8824535162631,24081300
2026-07-17,293.2740478515625,295.3585998451545,290.88030582875376,291.2692740688956,28738500
2026-07-20,291.5485534667969,295.21896005690115,291.4188872362739,294.24153235864907,20539900
2026-07-21,295.7675476074219,295.9769920530187,291.9175867439841,292.6656330591981,18190200
2026-07-22,293.0246887207031,295.66777941148257,292.6456737465385,294.9297168437389,19116000
2026-07-23,291.3291015625,292.24671835420014,289.4141202100263,290.11227844637574,27795100
2026-07-24,290.4115295410156,293.20422350039564,289.72332452279676,292.64568470851964,19771000
2026-07-27,292.14697265625,294.75015899199474,290.3516433961449,293.21419260975875,19445500
2026-07-28,292.60577392578125,293.00472584859,289.623572538041,292.3963294929708,20531100
2026-07-29,287.81829833984375,292.90501920819605,287.50910830782595,291.7280699102995,33297400
2026-07-30,291.82781982421875,292.07716859167215,288.20727085070195,290.3915684886405,22198800
2026-07-31,290.4414367675781,293.18427302317207,287.0801900427359,292.7952743621004,28350700
2026-08-03,295.4483642578125,295.8872205168335,291.6383078445307,292.1370053717744,23175700
2026-08-04,300.9240417480469,301.60229349185295,296.44574786649156,296.81477915231056,20751800
2026-08-05,298.9891052246094,302.2705434842033,298.96916828118236,301.64217972831494,17791000
2026-08-06,297.47308349609375,300.5949349758861,297.1738771464354,298.81957294572106,16314100
2026-08-07,300.7744445800781,301.2432214644574,299.0190195767717,299.67730395301163,18416800
2026-08-10,299.1985778808594,300.6049085531026,298.3008979859219,299.72719603952544,16226900
2026-08-11,300.2059326171875,301.20332768797846,299.8169643673817,300.1460913479866,14942800
2026-08-12,301.92144775390625,302.61963646573685,300.2159107371652,302.2306377850674,15480600
2026-08-13,302.7093811035156,304.2553311711518,301.9314142246278,303.24798292369326,14719300
2026-08-14,304.2952575683594,304.38501947188735,301.95137307152214,302.489974930772,13163400
2026-08-17,303.2679443359375,303.53723004871455,302.44011981571623,303.16819874073343,14546800
2026-08-18,299.44793701171875,302.3603136115237,299.32822403365566,301.6621553156088,18263700
2026-08-19,300.93402099609375,302.6196209832606,300.4453071856645,302.0910028501188,14995700
2026-08-20,296.89459228515625,299.2584136386498,296.2662285455024,298.49039998437024,21638700
2026-08-21,299.1786193847656,299.5476506939155,297.3933041087117,299.06892053635124,22949600
2026-08-24,297.19378662109375,298.9591647970708,296.6252641712084,298.76965731377567,12868900
2026-08-25,298.4505310058594,298.9990861067238,297.1938035058877,298.81956230332247,14618000
2026-08-26,298.15130615234375,299.1686686217997,297.35340225770756,297.86208349243554,10555700
2026-08-27,299.02899169921875,299.53767288801663,297.36335909908723,297.9916923793861,13658700
2026-08-28,294.9795837402344,299.6075113464717,294.8998055296115,298.91930633228486,19052800
2026-08-31,293.164306640625,294.5806209410895,291.9474835164783,294.3212884994923,20883400
2026-09-01,289.8130798339844,292.17690117407614,289.21463673113163,291.2194104723601,22801600
2026-09-02,293.2441101074219,293.58322075070913,290.4314489366469,290.7805432699978,22395200
2026-09-03,294.4210510253906,295.40846239738454,292.6656259746621,295.01949415069186,16651200
2026-09-04,295.2389221191406,295.4084622343987,292.7952920413761,292.9349419603715,13951100
2026-09-08,293.90240478515625,295.328672362737,293.4934691732053,294.57064240516155,17332400
2026-09-09,289.8829040527344,293.39372357547353,289.55374664986726,292.6955348842431,19141700
2026-09-10,286.9505615234375,289.07498736355427,286.43189662888074,287.728528427192,27044700
2026-09-11,288.1374816894531,290.6808269895633,288.0177687108594,289.9527176173436,26353300
2026-09-14,287.1600036621094,289.0849687442384,286.3122118080798,286.7410843612438,26060900
2026-09-15,285.1400146484375,286.92999267578125,284.0799865722656,286.6199951171875,25300500
2026-09-16,283.9200134277344,287.0400085449219,281.0299987792969,285.6300048828125,27599400
2026-09-17,285.42999267578125,288.2900085449219,285.2099914550781,287.95001220703125,22159600
2026-09-18,284.1000061035156,285.2699890136719,282.5400085449219,284.9200134277344,31106300
2026-09-21,285.5799865722656,286.45001220703125,284.8999938964844,286.2699890136719,18968200
2026-09-22,287.2099914550781,288.94000244140625,286.04998779296875,287.67999267578125,25684300
2026-09-23,281.9200134277344,286.17999267578125,281.8399963378906,285.989990234375,24351400
2026-09-24,281.6600036621094,282.239990234375,279.04998779296875,281.3299865722656,27307900
2026-09-25,281.9700012207031,283.5199890136719,280.4599914550781,282.3399963378906,22604100
