Price,Close,High,Low,Open,Volume
Ticker,JPM,JPM,JPM,JPM,JPM
Date,,,,,
2012-01-03,23.568761825561523,23.710254634889488,22.915196129722915,22.948887096928562,44102800
2012-01-04,23.718059539794922,23.853785717186955,23.297310719764987,23.371957658007165,36571200
2012-01-05,24.213462829589844,24.37633220469805,23.344819258980642,23.55519241755891,38381400
2012-01-06,23.99630355834961,24.2745411326583,23.84700446377736,24.220249611445766,33160600
2012-01-09,23.955583572387695,24.213463106143433,23.745210411406656,24.050591140412948,23001800
2012-01-10,24.46454620361328,24.66813414678781,24.26774340341474,24.478119078326404,35972800
2012-01-11,24.878511428833008,24.932802931192686,24.199883181904926,24.29489072227305,29852900
2012-01-12,25.007448196411133,25.143174354499404,24.545980812167702,24.987090178764294,39420700
2012-01-13,24.376327514648438,24.376327514648438,23.8402131202411,23.92843293613354,61571500
2012-01-17,23.690914154052734,24.213458262422666,23.412676651025787,23.65019552357505,55115100
2012-01-18,24.797088623046875,24.892096208851548,23.43304374467249,23.439831480094284,55502100
2012-01-19,25.061750411987305,25.21104950860338,24.912451315371225,25.000673744168203,37000400
2012-01-20,25.35355567932129,25.38070143474093,24.85136955910477,24.959949992021624,34716500
2012-01-23,25.557147979736328,25.74716312221189,25.292483291641886,25.319629051641872,27499200
2012-01-24,25.557147979736328,25.713232216592992,24.97352708354748,25.231406626023006,25403800
2012-01-25,25.516429901123047,25.665728995645527,25.190688540243094,25.353560515064178,29860700
2012-01-26,25.44178009033203,25.855741243600203,25.27890813377061,25.706444754577653,33284600
2012-01-27,25.251758575439453,25.557141830051044,25.21104253399893,25.26533145217347,27674600
2012-01-30,25.116037368774414,25.224617815379368,24.674930437025175,24.878518450814212,24423600
2012-01-31,25.312843322753906,25.475715306895715,25.061751494765883,25.46892757197686,29649500
2012-02-01,25.516429901123047,25.80824035563759,25.44856808839222,25.713232782309547,41957800
2012-02-02,25.482505798339844,25.896469697303996,25.394283347225457,25.577513397033993,26784200
2012-02-03,25.977893829345703,26.127192902908973,25.82180961096676,25.97110868453003,41074400
2012-02-06,25.882888793945312,26.005042122636908,25.658942750518793,25.82859986383911,23106200
2012-02-07,25.699657440185547,25.869314544523007,25.584291851841815,25.692872295067314,21091900
2012-02-08,25.9914608001709,26.02539169406084,25.767514829488253,25.82180374195991,23258700
2012-02-09,25.6928653717041,26.24934031687874,25.679292496363104,26.195048815514742,28608400
2012-02-10,25.52321434020996,25.631794779817188,25.18390014284213,25.258549680464952,22618800
2012-02-13,25.9914608001709,26.018606550787357,25.638573808440693,25.842164349302887,24828000
2012-02-14,25.73358917236328,25.964322945246295,25.407847832192335,25.94396492047375,27031900
2012-02-15,25.380701065063477,26.059329408099806,25.319624410639737,25.842168545429114,26534900
2012-02-16,25.787883758544922,25.869318456086866,25.14318614682883,25.211050552082412,22139600
2012-02-17,26.106836318969727,26.222201908529193,25.94396435803413,26.19505615024626,28009300
2012-02-21,26.100038528442383,26.446140341288686,26.066107638043587,26.2289795362232,22804200
2012-02-22,25.83538246154785,26.052543338081463,25.72001687847268,25.99146667975877,23416900
2012-02-23,26.12041473388672,26.140772762532457,25.618228454270664,25.828604242405945,31361400
2012-02-24,25.977893829345703,26.24934621968586,25.91681717095726,26.235773341292667,17586400
2012-02-27,26.507225036621094,26.622590616795605,25.645366696964896,25.835381811963753,34030400
2012-02-28,26.60902214050293,26.839755927782416,26.364715472940862,26.55473320813481,37900900
2012-02-29,26.62938117980957,27.10441901778382,26.48008209429649,26.690457843086556,41187700
2012-03-01,27.396228790283203,27.450520306884773,26.785464761087518,26.812607930626307,44376700
2012-03-02,27.572668075561523,27.74232514761855,27.301215724765687,27.436941900163607,34897900
2012-03-05,27.416593551635742,27.626966738392184,27.145141105079986,27.620181592171363,30806900
2012-03-06,26.683664321899414,27.056909365971894,26.547938145301742,26.77188672500213,33927500
2012-03-07,27.1112117767334,27.18586133332559,26.724393700539803,26.778682639757964,22875100
2012-03-08,27.44374656677246,27.654122417733326,27.294449997514306,27.46410719026114,22052300
2012-03-09,27.844118118286133,28.12235561571405,27.48444595030313,27.654103024070434,33494200
2012-03-12,27.511600494384766,27.810196107673445,27.280866696782773,27.728761411096958,30763800
2012-03-13,29.44568634033203,29.676420103632257,27.70161153108931,27.83733773104743,77277600
2012-03-14,29.574626922607422,29.859649608078826,29.228524988807116,29.60177009115572,68028700
2012-03-15,30.334686279296875,30.483982748637874,29.133513847886338,29.61533933152084,57117700
2012-03-16,30.246458053588867,30.48397688326822,30.00893922390951,30.450045991708468,48844500
2012-03-19,30.53826332092285,30.775782111247988,30.00214652131965,30.158230667641977,41509300
2012-03-20,30.796159744262695,30.945456242702843,30.110743560981586,30.219324009284463,34796200
2012-03-21,30.61971092224121,30.992956003023924,30.443268687443446,30.897948446689607,27267900
2012-03-22,30.300769805908203,30.60615062284154,30.137897793282647,30.3482736035984,27457200
2012-03-23,30.646854400634766,30.707931052134224,30.158241188639096,30.165028921451015,30639300
2012-03-26,31.3322696685791,31.3322696685791,30.809728117328085,30.864017039157588,33529400
2012-03-27,31.14225959777832,31.54943822680784,31.10154354700886,31.16261762316305,33026400
2012-03-28,31.40012550354004,31.427271251441244,30.782573976973154,31.054023689702188,29755800
2012-03-29,30.992952346801758,31.230473798379023,30.72150258769246,31.162609417030612,32262300
2012-03-30,31.20333480834961,31.30513010805298,30.877593473565632,31.271199204405857,25945800
2012-04-02,31.30512237548828,31.45441883241084,30.850440094887855,31.04724291169642,27669300
2012-04-03,31.025074005126953,31.414426752353116,30.717694234450505,31.243659054995856,31036400
2012-04-04,30.335166931152344,30.64254923941213,30.02778462289256,30.519596316108217,41342900
2012-04-05,30.2873477935791,30.553744886788774,29.92532124185389,30.14390360580579,28832300
2012-04-09,29.979961395263672,30.246358451732853,29.419843839172835,29.501811562923287,29376400
2012-04-10,29.34470558166504,30.06192902508106,29.13978497007574,29.973131743673434,38841000
2012-04-11,30.06194496154785,30.19855964359867,29.76139474560271,29.775056474378626,32142200
2012-04-12,30.62889289855957,30.731354554561605,30.05511335750613,30.13708111888286,33631100
2012-04-13,29.515485763549805,30.704029986125235,29.413026716969135,30.704029986125235,58183900
2012-04-16,29.597455978393555,29.918497449576872,29.262750174218723,29.6316089937482,40387600
2012-04-17,29.986812591552734,30.055118637080838,29.481338995235497,29.843365726809942,26887000
2012-04-18,29.57012939453125,29.993632472668814,29.556467668693553,29.795541356583847,20242900
2012-04-19,29.522319793701172,29.843361286769625,29.21493742313927,29.67259359264726,25961800
2012-04-20,29.180761337280273,29.768202157586767,29.17392917571978,29.72038484378181,26178100
2012-04-23,29.26958465576172,29.344722865598875,28.552360789903474,28.634328561676522,25536300
2012-04-24,29.563304901123047,29.583798798052122,29.242263380596604,29.358384171791425,21420400
2012-04-25,29.481327056884766,29.97996828330117,29.358374140156606,29.816032798135325,31694000
2012-04-26,29.918495178222656,29.97997164347706,29.41302433564897,29.522315539911485,28100300
2012-04-27,29.604290008544922,30.04828709230974,29.52915179999625,30.01413146609057,26242900
2012-04-30,29.358388900756836,29.624786152369296,29.05783862303924,29.597465294910506,23518000
2012-05-01,29.911664962768555,30.219047282307677,29.344715061651083,29.37203851354518,26359700
2012-05-02,29.508642196655273,29.734054076709015,29.262736432446236,29.68623935652468,22462200
2012-05-03,29.378860473632812,29.638427988063512,29.146616404027895,29.631598429710625,19536400
2012-05-04,28.51820945739746,29.153465589096776,28.490885996619102,28.91439182155774,31279900
2012-05-07,28.538686752319336,28.962192369534673,28.258627930977507,28.299613102042418,25910100
2012-05-08,28.26545524597168,28.579667019769055,27.971734751337245,28.34742296833036,28049700
2012-05-09,27.759986877441406,28.019554417370543,27.404789876935055,27.81463377246117,38769900
2012-05-10,27.82830047607422,28.279127017832934,27.691685819785068,28.16300364798941,35827100
2012-05-11,25.246288299560547,25.949852776871253,25.014044195481695,25.369241213820377,217294200
2012-05-14,24.447101593017578,24.911589889152353,24.426607699620927,24.658851847688315,96488500
2012-05-15,24.754484176635742,25.458046188312153,24.67251381367125,24.72032855587986,89903700
2012-05-16,24.2216854095459,25.259953143919276,24.221685409545902,25.13017065426304,68729600
2012-05-17,23.176591873168945,23.975783438453547,23.142438855164244,23.934800859131208,95429200
2012-05-18,22.876039505004883,23.217574864194095,22.52084241876314,23.217574864194095,82650100
2012-05-21,22.206621170043945,23.02630630453101,22.035853542263606,22.896523845472547,99554800
2012-05-22,23.231231689453125,23.620584357698068,22.534501918592266,22.75991387841013,84721000
2012-05-23,23.402006149291992,23.511297380945983,22.684782278705907,22.964841222676036,52512900
2012-05-24,23.20391082763672,23.552275712825143,22.964834536574937,23.524952261439612,37843800
2012-05-25,22.882862091064453,23.31319724207652,22.73941790929617,23.22439734615497,28796400
2012-05-29,22.971662521362305,23.224397886410504,22.78723316663829,23.210736163204214,35855200
2012-05-30,22.514009475708008,22.841883096533902,22.507179915271347,22.74625361617317,34203600
2012-05-31,22.6437931060791,22.86237550577979,22.479855003449718,22.514008014832747,42124900
2012-06-01,21.810440063476562,22.302251630018578,21.701148893768007,22.138313572602232,50472200
2012-06-04,21.17518424987793,21.974375436956535,21.059062219619296,21.967545878870887,60492400
2012-06-05,21.851430892944336,21.94706167406788,21.07956159793829,21.100052884508106,46502800
2012-06-06,22.58915138244629,22.753089522662727,22.042695257905393,22.343245474975802,47980500
2012-06-07,22.41154670715332,23.10827901265994,22.404714542145154,23.06729383973338,53888800
2012-06-08,23.005815505981445,23.005815505981445,22.233945082612536,22.38422143204027,34238200
2012-06-11,22.418380737304688,23.52495456992867,22.391057283237924,23.477139828165832,46404900
2012-06-12,23.06730079650879,23.074130357869176,22.20663014543718,22.459368212812006,43334400
2012-06-13,23.4293270111084,23.955291819415322,22.971670843579897,23.01265342233874,72456600
2012-06-14,23.668397903442383,23.8323333922022,23.272215695142197,23.50445980897495,44428000
2012-06-15,23.927961349487305,23.955284797789794,23.504458323628512,23.83233188613604,40917100
2012-06-18,23.647911071777344,24.112399438088882,23.565943302930716,23.709387549839413,31084400
2012-06-19,24.16704559326172,24.337813292976698,23.72304853171946,23.900648398619687,32489000
2012-06-20,24.897926330566406,25.232629498163398,24.474423246670945,24.611035295489746,61149700
2012-06-21,24.255828857421875,25.2940961823843,24.201184580164274,24.92524014520179,95637000
2012-06-22,24.583715438842773,24.925250786054935,24.563221546128666,24.60420672584897,44193500
2012-06-25,24.126054763793945,24.22851640193879,23.661566520763987,24.085069587394464,33115800
2012-06-26,24.39244842529297,24.672507243236943,24.30365113095738,24.63152467837662,35053600
2012-06-27,25.12333869934082,25.15066215182671,24.249009065455148,24.34463854344791,34156800
2012-06-28,24.50857925415039,24.542732270529047,23.805014609351122,24.126058695868345,69904800
2012-06-29,24.4061222076416,25.137007840123886,24.07824849822317,25.06870179446911,56063200
2012-07-02,24.78179168701172,24.83643856624227,24.310474079328007,24.77496212996121,34274900
2012-07-03,24.712923049926758,24.892001041060652,24.47874252156176,24.768022959724266,26705900
2012-07-05,23.67978286743164,24.56140276919592,23.569580379711105,24.52696498442723,58519800
2012-07-06,23.349172592163086,23.500699352382778,23.232080985130253,23.362945602464134,32057200
2012-07-09,23.39048957824707,23.500692018303237,23.101209158387167,23.287176268625714,30545000
2012-07-10,23.590229034423828,23.72798272215525,23.287173023361145,23.569566900865684,33175500
2012-07-11,23.824430465698242,23.969070782662932,23.500709408975517,23.56269849159401,35144300
2012-07-12,23.44559669494629,23.81064185634463,23.37671851430155,23.645339477665132,39301500
2012-07-13,24.843791961669922,24.933332286548637,24.010385646649542,24.148139386285862,83001000
2012-07-16,24.16880226135254,24.69226333494108,23.920846047966446,24.63027428159456,52368300
2012-07-17,24.09992218017578,24.43741603038515,23.604009846474593,24.40986476130539,43998300
2012-07-18,24.079259872436523,24.265227016556267,23.86574408385874,23.93461963615469,28944900
2012-07-19,23.73487663269043,24.223899880717006,23.63156330521892,24.12058655324549,34384700
2012-07-20,23.349172592163086,23.507588484967542,23.349172592163086,23.452485934026388,36301200
2012-07-23,23.721101760864258,23.762428669644212,22.798155150916948,22.894584604736846,41248300
2012-07-24,23.920841217041016,24.03104366435292,23.56957173730731,23.8175279006175,29920400
2012-07-25,24.223896026611328,24.4167522699217,23.962166870045074,24.0930314483282,32127700
2012-07-26,24.664703369140625,24.754241028213396,24.340982613842836,24.644038609219052,28900500
2012-07-27,25.40857696533203,25.622095368231047,24.45807916290362,24.802462158101793,63636200
2012-07-30,24.892004013061523,25.153735841291752,24.754250280970144,25.139960205339225,30698200
2012-07-31,24.79557991027832,25.02287398729095,24.733590855405257,24.871344602615864,19681600
2012-08-01,24.79557991027832,25.071087404699533,24.671601800532194,24.926444525039592,22180200
2012-08-02,24.223896026611328,24.685370557016967,23.941502105891505,24.53384121458027,36675000
2012-08-03,24.857572555541992,24.995326322649547,24.451200387663718,24.67160536406198,24516300
2012-08-06,25.00221061706543,25.346593690654302,24.871345994978018,24.96088632979274,18979200
2012-08-07,25.491233825683594,26.083573129734503,25.18817766829132,25.18817766829132,37225800
2012-08-08,25.59455108642578,25.81495605333779,25.312157058355115,25.3810326252272,18672400
2012-08-09,25.429244995117188,25.663425591198774,25.20195353189837,25.291493867073953,23406700
2012-08-10,25.463682174682617,25.484344315781396,25.07108572920179,25.31903930468914,15492700
2012-08-13,25.47746467590332,25.546340249746493,25.243284046427913,25.394810834369842,14453500
2012-08-14,25.553224563598633,25.92515893628181,25.47057335659165,25.773629533906924,18065100
2012-08-15,25.532554626464844,25.76673516437752,25.449903444682043,25.532554626464844,17521300
2012-08-16,25.553224563598633,25.725416110866643,25.346595232363924,25.608327119892955,15894100
2012-08-17,25.4705753326416,25.622104746772393,25.346597198795443,25.622104746772393,17079800
2012-08-20,25.739198684692383,25.828739049077708,25.34660206134122,25.42925329061641,17922100
2012-08-21,26.200666427612305,26.76545449169628,25.87005897259494,25.918272395570316,36880600
2012-08-22,26.056026458740234,26.297093576393177,25.87005927050745,26.09046424305715,16899400
2012-08-23,25.642765045166016,26.097350627361205,25.62210290015903,26.042250698197748,16429500
2012-08-24,25.601438522338867,25.787405712571744,25.25705542059677,25.443022610829647,20019300
2012-08-27,25.642765045166016,25.787405315083912,25.415473567785675,25.69786760176398,17618200
2012-08-28,25.573888778686523,25.821845021739158,25.415472873943884,25.553224006809177,18050500
2012-08-29,25.690975189208984,25.82184243070767,25.525672795383734,25.70475082660012,13681900
2012-08-30,25.415470123291016,25.5738860108887,25.284602882824206,25.525672594116976,13700700
2012-08-31,25.580772399902344,25.759853056329433,25.3879187336893,25.580772399902344,16771600
2012-09-04,25.491233825683594,25.64965235089804,25.332817927903474,25.470571682148808,13631400
2012-09-05,25.560104370117188,25.684082449106022,25.443012794435045,25.539442232763562,13537500
2012-09-06,26.648353576660156,26.772331657468865,25.828723044587985,25.883825581584556,41346800
2012-09-07,27.068506240844727,27.226922122912846,26.861876943687786,26.88942821729113,28082400
2012-09-10,26.696577072143555,27.399118919757147,26.67591492667787,27.020298030757008,20853500
2012-09-11,27.275136947631836,27.29580171761937,26.675911166677384,26.72412458425796,22378900
2012-09-12,27.49555015563965,27.72284430176703,27.406012426045518,27.468001499767986,29882200
2012-09-13,28.514925003051758,28.638903143472973,27.268257092120606,27.44044866187953,47018600
2012-09-14,28.632003784179688,28.990162436663834,28.397823227841357,28.90062211668432,43471600
2012-09-17,28.370277404785156,28.542468946122018,28.204974996465033,28.239412779245527,19740100
2012-09-18,28.418485641479492,28.466701681496904,28.005227068639922,28.273845403729034,25186600
2012-09-19,28.47358512878418,28.76286557322678,28.266955864548944,28.466698625197584,22887200
2012-09-20,28.411598205566406,28.432260345300715,27.92946146810639,28.211855430021938,20997400
2012-09-21,28.156757354736328,28.721545315471765,28.080992667514792,28.604453718647388,28287400
2012-09-24,28.397829055786133,28.563134093716585,27.957019124550854,27.970794763331263,20499500
2012-09-25,27.929460525512695,28.618226519372115,27.915684890343456,28.618226519372115,21988200
2012-09-26,27.715946197509766,27.984564528764505,27.34401191080294,27.653957149725294,23782700
2012-09-27,28.018999099731445,28.232517490439307,27.69527826194969,27.82614547421053,20843400
2012-09-28,27.881248474121094,27.984564429205612,27.66084355554574,27.83992156660051,21380700
2012-10-01,28.21874237060547,28.58378749054938,28.101650790523266,28.15675332878163,21956400
2012-10-02,28.184316635131836,28.404724275412516,27.93636296625671,28.335846066751365,26946100
2012-10-03,28.350833892822266,28.447972888948804,28.045536880036988,28.330019149892042,22419100
2012-10-04,29.016931533813477,29.13488791726557,28.385525425233183,28.558988670962265,24326500
2012-10-05,28.94060707092285,29.44711942713338,28.76714382646011,29.169579824096424,22774400
2012-10-08,28.905925750732422,29.030819545153392,28.52430699970837,28.67695555885401,18631300
2012-10-09,28.711631774902344,29.107127689043583,28.656122276224973,28.98223396385808,19947500
2012-10-10,28.982242584228516,29.14182847013472,28.676948191213086,28.829594064301116,25797600
2012-10-11,29.211196899414062,29.58587798352454,29.037733728641204,29.3985374414693,27755000
2012-10-12,28.878154754638672,29.44017651364088,28.552045716358087,28.86427738007631,44564000
2012-10-15,29.40549087524414,29.42630561825146,28.95448536659853,29.079379118320723,26268000
2012-10-16,29.71772575378418,29.912003750020588,29.329167114472185,29.68997099808207,28588100
2012-10-17,30.057714462280273,30.210362983052025,29.676095807190276,29.78711219134081,26177500
2012-10-18,29.842605590820312,30.078515631519366,29.662205040562537,29.89811508126159,23630400
2012-10-19,29.363866806030273,29.71079340123086,29.18346614113551,29.69691601980205,29747500
2012-10-22,29.204269409179688,29.502626375510342,28.794896081900795,29.315285770127918,27993000
2012-10-23,28.676942825317383,28.96142242032653,28.482662205351932,28.774081811880674,22896400
2012-10-24,28.94060707092285,29.05856345351383,28.683882210232927,28.919792328575824,18918900
2012-10-25,28.912853240966797,29.33610399448228,28.725515260175847,29.308351886078636,17311700
2012-10-26,28.558990478515625,28.90591699193143,28.35777246549304,28.739391100882578,21892700
2012-10-31,28.9197940826416,28.996118338328735,28.552052829064554,28.760208205677234,19423500
2012-11-01,29.724653244018555,29.766285363740494,28.85039990456432,28.93366149716989,23325400
2012-11-02,29.433231353759766,29.88423668420074,29.370787149411235,29.863421949417898,17029200
2012-11-05,29.32916831970215,29.39161519917845,29.044688679163293,29.370800454966115,13252500
2012-11-06,29.752418518066406,29.870372262091074,29.42630674861593,29.537323126984713,17190900
2012-11-07,28.087162017822266,29.14875599230697,27.969208308141067,29.14875599230697,47631200
2012-11-08,28.031658172607422,28.79489530261596,28.031658172607425,28.64224681787875,27830900
2012-11-09,28.184309005737305,28.60755977254965,27.656981873753562,27.96921626294621,27553200
2012-11-12,28.156551361083984,28.385521436918555,27.962270753314286,28.34388931093104,12816000
2012-11-13,27.781877517700195,28.114926673195857,27.75412275969904,27.879016523864838,19793500
2012-11-14,27.26148223876953,28.01084202636879,27.150465875908942,27.8998256635082,30986600
2012-11-15,27.33087158203125,27.559844362080618,27.039454567611358,27.101901448821245,24858700
2012-11-16,27.42800521850586,27.525144204300013,26.942310289535097,27.358620984892568,32458000
2012-11-19,28.163488388061523,28.239812628038607,27.816561949502915,27.816561949502915,26781200
2012-11-20,28.23981475830078,28.572863846819867,27.92758041067699,27.983089915516274,19375900
2012-11-21,28.260650634765625,28.434113996859825,27.99698558326701,28.406359223682948,13030200
2012-11-23,28.510412216186523,28.60061382306767,28.427150619670776,28.51734957971349,8316700
2012-11-26,28.364707946777344,28.36470794677734,27.816563507904092,28.302261078464706,20376600
2012-11-27,28.27450942993164,28.586743805764964,28.198185177301372,28.357771047874156,19875000
2012-11-28,28.33002471923828,28.36471684655509,27.670863712860374,28.094114547908493,26106900
2012-11-29,28.600608825683594,28.690807769965847,28.38551353819321,28.552039348966083,18915000
2012-11-30,28.50347328186035,28.683873838842505,28.34388481431216,28.44102642620532,20066600
2012-12-03,28.31614112854004,28.704697104212133,28.274508996787002,28.635312864796138,18955500
2012-12-04,28.149606704711914,28.392454115800632,27.89288192058409,28.295315151365145,24031100
2012-12-05,28.586748123168945,28.787966156522135,28.1010504259452,28.232881561500992,25515600
2012-12-06,28.774078369140625,28.829585220461745,28.524290921099198,28.621429896040073,20541700
2012-12-07,29.530385971069336,29.537323336774488,28.954486684488934,29.030810941441928,34552900
2012-12-10,29.35693359375,29.60671855430208,29.148775489696234,29.516519532508372,22394500
2012-12-11,29.58588218688965,29.89811646800855,29.43323372793412,29.55812744038168,21955000
2012-12-12,29.676084518432617,30.099335149139645,29.627515034270008,29.835670344515233,23110600
2012-12-13,29.683029174804688,29.780168166996535,29.488751190420988,29.592830194534553,18457000
2012-12-14,29.703859329223633,29.91201478006836,29.634472414381946,29.67610456328696,16208600
2012-12-17,30.168733596801758,30.18954834359028,29.703853272927297,29.835684413987302,23879800
2012-12-18,30.43934440612793,30.487913926778855,30.050788240920525,30.411592284927657,33858600
2012-12-19,30.20340919494629,30.8001229801694,30.12708496937056,30.522583469793698,34348500
2012-12-20,30.897258758544922,30.9041987675214,30.12014450396681,30.314422405901862,25014900
2012-12-21,30.52952766418457,30.66829877384407,30.071584855095352,30.404633930174896,38973500
2012-12-24,30.474021911621094,30.54340879840876,30.32831341962564,30.335253431723956,8621200
2012-12-26,30.501773834228516,30.65442232414878,30.33525061507809,30.494836469613432,11498900
2012-12-27,30.272809982299805,30.543412254291685,29.76629756221563,30.501780117508552,19567000
2012-12-28,30.002201080322266,30.31443277325989,29.898122084783854,29.90505944929497,15401200
2012-12-31,30.508716583251953,30.529531325803767,29.87037046099246,29.905062580858512,24209600
2013-01-02,31.200349807739258,31.437880567516938,30.892958157153735,31.42390785635094,31413000
2013-01-03,31.137470245361328,31.263221965911995,30.878981782016886,31.25623694366889,24227700
2013-01-04,31.68938446044922,31.738287617670352,31.04665306336515,31.053640751552276,24487700
2013-01-07,31.724308013916016,31.780198847181474,31.451846864300943,31.500750010897413,24456900
2013-01-08,31.787199020385742,31.787199020385742,31.40994371108776,31.717338110525915,19624200
2013-01-09,31.766233444213867,32.27622542244786,31.535687701507175,31.829109313586397,25920600
2013-01-10,32.24129104614258,32.24827606854489,31.80814503658612,32.0596484834197,23413600
2013-01-11,32.234310150146484,32.24129783904293,31.766236264938357,32.11554608913157,19723900
2013-01-14,32.05266189575195,32.26224720287105,31.773213042911983,32.05964691781316,19079500
2013-01-15,32.38101577758789,32.46485204421897,31.682396212461747,31.780205190198007,29898000
2013-01-16,32.70936965942383,32.71635734787917,31.83609515406753,32.07362592612534,43453600
2013-01-17,32.44388961791992,32.744296225356194,32.33909828871177,32.415946862477604,41086800
2013-01-18,32.45786666870117,32.555672988383755,32.262254029336,32.4019784853207,28679100
2013-01-22,32.51375198364258,32.52073700599299,32.22731809688171,32.3111516901961,24257300
2013-01-23,32.297176361083984,32.44388580374109,32.080603375479456,32.297176361083984,19105100
2013-01-24,32.394996643066406,32.69540334488991,32.19239894359936,32.30417799555535,20008200
2013-01-25,32.9468994140625,32.9468994140625,32.56265917657574,32.65348046853443,26009100
2013-01-28,32.5836181640625,32.83512164991221,32.47183913313178,32.723342618981484,19706800
2013-01-29,32.91896057128906,32.946905999788825,32.31116215904422,32.332119897907674,19907400
2013-01-30,32.92593002319336,33.07962446476496,32.8071633503658,32.8630541764073,18631300
2013-01-31,32.87004470825195,32.98881140099233,32.75128068053329,32.84209929054578,19536000
2013-02-01,33.42893981933594,33.5337338034805,32.98182379502634,33.11456319694569,24520000
2013-02-04,33.3101806640625,33.40100195260535,33.10059533013617,33.21237435256502,20822600
2013-02-05,34.08564758300781,34.09263260571343,33.484834359487536,33.491819382193164,28067500
2013-02-06,33.959896087646484,34.11359323844723,33.75729578250406,33.82715667012874,28282600
2013-02-07,33.69441604614258,34.05769848309823,33.463873011452904,33.987837603500566,21429600
2013-02-08,33.9738655090332,34.015780971541204,33.715374386798935,33.764280201427894,15218300
2013-02-11,33.99482727050781,34.16249713548305,33.799214648888444,33.89003327177053,13935900
2013-02-12,34.330162048339844,34.44892874999793,33.9529068760451,34.09263131004558,16388000
2013-02-13,34.008792877197266,34.54673013930216,33.88304117098981,34.4768665997305,21635600
2013-02-14,34.38605499267578,34.43495814781596,33.792226778081705,33.81318717672898,18017800
2013-02-15,34.14852523803711,34.553723201760405,33.93195221249845,34.47687462285888,20016200
2013-02-19,34.5467414855957,34.70742368185158,34.316195726822656,34.316195726822656,20445900
2013-02-20,33.959896087646484,34.60961246963977,33.78524120356274,34.47687305212202,24786700
2013-02-21,33.708377838134766,33.84810221710012,33.414959040826304,33.820156808302876,24437700
2013-02-22,34.16948318481445,34.16948318481445,33.82017339855995,33.97387055731903,23584100
2013-02-25,33.32415008544922,34.37207931665818,33.28921964407996,34.3022157688978,32775500
2013-02-26,33.25429916381836,33.71538809401758,32.73033434927276,33.68744532932585,39401400
2013-02-27,34.42797088623047,34.51180715181352,33.366068840710746,33.42894470738698,31921200
2013-02-28,34.17647171020508,34.61660283219493,34.0577076499187,34.344141597399165,24711500
2013-03-01,34.16948318481445,34.52577799418429,33.79222797605427,33.95291015792868,25923400
2013-03-04,34.30221176147461,34.33015717731398,33.76427716418517,34.043723327514265,17695200
2013-03-05,34.57468032836914,35.0078236734253,34.44892860480091,34.57468032836914,25561100
2013-03-06,34.95193099975586,35.06371000761451,34.6654971255542,34.84713967896311,19607900
2013-03-07,35.37111282348633,35.531795019539345,34.937966731493944,34.96591215646553,24245400
2013-03-08,35.07069396972656,35.52479497497402,34.65850842233554,35.34315510587933,32711900
2013-03-11,35.26630783081055,35.46890810123343,34.86809497654299,35.09165297665735,19473000
2013-03-12,35.1265869140625,35.399048087282694,34.96590475203577,35.175490064895776,18003400
2013-03-13,35.04275131225586,35.23137888251881,35.00782087295272,35.13357258646136,16680200
2013-03-14,35.62959289550781,35.62959289550781,35.063710166583085,35.10562829410328,26378700
2013-03-15,34.94493865966797,35.13356619561932,34.337140598283284,34.91000822671872,60880800
2013-03-18,34.58864974975586,34.69344373918118,34.197424541281286,34.36509172633557,28011400
2013-03-19,34.3720817565918,34.923991830478265,34.008799277515465,34.686461081275354,24411500
2013-03-20,34.316184997558594,34.67946741399712,34.260296830041206,34.63056426803632,19385300
2013-03-21,33.77825927734375,34.39304532038873,33.77825927734375,34.08565363137748,23535900
2013-03-22,34.078670501708984,34.23236769928861,33.771278771572575,33.97387913837793,22791500
2013-03-25,33.89702606201172,34.455921254352795,33.64552255920261,34.26030860328904,23581400
2013-03-26,33.980857849121094,34.211403602651785,33.75729978419443,34.05072141004965,16417500
2013-03-27,33.373046875,33.75030196593036,33.22633745020086,33.673453410553286,26530100
2013-03-28,33.156490325927734,33.48484243776998,33.03073856671252,33.42196655816237,27506700
2013-04-01,33.41497802734375,33.52675706102513,33.177447247643016,33.219362719634546,17442200
2013-04-02,33.72935104370117,33.79921459776104,33.44990482252795,33.54072344527265,17273700
2013-04-03,32.934974670410156,33.79262057458072,32.71001880729745,33.76450042127027,33467400
2013-04-04,33.3848762512207,33.420025088511196,32.97011353515032,33.012291067225156,21514000
2013-04-05,33.68012619018555,33.77151530295793,32.86466091433779,32.89278105391146,22961500
2013-04-08,34.15113830566406,34.158167001601385,33.45517941373692,33.65904645782198,18672300
2013-04-09,34.221435546875,34.41827121077891,34.06677742141633,34.263615767005035,20066700
2013-04-10,34.62214279174805,34.840069935133215,34.362038104387466,34.40421564836288,20388900
2013-04-11,34.664329528808594,34.86819395358263,34.32689570519548,34.59402913950233,22584700
2013-04-12,34.45342254638672,34.854127962404625,34.059751190093316,34.376096159746936,37805900
2013-04-15,33.69419479370117,34.68540717040258,33.67310602452182,34.01756843564693,31527300
2013-04-16,34.0878791809082,34.10896795650832,33.455189096048564,34.04569894802236,23865500
2013-04-17,32.89279556274414,33.869948049630985,32.60457070918986,33.820739124513324,43466300
2013-04-18,32.787349700927734,33.27241298645389,32.37258680256472,32.89982763870318,26106800
2013-04-19,33.202117919921875,33.29350709703626,32.82953519415045,33.145880282864866,19746100
2013-04-22,33.286476135253906,33.38489669429277,32.949042263607325,33.32162767575366,15230100
2013-04-23,33.8629150390625,33.912126643494126,33.31458551035327,33.51845257983727,20568500
2013-04-24,34.24956512451172,34.39016053362295,33.85589100661789,33.96836894291819,16459300
2013-04-25,34.44638442993164,34.889267266330926,34.36905538275415,34.46044450048066,19058800
2013-04-26,34.36204147338867,34.50966825514687,34.172234461834385,34.347981396789976,13929000
2013-04-29,34.390159606933594,34.51669761707239,34.200355273410864,34.50264022188849,13496300
2013-04-30,34.45342254638672,34.62214075743031,34.24955817188548,34.41827370124409,13802600
2013-05-01,33.75043487548828,34.383124814021194,33.63795696215854,34.27767559703738,17686400
2013-05-02,33.79964828491211,33.91915490098132,33.539540917552436,33.91915490098132,15529300
2013-05-03,33.44112777709961,34.235504702672976,33.02636488835091,34.18629577364224,43257900
2013-05-06,33.86994934082031,34.01757612180112,33.44112639271715,33.53954424670435,20829500
2013-05-07,34.54481506347656,34.720561988041815,33.926185138135,34.1441122900026,24291600
2013-05-08,34.98065948486328,35.142348982063034,34.523719184064554,34.60104824402495,23559300
2013-05-09,34.474510192871094,35.01581092970049,34.390149755820104,34.93848186991276,18103100
2013-05-10,34.418270111083984,34.608077073077446,34.193314307614266,34.48153909841514,16199600
2013-05-13,34.917388916015625,34.93848036521237,34.172223859283534,34.333910667474164,23979500
2013-05-14,35.31106948852539,35.44463617718928,34.91036674084863,34.987695811748544,24188400
2013-05-15,35.9156379699707,36.15465387041326,35.25483056601066,35.289979411022955,27467000
2013-05-16,35.83128356933594,36.31634411208554,35.73989441837666,35.76098319102679,21389500
2013-05-17,36.766258239746094,36.7873496954773,36.02812164960349,36.035150347056955,26080300
2013-05-20,36.75924301147461,36.99825903775289,36.49210682170798,36.75221162975932,22020000
2013-05-21,37.27240753173828,37.72934791983124,36.87170476419721,36.9279423847491,37112600
2013-05-22,37.701229095458984,38.636201292224584,37.46221318291171,37.56063102660439,46968300
2013-05-23,37.504390716552734,37.81370700428875,37.01933019490096,37.13180811361812,25294200
2013-05-24,37.72230911254883,37.72230911254883,37.06150182848399,37.1880397929175,18342300
2013-05-28,38.38313293457031,38.41828447003535,37.982430101776785,38.355015460558185,27162300
2013-05-29,38.432334899902344,38.636201969229525,37.898065446915254,38.02460344293314,20482600
2013-05-30,39.10018539428711,39.29702382554022,38.333928492733016,38.383137430124805,24890800
2013-05-31,38.3760986328125,39.24780456035753,38.3760986328125,39.16344410558251,24990100
2013-06-03,38.30580139160156,38.56590609270829,37.28646867859159,38.38312778687145,28279600
2013-06-04,37.989444732666016,38.93847677472638,37.86993546448283,38.34093847886385,22022600
2013-06-05,37.279449462890625,38.1511556852251,37.04746483802102,37.80669041595064,24326000
2013-06-06,37.60983657836914,37.62389665216324,36.745162152668634,37.145864869903384,23940900
2013-06-07,38.15113830566406,38.298765061665556,37.54656852582754,37.79964449707864,21691000
2013-06-10,38.21438980102539,38.55182338096247,37.97537401335949,38.41122538556776,16007000
2013-06-11,37.60280990600586,37.99648126668755,37.33567385291112,37.58171845333718,17600800
2013-06-12,37.3848762512207,38.03162347762158,37.237249516718485,37.89102812001064,18479100
2013-06-13,38.08083724975586,38.13004884922251,37.2372542696772,37.2583430396737,17090200
2013-06-14,37.34973907470703,38.052726809015994,37.19508091501974,37.98945780566077,17185300
2013-06-17,37.85588836669922,38.1441132300937,37.63796388564814,37.7504418157122,16856600
2013-06-18,38.038665771484375,38.15114369886465,37.764500991100284,37.982425466951575,13259100
2013-06-19,37.64500045776367,38.31986817931939,37.62391167949191,37.95431684140784,20840000
2013-06-20,36.89279556274414,37.384887507602215,36.74516878379232,37.314589807630504,31857100
2013-06-21,36.527244567871094,37.244292428466764,36.33743754462351,37.23023235100188,44412200
2013-06-24,35.7961311340332,36.16871642543572,35.22671283339878,35.768013665105876,30736500
2013-06-25,36.61159896850586,36.9490327267156,36.21089353134135,36.21089353134135,20951400
2013-06-26,36.90684127807617,37.11773697761403,36.470989808140025,37.01229046868726,19332000
2013-06-27,37.36379623413086,37.60281215240288,37.17398923888379,37.27943578178649,17093600
2013-06-28,37.1107292175293,37.34974519361913,36.963102412743595,37.34271381338029,18256000
2013-07-01,36.899818420410156,37.70122381443328,36.85763820115667,37.41299902041295,23511100
2013-07-02,37.3884162902832,37.90533915337466,36.90689858469986,37.2255504047536,23935300
2013-07-03,37.36717224121094,37.39549744658047,36.97062746975829,37.041440483182114,10442300
2013-07-05,38.2310791015625,38.238159053582045,37.60793797545301,37.78496648958996,17070200
2013-07-08,38.733829498291016,38.88253276372629,38.273554399097954,38.620531386353655,21786900
2013-07-09,38.868385314941406,39.06665641281787,38.37270486900912,38.995846078216594,20508700
2013-07-10,38.82591247558594,39.05250885947339,38.54974560030876,38.78342464064131,16915000
2013-07-11,39.0453987121582,39.5623215177769,38.627611417036235,39.54107896588191,21322600
2013-07-12,38.925045013427734,39.54818366979157,38.7692589987159,39.307424693074076,32569200
2013-07-15,38.868385314941406,39.30033537923609,38.66303156286014,39.29325542627241,28292000
2013-07-16,38.9533576965332,39.236604433347246,38.79049176829951,38.87546741008837,19222700
2013-07-17,39.13745880126953,39.35697510079961,38.83296958308668,38.981672866039126,19166600
2013-07-18,39.9163932800293,40.02969143427911,39.293254782275866,39.30741468797115,24563100
2013-07-19,39.7676887512207,40.0509354788629,39.590660221754575,40.015527611976886,17762600
2013-07-22,40.05093002319336,40.12882029650594,39.61898003793695,39.77476328580274,15999700
2013-07-23,40.128822326660156,40.28460828364792,39.98720167620665,40.16423019051429,10577100
2013-07-24,40.10051345825195,40.312947207436274,39.92348488372474,40.305864551759846,16665000
2013-07-25,40.008453369140625,40.008453369140625,39.57650326339907,39.973048198442754,13870200
2013-07-26,39.68979263305664,39.810173428236396,39.3711407649229,39.69687528637115,16762300
2013-07-29,39.434871673583984,39.65438800821904,39.21535804018975,39.64022540263863,10049100
2013-07-30,39.17993927001953,39.64729428690144,39.002910813606086,39.562318682930275,14207400
2013-07-31,39.46320724487305,39.845589592206935,39.3074212438315,39.356991726996874,19404900
2013-08-01,40.03677749633789,40.206723391558036,39.796018560408264,39.90931672430213,15979400
2013-08-02,40.001365661621094,40.02260821967388,39.66146852533148,39.84557969925843,11007300
2013-08-05,39.725189208984375,40.065086262349375,39.66145884913346,39.88805778512353,9370200
2013-08-06,39.29326248168945,39.72520992230262,39.16580169552767,39.64731962075184,10588600
2013-08-07,39.1587028503418,39.279083632498605,38.79048325380403,38.98875700654928,12828400
2013-08-08,38.82591247558594,39.463213792303655,38.3302318728664,39.243697363619326,18587100
2013-08-09,38.60636901855469,39.052481518802786,38.47182835395164,38.72674708142477,12652500
2013-08-12,38.30189514160156,38.464761074759274,38.011568443148036,38.26648997373965,15133000
2013-08-13,38.44352340698242,38.733850142385705,37.954922844084116,38.39395562541904,15078100
2013-08-14,38.344383239746094,38.840060995862565,38.23816503415475,38.471844005959234,15785800
2013-08-15,37.73541259765625,38.01157674906143,37.45216579038636,37.89827856640183,16933200
2013-08-16,37.73541259765625,38.08238710025803,37.57962658353364,37.57962658353364,17139000
2013-08-19,36.70155334472656,37.49464034245799,36.68030808589857,37.452152526042795,22793300
2013-08-20,36.90690231323242,37.07685086817698,35.87305648260488,36.666143436118,18701500
2013-08-21,36.5599250793457,36.97771243028839,36.31208356874963,36.765276077994486,17136200
2013-08-22,36.97062683105469,37.28927863285624,36.77235579937382,36.821923557294035,14658500
2013-08-23,37.04851531982422,37.11932562223332,36.75110880821814,37.01311016861967,11126800
2013-08-26,36.68031311035156,37.20431877962053,36.67323315726629,36.93523464128019,16548400
2013-08-27,35.83056640625,36.50327522935202,35.795161247400515,36.12797568331467,23596800
2013-08-28,35.81641387939453,36.14922568260432,35.49776198164812,35.63938534745108,18748100
2013-08-29,35.9013786315918,36.24127301126632,35.72435014001712,35.82348566310048,13576000
2013-08-30,35.781005859375,35.99344225779373,35.611059982129234,35.98635960385123,15863100
2013-09-03,36.205875396728516,36.62366283194078,35.993441702826225,36.290848334041236,15277200
2013-09-04,36.72987747192383,36.89274339015977,36.06425119288463,36.22711711112058,19923800
2013-09-05,36.89981460571289,37.19014118757196,36.75819128989967,36.84316419889157,13913200
2013-09-06,37.218467712402344,37.32468317710332,36.31208007976102,37.11224954646119,22339900
2013-09-09,37.430904388427734,37.66458059077395,37.19014553378111,37.374253974986,19936400
2013-09-10,38.004478454589844,38.1885896139272,37.7424770214843,38.11777929186861,20233200
2013-09-11,37.71415710449219,38.0682141669503,37.57253644050176,37.79205009043154,16028600
2013-09-12,36.99186325073242,38.03278861969761,36.87856515951038,37.834517635368925,21976700
2013-09-13,37.23970413208008,37.38840737891558,36.98478273679652,37.027270536423686,11942900
2013-09-16,37.62917709350586,37.87701861138973,37.515878962863106,37.84869340341891,17055300
2013-09-17,37.59378433227539,37.75665027995863,37.44508099324827,37.66459467431457,13207000
2013-09-18,37.82038497924805,38.14611691174309,37.218488899583654,37.31054181447897,20844500
2013-09-19,37.35300827026367,38.06112217112175,37.19722234767804,37.97614925936603,22452200
2013-09-20,37.3884162902832,37.86285404486107,37.3884162902832,37.494634464047905,30792200
2013-09-23,36.439552307128906,37.091018708256804,36.38998453436539,36.87858501052156,28189500
2013-09-24,35.63229751586914,36.305006379753394,35.61813491122266,36.12089522058981,34906900
2013-09-25,36.60948944091797,36.75111276221308,35.44818306853035,35.56148118531841,39175500
2013-09-26,36.744041442871094,37.21847931034734,36.49620258009761,36.772366656114066,22298700
2013-09-27,36.99186325073242,37.10516134195447,36.38996494635815,36.46785789055573,23026000
2013-09-30,36.60240936279297,36.88565602529909,36.42538087403673,36.630734569291654,21350600
2013-10-01,36.793601989746094,36.88565756408699,36.4324650461633,36.567005730784246,19188000
2013-10-02,37.157405853271484,37.41420540687244,36.58674169034789,36.608140746100844,23841200
2013-10-03,37.05039978027344,37.23586730714607,36.736535216288715,37.093200606738115,18614500
2013-10-04,37.571136474609375,37.578271307311425,37.10033819850535,37.14313903129349,17407200
2013-10-07,36.971946716308594,37.350011272272624,36.971946716308594,37.30007832039593,16159300
2013-10-08,36.28714370727539,37.064674531108714,36.26574465010525,36.97194346927706,19536000
2013-10-09,36.201541900634766,36.622407225665135,35.84487646319009,36.501139561940455,24721200
2013-10-10,37.464141845703125,37.49267573679628,36.650944997539526,36.97907658168596,24328700
2013-10-11,37.45701217651367,38.056210366372596,37.20734739788162,37.778011692713456,32498800
2013-10-14,37.59967803955078,37.692411835620426,36.9220130149962,37.05041281843357,18881600
2013-10-15,37.31433868408203,37.83506989117657,37.22160490932397,37.74233611641852,17566500
2013-10-16,38.519874572753906,38.55554057905586,37.50694584384069,37.52834490339349,24864000
2013-10-17,38.66966247558594,38.72673024641347,38.241665078943754,38.37006484216462,17791000
2013-10-18,38.73386001586914,38.93359448055118,38.37719463317948,38.70532613218015,24796600
2013-10-21,38.712459564208984,39.12618997817927,38.441393121244495,38.712459564208984,19471700
2013-10-22,38.24879837036133,39.004930030319365,38.24879837036133,38.98353097616905,24820900
2013-10-23,37.628196716308594,38.06332890518778,37.606797664770546,38.02766291224409,21034400
2013-10-24,37.43560791015625,37.72807349065975,37.17167622071202,37.69240748740647,17759000
2013-10-25,37.6424674987793,37.74233337766835,37.14313538319293,37.207335265498905,20889600
2013-10-28,37.57827377319336,37.8707393469171,37.44987398754474,37.72807261606957,14836800
2013-10-29,37.61393356323242,37.799401099044516,37.271535098434455,37.685268277445196,23363100
2013-10-30,37.521202087402344,37.977736122829256,37.44987008997319,37.80653551940151,16157200
2013-10-31,36.765071868896484,37.59966763924294,36.765071868896484,37.55686953069667,23738000
2013-11-01,37.45701217651367,37.59967893050713,36.59388226050915,36.70088300628974,25794400
2013-11-04,37.12173843383789,37.635334800259486,37.09320454649745,37.62107057773053,18891300
2013-11-05,37.05754470825195,37.18594450148755,36.85067807235664,36.98620997804233,14532200
2013-11-06,37.16454315185547,37.335743785197664,36.97194618091541,37.278676000369686,14013000
2013-11-07,36.843536376953125,37.33573364224193,36.79360343936474,37.18593482947677,17348900
2013-11-08,38.491329193115234,38.49846402493164,36.950534778836925,36.97193655314511,31183100
2013-11-11,38.591190338134766,38.62685905056175,38.30585968670392,38.45565848279067,12062800
2013-11-12,38.49847412109375,38.5769409648058,38.23453969749107,38.46994022862723,15964800
2013-11-13,38.61973571777344,38.66253655274436,37.913539628173005,38.17747130763993,22121900
2013-11-14,38.80519485473633,38.876526843056205,38.30586277307439,38.705326261491194,17634000
2013-11-15,39.140445709228516,39.204645566249866,38.65538072754277,38.71244847651288,20530100
2013-11-18,39.76105499267578,39.946519780067035,39.447187738588056,39.582722315086194,22318800
2013-11-19,40.05354309082031,40.40307381241535,39.78960861973905,39.92514327276517,22979900
2013-11-20,40.017860412597656,40.26039301538909,39.78246264229082,40.253260904045796,17682800
2013-11-21,40.81678771972656,40.94518747661415,40.146255051282274,40.146255051282274,22843600
2013-11-22,40.98798751831055,41.030788346342554,40.70265682818709,40.83818870191015,16730600
2013-11-25,41.123531341552734,41.47306199159053,40.9523307121473,41.01653060803163,18649600
2013-11-26,40.78112030029297,41.344652282194666,40.78112030029297,41.109254534513084,16263300
2013-11-27,41.002262115478516,41.251929577229326,40.89526410713525,41.07359684218228,11238900
2013-11-29,40.81678771972656,41.26618414769218,40.802520777723394,41.07358723350175,7128800
2013-12-02,40.64558792114258,41.19485295372922,40.588522873169694,40.731186853672405,12465300
2013-12-03,40.55998992919922,40.81678945388489,40.04639087982789,40.58138898254267,20426800
2013-12-04,40.79539108276367,40.995125574816,40.09632716343374,40.26039293541657,20287200
2013-12-05,39.81813049316406,40.474396334062064,39.76819754801482,40.45299455675423,21324900
2013-12-06,39.98933792114258,40.48866745773374,39.67547053112312,40.353135543679265,18661200
2013-12-09,40.31032180786133,40.324588750220286,40.010724181746255,40.14625605244483,12714000
2013-12-10,40.44586944580078,40.709801161722,40.19620195569853,40.29607058442456,14543700
2013-12-11,39.996463775634766,40.495795955235415,39.9179969404079,40.33173017300719,17836100
2013-12-12,40.16765594482422,40.37451979648564,39.88232255329407,39.98218842398735,15325300
2013-12-13,40.06779479980469,40.3459961327652,39.97506374329258,40.21046152208514,11461300
2013-12-16,40.24612045288086,40.61705277719683,40.181923296329764,40.189055406677355,26379200
2013-12-17,39.74679183959961,40.4173217916239,39.70399101328875,40.4173217916239,18338500
2013-12-18,40.8310546875,40.852453739947784,39.51852595493032,39.83239051577532,27685900
2013-12-19,40.82392501831055,41.04505856575127,40.53145947292961,40.731191244075234,16790000
2013-12-20,41.15919876098633,41.37319751424545,40.80253326517387,40.80966537778773,22001700
2013-12-23,41.544403076171875,41.65140110491914,41.23053566110551,41.35180335905628,13990600
2013-12-24,41.551517486572266,41.58005137053816,41.40171867746274,41.42311772986669,4532600
2013-12-26,41.51585006713867,41.701314864268944,41.31611560737432,41.62284804662661,6677000
2013-12-27,41.47305679321289,41.62285562445278,41.41599173799161,41.49445584877821,8943700
2013-12-30,41.337520599365234,41.56578623875149,41.166320009255,41.473052472394244,8815800
2013-12-31,41.71559524536133,41.7655281961042,41.40886270728838,41.51586344238982,11017400
2014-01-02,41.7945671081543,42.002786708155405,41.62224951700345,41.86636838691609,15627600
2014-01-03,42.11766815185547,42.325887762419505,41.79456922838348,41.85201025430688,14214100
2014-01-06,42.36178970336914,42.69924890458529,42.239731623999326,42.47666902351563,17550700
2014-01-07,41.8735466003418,42.67052298112338,41.7227680253125,42.57000393110385,17851200
2014-01-08,42.2684440612793,42.29716457242324,41.85918636376344,42.03150669168845,14687400
2014-01-09,42.189453125,42.36177340840419,41.88071729625322,42.347413156542345,13242500
2014-01-10,41.99560546875,42.18946206260744,41.77302562614601,42.124842285008775,12694900
2014-01-13,41.42839050292969,42.12484510936793,41.306329697531204,42.00996580137223,20711600
2014-01-14,41.457115173339844,42.0602322855523,41.32787559651296,41.8591914221888,30272400
2014-01-15,42.71360397338867,42.82848327958034,41.449928866341615,41.449928866341615,35186600
2014-01-16,42.35460662841797,42.95054218503651,42.17510753779547,42.21100680813222,21689400
2014-01-17,41.72276306152344,42.52691810494746,41.66532204609539,42.51255785109045,20997900
2014-01-21,41.765846252441406,41.95970559509249,41.34223103646228,41.70840796884407,19548300
2014-01-22,41.34941101074219,41.880729529069846,41.2273502037331,41.880729529069846,15433500
2014-01-23,40.545249938964844,40.99758561363326,40.35856937636085,40.99040685612005,26234600
2014-01-24,39.55442428588867,40.466280100201956,39.55442428588867,40.20780094163264,26833100
2014-01-27,39.55442428588867,40.06420110476756,39.26722461215852,39.547245526568005,23935000
2014-01-28,40.021114349365234,40.45191102714003,39.662116204906745,39.769814004881205,18041000
2014-01-29,39.87032699584961,40.11444580658821,39.382089374372406,39.461069392396375,25459000
2014-01-30,40.207786560058594,40.487804635371766,39.94212873718945,40.25804607414362,17031100
2014-01-31,39.74826431274414,40.28676138474352,39.61902479634927,39.84878332795399,18174000
2014-02-03,38.99439239501953,40.15036450359956,38.91541233876326,39.848807276736785,28549900
2014-02-04,39.45389938354492,39.74109627583782,39.20259902148263,39.2887605542153,20709300
2014-02-05,39.64057922363281,39.812899558840776,39.188243479222166,39.56159918411828,19491600
2014-02-06,40.55244445800781,40.6027039969498,39.63340975856632,39.741107596753686,20881600
2014-02-07,40.652950286865234,40.8755301288822,40.394471177152255,40.67449203863369,23388500
2014-02-10,40.739105224609375,40.86834201961722,40.48780491351974,40.76064423395433,14715200
2014-02-11,41.23454284667969,41.33506192730465,40.624246863491265,40.645785883928184,18774100
2014-02-12,41.29916000366211,41.43557835593059,41.04068081920448,41.169920411433296,13437900
2014-02-13,41.66532516479492,41.71558468758726,40.89706932903937,40.976049361695495,16605500
2014-02-14,41.751495361328125,41.808933654040395,41.46429568094936,41.564814747400185,13067300
2014-02-18,41.99560546875,42.110484769043346,41.57198753536729,41.65814632585266,14983800
2014-02-19,41.11246871948242,42.03150588589901,41.08375094782772,41.90226632716759,18669900
2014-02-20,41.342227935791016,41.62224605230607,41.11964809856543,41.306325929929294,12457000
2014-02-21,41.363773345947266,41.52891219048714,41.19145300354887,41.349413089169154,16790100
2014-02-24,41.66532516479492,41.80892497517527,41.34222901511233,41.37094678603754,16151400
2014-02-25,40.94731903076172,41.629415912265955,40.86833901704867,41.57197764525332,17991800
2014-02-26,40.746307373046875,41.19864600153623,40.365770048490575,41.19146450167308,23661700
2014-02-27,40.70321273803711,40.84681255809177,40.30831528709086,40.767832520114766,16277500
2014-02-28,40.79655075073242,41.24888919998306,40.487812113506905,40.61705167043566,18599000
2014-03-03,40.358577728271484,40.50935631769681,39.9852192647381,40.423197515016476,19151000
2014-03-04,41.11246871948242,41.184269995965785,40.66731176104012,40.88989160973059,17157000
2014-03-05,41.7586669921875,41.85200728321734,41.18427046842441,41.270429262254204,17761500
2014-03-06,42.28998947143555,42.426407802759016,41.93099126790533,42.009968571973275,19420600
2014-03-07,42.648990631103516,42.93618757047087,42.412050485659805,42.61308861711087,18602200
2014-03-10,42.505374908447266,42.70641296477398,42.268434851543844,42.46229415111807,16945200
2014-03-11,41.78020095825195,42.68487777045199,41.73712293601084,42.663336020393096,19420000
2014-03-12,41.58635711669922,41.61507763483983,41.227358856759736,41.42839974480461,17932100
2014-03-13,41.22734832763672,41.88790638147279,41.06220949891237,41.643787517502304,17192500
2014-03-14,40.782196044921875,41.30633310203579,40.652956470407325,41.004775920794486,18635800
2014-03-17,41.342227935791016,41.42838672419445,40.96168803737704,41.076567334894456,13581400
2014-03-18,41.68687057495117,41.75866911697285,41.37095041660266,41.51455023958482,12554800
2014-03-19,41.85918045043945,42.3115188507707,41.56480210014667,41.636603367863394,21450700
2014-03-20,43.15876388549805,43.43160328341012,41.73713134733341,41.90227019006104,33736500
2014-03-21,43.201839447021484,43.94137755654259,43.0797813811322,43.76905722588502,35144100
2014-03-24,43.84803771972656,43.9341965164828,43.331079461311575,43.345439717260746,25810500
2014-03-25,43.74750900268555,44.14240636776455,43.48185117365978,43.876748538738774,24053500
2014-03-26,43.00798797607422,44.08498263919188,43.000806477847554,43.97010331801689,22745200
2014-03-27,43.022335052490234,43.474673468113345,42.37614005482419,43.03669530651904,24632600
2014-03-28,43.108497619628906,43.50339502869091,42.85001851873349,43.23055567341925,14708700
2014-03-31,43.58954620361328,43.812125999166405,43.510566187806106,43.675707714823645,15216700
2014-04-01,43.560829162597656,44.00598878909037,43.34543084532536,43.76186996579824,14584400
2014-04-02,43.698116302490234,43.907648277200195,43.49581108895058,43.61863846682771,14012200
2014-04-03,43.828182220458984,43.9293348544138,43.55362310243693,43.82095821354902,11925200
2014-04-04,43.21403121948242,44.11718349809908,43.20680445778036,44.08828196369486,16966900
2014-04-07,42.62879943847656,43.35132146285752,42.51319602482372,43.12733864306642,18685700
2014-04-08,42.52041244506836,42.64324260052097,42.08690041027605,42.48428690153605,16956500
2014-04-09,42.823856353759766,42.953910464658144,42.26751438073922,42.701026246266316,15308400
2014-04-10,41.47276306152344,42.91058026889481,41.45831229107214,42.88167872799221,29977200
2014-04-11,39.955448150634766,40.49733940789347,39.41355689337606,39.868746321209784,47241300
2014-04-14,39.70978546142578,40.41785628061716,39.36297543301782,40.3528292280281,31081500
2014-04-15,39.59418487548828,40.201103156511,39.26904958990445,39.80371681022023,26691400
2014-04-16,39.926551818847656,39.991578888430546,39.5147146302233,39.73869737127588,27049400
2014-04-17,39.89765548706055,40.150537019707905,39.74592381127014,39.98435733308221,17955400
2014-04-21,39.7603645324707,40.03492352440501,39.73146576189969,39.92654417710951,12384800
2014-04-22,40.32394027709961,40.51902148236297,39.69534436362816,39.76759819309706,16257600
2014-04-23,40.49734115600586,40.54791745503707,40.143307062787386,40.31671072912251,11379000
2014-04-24,40.5984992980957,40.649075604033484,40.17943808372523,40.511797453088356,15360600
2014-04-25,40.24445724487305,40.714094672855275,40.20110495279102,40.685195901002004,15937700
2014-04-28,40.09272003173828,40.24444888821714,39.50747661306161,40.193872602724184,21394100
2014-04-29,40.53347396850586,40.68520564904666,40.1505382767361,40.266141660451616,13453400
2014-04-30,40.44676208496094,40.714094326690265,40.25890766660554,40.63461925951774,14388100
2014-05-01,40.258914947509766,40.5984983139744,40.09995927201447,40.40341710028524,12744600
2014-05-02,40.15775680541992,40.72854684512797,40.05660145373095,40.33838722770511,15153800
2014-05-05,39.17512893676758,39.55084056571331,38.79941730782184,38.92947143923389,25232300
2014-05-06,38.539306640625,39.05952313381816,38.52485587623614,39.0450723694293,25327400
2014-05-07,39.05229568481445,39.102871981182794,38.46705489649467,38.69103485006834,18502600
2014-05-08,39.27629470825195,39.3991221201061,39.059538668613556,39.160691303364636,16090800
2014-05-09,39.023399353027344,39.24015808770045,38.78496860356946,39.17513101853888,12366500
2014-05-12,39.485816955566406,39.521942493853096,39.03785146096539,39.211257903424155,12825500
2014-05-13,39.46414566040039,39.61587735509126,39.37744380357871,39.55085027342441,12310700
2014-05-14,39.27629470825195,39.52195228816283,39.23294239784324,39.478599977754115,10325800
2014-05-15,38.66213607788086,39.16067782933861,38.54653271276922,39.16067782933861,19763000
2014-05-16,38.517642974853516,38.662145147991936,38.271985421835005,38.597118067598736,19992400
2014-05-19,38.89335250854492,38.95115282331992,38.337010353299696,38.351461121043975,12068900
2014-05-20,38.81386947631836,39.04507621692026,38.589886740522,38.81386947631836,16888200
2014-05-21,39.102874755859375,39.449684851080555,39.00172215594507,39.052298455902225,13210200
2014-05-22,39.413570404052734,39.44969594901326,39.03063466630689,39.13901130118845,11800900
2014-05-23,39.399112701416016,39.442465001460995,39.131780408310114,39.41356346809767,10876500
2014-05-27,39.83985900878906,40.049391031185095,39.51472358717495,39.55807589545765,14503700
2014-05-28,40.0638313293457,40.17220793742297,39.738695992710454,39.803723060037505,11374900
2014-05-29,40.258914947509766,40.40341710028524,40.02048143426683,40.280589719185706,11741000
2014-05-30,40.15052795410156,40.3745106583032,39.96267353743669,40.157754714089464,11991900
2014-06-02,39.99158477783203,40.208343545830736,39.753153991716566,40.208343545830736,9440000
2014-06-03,40.172203063964844,40.215555355657536,39.80371823128181,39.80371823128181,9131500
2014-06-04,40.23002624511719,40.26615179483265,39.91934155639922,40.11442283230605,9727800
2014-06-05,40.91640090942383,40.93807567646167,40.09272668757013,40.39618445090515,16803400
2014-06-06,41.162071228027344,41.27767461532826,40.93086445342551,41.01033954278063,15399800
2014-06-09,41.48720169067383,41.66783214614949,41.11149276874222,41.118716774232354,11999700
2014-06-10,41.83401107788086,41.86290985361683,41.46552343617895,41.52332650005446,11609200
2014-06-11,41.37881851196289,41.754530130540736,41.169286555336505,41.53054740902272,14232200
2014-06-12,41.212642669677734,41.48719895946052,41.08981253481547,41.23431744092326,11670200
2014-06-13,41.212642669677734,41.6678294030448,41.09703929603187,41.20541590846134,12040800
2014-06-16,41.089813232421875,41.14761629832708,40.69965356236925,41.075362465945574,11199100
2014-06-17,41.48720169067383,41.61003183362233,40.952537085938985,41.032014927340605,11200500
2014-06-18,41.74730682373047,41.76898435096209,41.14761519022395,41.39327270130178,13729400
2014-06-19,41.40050506591797,41.68228817101097,41.335477983496325,41.68228817101097,11624400
2014-06-20,41.58112335205078,41.74007900829634,41.436618460573136,41.68227594922466,17124800
2014-06-23,42.04353332519531,42.06521084865647,41.35713997075517,41.57389591195739,16007700
2014-06-24,41.48720169067383,41.99296751724609,41.40049984378207,41.81956382346259,12322900
2014-06-25,41.566673278808594,41.71840493329526,41.0898090583401,41.34269331168348,14836600
2014-06-26,41.46552658081055,41.53778041613447,40.89473368466056,41.429401041249584,11854400
2014-06-27,41.566673278808594,41.6895034032786,41.35714407669181,41.422171141128494,10178600
2014-06-30,41.63169860839844,41.74730196744614,41.458294947927634,41.50164448494459,11549000
2014-07-01,41.886356353759766,42.191938303549506,41.529847317052635,41.580777179439366,14472200
2014-07-02,41.4498176574707,41.820878513714554,41.340680642150375,41.66808891264177,19189900
2014-07-03,41.50800704956055,41.94455217781791,41.47162898273958,41.6389703104909,12599800
2014-07-07,41.23154830932617,41.46437415348191,41.0351061001918,41.391615209848894,13916100
2014-07-08,40.56944274902344,41.086021350827146,40.474860319166474,40.998710649540676,18343400
2014-07-09,40.75863265991211,40.8313888369908,40.460327893137084,40.656772901813845,10914300
2014-07-10,40.42393112182617,40.6058242559274,39.98738593470184,40.06014485362371,12436600
2014-07-11,40.59854507446289,40.6785784937933,40.154725403971575,40.22748431948506,10230000
2014-07-14,40.95506286621094,41.35522724645292,40.88958122031903,41.129678738276525,14004400
2014-07-15,42.39566421508789,42.70124343598499,42.02460056060454,42.16284115855588,36178000
2014-07-16,42.71577072143555,42.91221558310079,42.42474345544377,42.57025570070557,20507500
2014-07-17,42.09735107421875,42.824923674117535,42.02459214894735,42.60665244924174,17013500
2014-07-18,42.36653518676758,42.54842826387484,42.1264377682294,42.43929408289134,12803300
2014-07-21,42.37382507324219,42.497511070255534,42.12645030374657,42.28651437191273,9141400
2014-07-22,42.686683654785156,42.78126887112417,42.468412427092176,42.5047905024628,10375200
2014-07-23,42.92680358886719,43.065041448712805,42.57756890967524,42.75218486153596,11122100
2014-07-24,43.050479888916016,43.181443210832015,42.9195193424699,42.97772372139374,9844100
2014-07-25,42.93405532836914,43.123225747279996,42.81036932601662,42.868573687279856,10500600
2014-07-28,43.06502151489258,43.11595137523356,42.68668342702445,42.88312836354074,12382800
2014-07-29,42.66484832763672,43.02136005188076,42.51933328150714,43.02136005188076,13498800
2014-07-30,42.86130142211914,43.130502504897144,42.643030198908086,42.94133485157268,11815700
2014-07-31,41.959110260009766,42.693960135898266,41.951835755259516,42.67213384617833,15955900
2014-08-01,41.09330368041992,41.828153624442216,40.72224284343113,41.75539469284773,23915400
2014-08-04,41.21699142456055,41.45708895402156,40.991442905577706,41.406159090939845,13543900
2014-08-05,40.7877311706543,41.18061836369821,40.45304558147407,41.056932322945656,16863300
2014-08-06,40.911415100097656,41.24609789653606,40.62038766750895,40.66404025588889,12190600
2014-08-07,40.67857360839844,41.24607920390341,40.51123228601796,41.20242663530672,11743800
2014-08-08,40.99142837524414,41.00598015603347,40.482127149490935,40.66402024615505,12213200
2014-08-11,40.97688293457031,41.16605333863254,40.86774594949836,41.136949772550835,9066800
2014-08-12,40.99871063232422,41.14422569227164,40.838646564304085,40.911402706543335,11289600
2014-08-13,41.26791763305664,41.35522556554074,41.11512528187305,41.24608856833377,7012600
2014-08-14,41.45708084106445,41.47163262416428,41.25336142860455,41.30429128171953,8275900
2014-08-15,41.289756774902344,41.835436379857,41.02783012044891,41.646268671346185,12727400
2014-08-18,41.638973236083984,41.78448828906046,41.29701327790958,41.36977219213221,8881400
2014-08-19,41.87908935546875,41.99550088685802,41.71902245900732,41.90819015671369,9040500
2014-08-20,41.93728256225586,42.090072136103885,41.75538941944561,41.77721570843273,8121400
2014-08-21,42.56298828125,42.75943317560431,41.90817196673562,41.95182731285946,12745500
2014-08-22,42.555721282958984,42.98498921474086,42.43930978156742,42.51934043370546,10228600
2014-08-25,43.17416000366211,43.53067181380348,42.824925474088346,42.912233412614455,13996800
2014-08-26,43.46518325805664,43.617972820061595,43.210531212579504,43.34149448728915,10281100
2014-08-27,43.356056213378906,43.617982822865166,43.31240085330802,43.54522388941369,11410900
2014-08-28,43.043190002441406,43.19597956492635,42.78854073163317,43.10867164000194,9096100
2014-08-29,43.25419998168945,43.39971508489643,43.09413309061481,43.174166536152136,8897900
2014-09-02,43.41423416137695,43.44333771704419,43.035899039574254,43.261444657325725,8671100
2014-09-03,43.43608093261719,43.92355319926882,43.261462302857986,43.668903921983485,11791800
2014-09-04,43.44335174560547,43.75620813138503,43.23963234108621,43.3851473909437,9811900
2014-09-05,43.588871002197266,43.588871002197266,43.08684694598104,43.377874298314175,9600900
2014-09-08,43.57432174682617,43.814422032516006,43.46518752416919,43.53794367260718,8090000
2014-09-09,42.97045135498047,43.42154572211915,42.76672907992589,43.38516763654619,14868700
2014-09-10,43.08684539794922,43.334220165052606,42.868571422205314,43.03591554373401,9153800
2014-09-11,43.479740142822266,43.537947286779875,42.904959861322524,43.05774945100716,11467000
2014-09-12,43.67617416381836,43.95265247751045,43.47245476187087,43.50883283000882,14359100
2014-09-15,43.61071014404297,43.647091002342755,43.25420104665152,43.494298613705176,10685600
2014-09-16,43.6470832824707,43.79987286861453,43.37787941110949,43.44336105880961,10947900
2014-09-17,43.87990951538086,44.08362897849142,43.523397679467855,43.61798290539898,15091800
2014-09-18,44.614768981933594,44.67297614482335,44.04726302110989,44.04726302110989,16973700
2014-09-19,44.46197509765625,45.000377425632436,44.36738985472583,44.920346747505185,18739300
2014-09-22,44.316444396972656,44.7093342444071,44.23641097151722,44.33827068556266,13225200
2014-09-23,44.33827590942383,44.67296143489399,44.214589892215905,44.25096796930827,14328800
2014-09-24,44.84030532836914,44.84757983400844,44.39648554669455,44.512897065210055,13728200
2014-09-25,43.76348876953125,44.74571057439128,43.76348876953125,44.73843607030097,16340100
2014-09-26,44.06179428100586,44.29461727313921,43.88717564917135,43.894452928876824,11948900
2014-09-29,43.89445114135742,44.01813713662369,43.457905967283125,43.67617716658583,10686500
2014-09-30,43.82897186279297,44.19275813969857,43.74893843779869,43.945383360384,14384800
2014-10-01,43.48701477050781,43.9453862870669,43.45791120030455,43.82897478172308,18995800
2014-10-02,43.09879684448242,43.57490635569605,42.93032805591238,43.32586493038202,24559100
2014-10-03,44.16822052001953,44.23414334981443,43.25262721407315,43.39912270185838,18321100
2014-10-06,44.080318450927734,44.534451887586506,43.94847280896734,44.51980206134995,11578000
2014-10-07,43.41376876831055,43.88987556964725,43.3551694606064,43.88987556964725,14542000
2014-10-08,44.2414665222168,44.26343986586649,43.3478466248783,43.479692275114104,15834100
2014-10-09,43.27458953857422,44.19018255222887,43.13541761223111,44.19018255222887,19189500
2014-10-10,42.86440658569336,43.81662284376862,42.857080276213615,43.23796733827739,16689400
2014-10-13,42.6007194519043,43.32587048133909,42.56409628346527,42.84976090912579,17169300
2014-10-14,42.47620391845703,42.864414568126776,41.062527695788944,41.523984688886195,29096800
2014-10-15,40.67430877685547,42.02938830121054,39.74406581086631,41.76569702969632,37866900
2014-10-16,40.34471130371094,41.00393691417836,39.75872925773615,40.102993290620915,31965100
2014-10-17,41.165069580078125,41.58990335900229,40.70360983893184,40.820805653204225,20183500
2014-10-20,41.48003387451172,41.56793003671553,41.06984712727955,41.09182046928835,10807600
2014-10-21,42.432254791259766,42.490851307658716,41.8096524844052,41.91952200046658,14020400
2014-10-22,42.080657958984375,42.673960478708345,42.07333164970702,42.51281799879443,13750700
2014-10-23,42.5274658203125,42.922999883444355,42.43956687813372,42.57141249723372,12641900
2014-10-24,43.025550842285156,43.05484769700314,42.48351851456186,42.48351851456186,13758000
2014-10-27,42.952308654785156,43.062180958763676,42.666644017443524,42.813139491358626,11087100
2014-10-28,43.67744827270508,43.72139494744979,43.07681950173781,43.12076617648252,13625000
2014-10-29,43.42841339111328,43.787324328201365,43.04020000951571,43.67012852100568,16712100
2014-10-30,43.50165557861328,43.71407383209708,43.15739170532355,43.17204152909845,14709800
2014-10-31,44.30006408691406,44.3440135694242,43.853254127652086,44.036372780191,18347600
2014-11-03,44.59306335449219,44.7908318713706,44.2121761509674,44.527140515532714,11841200
2014-11-04,44.131591796875,44.2194879608252,43.5236365769785,44.124268280782765,15295800
2014-11-05,44.79082107543945,44.84941758807469,44.23413883747673,44.53445329942521,14063800
2014-11-06,44.849422454833984,44.90802176799676,44.40993878278936,44.73955293390735,10421600
2014-11-07,45.02521896362305,45.08381548439122,44.578408966818095,44.73222797727481,12384600
2014-11-10,45.362144470214844,45.362144470214844,44.82743843864798,44.864061603572324,10801000
2014-11-11,44.95197296142578,45.33286015262919,44.89337643656258,45.201014478975345,12539800
2014-11-12,44.35866165161133,44.563753640251406,44.116943698569415,44.2561128631225,17219600
2014-11-13,44.116939544677734,44.409930467292696,43.94114722644357,44.31470799831755,12240400
2014-11-14,44.153568267822266,44.40260974513423,44.08032192503534,44.13159492381996,6803400
2014-11-17,44.226806640625,44.336676128064774,43.867892942318086,43.948465576274835,9017600
2014-11-18,44.3366813659668,44.549099645280755,44.094966229708696,44.20483573012837,8897800
2014-11-19,44.38795852661133,44.527130485381214,44.05834720023142,44.278089015874286,9210100
2014-11-20,44.0363655090332,44.13158797499787,43.76535073039208,44.09496480937098,10917300
2014-11-21,44.278079986572266,44.73221335218197,44.16820770407188,44.73221335218197,12340500
2014-11-24,44.651641845703125,44.90800957995846,44.46119971794821,44.46119971794821,8335000
2014-11-25,44.16822052001953,44.79814916157768,43.91185551202216,44.79814916157768,14802600
2014-11-26,44.197513580322266,44.36598238817364,44.0949675924274,44.36598238817364,7626600
2014-11-28,44.065670013427734,44.3586609590553,43.97044753697346,44.24146513963802,6759600
2014-12-01,43.94846725463867,44.102286219429516,43.61885319139522,43.9338174302536,12771600
2014-12-02,44.73954391479492,44.820113762897975,43.948470111585515,43.95579362716998,12546600
2014-12-03,45.076480865478516,45.135077371815285,44.541774822126456,44.651644319321065,12115500
2014-12-04,44.95928192138672,45.09845105912274,44.56374505308235,44.75418717809839,11515200
2014-12-05,45.92616271972656,46.18985405001406,45.32553370925798,45.42075340528581,20071100
2014-12-08,45.904178619384766,46.263092377631594,45.603864166226664,45.85290562451645,15528200
2014-12-09,45.74303436279297,46.03602249448373,45.09113248663298,45.303547974004,19676400
2014-12-10,44.446556091308594,45.58921739967684,44.2194879740201,45.530618094246776,29620600
2014-12-11,44.78348922729492,45.457367201368356,44.761515887044915,44.80546256754492,16886200
2014-12-12,43.97777557373047,44.8420958236746,43.91917626463718,44.33668656233592,17405400
2014-12-15,43.33318328857422,44.54176710756937,43.062168556098,44.49049412559192,19209900
2014-12-16,42.79848861694336,43.84592745766967,42.56409698208406,42.79116230663412,20709700
2014-12-17,43.78000259399414,43.82395207129388,42.732563802116466,42.90103260717929,17856400
2014-12-18,45.03253936767578,45.03253936767578,44.27076509116933,44.41726057421579,18173400
2014-12-19,45.362144470214844,45.669782408581376,44.951957758224424,44.97393389251373,22756400
2014-12-22,45.36946487426758,45.65513224709158,45.12774976700811,45.53061014188601,17073400
2014-12-23,45.765010833740234,46.12392460275242,45.362150378762,45.45004654486282,13552600
2014-12-24,45.765010833740234,46.05067546919445,45.61119184452161,45.955455786822206,7412500
2014-12-26,45.8162841796875,46.06532564734709,45.71373818609274,45.904180346458894,6086500
2014-12-29,46.11660385131836,46.39494500405307,45.59654751412729,45.72106686493258,10601200
2014-12-30,46.25576400756836,46.350983677092344,45.83092747276275,45.94079976118996,7518100
2014-12-31,45.838260650634766,46.504812408020854,45.838260650634766,46.36564044927037,18529400
2015-01-02,46.06678771972656,46.41326347824386,45.75716791331529,45.83825888195023,12600000
2015-01-05,44.63663864135742,45.91197085257985,44.40073920414536,45.749791747086,20100600
2015-01-06,43.47925567626953,44.784076006000284,43.01482743399242,44.70298504806299,29074100
2015-01-07,43.54560470581055,44.15009738829197,43.25072899195186,44.15009738829197,23843200
2015-01-08,44.51869583129883,44.8946625510476,44.20907882646435,44.20907882646435,16971100
2015-01-09,43.744659423828125,44.813580714289415,43.707800650807556,44.76197786963179,15396200
2015-01-12,43.36867904663086,43.788875086952245,42.95585363326991,43.700410690568646,15455200
2015-01-13,43.37605285644531,44.01003368299947,43.02957430887658,43.68566983007785,21644700
2015-01-14,41.87955856323242,43.37604598984289,40.744290882010695,43.37604598984289,49602300
2015-01-15,40.53789520263672,41.73213679064605,40.17667250606457,41.08341174993683,42458100
2015-01-16,41.23085403442383,41.282456880552985,40.27988247779648,40.29462654985398,29368900
2015-01-20,41.06866455078125,41.569951660575455,40.85487976322179,41.3119374770683,23477700
2015-01-21,41.20135498046875,41.592062944031014,40.68532384367455,40.876993917524935,21842400
2015-01-22,42.45457077026367,42.557776430619214,41.25295598438849,41.56257577759844,31423500
2015-01-23,41.783729553222656,42.66098044453174,41.76898548629185,42.550404160765495,15458300
2015-01-26,41.85009002685547,42.01227200357209,41.42989382549342,41.58470236028067,12577700
2015-01-27,41.42987823486328,41.732124560913114,41.10551440349258,41.319299144688166,15220500
2015-01-28,40.360965728759766,41.78373606983183,40.360965728759766,41.73950386214093,24354400
2015-01-29,41.03916549682617,41.20134740454852,40.30935253636147,40.744292624409006,20393300
2015-01-30,40.08820343017578,40.913851538691574,40.08082999023338,40.53788765378722,26943700
2015-02-02,40.891719818115234,41.02441356039834,40.00709580694196,40.198762983494106,20308900
2015-02-03,41.813236236572266,41.85746564484284,41.18662576867586,41.21611391561923,18812500
2015-02-04,41.56256866455078,42.07122625159819,41.48884833966814,41.5183364696212,14934100
2015-02-05,41.85009002685547,42.04913077678656,41.62156113349514,41.916436943499164,11293900
2015-02-06,42.67573165893555,43.29496851302534,42.41771747479134,42.57252598527786,25214000
2015-02-09,42.62411880493164,42.83053010373789,42.18917870234487,42.32924311051439,14372400
2015-02-10,43.09592819213867,43.28022484312675,42.79368179700396,43.06644005306608,16367300
2015-02-11,43.029563903808594,43.24334860751244,42.638856061423525,42.801037948666796,13061900
2015-02-12,43.91419982910156,44.01740548974399,43.162269257379556,43.44240091636854,23211300
2015-02-13,43.987911224365234,44.393365994874074,43.74464117420288,43.833102754976196,16479100
2015-02-17,44.304908752441406,44.33439688817266,43.72990416639896,43.759392302130216,15308800
2015-02-18,43.766761779785156,44.30490758809257,43.5824651545233,44.30490758809257,14278100
2015-02-19,43.66354751586914,43.847844104816154,43.34655715790886,43.60457406972034,11256500
2015-02-20,44.083744049072266,44.15009093438466,43.01482325776952,43.46450739020427,15379000
2015-02-23,43.75202178955078,43.88471559707649,43.34656973861935,43.862600899870074,16814000
2015-02-24,44.8356819152832,45.15267232967113,44.290165489692306,44.41548584265609,22937700
2015-02-25,45.07157897949219,45.16741400512954,44.784076714723284,44.7914473418601,18307900
2015-02-26,45.39594650268555,45.48440809622634,44.90203008011744,44.99049167365824,15444800
2015-02-27,45.1747932434082,45.64659221010537,45.064216942419364,45.064216942419364,15225900
2015-03-02,45.536014556884766,45.58024676325299,44.99049526025106,45.17479190190326,13047300
2015-03-03,45.68345260620117,45.698196675046596,45.33697401869269,45.44755312896158,13706900
2015-03-04,45.8014030456543,45.830888371652726,45.22639560045862,45.440180383773125,16625500
2015-03-05,45.70556640625,45.875118976428865,45.41069065941678,45.85300427966661,10931300
2015-03-06,44.887290954589844,46.3469200633631,44.82094404909362,45.823518260083816,22719200
2015-03-09,45.33696746826172,45.43280249583862,44.82093638180408,44.850424515234394,13001500
2015-03-10,44.201698303222656,44.97574350341985,44.201698303222656,44.791446893270844,16357700
2015-03-11,44.408119201660156,44.710365575983346,44.20170505450866,44.32702823086602,13015600
2015-03-12,45.241146087646484,45.30012237229725,44.71037358650971,44.71037358650971,18159600
2015-03-13,44.96837615966797,45.60235699481277,44.548180082819584,45.2632518822936,16506200
2015-03-16,45.59498596191406,45.646588794276035,45.15267516677043,45.33697180010418,15182900
2015-03-17,45.418060302734375,45.454919064971186,44.90939982257919,45.21901961208365,11718300
2015-03-18,45.52126693725586,45.7424223275588,45.03472395373206,45.255879344034994,15697900
2015-03-19,45.115821838378906,45.44755638077788,44.791457924858214,45.38858010117638,11523800
2015-03-20,45.52126693725586,45.77928109058539,45.078956156649994,45.20427651336909,18368300
2015-03-23,45.07157897949219,45.764536040364035,45.056834913075434,45.52126316270227,15112900
2015-03-24,44.5703010559082,45.14530851480902,44.562930427268824,44.94626779582147,12128700
2015-03-25,43.94369125366211,44.70299250992163,43.92894718501759,44.62190153844856,14950900
2015-03-26,43.892086029052734,44.07638265885681,43.39816959886325,43.8331097576866,14039600
2015-03-27,43.89945602416992,44.069008583688664,43.494004006873496,43.855226633426206,11755800
2015-03-30,44.93888473510742,45.30747795533398,44.68087060580607,44.87991128218559,20656500
2015-03-31,44.65876007080078,44.92414485187454,44.54080752968797,44.76196573213114,17346700
2015-04-01,44.48807907104492,44.9481718342581,44.32481916149013,44.829438126627764,18100600
2015-04-02,44.91107177734375,45.0446475632748,44.52518648808018,44.57713231251613,12697800
2015-04-06,44.87396240234375,45.08174567406905,44.26545182300417,44.46581264597655,12025200
2015-04-07,45.15596008300781,45.63831741567011,45.15596008300781,45.378588286288995,11505500
2015-04-08,45.30438232421875,45.68284804174045,45.22275235256366,45.31180477482492,11734000
2015-04-09,45.61604309082031,45.69767303196506,45.141108339615705,45.46762527336027,11728500
2015-04-10,45.78672409057617,45.84608952100499,45.41568095018388,45.52699219380086,9869700
2015-04-13,46.06130599975586,46.2097238568081,45.63831694719985,45.742208597885856,15468700
2015-04-14,46.78112030029297,47.20410925821562,46.55849497993913,46.72175203842019,33775400
2015-04-15,47.64936447143555,47.8497309590664,46.75886027373139,46.81080892327242,28732200
2015-04-16,47.3525390625,47.69389533129522,47.24122495874277,47.55290275076187,16640500
2015-04-17,46.63270950317383,47.04827890639864,46.37298039543017,46.936964814031384,20221200
2015-04-20,46.929542541503906,47.13732581594768,46.8553322071777,46.914700474638664,12755300
2015-04-21,46.239402770996094,47.196692037631664,46.10582699782186,46.99633120870516,14985100
2015-04-22,46.70691680908203,46.86275710388994,46.03161830103094,46.49171390538198,14484700
2015-04-23,46.60302734375,46.9072826675081,46.45460949124567,46.59560772500057,12851300
2015-04-24,46.4546012878418,46.63270324556304,46.26166009524215,46.476865801828566,9597500
2015-04-27,46.26166915893555,46.86276019932299,46.2394074714218,46.528820732441076,11146400
2015-04-28,46.57334899902344,46.58819106920316,45.838684925557295,46.37298812868571,12307800
2015-04-29,47.19668960571289,47.41189532149739,46.35071163975692,46.42492197149367,17601200
2015-04-30,46.944374084472656,47.40446958939207,46.692064650780644,47.18184428456602,16840900
2015-05-01,47.20411682128906,47.39705804161968,46.99633353311225,47.27090471117946,11640100
2015-05-04,48.0278205871582,48.13913465138612,47.226366118719405,47.25605024662475,14972500
2015-05-05,47.79036331176758,48.473081412673054,47.70873335821696,47.8719932653182,17692400
2015-05-06,47.43415451049805,48.28755488015498,47.06311136383582,47.88682760235948,18087900
2015-05-07,47.86457061767578,47.93877812195841,46.93696265996889,47.248637574957684,15039900
2015-05-08,48.59923553466797,48.717972073298476,47.938779108127704,48.2133531074584,16802600
2015-05-11,48.569557189941406,48.71055543095595,48.29498881954945,48.42856461059732,13798800
2015-05-12,48.50277328491211,48.63634907915366,48.05752252466381,48.465666695862005,12762200
2015-05-13,48.62149429321289,48.70312424318976,48.2801352577048,48.54728679187104,11874100
2015-05-14,49.014808654785156,49.11127784793472,48.76249633641493,48.85154874201675,11855500
2015-05-15,48.88865280151367,49.0964417612499,48.56213861669725,49.07417441216833,11152100
2015-05-18,49.289371490478516,49.37842388613072,48.829281600448596,48.829281600448596,10510900
2015-05-19,49.72721862792969,49.860794426216835,49.400698751745395,49.54911378909966,14282700
2015-05-20,49.333900451660156,49.742044525752014,49.27453218797323,49.68267626206508,12446000
2015-05-21,49.460052490234375,49.48231417312556,48.98511771632534,49.081586896076864,12934500
2015-05-22,49.32649612426758,49.59364774733253,49.215182004378626,49.44522703359016,9296900
2015-05-26,48.77733612060547,49.192902646502574,48.465655564513355,49.126111933886655,15571300
2015-05-27,49.32649612426758,49.46007193580006,48.84413871252967,48.94060793020873,10963700
2015-05-28,49.12610626220703,49.274526905512964,48.78474727510633,49.244842776851776,11797400
2015-05-29,48.8144416809082,49.14096150325643,48.50276675685026,49.1112773683457,14310700
2015-06-01,49.03706741333008,49.46747885553917,48.95543746181906,48.970276697698544,11899300
2015-06-02,48.9925422668457,49.26711627657754,48.6660280965827,48.85154969896826,12784200
2015-06-03,49.497161865234375,49.81625925175902,49.178064478709736,49.296801023309634,12927300
2015-06-04,49.22258758544922,49.756890648457684,48.98512018651983,49.2077426883271,13863300
2015-06-05,50.03145980834961,50.34313471312358,49.72720735226152,49.99435888825907,20801100
2015-06-08,49.63816452026367,50.12794431788214,49.578796242672844,50.06115359017482,14558700
2015-06-09,49.85335922241211,49.920144273635415,49.32647861441854,49.6826768776148,13263500
2015-06-10,50.654823303222656,50.83292246820852,50.06857432090418,50.15762107256193,17478900
2015-06-11,50.8477668762207,50.966503439397435,50.57319848179867,50.72903597471492,13739900
2015-06-12,50.64739990234375,50.862605650926305,50.36540909127193,50.6919232773366,11804700
2015-06-15,50.45444869995117,50.61770860071089,49.942412974995975,50.15019624444672,14082300
2015-06-16,50.73644256591797,50.84775098201421,50.179877838760035,50.29118625485628,11692800
2015-06-17,50.56576156616211,50.9664888597437,50.49155406624019,50.766128043787575,14521900
2015-06-18,51.04071807861328,51.07040222354718,50.38768387508287,50.721620597663616,16759600
2015-06-19,50.521236419677734,50.95906461696958,50.40249989464793,50.80322717411981,21606400
2015-06-22,51.17428207397461,51.41917196683313,51.01844459533839,51.107497009560696,14306700
2015-06-23,51.76052474975586,51.812470569632914,51.34495819073945,51.46368906688568,15736900
2015-06-24,51.21879959106445,51.77536437752706,51.13717529778614,51.58242599462227,16995000
2015-06-25,50.94422912597656,51.552739707299835,50.936806677199456,51.441425622321404,13314300
2015-06-26,51.1668586730957,51.41917101120111,51.03328288507998,51.15944188496784,14489200
2015-06-29,49.868202209472656,50.65481761807756,49.838523736697894,50.22440616113691,19934400
2015-06-30,50.28377151489258,50.54350059913734,49.83852084737736,50.38024069999223,20677400
2015-07-01,50.843997955322266,51.08301755136001,50.62738555599483,50.88134708229056,13964400
2015-07-02,50.43316650390625,50.88879837415019,50.186681709103475,50.754349532132714,12822900
2015-07-06,50.29125213623047,50.38835186103169,49.701171427034446,49.955127183595344,13527100
2015-07-07,49.8953742980957,50.20908634729732,48.77496923779722,50.1119809282529,22421500
2015-07-08,48.87206268310547,49.41732891652338,48.70773571690626,49.2978163234061,17707200
2015-07-09,49.37997055053711,49.820660333035796,49.29033612250057,49.663804357976616,14984700
2015-07-10,50.08211135864258,50.34353808136407,49.91778436188187,50.209089238439425,12356100
2015-07-13,50.85893630981445,50.89628543834175,50.55269511086292,50.709551193059106,16175600
2015-07-14,51.56850051879883,51.61331488859083,50.61242263874498,50.77674959288055,20185100
2015-07-15,51.680545806884766,51.85980899743892,51.42658439648182,51.710423955089475,16891600
2015-07-16,51.9569206237793,52.24822551225658,51.844884665653716,52.00920597046303,18035700
2015-07-17,51.69548797607422,51.904629338882074,51.478875650687584,51.80005865747815,14040700
2015-07-20,51.73283767700195,52.11377129271873,51.67308137304351,51.91210089020248,11512900
2015-07-21,51.613319396972656,51.94197333395145,51.441527165314966,51.65813946935334,11659900
2015-07-22,52.34531021118164,52.50216618911505,51.688002457548535,51.7477587440012,15493000
2015-07-23,52.016658782958984,52.74118811895246,51.8822099814481,52.42747614831819,14331800
2015-07-24,51.471405029296875,51.95690927156286,51.299607099915306,51.867280524645636,12413900
2015-07-27,50.799163818359375,50.956019833044735,50.47050986453797,50.90373449481628,16801600
2015-07-28,50.82903289794922,51.23984456824058,50.61988588368403,51.20250116112688,14932400
2015-07-29,51.493831634521484,51.61333857503562,50.91122176515887,51.030728705673006,13059200
2015-07-30,51.56850051879883,51.874741543500285,51.19503224073569,51.48633704173104,10197200
2015-07-31,51.18757247924805,51.568511801849574,51.090472757229,51.54610461205094,11911800
2015-08-03,51.18757247924805,51.41912103873381,50.79169692967241,51.23238685884532,9980600
2015-08-04,51.13528823852539,51.50128564336321,51.02324658844339,51.14275920151087,10964000
2015-08-05,51.33696746826172,51.8523499720797,51.209983884491706,51.57598701024734,11302900
2015-08-06,50.97842788696289,51.4938160144509,50.791693718878776,51.351896223131114,10803400
2015-08-07,50.82903289794922,51.344415226036446,50.455564634771555,51.038174213540955,11453300
2015-08-10,51.45648193359375,51.54611641198232,50.95603558461242,50.95603558461242,12661400
2015-08-11,50.96348571777344,51.09046356958109,50.67964616823411,50.96348571777344,14800300
2015-08-12,50.22400665283203,50.45556083365578,49.35009235051506,50.350990183737835,21069000
2015-08-13,50.4555778503418,50.642312030840955,50.02235318390177,50.231494554272835,11930600
2015-08-14,50.70952606201172,50.72446798548836,50.34352871827128,50.358464943073834,11248800
2015-08-17,50.843997955322266,50.97097586913179,50.34355156653646,50.5078786073143,10326500
2015-08-18,50.94856262207031,51.06060429099312,50.67219393188418,50.77677033524121,10617500
2015-08-19,50.492923736572266,51.02324815128417,50.313660510155266,50.739414234567654,15198200
2015-08-20,49.25300216674805,50.07463130268034,49.25300216674805,49.90283337398787,20972300
2015-08-21,47.505165100097656,48.879531363428356,47.48275791460253,48.61809900285499,28235500
2015-08-24,45.0029296875,46.9972490213224,37.39911494969827,44.28587124271017,36339100
2015-08-25,44.74897766113281,47.29603169860503,44.61452882695115,47.13170471253024,31772500
2015-08-26,46.989784240722656,47.042069577945426,45.227013301962984,46.16068410856559,33576800
2015-08-27,48.1624755859375,48.34920974024318,47.161577555548504,47.78900442798907,29045700
2015-08-28,47.901039123535156,48.147529553867216,47.50516366197535,48.02055170745627,16687300
2015-08-31,47.8786506652832,48.06538487669123,47.40808250405829,47.51265320655272,14223400
2015-09-01,45.899253845214844,46.9449633575083,45.55566369900429,46.9449633575083,23637300
2015-09-02,46.73582077026367,46.989779317022695,45.966477018024676,46.77316702874711,17757900
2015-09-03,46.8179931640625,47.549990797212104,46.646198062854296,46.96738107578103,17065400
2015-09-04,45.93661117553711,46.250323250029446,45.37640860022569,46.16069163579415,20189000
2015-09-08,47.176509857177734,47.206388001418254,46.556554035538696,46.88520507417437,13385100
2015-09-09,46.444522857666016,48.05790311854617,46.310074027703116,47.759130157002076,13889500
2015-09-10,46.803062438964844,47.0570210793986,45.89926954334448,46.20551353480832,15751100
2015-09-11,46.728355407714844,46.8030479290765,46.302601767411915,46.59390658979423,12766700
2015-09-14,46.59390640258789,46.825454927480926,46.3997012888886,46.78810866695015,10202800
2015-09-15,47.490230560302734,47.72177908352969,46.69100577414224,46.87773992478954,14023500
2015-09-16,47.908512115478516,48.02055374298544,47.21386086334421,47.72177796919159,12235900
2015-09-17,46.79558181762695,48.281984141375716,46.601376694843275,47.90851581992406,21249200
2015-09-18,45.518314361572266,46.183090314167366,45.39880462221504,46.183090314167366,31008000
2015-09-21,45.899253845214844,46.242843991425396,45.62288810581392,45.951539178362665,13136400
2015-09-22,45.49591064453125,45.63035946772582,45.12991043709334,45.26435926028791,14811900
2015-09-23,45.29423522949219,45.675174493319254,45.0552157440598,45.41374497220838,11712200
2015-09-24,44.980525970458984,45.100035720474,44.41285252088478,44.823667108477814,17293400
2015-09-25,45.9141960144043,46.20550084710675,45.46603232234602,45.76480811705154,18384300
2015-09-28,44.80126953125,45.57061353392282,44.58465717246362,45.50338910703525,17452200
2015-09-29,44.69668960571289,44.91330191977783,43.86758946172016,44.80126028165121,19334900
2015-09-30,45.54072189331055,45.56312907779054,44.898356011074036,45.33904868498024,18743800
2015-10-01,45.8768424987793,46.21296452322022,45.219540372469126,45.65276209893097,16863200
2015-10-02,45.74895477294922,45.78657050692895,44.033649178487266,44.83111594038171,20435100
2015-10-05,46.659263610839844,46.82477626604346,46.05740332359429,46.07245018951246,13471100
2015-10-06,46.68183517456055,46.915057304935935,46.35833471335123,46.726975774925705,12134800
2015-10-07,46.74201583862305,47.41910752617439,46.46365314839694,47.05799138550115,12773100
2015-10-08,46.74201583862305,46.83229415631737,46.21538705726358,46.53136260414168,13964600
2015-10-09,46.5915641784668,47.05800564275136,46.328251142958614,46.93763355939093,12112000
2015-10-12,46.43357849121094,46.65175092927467,46.19283431342567,46.52385684040617,10857400
2015-10-13,46.30567169189453,46.76459108011423,46.12511503187468,46.185299628582506,15621900
2015-10-14,45.13204574584961,45.86932500795368,44.79349841378743,45.711334339727046,28989400
2015-10-15,46.56147003173828,46.61413263837798,45.21480538790164,45.493168160022165,18147900
2015-10-16,46.967716217041016,47.133228868825036,46.71192524150942,46.967716217041016,17456600
2015-10-19,46.80974197387695,47.22352085313655,46.576519794342964,46.64422927421432,14510400
2015-10-20,47.035423278808594,47.26112051161643,46.70440086201682,46.91505122998467,11545100
2015-10-21,46.68936538696289,47.36645725056176,46.681840517759206,47.306272646415884,12113400
2015-10-22,47.539493560791016,47.832903201946536,46.96020201783805,46.96020201783805,15295700
2015-10-23,48.05107116699219,48.29181817915517,47.77271129060223,47.87051449524064,16985200
2015-10-26,48.073646545410156,48.14135601992075,47.705005435319876,48.02850593910417,13880200
2015-10-27,47.87804412841797,48.04355682882889,47.6297779476986,47.79528777821251,8831900
2015-10-28,49.27735900878906,49.45791566366408,47.915647749582,47.92317261764129,17962000
2015-10-29,49.059181213378906,49.52562543243125,48.81091223840949,49.0967998119351,12753700
2015-10-30,48.336952209472656,49.15698490819825,48.246671010615984,49.12689691503869,15731400
2015-11-02,49.307456970214844,49.46544477425479,48.44228074255444,48.48741847519641,15253300
2015-11-03,49.488014221191406,49.72875836442818,49.029094801303636,49.11937600743985,11519500
2015-11-04,49.540679931640625,49.766380091246404,49.37516724656886,49.66105488070864,11388400
2015-11-05,49.98456573486328,50.15759758524668,49.465458704123726,49.49555244762403,12715900
2015-11-06,51.50425720214844,51.93308295850213,51.23341927815724,51.436550591047684,23262700
2015-11-09,50.69927215576172,51.69986757661078,50.46605282450913,51.68481783535895,17143800
2015-11-10,50.91743087768555,51.04532493763791,50.353186300468195,50.54879269437882,13239700
2015-11-11,50.66915512084961,51.2860622133132,50.593923668557345,51.23339962272943,8513900
2015-11-12,49.65352249145508,50.330617127933444,49.61590389062026,50.30052339522412,13576900
2015-11-13,49.3224983215332,49.78141771141435,49.074235065529386,49.53314871561778,11837000
2015-11-16,50.03720474243164,50.089867333761184,49.02908490010505,49.24726013269657,11041100
2015-11-17,49.75133514404297,50.21025463692262,49.57077844284584,50.15759202658204,12354800
2015-11-18,50.74440383911133,50.81964105679522,49.931895842187394,50.01465218980461,12911400
2015-11-19,50.902381896972656,51.022751076967424,50.43593769248668,50.84219443707922,12839500
2015-11-20,50.812103271484375,51.240928900230614,50.6917283456225,51.15064770583421,11209600
2015-11-23,50.315574645996094,50.842206434648254,50.240343173272485,50.63907514452172,11339000
2015-11-24,50.2403564453125,50.51119441049976,49.68363651233645,49.78143687873381,10910000
2015-11-25,50.3005256652832,50.49613206682524,50.06730640100151,50.35318826495303,7772000
2015-11-27,50.53374481201172,50.654119748001534,50.13501288118299,50.4058507473672,4052500
2015-11-30,50.16510772705078,50.797058935625394,50.16510772705078,50.61650226743164,15147500
2015-12-01,50.86476135253906,51.030273991014305,50.39831716590811,50.66163011812241,12708800
2015-12-02,50.15007019042969,51.06790338687126,50.01465123689016,51.03029051853978,13440900
2015-12-03,49.50305938720703,50.42841727052632,49.33754672780551,50.27795434732089,14626900
2015-12-04,51.07542037963867,51.15817671291652,49.67609332213135,49.728755921508814,17786000
2015-12-07,50.40583801269531,50.97008246806131,49.954443596360804,50.90237588851726,11686000
2015-12-08,49.62342834472656,50.375754436805124,49.42782195364422,49.84160360020446,13084500
2015-12-09,49.24726867675781,50.08987602400899,48.93129307396098,49.36011874626895,16770200
2015-12-10,49.36011505126953,50.0296848098419,48.961383143332334,49.30745245474561,12839000
2015-12-11,48.2015380859375,49.02157660619931,47.78023439229873,48.750738722424146,17889300
2015-12-14,48.35200500488281,48.720648995786846,47.84794780074103,48.321917006248015,17638200
2015-12-15,49.728759765625,50.142541464000274,48.953864712116115,48.953864712116115,18126600
2015-12-16,50.80459213256836,50.96257996061074,49.58582724772883,50.338153518289104,21720000
2015-12-17,49.864173889160156,51.158175722870176,49.713710962362924,51.08294425947156,18122100
2015-12-18,48.449806213378906,49.630958063798204,48.449806213378906,49.630958063798204,23819600
2015-12-21,49.307456970214844,49.32250096783115,48.77330608804369,48.91624415467427,18869300
2015-12-22,49.41278839111328,49.65353256182127,48.88616231137512,49.593345084195825,12149500
2015-12-23,50.20271682739258,50.2929922745046,49.6911349145208,49.743797505266784,12524500
2015-12-24,50.10491180419922,50.323087038862035,49.894261436881195,50.11996153888881,4468200
2015-12-28,49.93940734863281,49.99206994909604,49.43535020994296,49.87170075080566,6610600
2015-12-29,50.4585075378418,50.63154505345786,50.21023856578961,50.28547002222573,9820800
2015-12-30,50.097389221191406,50.44346425732792,49.992064032729786,50.435939389640005,7190700
2015-12-31,49.67608642578125,50.24033094354758,49.653517563437326,49.79646134467159,14654300
2016-01-04,48.184078216552734,48.51732135708187,47.72208014024353,48.43401273881151,25393200
2016-01-05,48.267372131347656,48.5703195425507,47.74478589684738,48.24465187002318,16566700
2016-01-06,47.570587158203125,47.812946225873944,47.21462101355936,47.50242348984896,22961500
2016-01-07,45.64686965942383,46.95712456261841,45.502969833922215,46.548142461741875,27630900
2016-01-08,44.62440872192383,46.40423672417517,44.571392851432975,46.29820498319347,22373300
2016-01-11,44.55625915527344,44.85163419070989,43.957933735766844,44.55625915527344,20925500
2016-01-12,44.65471649169922,45.109142077140085,44.00337517497164,45.025830575351804,22971600
2016-01-13,43.427764892578125,45.20001770396214,43.102094294265996,45.03339473110984,28808100
2016-01-14,44.079105377197266,44.97280567127165,43.3898961221889,44.048809766413754,31296300
2016-01-15,43.200557708740234,43.60196448439026,42.579512064125595,42.75370751184445,38131700
2016-01-19,43.17783737182617,43.90491771347186,42.79915083750718,43.7231469057732,22818900
2016-01-20,42.041770935058594,42.54921231091987,41.39800508701882,42.13265776870893,34646100
2016-01-21,41.84485626220703,42.806720273212605,41.70095643913637,42.21597028580311,31301100
2016-01-22,43.132389068603516,43.2914366909772,42.64009550699149,42.746127255240616,22732200
2016-01-25,42.15537643432617,43.056649165241936,42.10993301922388,42.776421994982144,21114400
2016-01-26,43.2308464050293,43.28386227675792,42.26898247786264,42.299275198030195,17535700
2016-01-27,43.200557708740234,44.13212617566219,42.8370190062206,43.23085332290407,20560000
2016-01-28,43.382320404052734,43.90490957358121,42.89002973419723,43.56409117805143,15497900
2016-01-29,45.06368637084961,45.09398197945249,43.556513068061506,43.79887504773625,26992200
2016-02-01,44.5789794921875,45.177304912624365,44.26088129950437,44.806190836018885,16807900
2016-02-02,43.19297790527344,43.91248277712928,42.98091440629851,43.83674663868066,22448200
2016-02-03,43.480777740478516,43.776152706952935,41.67065698560331,43.45048213131491,31543200
2016-02-04,44.2305793762207,44.32146331702743,43.21569955490901,43.21569955490901,21651300
2016-02-05,43.7382926940918,44.79104074862084,43.48835820619126,44.3669136988243,22001300
2016-02-08,42.82186508178711,43.10966470778332,42.064492170779126,42.935469284949285,28267600
2016-02-09,42.564369201660156,42.93548040625759,41.753980208103506,41.87515978968723,26300000
2016-02-10,42.04934310913086,43.48077740589088,42.0114750425419,42.844584064092174,22389600
2016-02-11,40.193782806396484,40.829976209159035,39.76208044978782,40.82240375077492,44334700
2016-02-12,43.54137420654297,43.601962543024165,41.78426622220968,42.147807797691506,37011400
2016-02-16,44.19271469116211,44.38205794671833,43.654980538778155,44.10183073745679,23730700
2016-02-17,44.510807037353516,44.87434569374427,44.22300451761352,44.571395368844435,21580100
2016-02-18,43.783729553222656,44.578970541537,43.35959967785242,44.56382273643644,17037800
2016-02-19,43.79130554199219,44.056384929753584,43.23085115382563,43.548946419139305,15658200
2016-02-22,44.35933303833008,44.594119690742694,44.24572594122592,44.31388962165872,14882800
2016-02-23,42.5037727355957,43.9957984976639,42.382593168924856,43.85189866510125,31772500
2016-02-24,42.5189208984375,42.57193677872792,41.14807758071557,41.806991299431324,25560100
2016-02-25,43.17783737182617,43.19298517989681,42.443187459868625,42.511351151612004,14473300
2016-02-26,43.579246520996094,44.01094893362039,43.276296141647954,43.654982671258665,20947500
2016-02-29,42.640098571777344,43.63225822441056,42.63252611313604,43.480783049246526,19554100
2016-03-01,44.83647155761719,44.83647155761719,42.92031635686709,42.98848002628742,23958100
2016-03-02,45.26060485839844,45.36663949509148,44.6547070944661,44.836477868220015,20943100
2016-03-03,45.41209411621094,45.41209411621094,44.76075273439631,45.1242943947365,15790600
2016-03-04,45.480247497558594,45.85893399277415,45.08641319583657,45.51811556925041,18459000
2016-03-07,45.396942138671875,45.480253641137,44.92737163013554,45.09399463506578,12832400
2016-03-08,44.51838302612305,45.06369249853201,44.44264688346565,44.84405364001744,14132900
2016-03-09,44.77588653564453,45.093984666633894,44.44264348859949,44.798609688024904,13238800
2016-03-10,44.38963317871094,45.19244673111338,43.783735340346226,45.1318583918513,21139200
2016-03-11,44.94252014160156,45.07127218258933,44.41993373953204,44.980388219000965,21055000
2016-03-14,44.77588653564453,44.91978924050932,44.38205226778307,44.798609688024904,13436100
2016-03-15,44.83647155761719,44.8440440145981,44.25329413905394,44.336605611584126,10910500
2016-03-16,44.62440872192383,45.253029599384256,44.28359323709644,44.66985213483666,17423900
2016-03-17,44.495662689208984,44.78346523130932,43.920060494156964,44.510810495545705,19405700
2016-03-18,45.80592727661133,46.1770413873777,45.18488153136904,45.48025659445388,29570200
2016-03-21,45.790767669677734,46.06342239278679,45.41208119628149,45.6089997803707,12684400
2016-03-22,45.624149322509766,45.88165624978615,45.15457599743902,45.43480607860503,12042700
2016-03-23,45.396942138671875,45.82864457040108,45.33635379361028,45.69989253142703,11658700
2016-03-24,45.04854202270508,45.071262286326224,44.58654406808531,44.91221466268126,12921200
2016-03-28,44.98794937133789,45.25302871863295,44.82132641638203,45.086405763677085,11159700
2016-03-29,44.707725524902344,44.934939727375365,44.329039039645444,44.934939727375365,15933400
2016-03-30,45.22273254394531,45.61656677581169,44.97280100379151,45.033389329921945,13307100
2016-03-31,44.851627349853516,45.389361454870254,44.768315862483604,45.025822782923086,14904700
2016-04-01,45.34391784667969,45.48782055667632,44.35176112819023,44.70015199286365,15417500
2016-04-04,45.168426513671875,45.45072836079341,44.9853099927719,45.3515401240335,12305000
2016-04-05,44.527530670166016,44.88613234170475,44.41308246121655,44.70301578949337,12886600
2016-04-06,44.87087631225586,44.924284704961316,44.214712732686976,44.39019786736764,12167900
2016-04-07,43.734031677246094,44.58094029750663,43.54328659738702,44.45123212972221,19226800
2016-04-08,44.05448913574219,44.695392781749625,44.016337787692606,44.0315977448046,13547700
2016-04-11,44.40544891357422,44.924275690496295,44.18418395359952,44.18418395359952,17627800
2016-04-12,45.22947692871094,45.31340523792976,44.40545961478091,44.51227640449969,17779200
2016-04-13,47.14456558227539,47.4268675510593,46.06876319851763,46.14506008395989,37516800
2016-04-14,47.75493621826172,47.999089676944244,47.00721588722915,47.068252796630375,24249900
2016-04-15,47.20559310913086,47.99146484329667,46.88514276143262,47.97620488713879,19290700
2016-04-18,47.51076889038086,47.747293757794665,46.946162362908986,47.030090635557045,13813100
2016-04-19,48.311912536621094,48.43398926863786,47.72441735424703,47.72441735424703,19255600
2016-04-20,49.01385498046875,49.067263370955736,48.18220921130312,48.43399120780763,14594400
2016-04-21,48.525543212890625,49.334306244175025,48.327169626577216,49.02911297695888,15395800
2016-04-22,48.80785369873047,49.120672613846104,48.556068787317685,48.556068787317685,12444700
2016-04-25,48.525543212890625,48.79258804933943,48.18220442544583,48.525543212890625,10687200
2016-04-26,48.77732849121094,48.8841452624428,48.319541497206174,48.68577167451773,12048000
2016-04-27,48.9146614074707,49.319039984742055,48.52553987302523,48.72391635622369,15284100
2016-04-28,48.525543212890625,49.151186791198896,48.334798148515205,48.55606312171998,12852500
2016-04-29,48.22035598754883,48.533177797017004,47.83886583402477,48.136427688087316,16376400
2016-05-02,48.67050552368164,48.83073066013099,48.17456725119934,48.594205760702174,10247300
2016-05-03,47.7320556640625,47.99909764427923,47.15218892053575,47.99146912078988,19120300
2016-05-04,46.976680755615234,47.50313593458847,46.74778732608504,47.114017395440925,17030200
2016-05-05,46.72492599487305,47.30478988051289,46.58758927528,46.999596523519564,14033900
2016-05-06,46.999576568603516,47.06061637830194,46.22896788966007,46.312896172726234,11057900
2016-05-09,46.70201873779297,47.22084552212599,46.57994201856982,46.824095457016114,11197100
2016-05-10,47.33530044555664,47.503154139251926,46.808842154290595,46.96143880263639,11897200
2016-05-11,47.159820556640625,47.762572873218176,47.159820556640625,47.28189730676841,11254000
2016-05-12,47.129295349121094,47.732050508551964,46.82410205280347,47.51078551424864,11071700
2016-05-13,46.69439697265625,47.60997395457872,46.557060279840925,47.075887139245694,15122300
2016-05-16,47.04536056518555,47.297145436537456,46.54179373302031,46.702018881768666,10951300
2016-05-17,47.04536056518555,47.42685067775129,46.65624193100547,46.86987546266994,12180900
2016-05-18,48.861263275146484,48.96044862701242,47.068257670998996,47.075889104551216,24007100
2016-05-19,48.365318298339844,48.9985933122803,47.99145960020283,48.47213506923613,16076200
2016-05-20,48.456878662109375,48.975708421159304,48.35006188339339,48.723923519438266,11862000
2016-05-23,48.41872024536133,48.73154199447706,48.189826779514895,48.411091724399725,9347500
2016-05-24,49.24275207519531,49.41823429442217,48.685776773623836,48.78496212270519,13839400
2016-05-25,49.9904670715332,50.50929391228701,49.53268005229814,49.54794291821671,18935200
2016-05-26,49.616607666015625,50.0362491568112,49.52505375608036,50.02861772395737,9428400
2016-05-27,49.92179870605469,49.94468718251046,49.6318683024859,49.75394211727581,10116000
2016-05-31,49.79972839355469,50.21936994406601,49.563206331127496,50.15070450184335,15139400
2016-06-01,50.120174407958984,50.295656605385076,49.029112419298315,49.410602543710056,14031000
2016-06-02,50.211734771728516,50.211734771728516,49.715802203056754,49.990469772576176,10637600
2016-06-03,49.319034576416016,49.486891134478554,48.48738612775607,49.021472794787464,20261700
2016-06-06,49.80734634399414,50.17357939993981,49.28851957703266,49.31903948345121,13193500
2016-06-07,49.639503479003906,50.1583303892585,49.62424643211931,49.93706537242125,9924100
2016-06-08,49.78446578979492,49.95995382435122,49.53268088759244,49.54031232068042,9428000
2016-06-09,49.40296936035156,49.51741755783421,49.03673629262251,49.43348926775207,10817800
2016-06-10,48.70866012573242,48.88414523702763,48.51028653791048,48.777328465851305,16678400
2016-06-13,48.27375793457031,49.09014361079166,48.26612650261639,48.43398307914071,14314900
2016-06-14,47.3658332824707,48.42637576653824,47.060639902498274,47.823620441889574,19509300
2016-06-15,47.281883239746094,48.0524919499347,47.23610338061608,47.61759347508416,16982100
2016-06-16,47.47264099121094,47.53367790918003,46.46550710513754,46.88514573924492,16791200
2016-06-17,47.51841735839844,47.84649915618379,47.25137538835882,47.53367731533487,15751500
2016-06-20,47.58708190917969,48.71629243744769,47.564193430872436,48.411102054708174,12213200
2016-06-21,48.02960968017578,48.067758112442974,47.411594599507545,47.86175308555356,11611600
2016-06-22,47.84650421142578,48.60948467562535,47.82361572887243,48.029620803471055,12643500
2016-06-23,48.868900299072266,48.94519718008778,48.47214720406539,48.60185539443909,16583600
2016-06-24,45.47362518310547,47.075885575894816,45.275251583703934,46.1450486689564,44108700
2016-06-27,43.955291748046875,44.82508874915277,43.52802176919722,44.794568841262375,37300700
2016-06-28,45.41257858276367,45.43546705574299,44.45122197009663,45.16079373783812,29088700
2016-06-29,46.69439697265625,46.70202549535088,45.77881999073377,46.053493376364415,21483000
2016-06-30,47.41160202026367,47.44975045850177,46.55706477946533,47.02248329337223,21343600
2016-07-01,47.10403060913086,47.68072051975448,47.02713979432634,47.41159973474208,14217800
2016-07-05,45.78916549682617,46.596530559013864,45.4431510606898,46.48119436909891,23357700
2016-07-06,46.281288146972656,46.35818189759164,45.18173244529282,45.37396242204529,20429800
2016-07-07,46.58116912841797,47.01176239682201,46.258221243918285,46.5350328782904,13771400
2016-07-08,47.542301177978516,47.80373103107108,47.15784137068396,47.15784137068396,16998800
2016-07-11,47.8806266784668,48.40349227207553,47.780666303254506,47.99596286537728,13151400
2016-07-12,48.595733642578125,48.87254524954996,48.35736744030875,48.46501574675416,16588100
2016-07-13,48.564964294433594,48.7725729490006,48.16512573006703,48.50345224855947,18526900
2016-07-14,49.30314254760742,49.964414083274235,49.24931839314119,49.77986909676755,28985900
2016-07-15,49.349273681640625,49.82600607613982,48.91098962423055,49.78755773905069,17607100
2016-07-18,49.18012237548828,49.51844905190511,49.133989052847454,49.31083736723332,10824400
2016-07-19,49.10322189331055,49.28776101398017,48.79565278126593,48.91099193158177,9737400
2016-07-20,49.157039642333984,49.38771791290621,48.987876359433294,49.295445431398896,10411100
2016-07-21,48.97248840332031,49.34926029896704,48.926355104438,49.2108545359291,9808700
2016-07-22,49.24161911010742,49.280061575911084,48.90329255924083,49.13397081963021,8195700
2016-07-25,49.110904693603516,49.34158003704836,48.96481099383421,49.19548633727906,8168300
2016-07-26,49.31082534790039,49.41078867778186,48.987880435343165,49.19548913621408,8067800
2016-07-27,49.46460723876953,49.74141880864207,49.256995628169165,49.27237730782427,11806800
2016-07-28,49.287757873535156,49.35696370587225,48.99557046222601,49.21086706702143,10013400
2016-07-29,49.18779754638672,49.43385163273282,49.01863426207524,49.05707966309256,13210400
2016-08-01,49.057090759277344,49.44923863146729,48.91099702908829,49.326214493663585,11422600
2016-08-02,48.941734313964844,49.21854584267357,48.7341256674333,48.89559808144821,13550000
2016-08-03,49.71835708618164,49.726042060379385,48.9417464455556,48.972501008327875,13122300
2016-08-04,49.64146423339844,49.841385039383255,49.41847677026017,49.587640077909406,9873000
2016-08-05,50.9793701171875,51.03319425272711,50.03359645968782,50.08742059522743,20752700
2016-08-08,50.82560729980469,51.12548560968386,50.62568647108737,50.80254064002839,11359200
2016-08-09,50.648746490478516,50.96400054023113,50.51034069960385,50.88710973783236,10097000
2016-08-10,50.1950798034668,50.80252710342421,50.102813188946534,50.6871879688818,11556100
2016-08-11,50.333492279052734,50.51034642436725,49.995165670482116,50.187395631462174,9604500
2016-08-12,50.2258415222168,50.248908177787285,49.872139115220016,49.95672076324018,7685400
2016-08-15,50.53339767456055,50.61797930091616,50.333476933502645,50.41036772117382,8371600
2016-08-16,50.52571105957031,50.71794097801323,50.16431787427497,50.256590347028535,10128900
2016-08-17,50.66411209106445,50.73331790574673,50.394991403724475,50.594912142773175,11868100
2016-08-18,50.71025085449219,50.7410083458442,50.387305994883484,50.456511817023426,9313600
2016-08-19,50.64105987548828,50.679508213091644,50.148951659407146,50.533411569870076,9084900
2016-08-22,50.59491729736328,50.65642641331394,50.29503909143426,50.55646896680147,9055600
2016-08-23,50.57185363769531,51.01013769747138,50.56416866335008,50.802531928690144,8949600
2016-08-24,50.71025085449219,50.925553293956284,50.571845076603935,50.7410083458442,10167200
2016-08-25,50.80253219604492,50.856356348707955,50.58723558539279,50.67950807555484,9978700
2016-08-26,50.91786193847656,51.42534587466245,50.63335954614754,51.00244357223947,14038600
2016-08-29,51.47917556762695,51.594514704865475,51.10240652794717,51.12547318211643,14583100
2016-08-30,51.90208435058594,51.97897515412317,51.47917613154277,51.47917613154277,13791200
2016-08-31,51.90208435058594,52.10969010677568,51.40997616827695,51.87132685589259,14952300
2016-09-01,51.679100036621094,52.071250784667065,51.24850681767972,52.00973579156326,12226500
2016-09-02,51.89440155029297,51.963607390673104,51.50225663158057,51.82520157630603,13720700
2016-09-06,51.855960845947266,51.94054250574742,51.2946467278547,51.90209416351339,16649400
2016-09-07,51.64066696166992,51.97129691037709,51.486879450928996,51.64066696166992,10070400
2016-09-08,51.709861755371094,52.04049753731023,51.51763178602027,51.68679509767189,12253000
2016-09-09,51.24850845336914,51.848264989291984,51.24081761238754,51.54069588034896,19686900
2016-09-12,51.56376266479492,51.74830765045415,50.56417039124182,50.85635781894636,16453000
2016-09-13,51.156227111816406,51.409972022781325,50.61029482441394,50.83328224316568,18876100
2016-09-14,51.056278228759766,51.70985891537818,50.91018158283122,50.956314895695904,12648600
2016-09-15,51.24081039428711,51.46379782019958,50.817902195764844,50.9716896617693,12531300
2016-09-16,50.61030960083008,50.948636247562696,50.31812213908415,50.81791540089286,25161500
2016-09-19,50.894805908203125,51.24081748843148,50.63337011299651,50.86404841074395,13466900
2016-09-20,51.1024169921875,51.40229529057841,50.93325367178372,51.32540447213853,10092200
2016-09-21,51.39459228515625,51.61757971233241,50.98706576412094,51.39459228515625,14116800
2016-09-22,51.8175163269043,51.84058298738926,51.39460799670056,51.50994716551919,12781700
2016-09-23,51.709861755371094,52.209660848961846,51.656037598608584,51.817510068896105,13967400
2016-09-26,50.579551696777344,51.36385330497545,50.39501255748098,51.21006580023392,16408100
2016-09-27,51.0255126953125,51.06396102757298,50.064363052719045,50.29504131349822,13711400
2016-09-28,51.29462814331055,51.34076144416213,50.74100506752651,51.19467070266837,11278000
2016-09-29,50.47959899902344,51.67911231763663,50.24892065326212,51.2869614764,18727200
2016-09-30,51.20235824584961,51.56375143104092,50.81021343614085,50.81021343614085,21680100
2016-10-03,51.140865325927734,51.45611944139577,50.94863534666395,51.017835323330075,14901700
2016-10-04,51.582313537597656,52.03153030917865,51.19505892258711,51.28025541061235,17226900
2016-10-05,52.42653274536133,52.72084413154734,51.737219989239854,51.806922985032614,16280000
2016-10-06,52.56596374511719,52.64341351603945,51.93086616909259,52.45753288401826,17485000
2016-10-07,52.751834869384766,52.80605029016269,52.20193391319797,52.503992101680325,18497000
2016-10-10,53.16233825683594,53.48763086935437,52.84479239481726,52.929983014157465,13027500
2016-10-11,52.9067268371582,53.301728223079316,52.61241543906146,53.053885490724994,15657100
2016-10-12,52.76731872558594,53.123592309651414,52.705362469819484,52.8680087206513,11899800
2016-10-13,52.46528244018555,52.56597247724575,51.75273497487207,52.24842068196316,17890000
2016-10-14,52.294864654541016,53.464375336830855,52.12447757435252,53.28624150921294,24163800
2016-10-17,52.0237922668457,52.5039901970575,51.69075300585184,52.217419606748244,14963400
2016-10-18,52.43428421020508,52.82928566019575,52.310365778446666,52.55046180244207,11870300
2016-10-19,52.937713623046875,53.05389120896159,52.519477859176405,52.519477859176405,12705800
2016-10-20,52.868011474609375,53.19330399321787,52.62016871152134,52.728599551057506,14122000
2016-10-21,53.0461540222168,53.07713511131412,52.434290807881325,52.51948732563933,12175700
2016-10-24,53.340457916259766,53.47986982740012,53.0538873464054,53.417907664885064,10197100
2016-10-25,53.286251068115234,53.38693516661134,52.960952617131674,53.348207331553915,9945100
2016-10-26,53.54183578491211,53.63477904552993,52.95321286144696,52.95321286144696,9801300
2016-10-27,53.61928939819336,54.03751928232259,53.5185993924633,53.820657591577685,14210700
2016-10-28,53.526344299316406,53.86713032106799,53.03065876351649,53.851636824240536,12766500
2016-10-31,53.64251708984375,53.8903598355686,53.6192827557191,53.7741822559082,14336300
2016-11-01,53.41791534423828,54.045266080039234,52.922229790932214,53.81291680076083,15564500
2016-11-02,53.19330596923828,53.32497114941791,52.674386088033046,53.17007163262279,12449800
2016-11-03,52.96095657348633,53.58831327586177,52.837038128313864,53.33272372708061,10369700
2016-11-04,52.48075485229492,53.10035878264304,52.38781160367589,53.04614336487462,13571300
2016-11-07,54.12272262573242,54.19243155458262,53.441156381740946,53.50311856093253,16515100
2016-11-08,54.23889923095703,54.64164747921223,53.62703601809747,53.98330967829952,17531700
2016-11-09,56.73282241821289,57.42988216898161,55.238018806190574,55.346449666416966,50948400
2016-11-10,59.366146087646484,59.8308505411097,57.48408802843842,57.48408802843842,56192300
2016-11-11,59.39712905883789,59.420363395893304,58.68457590459041,59.095070859041705,27574300
2016-11-14,61.581260681152344,62.30155485405974,59.83086730985407,59.83086730985407,46130700
2016-11-15,61.46506881713867,61.503796652241036,60.24134249997539,60.69830613622361,28126300
2016-11-16,59.947025299072266,60.68280682320149,59.54427712514078,60.582122734237345,26054900
2016-11-17,60.427215576171875,60.76800157367114,60.10192307439744,60.3575125725219,19306700
2016-11-18,60.1871337890625,60.737034836427284,60.063215339182456,60.38076116809399,19770000
2016-11-21,60.45046615600586,60.543403510096915,59.861837307596645,60.41173831910907,11983500
2016-11-22,60.822227478027344,60.845461816583565,60.225857788610654,60.68281553765174,14410100
2016-11-23,61.077796936035156,61.37210830936613,60.32652205488794,61.08554368268597,13373700
2016-11-25,61.0545654296875,61.53475738159862,60.775741627722574,61.263680326642884,6185700
2016-11-28,60.659576416015625,61.08555895275138,60.427221230698336,60.55114557194431,13007200
2016-11-29,61.1242790222168,61.31016552844327,60.71378999511588,60.71378999511588,14144100
2016-11-30,62.092411041259766,62.371234870417744,61.728390713801446,61.89878371040212,25351900
2016-12-01,63.347137451171875,63.72664548002062,62.464197027868835,62.464197027868835,23823600
2016-12-02,63.19996643066406,63.37810619425429,62.65781220936829,63.354871857489876,16931500
2016-12-05,64.48567962646484,64.50891397214451,63.734404267941606,63.742151019514864,18529800
2016-12-06,64.81867980957031,64.91161713604647,63.84279651831485,64.74897090567666,16130000
2016-12-07,65.11300659179688,65.12849418019373,64.16810415556512,64.71026429406163,18996900
2016-12-08,65.92623138427734,66.22054278049295,65.01231020661784,65.23691860466533,20844900
2016-12-09,66.2127914428711,66.2205381895872,65.16720517957962,65.8487711646872,14567200
2016-12-12,65.62416076660156,66.4451385482774,65.28337486068223,66.11209938813869,14511300
2016-12-13,65.64739990234375,66.35220018506628,64.91935938057743,65.81779286778149,16669000
2016-12-14,65.62416076660156,66.7007279777169,64.8728859698443,64.96582328306908,22622600
2016-12-15,66.60780334472656,66.98731126739281,65.7558442511945,66.14309892180337,19438900
2016-12-16,65.78683471679688,66.83242129476051,65.74810688059749,66.83242129476051,23008500
2016-12-19,66.16633605957031,66.17408280784112,65.20594609030616,65.67839728118622,21685100
2016-12-20,67.018310546875,67.02605729692102,66.25929449545518,66.44517513328712,14587300
2016-12-21,67.18866729736328,67.2351359544585,66.63101977607778,66.94082461112924,11400500
2016-12-22,67.29711151123047,67.51397316626226,66.77044495942316,66.94858469550609,13924200
2016-12-23,67.42102813720703,67.49847787530051,66.91759597604498,67.38230031364216,10759400
2016-12-27,67.48298645019531,67.50622669046815,67.18867507280675,67.4210302032437,6946400
2016-12-28,66.99507141113281,67.68438438992312,66.87889380491274,67.50625051488572,9455600
2016-12-29,66.52259063720703,67.12670683072677,65.86425903937234,67.05700384333721,14689000
2016-12-30,66.83242797851562,66.93311209004979,66.34448910241181,66.68526927708676,13617800
2017-01-03,67.56045532226562,67.97094434521136,66.59231860436053,67.6456459171267,20550700
2017-01-04,67.68507385253906,67.89534588056631,67.28788675322748,67.7240100360894,15266600
2017-01-05,67.06201171875,67.8408064144115,66.40003741578413,67.60716562902026,14300800
2017-01-06,67.06981658935547,67.45921402578331,66.92963327457211,67.28008859066382,12893300
2017-01-09,67.11653137207031,67.5760174196593,66.60252398825989,66.76607611345946,12806600
2017-01-10,67.31123352050781,67.67726802021818,66.75828993604014,67.03086692250551,13989000
2017-01-11,67.81745147705078,67.81745147705078,66.90626300228905,67.31123367716116,14713100
2017-01-12,67.16326904296875,67.9654268217424,66.99193321803973,67.56824570947977,21337400
2017-01-13,67.52149963378906,68.666328819246,67.05422399161313,67.84080832001078,28296000
2017-01-17,65.06832122802734,66.36890738407854,64.85804326163942,66.14305613286714,30024600
2017-01-18,65.37203216552734,65.59788335240478,64.66332610238793,65.1306017565302,21270100
2017-01-19,64.87360382080078,65.94054880534814,64.73342053079128,65.4654835415233,16555600
2017-01-20,65.16178131103516,65.28639137279569,64.86584132695606,64.97487216012914,18436800
2017-01-23,65.19288635253906,65.41873746871251,64.80348910570149,64.8735836998321,12179200
2017-01-24,65.97948455810547,66.19754611226881,65.07607990030681,65.35644645329731,15175300
2017-01-25,66.99971008300781,67.10874087053935,66.32994613575282,66.85173718204403,17551000
2017-01-26,67.56045532226562,67.71621192037865,66.93741704634678,66.93741704634678,15962800
2017-01-27,67.7006607055664,67.73960283865527,67.18665306912288,67.49038863539833,12535400
2017-01-30,66.99971008300781,67.36574455903465,66.44676653431725,67.12432009260516,13661900
2017-01-31,65.9094009399414,67.09317234813444,65.4888510403254,66.66483283693314,15655100
2017-02-01,66.15863037109375,67.05424577556718,65.94835834340964,66.61812249341696,15430900
2017-02-02,65.87825775146484,66.12747782357633,65.54338164846553,65.68355902642791,11081400
2017-02-03,67.89533996582031,67.99658116431239,66.87512054297366,67.12433467457488,17885200
2017-02-06,67.5760269165039,68.10560765527948,67.4514228294743,67.59160614096587,11828400
2017-02-07,67.5370864868164,68.06666719225065,67.3501773971728,67.86417887912593,9392800
2017-02-08,66.9452133178711,67.21779036254907,66.4857271485188,67.11654915787837,13970900
2017-02-09,67.91091918945312,68.0121663385345,66.94521508774851,66.94521508774851,13749100
2017-02-10,67.75515747070312,68.12898164352498,67.66948955488424,68.12898164352498,10992500
2017-02-13,68.6507568359375,69.11024287593186,68.09002367804236,68.09781328904987,18739100
2017-02-14,69.74886322021484,69.85789402130563,68.61961309103182,68.76758601039775,17932100
2017-02-15,70.551025390625,70.76909294827719,69.58532140224175,70.15384427951581,17381800
2017-02-16,70.50428009033203,70.90146703327147,69.91239448109133,70.4030389228788,17672700
2017-02-17,70.27067565917969,70.45758479601227,69.85012564500565,69.95136685626198,15776600
2017-02-21,70.87810516357422,70.9871359429328,70.4497657148571,70.48870782537024,14068300
2017-02-22,70.91706085205078,71.1039759038834,70.41863259729745,70.49651089802762,11839000
2017-02-23,70.97156524658203,71.13511143526377,70.4964999615735,71.01050736177258,11067000
2017-02-24,70.34852600097656,70.51207217339706,69.88125037381342,70.23170560875279,15062300
2017-02-27,70.42642211914062,70.66006296276359,70.10711336230482,70.34075420592777,12361000
2017-02-28,70.57438659667969,70.730143179284,69.77222296524252,69.97471127601432,15183500
2017-03-01,72.89520263671875,73.19114850623946,72.12419733686983,72.26438065881814,24451400
2017-03-02,71.75814819335938,73.14440190548099,71.67248029503884,73.10546573280139,16862500
2017-03-03,72.27217864990234,72.51360319946001,71.75817109592678,71.75817109592678,12817500
2017-03-06,71.5868148803711,71.89833398127806,70.94820339729152,71.84381858424929,15059200
2017-03-07,71.18965148925781,71.7192263679883,71.03388892927757,71.36877100606745,11156800
2017-03-08,71.03388977050781,72.31111306880098,70.94822184693767,72.17871934755047,17378400
2017-03-09,71.3142318725586,71.75814462279834,70.98713951800976,71.33759476335035,13726200
2017-03-10,71.0884017944336,71.64913510681654,70.50430558432367,71.61019298278231,13729900
2017-03-13,71.15071105957031,71.47780353072328,70.81582897479915,71.11176893321361,10004300
2017-03-14,71.26752471923828,71.37655553258692,70.69121220098558,70.88591093078438,10237700
2017-03-15,71.43887329101562,72.07748500096265,70.97159150278652,71.49338870741104,16601400
2017-03-16,71.36876678466797,72.27995542515347,71.31425137733295,71.67249633149648,14492000
2017-03-17,70.62110137939453,71.68026261292394,70.59773848981742,71.51671644415228,21734700
2017-03-20,70.11491394042969,71.00273977827389,69.92800480133995,70.30182307951941,14623600
2017-03-21,68.05887603759766,70.58995909821148,67.80187233158101,70.37189750828199,33089200
2017-03-22,68.16788482666016,68.58843458936238,66.98411974558525,67.66945679865695,21741000
2017-03-23,68.05887603759766,68.92333872748438,67.82523522454022,67.91869273810973,16090100
2017-03-24,67.98099517822266,68.60402741994422,67.5760185764578,68.37039255744831,16093200
2017-03-27,67.94208526611328,68.0666953385585,66.37671133773334,66.61034631096521,16689300
2017-03-28,69.001220703125,69.32831310548852,67.73957688208488,67.77072344653881,16264400
2017-03-29,68.74423217773438,69.1725718053135,68.59626516780786,69.00123595428184,10207600
2017-03-30,69.3360824584961,69.67096437499208,68.62738246044675,68.68968151288479,11631000
2017-03-31,68.40935516357422,69.11027190535977,68.33926646026305,69.08690900425604,16987600
2017-04-03,68.1601333618164,68.66635128216181,67.4436434133115,68.52616794947745,19831800
2017-04-04,68.38728332519531,68.66926092713985,67.92515701837603,68.0583114482181,14280800
2017-04-05,67.510009765625,69.35069215851588,67.46300952531486,69.25669765376851,17635500
2017-04-06,67.73716735839844,68.07397357376868,66.77374298275261,67.34553250219462,14379600
2017-04-07,67.50218200683594,67.99563975937058,67.13404429703098,67.3063645846736,13097100
2017-04-10,67.26720428466797,67.90165684864823,66.8912381494472,67.42386182090493,15081600
2017-04-11,67.14969635009766,67.19669060745869,66.42125548164177,67.00087323395842,14690500
2017-04-12,66.89124298095703,67.32203779100827,66.60143099989119,67.30637502419025,14730600
2017-04-13,66.10795593261719,68.13662134346335,66.10795593261719,66.96955130392587,30529800
2017-04-17,67.25152587890625,67.42384614075497,66.08445589075707,66.13928452172051,19071700
2017-04-18,66.7032699584961,67.07140180504003,66.37429204696436,66.8599215537967,14127000
2017-04-19,66.15493774414062,67.29851043638267,66.07661199346931,66.96953869804011,17588500
2017-04-20,67.00873565673828,67.1888843692932,66.22546583480505,66.56227209727132,15635800
2017-04-21,66.20195770263672,67.11055349563203,66.19412930764038,66.96956469933531,19820600
2017-04-24,68.53608703613281,68.96688768785181,67.690154470506,67.79198333866097,25468300
2017-04-25,69.13139343261719,69.81283432628398,69.13139343261719,69.35854238913087,18253800
2017-04-26,69.26451873779297,69.7501479553652,69.0373698767933,69.20185574664718,12832200
2017-04-27,68.62226104736328,69.21754771127867,68.15230040779798,69.21754771127867,13329000
2017-04-28,68.14446258544922,68.81024062243121,68.10529671085533,68.61442320120865,10755600
2017-05-01,68.1914291381836,68.72405254646165,67.79979445491652,68.42641233849224,15712300
2017-05-02,67.75284576416016,68.0504861722715,67.37687358602604,67.91733172463287,14414200
2017-05-03,68.14446258544922,68.22278835876355,67.37685566487248,67.40818716937291,11540500
2017-05-04,68.22279357910156,68.71625734290075,67.80766157048403,68.68492583600288,11540100
2017-05-05,68.14446258544922,68.41077140989263,67.69016473400326,68.34028000667178,9436000
2017-05-08,68.22279357910156,68.39511387910294,67.87032458427979,68.1757993066917,8162200
2017-05-09,67.94863891601562,68.80239992561918,67.75282151279944,68.34810809182105,10273900
2017-05-10,68.48126220703125,68.52042807786079,67.72932409891266,67.7763183632098,8334900
2017-05-11,68.269775390625,68.52042140224529,67.6353230050609,68.21494078645678,10907400
2017-05-12,68.08179473876953,68.18362361512862,67.62749691960455,67.89381170099793,8738800
2017-05-15,68.41077423095703,68.52826588371028,68.0348081131951,68.22279117207606,8835600
2017-05-16,68.62226104736328,68.99822716866602,68.41077487524096,68.42644361622159,9795000
2017-05-17,66.00615692138672,68.622281696097,65.77117951883525,68.622281696097,24679700
2017-05-18,65.76332092285156,66.42127055457397,65.29336031497748,65.8494810648137,23350100
2017-05-19,66.40560913085938,66.84423828308452,65.91215133460608,65.95914560780906,13412900
2017-05-22,66.34292602539062,66.80505815014389,65.95912563341982,66.71889802478094,11636000
2017-05-23,67.1732177734375,67.41602949211696,66.19413055182788,66.38211362513216,11753000
2017-05-24,67.13402557373047,67.33767730922655,66.76588796659702,67.26717994945523,9833800
2017-05-25,66.85205841064453,67.42384784157801,66.64057825041434,67.35335047091945,12238500
2017-05-26,66.85990905761719,67.01656062363946,66.59359422433029,66.66409161215225,8113500
2017-05-30,65.71630859375,66.69539541434857,65.62231410765872,66.67972667873083,12603200
2017-05-31,64.34558868408203,65.6536472755146,63.94611957785747,65.5831558910542,28327900
2017-06-01,65.05838012695312,65.0740488676247,63.95397294455287,64.58841949665783,17123500
2017-06-02,64.72940063476562,65.00354380538839,64.21244579528742,64.45525746414287,14998500
2017-06-05,64.84687805175781,65.41083300815033,64.68239218545527,64.7293864398641,9080200
2017-06-06,64.98004913330078,65.18370091456245,64.32993389272868,64.45525990454298,12196800
2017-06-07,65.72415924072266,65.88081078047064,65.089706760235,65.25419266973233,13711100
2017-06-08,66.53874206542969,67.14969729911759,65.70847830233353,65.7241470389233,17951000
2017-06-09,68.1131362915039,68.18363367599116,66.88340303118841,66.97739755188012,19120200
2017-06-12,68.12879943847656,68.72408009302073,68.05830205977821,68.11313069837763,16053400
2017-06-13,68.3559341430664,68.81023193717068,68.12879122188697,68.57525464688663,12557200
2017-06-14,68.21495819091797,68.38727848834901,67.2202082592121,67.96431211534748,16175700
2017-06-15,67.80766296386719,68.20713221518145,67.5491825085536,67.55701687940753,12509700
2017-06-16,67.50218200683594,68.11313140784267,67.37685598823278,68.02697126402137,16936600
2017-06-19,68.98255157470703,69.10787757574992,68.02696173230915,68.12095623309132,15972300
2017-06-20,68.5517578125,68.86506687075456,68.43427214454363,68.73191246315517,11197800
2017-06-21,68.23846435546875,68.57527059482265,67.95648676085273,68.52044195008476,10005900
2017-06-22,68.1601333618164,68.42644819343792,67.87032736890006,68.08964195030946,12180600
2017-06-23,68.03478240966797,68.92770907184719,67.83896505435023,68.66140033703334,18812000
2017-06-26,68.33246612548828,68.66927243001452,67.84684259980526,68.1523173904366,10082400
2017-06-27,68.9668960571289,69.66400557750804,68.53609535313134,68.70058126487407,15415200
2017-06-28,70.35328674316406,70.54910417520091,69.39769671868443,69.39769671868443,17466200
2017-06-29,71.39503479003906,72.56993934727764,70.73708513053118,72.32712167518761,27697800
2017-06-30,71.59085083007812,72.0608114486993,71.40286777780436,72.02947994400809,16892700
2017-07-03,73.04786682128906,73.62280146275945,71.99251507971225,72.1106469845575,13208100
2017-07-05,73.78032684326172,73.86696092693228,72.93761840016664,73.33928496911697,17535400
2017-07-06,73.54403686523438,74.43400391603566,73.15024783638246,73.67005223866397,16596100
2017-07-07,73.91419219970703,74.16621691288384,73.42589769784496,74.00082625818123,12817800
2017-07-10,73.39439392089844,73.78030544887068,73.31563131585897,73.63854117204002,13987200
2017-07-11,73.11088562011719,73.50467471942785,72.67771520737753,73.50467471942785,13262300
2017-07-12,72.85884857177734,73.11087331256029,72.51231229992189,72.93760517663256,13540100
2017-07-13,73.32351684570312,73.54403774309344,72.72495583225525,73.00061296273695,12820100
2017-07-14,72.6540756225586,72.93760420324857,71.3388217119235,71.51996129979871,22235200
2017-07-17,71.97676849365234,72.44931419402194,71.86650803052426,72.31542734718705,14374200
2017-07-18,71.72476196289062,72.12642861430464,71.13407818500076,71.23646121001973,14719400
2017-07-19,71.8271255493164,72.1579129420607,71.66961232133873,71.93738601064967,11651200
2017-07-20,71.8271255493164,72.23666955604953,71.59085570734989,71.78775024669423,11561700
2017-07-21,71.58296203613281,71.95312464769027,71.29155602073281,71.71684885047479,10971300
2017-07-24,71.89012145996094,72.09489342976181,71.59872143509334,71.63809673126121,10725100
2017-07-25,73.08726501464844,73.65431631514754,72.66984348902751,72.74860612211334,16447700
2017-07-26,72.40203857421875,73.3943884378989,72.20514409381555,73.32350330040754,11815500
2017-07-27,72.10277557373047,72.50443606793534,71.79562060345903,72.323296474567,12332400
2017-07-28,71.89012145996094,72.2602840946513,71.59872143509334,72.02400828267002,9351900
2017-07-31,72.2996597290039,72.74070146745106,72.06338393555406,72.0712613976672,11520300
2017-08-01,73.26838684082031,73.35502090916084,72.67770328872244,72.8430939622606,12523700
2017-08-02,73.3314208984375,73.41017753195598,72.8588750885806,73.14240377624394,10165600
2017-08-03,72.85099792480469,73.34717012590073,72.64622586981041,73.00851119249505,11078800
2017-08-04,73.76455688476562,74.34736291062868,73.614915144969,73.63854152309622,14324000
2017-08-07,74.04808044433594,74.1819732701277,73.80393318868943,73.94569746813588,7978300
2017-08-08,73.78032684326172,74.99319800590466,73.7173191444568,73.99297031579727,13745400
2017-08-09,73.66216278076172,73.7803006719289,73.11086063363857,73.22899852480575,11214400
2017-08-10,72.60682678222656,73.29989334536461,72.51231524731246,73.16600651079432,13252300
2017-08-11,72.00038146972656,72.9848539991488,71.85861718514002,72.55956114538917,10679500
2017-08-14,72.84310913085938,73.16601909077824,72.71709973805218,72.74860358844025,10994800
2017-08-15,73.0321044921875,73.68578961101827,72.96909681534463,73.48889512744137,8812700
2017-08-16,72.52803802490234,73.4258822611257,72.36264740497069,73.2762405536315,11085400
2017-08-17,71.39397430419922,72.42569995739854,71.27583635710683,72.26818670043907,13837500
2017-08-18,71.46483612060547,72.09490101299934,71.03167176473579,71.12617729247398,13040700
2017-08-21,71.37821960449219,71.62237296493957,71.00806284856375,71.55148779295627,11502100
2017-08-22,72.11063385009766,72.22877174216879,71.66959212902444,71.72472234415858,9211800
2017-08-23,72.19729614257812,72.72497212364645,71.54360475834683,71.56723715299876,8811300
2017-08-24,72.07913970947266,72.55169134133634,71.99251165295749,72.40204959066327,8623200
2017-08-25,72.37055969238281,72.83523395091767,72.29968053919237,72.36268222800229,11794600
2017-08-28,72.14216613769531,72.60684042742044,71.7720034006461,72.58321404143776,7292900
2017-08-29,71.74835205078125,71.91374270385975,71.12616473182321,71.23642516720888,10886100
2017-08-30,71.91374206542969,72.36266126515542,71.81923655521986,71.86648931032477,9165300
2017-08-31,71.58296203613281,72.33903617498197,71.51208290221405,72.30753233477036,13217400
2017-09-01,72.22090911865234,72.74071354706561,71.63022554567948,71.86650137836624,9815800
2017-09-05,70.49613189697266,71.75625591411801,70.11021422238964,71.68537074600765,16897300
2017-09-06,70.96864318847656,71.29154699446198,70.59848062378563,70.88200914104922,11845700
2017-09-07,69.72429656982422,70.98442047877172,69.36988878593876,70.96867155873572,14592300
2017-09-08,69.63764953613281,70.42522758383957,69.49588524719584,69.55101547018558,14242200
2017-09-11,70.71664428710938,71.07892952262966,70.05507550273938,70.40161181877816,13219000
2017-09-12,71.58296203613281,71.86649058929413,70.96077471162565,71.01590492981016,14003800
2017-09-13,71.78772735595703,72.06337842139418,71.13403625167568,71.36243456553576,12485400
2017-09-14,71.64598083496094,72.08702264888038,71.46483522781885,71.82712043335897,10562800
2017-09-15,72.15790557861328,72.22878472134694,71.48058795168697,71.73261269597974,18171800
2017-09-18,73.1817626953125,73.35503085548726,72.33905428707178,72.40206198327071,11318700
2017-09-19,73.98509979248047,74.31588120225805,72.86673415520467,73.01637593956617,12626100
2017-09-20,74.50491333007812,75.04834433350017,73.80396905461157,74.11112414122069,15311600
2017-09-21,74.84353637695312,75.11131602149374,74.18197374116447,74.39461715731274,10851500
2017-09-22,74.6860122680664,74.80415015255132,74.37097991235413,74.58362329743304,8358300
2017-09-25,74.12686157226562,74.72541667171238,73.59917961713568,74.43401658635521,10463400
2017-09-26,73.79606628417969,74.05596850180585,73.5125376847228,73.85907397489102,9358100
2017-09-27,74.96168518066406,75.38697808355587,74.489139513699,74.79629449766351,15090200
2017-09-28,75.11920166015625,75.51299073450782,74.74904497761109,75.28459235033458,10270400
2017-09-29,75.22158813476562,75.2294595896919,74.83567052858669,75.05619745015075,11438400
2017-10-02,76.26905059814453,76.30055443917817,75.18219512182877,75.42634237891036,13797200
2017-10-03,76.67073059082031,76.73373828400685,76.21393382833452,76.26119260259658,9633500
2017-10-04,75.89103698730469,76.74162289834425,75.82802928824734,76.63136242936632,12166600
2017-10-05,76.91294860839844,77.15852914183569,75.6929936290883,76.04947311677554,14236200
2017-10-06,76.77826690673828,77.34863883142569,76.42178747574272,77.27734536277384,10231900
2017-10-09,76.37425994873047,76.8970968603891,76.16036745097192,76.80995636780128,7765100
2017-10-10,76.94462585449219,76.98423736708237,76.23958444623851,76.41386543144608,10631500
2017-10-11,76.71488189697266,76.84955739505855,76.1603570596805,76.70696443063093,14283600
2017-10-12,76.04153442382812,77.23773071487484,75.74843100611379,77.07929676172482,18251600
2017-10-13,75.93855285644531,76.61190622222833,75.22558798049415,75.63752592831833,13190600
2017-10-16,77.5070571899414,77.5941976633323,76.3187846006477,76.3187846006477,12434000
2017-10-17,77.3327865600586,77.77640641720309,77.09512961152132,77.68926593899724,10335700
2017-10-18,77.62589263916016,78.06951855555813,77.34070670857126,77.75264462780743,10158600
2017-10-19,77.72095489501953,77.79224835414092,76.91292609510636,76.99214910817547,9133900
2017-10-20,78.83003234863281,79.13105933221505,78.21213135693462,78.6478278297087,15326600
2017-10-23,78.69534301757812,79.21026243499992,78.61612604040583,78.83001852702576,9238600
2017-10-24,79.94700622558594,80.1608987507843,79.02807824568387,79.12313621788844,13000800
2017-10-25,80.02619171142578,80.3668300800802,79.36868550167888,80.20839615953396,14632700
2017-10-26,80.5965805053711,81.13526441033011,80.26386557568497,80.28763006439571,13054400
2017-10-27,80.62034606933594,80.98475504732049,80.04998020106746,80.35100713519816,10400400
2017-10-30,80.33519744873047,80.74712952135523,79.90741834800262,80.11338136237983,8839500
2017-10-31,79.7014389038086,80.5649144629254,79.66975089560208,80.30349897199335,8690200
2017-11-01,79.94700622558594,80.5649072203918,79.79649575497236,80.08959922776182,8418200
2017-11-02,80.4777603149414,80.6203533057746,79.34494594382086,79.90739439547718,8731800
2017-11-03,80.33519744873047,80.43025544186753,79.7965133267625,80.08961686409556,7103500
2017-11-06,79.83609008789062,80.5569785104791,79.7410321289511,80.27971001325695,8121500
2017-11-07,78.22796630859375,79.81233018319818,77.83187533994264,79.66181368107283,18822600
2017-11-08,77.3486328125,77.92692820332664,76.9604654110197,77.84770518583183,18524700
2017-11-09,77.3406982421875,77.80808859432537,76.69110948114853,76.93668992130239,13697800
2017-11-10,77.24565887451172,77.90316525913563,77.23773536321698,77.48330981853911,9314000
2017-11-13,77.52291107177734,77.67342754711649,76.54060733661845,76.59605982060644,9303100
2017-11-14,77.05551147460938,77.45952583480914,76.72279661038215,77.11096395198058,11043800
2017-11-15,77.7843246459961,78.22002096357636,76.00983325016318,76.35839513932088,15384100
2017-11-16,78.00614166259766,78.47352601664836,77.87938967541058,78.0536706358591,9808000
2017-11-17,77.7447280883789,77.95862057743255,77.29318466510432,77.49123013222243,9017900
2017-11-20,78.43392181396484,78.54482678260206,77.44369456265586,77.99029589554853,9483200
2017-11-21,78.37055969238281,78.86171467176783,78.35471871285942,78.8221031571565,13389400
2017-11-22,78.14082336425781,78.8379412714542,78.10121185108609,78.44977382661847,7342200
2017-11-24,77.88732147216797,78.34678840880366,77.83979249384981,78.29133591947647,3680000
2017-11-27,77.5783920288086,78.52900811574827,77.5783920288086,77.87941904610324,13076200
2017-11-28,80.29556274414062,80.56490170544176,77.61006642355048,77.80018839881413,16773000
2017-11-29,82.17303466796875,82.56120212332122,80.77086926031032,81.12735475690907,21105500
2017-11-30,82.79884338378906,84.4941180843332,82.41859948457505,82.97312435587374,23945900
2017-12-01,83.01273345947266,83.43258885612528,80.96097940739915,83.09987394298935,19683500
2017-12-04,84.72384643554688,85.87251374430785,84.58125346079957,85.34175335536375,23576600
2017-12-05,83.74945068359375,85.08823969690667,82.48196116642573,83.63854572858321,17193900
2017-12-06,83.12364196777344,83.78115435542739,82.8067680182164,83.61479689178023,15476200
2017-12-07,82.87808990478516,83.3296334405636,82.1730483496902,82.34732332732632,13371800
2017-12-08,83.91582489013672,83.92374840104038,82.65625258664447,82.98105005114712,13506900
2017-12-11,83.67024230957031,84.01879818514915,83.4246618463844,83.7494592792988,10591200
2017-12-12,84.6446304321289,85.05656838340782,83.60687413079387,84.69216545350291,15508800
2017-12-13,83.58312225341797,84.85061221038977,83.55935776107926,84.52581469811042,15020300
2017-12-14,82.90975952148438,84.32775978620319,82.8939124991157,84.06634435580193,13034200
2017-12-15,84.08218383789062,84.383210774988,83.3375309403884,83.80492139005514,29350600
2017-12-18,84.73178100585938,85.26254146408046,84.3515370528142,84.91398551443382,12713100
2017-12-19,84.37528228759766,85.15161704014031,84.31982980527317,85.04071207549136,12149900
2017-12-20,84.08218383789062,85.34175616358337,84.0425723265421,85.23876865162443,13091500
2017-12-21,85.42097473144531,85.61109669294521,84.4149003456108,84.43866483531477,12323700
2017-12-22,85.11992645263672,85.92003171084677,84.61293061714267,85.71406276396885,14573400
2017-12-26,84.779296875,85.54771421791374,84.28814800796727,84.92188984630221,7403700
2017-12-27,84.93775177001953,84.99320426615147,84.50204926907665,84.50204926907665,9496500
2017-12-28,85.3892822265625,85.42888769269067,84.89020983749903,85.08033178897065,7440600
2017-12-29,84.71591186523438,85.77743242881093,84.71591186523438,85.62691597366899,8925700
2018-01-02,85.5160140991211,85.5714665776644,84.61292742349194,85.26251619094215,13578800
2018-01-03,85.60316467285156,85.9438030937749,85.14370381521928,85.44473072799458,11901000
2018-01-04,86.82949829101562,87.61784217489802,86.16059584760555,86.28800815124671,12953700
2018-01-05,86.2720718383789,87.23561060219888,85.82614096116491,87.00468037639804,14155000
2018-01-08,86.39946746826172,86.54280323334294,85.76241827337822,86.12076072375694,12466500
2018-01-09,86.83745574951172,87.2993101228466,86.39151879975896,86.57467245194621,13292300
2018-01-10,87.79302215576172,88.15135859156264,87.10819628148904,87.17190242685217,15834500
2018-01-11,88.2628173828125,88.33448829575626,87.63373911277154,88.12744641712524,13676800
2018-01-12,89.7201156616211,89.86345149602204,88.26286902443725,88.90788331691864,18884200
2018-01-16,89.40155792236328,90.32527875329848,88.44599009584942,88.79636780073547,22703300
2018-01-17,89.97489166259766,90.22175141772145,88.6370931998207,89.09895356710891,14940300
2018-01-18,90.18991088867188,90.55621210406086,89.40156102531618,89.7917566012466,14572900
2018-01-19,89.99081420898438,91.04989976635252,89.82359017361046,90.73138126584085,18785500
2018-01-22,91.04198455810547,91.08976114094054,89.58473802809682,89.7121503494622,12475700
2018-01-23,90.9464111328125,91.28882409888587,90.26158520066575,90.51640372830039,12320800
2018-01-24,92.1090087890625,92.37179206941344,91.30474152547028,91.46400080579393,15904500
2018-01-25,92.13290405273438,92.50717007273333,91.63919660112094,92.40365214021658,13510000
2018-01-26,92.62660217285156,92.62660217285156,91.54362215376311,92.13288872800632,13883900
2018-01-29,92.53105926513672,93.44681539371473,92.38772347044318,92.38772347044318,11679900
2018-01-30,91.6630859375,92.84958408283244,91.5595680037974,91.99753410055705,14279100
2018-01-31,92.1090087890625,92.89735863011533,91.70289580163154,92.09308529117098,13141400
2018-02-01,93.0645980834961,93.1601512373473,91.95772949879658,92.18865367083912,13800600
2018-02-02,91.00216674804688,93.10442144911231,90.85086613516552,92.76200842941243,16477300
2018-02-05,86.63838195800781,91.24900361046899,82.80017457855577,89.9828757964057,30097600
2018-02-06,89.27415466308594,89.56879102241427,84.89445750873917,85.08556986528475,33114800
2018-02-07,89.87934112548828,91.13750391783044,88.50968955562941,88.82821416553755,21878300
2018-02-08,85.90574645996094,90.07044199021826,85.87389339549166,90.07044199021826,27425800
2018-02-09,87.62580108642578,88.43007449200431,84.59186719482769,86.87726904111392,28188000
2018-02-12,88.97950744628906,89.76785721212902,87.64967374886837,88.52561185778343,18043300
2018-02-13,89.52896118164062,90.02267461827304,88.2309805676468,88.64505829730355,16358200
2018-02-14,91.599365234375,91.79047757213199,89.60859399629729,89.68822363075007,15186900
2018-02-15,91.98160552978516,92.36383024496098,90.9543667353026,92.16475310049582,12130200
2018-02-16,91.32067108154297,92.42753955667239,91.17733528960198,91.21715315000046,13214300
2018-02-20,91.34455871582031,91.88604880647199,90.7552920533134,91.29678214396507,13461500
2018-02-21,91.72677612304688,93.5264289208086,91.31269230958993,91.57547556712781,14212500
2018-02-22,91.5595703125,92.71421541303421,91.38438143923764,91.9736481331042,17070400
2018-02-23,93.41496276855469,93.47866891658062,91.8223455200223,91.8223455200223,12162500
2018-02-26,94.57756805419922,94.68109205856986,93.4229230350292,94.0758958323151,16511200
2018-02-27,93.45478057861328,95.02350953961307,93.44681579127625,94.68906137568948,17563300
2018-02-28,91.9736557006836,94.3546170346067,91.84624339133558,93.82109165875679,17735600
2018-03-01,90.32527160644531,92.8814211117028,89.70415196082126,91.95770642920725,18690000
2018-03-02,90.23767852783203,90.4287908657823,88.4858022666926,89.4971113835041,18353700
2018-03-05,91.6232681274414,92.3160588158916,89.09897125311836,89.22638354884133,13933000
2018-03-06,91.70289611816406,92.22845660532792,91.03399377272117,92.08512082240102,10674400
2018-03-07,91.36048889160156,91.65511918711887,90.0704667648435,90.58010378583008,13006500
2018-03-08,91.36844635009766,91.75864193530735,90.15009517365891,91.66308271692596,11173700
2018-03-09,93.99626922607422,94.02812229957503,92.1090156297812,92.80977109609384,15366600
2018-03-12,93.69367980957031,94.56165333240997,93.36719034294795,93.96442183767896,12339300
2018-03-13,92.57086944580078,94.33867540856403,92.23642131104884,94.12366869668627,13312300
2018-03-14,91.53568267822266,92.84162846081307,91.25697584816128,92.81774017185828,12905100
2018-03-15,91.7666244506836,92.37182084004509,91.44014100172615,92.26830288312765,8748000
2018-03-16,91.92584228515625,92.84955685635852,91.84620658604929,91.84620658604929,19888900
2018-03-19,91.20121002197266,91.93381237175089,90.2217539853967,91.65510561643869,13214900
2018-03-20,91.288818359375,91.93382638791375,91.13751777970194,91.47197201241883,9921200
2018-03-21,91.36844635009766,92.87346910632814,90.94640376744658,91.42418770864869,13633000
2018-03-22,87.55413818359375,90.46066612208533,87.22765477932464,90.14214143047542,22550400
2018-03-23,85.2129898071289,88.32655345006279,85.0139126458682,87.8089516157144,23081500
2018-03-26,87.84078979492188,88.5176568887105,86.51892082749075,86.94892815193754,20217500
2018-03-27,86.13670349121094,88.93971328539813,85.44391886778016,88.4459997451366,18039900
2018-03-28,86.00132751464844,86.93300710463922,84.9263121357858,86.22429294725966,19189300
2018-03-29,87.570068359375,88.21507645967161,85.82615036926553,86.39949360301951,13274600
2018-04-02,85.8818588256836,88.17523088189492,84.47239564559612,87.56207001811862,18822500
2018-04-03,87.06041717529297,87.19578817373386,85.41205868296798,86.28799689247386,14050700
2018-04-04,88.38227844238281,88.55746728390089,85.22093273503849,85.28463887292719,15302600
2018-04-05,89.54278564453125,90.30311866513337,89.15061747543119,89.34269897166132,16627000
2018-04-06,87.309814453125,89.27867261566382,86.29337687878707,88.47832595342088,18906000
2018-04-09,88.35828399658203,90.42318011387597,87.95010543707946,88.04614924700984,15974300
2018-04-10,90.0469970703125,90.33512233286814,89.17461610697458,89.74286145641491,13951400
2018-04-11,88.53435516357422,89.48676359526458,88.4543156077313,89.36671647382184,14503300
2018-04-12,90.73529815673828,91.55164901927094,89.23864778490828,89.28666662795135,16435500
2018-04-13,88.27824401855469,92.15992431721408,87.27781063713934,92.055875337604,39152800
2018-04-16,88.2061996459961,89.2146380899302,87.87005553340475,88.79045536125636,16580500
2018-04-17,88.2061996459961,89.5747916239695,88.03012241383108,89.13460464971705,15501400
2018-04-18,87.49388885498047,88.89449538556634,87.1497395775044,88.4623074948178,16081400
2018-04-19,89.41474151611328,89.53479475203287,87.63797072175493,87.6619801477066,17911000
2018-04-20,89.21464538574219,90.23108298250798,88.74243766939608,89.87893459553999,15584400
2018-04-23,88.782470703125,89.59882175181515,88.54236422083652,89.29469216625637,11285800
2018-04-24,88.36627197265625,90.35913331803361,87.7099818917933,89.43873349705562,16453100
2018-04-25,88.0301284790039,88.46231641332434,86.91764709676002,88.25422456950476,13548200
2018-04-26,88.1181640625,88.69441462172259,87.50989890485835,88.01412119725826,10299500
2018-04-27,87.55792236328125,88.16618751055599,87.34182535417567,87.67797557876655,9384000
2018-04-30,87.06170654296875,88.27823685550851,87.03769712074867,87.83804376093947,13744900
2018-05-01,87.06170654296875,87.21377435857629,86.06927841885705,86.79759068622732,10503400
2018-05-02,86.37340545654297,87.62994940121033,86.22134375147476,86.52547326777128,12162100
2018-05-03,85.82917785644531,86.25336062778177,84.18046561882487,86.1092979784448,15379100
2018-05-04,86.7815933227539,87.02969884691893,84.82074634123644,85.18089991542185,11967900
2018-05-07,87.53392028808594,87.78202580972811,86.72556841587793,87.04570831532116,9356700
2018-05-08,88.83045959472656,89.11057965880468,87.46186776209393,87.66195439445822,12543200
2018-05-09,90.76730346679688,90.95137975040059,88.86247480552353,89.19061981583546,11368100
2018-05-10,91.47161102294922,91.59166423073758,90.23907656156429,90.59123100943421,9159700
2018-05-11,91.1274642944336,91.82376803411586,90.97539648657931,91.63168045382835,10253000
2018-05-14,91.15949249267578,91.79976620402012,91.03143408671039,91.3275645708847,8710700
2018-05-15,90.46320343017578,91.16751256574304,90.09504461211193,91.16751256574304,11536200
2018-05-16,90.7112808227539,90.99140701802068,90.14303546880583,90.3511272947823,7571100
2018-05-17,90.40715789794922,90.76731755831517,89.79889272718212,90.59923938644813,8617200
2018-05-18,88.9425277709961,90.27911141868441,88.71042649213,90.23909164068098,11806300
2018-05-21,89.75890350341797,90.07103829704762,89.57482103494202,89.67887003692664,9441900
2018-05-22,90.44718933105469,91.47163220996927,89.87093868512494,89.91895753689867,11507600
2018-05-23,90.03099060058594,90.25508667975541,88.93451962662672,90.04700095261815,11453900
2018-05-24,89.0225830078125,89.7589006459515,88.13419751386759,89.75089546770859,14084800
2018-05-25,88.56635284423828,88.90249693237986,88.19818805494837,88.40627986929492,8283500
2018-05-29,84.78071594238281,87.39784664878962,84.00437876009946,87.38184240343203,30643800
2018-05-30,86.71756744384766,86.91765412743113,85.3569804379444,86.1493219952099,17490800
2018-05-31,85.64512634277344,86.58953596060181,85.17291848077801,86.3974483017414,19808200
2018-06-01,86.75757598876953,87.18976390208505,86.27736923158346,86.70955103873878,13594200
2018-06-04,86.7975845336914,87.44586941848209,86.65352190442235,87.22977242149858,9415400
2018-06-05,86.30939483642578,86.68555880442301,85.6931304953096,86.62953477341246,10415200
2018-06-06,88.32626342773438,88.6303929793979,86.82161381074954,86.96567646283452,15453600
2018-06-07,88.67840576171875,89.23864593950276,88.06213545999637,88.98253527163578,13444400
2018-06-08,88.92654418945312,88.9505536193705,88.08617750537174,88.53437591975752,10383200
2018-06-11,88.7024154663086,89.56679126293285,88.65439051794502,88.93451671389252,12642900
2018-06-12,88.19021606445312,89.2626778481525,87.65397906644192,88.95054308387215,15294100
2018-06-13,88.01412200927734,89.19863163090959,87.70198730451207,88.40629015774853,14979700
2018-06-14,86.46146392822266,88.32627343988429,86.26137722798845,88.26224423033058,20487300
2018-06-15,86.35740661621094,86.74156959703531,85.0528376406703,86.27737317071924,26028600
2018-06-18,86.58148956298828,86.7575667800378,85.38897491955225,85.84517220638077,9786800
2018-06-19,86.07728576660156,86.34139552384586,85.31695277554194,85.55705921612085,12707200
2018-06-20,86.06929779052734,86.9496780716529,85.98926432972713,86.58151926704264,8876900
2018-06-21,86.04527282714844,86.60551305775832,85.26093039813406,85.71712775910511,11048700
2018-06-22,84.63667297363281,86.73358375994471,84.44459145391431,86.56551166692084,19478900
2018-06-25,83.86833953857422,84.59665193082247,83.20405024783696,84.56464343314764,16907600
2018-06-26,83.92435455322266,84.20447467399562,82.52374784319713,83.80430132827405,17086800
2018-06-27,82.62781524658203,84.77274526071331,82.61981617372841,83.78031677840256,16276800
2018-06-28,83.98038482666016,84.4045676277043,82.84389390571904,82.97995138791035,14491300
2018-06-29,83.3961181640625,85.55705777437694,83.35610449541392,85.38098053507426,18972400
2018-07-02,84.10043334960938,84.10843242023529,82.73984028542735,83.01196134072806,11130000
2018-07-03,82.92391967773438,84.66067050103736,82.85188530161368,84.36454613854272,8311700
2018-07-05,83.46306610107422,83.99416224315496,83.31017190381412,83.79298825279925,10723400
2018-07-06,83.73667907714844,84.09074734635487,82.23994375285045,82.98026887385885,12173700
2018-07-09,86.32777404785156,86.47261955354296,84.25970585730039,84.25970585730039,13900800
2018-07-10,85.79669952392578,87.22905758513569,85.72427368319983,86.92326914105,14575900
2018-07-11,85.61160278320312,86.15074760352728,85.46675726467721,85.54722563289317,10186500
2018-07-12,85.98177337646484,86.5531068462862,85.273643048942,86.44044988825628,12456800
2018-07-13,85.58747863769531,86.74624299915482,84.60574840249701,86.34389494468627,21289100
2018-07-16,88.9832763671875,89.13616441733784,86.08637228109797,86.14270074996233,24662600
2018-07-17,88.9189224243164,89.26494200602099,88.3154003264138,89.07181665370855,14821900
2018-07-18,89.74774932861328,90.22252318980179,88.677502110407,88.8545362234148,14244900
2018-07-19,88.42803955078125,89.39367225793707,88.29929138818721,89.36953236115963,16775300
2018-07-20,89.54657745361328,89.91673690812601,88.33953335176334,88.51656746899633,13578100
2018-07-23,91.2123031616211,91.9284822108939,89.26494004201061,89.36954832651486,18140000
2018-07-24,91.8560562133789,92.36301251956097,91.26862538995273,91.37323980663263,14000400
2018-07-25,92.68489074707031,92.95848445559872,91.2364354097328,91.63878343239949,13329100
2018-07-26,92.4193344116211,93.01480773285942,92.20206919283929,92.87801088624335,11897800
2018-07-27,93.36888122558594,93.58615259601625,92.38715106727084,92.68489081442425,12802700
2018-07-30,93.9321517944336,94.64028195128783,93.39300089455425,93.57003496860338,13411600
2018-07-31,92.49980926513672,94.21381579514716,92.39520098792582,94.21381579514716,15843800
2018-08-01,93.0711441040039,93.89998001771305,92.76535568891971,93.14356379851749,13531600
2018-08-02,93.4654541015625,93.54592248443299,92.00090743168106,92.19403277843902,11058100
2018-08-03,94.22185516357422,94.25404374148101,93.29645964096387,93.34473943815232,11016100
2018-08-06,94.24598693847656,94.57590906824016,93.48957082050056,93.98043581544125,9857400
2018-08-07,94.59201049804688,95.18748377648993,94.41497640839934,94.74489855237108,10562100
2018-08-08,94.78515625,95.17140694768656,94.3747595117819,94.41499677332365,8997100
2018-08-09,94.05287170410156,94.72881957561553,93.90802617015882,94.55983414257294,9694200
2018-08-10,93.12747192382812,93.30449988895163,92.28253865772491,92.94238914024643,12630600
2018-08-13,91.64684295654297,93.24818655722893,91.59051447227796,92.99068403782545,10336300
2018-08-14,92.25840759277344,92.57223857552312,91.45371150585757,91.9526191505653,10597600
2018-08-15,91.49394989013672,92.00091239432066,90.90652513808614,91.59051563839661,10152100
2018-08-16,92.35496520996094,92.78950182428161,91.97676321428429,92.01699433415943,10118600
2018-08-17,92.35496520996094,92.59637648658702,91.97676321428429,92.25035693107299,8505100
2018-08-20,92.2342529296875,92.58027243725209,91.82385627203112,92.21010689389587,8618700
2018-08-21,92.79754638671875,93.65857089744533,92.44347816720159,92.83778364415244,10976700
2018-08-22,92.51590728759766,92.86997551968642,92.3630130711332,92.78950100196171,8314700
2018-08-23,92.3227767944336,92.66074764836075,92.08136553343226,92.50785344043702,9265400
2018-08-24,92.28254699707031,92.71708361839053,92.09746419676314,92.52395827758507,8845700
2018-08-27,93.91604614257812,94.37472250330383,92.67681387304826,92.71705111881123,13768000
2018-08-28,93.4574203491211,94.17359950794628,93.32062346245675,94.14945960316375,8302600
2018-08-29,93.15161895751953,93.6424840522908,92.82973930104502,93.62638669282798,7221700
2018-08-30,92.69292449951172,93.37691480002833,92.52393909392592,93.01479795433652,8991800
2018-08-31,92.20207214355469,92.41128869001243,91.59050144470534,92.40324615007876,13065700
2018-09-04,92.6607437133789,92.73316340499785,91.43760238061834,92.00893579209267,10174200
2018-09-05,92.21012115478516,93.1033342975851,91.9365274335965,92.54004949552383,11462400
2018-09-06,91.81581115722656,92.2986275229693,91.33299479148384,92.13769078083611,9877600
2018-09-07,91.99282836914062,92.35493904213561,91.43758627382904,92.13767386620704,10955600
2018-09-10,91.5019760131836,92.51589463225132,91.46174489916824,92.41932890779724,8276900
2018-09-11,92.08136749267578,92.20207312574475,91.07549744934032,91.36518851296842,9333800
2018-09-12,90.99502563476562,92.44347475882132,90.80994285247559,91.93651848630333,10800800
2018-09-13,91.34909057617188,91.83995564536079,90.66510017890086,91.22839108321024,12470800
2018-09-14,91.3330078125,92.1296552365178,91.11574256571117,91.58246164017312,10337900
2018-09-17,91.60659790039062,92.08137177538536,91.17206742408197,91.56636678039217,9561300
2018-09-18,91.97676086425781,92.26645193306994,91.38128136761976,92.00090076343488,7944200
2018-09-19,94.64835357666016,95.00241567125904,92.08941983894681,92.08941983894681,16052800
2018-09-20,95.46106719970703,95.95193216307914,95.01848816245395,95.3564589485764,15590000
2018-09-21,94.83342742919922,95.94391189759638,94.74491037333152,95.8634373818304,24788200
2018-09-24,93.92413330078125,95.32430284833585,93.69077068629811,94.7610180129243,12492500
2018-09-25,93.65856170654297,94.92998278882067,93.60223323526955,94.18161530513497,9308300
2018-09-26,92.5561294555664,94.04482193868257,92.26644454928048,93.9482562103585,14023600
2018-09-27,92.1537857055664,93.15161319282109,91.86410078594471,92.87801335297918,13283000
2018-09-28,90.80189514160156,91.92847078744153,90.54439266306757,91.45370308675272,15815100
2018-10-01,91.3330078125,92.22622097917066,90.96284834134684,91.22839952913412,10146300
2018-10-02,91.71121215820312,91.83191779667455,90.77776176932412,91.22034706393809,13753100
2018-10-03,92.5722427368164,93.07115654329516,92.12161487247702,92.49177435237641,17142000
2018-10-04,93.40687561035156,94.65478641234378,92.54792650836251,92.82344233385152,16357400
2018-10-05,92.8801498413086,94.07943636760756,92.39394625149153,93.86064969805824,13777600
2018-10-08,93.4473876953125,93.82013928133365,91.85103434534327,92.5803336146612,14370900
2018-10-09,92.79911804199219,93.21238864825347,92.11033781978065,92.92066894763796,14069500
2018-10-10,90.32762145996094,93.14757062401503,90.32762145996094,92.9449878204114,23086400
2018-10-11,87.62108612060547,90.32759479252172,87.01333788922024,89.92242930493157,33705600
2018-10-12,86.66490936279297,89.80899801254647,85.57096360554125,89.4362464454559,32075700
2018-10-15,86.1706314086914,88.20456479560724,86.15442750217996,86.86751685309544,18903200
2018-10-16,88.01817321777344,88.14782298913744,86.48664781312327,86.83509046077224,19302800
2018-10-17,88.9986572265625,89.78467930351283,87.70212883370708,87.82367354058802,18794500
2018-10-18,87.58867645263672,89.00675572902932,87.36178475758751,88.3422845439559,17582500
2018-10-19,87.44282531738281,88.50435699929243,86.92420776508146,87.23213751635431,15234500
2018-10-22,86.18682098388672,87.79127318714913,85.98423819785508,87.63731447375356,16199100
2018-10-23,85.28736877441406,86.02477322017549,84.0313527945876,84.43651844197198,21407500
2018-10-24,83.6990966796875,85.10907100567478,83.39117309976753,84.8902843377408,23168900
2018-10-25,84.97134399414062,85.81408932155932,84.04756676996459,84.42031844091831,17464700
2018-10-26,83.80445098876953,84.72822805963112,83.24532666630262,84.27444456723214,19174900
2018-10-29,84.96321868896484,86.40560712723286,84.03133664263359,84.64719003933695,18445200
2018-10-30,86.46232604980469,86.68922395136747,84.97131979069188,85.66009999044151,18019700
2018-10-31,88.34230041503906,89.52538935005998,87.3455965495342,87.58059332800624,20860000
2018-11-01,88.30989074707031,89.31469963404967,87.77506922478929,88.82850218437166,13065000
2018-11-02,87.82367706298828,89.79278176379127,87.10248292233908,89.05538372235306,19009200
2018-11-05,88.39900970458984,88.56107962110822,87.85608939450746,88.01005426961612,10276400
2018-11-06,88.81230163574219,88.86902457458973,87.32129513898582,88.05869334400388,10825000
2018-11-07,90.33573150634766,90.5383143211712,88.60972196735537,89.43626331394412,12679600
2018-11-08,91.06501007080078,91.51069466478019,89.94675533818321,89.95486038052898,11662500
2018-11-09,90.1817398071289,91.04879374978802,89.80898828043138,90.9434529430045,10432200
2018-11-12,88.28559112548828,90.7084861216015,88.00197641189192,90.28711039082656,13279700
2018-11-13,88.8041763305664,90.04398802364656,88.40711584922806,88.40711584922806,13746100
2018-11-14,86.97285461425781,89.71177201575789,85.8789086623699,89.32281647756241,18361400
2018-11-15,89.19316101074219,89.20126605434834,86.55147938779002,87.71025332999574,19100000
2018-11-16,89.12832641601562,89.75228489833715,87.96145369908628,88.69074682879098,13798600
2018-11-19,89.80899810791016,90.10881666092327,88.75556519546134,89.10400781890188,13987000
2018-11-20,87.88041687011719,89.53349327322232,87.49956639623294,88.95815885849997,18936200
2018-11-21,87.22405242919922,88.82040592914844,87.22405242919922,88.35041233561623,10619600
2018-11-23,86.42181396484375,87.02145725412728,85.94371539597627,86.49474079709339,6488400
2018-11-26,88.53677368164062,89.12021303622178,87.07007025350318,87.2888631026388,13948300
2018-11-27,88.9095230102539,89.16072365518895,88.02625895873727,88.13160595100183,9238200
2018-11-28,89.89813232421875,90.27088388050959,88.22074722974226,88.97435538420767,13977300
2018-11-29,89.1850357055664,89.78468514945284,88.84469813947007,89.35520448861458,11144300
2018-11-30,90.10072326660156,90.20606409130208,88.79608961009284,89.01487630211271,18652700
2018-12-03,90.9515609741211,91.47827742582668,90.54639542393767,91.0650068335856,16034500
2018-12-04,86.89180755615234,90.43295054651512,86.4866420015691,90.43295054651512,23555900
2018-12-06,85.23873138427734,85.37648618912793,83.3668623173962,85.09287153727797,27213900
2018-12-07,83.6990966796875,86.68922029624288,83.39117309976753,85.2144180011139,19248600
2018-12-10,82.13514709472656,83.86114982427846,80.44965720401784,83.35874858274761,23636400
2018-12-11,81.33292388916016,83.99891359460494,81.20326796292505,83.56943297570227,16860700
2018-12-12,81.8596420288086,83.3830683981759,81.08172494294112,82.37825960172235,22621500
2018-12-13,81.940673828125,82.62945394907605,81.57602116479683,82.28911640917106,17250900
2018-12-14,81.26811218261719,82.60515982328438,80.91966953907769,81.02501036346457,19879500
2018-12-17,80.23091888427734,81.48692892689428,79.7690302034087,80.84676633720997,25113500
2018-12-18,79.85002899169922,81.75430587972033,79.50969140640233,80.56311814884543,20837200
2018-12-19,78.83711242675781,81.50310245266776,78.27798199674463,79.74468547249383,28767900
2018-12-20,78.15641784667969,79.63932497258506,77.54057077444675,78.28607376651897,31825200
2018-12-21,76.30888366699219,79.76089613121192,75.91992817325075,78.34281660467674,41313900
2018-12-24,74.66392517089844,76.34941575151426,74.66392517089844,75.27167364332207,17009300
2018-12-26,77.75938415527344,77.75938415527344,73.82927892288713,75.10960375114045,22542900
2018-12-27,78.634521484375,78.72365838953141,75.80646800735678,76.83558566370576,20304700
2018-12-28,78.46436309814453,79.67175472457717,78.1483344588926,79.37192998734565,17963300
2018-12-31,79.10452270507812,80.06881249177353,78.41573633729284,79.08020757937803,13237200
2019-01-02,80.47398376464844,80.85484039070879,77.74317177175233,77.75127063189353,15670900
2019-01-03,79.33030700683594,80.78440904314425,78.9872055396819,80.58018108899887,16286400
2019-01-04,82.25483703613281,82.45089408941247,80.28607694400105,80.96411511758065,16935200
2019-01-07,82.3120346069336,82.89204123628033,81.4542747250231,82.04245221747117,15430700
2019-01-08,82.15682983398438,83.17796971271667,81.32358243525782,83.02275445673554,13578800
2019-01-09,82.01795196533203,82.90838290083812,81.63400239404304,82.35288258690693,14230300
2019-01-10,82.00977325439453,82.28752650105433,81.09482981530769,81.70751365149404,14376100
2019-01-11,81.61764526367188,81.83003780347404,80.83340460156417,81.60130354058481,15439900
2019-01-14,82.4590835571289,82.80218503592079,80.59652554935268,80.76807628874862,21258500
2019-01-15,83.0635757446289,83.70893668766867,80.54748639943263,80.78439152276681,26504900
2019-01-16,83.73345184326172,84.50951548928009,83.16161612856838,83.5292239119367,18533000
2019-01-17,84.0765609741211,84.55037131400978,83.25964917398574,83.41486441042503,14247600
2019-01-18,85.44080352783203,85.69405042798437,84.00304322441995,84.77093609049112,16428700
2019-01-22,84.09290313720703,84.62389082401954,83.43120033753102,84.20727029121673,17083700
2019-01-23,83.8804931640625,84.71374035136101,83.30048660801853,84.50134779790827,12146700
2019-01-24,83.92951965332031,84.21543754725806,83.27599392896867,83.43120293851052,11296800
2019-01-25,84.46051025390625,85.21206761187602,83.92951633896628,84.55854191333194,14369400
2019-01-28,84.86079406738281,85.15488280888181,83.80697711576849,84.05205314453175,12283100
2019-01-29,85.0976791381836,85.8655780299371,84.7382422754286,84.86077402833324,9743300
2019-01-30,85.29376220703125,85.97179424981056,84.77910379520151,85.0731925355207,12526300
2019-01-31,84.55035400390625,84.7954299867891,83.92133478890061,84.47683494856608,17520600
2019-02-01,84.86079406738281,85.65319949683608,84.56670532588383,84.95882572539658,13000800
2019-02-04,85.16305541992188,85.16305541992188,84.15008652982317,84.78727673863594,9871500
2019-02-05,84.78728485107422,85.4081396255572,84.37882891069862,85.3836270337985,12763000
2019-02-06,84.74644470214844,85.46533121337455,84.52588121600455,84.7219383406373,8745000
2019-02-07,83.63544464111328,84.55038828462396,82.86755163298649,84.3461602935983,13177500
2019-02-08,82.80216979980469,83.60273976967588,81.7401821046219,83.39034721667261,12892600
2019-02-11,82.4100570678711,83.33317135628268,82.32019627461789,83.1289434138967,10978500
2019-02-12,83.81511688232422,84.0765283074985,83.23511047748563,83.28412317203706,12852300
2019-02-13,84.2154312133789,84.83628590247945,84.0602222155104,84.0602222155104,10754100
2019-02-14,83.66809844970703,84.22359867911955,82.7940031420696,83.70894652949666,11518500
2019-02-15,86.22504425048828,86.34757603625552,84.68108142439608,84.87713851416616,14716900
2019-02-19,85.92279052734375,86.07800577668075,84.80361902444483,85.70222706529802,12764900
2019-02-20,86.33938598632812,86.42924675779646,85.67768337528486,85.94726568968987,10030300
2019-02-21,86.1596908569336,86.58448226202225,85.74306408263365,86.143349130271,8400100
2019-02-22,85.7757339477539,86.66616476568659,85.59601236513284,86.34756968105545,10647300
2019-02-25,86.67431640625,87.63010144817565,86.3393859031784,86.38839860300823,11230700
2019-02-26,86.01265716552734,86.15970156104592,84.90982731540964,85.36729599811486,15465400
2019-02-27,85.90643310546875,86.08614843522575,85.37543928028036,85.92276859634072,9968800
2019-02-28,85.25289916992188,85.94727281676953,85.10585482555662,85.78389298193756,15156900
2019-03-01,85.31010437011719,86.51913664512591,85.12221190312358,85.85743381140303,13813300
2019-03-04,85.11404418945312,86.52729814233726,84.36248058124141,85.71038632551185,12466300
2019-03-05,85.04867553710938,85.40811867086511,84.35430185534248,85.06501102839759,10856600
2019-03-06,84.73008728027344,85.42446101776625,84.59121377928327,84.8444544260938,9070800
2019-03-07,84.11741638183594,84.52587231747073,83.45571976052132,84.34615070858455,12705700
2019-03-08,84.15010070800781,84.32982233206495,83.3168470387508,83.3168470387508,10582400
2019-03-11,85.24476623535156,85.40815237541815,84.68110119161769,84.94251278318029,9763200
2019-03-12,84.99150848388672,85.60419236318302,84.75460330265369,85.44080625584503,10219100
2019-03-13,85.27742767333984,85.75940890661239,84.91798446429203,85.11404779606873,13022200
2019-03-14,86.0534896850586,86.48645819283264,85.3346095141596,85.36728673545628,10926500
2019-03-15,87.04196166992188,87.24618963608073,85.96363825790483,86.11068264284091,24811700
2019-03-18,87.56477355957031,88.0549193691221,87.00110245068758,87.04195053170945,12935500
2019-03-19,87.24618530273438,88.55324297472349,87.04195734671912,88.38985687038573,12889300
2019-03-20,85.38361358642578,87.12363960721045,85.29375902763425,86.9439180245433,14920700
2019-03-21,84.03572082519531,84.54220216270731,83.55373961243423,84.54220216270731,19751000
2019-03-22,81.49513244628906,83.58642490451172,81.29906910392333,83.17796895673116,31115200
2019-03-25,80.81710815429688,82.15684339777553,80.13089880157567,81.35626685835817,21032300
2019-03-26,81.62582397460938,82.01794437331111,80.72722225857318,81.54413404270468,15987100
2019-03-27,81.34806823730469,82.0587774244682,80.93961238903448,81.59313800674184,12753200
2019-03-28,82.27117919921875,82.34470449549987,81.4787738275834,81.69117262151104,12454100
2019-03-29,82.69598388671875,83.3168323645134,82.17315460311644,82.94922454917335,14523400
2019-04-01,85.48163604736328,85.5143132618378,83.42302139579927,83.4475277485198,17499300
2019-04-02,85.89012145996094,86.13519753665317,85.22842477845289,85.44898826144106,10295400
2019-04-03,86.06163787841797,86.88672035932609,85.60416936585476,86.43741647552933,11499200
2019-04-04,86.89305877685547,87.03300121877672,85.97934761250947,86.06166891254554,11952100
2019-04-05,86.68724822998047,87.34578079801976,86.42383645881117,87.09060241101474,9933700
2019-04-08,86.96712493896484,86.96712493896484,86.35798640850066,86.52261640692929,8056300
2019-04-09,86.32506561279297,86.59670450250476,85.81470253110086,86.4979290081486,9092200
2019-04-10,86.7119369506836,87.02474272802286,85.99578957673661,86.5390735748953,10882300
2019-04-11,87.44456481933594,87.85614611490232,86.89304111030053,87.01651675501688,11183800
2019-04-12,91.5439224243164,92.07074604593234,89.62595184049714,90.0869272195858,25834100
2019-04-15,90.49850463867188,91.37105504655916,89.82351151025796,91.30520052665715,15163800
2019-04-16,91.45337677001953,91.69209471201438,90.43265675753682,90.46558401990505,11583200
2019-04-17,94.08749389648438,94.38383295444439,91.37928801026987,91.94726597116599,17791900
2019-04-18,93.39603424072266,94.62254484028308,93.28902535627533,94.27681803185386,12501900
2019-04-22,93.51129150390625,93.78293673132768,92.73752275338806,92.87745892015657,7975900
2019-04-23,93.62653350830078,94.14513008275901,92.8939191312802,93.01739480520996,9193100
2019-04-24,93.47010803222656,93.96400429544117,92.86096323670456,93.2313901442893,9245700
2019-04-25,93.51950073242188,93.9640092769502,92.60578977093014,93.02560444302333,9311800
2019-04-26,94.22742462158203,94.31797301076433,93.51127089265815,93.79937654904168,7889300
2019-04-29,95.58564758300781,96.44173747834265,94.21096120748247,94.33443685896746,14242200
2019-04-30,95.5280532836914,96.07957089764992,94.87775386475039,95.84085291245125,11389100
2019-05-01,94.79541778564453,96.310034110998,94.7542571393159,95.25638687940726,10412900
2019-05-02,95.001220703125,95.30578691637908,94.31799407948776,94.80365711155977,8613300
2019-05-03,95.58564758300781,96.04661664963714,95.2152206285528,95.4868658057733,8185400
2019-05-06,94.73780822753906,95.05061412604412,93.61007915625014,93.98873330896791,9387000
2019-05-07,93.19025421142578,93.86524741548845,92.43294598837662,93.86524741548845,15017700
2019-05-08,92.69635772705078,93.56890823187845,92.57288205857454,92.73751837662066,9575800
2019-05-09,92.62226104736328,92.8033578399569,91.02532973497907,91.4862988214117,12205900
2019-05-10,92.6140365600586,92.88567547639383,90.99240504629643,91.9884311534802,13189000
2019-05-13,90.09515380859375,90.9183164976818,89.70827262011802,90.61375032206828,13783700
2019-05-14,90.81132507324219,91.96375431563992,90.13633178958888,90.1774924440522,10503600
2019-05-15,90.46559143066406,91.28875421660234,89.40371068317565,89.89760709869188,10142000
2019-05-16,91.62622833251953,92.33414868126178,91.03355024703929,91.05825040079458,9672700
2019-05-17,91.18172454833984,91.9884267136952,90.40795592305132,90.54789206717201,9570100
2019-05-20,91.65914916992188,92.03780319129132,90.8524533835967,91.02531676638066,8518200
2019-05-21,91.97196960449219,92.12836624416228,91.55215487646636,91.73325167209448,7967900
2019-05-22,91.22289276123047,92.02136160781174,91.16527162179847,91.70032864808591,7918900
2019-05-23,89.42838287353516,90.37502110382998,88.48997802756834,90.25154545983811,14558000
2019-05-24,90.30916595458984,90.5149565997184,89.88112417602456,90.15276305461786,8537300
2019-05-28,89.32962036132812,90.40796785242935,89.26377211320376,89.88937129190302,11665500
2019-05-29,89.0826644897461,89.23083402045349,88.12779278513555,88.44882572162948,9966400
2019-05-30,88.12777709960938,89.87288389731025,87.69973535388057,89.43660876794293,10367800
2019-05-31,87.22232055664062,87.74091080637835,86.30037605465157,86.89305421448502,10952800
2019-06-03,87.63389587402344,87.96316219348404,86.67903045584367,87.09061178511124,11680700
2019-06-04,90.33386993408203,90.46557897621184,88.18541485614355,88.77809298526215,12858600
2019-06-05,90.65489959716797,90.8606902578827,89.42838901777331,90.43264844689838,8340500
2019-06-06,90.85247039794922,91.26405175219885,89.66711408803567,90.67137359724208,8726700
2019-06-07,89.85643005371094,90.56434409317217,89.69179376992639,90.30093231934899,10618900
2019-06-10,90.8277816772461,91.5439355846939,90.7290061591387,91.16528144473659,11380600
2019-06-11,91.10762786865234,91.8402420082606,90.85244949739578,91.22287011891218,9847700
2019-06-12,89.94699096679688,91.28875026920713,89.63419138255014,91.12411395099828,9670500
2019-06-13,90.16921997070312,90.67958297574005,89.76587210878844,90.10336546420196,8406900
2019-06-14,90.39973449707031,90.7948553871184,89.42016879817275,90.1939438060571,9077400
2019-06-17,89.90583038330078,90.85246873681334,89.77412133783717,90.30094495922569,8128600
2019-06-18,91.13233184814453,91.70854944359166,89.70826404901406,89.73295792249007,11057300
2019-06-19,90.47382354736328,91.85673097930885,90.30095383813652,91.2228984063338,13126500
2019-06-20,90.70429992675781,91.44514133260476,89.74942818020298,91.27227791922495,13638000
2019-06-21,90.08695220947266,91.92260200892964,89.79884016253335,90.70432440108311,27089500
2019-06-24,89.44483947753906,90.35854406668696,89.34605771752486,89.9551962037006,13039600
2019-06-25,88.70402526855469,89.7082848914536,88.62993735068105,89.46133353885317,18660100
2019-06-26,89.29668426513672,89.97990447046504,89.0332724765176,89.14851474152394,10324600
2019-06-27,89.59302520751953,90.17747625082471,89.26376515187488,89.59302520751953,10906600
2019-06-28,92.02957916259766,92.54816932827777,91.28873158288884,91.40397384192887,21634700
2019-07-01,93.5771255493164,94.2685791256776,93.08322924045378,93.20670488772751,12724500
2019-07-02,93.67591857910156,94.0051786377517,93.19848270173257,93.43720064041707,10174900
2019-07-03,93.52668762207031,94.39712998769353,93.06245506690817,93.95775980547883,6849400
2019-07-05,94.08212280273438,94.72873433080824,93.60959850724231,94.09870615328222,7929400
2019-07-08,93.5681381225586,94.07382271523439,93.2614094324243,93.64274421425137,6917200
2019-07-09,93.966064453125,94.08212260793924,92.97127846194721,93.07904494150469,8947300
2019-07-10,93.6925048828125,94.36399149832154,93.4603885514052,93.9826566217673,9242300
2019-07-11,94.5877914428711,94.8033306905955,93.77538449518481,93.98263206904066,11595200
2019-07-12,95.58260345458984,95.62404918315715,94.44688423696357,94.61267980062352,10783400
2019-07-15,94.4219970703125,95.80640936270176,94.11526838035864,95.78154066548547,12946600
2019-07-16,95.43339538574219,95.74840952112892,93.60961236195068,94.0738513755737,16945000
2019-07-17,94.49662017822266,95.28416490515386,94.28108721374043,94.86137800226217,13120900
2019-07-18,95.06033325195312,95.39193069643304,94.13186799704361,94.44688209071717,9397200
2019-07-19,94.12358093261719,95.433387423896,94.00752277006798,95.24271682845344,10402800
2019-07-22,94.7287368774414,94.87795541290804,93.48525119011786,93.60131567298771,9061100
2019-07-23,96.46131896972656,96.53592506640788,95.18467305405836,95.23441045184592,12752200
2019-07-24,96.85093688964844,96.89238260924262,95.76495531129977,95.81469902938436,10011000
2019-07-25,95.9225082397461,97.19086293402592,95.5992023892315,96.90071746878165,10138400
2019-07-26,96.34526062011719,96.58566858340309,95.77325524799919,95.97221116342064,12800400
2019-07-29,96.03852844238281,97.14108709894336,95.988791046497,96.54421304953632,8500400
2019-07-30,95.822998046875,96.22920789982079,95.13494081628119,95.49140694404684,7121100
2019-07-31,96.16290283203125,96.31212138251706,95.21785412051972,96.24580062125762,13648000
2019-08-01,93.62616729736328,96.82607038838893,93.34430730413969,95.6074536251364,15664500
2019-08-02,93.61788940429688,94.03238461881608,92.3495350598193,93.17852548885772,11025500
2019-08-05,90.83246612548828,92.00134547414282,89.75477621501362,91.84383529461502,15855300
2019-08-06,91.54541015625,91.60343923128202,89.81281693081702,91.23039608103257,10203500
2019-08-07,89.55583190917969,89.76307950920082,87.82324500885656,89.53096320912833,17320900
2019-08-08,91.07288360595703,91.25526250141442,90.12783507921843,90.40140342240451,10903300
2019-08-09,90.9734115600586,91.56199402931632,89.77137791962588,90.65010578574372,9980800
2019-08-12,89.26570129394531,89.9537649577118,88.87607472953066,89.8957358730987,9393700
2019-08-13,90.64180755615234,91.46251260825059,88.72684175064612,89.48951140287342,12124700
2019-08-14,86.87820434570312,88.62737475465003,86.58805261957716,88.12169005871588,19491800
2019-08-15,87.20977783203125,88.18798664801382,86.4968456615002,86.8947637920245,13365600
2019-08-16,89.2988510131836,89.5143902980262,87.76521996748133,88.17971518657357,11830600
2019-08-19,90.10296630859375,90.98169408634546,89.87913536445664,90.88221296398511,8265400
2019-08-20,88.95896911621094,89.89573243517752,88.90094003381708,89.40662474811879,8374000
2019-08-21,89.20765686035156,89.88742873087077,89.07501536137475,89.70504983212504,8189300
2019-08-22,90.12781524658203,90.58375606020101,89.47291223186683,89.83766994251663,9343400
2019-08-23,87.88955688476562,90.17757209354716,87.13517893141155,89.53096061218805,14762300
2019-08-26,88.59420013427734,88.69367492752174,87.88126793411864,88.38695254875898,8209500
2019-08-27,87.6574478149414,89.16621017067554,86.91135515008493,88.99212293632489,14331800
2019-08-28,88.53618621826172,88.87606902784927,87.0771611955534,87.11032157387581,10585500
2019-08-29,90.54234313964844,91.09776525498974,89.54755074793276,89.647031884513,10002200
2019-08-30,91.07288360595703,91.65317434178084,90.7495778638988,91.05630025653655,10170300
2019-09-03,89.99520874023438,90.35167491647735,88.96726226734363,90.3433895650663,9868800
2019-09-04,91.08118438720703,91.37132978412845,89.99520258059357,90.73300358620602,6929200
2019-09-05,93.1536636352539,94.27279953177953,92.1837399552159,92.22519200959279,13224700
2019-09-06,93.35262298583984,93.65935175520478,92.81377788276987,93.3940750417282,7836600
2019-09-09,95.66549682617188,96.2126272207829,94.1733115232417,94.26450097645937,13985100
2019-09-10,96.88409423828125,97.2156852834681,95.93904584517242,96.41157004172683,14333100
2019-09-11,97.1493911743164,97.15767652489215,95.6489141850499,96.9006915137521,9919200
2019-09-12,97.74626922607422,98.21050186476626,96.09657363914508,96.61884168236897,12283500
2019-09-13,99.66954040527344,99.8104672862136,98.44263156168047,98.64987920707348,16257200
2019-09-16,98.78250122070312,99.37108365837653,98.13588338207666,98.56696194116097,11993900
2019-09-17,98.29339599609375,98.32655637258237,97.19083719545394,98.16904616543522,10735400
2019-09-18,99.27989196777344,99.54516864249936,97.61361949465709,98.08614376915936,10665600
2019-09-19,98.9648666381836,99.76069662271557,98.72445867545605,99.23014329969426,9382600
2019-09-20,98.56694030761719,99.76068194645093,98.54207161249262,99.26328906987906,21862800
2019-09-23,98.5503921508789,98.74935443230682,97.5556060425227,97.63850383076974,9135100
2019-09-24,97.26544952392578,98.86540132086294,97.02504153815133,98.44261442693579,11696500
2019-09-25,97.82087707519531,98.11931415529867,97.09136772644015,97.21571123923701,9389400
2019-09-26,97.01673126220703,97.86230488794266,96.95041052201327,97.72137173385745,9899200
2019-09-27,97.58873748779297,98.35140703304833,97.2239797380213,97.78769338553481,10207800
2019-09-30,97.56387329101562,98.45917803449426,97.17424682664256,98.11929529037141,9755000
2019-10-01,95.78986358642578,98.64987854373977,95.67380541176179,98.15248546308032,11250300
2019-10-02,93.88316345214844,95.25099888658892,93.61788677529353,95.17638646122933,12548700
2019-10-03,93.74945068359375,94.35110606699288,92.35394196779222,93.81629632313663,12735200
2019-10-04,95.7800521850586,96.04745391891852,93.81631372897445,93.8748076590263,9453100
2019-10-07,95.5711441040039,96.5154050793475,95.32045219001736,95.42073023068403,6771600
2019-10-08,93.44026947021484,94.47645025048074,93.30657180922537,94.47645025048074,10806300
2019-10-09,94.11715698242188,94.56004695476433,93.64920546491136,94.15058300158137,7273700
2019-10-10,95.43745422363281,96.43185755467321,94.4263410710131,94.54332894815182,10994100
2019-10-11,97.05022430419922,98.59614102384303,96.82460664526448,96.95830434583586,15076500
2019-10-14,97.30926513671875,97.66023513809863,96.64912200102856,96.80788761735457,8779000
2019-10-15,100.2423095703125,101.60438601681884,98.49584356912386,99.31475850616364,23379000
2019-10-16,100.00833892822266,100.7938342700826,99.75764702645802,100.24231463634436,11087700
2019-10-17,100.56820678710938,101.58767780164852,100.1754591298335,100.90246051938838,10818500
2019-10-18,100.74369049072266,101.12808005882634,100.15875122955615,100.27573908178944,10417400
2019-10-21,103.24222564697266,103.42605913490269,101.93863678699292,101.98877898857327,12714600
2019-10-22,104.2784194946289,104.53746312969731,102.88291690356455,103.15867035767988,12549100
2019-10-23,104.55419158935547,104.57925950854666,103.76033802125596,103.78540594044715,8828300
2019-10-24,104.47896575927734,105.00541748464073,103.67676058887974,104.69623165189334,8020500
2019-10-25,105.31460571289062,105.83269938447386,104.24499872994765,104.45390654303371,9055700
2019-10-28,105.71571350097656,106.30065283843892,105.62379355146668,105.76584933694173,9522200
2019-10-29,105.64884185791016,106.47611487457227,105.23938439769387,105.33965605101083,9797300
2019-10-30,105.06390380859375,105.50678728334114,104.38703826430783,105.33130551270686,8513700
2019-10-31,104.38703918457031,105.0639047348234,103.50127222726674,104.86334867345084,11589100
2019-11-01,106.7936782836914,106.95244388889513,105.30624927576163,105.45666315856978,11682600
2019-11-04,107.64601135253906,108.14738239438586,107.42873909209123,107.8632708622674,9159900
2019-11-05,107.8800048828125,108.88275988293177,107.66273258646022,108.12233234714202,13747600
2019-11-06,108.04710388183594,108.49833906594442,107.44544846921218,107.53736840032744,11231100
2019-11-07,108.63204956054688,109.71000813433113,108.56519753842328,108.9913648349018,13528900
2019-11-08,108.94961547851562,108.96631892437992,108.00534800758001,108.53179981891184,9293400
2019-11-11,108.5652084350586,108.71562868761416,108.08890526186093,108.29781307044534,8679000
2019-11-12,107.93012237548828,109.15013671387419,107.80477005257832,108.32287003597786,9099000
2019-11-13,107.36189270019531,107.64601699793393,106.47612567083186,107.06942943145994,8023300
2019-11-14,107.46217346191406,107.66271678206611,106.61817782054175,106.7268139527706,8483400
2019-11-15,108.23931121826172,108.23931121826172,107.29504385671176,107.98861930139564,10163600
2019-11-18,109.15015411376953,109.17522203220378,107.78808379286356,108.26438699383566,8749300
2019-11-19,109.11672973632812,109.67660114159298,108.78246958717834,109.45934160768631,8824500
2019-11-20,108.32286071777344,109.15012732450622,107.74627323385764,108.88273200992865,11782800
2019-11-21,108.57355499267578,109.23371077680481,108.12231975791428,108.63205529664272,7705500
2019-11-22,109.29219055175781,109.65151857023253,108.7156157791306,108.7573871353111,8167900
2019-11-25,109.87715911865234,110.36182678020491,109.35905906625,109.67660302571713,10068500
2019-11-26,110.02757263183594,110.15292497828399,108.93289766008753,110.15292497828399,10490700
2019-11-27,110.35344696044922,110.66262640384623,110.01083513085183,110.54563855358363,6607900
2019-11-29,110.10273742675781,110.64590523437597,109.84369385344456,110.19465734800289,5712000
2019-12-02,109.8604507446289,110.92170609204418,109.76017906638315,110.5623779937934,8615600
2019-12-03,108.44820404052734,108.59862427015297,107.4538009831362,108.43985231971655,10361300
2019-12-04,110.58743286132812,110.69606900042069,108.62370714002458,108.94960280658171,10318200
2019-12-05,111.18907928466797,111.39798707311826,110.4537197890927,110.87153536599328,9587400
2019-12-06,112.84363555908203,113.46200725883018,112.51773988978573,112.55117227935085,10170600
2019-12-09,112.31719970703125,113.19461507228743,112.31719970703125,112.5010396026362,8498200
2019-12-10,112.39240264892578,112.61802665567195,111.03868410989061,111.34786359085027,7532900
2019-12-11,112.12496948242188,112.8269092631921,111.98291373234356,112.21688940902762,9011900
2019-12-12,115.33378601074219,115.70981738393066,112.15003416664824,112.38400980999734,13717400
2019-12-13,114.32268524169922,116.0106635820872,113.82966596800516,115.27530415642941,10592100
2019-12-16,114.76555633544922,116.01900281202873,114.74885289627767,115.6346196996125,11372000
2019-12-17,115.46749114990234,115.87695495033894,114.67364421092495,115.09145973151493,11546800
2019-12-18,115.35052490234375,116.16945265648157,115.08312954949561,115.44244484410534,10381500
2019-12-19,114.77393341064453,115.50092836667248,114.56502564160493,115.11653246132356,9350400
2019-12-20,114.6820297241211,116.05246437308044,114.3979054274421,115.33382103577736,29992600
2019-12-23,114.64859008789062,115.24189380879754,114.38119475292815,114.98285019499288,9738400
2019-12-24,114.96613311767578,115.00791722458209,114.5316013571448,114.75722533386346,3324300
2019-12-26,116.18614959716797,116.23629817682043,115.13325893741668,115.22517887403367,6770900
2019-12-27,116.26971435546875,116.79616604505104,115.87696670621196,116.40341839579426,7868200
2019-12-30,115.84355163574219,117.05521426597404,115.70984759014871,116.90479402700149,6963000
2019-12-31,116.48699188232422,116.55384391283118,115.5594406789618,115.74328057517569,7201600
2020-01-02,117.89920043945312,117.9075649117361,116.36999384590145,116.81287735242124,10803700
2020-01-03,116.34334564208984,117.09183132484358,115.28369564717512,115.63691231214669,10386800
2020-01-06,116.2508544921875,116.2845015129349,114.7959352430351,114.84639294157773,10259000
2020-01-07,114.27452087402344,115.93968907365868,114.2240631759403,115.45190993789112,10531300
2020-01-08,115.16597747802734,115.70421432613709,114.039046082388,114.12313797056154,9695300
2020-01-09,115.58648681640625,116.25086797859059,115.25008073279777,116.09949486540174,9469000
2020-01-10,114.43429565429688,115.42666446051375,114.21562855066661,115.39303027749644,10190900
2020-01-13,115.38460540771484,115.38460540771484,114.17356956818428,114.53520438564931,12355200
2020-01-14,116.73025512695312,118.37860021029296,115.79674899158874,116.00699800556647,24906000
2020-01-15,114.98094177246094,116.56201791371738,114.5015680277952,115.93127109131107,16293400
2020-01-16,115.42667388916016,115.97331602773536,115.0818625303284,115.59487048313888,10783800
2020-01-17,116.22562408447266,116.30131063127173,115.48555646147344,115.67056374278951,14697700
2020-01-21,115.08186340332031,116.11629748766266,114.95571916502377,115.37621706944914,8474200
2020-01-22,114.94730377197266,115.55282179558475,114.6950152892826,115.41827221567603,7549100
2020-01-23,114.8295669555664,114.99777639051999,113.29896119159876,114.13155169733747,9345700
2020-01-24,111.97859191894531,114.73705727108846,111.28057665845502,114.6865995734702,15166400
2020-01-27,111.03668212890625,111.80199143966892,109.08557841086929,109.55653403823759,12860500
2020-01-28,113.0550765991211,113.50922158711916,111.41513710374916,111.71789615155471,13062800
2020-01-29,112.88685607910156,113.98855845985048,112.432724019833,113.37463515465771,9326000
2020-01-30,114.28291320800781,114.4847568099499,111.59172934499789,111.59172934499789,9048900
2020-01-31,111.314208984375,113.39146971877474,110.56572320620597,113.10553421533444,12785200
2020-02-03,112.16361999511719,112.89529516026285,111.56652008747162,111.56652008747162,10021100
2020-02-04,113.77830505371094,114.8800202237695,113.6017031391553,113.99697215326248,9157100
2020-02-05,115.71261596679688,115.83035487253964,114.3838409833694,114.85480943891878,10150700
2020-02-06,115.72944641113281,116.30131746398324,115.30894846077372,116.25927793501056,8992300
2020-02-07,115.3593978881836,115.77989580838515,114.6277356134579,114.98935766519374,6379800
2020-02-10,115.83878326416016,115.93129332916138,115.00619267914925,115.17438929753888,5960700
2020-02-11,116.05741882324219,116.74704152951017,115.87239872314967,116.27607310854364,6578600
2020-02-12,116.05741882324219,117.1422977441689,115.88922223204281,116.56202142941765,7958000
2020-02-13,115.95649719238281,116.34334804805707,114.71181425284627,115.84716363932952,7447500
2020-02-14,115.60327911376953,116.21720240578726,115.16595773945309,115.9228487661831,6627600
2020-02-18,114.07269287109375,115.8135606888397,113.57650832855383,115.50238345374814,8996400
2020-02-19,115.62850189208984,116.38539287910554,114.66134915026333,115.14072285259554,7071200
2020-02-20,115.62850189208984,116.3601640350434,114.82114038437408,115.35937711199264,7422800
2020-02-21,114.21566009521484,115.14916613082683,113.46717419873895,114.83800172981618,9772800
2020-02-24,111.14601135253906,112.02064136452522,110.00225651681691,110.54049333171099,13618400
2020-02-25,106.18412017822266,111.20485917899309,105.62064817594705,110.17043804845336,20797200
2020-02-26,106.50370025634766,108.44639836720594,106.25139896722577,106.74758979148861,24825600
2020-02-27,102.0716552734375,105.64588716842958,102.01278582828917,103.36678948298923,23005500
2020-02-28,97.64802551269531,99.649593261384,94.7465924901324,98.83382628654411,45931400
2020-03-02,102.19781494140625,102.24827905650628,96.2603861732076,98.08534566480843,27355400
2020-03-03,98.36285400390625,103.40041633264855,97.75733608744743,101.73524847867462,32547700
2020-03-04,100.79335021972656,101.07929214202095,96.46222035707476,99.51503936509202,25795900
2020-03-05,95.8482894897461,97.9171383259977,94.67930587596517,97.27797974052766,25025600
2020-03-06,90.89483642578125,92.77866540405694,88.32138466493645,89.36422417787799,38159400
2020-03-09,78.58264923095703,83.45201565972098,78.21260902750697,81.2149637625565,40352000
2020-03-10,84.68828582763672,85.17606499682735,79.54139494923373,83.25859534281136,31102700
2020-03-11,80.70195007324219,84.14162597066118,79.51614942170762,82.16528085762313,38127000
2020-03-12,74.04969787597656,81.5429686474818,72.59477202174287,75.3448260260816,49725200
2020-03-13,87.38790130615234,87.45517611274819,77.37163542317991,80.72720781508038,38543300
2020-03-16,74.31038665771484,79.03678518907707,71.10619483122811,71.65283694801472,38589700
2020-03-17,78.85177612304688,81.9466412423421,73.5871400764453,76.43811561867528,35239800
2020-03-18,70.55115509033203,76.35402886929977,67.58244018797399,73.73011899615781,41525600
2020-03-19,71.73694610595703,74.10014231002278,64.68099168026936,68.59161711533204,32175100
2020-03-20,70.22315216064453,75.23548656287478,69.3653392328673,72.57794306308594,30150800
2020-03-23,66.46387481689453,70.43337469180257,65.6733369760972,69.53350974343638,32536600
2020-03-24,74.36925506591797,75.77371644053407,69.71854955520371,71.40054106960531,34363200
2020-03-25,77.1445541381836,80.02075847963637,71.09779176713643,75.05046979781439,38111700
2020-03-26,82.51850891113281,82.89695444867942,78.6667466676584,79.12088516248753,29826300
2020-03-27,76.63993835449219,79.76003173426614,76.15216570881124,78.37239391660881,30041500
2020-03-30,78.63310241699219,79.12928682836122,75.10092284285119,76.2362658190902,21656900
2020-03-31,75.71483612060547,79.19655754209593,75.13454707826122,77.41365089930203,23379300
2020-04-01,70.94639587402344,72.79658379818618,70.01289015860567,71.56873087887269,28029600
2020-04-02,73.59554290771484,73.93194250481626,69.76900952122737,70.23155976927791,24018000
2020-04-03,71.42022705078125,74.33481826654896,70.33256084000313,73.07720765441104,21199400
2020-04-06,76.01726531982422,77.31735837074181,74.52173043582587,75.61788897441319,26820800
2020-04-07,77.01998138427734,80.29995906691764,76.79904846473642,80.25746972290311,22563800
2020-04-08,80.13003540039062,80.60588505831292,76.94352826330667,78.26061399018883,22903300
2020-04-09,87.3187484741211,88.70381384222048,82.33080294360538,82.35629394992593,42055900
2020-04-13,83.43547821044922,87.61617267845729,82.67921461093829,87.61617267845729,26911900
2020-04-14,81.14968872070312,86.6729659634735,79.56918117567332,85.84022284975198,46151300
2020-04-15,77.14744567871094,78.20111532153739,76.58661743598729,77.45335081420312,30118600
2020-04-16,74.20735168457031,76.9604909940041,73.9694269456389,76.67158423471965,32449600
2020-04-17,80.87777709960938,81.31963644459388,77.29189438271736,78.17561955564989,30191900
2020-04-20,77.92918395996094,80.47838856375277,76.86701537504767,78.57498427481771,23679400
2020-04-21,75.66889190673828,77.64876920428621,75.05708177001725,75.30350565747224,23035000
2020-04-22,75.91531372070312,78.06514848793088,75.77935950629195,77.06246103516733,16662400
2020-04-23,75.95780944824219,77.56380804401839,75.84734623455678,76.25521539505937,16638800
2020-04-24,77.0794677734375,77.41086393361245,75.19305487215604,77.01998657758466,15809200
2020-04-27,80.40192413330078,81.26015177393153,77.78473890435794,78.12463418446119,22870200
2020-04-28,80.97125244140625,83.57993874528208,80.75031951658987,83.11258188181742,20238900
2020-04-29,83.15505981445312,84.50613522583086,82.65371284036398,84.19173745443409,20462600
2020-04-30,81.37062072753906,82.28832954761835,80.34244221472716,81.23466002354914,19127600
2020-05-01,79.23777770996094,79.6541459867194,78.03964841507135,79.45021143036298,18547700
2020-05-04,78.29458618164062,78.74494471622604,77.15594433819552,78.19261564282428,15725900
2020-05-05,78.17561340332031,80.05352681690104,78.09064120708322,79.5776773316029,18064100
2020-05-06,76.70556640625,78.82141097045265,76.41665965269077,78.3115713281369,20978000
2020-05-07,77.50432586669922,78.94887920605416,76.96899516925221,77.61478907897653,16771900
2020-05-08,78.77041625976562,79.94305447592807,78.269075821175,78.8553949292562,20487800
2020-05-11,76.45063781738281,77.4193349305045,75.9068080866114,77.4193349305045,31907600
2020-05-12,73.95243835449219,77.14744387089453,73.84197513486116,76.60361397231078,27962900
2020-05-13,71.40322875976562,73.80798028980062,70.8678980605236,73.40010465016621,35451600
2020-05-14,74.3687744140625,74.87012123341145,70.01813711429081,70.29005194552653,35152500
2020-05-15,72.99224090576172,74.16487292184414,72.48240118063737,73.79948659696164,26099000
2020-05-18,76.8585205078125,77.45333883839399,74.67470203446585,75.36299172438211,30504400
2020-05-19,75.34598541259766,77.49581348359399,75.27800507065446,76.51862362075,19597300
2020-05-20,77.60630798339844,78.5070251118843,76.79056306803993,77.07946988926585,20552400
2020-05-21,76.6205825805664,77.97166423469422,76.19571519597909,76.7055547608915,14621400
2020-05-22,76.02578735351562,76.78205094375814,75.38848613816768,76.48464500652173,13557900
2020-05-26,81.4216079711914,82.84916303981132,78.69395938137478,78.93188414565084,41233900
2020-05-27,86.13762664794922,87.16580506916546,83.95380827762195,86.73243846750816,39402000
2020-05-28,84.8545150756836,87.48019241630809,84.46363785748198,87.47169973629806,24713900
2020-05-29,82.6877212524414,84.27672823764424,82.23736268265267,83.83486883416218,26526400
2020-06-01,83.78385925292969,84.55712111830216,82.74718164496176,83.06158588961256,15176800
2020-06-02,84.06426239013672,85.33036540230978,83.21452760664518,85.21140305125792,21195000
2020-06-03,88.60187530517578,89.15420441228453,85.8742264342761,86.3160923131488,25941100
2020-06-04,90.44577026367188,90.59022361749565,87.34423708160129,88.21946285036647,26784700
2020-06-05,94.51600646972656,98.37379683072898,93.0714533922366,97.6600226968575,42231000
2020-06-08,96.40241241455078,97.03122084698803,95.11931750835952,96.36842872687076,24881800
2020-06-09,93.92970275878906,94.85591074846037,92.62960931415007,94.02317412253099,17031100
2020-06-10,90.12287902832031,93.90420312277226,89.94443548201029,93.86171378571446,24913300
2020-06-11,82.60273742675781,86.31608165913919,82.0334165405627,84.99898983421524,36259200
2020-06-12,84.86305236816406,85.93371399704718,82.70472429385188,85.57682678741948,24856800
2020-06-15,86.03564453125,86.18859704751291,81.46407385199895,81.93142408066326,22153600
2020-06-16,86.72394561767578,89.79998842426295,84.38717454033288,89.5365726682743,22193600
2020-06-17,84.53164672851562,87.13183394086495,84.30221463156478,87.12333477502425,15639800
2020-06-18,84.07276916503906,85.41534531745974,83.38447951967997,83.84333712226521,16591900
2020-06-19,83.11257934570312,85.48334080418736,82.19487046093798,85.42385961273996,40371200
2020-06-22,82.21184539794922,83.23152460814971,82.03340186031224,82.63671281602647,16216900
2020-06-23,83.21455383300781,84.94801411561299,83.14657347299256,84.09827906431421,15381400
2020-06-24,80.4359130859375,82.28832904424482,80.13850066851965,82.21185601094068,22919800
2020-06-25,83.24004364013672,83.45247739988073,80.09602658911093,80.17249963079612,25743600
2020-06-26,78.67694091796875,81.03920907456312,78.17560050481396,80.81827621442886,41896300
2020-06-29,79.02536010742188,80.29146352402054,78.32857762170725,79.36525542598207,18499700
2020-06-30,79.92605590820312,80.43590199176249,78.65995282874513,78.88088569942337,19137000
2020-07-01,79.24626922607422,81.32811689191331,79.05082736966256,80.63133461555849,18755700
2020-07-02,79.5036849975586,81.47711586663345,78.87733107307088,81.28835149086632,27845600
2020-07-06,81.5114517211914,81.68305215899171,80.20727137395266,81.02238327270975,18625300
2020-07-07,79.21195983886719,80.7392257864948,78.93739524767723,80.49898258747062,25757200
2020-07-08,80.0528335571289,80.08714841000642,78.765810551684,79.1862362338775,18762200
2020-07-09,78.31963348388672,80.75640027601123,77.89062584513087,80.24158587259457,25600800
2020-07-10,82.60112762451172,83.09019606930114,78.82586565230977,78.93740528142418,28954200
2020-07-13,83.7851791381836,85.17515946563465,82.56679921906556,84.71183705390828,32079200
2020-07-14,84.26566314697266,85.75860760508982,82.91857968644726,84.40294870668428,42731700
2020-07-15,85.56987762451172,86.90837953657572,84.64321943332683,86.56517207175118,22508400
2020-07-16,85.81010437011719,86.84830200543881,84.55740292883317,84.75474276448205,16886900
2020-07-17,84.22279357910156,85.87018155202759,84.20562960551435,85.80153874995453,16137700
2020-07-20,83.48489379882812,84.42012736158048,83.45057240026784,83.59643343454597,14458100
2020-07-21,85.29528045654297,85.84440957253842,83.77659013094971,83.83665092344499,17798100
2020-07-22,84.67752838134766,85.91306590841896,83.68222753434391,85.50122224810751,14271200
2020-07-23,84.92635345458984,85.24381491178363,84.05975620764814,84.51450324881314,12870200
2020-07-24,84.3257064819336,85.62989284459996,84.03398454715538,85.45828593049416,12744200
2020-07-27,83.14167022705078,83.76801762736532,82.51531628060009,83.66505999779919,11959100
2020-07-28,83.50204467773438,83.99111311313058,82.79847242775848,82.79847242775848,11754300
2020-07-29,85.52694702148438,85.55268642758166,83.22746624884608,83.28752704511837,12743500
2020-07-30,83.24463653564453,83.86240856199447,82.41236724328975,83.69080813073586,14834800
2020-07-31,82.91859436035156,83.16741957176106,81.7259536703751,82.78131532248177,14535000
2020-08-03,82.45526885986328,83.71655239578388,82.24076503528188,83.2446413632499,12962800
2020-08-04,81.98335266113281,82.3265534945228,81.53718110390777,82.29223864809283,13366200
2020-08-05,83.40765380859375,84.48875475465462,82.12921303946217,82.25791662406355,15260900
2020-08-06,83.43340301513672,84.17129667096803,82.83279494464007,83.72513161090438,10482100
2020-08-07,85.2695541381836,85.36393634042584,82.84995136807781,83.16741937072327,14743700
2020-08-10,86.35065460205078,87.55187726636599,85.827264773643,85.89590756500658,14989900
2020-08-11,89.07913208007812,91.08689092309893,88.81314947992743,89.11345347140984,31518600
2020-08-12,88.32408905029297,91.3185603422513,87.2687274468988,91.08689911260396,19240800
2020-08-13,87.83502960205078,88.68446292565267,87.20867554573032,87.51756158088324,13598600
2020-08-14,87.86933135986328,88.64153972900817,87.01989167998654,87.08853446048613,12134400
2020-08-17,85.55267333984375,87.51752844036459,85.39823038075065,87.08852094800986,14988000
2020-08-18,84.36005401611328,85.72430158509563,84.1884535949463,85.72430158509563,13246500
2020-08-19,84.55741119384766,86.30775666098708,84.37722221862651,84.87487266817463,13533000
2020-08-20,83.54492950439453,84.11121604512566,83.05586117761678,83.4505473232501,13672600
2020-08-21,83.50204467773438,84.5745637506328,83.17600123618254,83.45914129636367,12228300
2020-08-24,85.8530044555664,85.98170805324621,83.5878447024947,84.47159936915277,17898300
2020-08-25,86.23052978515625,87.50039519363578,85.62992174839091,86.89119862559812,13648900
2020-08-26,85.02071380615234,86.03317189420618,84.98639896247357,85.75003188397379,12052400
2020-08-27,87.81786346435547,88.07527066934745,84.94351355725165,84.94351355725165,22163900
2020-08-28,88.17821502685547,88.59006518355349,87.35452125959557,88.4956829923547,13756700
2020-08-31,85.96453857421875,87.67198686201249,85.81867102602926,87.62050804861383,14219400
2020-09-01,85.92164611816406,86.54800012736933,84.97783065780844,85.41542026571523,11595600
2020-09-02,87.21725463867188,87.46607985574339,85.42399929706583,85.75862473302547,14475700
2020-09-03,86.94265747070312,90.08298882041535,86.35062505352076,88.65010540824102,23281200
2020-09-04,88.82171630859375,90.27176385765799,86.97698916281158,89.27646979005725,26325500
2020-09-08,85.73287963867188,88.86463651650978,85.35535739136299,88.35841067633203,22108600
2020-09-09,86.54798889160156,87.25156103937934,85.42398461509933,86.48792809408893,13434000
2020-09-10,85.6556625366211,87.87791885456531,85.49263754710171,87.00274619459843,15922800
2020-09-11,86.7195816040039,86.96840675622757,85.44971643854102,85.77576634993392,13784300
2020-09-14,87.9207992553711,88.77023228364104,86.97698405216725,87.09710563005856,19017400
2020-09-15,85.1837387084961,88.24685237622846,85.06361711730155,88.14389475299643,23683000
2020-09-16,85.54412078857422,86.77108290069103,84.73759087683202,85.31245954329883,19270600
2020-09-17,84.56597900390625,85.23522983616077,83.83666736737598,84.68610061245774,18290100
2020-09-18,84.38577270507812,85.36390926706409,83.60498247050172,83.99108659639387,20121600
2020-09-21,81.77742004394531,82.41235595412725,80.49897933162494,81.68303785584087,28378800
2020-09-22,80.88509368896484,82.07774089345457,80.3702858548639,81.47712629855616,19257000
2020-09-23,79.57234191894531,81.81176251156413,79.50370566584355,81.32269402272425,19952700
2020-09-24,79.5036849975586,80.91082928546795,78.40542013365301,79.21195644969957,18366500
2020-09-25,80.19867706298828,80.41318085034146,78.82585413315516,78.98029712189489,13293100
2020-09-28,82.5067367553711,83.16740551486109,80.95372494293447,81.56291489019132,20894100
2020-09-29,81.81173706054688,82.39518758029944,80.93656455398582,82.39518758029944,12848200
2020-09-30,82.60112762451172,83.39908209191942,81.73453691018432,81.81175514277037,16400600
2020-10-01,83.2017593383789,83.88816777155797,82.39522271960166,83.33046296526824,15778700
2020-10-02,83.9911117553711,84.5917198080303,81.58866645246061,81.72595203371804,15149600
2020-10-05,85.766357421875,85.94821178749147,84.45873038505584,85.1428529644015,13871900
2020-10-06,84.88306427001953,87.34244243302857,84.44142074845577,86.65831979700901,19220400
2020-10-07,86.3638916015625,86.90079312860487,85.44595146247647,85.69708559252678,16358500
2020-10-08,88.1391372680664,88.26037351850523,86.51110290011651,87.03934939426283,15659000
2020-10-09,87.6368637084961,88.4249058954074,86.69295201494796,88.32964790343176,13689100
2020-10-12,88.71067810058594,89.1956230632331,87.33377135752757,87.55026558826357,16058000
2020-10-13,87.27314758300781,89.3861332522981,86.82284251927798,89.19561728449268,21697300
2020-10-14,86.7882308959961,88.26905102738218,86.68431125967939,87.4896702722102,15204100
2020-10-15,88.08717346191406,88.139129962973,85.7663550493406,85.81831155039954,17171200
2020-10-16,87.90531921386719,88.61542002572669,87.22119665257043,87.81872284303157,13275000
2020-10-19,86.42450714111328,88.21707926472993,86.21666790440398,87.983261775152,11725700
2020-10-20,86.91812133789062,88.13048395657232,86.70162706928593,86.86615822074658,11257100
2020-10-21,86.0521240234375,87.4550023256259,86.01748415578258,86.90943927553921,10730500
2020-10-22,89.09170532226562,89.40345754961332,86.00016790680083,86.00882952613819,14837200
2020-10-23,89.89707946777344,90.4513042760158,89.13502200816039,89.62862868446628,15087600
2020-10-26,87.67150115966797,88.93582666468919,86.81418586242417,88.89253178300025,12410700
2020-10-27,86.0174789428711,87.39437891259394,85.87026446941874,87.03933185268656,10391700
2020-10-28,83.60143280029297,85.12555439678219,83.1944224926895,84.43277005104677,16389500
2020-10-29,84.14698028564453,84.84842612149207,82.47564447529956,83.23770843455318,14208800
2020-10-30,84.90037536621094,85.22944420701106,83.3329593043839,84.78780074861916,15194500
2020-11-02,86.814208984375,87.3597722084928,84.74452413165213,86.06946810942488,15011600
2020-11-03,89.55067443847656,90.70241869473918,88.92717001311007,89.21293736900353,17482600
2020-11-04,86.814208984375,88.39028712759664,85.67111941464152,87.46369184460723,18886500
2020-11-05,90.36469268798828,91.01417539529085,87.46367125007941,87.5156277524621,17837400
2020-11-06,89.16097259521484,91.014162461482,88.66736607208534,90.95354434835659,12552800
2020-11-09,101.23271179199219,102.96466577780255,95.56055984571117,97.99395968845323,47792400
2020-11-10,100.90363311767578,101.70899195990305,99.31890029196661,101.62239558472504,20539300
2020-11-11,99.39686584472656,101.2846964788048,98.6867647772411,101.22407833671026,14443400
2020-11-12,98.17582702636719,98.68675034833637,97.04139252320265,97.44840282070679,22063000
2020-11-13,98.79066467285156,99.46612572311406,98.3490145219566,99.32756622209577,11847900
2020-11-16,101.57911682128906,102.7135447119796,100.21953303389931,102.00344375181834,19858600
2020-11-17,100.54859161376953,100.83436561401146,99.22364783958638,99.92508710665268,14553200
2020-11-18,99.80384826660156,102.71353148648197,99.76054677427615,101.61373700746567,12571200
2020-11-19,100.07229614257812,100.2974520038126,98.34034220943899,98.87725030718889,10202500
2020-11-20,99.21499633789062,100.15025319394739,98.79932442179397,99.0937600721293,12718900
2020-11-23,102.07270812988281,102.33249725751203,100.08095845032558,100.4966303041643,13209200
2020-11-24,106.79230499267578,106.94818114850351,103.66612686132284,103.97787917297832,20121600
2020-11-25,105.67516326904297,105.97825387190002,104.32424137809174,105.10362193320961,11715600
2020-11-27,104.9737319946289,105.95228361680714,104.8524957443371,105.64919299107761,5983600
2020-11-30,102.08136749267578,104.54074563502374,101.98610949308848,103.91724113113608,14411800
2020-12-01,103.69208526611328,105.28548639914811,103.59682726651923,104.21167015042975,12668900
2020-12-02,105.68383026123047,105.91764113621304,103.28507035335178,103.65744071490177,10811300
2020-12-03,104.99103546142578,105.55392175683973,104.22897818274306,105.5192818886888,12904400
2020-12-04,105.94361877441406,106.76630085566177,105.38073903241501,106.06486162789808,13583700
2020-12-07,105.54527282714844,105.79640694627558,104.0990928440977,104.9131133263112,9724300
2020-12-08,105.64920806884766,105.93498210255419,104.57539829577951,104.81787083096769,9592100
2020-12-09,104.82649993896484,106.77494784409892,104.2982535339115,106.66236662562193,13073900
2020-12-10,104.15104675292969,104.5926968553428,103.53620390013651,103.90857425964562,13668400
2020-12-11,103.53620910644531,103.93455773785435,102.50570095816896,102.99930758914107,9981600
2020-12-14,102.44509887695312,105.1469433404401,102.28056110523211,105.07766358320164,12112400
2020-12-15,104.19434356689453,104.69661177008287,102.72218543410625,103.30238838940332,12590200
2020-12-16,104.49746704101562,104.85252086398813,103.79602762387111,104.17705970571835,11169400
2020-12-17,103.63146209716797,105.17290004195084,103.5535273414088,105.00836891083263,11618000
2020-12-18,103.12052917480469,103.81330671950582,102.41908340443769,103.17248567376546,28954800
2020-12-21,106.99146270751953,108.24712673489216,104.8611534393222,106.66238721384207,28323600
2020-12-22,105.36343383789062,106.96549017685429,105.31147732527073,106.85291553055083,11788200
2020-12-23,108.30775451660156,109.56341865590943,105.95229577177388,106.3246661852118,14973200
2020-12-24,107.83143615722656,108.7233978765857,107.00876077949123,108.3250427052436,4164900
2020-12-28,108.54156494140625,109.67599941834922,108.06528150756132,108.95723685030154,8072600
2020-12-29,108.25579833984375,109.35558634188098,108.1518787101164,109.28630658872942,8389200
2020-12-30,108.55888366699219,108.98321057215367,108.16053501626583,108.67145830517119,7398000
2020-12-31,110.0396957397461,110.26485160683666,108.09124751428732,108.32505839431512,8580200
2021-01-04,109.00053405761719,110.72382654344567,108.05661563411313,110.41207427576366,16819900
2021-01-05,109.59363555908203,110.16057570611696,107.95386980122956,109.01797141316496,13731200
2021-01-06,114.73970031738281,115.80380196088672,111.53867138773018,113.28310522053609,24909100
2021-01-07,118.50762939453125,120.53117085365899,117.67902933333953,118.35063737214384,21940400
2021-01-08,118.63847351074219,118.92630553737303,116.98126002186044,118.59486017781255,12035100
2021-01-11,120.40906524658203,120.5398919359636,116.97254224367336,117.38248361562971,15937900
2021-01-12,122.3017807006836,123.55777029748951,121.08940444161274,121.62145522056741,18033500
2021-01-13,122.4151840209961,122.79894682530433,120.45270342199923,120.88007956806983,14816800
2021-01-14,123.13036346435547,124.50846222652508,122.10987538853598,122.53726474360714,18565600
2021-01-15,120.92369842529297,123.54905668848403,119.50198593431837,119.86831406576894,27881000
2021-01-19,120.4003677368164,122.72045926590967,120.20849297588036,121.98780298585629,19843800
2021-01-20,118.59487915039062,120.51374632598555,118.13260702700848,120.20847956448338,16028800
2021-01-21,117.6005630493164,118.76060875179023,117.15573889785554,118.35066728892642,13411700
2021-01-22,116.69342041015625,117.225471095905,115.30660435201305,115.73399369267017,12933200
2021-01-25,115.2368392944336,116.15266609889841,113.44008167726872,115.25428729031597,14212800
2021-01-26,114.7658462524414,116.15266243056091,114.55651023522829,115.78633438212864,11307800
2021-01-27,111.52122497558594,113.25693473036779,111.07639420207519,113.03015068977889,17603900
2021-01-28,113.48370361328125,115.28046136661983,112.50682871257423,113.3005329149375,13761800
2021-01-29,112.22769927978516,114.88795287554309,111.80904056421492,114.42568082713998,14808100
2021-02-01,113.05631256103516,113.44881929341398,112.06198967744794,112.86442452131463,11080700
2021-02-02,116.53643035888672,117.21675573130128,114.45184091081236,115.07983560979811,12253600
2021-02-03,117.87095642089844,118.41172464473472,116.44924386077125,116.57135324386088,10600800
2021-02-04,120.58351135253906,120.94112206678534,118.15875898824692,118.15875898824692,12419500
2021-02-05,120.34800720214844,121.66505801948283,119.82468712142486,121.57783135156843,10051300
2021-02-08,122.23201751708984,122.37157489196449,120.52247294718511,120.53992094627539,10136400
2021-02-09,121.74356842041016,122.09244851544936,120.83645887903215,121.61272840307855,8614800
2021-02-10,121.81334686279297,122.86871779902069,121.2725654149413,122.10989627388815,10323200
2021-02-11,121.4731674194336,122.58959953865731,120.55734066145082,121.81333012280768,9201000
2021-02-12,123.20014953613281,123.51414690978528,121.23766927803513,121.2812826122215,8324600
2021-02-16,126.16567993164062,126.75007469998006,124.2031995180615,125.20625304813296,12130600
2021-02-17,126.5582046508789,126.80242340568012,124.83121205902516,125.5551509782302,10810100
2021-02-18,126.9855728149414,127.16001287038884,125.07542293182257,125.59875640708802,10587800
2021-02-19,129.10504150390625,129.82024962837912,127.22105721532382,127.22105721532382,11969800
2021-02-22,130.31744384765625,130.99776942580252,128.03223504849342,128.1020137371397,11488400
2021-02-23,131.36412048339844,132.8468812763424,130.47445868406152,132.14910757703748,16234400
2021-02-24,133.67544555664062,134.1115523371047,130.92797816328596,130.92797816328596,15061400
2021-02-25,131.86126708984375,135.10590327387672,131.34666417635196,134.55641766664206,18127700
2021-02-26,128.3636474609375,131.59083445407373,127.78798340943239,131.09367972517066,19829200
2021-03-01,131.2681427001953,132.03569490307837,129.50626755672417,130.41337712539013,14845500
2021-03-02,130.8407440185547,132.38456565981377,130.69246931872738,130.90180535261874,14221700
2021-03-03,133.37020874023438,135.17568429608514,131.54728518274925,131.90488270823707,14324100
2021-03-04,131.3204803466797,134.65234275952952,129.62838379639877,133.10852092740717,20093900
2021-03-05,131.62576293945312,133.87607571631926,129.0614527214214,133.6405743082141,18465100
2021-03-08,133.37020874023438,135.5943564817562,131.4862238314917,132.9864325578321,17133300
2021-03-09,132.42819213867188,134.53894744807985,130.67504759847006,132.14036005435398,16238800
2021-03-10,135.30650329589844,136.20488226088966,132.14908093754636,132.49797437132972,14342200
2021-03-11,134.5999755859375,136.1961143641845,133.7626448827489,134.41680491967375,11771500
2021-03-12,136.19610595703125,137.48699126596787,135.25412727385583,136.81538327635133,12849500
2021-03-15,135.5157928466797,136.8677262899118,134.28598205704517,136.37057156834047,12101100
2021-03-16,133.89352416992188,134.8442472452134,132.74220897325014,134.39940972763037,12805600
2021-03-17,135.2716064453125,136.8328762701881,133.49229652546683,135.48965984920613,13952400
2021-03-18,137.5044403076172,141.02818997659742,137.03345091685122,137.46084028376376,21898500
2021-03-19,135.31521606445312,136.01298959949708,131.86997503951997,135.63793083448013,54418800
2021-03-22,131.6780548095703,134.29469494492548,131.36405746097088,133.27420688920736,19944800
2021-03-23,130.3610382080078,132.68111605024924,129.92493144916907,131.1198597095322,17076300
2021-03-24,131.3727569580078,133.60562077410717,130.70987967164024,130.83198899567947,13079800
2021-03-25,133.05616760253906,133.4224956631225,130.24763916247807,130.8320205907127,15608300
2021-03-26,135.2716064453125,135.58560387927628,133.05618971767956,134.582563544935,16754400
2021-03-29,133.16957092285156,134.08539789808074,131.73914109897154,132.68113341844236,17570300
2021-03-30,134.7395477294922,135.95192405189854,134.21622757609916,134.72211304062506,13184300
2021-03-31,132.7770538330078,134.7482648080813,132.6811098182129,133.69288064533723,16736700
2021-04-01,134.0679473876953,134.1377127581581,132.18396297106602,132.48922972083804,16561500
2021-04-05,134.77862548828125,135.93673496912683,133.88373731196688,135.4629580406679,13508000
2021-04-06,133.83108520507812,135.3576804172343,133.23449308670425,134.0504229051822,13071600
2021-04-07,135.9279022216797,136.19111004078079,133.9275442162006,134.32236263850515,16903500
2021-04-08,136.0946044921875,136.43677064972445,133.62925174335638,135.1119762217852,12335500
2021-04-09,137.11231994628906,137.77910143331653,135.96299306002243,136.69996418578512,12122400
2021-04-12,136.82284545898438,137.96340410039238,136.48946128058628,136.4982299685697,12273400
2021-04-13,135.19094848632812,136.1648081715784,133.73454330166422,135.7700030856245,16113600
2021-04-14,132.6641845703125,134.96283876227747,132.41851409625977,132.8922908973456,19939600
2021-04-15,133.5064239501953,133.53274339420523,131.0059830581096,132.69926309684334,17694100
2021-04-16,134.497802734375,135.55938909312042,133.96261851959574,134.997885440508,13773400
2021-04-19,133.9275665283203,135.00671742768907,133.55031218835987,134.6031302528563,11900200
2021-04-20,130.96212768554688,133.1379534230256,130.41816121069638,133.12918473646477,13716700
2021-04-21,132.07635498046875,132.13777594909584,128.78629019193536,129.66364080221095,12236700
2021-04-22,129.295166015625,131.86581048111555,129.19865690489377,131.80438950732793,15256100
2021-04-23,131.76927185058594,132.5939834507485,128.69854514454585,129.1284383155156,14041900
2021-04-26,132.09390258789062,133.7608767400064,131.93598590771848,132.28692078852833,10799100
2021-04-27,132.69924926757812,132.98000782416625,131.69907033751633,132.0412364612926,12821200
2021-04-28,133.55908203125,134.13813665729336,132.83087940528182,133.73454947896698,8943700
2021-04-29,136.1560516357422,136.2350099825177,134.4101189956228,134.70841500831395,12976900
2021-04-30,134.94529724121094,135.54190262651443,134.2434140650396,135.19973641888575,11705100
2021-05-03,134.55047607421875,136.41045488979879,134.3486892033772,135.85773316642363,11801100
2021-05-04,136.4104766845703,136.55085600293526,133.4801286970724,134.1205909295631,12977700
2021-05-05,138.20028686523438,138.86706858191752,135.66474386208077,136.86671004455872,10506700
2021-05-06,140.98146057128906,141.09552042555404,137.88441423263083,138.682806437872,13542400
2021-05-07,141.46401977539062,141.6921261187515,137.76159906216986,137.9370665099327,14257800
2021-05-10,141.44647216796875,143.64861746920158,141.35873174847708,141.69212927777525,14014300
2021-05-11,139.0951690673828,142.4729744953953,138.65649373321543,141.32364726184613,15451700
2021-05-12,138.13885498046875,141.06043420524304,137.7703693197731,140.0339355674534,14381700
2021-05-13,141.69215393066406,142.5256345116176,138.34066745512558,138.7793428542917,15395000
2021-05-14,143.89427185058594,144.28030826933596,142.12203321877266,142.47296811546823,10584000
2021-05-17,144.47332763671875,144.63125771261335,143.03447312904086,143.33276913235386,9886800
2021-05-18,142.43789672851562,145.2015461800396,142.34138761248062,144.48211215372226,11098100
2021-05-19,141.34991455078125,141.41132211350387,139.18285812868427,141.2534054773853,13278900
2021-05-20,141.10430908203125,142.00797919614772,139.9549818526584,141.10430908203125,10426000
2021-05-21,142.7098846435547,143.20119895062672,141.20084019337006,141.55177515918987,10249000
2021-05-24,143.48193359375,144.0873077440605,142.2360971540763,143.32401688704803,9440300
2021-05-25,141.9991912841797,145.3769828553027,141.7447521288418,143.7538923769107,12609100
2021-05-26,141.98162841796875,143.65737103158918,141.52540242431533,143.5082230579018,13058300
2021-05-27,144.19256591796875,144.54350077737655,142.63088303518253,143.8416176712542,15707500
2021-05-28,144.0960693359375,144.71021208688285,143.2362560973061,144.48209235988318,10291300
2021-06-01,145.6840362548828,146.43855813260075,145.18394010215255,145.52610622185574,9445400
2021-06-02,145.69281005859375,146.9035579342258,145.2278154023332,146.74562789564962,10498600
2021-06-03,145.78933715820312,146.73687734484395,144.4645426664783,145.12255556937,13354400
2021-06-04,146.0262451171875,146.2280320193317,144.78917748104757,145.8244582150433,8510800
2021-06-07,145.3418731689453,146.60525991031423,144.88564720404986,146.51751951376727,7267200
2021-06-08,144.76283264160156,145.42961420282356,143.148510932976,144.31538870559413,10370700
2021-06-09,142.9554901123047,144.0784976616837,142.37643557947632,144.00830801643428,12377400
2021-06-10,140.72702026367188,144.97340702152871,140.64806192858512,144.20133426786262,12119400
2021-06-11,140.63052368164062,141.4289159513702,139.55138617752195,140.7533522318061,13683800
2021-06-14,138.244140625,140.66562346432084,137.44574836513888,140.50769339474135,19917900
2021-06-15,136.1472625732422,137.67385746909093,135.22605513352613,137.48083926200746,24485500
2021-06-16,137.1035919189453,138.28800728215856,134.33116060962737,135.75246440040678,25321200
2021-06-17,133.14675903320312,138.1476695451083,132.6993149229776,137.8318227063281,29722400
2021-06-18,129.77772521972656,131.3394085305065,129.46187840477612,130.98847357492173,43595700
2021-06-21,131.97987365722656,132.65543751777895,130.7428192107144,130.7954581164412,18664800
2021-06-22,131.7868194580078,132.4536009930906,130.4269235575271,132.12898560443665,14251200
2021-06-23,132.585205078125,133.39236594261897,131.68153512182707,131.77804421363103,12733300
2021-06-24,133.8047637939453,134.33994830985975,132.67298716838758,133.2871300422294,13733200
2021-06-25,135.15586853027344,135.55067364011308,133.06776972683014,133.87493070772467,15484900
2021-06-28,135.40151977539062,135.53311701053644,133.46256905795974,134.84878461316265,14125800
2021-06-29,135.23484802246094,137.1386975991338,134.7698531823538,135.98937022500823,14528700
2021-06-30,136.4630889892578,136.9368657495864,134.8575493773277,134.89263750642692,12531000
2021-07-01,137.81422424316406,137.86686313352374,136.35781913578148,137.09479037543045,10479400
2021-07-02,137.68185424804688,137.93775961576466,136.87886128161767,137.61126012814032,11424000
2021-07-06,135.36997985839844,137.46127888466538,134.43463115406732,137.46127888466538,15083400
2021-07-07,135.52877807617188,136.13764056710934,133.72867517920366,134.13457453019439,12271800
2021-07-08,133.1903839111328,134.59340643157537,132.39621031251414,133.7815944046945,17834600
2021-07-09,137.45245361328125,137.78775890144348,134.63757494231,135.0523070422969,13694500
2021-07-12,139.42019653320312,140.44379108099128,135.8376290803964,136.1994188978054,19940400
2021-07-13,137.34654235839844,138.88193424752143,135.44937410042743,137.69951297544227,22671700
2021-07-14,136.87884521484375,138.7848458352409,134.96402537966281,137.61124397539774,14622800
2021-07-15,137.1789093017578,138.12307717875615,135.62586537031598,135.80234396312886,11539300
2021-07-16,134.0463409423828,137.90245206919187,133.26099989342407,137.62008906170453,14002700
2021-07-19,129.68722534179688,132.2020881076826,128.57539850516184,131.0814285928177,22172900
2021-07-20,132.10507202148438,133.34925484973104,129.12253399160963,129.29019336693918,15385200
2021-07-21,134.8846435546875,135.58173869000836,133.56103394769963,134.16989652122658,12356700
2021-07-22,133.1815948486328,135.39644358575345,132.33449222335798,134.9022981436009,9913300
2021-07-23,132.92572021484375,134.86701190364101,132.58158220394085,133.66693847456457,9666100
2021-07-26,133.81690979003906,134.09046705273036,132.51095223822455,132.5286041342421,8208000
2021-07-27,133.6404571533203,134.55816742197234,132.18449186398647,132.71392766717415,11218700
2021-07-28,133.86102294921875,134.8052040821422,133.13745683915408,134.38163939559402,9217300
2021-07-29,135.0081787109375,135.77586796753158,134.0463589698904,135.13171506791187,9063500
2021-07-30,133.931640625,135.59938816137955,133.4198433037231,134.6375684289838,9805200
2021-08-02,133.39337158203125,136.28766344718284,133.305139022218,134.15224161158034,10203200
2021-08-03,134.91111755371094,135.29055931734123,131.93741221506667,134.08165336128764,10394800
2021-08-04,133.45513916015625,135.3346555008019,133.1639434534191,133.4639583763172,10155000
2021-08-05,135.1405487060547,135.61705575127223,134.1346058449287,134.37285936753747,9151500
2021-08-06,138.97903442382812,139.26141098845338,136.87008326543526,136.94067740659156,13328800
2021-08-09,138.82899475097656,139.90553159133748,137.56714664996719,138.99665411431266,9516900
2021-08-10,140.53204345703125,141.16737716497397,137.92894717656085,138.3083889436853,8667000
2021-08-11,142.2086181640625,142.50863310755705,140.37321124267044,141.1850235121308,9156500
2021-08-12,142.7645263671875,143.27632369791723,141.6703510420337,142.84395317663672,8844200
2021-08-13,141.1673583984375,143.0910111652187,140.80558204254052,142.7645116730848,8980900
2021-08-16,140.2408447265625,140.32909075362585,138.3436763247806,140.24967740794082,8755800
2021-08-17,138.54661560058594,140.17907272720126,137.01123717510467,139.0407744647082,9347200
2021-08-18,137.28475952148438,139.42900014500523,137.07297718426187,137.92891228358383,8065500
2021-08-19,136.1376495361328,137.26712857814314,135.01698971035066,135.14935874048683,9517700
2021-08-20,136.5259246826172,136.6847513779588,135.14937279850864,136.1994386103348,6974100
2021-08-23,138.27305603027344,138.61719392757308,136.98475045143914,137.06416378209656,7934600
2021-08-24,139.12899780273438,139.90551964474028,138.42307007949734,138.53778720555314,7670900
2021-08-25,141.99684143066406,142.7557115008101,139.24373767127554,139.87023869794103,11335000
2021-08-26,142.72921752929688,144.5646242297973,142.1997683690645,143.17923989037837,11027500
2021-08-27,143.87637329101562,143.97343853836898,142.29685821721625,142.7292422216909,8780200
2021-08-30,141.57327270507812,144.2646146848037,141.07912731820102,144.01754199136514,7937600
2021-08-31,141.14089965820312,142.39391511867103,140.61146390185988,141.57328363733515,12340800
2021-09-01,140.9379425048828,141.85563917935198,140.27613774611248,141.37914567739637,8729900
2021-09-02,141.5909423828125,142.60570439655254,140.6820513681176,141.20268139737863,8813300
2021-09-03,140.73500061035156,141.97036417603067,140.43497220344116,141.52916097908056,7959700
2021-09-07,140.4879150390625,142.40273512283778,140.26731346077798,141.176190886154,9285600
2021-09-08,139.86138916015625,140.81438951590906,139.45547636504924,140.20552705547388,7852700
2021-09-09,140.4702911376953,141.9174372410717,139.4908193963308,139.6584787835529,7904300
2021-09-10,138.85543823242188,141.82032356161577,138.73190190472423,141.67913534011845,8311600
2021-09-13,141.0615234375,141.22918285035675,139.4820215050545,139.88792101195935,10052800
2021-09-14,138.59957885742188,142.3674444678126,137.88481836768284,141.58210331522693,11685600
2021-09-15,139.5614013671875,140.02907568843747,138.07013237644753,138.29073397946934,11691500
2021-09-16,139.49961853027344,141.93506870652368,138.73192930399588,140.66440139099356,10880900
2021-09-17,139.13784790039062,140.31145013956012,138.53781795435447,138.87313672681844,25581600
2021-09-20,134.972900390625,136.38474267247824,132.79335531940697,135.79353194974257,15819900
2021-09-21,134.9905242919922,136.37590877203897,134.63756712564353,135.4758504940612,8999900
2021-09-22,137.57598876953125,138.75841014598367,136.86124172054812,136.9494742842582,11236200
2021-09-23,142.22625732421875,142.6939451042889,139.1290157023009,139.42021143051676,12336100
2021-09-24,143.86753845214844,144.352864681638,141.90860856444667,142.45569624253298,10102400
2021-09-27,147.34420776367188,147.71481681295234,145.25290903399915,145.5970469700776,13220900
2021-09-28,146.55006408691406,149.3914139186296,146.1794549955321,147.97955822002362,13387900
2021-09-29,146.43533325195312,147.2736166039412,145.63234023012714,146.6647675235906,7777100
2021-09-30,144.44110107421875,147.35304479243578,143.64692726136718,147.29126988350671,13161200
2021-10-01,147.47659301757812,148.50900693938615,144.36169935326012,144.71465654441621,11285000
2021-10-04,147.31773376464844,150.39733669652807,146.24119696734735,147.33538566125475,14120000
2021-10-05,149.72348022460938,151.03730748793987,147.9569052119613,148.43628358822832,12292900
2021-10-06,150.04302978515625,150.11404929063713,147.36210102199217,149.12867566366666,8692600
2021-10-07,150.99290466308594,152.25347055621103,150.50465397141386,151.9782784060651,10195400
2021-10-08,151.1083221435547,152.1025683058946,150.2916180036915,150.93078012107802,8190100
2021-10-11,147.9302520751953,152.05816117129785,147.77046833781213,151.6231853002527,12154700
2021-10-12,146.79397583007812,147.97464984992072,146.2702221541923,147.14018749412315,13032600
2021-10-13,142.9235076904297,146.83837223897822,142.56842364856442,145.64882579858283,22753500
2021-10-14,145.1162109375,145.59557583032512,142.0890695229709,143.58932491503447,15176800
2021-10-15,147.9036407470703,148.4007638334521,145.71096220524572,146.78511380271135,14267400
2021-10-18,147.85037231445312,149.67908081294712,147.28222973680852,147.7882251588793,12672900
2021-10-19,149.64358520507812,149.71459117839504,147.8770102294829,148.60493659348077,8053900
2021-10-20,151.65872192382812,151.68535255263262,148.65822486527424,149.40390956297952,8185600
2021-10-21,150.46917724609375,152.09371335156658,149.7412372613683,151.58770430673212,8415200
2021-10-22,152.49317932128906,152.76837150680382,150.64671236084186,150.9396628134963,8817900
2021-10-25,151.74746704101562,153.5406724193942,151.33910824462953,153.3187415300855,10159200
2021-10-26,152.1558380126953,153.12346714829795,151.39239508259521,151.8007539480115,8015100
2021-10-27,148.98672485351562,151.53448847259597,148.55173520452405,151.1971625538454,9847000
2021-10-28,151.23260498046875,151.3657581127488,149.10207359045828,149.40389638735192,7212900
2021-10-29,150.81536865234375,152.9015246245037,150.37150683235976,151.9605261878439,8140100
2021-11-01,150.7354736328125,152.98141331145612,150.0341643863311,152.7239658757041,7435500
2021-11-02,151.33023071289062,152.4132544993455,149.95425653709114,150.73545757534345,7173800
2021-11-03,151.38348388671875,151.91612339269238,150.15842115033055,151.02839991312652,8402700
2021-11-04,149.39501953125,151.090575094797,147.7971276647421,150.91303305913934,9574200
2021-11-05,149.18197631835938,150.992926777002,148.61383367000195,149.93653336546495,7975600
2021-11-08,150.07858276367188,151.7297495658267,149.79451819269812,150.06971040212557,6413700
2021-11-09,148.94227600097656,149.5548074994686,147.89476857414357,148.5605613254457,7990300
2021-11-10,148.8002166748047,149.98089061827108,148.32972427834792,148.64930529722292,6999200
2021-11-11,148.7913818359375,149.74123922743578,148.16109199831212,148.7114899474693,5815300
2021-11-12,148.12557983398438,148.90678103886592,147.1135753392919,148.82687560975654,8113400
2021-11-15,147.85928344726562,148.95117999855577,147.36216025466493,148.43631208164155,6492500
2021-11-16,146.79397583007812,148.31198915432927,146.58091728851684,148.30310324910553,9706100
2021-11-17,146.00392150878906,146.97153711395157,145.04517826442645,146.6608419388863,9909600
2021-11-18,144.74334716796875,146.34125248380784,144.30835769306057,145.93289363536465,8122500
2021-11-19,142.85250854492188,143.90890200666547,141.54755350930802,143.1898479147129,12193600
2021-11-22,145.89739990234375,147.34438036587372,144.6900950922002,145.7287302269754,14549900
2021-11-23,149.38613891601562,149.63470046131974,146.80285977133175,146.91826818364734,12354400
2021-11-24,148.21438598632812,150.41593743113523,147.75276577278112,149.5459718155052,9629800
2021-11-26,143.7490692138672,144.38823125913544,140.9882619528493,143.9354971210648,13619300
2021-11-29,143.12770080566406,146.27912292385244,141.87602057445622,144.97416788771696,12104400
2021-11-30,140.99713134765625,142.59503642723206,140.5177530509904,141.29008174104402,18922600
2021-12-01,140.16270446777344,144.93866264967122,140.0828125800053,142.9235259138965,12253400
2021-12-02,143.10997009277344,144.92092081549188,140.97055232933332,141.8849068257164,12969900
2021-12-03,140.5177764892578,143.6603259275297,139.54128856067402,143.367375485278,12681800
2021-12-06,142.1778106689453,144.35273071316283,141.55640687710985,142.93236757846455,11186500
2021-12-07,144.3172607421875,145.04518719467964,143.06556696729422,143.70472916955504,9851600
2021-12-08,142.6660919189453,144.93866258504497,142.18671350137106,144.3971505477642,11705700
2021-12-09,142.4441680908203,142.8613858183416,140.8373766211828,141.72510042855387,11189600
2021-12-10,141.8759765625,143.54488753492038,141.2634451789516,143.20756181522762,10405400
2021-12-13,140.18930053710938,141.84933923091603,139.62115801039147,141.5919053630412,12069000
2021-12-14,141.2634735107422,142.82586231088433,139.6389375511274,139.77209068487107,12563600
2021-12-15,140.20706176757812,141.90261702457528,139.68330811612452,141.90261702457528,14014200
2021-12-16,142.3997344970703,143.65142792354268,140.88172130285696,142.3819762337313,19542800
2021-12-17,139.1595916748047,141.4854374701664,137.75698630762074,141.43217620423144,28082000
2021-12-20,136.6561737060547,137.33083876838214,134.79194872025192,137.16216911640348,15148000
2021-12-21,138.56480407714844,139.5324197639198,137.6770802810815,137.96115839770619,11291300
2021-12-22,139.1062774658203,139.4258584853909,137.81020866937416,138.26294280310483,7273000
2021-12-23,139.6033935546875,141.25455981622252,139.559018215895,139.91410219974924,8055200
2021-12-27,140.4023895263672,140.43789251579588,138.7867258227818,139.9052664008299,6188100
2021-12-28,140.8284912109375,142.16894915945403,140.33136809216552,140.43789060459122,6342300
2021-12-29,140.75747680664062,141.7073477289456,140.3935068151636,141.01492428181785,6398900
2021-12-30,140.68641662597656,142.24881865669215,140.58876649905685,141.2456867661155,6948200
2021-12-31,140.571044921875,141.40549377176825,140.2248332413656,140.65980915922302,5805900
2022-01-03,143.54489135742188,144.37935363864605,141.60077466937534,141.91148332152002,13120900
2022-01-04,148.98672485351562,149.65251787276745,145.79091294286943,145.8619324903942,20195800
2022-01-05,146.2628936767578,150.35304098319185,146.21823870608205,149.8708027295316,17539400
2022-01-06,147.81678771972656,149.46891251987,146.3432555378449,149.0581195189452,14047500
2022-01-07,149.2813720703125,149.61179428581275,147.40597253919904,147.9507304123867,13913300
2022-01-10,149.4242706298828,151.20142115770875,147.82571271966276,150.98709911515533,12922500
2022-01-11,149.5760955810547,150.49593074021448,148.5222955104893,150.26373034449165,11854100
2022-01-12,150.42446899414062,151.45146506821953,149.29922381974978,150.442333705723,12568000
2022-01-13,150.23690795898438,151.64792023798148,149.93327602758498,150.3351434222937,13623400
2022-01-14,141.0028533935547,143.80701372863592,140.118734070285,143.56588779923814,40158400
2022-01-18,135.09091186523438,139.1185396382745,134.43897924786577,139.1185396382745,32324800
2022-01-19,133.0011749267578,135.9482259220611,132.6618271194621,135.35882662442782,22380000
2022-01-20,131.86700439453125,134.50148394816767,131.5990882170737,133.05475566739287,14860800
2022-01-21,129.5629425048828,131.73303484956145,128.83957838998995,131.72410930711447,20705400
2022-01-24,129.4468231201172,129.9201357084715,124.6422520272478,127.062395469319,28471400
2022-01-25,130.8578338623047,131.1436146963741,125.7317525721211,128.2858608628007,18915900
2022-01-26,132.09921264648438,134.46579003460585,130.34885210555237,132.8136513603849,20709100
2022-01-27,129.768310546875,134.2960532760623,128.7145244442906,133.43872445171925,17536800
2022-01-28,130.9293212890625,131.06327258148758,126.9641995118646,128.76815413496857,14117000
2022-01-31,132.70648193359375,132.87614902364783,129.19680827581053,130.0630629473018,13985700
2022-02-01,134.9837188720703,135.26949975485968,132.4385493152921,132.7868362494526,14584900
2022-02-02,133.90316772460938,134.79621271290017,132.2331779570768,134.4032707377666,12441100
2022-02-03,132.7957763671875,135.43025614568413,132.42962468096954,133.95673748407293,12474900
2022-02-04,136.242919921875,137.0823842598427,132.85828594147185,133.15299237672326,16654400
2022-02-07,136.69839477539062,137.18955858833567,134.71583392905356,136.87700103707832,12572300
2022-02-08,139.27032470703125,141.52972681281014,138.24332870505225,138.42193492799018,20411400
2022-02-09,139.850830078125,140.59204531797832,139.154256179702,139.84189090841247,9131100
2022-02-10,139.27032470703125,142.0209041459754,138.61840586125626,139.9043924692594,16455600
2022-02-11,137.45741271972656,141.27071668657314,136.609023139747,138.96666015897577,16830000
2022-02-14,136.18040466308594,137.24311651458467,134.2424991078371,136.394726691121,17026500
2022-02-15,138.17189025878906,139.26140598689534,137.39494565622124,137.98434485810958,9500000
2022-02-16,138.4219512939453,139.40430607642196,137.29671969229446,137.29671969229446,9076500
2022-02-17,135.2337646484375,137.28777037013128,134.55505552050664,136.63585149548837,11367500
2022-02-18,135.86785888671875,137.65394879643074,134.96588838795665,135.85893334281263,11733300
2022-02-22,135.626708984375,136.8501896226984,134.32287121151697,134.49255190326284,11333500
2022-02-23,132.78683471679688,136.90377182783305,132.14384136472486,136.74301667642388,11799000
2022-02-24,129.08963012695312,129.4825720239917,124.829802563923,127.65182743648874,25655100
2022-02-25,132.14389038085938,134.0728711525923,129.41117443429806,129.71480651129656,18367700
2022-02-28,126.63375091552734,129.54507195558378,125.8121513636117,128.19657926061055,31315300
2022-03-01,121.85594940185547,125.45491853577062,119.29291541427519,125.06197667841734,36840400
2022-03-02,124.38330078125,125.06201004434861,121.99887237628165,122.60613640745652,19405600
2022-03-03,123.49913787841797,125.90143015214119,122.40069678130322,124.88335980259535,16640800
2022-03-04,120.02522277832031,120.93613234377204,118.23913307253112,120.5074746298819,21016000
2022-03-07,115.39034271240234,118.49813528862029,115.15814230682167,118.03374810424333,27560100
2022-03-08,114.5776596069336,117.69437748374008,113.65781766709829,115.77433646293828,19207800
2022-03-09,119.16790771484375,120.7753911803248,118.27486285921907,118.6856558618079,17536200
2022-03-10,117.75686645507812,119.17680415838761,116.38158370900311,117.75686645507812,15604200
2022-03-11,115.10455322265625,119.73945829730503,114.68482104188722,118.3195202185928,20061800
2022-03-14,116.24764251708984,118.70351577067235,115.40817820648917,115.61358832625403,15786900
2022-03-15,118.3105697631836,119.26613422771946,117.10496747479614,117.70330584786821,15096600
2022-03-16,123.597412109375,123.67779650894197,120.05202266870081,120.44496461579581,20354900
2022-03-17,125.16023254394531,125.19596196959098,121.38265657551736,122.22212093000873,17050500
2022-03-18,125.11556243896484,125.7853459346193,123.65096974020497,125.19593318801616,23656500
2022-03-21,124.71370697021484,125.70498729177903,123.8921073492365,125.33884926222225,12676100
2022-03-22,127.36605834960938,128.53594497980174,126.56232339617782,127.0535008129565,13548600
2022-03-23,124.82980346679688,126.44621240575664,124.31183583757078,125.90145452215526,12093200
2022-03-24,125.64248657226562,125.66035128539696,124.23147402412725,125.29419961351387,10017600
2022-03-25,126.74093627929688,127.86616799831829,125.7407303068334,125.99970734370899,8383500
2022-03-28,125.8032455444336,125.8925554956837,123.1509007883728,125.02630075034207,10818100
2022-03-29,126.08008575439453,128.24126663217112,125.24063490625224,128.01800538359615,11316500
2022-03-30,125.50845336914062,126.9194651494838,124.94584466608764,126.7229942922983,8771000
2022-03-31,121.73989868164062,125.33886887470908,121.68630453613557,124.87448166782717,17353900
2022-04-01,120.837890625,122.71329016994913,119.48939787240515,122.70435100074064,15721300
2022-04-04,121.37372589111328,122.29356097416841,118.6767266940052,119.77516801737328,17416400
2022-04-05,119.96125793457031,121.81456455867456,119.66436701015694,120.61802288605615,12110300
2022-04-06,118.2968978881836,119.25953182853948,117.8200767698013,118.37786440388057,12914700
2022-04-07,117.93701171875,118.68373487391258,115.81380302689927,117.81105924244488,12994200
2022-04-08,120.0962142944336,120.46506629171597,118.2968853656385,118.45881837989072,13126900
2022-04-11,119.65534973144531,121.36470637935095,119.26850067879445,119.65534973144531,10466400
2022-04-12,118.34185028076172,121.07683777078546,117.58613547211941,118.8816544171002,12989900
2022-04-13,114.52728271484375,116.28162557761347,113.36671479643655,114.20340297650245,30838000
2022-04-14,113.46569061279297,115.42695952157891,112.47605415945036,113.80756065601419,18835200
2022-04-18,115.57089233398438,116.2726294523978,112.94386712693903,113.06082102537643,11834400
2022-04-19,117.96399688720703,118.14394075729756,115.36396720676183,115.56189448162948,15015400
2022-04-20,118.37782287597656,120.11416827760463,118.16189851540757,119.22350946180478,13430200
2022-04-21,117.46018981933594,119.48443485637263,116.92039937946697,118.95363611910822,12174200
2022-04-22,114.08644104003906,117.42420202394086,113.9784857042953,117.20827762466395,14318800
2022-04-25,114.05044555664062,114.36533356729424,110.75767763583706,113.36670559907569,17149000
2022-04-26,110.67671966552734,113.72658852220916,110.54177548664798,112.13417857248098,17209500
2022-04-27,109.23725891113281,111.16254033859113,109.05732876168437,110.05595687808226,17215200
2022-04-28,110.96460723876953,111.24350787885761,108.98534824301431,110.48778619022181,13015600
2022-04-29,107.38392639160156,111.20749948837253,106.97008165655947,110.70368970030277,14874800
2022-05-02,108.36458587646484,108.5985005674857,106.35833789270694,107.85177738792764,18545000
2022-05-03,110.68571472167969,111.71133163200636,108.66146973594628,109.33621806452409,15720900
2022-05-04,114.34733581542969,114.61723786198235,110.42479875852437,110.4787832861714,17128500
2022-05-05,111.48641204833984,113.44768073684472,109.90300762862368,112.68296736106554,15055400
2022-05-06,111.30648803710938,111.81929650451255,109.02133948611598,111.37846284121036,14417900
2022-05-09,109.63311004638672,110.95561788152929,108.40956584951297,109.85802615810769,14312300
2022-05-10,106.96110534667969,111.36046393484135,105.76454998716217,110.75769040385855,16382400
2022-05-11,106.2863540649414,110.5597600613588,106.10642392643965,107.32996808715706,14630300
2022-05-12,106.19638061523438,106.44828553481575,103.79427844993359,105.26072886829334,16318800
2022-05-13,107.14103698730469,108.18465105304739,106.12441862096851,107.42893620314689,10443200
2022-05-16,106.39431762695312,107.47391219955917,105.46766436041887,106.64622256963487,10269000
2022-05-17,109.92098999023438,110.63172564673346,108.6884473660938,108.8953731856393,11160200
2022-05-18,108.0406723022461,109.73204541961275,107.53686253821002,109.12927204279913,12664900
2022-05-19,106.4393081665039,107.64486220387563,105.8275360125904,106.33135281598105,12765800
2022-05-20,105.56661224365234,107.66283184057187,103.4793912121837,107.47390314946973,13150100
2022-05-23,112.09819030761719,113.87053039147749,108.364581427024,108.37357999351177,24376700
2022-05-24,113.68159484863281,114.69821315602941,110.7576855302295,111.88226603730769,19324900
2022-05-25,114.4732894897461,115.03108385539763,112.61098456764918,113.60961254105274,12780400
2022-05-26,116.45256805419922,117.12731638851099,115.34598462970914,115.48992050790858,15990900
2022-05-27,118.09896087646484,118.09896087646484,116.1826711291145,117.1003327482698,11177800
2022-05-31,118.96263122558594,119.79032090596654,116.69548660324409,117.11831628240093,17015000
2022-06-01,116.87539672851562,119.5383954651262,115.75980801422358,119.5383954651262,10768000
2022-06-02,118.75570678710938,118.76469848955854,115.75982253673612,116.8664059607439,8374800
2022-06-03,117.1003189086914,118.54877910852959,116.94737761153944,118.04496925254918,8596000
2022-06-06,116.71347045898438,119.10658129736305,116.4705709306623,117.93701471465394,11323500
2022-06-07,117.01937866210938,117.24429480740186,115.71485403717936,115.90378963945355,6722200
2022-06-08,115.15704345703125,116.46155409438506,114.16741398760132,116.0567078590393,8422100
2022-06-09,112.7369384765625,115.24700972232138,112.70095107858411,114.59025172103082,13560100
2022-06-10,107.55487060546875,111.01857681328936,107.3479447948261,110.28984405745564,12945200
2022-06-13,104.35206604003906,106.11540734246348,103.51537791993975,105.13477649558172,16805600
2022-06-14,102.61570739746094,105.54861492408676,101.85999268354783,103.95621214040193,13357900
2022-06-15,103.83026885986328,105.21574595775589,101.81501571695783,104.01919755503046,14083500
2022-06-16,102.04895782470703,102.79568110447295,100.6454832180309,102.43581388473908,16724900
2022-06-17,101.68907165527344,103.12853340206972,100.9063679768972,102.14790244652868,30919900
2022-06-21,104.2081298828125,105.28772442537145,103.49739417780154,104.24411728275042,11680500
2022-06-22,103.62333679199219,104.54099137951715,102.91260115456578,103.35343475007033,9842700
2022-06-23,102.4897689819336,103.62334807194982,100.29459246666248,103.47040676802952,11851500
2022-06-24,105.54862213134766,105.99845431002949,101.50913108867529,101.8689982043996,14841100
2022-06-27,104.70294189453125,106.61023292073985,104.03719215092518,106.2143783826469,11280500
2022-06-28,104.19914245605469,107.32097937948275,104.00121516718443,105.86352041371619,11590900
2022-06-29,103.73130798339844,105.09879485020168,103.21849955036039,104.36107031734178,9338400
2022-06-30,101.31120300292969,102.63371069565692,99.79976662036917,101.8150128424851,15172600
2022-07-01,102.60671997070312,102.93959138117171,100.00669059626647,101.34718853115355,10573600
2022-07-05,102.2164535522461,102.29813625751622,99.20314697860752,100.53734630362622,12514200
2022-07-06,101.55389404296875,102.55227753655787,100.55551054937963,101.40867802507393,10656200
2022-07-07,104.12246704101562,104.28583938797875,102.92440547148976,103.01516634766683,10347400
2022-07-08,103.79569244384766,104.96652610566768,103.1149756817157,104.52179309329865,8807800
2022-07-11,102.43428802490234,103.67773348989748,101.85341011013652,103.06054983988244,7939500
2022-07-12,102.53411865234375,104.53996361915219,101.88970748492108,102.18014641847229,11250900
2022-07-13,101.57201385498047,102.08935828358781,100.18334593382633,101.42679096468649,12979900
2022-07-14,98.02323913574219,98.23199537702668,96.26244910576173,98.01416097100527,26204800
2022-07-15,102.5159683227539,103.36005760475044,97.7237221764294,99.07608481534061,18863900
2022-07-18,101.46311950683594,105.13898645536467,101.00930825951559,104.16783066308354,13977900
2022-07-19,103.97723388671875,104.32213487677055,102.26182787440001,102.6793334034956,11862300
2022-07-20,103.95907592773438,104.14059764732086,102.99699834962846,103.55971983511242,11667500
2022-07-21,104.66702270507812,104.8576225923545,102.89716166279044,103.86831742630905,11595900
2022-07-22,104.15875244140625,105.51110792887272,103.16944038777078,104.5944073318473,7645500
2022-07-25,104.57625579833984,105.7017056544162,104.16782155669097,105.13897726407328,9394000
2022-07-26,102.94255065917969,104.90301874241396,102.58857840936416,103.99539616860788,10675100
2022-07-27,104.59442138671875,105.048232664598,102.83363833728244,103.47804952091771,9337400
2022-07-28,104.20415496826172,105.26607873898341,103.04239907597572,104.60351115296427,10384800
2022-07-29,104.70333099365234,105.73802007821718,104.18598645136994,104.91208028855732,12944500
2022-08-01,103.65956115722656,104.47642276270157,102.62487209849485,103.92277250369129,14740400
2022-08-02,102.04400634765625,103.83202392770305,101.89878341189517,103.3963620450305,14942900
2022-08-03,103.114990234375,103.55972330950938,101.39050614200849,102.96976731414584,14394500
2022-08-04,101.98046875,102.8517855540431,100.76425095035351,102.42520185397181,18033900
2022-08-05,105.0663833618164,105.45666131685763,101.69910469139563,102.13475961702619,14174600
2022-08-08,103.78663635253906,105.91954794254511,103.63234218221672,105.51112056825411,10332500
2022-08-09,104.72148132324219,105.2751316009744,103.80478758600896,104.14968164237897,10233800
2022-08-10,107.45343780517578,108.3429109896172,106.64565425457806,107.06315981474907,12847300
2022-08-11,109.0417709350586,110.00384860746668,108.28844256817547,108.82394346528157,11684900
2022-08-12,110.84793853759766,110.95685573547384,108.40643860888144,109.52281045751785,9906700
2022-08-15,111.14745330810547,111.38343710291792,109.45927486177466,109.94939185502653,8456200
2022-08-16,112.20938110351562,112.76303145117365,110.61197029105047,110.99317012643799,9555000
2022-08-17,111.26544189453125,111.78279338084268,110.44858716261082,111.00223745622554,8149300
2022-08-18,110.4031982421875,111.15652656473851,109.41389305985257,110.9477703468881,9531800
2022-08-19,107.67127227783203,109.8132622818459,107.19931154753245,109.47744633371718,13464500
2022-08-22,105.89231872558594,106.33705875021747,104.8304020292738,105.96493018976378,8967600
2022-08-23,104.84854888916016,106.4550446032187,104.72148229223701,105.91047248431808,7607000
2022-08-24,105.1026840209961,105.65633427758321,103.87738815584142,104.63979462581788,9771300
2022-08-25,107.59864807128906,107.77109163423097,104.99376905362855,105.42943089206129,10758900
2022-08-26,104.07706451416016,108.90561566350064,104.01353121974553,108.42457687370283,11276200
2022-08-29,103.82293701171875,104.24952069379636,102.97884781143607,103.46896479140118,8117300
2022-08-30,103.84109497070312,104.90301164833747,102.88808856280961,104.37658892922275,10745400
2022-08-31,103.22390747070312,104.40381253734783,102.86992833363875,103.90462432920928,10738300
2022-09-01,103.93185424804688,104.0407645161226,101.57203713673447,102.82455369187618,9979800
2022-09-02,103.20576477050781,106.60027134757371,102.7338040664549,105.16623290567586,10666600
2022-09-06,103.23297882080078,104.14967946346587,101.71725094280313,103.7684796841988,9751900
2022-09-07,105.19344329833984,105.38404318181134,102.34350936043518,102.67932523505219,10647900
2022-09-08,107.6440200805664,107.81647056017205,104.04075788310112,104.63071385446968,11435000
2022-09-09,108.16136932373047,108.96008153820604,107.70755808354569,108.13414175725697,9299700
2022-09-12,109.44111633300781,110.32151121463062,108.72409376884706,109.4774220618449,8614600
2022-09-13,105.63819122314453,107.93447523588812,105.08454089699559,107.16299743006753,12904600
2022-09-14,105.39312744140625,106.95423232841526,104.26767055303281,105.91954322994398,9345700
2022-09-15,106.98146057128906,108.35196548374964,105.06637664966534,105.39312128531932,10821400
2022-09-16,106.26444244384766,106.55488136271414,104.71240882197272,106.54580319895298,14844100
2022-09-19,107.24467468261719,107.76201921499737,104.8394737453862,105.28420681805444,8201300
2022-09-20,105.12992095947266,106.81809944569974,104.0498479159697,106.56396624125445,9619000
2022-09-21,102.09844970703125,105.82877861254009,102.03491641111837,105.77432348021759,12606300
2022-09-22,100.93669891357422,103.10591616726137,100.80963231563014,102.90623810631774,11684500
2022-09-23,99.05791473388672,100.14705891608078,97.26082614080553,99.88385449632825,18138600
2022-09-26,96.92500305175781,99.48449810451093,96.26243561106126,98.02322539420264,15753600
2022-09-27,96.07184600830078,98.17753005774317,94.98270171275183,97.79633024676208,12793600
2022-09-28,98.01416778564453,98.6858135306586,95.88125594848457,96.16261675339427,12762600
2022-09-29,96.35321807861328,97.36975095399661,94.75580037136835,97.07023383552365,12713900
2022-09-30,94.84654235839844,97.67832678578611,94.75578150182905,96.26243110978753,15973400
2022-10-03,97.77816009521484,98.34995969035784,94.81023109399344,95.86307635761949,12248100
2022-10-04,102.35259246826172,102.5522705382755,99.71141443432558,100.39213135049404,16013600
2022-10-05,101.08888244628906,101.60169635772931,99.66032541495376,100.50280740848147,10943500
2022-10-06,99.02845001220703,100.90572600519454,98.84530420211476,100.23723052388458,11521400
2022-10-07,97.0504379272461,98.6346692694972,96.40025430458641,98.46067587865328,11681100
2022-10-10,96.14385223388672,98.26837563973788,95.71345192116682,97.73725002819839,8931700
2022-10-11,93.369140625,95.73175886685507,93.26840835205988,95.57608425833438,12739700
2022-10-12,94.88013458251953,95.90576927707119,92.74645167540932,93.22264195688732,13181000
2022-10-13,100.15481567382812,100.64015835202872,93.18601079802045,93.38747537838252,22398700
2022-10-14,101.82146453857422,105.53021942862705,101.39106421861624,102.52658356155584,33387100
2022-10-17,106.09798431396484,107.15109015904487,104.68773925856723,105.68590275946444,22276300
2022-10-18,108.82688903808594,110.01735767004864,107.10529480386943,109.57780496566174,21539700
2022-10-19,106.69322967529297,108.81775337066692,105.92400184449335,108.04852553986728,17072000
2022-10-20,106.34523010253906,108.70784867549702,105.90567738316727,107.2884512437602,12207400
2022-10-21,111.9312744140625,112.07778966687378,106.52838910195081,106.64743318152028,20593300
2022-10-24,112.06861114501953,112.72794713650374,111.10708531290815,111.78473308790528,12624200
2022-10-25,112.36164855957031,112.88362172160647,110.70415618279235,111.5832685090341,11289100
2022-10-26,113.65287017822266,114.6510267463944,112.5265031557678,112.63639483662547,11667000
2022-10-27,114.10155487060547,115.56674199679736,113.74441572692629,114.65099916960702,10727600
2022-10-28,115.4568862915039,115.6400321082591,113.59792900383482,114.73344843816022,11859500
2022-10-31,115.27373504638672,116.69313959840397,115.00816871790636,115.10890101445287,13295200
2022-11-01,117.35246276855469,117.47151383290596,115.68581773328512,116.18031980392584,13386900
2022-11-02,116.2718734741211,119.37624124856418,115.96967664984979,116.89457890599967,16546100
2022-11-03,116.48251342773438,117.37993770627928,115.30121103875088,115.66750267032388,12474400
2022-11-04,119.66927337646484,119.80664319294415,117.6363370292206,118.57955108190967,14953200
2022-11-07,120.30115509033203,121.14363698512378,119.4861443680671,119.96233464708139,12011200
2022-11-08,120.3743896484375,120.93299332178073,119.17476880235444,120.18209148317874,9884100
2022-11-09,118.8084945678711,120.35608840558159,118.33230432458333,120.2553700959593,9494000
2022-11-10,123.69853973388672,123.85421433390835,121.36339278730976,121.45497265702897,16351600
2022-11-11,123.9000473022461,124.6967393476337,122.50811384319448,123.7993149998187,10704700
2022-11-14,122.62714385986328,124.2937887909948,122.62714385986328,123.44215454020792,11085600
2022-11-15,121.7388687133789,124.27548057036492,120.51177652698621,123.33225248662279,14038300
2022-11-16,121.90370178222656,122.3066309316261,120.9055452813871,121.79381709534634,7893400
2022-11-17,121.37256622314453,121.69308184959206,120.21873511956515,120.87807117107586,8820200
2022-11-18,122.56303405761719,123.32310238898967,121.13447727985825,123.23153647713227,9468500
2022-11-21,121.83960723876953,123.2223741190831,121.56488154799005,122.47147213562357,7800500
2022-11-22,123.66192626953125,123.87255721626288,122.42568162642476,122.70955971543894,9185700
2022-11-23,124.98058319091797,124.99890196082377,123.49708421047596,123.57034531697187,7316200
2022-11-25,125.21870422363281,125.58499583839831,124.59599171077613,124.98060209821874,3220500
2022-11-28,123.03006744384766,125.19122130367973,122.88354522243881,124.60514639117245,9906900
2022-11-29,125.05384826660156,125.12710937542276,123.08500661961988,123.31394234476323,7925300
2022-11-30,126.53734588623047,126.53734588623047,121.96779780601344,124.62344659887748,14761200
2022-12-01,124.76080322265625,126.97689910625576,124.01903982246029,126.5373325047042,8858500
2022-12-02,123.77183532714844,123.94582874422677,122.10517625106144,123.15828915380338,8931900
2022-12-05,120.30115509033203,123.23154390906964,119.59604303130392,122.92934703814497,10154500
2022-12-06,120.50259399414062,123.7260126240252,118.92751523028376,122.15093386016834,13966700
2022-12-07,120.42021942138672,121.86709521744602,119.34880165540181,120.24622599412633,11739400
2022-12-08,121.68395233154297,121.77551826122537,120.35611360640029,121.18029081233001,8907300
2022-12-09,121.02458190917969,122.48976212767165,120.87805969539228,121.06120547606285,7957800
2022-12-12,122.90188598632812,123.30480120761078,120.5117959677682,121.24437925964982,8841600
2022-12-13,122.78279876708984,125.53917962013129,121.86705594869548,125.35603385107773,10025400
2022-12-14,122.16930389404297,124.27551605260864,121.5740624290503,122.50812440727431,9966100
2022-12-15,119.13817596435547,120.95134328433645,118.17664297069904,120.0996949848819,12087800
2022-12-16,118.39640808105469,118.95501187828005,117.6088685304276,118.2682046180749,21133700
2022-12-19,119.10153198242188,120.26452950136444,118.21326015727045,118.72607400001165,9017200
2022-12-20,119.6784439086914,120.9238548331783,119.22972484959675,119.93485080728036,8549900
2022-12-21,121.02458190917969,121.77548380186725,120.66744274627749,121.04288670605757,8051700
2022-12-22,119.65097045898438,120.23704535503765,117.59054893757593,120.05389956998245,8648200
2022-12-23,120.21873474121094,120.36525696844745,118.71691684485835,119.57771746346202,5091900
2022-12-27,120.63999938964844,121.07955215921585,119.5502628797135,120.48432474153353,5411000
2022-12-28,121.29930877685547,122.16926172356504,119.97147041421042,120.74070505770467,8827700
2022-12-29,121.9952621459961,122.04105208257766,121.1619328088425,121.729688897699,6585200
2022-12-30,122.80113220214844,123.01174916305784,121.2809955885126,121.61981600038357,9292500
2023-01-03,123.73516082763672,125.21867364333842,122.6088011128339,123.84505946373099,11054800
2023-01-04,124.88903045654297,126.0794851365286,124.14728088810833,124.53189125792152,11687600
2023-01-05,124.86135864257812,125.19346180691988,123.3392132742021,125.14733363036125,8381300
2023-01-06,127.2506332397461,127.65653862110756,124.06798651965855,125.58089761978853,10029100
2023-01-09,126.72480773925781,128.1178026001078,126.27278822661013,127.85950171392554,8482300
2023-01-10,127.8595199584961,127.97021633227186,126.66947763502837,127.11227720647598,9048700
2023-01-11,128.8096923828125,128.92038874886458,127.3982574102741,128.13625195241275,8703700
2023-01-12,128.68052673339844,129.94435701771593,128.4314458628536,129.1510003099014,11001700
2023-01-13,131.927734375,132.37054791484914,124.35395902005588,125.09196751012998,20200000
2023-01-17,129.88902282714844,130.5716691791465,128.44067969679156,130.23034600314747,14292900
2023-01-18,125.98680114746094,129.82441997763814,125.83919663343917,128.15468438224798,13392600
2023-01-19,124.3078384399414,125.36871603171208,123.23772676781353,124.83367427199015,13303400
2023-01-20,124.61225128173828,124.99048254229974,123.20081665217,124.68605353328735,13092500
2023-01-23,126.63257598876953,127.26910825273292,124.37243600869981,124.64917692664585,10487100
2023-01-24,127.72114562988281,129.4185558531422,124.538497942185,125.84845674989687,6945000
2023-01-25,128.33921813964844,128.33921813964844,126.61413389807234,127.35214259398586,8967000
2023-01-26,129.13255310058594,129.2063553652818,127.63809595043652,128.6159513240574,7487600
2023-01-27,129.4462127685547,130.31335768367455,128.92037692534547,129.7137336540936,7489900
2023-01-30,128.3484344482422,129.23403349962402,128.14548173306235,128.44067672474193,6729300
2023-01-31,129.11412048339844,129.21559684362194,127.53662689744111,129.0403182144774,9188700
2023-02-01,128.7727813720703,129.962823586279,127.4166946124427,127.49973096149544,8841800
2023-02-02,128.17312622070312,129.5753408172683,127.30596737909491,129.1509813990818,11822100
2023-02-03,130.1565399169922,131.30045393398444,127.42592643640081,127.47204053619367,11501200
2023-02-06,130.92222595214844,131.21743502591008,129.17868782973096,129.36318646266028,8406200
2023-02-07,132.51817321777344,133.1547055319819,130.23957897119715,130.42409169951745,10447900
2023-02-08,131.58644104003906,132.877945632751,131.25433784814967,131.5956610455783,6958000
2023-02-09,129.53842163085938,132.23214018165356,129.03104000327139,132.02918753061837,6443100
2023-02-10,130.1104278564453,130.33183468351544,127.85028770927389,128.94807368610296,6582900
2023-02-13,131.5218505859375,131.66944103130464,129.83366081928747,130.35026256892732,7134600
2023-02-14,132.10304260253906,132.6657726188391,130.62703936769975,131.45729030752534,9249400
2023-02-15,132.65655517578125,132.73957745609866,130.35028688022297,130.63626189665706,6728300
2023-02-16,130.82998657226562,132.27831565300778,130.70082204237585,131.8355161088989,8165300
2023-02-17,131.21743774414062,131.76171364927728,129.21559867888436,130.05506958755439,7948800
2023-02-21,128.8096923828125,130.387171904429,127.99788149484765,129.78754781985546,9996300
2023-02-22,127.82258605957031,128.62516276062055,126.78938257533628,128.15468919040865,11107500
2023-02-23,128.8465576171875,129.30781114087313,127.25062436661048,127.97939874044401,8068000
2023-02-24,130.00892639160156,130.4056117873212,128.16391208452364,128.32997069185853,9126900
2023-02-27,131.1436309814453,132.2045086636795,130.73772554869174,131.09750280475183,10014700
2023-02-28,132.24139404296875,132.61961124344361,130.90374753112508,131.86316276615307,11019800
2023-03-01,131.50340270996094,132.34288763092906,130.81152231767038,131.0882772898551,7139200
2023-03-02,130.13809204101562,131.39268826747863,128.72664313356037,131.2174237309055,11106800
2023-03-03,132.52740478515625,132.60120705981493,130.14733421370593,130.5440056041087,9513100
2023-03-06,131.7525177001953,132.877963812771,131.6049131333064,132.324467801457,9261300
2023-03-07,127.87796783447266,131.2820223008746,127.13073911284208,131.00526727307,11747600
2023-03-08,127.12149047851562,127.85026494714538,126.28200557788901,127.30598909672068,10002500
2023-03-09,120.23958587646484,126.70637040071524,119.20638230996192,126.16208045104264,25888100
2023-03-10,123.2931137084961,124.77835124974558,117.91490068304779,118.96656563962244,37599700
2023-03-13,121.0790786743164,123.50527728856319,119.38166868303325,121.04218457726407,42901100
2023-03-14,124.18792724609375,125.02741226082236,121.11597627206211,124.7967854376339,29648100
2023-03-15,118.32076263427734,120.83921730242474,116.90933485138834,120.82998322201568,34280600
2023-03-16,120.61781311035156,121.72481890489128,116.25435107656224,118.09013838380625,24558500
2023-03-17,116.0606460571289,118.52373896288007,115.72854285206442,118.43149667479516,38396000
2023-03-20,117.28758239746094,119.43702618429417,116.24515163919907,117.14920488911795,22875500
2023-03-21,120.43331909179688,121.52187084305194,120.10121593311274,120.47021318660936,17807800
2023-03-22,117.324462890625,120.53479095895408,117.23221358068643,120.4425346108443,17250200
2023-03-23,117.01081085205078,119.49235749309963,116.25435522322675,117.98867327821704,16677600
2023-03-24,115.23038482666016,115.9407123176095,113.56986894913054,115.89458413950018,22311100
2023-03-27,118.53295135498047,119.35398217332511,116.50343135783469,116.96468494288993,18853900
2023-03-28,118.89273834228516,119.31708379259778,117.84107360696267,118.73591379966149,10820500
2023-03-29,119.13257598876953,120.12888542669916,117.86873862557152,120.01818907015445,14595300
2023-03-30,118.7728042602539,120.03663464387499,117.7580477285773,119.87981010605174,12134700
2023-03-31,120.2118911743164,120.23956525964954,118.86503876696855,119.61226722364435,13105200
2023-04-03,120.07353210449219,121.2543401115248,119.38165175304299,119.84290532067578,11775400
2023-04-04,118.4683837890625,120.4702229073124,117.53665649917986,120.38720063002806,11579900
2023-04-05,118.64502716064453,119.14708434890063,117.57581658451342,117.89193428485298,9614700
2023-04-06,118.51485443115234,119.082000683968,117.94770817833668,118.0778721943855,8760200
2023-04-10,118.90534973144531,119.22146032380778,117.35267385939126,117.65019263184118,9477300
2023-04-11,119.49110412597656,119.88159621491059,118.5799488250562,119.28655862413275,10516300
2023-04-12,119.47249603271484,121.26690103116188,119.06340506045575,120.10471721761407,11821000
2023-04-13,119.92807006835938,119.97454606868823,117.91981315305058,119.43530529564194,12450200
2023-04-14,128.98379516601562,129.34639592243803,125.42286251355279,125.65529925963929,43931300
2023-04-17,130.0065155029297,130.22035332547398,127.98896635826779,130.1180805952463,16050500
2023-04-18,131.46624755859375,131.8195560320996,129.26275124856613,130.41564287639508,13760100
2023-04-19,131.2988739013672,131.55920192925032,130.53647454341413,131.30816626421534,9158100
2023-04-20,130.91770935058594,131.49414811173966,130.01585337385472,130.08094249169716,10586200
2023-04-21,130.66664123535156,131.19660385164096,129.0302915712904,129.922854961478,11842500
2023-04-24,130.8433074951172,131.18732357463173,130.20177971600683,130.59228598862495,7567500
2023-04-25,127.99827575683594,130.1274044640123,127.96109211671873,129.79269495570054,10629300
2023-04-26,125.7297134399414,128.12846298620772,124.58612832390384,127.95180874332046,14416100
2023-04-27,127.42183685302734,128.22141988860258,126.12948901275256,126.4455996069345,9041100
2023-04-28,128.5282745361328,128.60265602410013,126.13881711569461,126.96629166245583,9887300
2023-05-01,131.28025817871094,133.29780722986916,130.93625636880267,132.26578761333266,20415800
2023-05-02,129.1604461669922,132.4052681693228,128.7048650486828,131.4662146588088,14113400
2023-05-03,126.42701721191406,128.92803938903776,126.22247169793857,128.71420151054193,12930900
2023-05-04,124.69767761230469,126.1852786601543,122.5499640622479,125.47867596517398,17089200
2023-05-05,127.13360595703125,128.19351693679252,126.3619142684698,126.85467902829136,11261400
2023-05-08,127.44044494628906,128.27721168217766,126.89188336179542,127.83093703549143,7484900
2023-05-09,126.82679748535156,127.32885464615522,125.7111038715992,126.38050869039941,7343600
2023-05-10,126.89188385009766,128.36088601235872,125.39499040898734,128.25861326097296,8133400
2023-05-11,126.4920883178711,127.19869096486417,125.42287070396287,125.51585108319455,7057300
2023-05-12,124.6791000366211,127.36606876598572,123.7772441549865,127.2080134509426,9988600
2023-05-15,125.7297134399414,126.13880448940313,124.54894467705132,124.83716404731295,7639500
2023-05-16,124.88363647460938,126.38982222709488,124.54892695329985,125.9435475942871,6477200
2023-05-17,128.7235107421875,128.85367479660817,125.94357539702828,126.3526522917661,12711500
2023-05-18,129.69970703125,129.91354486981814,128.08194213737082,128.55612218887362,10999600
2023-05-19,129.40219116210938,130.6201717479733,128.42596808225812,129.9693374456531,13492200
2023-05-22,128.33299255371094,131.68938019077746,127.98899066253614,131.09434260740792,11402500
2023-05-23,126.9941635131836,129.2627488951612,126.87330602719749,127.877420494051,9514900
2023-05-24,125.83199310302734,126.77104693264928,125.59026391818736,125.88777566977367,8578000
2023-05-25,126.1387710571289,126.69662491977871,125.12535025390105,125.34849463632358,8472500
2023-05-26,127.31957244873047,127.93320895067457,126.10160599557224,126.54788063934289,8579900
2023-05-30,127.80304718017578,128.04477632756996,126.46420903839032,127.18941066738822,7399900
2023-05-31,126.17597961425781,127.2265841438539,124.95799905009046,127.12431139989525,14219900
2023-06-01,127.91462707519531,128.51895710691062,125.93426091276511,126.92909726996506,12248100
2023-06-02,130.60157775878906,131.54061723322627,129.55095898404744,129.7555044833213,12922500
2023-06-05,129.31854248046875,130.26688865425152,128.4259930589933,130.26688865425152,8511900
2023-06-06,129.5509490966797,130.25756592635653,128.50034458893558,128.93731264569107,9329500
2023-06-07,130.80613708496094,131.34539216852002,129.07680670900132,129.74622583432867,9281400
2023-06-08,130.8433074951172,130.99207043832266,129.6811236016028,130.7875249381189,7368100
2023-06-09,131.1036376953125,131.83814587263618,130.3598513407576,130.49001537148624,7249100
2023-06-12,131.09434509277344,131.3918709835064,129.94145354640617,131.15943420142702,7596600
2023-06-13,132.04269409179688,132.83297065646826,130.29476491165087,130.61087553751943,7701600
2023-06-14,131.54991149902344,133.5209706496138,130.81540340563754,132.95382439764776,9068700
2023-06-15,133.03750610351562,133.32572542805949,130.1924823122168,130.71313840646567,9343100
2023-06-16,133.195556640625,133.8556832851755,132.4889539932474,133.00031770567188,13813500
2023-06-20,132.51683044433594,132.95381264180995,131.1315023941723,132.59121190207753,8428600
2023-06-21,132.32162475585938,133.90219211599842,131.73587949582742,132.86086563296203,9926500
2023-06-22,129.77406311035156,132.58190248495086,129.18831807274296,132.3122679619711,10075200
2023-06-23,129.0954132080078,129.40221732055474,127.95181385942702,128.80717963940447,9919500
2023-06-26,129.4114990234375,130.1738842559491,128.01687839601942,129.11397314658396,8429700
2023-06-27,129.42079162597656,130.0158291939676,128.80715514394416,129.2348450460071,8154000
2023-06-28,128.85365295410156,129.43010582894865,128.26792190190724,129.3836156345039,7558600
2023-06-29,133.3536376953125,133.47450937436494,130.02515511363134,130.22970063811232,15423200
2023-06-30,135.22242736816406,135.74308350074216,133.56747858097697,134.44144316929692,14212800
2023-07-03,136.31021118164062,137.11908654933129,135.7430649319183,135.91971913562398,8021600
2023-07-05,135.4021759033203,136.14171413854416,135.14006000089324,135.68301845141943,8934900
2023-07-06,134.0635223388672,134.23201930820707,132.4065640524601,133.88565490395533,9709500
2023-07-07,135.12130737304688,136.52550555928698,133.8668937548906,134.7187774160945,8981500
2023-07-10,135.87957763671875,136.6659395090326,135.2710974449543,135.2710974449543,9100100
2023-07-11,138.00460815429688,138.37906960740568,136.4038300805188,136.99358365726889,11260900
2023-07-12,138.68800354003906,140.29815234336888,137.6114570388081,138.03271374432256,11323200
2023-07-13,139.3620147705078,139.83008093340652,138.3135511365733,139.20287398923173,11234900
2023-07-14,140.20452880859375,143.12525681027427,138.93138839786866,141.870843043834,27028400
2023-07-17,143.583984375,143.9303487734473,140.7475044980093,140.7475044980093,17262400
2023-07-18,143.84608459472656,144.5388133160355,143.05973693495963,143.58396870813758,13491700
2023-07-19,144.3983917236328,145.2970849199136,142.49804450203536,142.99419342486166,12510000
2023-07-20,146.17703247070312,146.58893291052811,144.54817163861398,144.66050292793233,9935900
2023-07-21,145.05369567871094,146.1676953908266,144.8103064253035,145.84941384000646,10636400
2023-07-24,147.90892028808594,148.64845860445772,144.84776331797755,145.07244023795923,14381400
2023-07-25,146.80426025390625,147.6467735305015,145.99918598070113,147.25359971580744,9944700
2023-07-26,147.6842041015625,148.14291400130324,146.29873250733112,146.70127676307158,8728600
2023-07-27,146.0553741455078,148.6390943050811,145.6153907955602,147.69360576809055,10778400
2023-07-28,146.8885498046875,147.53448349670444,146.44856639952374,147.23491424882786,9103800
2023-07-31,147.8714599609375,149.20076607298495,147.11318082189925,147.14126364731788,8892700
2023-08-01,147.14126586914062,147.90890120016138,146.17705075722094,147.37529894065986,6853900
2023-08-02,145.4749298095703,145.74641613115145,144.1081848752588,145.62471438118453,8299400
2023-08-03,146.36427307128906,146.89786098978126,144.4920086983106,145.10048890583116,6084000
2023-08-04,146.0553741455078,147.7216885960237,145.75580493522597,146.41109472740982,6209400
2023-08-07,146.74807739257812,147.6280439392386,146.5983070977639,146.5983070977639,7251800
2023-08-08,145.92430114746094,146.01790580284208,142.84441801525406,144.46393710846394,8623400
2023-08-09,143.96778869628906,145.58730795628765,143.6682337702767,145.40008434199916,6277800
2023-08-10,143.75245666503906,145.51238975141104,143.31247339344608,144.520091916497,5995100
2023-08-11,144.58563232421875,144.65116844231196,142.8818789489863,143.2563261590332,5180700
2023-08-14,144.88519287109375,145.02560699541831,143.15334248845306,143.7992760288352,5044300
2023-08-15,141.19683837890625,143.48100350640703,140.6351532778257,143.08782964934886,10300300
2023-08-16,140.5977020263672,141.3185278436564,140.12026544675294,140.9815196692057,6978200
2023-08-17,139.13735961914062,141.59937805479146,138.92203888799807,141.2436574651906,9953900
2023-08-18,139.4556427001953,139.95179172208907,138.02336129220063,138.21994109410372,8517500
2023-08-21,139.9330291748047,140.5134408185697,138.56628424091537,140.09216992550452,8327000
2023-08-22,137.0310516357422,140.0828378134794,136.53490265589448,139.7271029659488,9673300
2023-08-23,137.9578094482422,138.16375969245578,136.16980765056223,137.00296480788273,7858000
2023-08-24,137.8267364501953,139.8675120243072,137.60207386958209,138.07949613762864,6534000
2023-08-25,137.65826416015625,139.12798451368934,136.53490820324166,137.87357059987212,6695500
2023-08-28,138.13565063476562,139.11859219835208,137.73312068749019,138.14502109769722,5094100
2023-08-29,139.259033203125,139.3432959645767,137.7799424826576,138.27610573389072,6337000
2023-08-30,138.69735717773438,139.62411896057506,137.78930775518225,139.127970012283,6277300
2023-08-31,136.98423767089844,138.87522886814105,136.63787329971225,138.79096610726893,10933900
2023-09-01,137.4429473876953,138.62246891114418,136.3944695270514,136.75956054270785,7903500
2023-09-05,135.92642211914062,138.7441897953405,135.7485546770121,137.76124791490443,7854700
2023-09-06,135.70172119140625,136.2446652620402,134.90600315934276,135.45831769328464,8629200
2023-09-07,134.54092407226562,135.9919318730385,134.2319987249338,134.92474171145767,8373700
2023-09-08,134.64389038085938,134.9153624223818,133.53924700348213,134.2132633018919,7107900
2023-09-11,135.233642578125,135.78595706083672,134.51281689817148,135.50511458826145,6854200
2023-09-12,136.9936065673828,137.91102656774117,134.84986974127222,135.27112644775508,8363200
2023-09-13,137.0591278076172,138.26673213964824,136.50681320165899,137.92972395420438,8325900
2023-09-14,139.7177276611328,140.32620786354758,138.09822299168405,138.39777786104037,10034900
2023-09-15,139.3058319091797,140.16707182842225,138.83776580409716,139.4088070236676,19863400
2023-09-18,139.5960235595703,139.61475020241627,138.31352706736544,138.69734468236973,6512400
2023-09-19,139.41815185546875,140.1577042404797,137.80801772654655,139.95175402826723,7943400
2023-09-20,138.8284149169922,140.65386993955852,138.67863032943688,140.09218487834835,7332000
2023-09-21,137.74252319335938,139.34331591065376,137.26510080327012,138.15442374210164,8052400
2023-09-22,136.42254638671875,138.08886061958907,135.91704126570235,137.88291038548203,7071700
2023-09-25,137.09657287597656,137.16210899360448,134.52220904350628,136.06683591353567,7044700
2023-09-26,135.6736602783203,136.5255441805106,135.01837046288418,135.36474916009422,7468400
2023-09-27,136.4693603515625,136.75955906802622,135.28046837627247,135.91704574382544,6717800
2023-09-28,138.1637725830078,139.3620208697306,136.68468172940547,136.9374414680217,8868100
2023-09-29,135.7578887939453,139.25901390338058,135.60810422128415,139.10924361496248,11917800
2023-10-02,134.58773803710938,136.31957413491773,133.52054783987114,135.58003593998507,9170600
2023-10-03,133.595458984375,134.41924577010903,133.25845075431442,134.05415471123064,9431100
2023-10-04,134.19456481933594,134.3068961192718,132.86524444361987,134.044780229925,8128700
2023-10-05,134.76036071777344,134.94898016017183,132.80827611780975,133.94934604024704,8576200
2023-10-06,136.8350830078125,137.57065291285397,134.04367882202118,134.7698235091785,10270600
2023-10-09,136.5238800048828,137.11798531189535,135.32621539355333,135.47710521963256,6964900
2023-10-10,137.35374450683594,138.40995889388373,137.004824376904,137.13684937657925,11288800
2023-10-11,137.8252716064453,138.8437563954765,136.75964633550754,138.16476653612236,8698200
2023-10-12,137.504638671875,138.5891431366781,136.86337847882652,137.96673338014548,10484400
2023-10-13,139.5699005126953,144.3888348154425,139.41901068024754,140.04142044685983,29427000
2023-10-16,139.4284210205078,141.00329554327354,138.3627815883004,140.9372758593186,12663500
2023-10-17,139.1266632080078,140.80527293299247,138.428808562367,139.164392858932,11482700
2023-10-18,137.5989532470703,139.07951838576773,137.08970365032715,138.24021346264712,9620300
2023-10-19,137.0142364501953,138.64570554852048,136.62760109586821,137.1934163017745,11143600
2023-10-20,134.80751037597656,136.8727694396069,134.02478576708765,136.33524434051608,13332900
2023-10-23,132.96861267089844,135.49595244442185,132.71398789413,134.7981121972243,10133400
2023-10-24,133.12890625,133.6570061539827,132.36504643247912,133.14777107218316,8881400
2023-10-25,132.4027862548828,133.13835617043748,131.5634813825373,132.5631156887243,8242600
2023-10-26,132.74227905273438,133.6004487370822,131.48803437322115,131.7992392386323,9109400
2023-10-27,127.96106719970703,131.17683623137796,127.489547320212,131.03537163374259,17434700
2023-10-30,129.592529296875,130.17720937589277,128.29112975104002,128.6683543097979,9855500
2023-10-31,131.13909912109375,131.3088537506683,129.63966944313077,129.86600415268222,9672500
2023-11-01,131.02593994140625,132.52536963058716,130.5827101254128,131.3182799499032,9432000
2023-11-02,133.36468505859375,133.42126514351625,131.29942562105097,132.1104404141124,10186200
2023-11-03,134.8546600341797,135.58080454038657,133.7701702722791,134.09080027618893,9538700
2023-11-06,135.87318420410156,135.9769191638664,134.65665473143704,135.01501448146942,7625100
2023-11-07,135.80715942382812,136.04291937904668,134.68495412429016,135.33563951339102,6297900
2023-11-08,136.47671508789062,136.58987525429612,135.4393655970245,135.90146025925483,7618200
2023-11-09,136.07119750976562,137.3537321294573,135.5148075176755,137.15570184261244,7992500
2023-11-10,138.08929443359375,138.13644929586334,135.87315980335984,136.68417450960825,7983300
2023-11-13,137.47633361816406,137.91956345188186,136.89165357778936,137.40088871139884,6676300
2023-11-14,139.9848175048828,140.7486773711874,138.17418298003085,138.32505839820212,9927700
2023-11-15,141.21078491210938,141.60685990157586,140.00369511859856,140.00369511859856,8365300
2023-11-16,142.82339477539062,142.89883969668293,141.54085989271647,141.54085989271647,8126200
2023-11-17,144.11532592773438,144.1530411822149,142.90822193971096,143.53063156096295,7812400
2023-11-20,144.5585479736328,144.99235256315117,143.26658820100812,143.41747800515745,7019000
2023-11-21,144.25680541992188,144.87921516759508,143.87959523992686,144.47370055393674,7083500
2023-11-22,144.59628295898438,145.11495768637337,144.19076839406415,144.67172786384498,5174500
2023-11-24,144.7943115234375,145.64305590080474,144.54912637778605,144.84146638712082,3496900
2023-11-27,144.46426391601562,144.78489398263042,144.01160885787445,144.69058425026378,6259100
2023-11-28,144.7943115234375,145.1055163561744,144.02102643967882,144.4925462972237,6582700
2023-11-29,145.52989196777344,146.76527166017885,145.22811235973722,145.38842738039006,9126100
2023-11-30,147.18966674804688,147.23682162015268,145.586501823976,146.08631181107492,9869800
2023-12-01,147.9063720703125,148.86827678185622,146.94448174841548,146.94448174841548,8916000
2023-12-04,148.99085998535156,149.04744006979425,147.0010454744615,147.1330704680428,9607500
2023-12-05,148.97201538085938,149.47182538080324,148.02897547309405,148.3024507149013,9135600
2023-12-06,147.40655517578125,150.15080456532945,147.11421512755064,149.79244482122945,9366000
2023-12-07,147.8592071533203,148.34959188917585,147.25566224366952,147.7649118050395,8130900
2023-12-08,149.4906768798828,149.73586205376884,148.038387493204,148.30243749266455,7369400
2023-12-11,150.03762817382812,150.2262332436277,149.1417289104025,149.49066339865834,8093900
2023-12-12,151.3767547607422,151.4993401514318,149.83017004353027,150.16022534418147,10223000
2023-12-13,151.885986328125,152.80073607591623,150.66947133004385,151.376751172791,12379100
2023-12-14,154.64907836914062,155.4506534429621,152.49894910461222,152.61210925864745,13643000
2023-12-15,155.81845092773438,155.8656057922749,153.14022154170772,153.79092125929148,20309300
2023-12-18,156.76148986816406,157.61023425667324,156.19567466546889,156.46914985499157,8469600
2023-12-19,158.8550567626953,158.87392158842906,156.12024700678276,156.54461205309389,10345700
2023-12-20,157.06329345703125,159.760388064777,156.9689837140342,158.42127317416848,10734700
2023-12-21,157.95916748046875,158.5155575124074,156.24282812678547,157.3367577550905,7601700
2023-12-22,157.8648681640625,158.64759298134297,157.7045531132431,157.95917790673107,6576300
2023-12-26,158.79847717285156,159.15683691468658,157.65739264154033,157.9214570337028,4683600
2023-12-27,159.7509307861328,159.8169504768574,158.03460589267718,158.27979105184372,6428600
2023-12-28,160.59971618652344,160.93921116487564,159.37376129860445,159.7038310571533,6320100
2023-12-29,160.41107177734375,160.96746179209865,159.96784193110983,160.3167620438129,6435100
2024-01-02,162.27828979492188,162.3631599230326,159.2888553688662,159.45859562508764,9977400
2024-01-03,161.57101440429688,162.24056461960868,160.6656898438769,162.07082435870566,9852300
2024-01-04,162.64321899414062,164.4839997839759,161.81770540051127,161.91259668017605,11972500
2024-01-05,163.459228515625,164.51245797473024,162.70014174249383,162.70014174249383,10066000
2024-01-08,163.2220458984375,163.54465313300418,160.82144383692776,163.2220458984375,11229900
2024-01-09,161.9315948486328,163.00379113396048,161.4002383747752,162.84248752428073,9923600
2024-01-10,162.2731475830078,162.33007655293576,160.30901125024462,161.3053116591082,9670200
2024-01-11,161.58998107910156,161.64691005258496,160.0148785803073,161.61844556584327,11919500
2024-01-12,160.4039306640625,167.29261232317756,160.26159373589286,164.91099163359718,19436500
2024-01-16,159.3981475830078,159.49302439057672,155.8968705158976,156.43771030633505,17206400
2024-01-17,158.54417419433594,160.42291746804034,157.9748698967347,158.78138793793093,11107500
2024-01-18,158.85728454589844,158.9616591633274,156.788787827513,158.57262518214884,9382300
2024-01-19,161.5994873046875,161.84619886256158,158.53468981159222,158.98065280488078,13115700
2024-01-22,161.40969848632812,163.1840524158629,161.03016233915122,161.7418034738899,12837500
2024-01-23,160.3469696044922,161.06809400313085,159.82509659569962,160.99218388563608,8360800
2024-01-24,161.77975463867188,162.26366540807356,160.22363323770475,160.69806067066273,9967100
2024-01-25,164.09495544433594,164.1424010811721,162.16878131146788,163.49717227262667,8873500
2024-01-26,163.46868896484375,164.20879448347208,162.9942616078577,163.78181275785943,7443000
2024-01-29,163.8957061767578,164.00008079702863,162.5388505916141,163.43077653240536,6971200
2024-01-30,167.25465393066406,167.71958355620103,163.99059082342822,163.99059082342822,10822100
2024-01-31,165.4423370361328,169.18082757038678,165.42335588463555,167.18822653609234,11521800
2024-02-01,164.8445587158203,165.8977882402984,162.66218953700178,164.75916524911648,9354800
2024-02-02,165.7934112548828,166.82767409091414,164.39859340512308,164.4365557087008,8607600
2024-02-05,165.5751953125,166.13501628029312,164.07600269490123,164.96792869965805,7820200
2024-02-06,166.1444854736328,166.87509326368186,164.87300900590824,165.6795413976579,6764800
2024-02-07,166.45758056640625,166.8750789697446,165.06277741470677,166.70429206567403,7225500
2024-02-08,165.85983276367188,166.34374353104843,164.69274533742478,166.04960084038564,6060300
2024-02-09,166.05909729003906,166.14450523792445,164.78763514943896,166.04961395288615,6296700
2024-02-12,166.79920959472656,167.76704572264995,164.81610617285773,165.8408712827099,8539300
2024-02-13,165.34744262695312,167.21668785869483,163.79132123629455,166.35324093999716,8397600
2024-02-14,167.02694702148438,167.09337382211206,165.49928986921168,166.11605431558004,7056700
2024-02-15,170.6705322265625,170.9931539074644,167.1407907162721,167.1407907162721,8723400
2024-02-16,169.87350463867188,170.77491396724417,169.04800544533634,170.42384226035486,8152600
2024-02-20,170.53768920898438,171.2303637188881,169.28520825442058,170.02531392720303,9668000
2024-02-21,171.64785766601562,171.73326561657646,169.38959269081207,170.7464483434242,7024000
2024-02-22,173.7068634033203,174.03895391200567,171.97045729976963,172.52079484720994,9296500
2024-02-23,174.57981872558594,175.72792504973566,173.82073190790015,174.40901731437765,7105800
2024-02-26,173.98204040527344,175.02578661879247,173.1470434344582,174.3520932485434,7145400
2024-02-27,174.0674285888672,174.15282205509578,172.91932226723353,173.93458948194154,5717100
2024-02-28,174.94985961914062,175.72791305734785,173.60248748692752,174.04843594056865,6131600
2024-02-29,176.54393005371094,176.89500171310078,174.4469689552258,176.16439390725577,9643000
2024-03-01,175.81332397460938,176.90451583340356,175.6330536993716,176.20235797152844,6311800
2024-03-04,177.13223266601562,177.99569413338153,174.84550327171607,175.26300176048102,7063600
2024-03-05,178.90658569335938,179.61822683416162,176.82859124567665,176.82859124567665,6617800
2024-03-06,179.83645629882812,180.3488460192698,178.0336378978686,179.570778102442,7572900
2024-03-07,178.26136779785156,180.75686085108097,177.08479697238374,180.19703992745502,7618300
2024-03-08,178.59347534179688,180.71891558839314,178.3088159683026,178.80222458380084,6172200
2024-03-11,178.65988159179688,178.8022185128998,176.69575949029132,177.70154336122792,5762600
2024-03-12,180.130615234375,180.43425575956988,178.29933218131626,179.2861349314453,5708400
2024-03-13,181.59185791015625,181.92394844272968,180.1306132360268,180.62402184480607,7795500
2024-03-14,178.3562469482422,181.82905916695464,177.53074786350967,181.25974046676782,10310900
2024-03-15,180.5670928955078,181.17435946088082,176.9424601771041,176.9424601771041,17214200
2024-03-18,182.80638122558594,182.84432904958828,180.17804920335632,180.88020701359716,9013800
2024-03-19,183.87857055664062,184.01140965328761,182.5406962541158,182.85382008443563,8478700
2024-03-20,186.28868103027344,186.50691359955096,183.70779458867116,184.25813215855158,9367000
2024-03-21,188.87905883789062,189.23013052665834,186.2886889495495,186.46897370163362,11203800
2024-03-22,186.56382751464844,190.22640764871292,186.48791739268526,188.83158992418737,8108800
2024-03-25,184.8559112548828,186.86747893022638,184.41943164766377,186.54487175179887,8620000
2024-03-26,185.71937561035156,186.6018182440371,184.13478957869043,184.6376815447347,5961500
2024-03-27,189.3155517578125,189.3914618944576,186.33614766678855,186.45000563256713,8725800
2024-03-28,190.05563354492188,190.45415085331146,188.38563970590695,189.28706341600085,8628300
2024-04-01,188.76519775390625,190.66290757030683,188.41412607095276,189.76149830319193,7309000
2024-04-02,188.6892852783203,189.56223004560812,187.9491796173942,188.24332231873962,7014700
2024-04-03,188.15794372558594,189.3534957773421,187.58862495139087,188.8600871382649,9353400
2024-04-04,186.726318359375,190.57250726060758,186.63088813761217,190.06668194049317,9243800
2024-04-05,188.44422912597656,189.08366842916283,186.21096089165496,187.21307291356746,6532300
2024-04-08,189.42724609375,189.90444089970362,188.60647044499663,188.60647044499663,8001000
2024-04-09,188.15792846679688,189.80903317635733,186.02010480291608,189.03597982912675,7351500
2024-04-10,186.55453491210938,188.08156408606877,185.3233641819326,186.63088782709028,7681400
2024-04-11,186.51637268066406,187.60439092248092,184.42627146372058,187.0603818015725,10137700
2024-04-12,174.452880859375,180.31283283345405,174.21428344257563,179.730669116781,31532300
2024-04-15,174.54833984375,178.90990796764004,173.8898085897857,176.08490791538944,14766600
2024-04-16,172.55364990234375,174.8060100362722,171.45609307815093,174.55785940954902,16451800
2024-04-17,171.86648559570312,174.09975382543902,171.02661806472688,173.0976418055842,9017100
2024-04-18,172.98312377929688,174.99688652001322,171.7615061943233,172.83997115716338,9557700
2024-04-19,177.32559204101562,177.40194495717884,173.1358222453055,174.08065863681227,13402300
2024-04-22,180.7709503173828,181.45811204263342,177.49738618697634,177.5069394038577,11529700
2024-04-23,183.37644958496094,183.46234116906865,181.8303428196935,182.41252116114381,9144400
2024-04-24,184.27357482910156,184.41672746658654,181.49629715923766,181.8398780520335,6964900
2024-04-25,184.55035400390625,185.09436318902124,182.46023797744618,183.4814420704166,9802300
2024-04-26,184.66485595703125,185.98190375230607,184.25446084078007,184.74120887546937,6413700
2024-04-29,184.46444702148438,185.39974488523453,183.65320992069704,184.6553220561309,5387800
2024-04-30,182.9946746826172,186.09644101035263,182.89922989355478,184.0158640239999,8153700
2024-05-01,183.10919189453125,185.5906107156563,182.08798801756038,183.50049513128624,7445300
2024-05-02,182.91831970214844,184.67439312359332,180.87592647957385,184.2640125734771,6501700
2024-05-03,181.82077026367188,183.74864146909349,179.86428309609008,183.2428161104816,8922800
2024-05-06,183.24282836914062,183.43370340279216,181.16226574552516,182.98513906415366,7911100
2024-05-07,183.0042266845703,184.13039955093174,182.90878188854626,182.95650428655827,7688800
2024-05-08,186.726318359375,187.6807079539802,182.28841256959262,182.28841256959262,9227600
2024-05-09,188.49197387695312,188.57786545857692,186.2014443233279,186.26824403253585,7977300
2024-05-10,189.70404052734375,190.24803507157247,189.22684568795714,189.48452041598773,7529800
2024-05-13,189.6658477783203,190.734774070511,189.00731660118564,189.7326620428204,7049200
2024-05-14,192.3190460205078,192.38586028369684,189.12184954887874,189.92353333016814,8596200
2024-05-15,192.89170837402344,193.44525616341704,190.65843990714103,192.79626357615743,8370000
2024-05-16,193.2353057861328,195.1536240595323,192.77720275542288,192.9967083338916,8497900
2024-05-17,195.449462890625,195.69761353618276,193.55977533673882,194.51416504960696,9260500
2024-05-20,186.65953063964844,196.48974700752038,186.48773292892272,195.06770117767758,17373300
2024-05-21,190.4198455810547,190.78250378063117,187.6330292793257,188.0147793513531,14420800
2024-05-22,189.26499938964844,191.7750486996597,188.67328249730463,189.92353054420116,9425300
2024-05-23,187.93838500976562,189.25544722484275,187.12716264476265,188.78779111125615,8069400
2024-05-24,191.55552673339844,191.6032345590776,188.5491910113652,188.73052734999675,7356200
2024-05-28,190.4007568359375,191.26925501132146,189.59907293381323,190.7443377315382,6910200
2024-05-29,189.07412719726562,189.91399471851386,187.90977070201868,188.9691437571096,6120000
2024-05-30,190.2384796142578,190.7347662809771,189.35088971872463,189.50359554891975,6829100
2024-05-31,193.38800048828125,194.0274398758393,189.3032135067126,190.20988086032972,14417900
2024-06-03,192.6149444580078,193.1875695647281,190.1048947798636,193.08258611073796,6444300
2024-06-04,190.0762481689453,192.7676194373073,189.2363806080914,191.0306378288864,6848300
2024-06-05,188.26290893554688,190.70615882571187,187.9384199292547,190.6488832103386,8351600
2024-06-06,187.92886352539062,188.9882365858564,186.4209261786032,188.2628911546147,7640300
2024-06-07,190.83023071289062,191.7559899505188,188.02432247206556,188.42516442606455,6964500
2024-06-10,190.50572204589844,191.6796172589224,189.38908788285167,190.15260252915212,6070800
2024-06-11,185.4951934814453,188.91191055404266,184.7698625098068,188.88328002640114,9235300
2024-06-12,182.7942352294922,187.74751948346045,182.58426835670835,187.06035782031864,12751300
2024-06-13,184.8271026611328,185.7051393894414,182.17390060566132,183.54822402834617,8587800
2024-06-14,184.9416046142578,185.97234706899937,182.6892447085993,182.71787522988416,6874000
2024-06-17,186.08688354492188,186.65952314056108,183.85361533502265,184.6552991186537,8725400
2024-06-18,188.01478576660156,188.93100635869416,185.2756917711234,185.72425613061853,9023000
2024-06-20,189.60861206054688,190.3530349090619,187.16537660256606,187.43260457060572,8731100
2024-06-21,187.34669494628906,188.17700929825324,185.36156268713378,187.73799820567726,20972100
2024-06-24,189.8090057373047,190.14303335508282,188.11019343734003,188.78780188897784,9785900
2024-06-25,189.03594970703125,190.94472885295818,188.7209994004138,189.0550270132535,6862500
2024-06-26,188.42514038085938,188.91188841939731,187.3275981156472,188.44423225132738,7758600
2024-06-27,190.08580017089844,190.74433141255324,187.91933141310852,188.43471002085207,7913500
2024-06-28,193.0348663330078,193.3593699170051,190.2098808173549,190.88748938726886,15307600
2024-07-01,196.079345703125,197.64454410688455,193.416605054855,193.5883881973363,10205800
2024-07-02,199.30519104003906,199.33382156432344,195.43037141669657,195.92664354617938,7802900
2024-07-03,199.17160034179688,200.78452135813035,198.1790268412077,199.99237611377828,5560900
2024-07-05,196.532470703125,199.0084419463454,196.27336816071954,198.64377422771068,8093100
2024-07-08,196.89712524414062,198.55736401431693,195.74551462114852,196.7723624234459,8707000
2024-07-09,199.25796508789062,201.30206944737745,197.16585925201633,197.33860892161442,9058900
2024-07-10,199.42108154296875,199.58422503774028,197.2905953160313,197.82801262669597,8328500
2024-07-11,199.08522033691406,199.70901989248074,197.0986942703721,197.89522885627903,10658100
2024-07-12,196.67642211914062,199.08520875553353,193.95093996868792,195.77432240821722,15443400
2024-07-15,201.58038330078125,203.07747876015205,198.38465354242032,198.83570341075963,10719700
2024-07-16,205.0064239501953,205.12159527581198,199.68981390311083,201.5323940342005,11557000
2024-07-17,208.12538146972656,208.78756169090065,204.6705491521375,205.1791773653675,11572500
2024-07-18,201.51318359375,207.90464262796732,200.80303124118646,206.93537311360464,12415100
2024-07-19,201.32125854492188,203.787638142558,200.49593484279177,202.68399960778325,8095900
2024-07-22,201.80108642578125,203.61487723988253,201.25407758649305,201.97383607849395,7663200
2024-07-23,201.84909057617188,202.95271450120742,200.90861016610094,202.5112707886033,5557300
2024-07-24,200.1792449951172,203.4805398970385,199.6802229423339,201.10054238495405,7119000
2024-07-25,200.25601196289062,201.71472666285024,199.66101627259542,200.23681430218042,6403800
2024-07-26,203.68206787109375,204.56496989068702,200.20802348732903,200.8030338162583,8027800
2024-07-29,202.34811401367188,204.99682004630137,202.0602076823259,204.0755227146991,6533600
2024-07-30,206.51312255859375,207.08892060425245,204.37304460068856,204.63214713164874,8850700
2024-07-31,204.21949768066406,207.66473846208044,204.09473484474648,206.11965617262393,9071600
2024-08-01,199.5746307373047,205.20793555612184,198.0583378357043,204.60333376832233,10918600
2024-08-02,191.11029052734375,196.4173090899953,188.951014866982,195.65916985684163,18041700
2024-08-05,187.04124450683594,188.26003972022244,183.2025323392783,186.2255269573448,13927000
2024-08-06,192.26190185546875,194.4307836748442,186.17754637997143,187.5210898263343,10605800
2024-08-07,192.31947326660156,197.4537566355557,192.12754058739833,195.30407255531497,9204400
2024-08-08,195.83189392089844,196.64762609323657,193.65342072084405,194.30600938741946,7761200
2024-08-09,197.50173950195312,198.14472201831654,194.71866445703174,195.26568795748204,5540200
2024-08-12,197.8760223388672,198.78771357086882,195.44803800867777,198.08715268440758,6936000
2024-08-13,199.5554656982422,199.69941155528463,197.11787513313567,199.35392685485715,6387800
2024-08-14,201.76271057128906,202.26173259433187,198.76850521541047,199.36351554061437,6999800
2024-08-15,203.01986694335938,205.26550976214142,202.58801480798172,204.4113969989197,7001000
2024-08-16,205.34228515625,205.45744182040994,203.05824702692524,203.15422067607378,7931200
2024-08-19,206.76263427734375,206.83941027906192,205.19836900335173,205.37110402457384,6090800
2024-08-20,205.8701171875,207.29043644816198,205.06397658334606,206.33075850164272,5640000
2024-08-21,205.9468994140625,206.33076474687974,204.25785680520957,205.7837412719152,5202300
2024-08-22,207.8950653076172,208.05820882254338,205.6973943235858,205.92772233240674,5247100
2024-08-23,209.50730895996094,210.3518303146011,207.770294063869,208.82594575716917,7214000
2024-08-26,210.3326416015625,210.82207214735465,209.25780684522277,210.17908959536388,5105200
2024-08-27,211.30191040039062,211.5322384088343,210.3518384830516,210.6589278507846,5185200
2024-08-28,212.36717224121094,213.25008902913484,210.35185690406252,210.4094352503344,6506400
2024-08-29,213.25006103515625,213.98900257334432,210.1119097835547,213.19246805291826,6416100
2024-08-30,215.7356414794922,216.38821556365377,212.98135535356386,213.52837890369267,8574100
2024-09-03,211.41708374023438,215.0638633692745,210.39982731942075,213.33643989830546,8956100
2024-09-04,210.4862060546875,213.11572940311365,208.4516931045851,212.1272474569603,7389500
2024-09-05,208.85472106933594,211.89689847369655,207.31923046160043,211.27309900776237,8067900
2024-09-06,203.89321899414062,209.91999639189612,202.57845001745773,208.82596392525963,7777000
2024-09-09,208.06777954101562,209.3537445138377,205.54382177933104,206.513105906515,8935100
2024-09-10,197.2714080810547,209.82399812562028,192.52100489184315,209.78561744862617,28406900
2024-09-11,198.8740692138672,199.3251190484655,193.6918138354718,196.97391086092546,13658700
2024-09-12,198.2694854736328,200.36157653556083,196.6284296106188,199.27713568329062,9054400
2024-09-13,196.0814208984375,199.46908315177689,194.83383653849526,198.51899663631963,10226700
2024-09-16,199.47866821289062,199.8145613678539,197.3001950685702,197.53052305856136,8634900
2024-09-17,200.8126220703125,201.4651960832742,199.28673756042474,199.35390740598294,7573300
2024-09-18,199.1619873046875,202.81835838288768,198.36545275492742,200.58230673818105,8259900
2024-09-19,201.9930419921875,203.36538928713296,198.97965334983056,201.32127025220836,11635200
2024-09-20,202.5784454345703,202.8951409629487,201.05256077890448,201.46521533060852,20885000
2024-09-23,202.91432189941406,203.25980657066546,201.52279170592422,202.4920612297152,7223500
2024-09-24,203.0582733154297,204.3634360377964,201.88746493315114,202.63601263414566,7323200
2024-09-25,201.71473693847656,203.68207992104146,200.19844382266885,203.1446478984502,8976500
2024-09-26,201.32125854492188,203.16383862893971,200.582302352154,202.61682975945425,7807500
2024-09-27,202.01222229003906,203.87399998332447,200.88940076897532,202.15616813497374,7032500
2024-09-30,202.35772705078125,202.4537007192819,196.9835237723132,197.99118871746668,8663800
2024-10-01,198.69175720214844,200.65910033309902,197.87603956294308,200.4767591421218,8540100
2024-10-02,198.931640625,200.5247095749859,197.39616465396708,198.73011645099774,5810900
2024-10-03,196.9547119140625,198.16391556637382,196.10059907948147,197.85681157736644,7251300
2024-10-04,203.94537353515625,204.37987213930614,199.78381659479555,202.09150201972523,10211700
2024-10-07,203.6653594970703,205.9827100132501,202.4680757269759,203.7619212935509,6718900
2024-10-08,203.49154663085938,204.05157258412177,201.20317665741186,203.32740337902976,6021800
2024-10-09,206.06959533691406,206.86136077091666,202.16874354804747,202.47771475974207,7024000
2024-10-10,205.50955200195312,207.41170420678253,204.18674102834692,207.41170420678253,7927100
2024-10-11,214.63409423828125,216.89351339672228,207.74966888805528,208.24209865254014,18320700
2024-10-14,213.85198974609375,215.9955317699529,211.3415453439257,215.51275230031362,9048900
2024-10-15,214.7306365966797,217.6852443827513,214.1802757018522,215.9569004873874,9235800
2024-10-16,215.93760681152344,215.97622268757254,213.42714760377535,214.6727269219523,6382500
2024-10-17,216.6907501220703,218.0715071604394,215.6189790372494,216.54592216463283,6470200
2024-10-18,217.60800170898438,218.13906204363374,215.4161936428324,217.25074963533817,7000500
2024-10-21,215.31967163085938,217.9266781613519,215.22310983099362,217.46321393517286,5870000
2024-10-22,216.40106201171875,217.521113903058,213.48508466002997,215.3389560319398,9586800
2024-10-23,215.71554565429688,217.05767211185088,214.86584899630188,215.95693541093075,6180500
2024-10-24,217.23147583007812,217.30872232380713,214.02582737326665,214.18997064746745,6002200
2024-10-25,214.65341186523438,217.84940969268465,213.2726696126605,217.25076784703845,6369700
2024-10-28,217.73355102539062,217.868728693903,215.27137266803004,215.65760510182318,6843000
2024-10-29,215.2230987548828,218.94050685947278,215.13620197943288,217.45355245759362,6580000
2024-10-30,216.68109130859375,218.5156474524891,213.94855766414204,214.87548602178538,7110900
2024-10-31,214.27684020996094,217.91700157327347,214.18029315501,216.96109290971893,7829900
2024-11-01,215.26171875,218.36115478761525,215.0299792936343,215.86036059570225,6923500
2024-11-04,212.21055603027344,216.05347672838175,211.62156445041862,214.9817056480971,8229600
2024-11-05,213.86166381835938,214.3154777176928,212.42297563395553,212.45194122469928,5600700
2024-11-06,238.55099487304688,239.45862265494782,226.68428170878914,226.90635614480942,23987800
2024-11-07,228.2388458251953,236.1467765550335,227.11879382619438,236.07918035167899,16451100
2024-11-08,228.81814575195312,231.0968653627636,227.6594780097169,231.0968653627636,9502100
2024-11-11,231.04859924316406,233.76183232238978,230.7685936247478,231.734152593889,9017100
2024-11-12,231.30929565429688,233.1438664671285,230.53684556117094,232.265204302032,6861000
2024-11-13,232.8542022705078,235.68328295062503,232.03347126141182,232.29417630585863,11472600
2024-11-14,233.53976440429688,235.87641555426896,232.74801363884512,234.07082483230462,10172200
2024-11-15,236.8612823486328,237.93305345699474,233.14388893789499,233.14388893789499,11518800
2024-11-18,236.59092712402344,239.39104240803502,234.32185751806605,239.22689914149407,9051400
2024-11-19,234.7177276611328,236.70677679200912,233.2307733224933,233.90666165823853,6792700
2024-11-20,232.48728942871094,236.1853820806055,230.42099380614764,235.9826082126915,9015300
2024-11-21,236.33021545410156,237.03508413180523,233.771489998293,234.8529113632746,8783500
2024-11-22,239.98968505859375,240.5690116009233,234.65979541625032,235.219821387118,7997300
2024-11-25,241.6697540283203,245.55130530795057,240.4821205914916,240.99386567944467,10295400
2024-11-26,241.3607635498047,242.3552880551951,239.78689780117762,241.86285831172583,6212100
2024-11-27,241.1869659423828,242.53875732525523,240.20210641192003,240.76213237626226,5472300
2024-11-29,241.11940002441406,243.09879896511487,240.85869496329937,241.25457769809182,5494800
2024-12-02,237.7688751220703,241.6311106570481,236.59089210524135,240.95522238507886,8899700
2024-12-03,236.38816833496094,240.46281387900356,236.20470976229734,239.68071342355267,6657700
2024-12-04,235.0170440673828,236.89989581875426,233.8873418565162,236.2722736572103,7346300
2024-12-05,237.0254364013672,238.66688387387458,236.19505501175584,236.93853962104166,6572500
2024-12-06,238.8406524658203,239.2075695661081,236.40743988833765,237.23782113991652,5519700
2024-12-09,235.41294860839844,239.33311597717812,235.3646677094542,238.6186117125457,7076500
2024-12-10,234.49563598632812,239.4199922894347,233.87767887717348,235.49016047866672,9108300
2024-12-11,235.142578125,235.85709707692163,233.8390676036829,235.59639202600604,7884400
2024-12-12,233.21145629882812,235.692949917877,232.73832710066324,234.63082916006218,6113800
2024-12-13,231.6762237548828,234.3604765375674,230.9037736251097,233.7328690945859,10392700
2024-12-16,231.32859802246094,232.3810536646963,229.33954908883908,232.3231224892719,9032000
2024-12-17,230.15066528320312,230.7879378185902,228.4802521828059,230.43067093666943,8083600
2024-12-18,222.43582153320312,230.83619659782678,221.6247555113085,230.76860039603835,11322400
2024-12-19,224.93663024902344,228.21952494296886,224.27039218428922,224.27039218428922,11790800
2024-12-20,229.41683959960938,230.97139028265684,223.6138201931546,223.9324564524048,32348400
2024-12-23,230.17962646484375,230.40170092597464,226.79051942786361,227.939537080267,8611500
2024-12-24,233.964599609375,234.13840789117347,230.8361978696138,231.18378496668848,3729100
2024-12-26,234.76600646972656,234.88186883103566,232.4969370056862,233.11489415476902,4451800
2024-12-27,232.86386108398438,235.0074032318014,231.77277470486047,234.3604804730654,5730200
2024-12-30,231.0775909423828,232.54523003977909,228.9436990328983,230.54653053655986,5723800
2024-12-31,231.4541473388672,233.12456023279114,230.79755957752477,231.78243385290807,4871000
2025-01-02,231.734130859375,234.90116280245906,231.20307052950375,232.62244325967816,9220900
2025-01-03,234.90118408203125,236.4460843210158,231.9851918792467,235.4901756406523,9491100
2025-01-06,233.7559356689453,238.4533732605044,233.49388418568068,236.52198200348707,9917800
2025-01-07,236.00759887695312,238.03603585964578,233.8044559653357,235.00793797890452,8753400
2025-01-08,235.9687957763672,237.05580229045634,233.41625568415455,235.59998364793563,8675300
2025-01-10,232.80479431152344,236.62874677173156,231.70808773150114,235.9299526770056,10256800
2025-01-13,237.01698303222656,237.3372500960213,231.96043318189513,232.61069705427852,10005300
2025-01-14,240.18093872070312,240.4235751387901,235.05645875545392,235.5126164062056,12407400
2025-01-15,244.91722106933594,246.19833373301464,236.50257655181815,243.0246450469622,18448500
2025-01-16,246.78067016601562,249.46908602016472,244.8978090555052,246.51861866884337,15292300
2025-01-17,251.52662658691406,252.94361501241318,244.7133916419881,246.65448303751725,17678100
2025-01-21,255.2826385498047,256.4667055083283,251.85661335633378,252.40983152306225,13712100
2025-01-22,255.0982208251953,255.62232378121152,252.58451108944297,255.15645119600785,9021900
2025-01-23,258.1166076660156,258.9997780753132,256.0396259173543,256.8937107628337,10749700
2025-01-24,257.0393371582031,259.2327800677332,255.26325143834285,255.92321545084891,7666300
2025-01-27,258.01959228515625,258.13605303558734,254.535336614133,256.3890825417096,7522300
2025-01-28,259.2716064453125,259.4559828890109,257.02961850864546,258.0195941318063,7375400
2025-01-29,258.7280578613281,262.7073011271936,257.78662735417487,259.3395063870375,7684900
2025-01-30,260.3294677734375,261.75617104949805,258.766873890751,260.71768010583645,8753500
2025-01-31,259.4268798828125,262.8432200467561,259.0968978658329,261.3000557826277,7193800
2025-02-03,258.9512634277344,260.27122081620666,253.99178973862072,254.11793578411613,8381400
2025-02-04,260.0480651855469,261.8920964318822,258.97074385814113,261.8920964318822,5626000
2025-02-05,262.4646911621094,262.66852710369653,260.4265390771867,260.98947222246505,5704400
2025-02-06,268.7440490722656,268.8217093004837,263.2022424358256,264.42513927132086,7264400
2025-02-07,267.676513671875,270.3455145608461,266.6186223283094,269.10321715000055,6857900
2025-02-10,263.05670166015625,268.04529090684423,261.6493986180838,268.01617572204907,8627400
2025-02-11,266.8903503417969,268.0841322055861,261.7173548361182,262.29968817500816,7196400
2025-02-12,267.33685302734375,268.3073988294126,265.2016404153094,266.0071803987953,6683900
2025-02-13,268.1811828613281,268.812031614192,265.74510378599365,267.3853283146615,8398700
2025-02-14,268.4432373046875,271.0054922240324,268.30737630553097,269.20026178200214,5688600
2025-02-18,271.70428466796875,271.72368491952835,267.89001749911944,268.6082414686908,7919800
2025-02-19,271.02490234375,271.9954480996811,269.0546956439582,270.18053227508295,7007200
2025-02-20,258.9415588378906,270.52987587748925,257.9127828530896,270.47164550994967,13846700
2025-02-21,256.45703125,261.2709600914064,255.09827295553427,260.41687498668233,12835600
2025-02-24,253.64244079589844,259.1357336859581,250.9928400471611,257.67020002120825,10372800
2025-02-25,249.8184814453125,255.2535438153115,245.88778282719832,254.50623421668564,9608400
2025-02-26,251.1675262451172,253.2250783593955,249.36229586835162,249.58553203875115,5943600
2025-02-27,251.4198455810547,255.87467629942992,250.2648938568394,252.51656693419218,8204400
2025-02-28,256.85491943359375,257.0102103033765,250.29405049282587,253.0503967893836,10467100
2025-03-03,252.94363403320312,258.47575677394605,250.22611772259287,256.2240834773225,9058300
2025-03-04,242.8790740966797,249.6534940988536,238.70572440707394,247.76091803763094,13465600
2025-03-05,244.12136840820312,245.59660207726964,240.5303521377995,243.84961678618464,7861400
2025-03-06,239.2783203125,242.01526618004075,236.6675649290042,240.80208410599286,9983200
2025-03-07,235.14381408691406,239.4530394207747,232.36805275623323,238.00692097749285,20498700
2025-03-10,225.38014221191406,230.5143228718976,221.96381691976234,229.25262520540508,18887200
2025-03-11,222.3908233642578,226.4477117674801,220.01298955082143,224.92394803155028,18143000
2025-03-12,221.18736267089844,227.4182791975453,220.56621400526214,227.10769746005099,16054000
2025-03-13,218.55718994140625,222.7402395654928,217.62545954737027,222.5461333861297,16467900
2025-03-14,225.59365844726562,226.27303751626079,220.87680546916633,221.40089366257604,11962100
2025-03-17,227.03976440429688,228.72851937201781,223.67198421387434,224.37076354224342,9586000
2025-03-18,228.0491180419922,229.21376988809178,226.64182977756553,227.4182692780825,10344900
2025-03-19,232.0671844482422,235.19234280757902,227.97148038251137,228.79645015668714,10120600
2025-03-20,231.97012329101562,234.63912397597252,229.2428922333378,229.59228927901535,8328500
2025-03-21,234.51295471191406,235.16321853294548,229.5340506915364,230.80546314828078,19326900
2025-03-24,240.7535858154297,241.36503440089746,237.21109961277028,238.24957590512537,9422700
2025-03-25,243.733154296875,244.4028332211237,240.32652930123646,241.96675395701018,9287700
2025-03-26,243.6361083984375,247.16889448049588,242.4229261613384,245.1598723967236,12779300
2025-03-27,240.81179809570312,243.25757744441526,239.89948275399726,242.1802711082619,8022500
2025-03-28,235.697021484375,242.16084438052914,234.00826669006625,239.66654971371304,11978400
2025-03-31,238.0748748779297,238.61837812715723,230.36873927152533,232.35836101622476,13603000
2025-04-01,236.48318481445312,238.45339153399044,233.78506877067235,235.47380892493115,8054700
2025-04-02,238.57955932617188,239.9674326166383,234.34797933558323,234.4838551459041,7758800
2025-04-03,221.95411682128906,228.2141341410838,220.60505877931982,227.36976405138714,17188500
2025-04-04,205.34344482421875,212.58925038559218,204.02513159690807,210.25535885692955,27170700
2025-04-07,209.40577697753906,216.83712407913987,197.41406528016333,200.9393169780438,22914400
2025-04-08,211.77871704101562,222.4911845873146,208.24370556467724,218.27260941397304,19485700
2025-04-09,228.83859252929688,231.9048767833682,206.04652973562588,207.5113154920403,24022400
2025-04-10,221.77833557128906,224.9422782580252,214.9329086419956,224.60048894505405,18896400
2025-04-11,230.65492248535156,232.97905393688654,219.71785872027854,220.9971025358475,20284500
2025-04-14,229.2096710205078,234.15087913970558,228.14526363842643,231.53380246810318,13017800
2025-04-15,227.65701293945312,233.04741393456666,227.3542929260278,230.5572900044825,10912900
2025-04-16,224.21963500976562,228.09643576900157,222.5790672431111,226.55352634462056,9322300
2025-04-17,226.5144805908203,228.83859723978307,225.13757837531108,225.38170933973876,9557900
2025-04-21,223.61419677734375,226.36798622449223,221.02639969234494,225.21569525952322,8716200
2025-04-22,230.05923461914062,230.44985307295167,225.93830305999933,226.53398316406202,10701400
2025-04-23,235.22508239746094,240.99632733668028,234.36573659509583,234.5805730456871,14126800
2025-04-24,238.89678955078125,239.7073061190241,232.00253368423319,234.1118287364866,9055200
2025-04-25,237.83236694335938,239.85376339709086,236.07462117887317,238.90653414902246,8588600
2025-04-28,237.51011657714844,241.04512791658067,235.18598519677712,238.81865487510098,7394300
2025-04-29,238.87725830078125,239.49247309158469,236.01605058594708,236.50431250866183,7216800
2025-04-30,238.87725830078125,239.4631785682675,232.83257331348125,235.5473233123009,12991700
2025-05-01,241.09397888183594,242.61735374261244,236.4847850001896,237.13905420831426,8689600
2025-05-02,246.58203125,247.66597331622904,243.60364543700763,245.36137644120922,7165000
2025-05-05,246.630859375,249.16982732673011,244.7071062124704,245.28325170363556,5450700
2025-05-06,243.3985595703125,246.71873456309945,243.1544286178849,244.13095242759528,6369900
2025-05-07,243.5352783203125,246.5234388677099,242.98842735746476,243.98448584012095,8724100
2025-05-08,247.51950073242188,249.87292678022158,245.64457673393773,245.66411138304096,8320100
2025-05-09,247.13865661621094,249.51160240858812,246.41602360630893,248.52531868880288,5087600
2025-05-12,253.94500732421875,257.4116847639064,252.62672400889193,256.7281061698435,9603900
2025-05-13,256.83551025390625,257.48001947801663,254.2770229043744,254.90198258157508,8589000
2025-05-14,259.4038391113281,260.3803630716006,256.13247788418613,256.8258015516586,8643100
2025-05-15,261.21038818359375,263.1927306581205,258.54449680817817,260.70260644569237,9214600
2025-05-16,261.27874755859375,262.15761315969064,258.4956483208318,261.2201585052637,8932900
2025-05-19,258.6616516113281,262.0208961622138,255.78089422806747,259.3159059261038,12145000
2025-05-20,259.4428405761719,260.3998446453458,256.14218530617444,256.3570217379832,8436300
2025-05-21,254.91180419921875,259.41356502066975,254.60908417787425,258.1440958860731,7464000
2025-05-22,254.5504913330078,256.1422002145729,252.79273047922572,253.34935623964725,6514100
2025-05-23,254.58950805664062,255.8394573114257,249.9900893661378,250.78107124918157,6671800
2025-05-27,259.06201171875,259.0717566921421,255.83946524243134,255.8883093139594,7506600
2025-05-28,257.30426025390625,260.45844302460614,256.7281147573034,259.9897008471859,5535400
2025-05-29,258.1636047363281,259.17919788181575,256.3668044334763,258.5835028383828,5081200
2025-05-30,257.8022766113281,259.10104011963335,256.56210214543427,257.26520045551075,10977700
2025-06-02,258.44677734375,258.8080863604011,255.75156227727646,256.84526410102234,6011200
2025-06-03,260.01898193359375,260.32170192801004,256.70858174263634,257.53863293425644,6998400
2025-06-04,258.01715087890625,260.8490642816774,257.9780815778546,259.6772534604333,5915700
2025-06-05,255.8004150390625,258.5248949172323,254.19890174190374,258.5248949172323,8173800
2025-06-06,259.4917297363281,260.3901151155264,258.05623828371085,258.1245723139139,7738100
2025-06-09,260.4779357910156,261.61070691825,257.1675357719009,259.75531775168025,8285000
2025-06-10,262.2943115234375,262.58725675736963,259.6088709415357,259.63816546492893,7538100
2025-06-11,261.8548583984375,263.2903496169879,259.5502764699578,262.37241483499554,7434100
2025-06-12,261.9427490234375,261.9915930968164,258.91554891738133,260.5951413369258,6618000
2025-06-13,258.7300109863281,260.75139274608847,256.5425772552077,258.85693405632503,7098300
2025-06-16,264.0129699707031,265.3508326588525,260.5853915714537,260.731864186611,8566000
2025-06-17,263.19268798828125,264.2375756229939,261.51306583381086,261.87440467845437,6739300
2025-06-18,267.5284423828125,271.200181276507,263.3879911545291,263.6614166167527,9586400
2025-06-20,268.5440368652344,270.79002961674195,267.3819711943445,269.1006625666469,13969700
2025-06-23,271.7372741699219,272.0106996489925,265.7218838292262,268.60264103465835,8094600
2025-06-24,274.6571044921875,276.0730461780452,272.94818777394573,273.6317365805569,9267900
2025-06-25,277.3913879394531,277.60622439824255,274.31534348949015,274.89148903780136,6826900
2025-06-26,281.97125244140625,282.61576173740934,277.79173169250225,278.0163428990485,8942100
2025-06-27,280.3697814941406,281.9224808246488,278.34839953396556,279.10031225915947,17868600
2025-06-30,283.1040344238281,285.77970025058426,282.13728534359143,283.5825215764878,12689200
2025-07-01,283.59228515625,284.2953834962509,279.86195702454677,284.0610273166312,9338300
2025-07-02,285.1449279785156,285.94568458607114,282.8989353292775,285.1839972718727,8158700
2025-07-03,290.443603515625,290.8360888827844,285.74351114178125,286.66586822419856,6541600
2025-07-07,286.4892578125,290.4828645965253,284.6347217587213,289.7076857742013,8825700
2025-07-08,277.4717712402344,284.2618850781592,275.048135846527,283.83993409983367,15440900
2025-07-09,277.8446044921875,281.80877514408627,277.1773764457948,281.7891314137912,11273800
2025-07-10,282.78021240234375,282.89795501811136,277.687634657396,277.687634657396,8410900
2025-07-11,281.4751281738281,281.9853860406829,278.3253938002881,280.16028588065166,7384700
2025-07-14,283.2806701660156,283.8693832899546,279.9052418467557,281.6812629749765,9079900
2025-07-15,281.17095947265625,286.4696162877272,280.12106794184945,282.5937524960941,12526100
2025-07-16,280.4546813964844,285.2725159686822,277.6974322542774,282.98623724838524,9979800
2025-07-17,284.4580993652344,284.85058472552134,278.11937245969557,278.11937245969557,8509500
2025-07-18,285.8023681640625,287.009289803847,282.819455566978,284.08521856694546,12217000
2025-07-21,285.50799560546875,288.65773001934355,285.125302200427,285.5374312562634,7898100
2025-07-22,285.9593811035156,288.11809552877634,283.75161723688194,286.0280742772089,6717500
2025-07-23,291.1893310546875,291.41499440772435,287.0583381931105,287.34290279554006,7083500
2025-07-24,290.9832458496094,293.96618832212596,290.6398398939318,291.8369396401929,7001200
2025-07-25,293.014404296875,293.2891470363467,290.4043332995373,291.1304626389869,5918500
2025-07-28,292.6807861328125,293.8091927274499,291.2482011503524,292.0724293571669,5840400
2025-07-29,291.46405029296875,295.6342703916454,290.6398221491837,294.3684775536459,7635700
2025-07-30,294.0054626464844,294.9670472888904,291.79769880383014,291.83695632333047,8061700
2025-07-31,290.6790771484375,295.33011989507037,289.9529777509294,293.5246633224064,14749700
2025-08-01,283.93804931640625,286.32242707449086,278.9043429750852,284.9487133421405,12007100
2025-08-04,288.73626708984375,288.79513839592664,284.81135364584816,284.81135364584816,6649500
2025-08-05,285.9005126953125,290.2375553774225,281.84803463230764,289.15819815384634,7182300
2025-08-06,285.8808898925781,287.784475314663,284.71322574362773,286.8130388717205,6330200
2025-08-07,281.5536804199219,287.95127882891904,281.03363056399576,287.44105083933385,8057100
2025-08-08,283.3395080566406,285.7631432800269,279.365515270513,283.55537949152693,6634100
2025-08-11,284.12451171875,285.8514833981763,283.3591547144072,283.96751157110066,5510100
2025-08-12,287.3527526855469,289.2170807199043,284.88985973561466,286.02808831162713,8570900
2025-08-13,285.0762634277344,289.0207905053278,281.769528771024,288.43207746741234,8420400
2025-08-14,288.6381530761719,288.67741059714604,284.20301143696577,285.1253385944976,6322400
2025-08-15,285.0370178222656,289.95298150728627,284.3796115875491,289.30536719380285,7340500
2025-08-18,286.0574951171875,286.4205448097455,282.9960675051489,284.5562169634104,5386900
2025-08-19,285.203857421875,286.9897003409671,284.0950645111781,285.3706494849781,6031500
2025-08-20,286.754150390625,287.8236856501562,281.8774445149503,285.35100110061984,7374200
2025-08-21,285.9986267089844,287.2742115786807,284.0361700203976,286.45980522859077,6624000
2025-08-22,290.6790771484375,291.5818204071259,284.6837862966605,287.6961645212777,8552800
2025-08-25,289.3642578125,291.76827944217837,288.61854456863614,290.67910031440016,5856300
2025-08-26,292.9653625488281,293.13215460321874,287.99052751038425,288.63814183000835,6714700
2025-08-27,293.6620178222656,295.41842494390727,291.46407591230917,291.6701254801894,6056500
2025-08-28,295.4184265136719,295.5852185641284,293.0929201153854,294.38811877937053,6410500
2025-08-29,295.7618713378906,297.2631495608047,294.10359298088383,296.37022814205386,6796400
2025-09-02,294.07415771484375,294.8198709218748,288.9717581566039,294.62364321253557,7221900
2025-09-03,293.8876953125,294.9277949064193,290.8164459674565,294.9277949064193,6316900
2025-09-04,298.1168212890625,298.7153562428407,292.68080753910596,294.36852159403367,6605800
2025-09-05,288.85400390625,299.4218223620716,288.78531073562726,297.9499798501053,9837700
2025-09-08,287.4115905761719,290.89493913151904,285.9691837491296,289.3544334283243,8188500
2025-09-09,292.2588806152344,293.3872872696363,286.8228669749493,287.1074315912692,7848200
2025-09-10,294.89837646484375,295.8796048140829,289.8548483762926,291.13046319713106,7787300
2025-09-11,299.8241271972656,299.9909491896388,295.1436788264331,295.5852136096933,7942500
2025-09-12,301.1488037109375,301.7767742987404,297.9990690164523,299.27465392414524,6846700
2025-09-15,303.1014709472656,304.13177881627445,301.403964844485,301.403964844485,7122000
2025-09-16,303.385986328125,305.06387836899023,301.3646583866889,304.1807788708881,10525600
2025-09-17,305.89794921875,307.03617773944126,302.973877849489,304.563492987762,8657800
2025-09-18,307.3501892089844,307.556238792954,303.7981171700278,305.9372178866198,8050700
2025-09-19,308.8710632324219,309.8719053836384,303.31730709863126,307.7132209495945,23568600
2025-09-22,306.5749816894531,307.8113389670314,303.74903930910966,303.9845245259009,7520200
2025-09-23,306.8693542480469,310.37234675445063,304.74989735202223,305.9666409066948,8584400
2025-09-24,307.53662109375,310.63727651453155,305.81947137817144,308.15476983779797,7310500
2025-09-25,307.5660400390625,309.72472445454315,305.94698929656073,308.2234462682717,7083200
2025-09-26,310.12701416015625,311.8441636854759,307.8113297451866,308.988785738579,7258100
2025-09-29,309.76397705078125,312.0404339863167,307.7720847183659,311.10825508542985,6462400
2025-09-30,309.50885009765625,311.45169300349573,304.28870810842403,310.31346452838187,11823300
2025-10-01,304.8774719238281,308.68464295873514,301.6394301376976,308.07628613361976,9235200
2025-10-02,301.77679443359375,304.73030161726365,300.39328868596704,304.1808160870063,7600000
2025-10-03,304.2102355957031,305.80964265751953,302.4243927447969,302.718779227698,6029900
2025-10-06,304.8511047363281,307.38512889871987,300.8578215934895,305.8371035459471,7214500
2025-10-07,303.3819885253906,305.66951307877287,300.43386159315816,305.01875022701944,8454200
2025-10-08,299.7732238769531,304.4567183318842,299.2999336047902,303.8946917756213,6489900
2025-10-09,301.25225830078125,303.72712529673134,299.1422361925597,300.7789679717848,7060300
2025-10-10,296.6772155761719,306.1230715472904,296.5983188157025,301.3804193716138,8597400
2025-10-13,303.6580505371094,305.1271791148808,301.17334440263704,301.321238204041,10788700
2025-10-14,297.85052490234375,302.70165257420854,290.0907186231138,301.5578902761218,16178800
2025-10-15,301.40997314453125,307.7499381556482,301.1634734465224,302.1001843350741,11354800
2025-10-16,294.360107421875,304.3581201926382,292.9106878973514,301.0747572360179,10549400
2025-10-17,293.3938293457031,295.3559575215809,290.08088749555986,294.97143359875633,10153500
2025-10-20,298.1266174316406,299.43801283887467,293.9854400437148,294.3206760639065,6894900
2025-10-21,292.9303894042969,299.7929328501146,292.8416531202475,297.436411288458,7372700
2025-10-22,289.9920959472656,293.8868032880077,286.4721030595595,293.6008552074487,8054100
2025-10-23,290.4161071777344,292.2204718178062,288.4145307332595,290.25834375227123,5438800
2025-10-24,296.2334899902344,298.36325106738366,291.31336547241364,291.93451945757295,7228300
2025-10-27,299.8915710449219,300.26625545589764,296.7955500258321,297.9294427867379,5642200
2025-10-28,301.0845947265625,303.6580673748709,298.915415308335,300.59159530101573,6336000
2025-10-29,301.2325134277344,303.93414060421026,298.7675163425421,299.2605157595805,7520300
2025-10-30,305.10748291015625,308.2330823767899,300.82825156305904,301.50859316866377,7514600
2025-10-31,306.7639465332031,308.4894444595929,302.9481359332913,304.22008283002725,7721300
2025-11-03,305.01873779296875,307.94715546133403,301.92268708722753,306.64562981088375,7770000
2025-11-04,304.920166015625,307.84858401169095,300.82827651560933,302.415720333495,7085200
2025-11-05,307.3161315917969,308.7162632770978,301.35085025066564,305.27510663609064,6865200
2025-11-06,309.0317687988281,310.4318702971036,305.9160088624015,306.6357687557767,7206100
2025-11-07,309.8106689453125,310.02758988101914,303.3326798145578,307.5231746391179,7302300
2025-11-10,312.4531555175781,315.08575530581015,309.81065602274725,310.5896034535161,5794100
2025-11-11,311.2009582519531,314.58292715130625,310.86572224729366,313.05464094031504,5030200
2025-11-12,315.92388916015625,317.7381233989844,311.782682032414,311.83200002815875,10578300
2025-11-13,305.1469421386719,316.14082355780937,304.7722577523736,314.7604311532612,8973300
2025-11-14,299.3591003417969,303.3327046462357,297.0124483237873,303.20451997960254,10327000
2025-11-17,296.1644592285156,301.31137424610444,293.5022804823602,299.74363974118836,8344000
2025-11-18,295.2179260253906,298.70837045931603,292.8613742767781,295.3066623130797,8077300
2025-11-19,299.02386474609375,300.1873662746028,295.0798692888629,295.5432899586994,5546600
2025-11-20,294.2023620605469,305.58079800315744,293.98544109490615,302.05090502503106,7501600
2025-11-21,293.84735107421875,297.456110287291,288.71030575970536,297.0715864028587,11766800
2025-11-24,293.8276672363281,295.6221924256846,290.386540762355,294.0642973394352,10940200
2025-11-25,298.7576599121094,300.236658228506,291.42182585555855,295.848951187077,8877200
2025-11-26,303.33270263671875,304.21022597199055,298.95486530692773,300.7296512123902,7910900
2025-11-28,308.6965026855469,309.3275563846455,303.9242719247256,304.7722465716023,4322400
2025-12-01,304.59478759765625,309.6430970545817,304.2201032083801,308.5683618849884,7727300
2025-12-02,303.5693054199219,306.13290823405146,302.79035796814105,304.41724991681934,7249000
2025-12-03,307.75982666015625,307.98658713845214,302.50443592551073,302.89885953876745,8535300
2025-12-04,311.6742248535156,314.03074632461573,308.6176225735461,308.87399188892334,9627800
2025-12-05,310.6290588378906,314.0208969911127,310.2740836361238,311.2206641139725,6518900
2025-12-08,310.79669189453125,312.0390600856641,308.96274846028484,310.64879808375287,7417200
2025-12-09,296.30255126953125,314.336450228146,295.8193913272319,310.5403783790639,18049200
2025-12-10,305.7680969238281,306.8329925602339,294.2812160390869,296.2926621709551,18874100
2025-12-11,312.9363098144531,313.5476242674454,304.9102649889192,304.9102649889192,9721900
2025-12-12,314.06036376953125,315.7858618718594,312.16726270211575,315.2041261224818,8982900
2025-12-15,315.5393371582031,318.3593094805321,313.9321843288561,315.1153648797306,10864100
2025-12-16,311.1319274902344,315.0463441586525,309.9980348220149,314.6223718715413,8331300
2025-12-17,310.5699157714844,314.8984348971578,310.254388930852,313.97159360923496,8718700
2025-12-18,308.6176452636719,313.2518519730792,307.84856735129125,311.57564186364317,11444900
2025-12-19,312.7686767578125,314.099781180705,308.8049723403709,309.39657764946713,24494400
2025-12-22,318.56634521484375,318.7043994886834,313.0644852104395,313.0644852104395,8354600
2025-12-23,321.3666076660156,323.1907116116738,318.56637445826755,319.07908304324746,6668300
2025-12-24,324.561279296875,325.3697755465356,320.94265000334224,321.67227957875514,4289300
2025-12-26,323.3188781738281,326.2275566521161,321.96806459862194,324.502058709128,4158300
2025-12-29,319.2171325683594,323.1808371734579,319.0002116144308,322.4216288798564,8635300
2025-12-30,318.89178466796875,320.39049219725354,317.97478280166575,320.2623075229155,7904300
2025-12-31,317.70855712890625,320.3313177342217,317.5310845539587,319.79886991908165,5048500
2026-01-02,320.92291259765625,321.1694123071354,316.2492576445291,317.9846252281575,8054000
2026-01-05,329.3630676269531,332.5281155423397,320.63697169770103,320.942628937084,10752600
2026-01-06,331.41326904296875,332.6612412306879,327.49110960074296,329.44229029813283,7660800
2026-01-07,323.8660583496094,328.9767653957764,321.49890717343806,327.9764350864437,9815200
2026-01-08,326.63934326171875,328.2339475379842,322.53888044956136,323.27183137637843,11737100
2026-01-09,326.0450744628906,328.7291759216584,325.0348299492433,326.1936353875406,6738100
2026-01-12,321.3899841308594,322.90536610933975,318.16114900395775,318.8049332018166,12805100
2026-01-13,307.9298095703125,323.73732718365267,307.6029755260753,321.20178657189985,19371200
2026-01-14,304.9287414550781,308.78159262538577,303.19546018048277,305.2556057077196,25951500
2026-01-15,306.30548095703125,309.95031666446005,304.8098971346673,305.5230197927318,14751400
2026-01-16,309.48480224609375,314.17950872864606,307.0383983149945,307.38506061636195,14652500
2026-01-20,299.8477478027344,308.1774060521912,298.9761500928895,303.2845981841295,12900600
2026-01-21,299.15447998046875,302.4823658305288,298.2729680555718,300.53118494697816,10270100
2026-01-22,300.729248046875,305.2555953909441,300.0062112868251,301.9474777854751,10535800
2026-01-23,294.875732421875,299.4813025896872,293.67730062328087,299.11484222180513,11107900
2026-01-26,298.1640319824219,298.8969527426069,294.60833256531976,294.96487880777863,11752700
2026-01-27,297.44097900390625,299.08512378237486,295.3016109870806,298.45122352878457,11527400
2026-01-28,297.89654541015625,299.03558292254246,295.2025300603667,297.4013222225187,9556700
2026-01-29,303.49261474609375,303.898671192008,299.3327275624257,299.51100066931883,11580000
2026-01-30,302.9676818847656,304.98817089860455,299.66947824936375,302.333781642444,11953200
2026-02-02,305.1961669921875,306.3450582127215,298.49082554616626,301.55130128288636,9839400
2026-02-03,311.8420715332031,313.22869052113475,306.14700443281885,306.77099053389486,12688000
2026-02-04,314.23895263671875,316.25947197584406,311.40629013300924,311.40629013300924,9848800
2026-02-05,307.1968688964844,312.9909865673853,302.6210112179966,311.99062599899656,9388000
2026-02-06,319.3199462890625,321.15227836348157,311.7034102684662,311.7034102684662,17797400
2026-02-09,319.0228271484375,323.2817350541263,317.05181803840316,318.27007812796035,11477500
2026-02-10,315.2392883300781,323.01429884581904,312.1094739861534,319.4684837021083,9902200
2026-02-11,307.8505554199219,322.1724018130651,305.78052608370194,320.1518827061323,8703500
2026-02-12,299.7487487792969,310.6238322045743,297.1537535117247,309.2966374972976,13443400
2026-02-13,299.6595764160156,301.3829738793206,293.6871852314235,295.66807823097014,9114500
2026-02-17,304.1958312988281,305.29521237973853,299.6100592744303,299.8675850307636,8896800
2026-02-18,305.8300476074219,309.2966101142475,304.2849535938903,305.51309749540866,7209600
2026-02-19,305.10699462890625,306.2262038721237,302.2049939958365,304.2354272061944,6737700
2026-02-20,307.82086181640625,308.0288471084009,302.75966472033866,305.4536802835111,7792700
2026-02-23,294.8262023925781,308.02884001734253,292.2807478108573,305.84984577889935,12955400
2026-02-24,294.459716796875,296.886322684036,288.5962907533433,293.98432184665864,13554100
2026-02-25,300.40240478515625,300.75898123488724,294.1725181992404,295.7869507950724,8095500
2026-02-26,303.20538330078125,306.05787397622345,300.73918125790124,301.67017313360896,7007800
2026-02-27,297.4310607910156,300.0557680991628,291.636973162459,297.13393894248406,18620800
2026-03-02,294.7172546386719,297.11414843979566,290.4088063693875,291.9935267958635,8508900
2026-03-03,297.3914489746094,299.5011046657454,286.73423592223537,289.4975898716125,10278200
2026-03-04,296.52978515625,298.12438947518206,292.99388398032096,297.12402886142485,8055700
2026-03-05,290.74554443359375,298.3620800816865,289.63624924146006,295.1332451958745,12732500
2026-03-06,286.7144470214844,287.21955415339994,280.99955170429564,283.6044306839189,13496500
2026-03-09,287.1502685546875,288.31898819476027,277.77073879547015,282.7724816341387,12241100
2026-03-10,285.97161865234375,289.9532025593205,284.43640849634494,286.52626625452876,8344900
2026-03-11,284.77313232421875,287.70487537204474,282.13854132603683,286.05081661783123,10205000
2026-03-12,280.1874084472656,281.167940752382,276.4336079693154,280.1279538528093,13760500
2026-03-13,280.7321472167969,284.4463214441296,280.2468381234208,281.9504072447318,9091200
2026-03-16,283.4261474609375,286.506421278288,281.89093739443587,283.6044205599556,8149000
2026-03-17,284.1492004394531,288.97266988082987,283.2181783456238,286.23902796907333,8961200
2026-03-18,284.9910583496094,286.6451172582804,282.3960934275981,284.08974843243266,10057000
2026-03-19,285.2188415527344,286.7441374214082,281.9008401776293,284.1392586396808,9846700
2026-03-20,283.8223571777344,287.9327042603992,282.54467268192724,285.32782503235495,22436500
2026-03-23,287.14031982421875,292.9245231806114,285.2188513876401,291.4982779446762,11470800
2026-03-24,289.6065368652344,292.6571288676103,282.64369950840546,283.4360748065673,11092300
2026-03-25,292.59771728515625,294.7965097163498,289.6461758443202,291.3398308899875,12188200
2026-03-26,288.8736267089844,292.1718002190451,287.95251872814185,289.78482055260446,8669200
2026-03-27,280.13787841796875,287.3384134369941,279.05829538327214,286.3777093696089,9873300
2026-03-30,281.0589904785156,284.50575515603197,279.6327451103039,282.01972478590784,11734400
2026-03-31,291.3497314453125,292.25104134220237,282.22772810140145,285.71408872506316,12956900
2026-04-01,292.5580749511719,295.8661624411999,290.1116710297465,292.567989087923,11267200
2026-04-02,291.7855224609375,292.7957669317203,285.9616926535428,289.1212191631598,6669300
2026-04-06,294.125,295.4987855589938,291.88509063240025,292.7412191857173,7142600
2026-04-07,296.0662536621094,296.8427544058445,291.38734983011653,291.8253790066561,7849100
2026-04-08,306.5888366699219,309.8640903908154,303.96066179364243,306.5888366699219,10590200
2026-04-09,308.938232421875,309.8640846884941,304.73715687535,305.5734164156603,6586600
2026-04-10,308.4803161621094,308.9581744354404,305.344449093958,308.6097380099313,6069700
2026-04-13,312.2732238769531,312.33295236293975,304.0900871089203,306.0910825316173,8318200
2026-04-14,309.7247009277344,312.91036189245165,307.4847916064935,308.4305432499699,11455500
2026-04-15,304.5579833984375,312.8307129741003,302.8954898881459,312.54203541599225,9885800
2026-04-16,308.5599670410156,308.5599670410156,303.8312695552229,303.98059076810495,8208600
2026-04-17,308.8984375,313.4877482505245,308.69932229637936,311.068653468178,11082400
2026-04-20,315.5683898925781,315.70777661938337,308.9780833700189,309.45594165814435,10772000
2026-04-21,311.5962829589844,318.8038038717339,311.3474041387296,316.0661368489313,7084300
2026-04-22,311.6161804199219,313.73663281642627,310.5410372905177,313.43799038623484,5545900
2026-04-23,310.29217529296875,313.57736372602733,307.5047445243564,312.11395497732667,6969700
2026-04-24,306.8974609375,309.7545850384977,306.5092257615542,309.7545850384977,5215300
2026-04-27,310.232421875,311.1781431330245,305.50372444273444,305.50372444273444,7925300
2026-04-28,310.0532531738281,314.03531438457196,309.7745101043047,313.78643555890045,7398600
2026-04-29,307.86309814453125,310.65052875636707,305.91189671624613,309.1771855961317,8031800
2026-04-30,311.82525634765625,312.6913497643884,305.1951210592971,305.6928786901284,8865400
2026-05-01,311.06866455078125,314.6624601726697,310.43152018106696,312.54203812020876,6135400
2026-05-04,306.270263671875,309.2568094519629,305.13539207341324,309.22694520939064,7338200
2026-05-05,308.0124206542969,309.5753869306937,305.42407485773,306.32999740556414,6316800
2026-05-06,313.4877624511719,314.84167905955115,309.95369528217543,310.0532528884956,8629500
2026-05-07,304.8964538574219,314.8814709002291,304.76706239082745,313.23887676443206,8359600
2026-05-08,300.74517822265625,307.60426284206056,299.1523476664256,306.86759124184925,9464300
2026-05-11,298.6545715332031,301.83026757429667,297.5395993270601,300.74515961007836,9512000
2026-05-12,303.5126953125,304.6873960201211,294.2245209852311,298.67447538308426,9498200
2026-05-13,298.9034729003906,301.6411400127173,298.72428743531935,300.91440289675086,7709500
2026-05-14,298.56500244140625,302.38777761395096,297.4699295162906,300.8945046380796,7364300
2026-05-15,296.4743957519531,299.44104214981957,295.1205095874812,298.86362628854243,8699300
2026-05-18,299.3813171386719,299.908939014877,295.8870488301784,296.6635495230975,7546300
2026-05-19,294.3738708496094,300.436555061437,293.935841710235,299.7396822358739,8066900
2026-05-20,300.625732421875,301.57145376364997,292.35300240137923,295.3694126574367,9327000
2026-05-21,301.6411437988281,302.6167597554335,298.8636475324957,299.8790926087445,7874400
2026-05-22,305.0059814453125,306.07119010408854,302.4773640852478,303.31359328873907,5973900
2026-05-26,305.3643493652344,308.54004556072954,304.0701916446211,307.1065011172144,7725400
2026-05-27,297.93780517578125,304.52811132231307,294.42363753054383,303.63215366632585,11779200
2026-05-28,295.3992614746094,299.7197941661088,294.4236455581874,296.23549066837876,9757700
2026-05-29,297.9676818847656,298.53513289689414,293.87612858626386,295.070728717322,13969000
2026-06-01,295.2499084472656,298.20659004481905,293.94578586060317,296.3549462063085,7930000
2026-06-02,299.6102600097656,300.7152977310929,293.9457758280521,295.17027051801705,8296200
2026-06-03,299.50079345703125,300.60580089187994,295.23002417973413,298.5749714904202,7003900
2026-06-04,309.4957580566406,311.5066879726736,303.0746723882986,304.36883009196185,10345200
2026-06-05,310.9691162109375,313.58732636819616,308.211549706599,312.8805189963161,9118800
2026-06-08,309.7147521972656,314.88147906470095,309.3862455138746,311.84516953437026,6827000
2026-06-09,311.2976379394531,315.0009559692908,307.62418415256917,312.1040028799189,11594600
2026-06-10,307.75360107421875,313.3384270822022,307.64407859799763,311.1582462393224,7446200
2026-06-11,312.0840759277344,313.30857066124145,307.4947650619962,308.1717081621576,9116600
2026-06-12,319.28167724609375,319.85906276888113,314.1348496322589,314.5529794375797,7426200
2026-06-15,317.96759033203125,324.4583697274161,317.41010417767774,322.4673390673774,7988900
2026-06-16,329.6549377441406,330.26218746993305,322.56684357389287,322.8455866314347,11094900
2026-06-17,331.9645080566406,336.25517637046335,330.01330666560995,330.69024974688585,12246400
2026-06-18,323.761474609375,336.57375116590936,322.70623086248213,335.4388795655989,20111000
2026-06-22,329.993408203125,331.2776010100568,325.28461010223134,328.22139226156105,10182500
2026-06-23,332.6414794921875,333.86594380335947,325.7425357353925,327.9924099173137,7582200
2026-06-24,331.95458984375,333.02973300317086,328.291070440402,331.57628916780243,7907400
2026-06-25,333.6170654296875,341.90972446819404,333.2586945227413,333.4577793441399,10043100
2026-06-26,327.57427978515625,334.8913229247855,326.03124330500606,334.49312290223526,17640900
2026-06-29,327.91278076171875,330.8993264933345,325.73259994718205,326.80774304304947,7981800
2026-06-30,325.86199951171875,328.95806779511634,325.2149206632551,327.41503128103255,8080100
2026-07-01,332.5718078613281,334.13477419390347,323.5524415571975,326.89735842569155,15210200
2026-07-02,332.9700012207031,338.4751995750331,330.2820977776739,336.5040683580973,8413900
2026-07-06,337.7200012207031,339.7200012207031,334.1099853515625,335.0,8673500
2026-07-07,339.2200012207031,341.3999938964844,337.0899963378906,340.9800109863281,7115800
2026-07-08,330.6199951171875,336.5299987792969,330.1300048828125,336.5299987792969,18505200
2026-07-09,335.4700012207031,337.0,330.80999755859375,331.4599914550781,15570600
2026-07-10,336.4700012207031,338.5899963378906,335.7699890136719,337.4700012207031,6299000
2026-07-13,334.5299987792969,338.3500061035156,332.5,338.3399963378906,7120300
2026-07-14,342.8900146484375,344.7300109863281,325.75,327.0,14537900
2026-07-15,346.9100036621094,351.239990234375,344.04998779296875,345.8500061035156,10750000
2026-07-16,343.1499938964844,349.3399963378906,341.1099853515625,349.2799987792969,12432400
2026-07-17,341.1000061035156,346.1300048828125,335.04998779296875,339.0299987792969,9250900
2026-07-20,338.8699951171875,344.260009765625,337.3699951171875,341.79998779296875,7723300
2026-07-21,345.2300109863281,345.739990234375,337.29998779296875,340.1199951171875,6015300
2026-07-22,348.2099914550781,349.07000732421875,344.25,345.07000732421875,8040200
2026-07-23,349.8999938964844,349.9200134277344,345.4200134277344,346.5799865722656,10913000
2026-07-24,353.2099914550781,353.3699951171875,347.5,350.6400146484375,7520800
2026-07-27,356.20001220703125,359.04998779296875,352.5799865722656,357.8900146484375,7884900
2026-07-28,357.30999755859375,359.29998779296875,354.1499938964844,357.29998779296875,6533800
2026-07-29,344.7099914550781,357.3699951171875,343.7799987792969,356.5,8265300
2026-07-30,350.8500061035156,352.2799987792969,345.3699951171875,347.5400085449219,7606500
2026-07-31,351.7900085449219,354.4700012207031,349.70001220703125,353.29998779296875,6603400
2026-08-03,352.6400146484375,355.6199951171875,350.8399963378906,353.75,6436600
2026-08-04,357.5199890136719,363.0,353.8699951171875,355.0,8477200
2026-08-05,359.239990234375,362.1700134277344,358.20001220703125,358.9700012207031,5269500
2026-08-06,356.29998779296875,362.80999755859375,354.95001220703125,362.80999755859375,5820100
2026-08-07,357.5199890136719,358.8500061035156,353.3299865722656,355.760009765625,4566200
2026-08-10,359.7900085449219,359.989990234375,356.5,357.9599914550781,5327500
2026-08-11,362.0400085449219,363.1199951171875,358.6000061035156,360.04998779296875,4576500
2026-08-12,365.17999267578125,366.0899963378906,361.29998779296875,362.9700012207031,4366800
2026-08-13,363.1099853515625,366.5,361.5199890136719,366.5,5102700
2026-08-14,362.8399963378906,365.8999938964844,361.45001220703125,363.0,5058600
2026-08-17,360.9599914550781,365.75,360.9599914550781,361.94000244140625,5282600
2026-08-18,363.25,363.57000732421875,359.2699890136719,362.3399963378906,5525100
2026-08-19,357.260009765625,363.04998779296875,355.6499938964844,363.010009765625,6696200
2026-08-20,351.54998779296875,357.95001220703125,351.54998779296875,357.6000061035156,6799700
2026-08-21,351.5799865722656,356.8599853515625,350.3699951171875,354.07000732421875,8112100
2026-08-24,356.3900146484375,358.2799987792969,352.82000732421875,353.29998779296875,4394400
2026-08-25,356.69000244140625,357.3699951171875,353.07000732421875,357.0,4298000
2026-08-26,356.5,358.3500061035156,354.6000061035156,356.5,5796500
2026-08-27,354.2200012207031,357.57000732421875,352.2300109863281,354.67999267578125,5209900
2026-08-28,357.6199951171875,358.7300109863281,354.2200012207031,355.6700134277344,3914500
2026-08-31,356.0199890136719,357.7699890136719,354.7699890136719,355.8999938964844,7962900
2026-09-01,354.95001220703125,359.92999267578125,354.1199951171875,355.7300109863281,5079000
2026-09-02,356.2200012207031,361.4700012207031,353.7900085449219,357.54998779296875,5341400
2026-09-03,362.05999755859375,362.8500061035156,356.3900146484375,358.67999267578125,5414200
2026-09-04,358.6400146484375,362.8599853515625,355.20001220703125,361.0,4873500
2026-09-08,353.510009765625,358.54998779296875,353.2300109863281,357.1000061035156,5631400
2026-09-09,354.7099914550781,356.3299865722656,348.69000244140625,352.0,6318200
2026-09-10,353.55999755859375,354.2200012207031,351.1199951171875,353.510009765625,4184200
2026-09-11,356.2300109863281,360.04998779296875,354.7900085449219,358.32000732421875,5354600
2026-09-14,350.1300048828125,355.2799987792969,347.54998779296875,354.2300109863281,9609900
2026-09-15,352.489990234375,354.70001220703125,343.07000732421875,351.0,14026500
2026-09-16,348.9200134277344,355.6000061035156,344.69000244140625,353.3800048828125,8303400
2026-09-17,349.30999755859375,353.489990234375,345.2699890136719,352.25,6480100
2026-09-18,349.6700134277344,349.6700134277344,345.010009765625,347.8900146484375,18312400
2026-09-21,352.0400085449219,354.5,350.0799865722656,353.6700134277344,6414700
2026-09-22,340.0,352.1000061035156,337.29998779296875,352.0,11485600
2026-09-23,337.5299987792969,341.44000244140625,336.9800109863281,337.6099853515625,7068500
2026-09-24,338.55999755859375,339.3699951171875,335.2799987792969,338.1199951171875,6934300
2026-09-25,343.05999755859375,343.30999755859375,338.6400146484375,340.7699890136719,11460300
