Price,Close,High,Low,Open,Volume
Ticker,QQQ,QQQ,QQQ,QQQ,QQQ
Date,,,,,
2012-01-03,50.205013275146484,50.46088863378432,50.07266128224508,50.21383517060944,39514100
2012-01-04,50.41677474975586,50.48736338011876,49.905020643029445,50.12560506413678,29403400
2012-01-05,50.83148193359375,50.875598151063116,50.11678709352409,50.310902489411276,41260600
2012-01-06,51.00795364379883,51.122655143861905,50.64619525054572,50.84030729380348,46325200
2012-01-09,50.84030532836914,51.15794748886812,50.67266235070656,51.1403003281902,39195500
2012-01-10,51.210899353027344,51.528541577922795,50.85796279962074,51.37854236467665,35949900
2012-01-11,51.316749572753906,51.43145439177321,51.00793278983713,51.202044753734604,37144100
2012-01-12,51.51970291137695,51.59029155003747,51.05206496073145,51.43147047890285,26188300
2012-01-13,51.33440399169922,51.35205114834194,50.893235173183996,51.246171574336564,35980400
2012-01-17,51.80205154418945,52.022635994674864,51.60793951654138,51.784404384248425,41790800
2012-01-18,52.49027633666992,52.49027633666992,51.77558151875875,51.899108270183795,48692700
2012-01-19,52.816734313964844,52.91379199776159,52.63144420808987,52.728498526035466,47774500
2012-01-20,52.73732376098633,52.76379281442613,52.5520336552054,52.58732460450809,41041700
2012-01-23,52.75497055053711,53.12555075951375,52.44615034387212,52.74614528888464,40958300
2012-01-24,52.65792465209961,52.799098577473124,52.41969302193457,52.516750726726094,38440200
2012-01-25,53.319679260253906,53.452031290835095,52.79027786963305,53.16968006787176,61591800
2012-01-26,53.134368896484375,53.64612293062029,52.878490196491086,53.54906526056417,37852700
2012-01-27,53.2932014465332,53.39025577171838,52.99320647689807,53.019675532325714,45532300
2012-01-30,53.33732604980469,53.41673659442879,52.64027830986555,52.843215620382274,42797800
2012-01-31,53.407920837402344,53.69909400813756,53.063809538062564,53.602036284559155,51449600
2012-02-01,53.84025192260742,54.03436731194007,53.52260978219091,53.716725171523564,46146700
2012-02-02,54.00788116455078,54.18434934947506,53.79612203532219,54.01670642501487,46373600
2012-02-03,54.74907302856445,54.810836420200715,54.422608906222436,54.510841361173554,36453800
2012-02-06,54.704933166503906,54.72258032304038,54.404938237085815,54.546112123526626,28541300
2012-02-07,54.81964874267578,54.92552833679018,54.413770794509304,54.66082766857838,37935700
2012-02-08,55.110816955566406,55.110816955566406,54.62553184952035,54.82846913510864,41171100
2012-02-09,55.50785827636719,55.56962163909356,54.98727895778004,55.32256818818808,46856400
2012-02-10,55.11962890625,55.26962467708252,54.92551356437197,55.110803645700614,58090500
2012-02-13,55.63139724731445,55.70198588645436,55.278464149169665,55.53433955142288,36810200
2012-02-14,55.77256774902344,55.78139301130201,55.313751720227266,55.50786710013947,51648200
2012-02-15,55.38433837890625,56.34608661602165,55.296102588525656,56.037266398466436,105709100
2012-02-16,56.14314651489258,56.20490988211784,55.26080885070188,55.40198274233835,83642300
2012-02-17,55.96669006347656,56.19609642337351,55.71963654268726,56.151980204068536,76112300
2012-02-21,56.12549591064453,56.37254936437229,55.77255952030413,56.02843823500837,38141300
2012-02-22,55.86962127685547,56.187263378193364,55.790210751520995,56.01962043175441,43174700
2012-02-23,56.24020004272461,56.30196340538818,55.666679257019084,55.940205124422626,54250000
2012-02-24,56.43430709838867,56.53136476434316,56.29313322950501,56.399012789705125,41364900
2012-02-27,56.51374435424805,56.699034502711015,55.87845999854424,56.1255135298282,42678500
2012-02-28,57.08723831176758,57.08723831176758,56.496073753141296,56.56666237462841,43717500
2012-02-29,56.83136749267578,57.31664912891958,56.64607067458638,57.13135904253177,59784400
2012-03-01,57.2813720703125,57.334316919299724,56.87549746382975,57.04314381083266,67558900
2012-03-02,57.23724365234375,57.42253374415531,57.05195356053218,57.20194933985081,33358200
2012-03-05,56.64607238769531,57.27253802042571,56.46078566155481,57.20194939537133,45788800
2012-03-06,56.09020233154297,56.222554321113186,55.790207405587935,56.09020233154297,54638600
2012-03-07,56.52255630493164,56.654908318909804,56.2666809055462,56.35491333763063,42741800
2012-03-08,57.131378173828125,57.29902452647571,56.734328817425144,56.85785558304847,43711100
2012-03-09,57.36959457397461,57.475477521907806,57.1931297257884,57.22842404176613,43117200
2012-03-12,57.39606475830078,57.44900286124978,57.10489172867767,57.35194518470875,32687300
2012-03-13,58.46368408203125,58.46368408203125,57.590165118466786,57.704873300670656,61559100
2012-03-14,58.66661071777344,58.88719506354968,58.3048558911844,58.52544023696065,59926900
2012-03-15,58.83427810668945,58.95780484615624,58.543105050073834,58.84310336856635,65531200
2012-03-16,58.792747497558594,58.92532420050956,58.651337292707126,58.92532420050956,53023100
2012-03-19,59.208133697509766,59.34955060332201,58.73086175508726,58.889952402561434,60966200
2012-03-20,59.314205169677734,59.3760733893597,58.73971070512787,58.89880137618583,47290600
2012-03-21,59.32304763793945,59.65006249289395,59.24349892786237,59.32304763793945,39648100
2012-03-22,59.19930648803711,59.34071666574465,58.934153133031806,58.96950736324118,56953900
2012-03-23,59.16395568847656,59.287692129819305,58.82809385357743,59.270011642124445,45541700
2012-03-26,60.198036193847656,60.198036193847656,59.50864558561833,59.56167355759606,40855300
2012-03-27,60.28642272949219,60.533895607354694,60.21571426635142,60.24223499737685,37278200
2012-03-28,60.047786712646484,60.551572683666976,59.69425115998847,60.321773562969796,44421900
2012-03-29,59.8179931640625,60.03895206216511,59.39374911272811,59.74728469831836,53975300
2012-03-30,59.70309066772461,60.11848768811625,59.46445130678991,60.0831402021027,39480900
2012-04-02,60.321773529052734,60.401315488212916,59.535160464974076,59.64122315365079,40031600
2012-04-03,60.30410385131836,60.58693096372695,59.96824201943111,60.374805572072816,45539900
2012-04-04,59.482139587402344,59.88870316113112,59.13744423699903,59.85334892735506,54088100
2012-04-05,59.853328704833984,59.90635666601632,59.33186236173713,59.37605682480797,42979900
2012-04-09,59.402584075927734,59.64122344081691,59.004860791952225,59.110916738009784,36908200
2012-04-10,58.448036193847656,59.60586522487351,58.26243155752963,59.376066118567174,69254200
2012-04-11,58.73086166381836,59.11975141106848,58.580611258973256,58.96066076384154,62950000
2012-04-12,59.402584075927734,59.46445229217125,58.75738792697815,58.84577012973605,57407400
2012-04-13,58.50108337402344,59.39375251849159,58.47456938363163,59.19931434124137,55227500
2012-04-16,57.84701919555664,58.8280769435786,57.66141458689416,58.79272272148169,57588000
2012-04-17,59.02253723144531,59.20814188865443,58.006124995474295,58.09451394539971,47362400
2012-04-18,58.872276306152344,59.216971571371204,58.69551192408639,58.85459582206838,42536100
2012-04-19,58.20941162109375,59.36723406877265,57.99729297076158,58.66016965328864,81110900
2012-04-20,58.050315856933594,58.783900939617595,57.96193365563992,58.52758783567513,59906900
2012-04-23,57.5200309753418,57.608413199790164,56.998564387772916,57.502350484573235,70514400
2012-04-24,57.21068572998047,57.65260356377471,56.96320607882565,57.413964157372455,49661500
2012-04-25,58.73086166381836,58.76621589021648,58.306624433299326,58.39500662773003,57526900
2012-04-26,59.075565338134766,59.208142020187275,58.64248780368473,58.722036510168294,41799500
2012-04-27,59.42909622192383,59.61470086490621,59.01369246438388,59.323040279150824,46003800
2012-04-30,59.004852294921875,59.367221296985086,58.960657828342256,59.25232512425848,37787700
2012-05-01,59.10209274291992,59.77380298641057,58.8546130950155,58.94300205511826,37643800
2012-05-02,59.27001953125,59.31421401323933,58.669010989103704,58.81042793696459,38299300
2012-05-03,58.642486572265625,59.349557699611275,58.49223614922193,59.305363225478416,51297600
2012-05-04,57.18415451049805,58.642484443247454,57.17532101049619,58.10334424542416,107554000
2012-05-07,57.2371826171875,57.51116943446381,56.8217788986531,56.839452639745865,50267800
2012-05-08,57.02505874633789,57.219503619053334,56.10587246523895,56.87480834219566,72659700
2012-05-09,56.848289489746094,57.16647075546208,56.13238164188513,56.36218072115303,85715300
2012-05-10,56.73343276977539,57.12231600917241,56.521310654616435,57.10464225684525,49448900
2012-05-11,56.72456359863281,57.32557201830592,56.485927605095114,56.53895894973624,47099900
2012-05-14,56.19426727294922,56.63618505884571,56.105881692830835,56.23845837722584,46360000
2012-05-15,56.00864028930664,56.80409001183155,55.91141786985533,56.344498636984625,66908600
2012-05-16,55.62861251831055,56.37103457142772,55.513716315631505,56.203107017966985,52825900
2012-05-17,54.453102111816406,55.73466417681154,54.44426186932171,55.646278609687776,62253900
2012-05-18,53.746055603027344,54.76246473857572,53.70186111627509,54.621051147040035,79496500
2012-05-21,55.24856185913086,55.3015932088815,53.78139489834879,53.85210336468299,61473000
2012-05-22,55.18670654296875,55.63746469235152,54.788983127304704,55.40766549458924,62954800
2012-05-23,55.292762756347656,55.42533608876933,54.24099611268128,54.71826820115683,56951100
2012-05-24,54.93038558959961,55.42533138312434,54.52381863862028,55.37230340328403,83131200
2012-05-25,54.85966873168945,55.08062760474171,54.700578073366636,54.98340516114834,32078900
2012-05-29,55.55792236328125,55.8142355703081,55.045295949227565,55.37231764297887,44216700
2012-05-30,55.089454650878906,55.283896119921714,54.51496036993911,55.054100430484205,56431800
2012-05-31,54.850833892822266,55.16017497793251,54.435430117189966,55.01876142880141,55260100
2012-06-01,53.39249801635742,54.19678812015748,53.374820903227636,53.86092971382071,71430800
2012-06-04,53.79907989501953,53.87862524551409,53.065497992961525,53.54277009592885,74119500
2012-06-05,54.020023345947266,54.12608603058775,53.58694585080867,53.6134598361864,47916900
2012-06-06,55.257389068603516,55.301580163855576,54.37355367730448,54.42658501454562,58781800
2012-06-07,55.03644561767578,55.84073591390213,54.99225451006089,55.84073591390213,38414800
2012-06-08,55.566734313964844,55.63744276897313,54.76244418185141,54.948048818901114,39730800
2012-06-11,54.62987518310547,56.01749669192528,54.594520952820446,55.99097933342903,51008900
2012-06-12,55.292762756347656,55.31927674851887,54.51498639419109,54.886195770850534,48802600
2012-06-13,54.91269302368164,55.549052203693584,54.72708503176227,55.133651868360715,50840100
2012-06-14,55.1159782409668,55.33693709961624,54.62102918382879,54.90385625317491,65170600
2012-06-15,55.800758361816406,55.880486519194754,55.242661260167935,55.26923618618936,41536100
2012-06-18,56.32341384887695,56.465152404429304,55.481839696835124,55.5704250268127,32191200
2012-06-19,56.908077239990234,57.14726504359071,56.56258975356895,56.60688579382884,36476500
2012-06-20,56.952392578125,57.20043426692298,56.527176806193644,57.03211736725473,51389700
2012-06-21,55.53499221801758,56.97009558452311,55.47298180818371,56.90808517468924,42492700
2012-06-22,56.119659423828125,56.190530388630215,55.57042296386635,55.72102207441398,29504200
2012-06-25,55.03892135620117,55.67674334114497,54.87946501513656,55.659028973750814,33136400
2012-06-26,55.3843994140625,55.54385572761841,54.97690144800366,55.22494310050659,30611100
2012-06-27,55.72101974487305,55.96906135268323,55.53498515970196,55.5969955616545,35705800
2012-06-28,55.10091781616211,55.34010226714408,54.51624584019965,55.304666782706654,49793400
2012-06-29,56.83722686767578,56.83722686767578,55.99564920834724,56.16396609193865,44761300
2012-07-02,57.00553512573242,57.0321100520337,56.58031940834134,56.91694978518541,33425600
2012-07-03,57.48390579223633,57.48390579223633,56.95238697444814,57.040972317641426,15895100
2012-07-05,57.51933288574219,57.802809997761585,57.12069552024309,57.430747555478774,37016200
2012-07-06,56.801780700683594,57.30672449790743,56.38542223025518,57.25356789492841,40684100
2012-07-09,56.69547653198242,56.925803797809294,56.41199941966761,56.739772576474024,35628300
2012-07-10,56.137386322021484,57.1472774593006,55.91591958986025,57.00553550657582,47365700
2012-07-11,55.82733917236328,56.21711943879028,55.3666879233235,56.066523669709774,43432000
2012-07-12,55.3046760559082,55.53499998474345,54.7997321456067,55.38440421960394,57680400
2012-07-13,56.146244049072266,56.27026487213086,55.41983347460279,55.455265581680976,32357200
2012-07-16,55.98680114746094,56.27027834785802,55.76533437344354,56.022236642339266,27621400
2012-07-17,56.27912139892578,56.46515601066203,55.48184324026709,56.34113180973322,42467800
2012-07-18,57.04096984863281,57.209286724454415,56.155102937787596,56.1728206815222,44489700
2012-07-19,57.66993713378906,57.85596838238433,57.33331012565882,57.439609834211275,53017800
2012-07-20,56.908077239990234,57.66992317379789,56.881502319285026,57.65220881287003,40573100
2012-07-23,56.21712112426758,56.41201295298146,55.37554676673845,55.80076591653503,48657800
2012-07-24,55.77417755126953,56.39428503865731,55.410972268263166,56.31455688486011,57269700
2012-07-25,55.40211486816406,55.76532014973955,55.05662732950859,55.34010445760098,46264400
2012-07-26,56.137386322021484,56.456298957023925,55.783041578152,56.1993967366815,41928200
2012-07-27,57.466190338134766,57.57249004450107,56.37657103748174,56.54488791739951,42621000
2012-07-30,57.421897888183594,57.85597081986009,57.227006069455314,57.60792914461638,37821300
2012-07-31,57.40416717529297,57.740794101744406,57.351010575286125,57.510466858052986,34588300
2012-08-01,57.23587417602539,57.829403514110204,57.005546836384404,57.81168914581304,30920200
2012-08-02,57.03211212158203,57.59906643201012,56.61575695072567,56.801791579527716,40534900
2012-08-03,58.112857818603516,58.360899428803876,57.749655963274996,57.953401532242296,42117400
2012-08-06,58.55579376220703,58.81269594363626,58.29003777904482,58.414058589579305,23523600
2012-08-07,59.04301834106445,59.28219938207922,58.71524522099626,58.80383054142296,28223300
2012-08-08,59.016456604003906,59.140477432030636,58.794989874152144,58.89243577597718,20723500
2012-08-09,59.193607330322266,59.27333884067816,58.90126972339391,59.00757615099312,20726200
2012-08-10,59.22906494140625,59.24677930664672,58.83042751652497,58.9810232762687,20312000
2012-08-13,59.370792388916016,59.37965294969383,58.910144607883595,59.21133608805333,19890300
2012-08-14,59.397369384765625,59.716281961328626,59.22905253640542,59.59225439610785,24218700
2012-08-15,59.54799270629883,59.636578072253414,59.34424028183609,59.35310084602061,29100400
2012-08-16,60.256683349609375,60.38956477996688,59.698589452464205,59.769460449805585,35699900
2012-08-17,60.52242660522461,60.53128716667965,60.24781002777152,60.389545217911525,22584800
2012-08-20,60.61098861694336,60.61984917498829,60.23892628256236,60.478107280771425,26924000
2012-08-21,60.371829986572266,61.01850903231193,60.13264214111829,60.770467384158195,41391000
2012-08-22,60.619876861572266,60.73503713425085,60.07063690856884,60.23895379516943,44555700
2012-08-23,60.123783111572266,60.54013483699031,59.964326814674585,60.34524981511752,28800400
2012-08-24,60.49584197998047,60.63757714739559,59.88459175152101,59.98203763601823,38384800
2012-08-27,60.593284606933594,60.83246564598736,60.460403248069646,60.75274088584499,20671400
2012-08-28,60.593284606933594,60.76159468677637,60.336382448763736,60.540128008212015,27337900
2012-08-29,60.593284606933594,60.743880326286956,60.336382448763736,60.593284606933594,26672400
2012-08-30,59.98204803466797,60.35411051708982,59.88460213327726,60.32753559100657,24425400
2012-08-31,60.38068389892578,60.637579321490584,59.769433648550596,60.41611262307955,42128000
2012-09-04,60.31868362426758,60.54901094752214,59.72515432840886,60.265533764527746,32017200
2012-09-05,60.256683349609375,60.54902114466983,60.09722698490643,60.29211884828006,26129300
2012-09-06,61.59434127807617,61.61206240574209,60.611028210145776,60.62874933781169,43100000
2012-09-07,61.50575256347656,61.612059047788385,61.32858184825308,61.452602700635424,32958600
2012-09-10,60.717315673828125,61.479161717611454,60.67301962717391,61.34628033627663,25490000
2012-09-11,60.619876861572266,60.96536443823662,60.52243095444861,60.72618333078768,29810100
2012-09-12,60.79701232910156,60.95646856122999,60.424950040343475,60.84130835526906,42203400
2012-09-13,61.62089920043945,61.886661973024665,60.78818891302004,60.85019932547285,45417800
2012-09-14,62.17011260986328,62.39157923974187,61.824625207942695,61.8423395645379,38880300
2012-09-17,62.196720123291016,62.22329505142516,61.97525337733486,62.20558068554531,31798400
2012-09-18,62.2498779296875,62.2764596198452,62.02841115544713,62.037271718833026,27169800
2012-09-19,62.36503219604492,62.52448851116245,62.063833930321486,62.24101136857886,36484600
2012-09-20,62.30301284790039,62.36502325274097,61.89551493628697,62.06382503021013,42520200
2012-09-21,62.3207893371582,62.66726217073233,62.25860207928343,62.61396074338331,23678500
2012-09-24,61.95654296875,62.06315259812655,61.67225740164844,61.80551774389348,32341600
2012-09-25,61.0859375,62.25861662089788,61.059286780100734,62.11647041089603,41299600
2012-09-26,60.58840560913086,61.041487979719605,60.27746938535479,61.005951443016436,32770400
2012-09-27,61.423492431640625,61.565638567240406,60.63282319159403,60.739432793293865,25339500
2012-09-28,60.917118072509766,61.40573701655652,60.863816652396245,61.21917526825735,30112600
2012-10-01,60.82828903198242,61.59230779584259,60.63284142570617,61.21029841391251,37715300
2012-10-02,61.00596618652344,61.28137271805605,60.52623299194399,61.09480416080045,33254300
2012-10-03,61.3968620300293,61.51235071997137,60.934893714454894,61.17476370313088,38236000
2012-10-04,61.61005401611328,61.77885085729275,61.29911781754647,61.49456536461726,26128600
2012-10-05,61.28136444091797,62.009846576239774,61.12145339765698,61.92100183605985,25207900
2012-10-08,60.72169494628906,61.050402984457484,60.57955550944905,60.926028435508265,30911500
2012-10-09,59.75333786010742,60.712797514718325,59.61119167251867,60.561772273832744,67974000
2012-10-10,59.45126724243164,59.90434964118937,59.344664403595765,59.73555277583023,45134300
2012-10-11,59.26472091674805,59.93990177595923,59.229184368589195,59.89547939628478,30469400
2012-10-12,59.23805236816406,59.57563930719689,59.122563704840026,59.255817247944115,24891200
2012-10-15,59.67338180541992,59.75334073426046,59.10481058352307,59.4601692916845,22220100
2012-10-16,60.517364501953125,60.58843082703711,59.74445975724145,59.76222464403641,33960600
2012-10-17,60.4818229675293,60.677270595692214,60.126464259769776,60.20641641061628,33439400
2012-10-18,59.77995681762695,60.4817879957153,59.55785860093696,60.28634048056416,61707600
2012-10-19,58.349674224853516,59.76221636711226,58.27860113170883,59.70891493620535,75362600
2012-10-22,58.651729583740234,58.802761613714495,58.189767995670586,58.32302836192845,38621500
2012-10-23,58.09202575683594,58.589523736668355,57.914349843439105,58.17198466239565,52591200
2012-10-24,57.88770294189453,58.51846128721473,57.79885820145055,58.420737495048016,39872400
2012-10-25,57.88770294189453,58.38520095445084,57.718906068533464,58.28747716228413,52688700
2012-10-26,58.05650329589844,58.29637329283872,57.434630670318576,57.88771317061435,54213100
2012-10-31,57.70114517211914,58.09204041369861,57.50570432923275,57.98543077202148,38524500
2012-11-01,58.518470764160156,58.633959456377575,57.89659136985061,58.065388270547984,26945000
2012-11-02,57.89658737182617,58.82051717947346,57.843285944930095,58.784980635575174,44083000
2012-11-05,58.27859115600586,58.39408660707211,57.781093144957566,57.90546764771964,28094700
2012-11-06,58.38520812988281,58.78498239940391,58.15422397656469,58.37632229916595,29608400
2012-11-07,57.00819778442383,57.83440384410692,56.768334570020485,57.76333075172699,70737800
2012-11-08,56.110931396484375,57.30137878113899,56.110931396484375,57.16811840513689,58585800
2012-11-09,56.35078430175781,56.95489198483728,56.11091771680408,56.14645426026789,51542100
2012-11-12,56.34190368652344,56.741681365117124,56.19087844625006,56.67949410277495,32663700
2012-11-13,55.95100784301758,56.4840458393896,55.77332851089357,55.90658885722442,43288300
2012-11-14,55.29360580444336,56.28860544729297,55.204764432522616,56.226418181424364,82655300
2012-11-15,55.10704803466797,55.51571162260123,54.90271793517748,55.32914641093402,55124200
2012-11-16,55.346900939941406,55.5068120022484,54.46739348620438,55.151456721861756,70873100
2012-11-19,56.66172409057617,56.70614646713018,55.93324184925057,55.95101012208187,55306400
2012-11-20,56.67949676513672,56.759452304611145,56.13757626302692,56.643960216714355,52012700
2012-11-21,56.79499435424805,56.874946512514924,56.50182288479437,56.741689526451346,19611700
2012-11-23,57.65672302246094,57.67448790510426,57.079266056965594,57.11480260015481,16462900
2012-11-26,57.905479431152344,57.94101597887328,57.33690822342415,57.51458418412542,26430900
2012-11-27,57.71002960205078,58.10092483413829,57.612305794028906,57.89659138702804,25828600
2012-11-28,58.2075080871582,58.251930449623075,57.07925192629995,57.43461049231624,37295800
2012-11-29,58.55401611328125,58.75834281314533,58.26084464522842,58.51847956158659,41136100
2012-11-30,58.45628356933594,58.60730880807823,58.287486668445624,58.56288643061135,33497400
2012-12-03,58.34077453613281,58.96265378657989,58.31412382700967,58.90934559043199,28240000
2012-12-04,58.30524826049805,58.429622776898704,57.923238880723794,58.36743551869837,49584500
2012-12-05,57.65672302246094,58.22529415768333,57.345786741933466,58.21640832741038,54076200
2012-12-06,58.02985763549805,58.172003835386974,57.32802602383015,57.47905127778424,47512300
2012-12-07,57.683380126953125,58.376325851167984,57.487932506707224,58.31413858817186,30089400
2012-12-10,57.852176666259766,58.15422714807677,57.523468690838364,57.523468690838364,33219600
2012-12-11,58.60729217529297,58.93599327481083,58.207511225258706,58.25193359011849,40750800
2012-12-12,58.482913970947266,58.918224651726604,58.32300295667515,58.918224651726604,45917700
2012-12-13,58.020957946777344,58.77609759201064,57.772208934282624,58.36743075388103,45467700
2012-12-14,57.47016906738281,57.8166419382035,57.2747214422217,57.6300801445234,39630300
2012-12-17,58.23417663574219,58.25194151736289,57.44350723452848,57.52345936867491,42302900
2012-12-18,59.1225700378418,59.21140800206102,58.367430397222826,58.52734144397832,55596000
2012-12-19,58.86493682861328,59.30913343992328,58.82940028636019,59.29136177984554,34832500
2012-12-20,58.86493682861328,58.99819716758676,58.57176543845211,58.97153967747015,40754300
2012-12-21,58.245853424072266,58.31732236798905,57.709849976003596,57.959984464058735,51152900
2012-12-24,58.129730224609375,58.19226385600665,57.99572763857103,58.093995747288844,11418300
2012-12-26,57.62050247192383,58.22797470859499,57.432901653846955,58.17437642218785,21751300
2012-12-27,57.53119659423828,57.745596655660236,56.816520635291695,57.674127696634564,52933200
2012-12-28,56.97730255126953,57.55797571382235,56.95050340487755,57.093437865345365,33082100
2012-12-31,58.183319091796875,58.290522506363395,56.79864410249378,56.91477602320069,57544000
2013-01-02,60.03250503540039,60.059310987225786,59.38930532024297,59.612640542570574,70695900
2013-01-03,59.719871520996094,60.15760690076887,59.541205966377746,60.03253964940522,47366500
2013-01-04,59.52333450317383,59.74666985120327,59.38040342457502,59.74666985120327,33972500
2013-01-07,59.54118347167969,59.63945153429025,59.18384568179141,59.37144648796118,26766200
2013-01-08,59.42507553100586,59.69308071606172,59.11240735887734,59.5322789681592,28734900
2013-01-09,59.64838790893555,59.80918959482221,59.451858573431714,59.514392183740284,25600300
2013-01-10,60.0057258605957,60.09505861611396,59.45185868699109,60.05933096642855,37528000
2013-01-11,60.08613586425781,60.11293501191385,59.85386522515051,59.97893245798067,21158600
2013-01-14,59.818138122558594,59.987875166152705,59.5590683038927,59.78240364939911,36768500
2013-01-15,59.52333450317383,59.61267409490875,59.25533617493084,59.52333450317382,31675300
2013-01-16,59.76454162597656,59.97000633328285,59.496536477011595,59.603739899728396,33822300
2013-01-17,60.050411224365234,60.28268190148989,59.9074733259334,60.00574142719175,32024200
2013-01-18,59.91641616821289,59.97894980271147,59.648410982844716,59.871746365433204,31992000
2013-01-22,60.0146598815918,60.059329666210054,59.612659082636334,59.97892541702763,32123100
2013-01-23,60.38095474243164,60.55962714966466,60.26482278947175,60.35415558526054,31975700
2013-01-24,59.55014419555664,60.104011531301225,59.46080459823261,59.55014419555664,42596300
2013-01-25,59.853858947753906,60.023595952644335,59.62158833300685,59.73772704820652,39240100
2013-01-28,59.98786926269531,60.19333394357509,59.79133308748634,59.862802026772,32926100
2013-01-29,59.996803283691406,60.1307990223814,59.52332668292561,59.91639902482437,35554700
2013-01-30,59.87173843383789,60.28268148113682,59.737742674560074,60.10400910934292,34445000
2013-01-31,59.737728118896484,60.1665280754125,59.684123012592664,59.84492470019928,34870500
2013-02-01,60.4434700012207,60.55066658522085,59.916395139160464,60.15759426881339,53120800
2013-02-04,59.38930130004883,60.26477149554646,59.37143066670827,60.09503455705932,48483700
2013-02-05,60.26480484008789,60.45240570006559,59.505466078562904,59.648397146123024,35120300
2013-02-06,60.06825256347656,60.34519293408448,59.88958707298568,60.06825256347656,43593200
2013-02-07,60.121849060058594,60.18438265434737,59.460771845405155,60.139712880290844,46017900
2013-02-08,60.738285064697266,60.86335232612576,60.41668158797985,60.42561691112605,39837200
2013-02-11,60.75613021850586,60.80079318418771,60.55065876628389,60.77399404164826,17650400
2013-02-12,60.506004333496094,60.79187325365125,60.4434707202013,60.67573453206615,22057900
2013-02-13,60.720394134521484,60.95266472307817,60.5417218296119,60.68465967353957,23494700
2013-02-14,60.70253372192383,60.79187329725419,60.40773629655274,60.44347076355435,24478800
2013-02-15,60.52385711669922,60.84546044515446,60.35412013344467,60.69359409995377,25333600
2013-02-19,60.961605072021484,60.97947571381064,60.62213785020877,60.64000167634508,23436500
2013-02-20,60.02360534667969,60.97054496289655,60.014670025115365,60.94374581385696,38200300
2013-02-21,59.38040542602539,59.86281061190722,59.166005393073746,59.8002769849774,45855600
2013-02-22,59.97893524169922,59.98787056321694,59.48759479302467,59.71986544291203,21968000
2013-02-25,59.237457275390625,60.57746917683233,59.18385898034191,60.36306918098449,40927600
2013-02-26,59.46078872680664,59.56799212558786,58.92478536420564,59.31785767741756,42088800
2013-02-27,60.06825256347656,60.43452567932992,59.380382927869924,59.46078035389535,36339500
2013-02-28,59.943180084228516,60.514917782289544,59.934244765794475,60.07718259813522,28557300
2013-03-01,60.19332504272461,60.30052843580082,59.44292173814769,59.73772595736813,31617200
2013-03-04,60.46135711669922,60.47029244069203,59.91641821927652,59.99682250390138,19380500
2013-03-05,61.354679107666016,61.43507655099172,60.81867570520222,60.81867570520222,35581900
2013-03-06,61.20280456542969,61.56014239130743,61.12240031717243,61.54227175140487,29071100
2013-03-07,61.36360549926758,61.46187357057897,61.14919871695978,61.27426593214664,21775900
2013-03-08,61.435089111328125,61.658424475986465,61.19388991638507,61.569091693254016,26159900
2013-03-11,61.6137580871582,61.631621916455614,61.167087382528265,61.35468826059435,23187900
2013-03-12,61.39039611816406,61.577996914893156,61.09559194516787,61.435059079870356,27575400
2013-03-13,61.30999755859375,61.54226815418561,61.095597601859886,61.470799230057075,34297300
2013-03-14,61.51547622680664,61.64947877135209,61.38147368226119,61.524411547283684,31530800
2013-03-15,61.344451904296875,61.59516524708271,61.19222723352585,61.55934807933813,30752600
2013-03-18,61.21014404296875,61.4608574054555,60.64603897737358,60.78034482768664,36163000
2013-03-19,61.093753814697266,61.51459027005667,60.547553825219374,61.39818956939487,33125100
2013-03-20,61.5235481262207,61.65786083498776,61.23701753551745,61.5235481262207,28035400
2013-03-21,60.82511520385742,61.111645723737304,60.681846528204254,60.959427879425654,30050800
2013-03-22,61.416072845458984,61.460846008211824,61.00418570754977,61.07582003538411,28837200
2013-03-25,61.19223403930664,61.74738995395256,60.896754327546596,61.61307726782872,24909800
2013-03-26,61.5235481262207,61.54146013081799,61.29073988645301,61.425052595220066,19725200
2013-03-27,61.60413360595703,61.648899951049145,61.01316046674918,61.102699988361024,22539500
2013-03-28,61.756343841552734,61.83692735161342,61.460857308476704,61.604125990486935,23662800
2013-04-01,61.33549499511719,61.863782840808106,61.165365158709406,61.80110450604094,28112800
2013-04-02,61.81901931762695,62.02495949919076,61.57725513579377,61.630984304771395,29431900
2013-04-03,61.254920959472656,61.94438274846853,61.10269626743208,61.854843232309314,35131200
2013-04-04,61.27281951904297,61.42503736323267,60.9415158304303,61.22804635008062,32287400
2013-04-05,60.7624397277832,60.85197923857016,60.162517490941156,60.30577934191493,55610800
2013-04-08,61.084774017333984,61.10267918298863,60.61020856609521,60.78928754834277,17891600
2013-04-09,61.49668884277344,61.74740226342377,60.968393993750226,61.24597542212311,30931400
2013-04-10,62.69651412963867,62.83082680084137,61.675748758780145,61.711565926529275,55271300
2013-04-11,62.66964340209961,62.81291205124205,62.47265242524135,62.54428674981257,37233600
2013-04-12,62.62490463256836,62.669670981557104,62.150338978432856,62.51745309842462,32783700
2013-04-15,61.38923645019531,62.49059248289933,61.317608924885626,62.39209695024173,48795800
2013-04-16,62.20404052734375,62.27567485948342,61.613067534330305,61.738424199861775,27682600
2013-04-17,60.986289978027344,61.6847077039182,60.62812511486044,61.666802534901805,60204800
2013-04-18,60.14460372924805,61.18328115196533,59.884934373568726,61.14746398241371,56798200
2013-04-19,60.96839141845703,61.09375495491522,60.17147800872495,60.26102436782766,43062800
2013-04-22,61.59516525268555,61.81901742753987,60.95942589587043,61.18327807072475,34412100
2013-04-23,62.18613052368164,62.409982695230426,61.62202551069212,61.944373184236454,53078300
2013-04-24,62.159297943115234,62.38315021761343,61.89067931257497,62.03394121591059,44500700
2013-04-25,62.49058532714844,62.72339354417392,62.31149945581057,62.32045545723433,26437100
2013-04-26,62.293582916259766,62.472661923489525,62.0249575739889,62.33835608378032,24079800
2013-04-29,62.866615295410156,63.10837935959276,62.46368429700332,62.49054545270736,31664000
2013-04-30,63.32331466674805,63.33227066800553,62.71443637835903,62.947244591062066,30135800
2013-05-01,63.02782440185547,63.439711626923696,62.902467717331525,63.34121611316532,28537200
2013-05-02,63.82477569580078,63.959088461053376,63.08158431530997,63.13531352026961,31744200
2013-05-03,64.5768814086914,64.7738655949861,64.3888463912556,64.44256873011537,34061700
2013-05-06,64.82759857177734,64.92609408642139,64.63956354330061,64.69328588531481,19244300
2013-05-07,64.7917709350586,64.97980593316468,64.5500067721894,64.93503276776642,25838100
2013-05-08,65.10520935058594,65.15893172250114,64.64854869501427,64.75600027027549,24252100
2013-05-09,65.0156478881836,65.45439638438262,64.89029117498387,64.97983070849389,29337200
2013-05-10,65.40958404541016,65.43644520343487,65.03350733879311,65.14991479879846,20663700
2013-05-13,65.49019622802734,65.65137007825211,65.23948286799475,65.3021612080029,29730100
2013-05-14,65.83042907714844,66.02742003767167,65.48122031310255,65.50808830615769,36009800
2013-05-15,65.96476745605469,66.02744580145773,65.54392420916544,65.70509807326287,27214400
2013-05-16,65.89313507080078,66.349795504574,65.85732472787082,66.01849859676562,27253400
2013-05-17,66.52886962890625,66.55573079707442,66.01848693943234,66.23338311620391,31114500
2013-05-20,66.43036651611328,66.64526266827187,66.16174120234592,66.40350535102165,25132400
2013-05-21,66.50199127197266,66.74375541068518,66.16173847579141,66.39454661603396,25900000
2013-05-22,65.91999053955078,67.11087891119195,65.57973086357372,66.58259106059246,59843200
2013-05-23,65.76776885986328,65.99162104363603,65.21261981621983,65.33797649261844,48222100
2013-05-24,65.73193359375,65.74983875583375,65.14991677038125,65.32899571691445,26430300
2013-05-28,66.16175842285156,66.74377553321725,65.95581821593015,66.50201132161541,27057100
2013-05-29,65.84835815429688,66.08116633452863,65.47228813106383,65.90208049149405,32090300
2013-05-30,66.19756317138672,66.5109548392466,65.85731033648543,65.87521550403771,32390500
2013-05-31,65.58869171142578,66.44828330179749,65.51705737103812,65.94685658193734,38347600
2013-06-03,65.70511627197266,65.72302827929316,64.85448037283646,65.59767155376633,47613100
2013-06-04,65.3648681640625,66.09910339620986,65.09624268561092,65.8394339220879,35251900
2013-06-05,64.51419830322266,65.40065098605064,64.4604691369058,65.1499376479923,48654200
2013-06-06,64.82759857177734,64.83655457258871,63.99486811342209,64.60374637148213,62524100
2013-06-07,65.71406555175781,65.78569991085185,64.93505726732438,65.09623115957169,31969800
2013-06-10,65.74089813232422,66.04534061033199,65.59763630788125,65.83939362537743,25390000
2013-06-11,65.08727264404297,65.66928294169766,64.86342042758271,65.08727264404297,40278900
2013-06-12,64.33513641357422,65.49021486363124,64.23664087533015,65.46335368618807,42081900
2013-06-13,65.14995574951172,65.29321762616688,64.06651176248785,64.2455908161638,28221500
2013-06-14,64.72014617919922,65.22157291500824,64.62165066589003,65.14994540376902,27690700
2013-06-17,65.3469467163086,65.72301682736058,65.00668695079946,65.23053918329632,32441900
2013-06-18,65.88416290283203,66.00951955361158,65.41854663014358,65.43645862678358,24853100
2013-06-19,65.14995574951172,65.97373032670588,65.07832139547014,65.9020959726643,43145100
2013-06-20,63.60089874267578,64.61271526197206,63.386002500322,64.3978121881899,60908400
2013-06-21,63.26315689086914,63.74820818282134,62.73319077718373,63.5775400838827,51558900
2013-06-24,62.63438034057617,63.119424700776065,62.1133986463899,62.74216493038126,41492300
2013-06-25,63.09247970581055,63.343986224001256,62.70623559486376,63.23620163222732,28897400
2013-06-26,63.65837478637695,63.775143709173136,63.4068614208307,63.63142178600385,23742300
2013-06-27,63.9278564453125,64.33206929874835,63.89192595702666,63.99073308655276,23545000
2013-06-28,64.01763916015625,64.3949056244435,63.58648727673601,63.73020228686421,28301100
2013-07-01,64.41285705566406,64.94282277442312,64.34998046391651,64.4487875156676,24942800
2013-07-02,64.43983459472656,64.83506299436127,64.08952100524593,64.38594230497196,23067900
2013-07-03,64.70034790039062,65.00575363888392,64.15241992068697,64.20631908220946,18847500
2013-07-05,65.19435119628906,65.22129733714881,64.54761640350772,65.06859797025234,28795900
2013-07-08,65.2572250366211,65.56262375743808,65.01469607311438,65.53567761772324,20558500
2013-07-09,65.65248107910156,65.79620303731127,65.25725940010516,65.56265828174057,26108600
2013-07-10,66.02973937988281,66.1285465003027,65.55367244679017,65.58959607872532,25598900
2013-07-11,67.34115600585938,67.39504829460749,66.6944211287311,66.73933593804635,47768900
2013-07-12,67.63758087158203,67.68248883023087,67.20642197971704,67.38606752038855,31412600
2013-07-15,67.790283203125,67.83519116371924,67.52080802740598,67.70943790919394,19783600
2013-07-16,67.70045471191406,67.89806205731082,67.52978665816823,67.84416976793332,31747100
2013-07-17,67.8711166381836,68.03280036108235,67.68248677030803,67.90704711583197,24631500
2013-07-18,67.70045471191406,68.0327996337924,67.59266328012126,67.86213843308437,36278800
2013-07-19,66.99982452392578,67.13456210812784,66.80221716720607,67.11660029498539,37732400
2013-07-22,67.19744110107422,67.35014735683683,66.99084940398588,67.25134024847685,21135900
2013-07-23,66.70339965820312,67.33216581568942,66.64950052110635,67.32318148400043,24739500
2013-07-24,66.9189682006836,67.38605060097652,66.76626884414902,67.3591044619453,24426900
2013-07-25,67.34115600585938,67.42199443898154,66.88305099238723,67.23336457532542,23162200
2013-07-26,67.70045471191406,67.70943219145177,66.96389706059107,67.07168163934607,20885600
2013-07-29,67.57471466064453,67.85316734750778,67.39506223924957,67.56573032631499,20958400
2013-07-30,67.93396759033203,68.22140444986626,67.68246119486899,67.81719872187713,24104600
2013-07-31,68.05976867675781,68.45499720659909,67.93401539054288,68.06875301235605,25007600
2013-08-01,68.75138092041016,68.85018799871297,68.45495968550172,68.52682062481946,16880000
2013-08-02,69.13764190673828,69.1556037194671,68.6076759152249,68.76038216209096,18105300
2013-08-05,69.1825180053711,69.23641712481215,68.96694208671153,69.10167960576183,15462800
2013-08-06,68.76935577392578,69.1555998297318,68.49090314754389,69.09272320916047,23675400
2013-08-07,68.64360046386719,68.77833803332693,68.14957184656473,68.57173951308366,20281200
2013-08-08,68.98497772216797,69.14666153140124,68.53585679130241,69.02090136596065,19994000
2013-08-09,68.70649719238281,69.1107100190719,68.50888294640674,68.86818095245056,18558500
2013-08-12,68.86819458007812,68.99394787912158,68.43704236994078,68.44601985341474,20515900
2013-08-13,69.25439453125,69.40709388915829,68.46394474939844,68.957973293167,23917000
2013-08-14,68.99394989013672,69.32630182046219,68.89514274471674,69.22749467504222,29921000
2013-08-15,67.82620239257812,68.25735437830978,67.62858821035226,68.2214239039926,39406600
2013-08-16,67.79927062988281,68.14958426247799,67.68249485032528,67.83519425878191,23825000
2013-08-19,67.68248748779297,68.38311467676877,67.66452567529731,67.80824073437643,29586900
2013-08-20,67.97891235351562,68.29329548644638,67.75435199384532,67.80824428719393,18842800
2013-08-21,67.745361328125,68.34718139105722,67.4938548452899,67.76332999292048,30705100
2013-08-22,68.41006469726562,68.45497265306895,68.00585197680971,68.04178245327498,17269500
2013-08-23,68.86819458007812,68.95801738610334,68.62567231850598,68.89514073658161,20697300
2013-08-26,68.90411376953125,69.41611121822781,68.76039867407522,68.92208243961306,27525500
2013-08-27,67.49386596679688,68.42803795199946,67.33218222218414,68.08670864805649,40068900
2013-08-28,67.75434112548828,68.04177806563747,67.41301190063525,67.41301190063525,20490400
2013-08-29,68.23041534423828,68.5717446062561,67.6375795888349,67.73638669024179,27287900
2013-08-30,67.790283203125,68.30228055456043,67.5477541743702,68.30228055456043,26228500
2013-09-03,68.17656707763672,68.6616185651111,67.85319941932046,68.34722839232856,27241500
2013-09-04,68.90411376953125,69.02088271290425,68.20348640321382,68.4100849909165,27142900
2013-09-05,69.0208740234375,69.21848825122039,68.92207376258489,68.94901991127549,17809700
2013-09-06,69.10169982910156,69.4699751790482,68.31124999399307,69.25439919729804,27715100
2013-09-09,69.91015625,70.02692520907375,69.37121257675405,69.39815873246026,25161900
2013-09-10,70.25148010253906,70.3502872343616,69.99098919619237,70.31435674524067,27619400
2013-09-11,70.11671447753906,70.16162928426162,69.69453996528138,69.7843695787265,28132900
2013-09-12,70.07180786132812,70.28738386102903,69.92808595950254,70.13468448011746,18332700
2013-09-13,70.11671447753906,70.18857542708024,69.73945477200394,70.14366062035766,16932500
2013-09-16,69.9280776977539,70.7095500272681,69.7663940038212,70.7095500272681,25704300
2013-09-17,70.39518737792969,70.4850101554792,70.0448737483595,70.0807973769484,27174300
2013-09-18,71.23954772949219,71.3832696923546,70.35927469260123,70.50298980242327,31714700
2013-09-19,71.41020965576172,71.58087775860356,71.28445637568029,71.4641019606424,26435700
2013-09-20,71.16515350341797,71.66067259019144,71.1291151267783,71.57958452434781,26328900
2013-09-23,71.02102661132812,71.5435729074228,70.68767668996716,71.46248481904011,30319400
2013-09-24,71.02102661132812,71.39941936079553,70.78678053486854,71.17418459940501,21871300
2013-09-25,70.77771759033203,71.17413268076888,70.63357102247326,71.07502890815967,22746400
2013-09-26,71.32728576660156,71.49846624845046,71.03898577663257,71.06601282668998,22421700
2013-09-27,71.2372055053711,71.36333634297706,70.80475200956838,70.91286710192284,25151600
2013-09-30,71.06603240966797,71.2552286858188,70.27320893718604,70.49844358121548,28031900
2013-10-01,71.78678131103516,71.82281967654977,71.03900069224152,71.07503905775613,33129700
2013-10-02,71.75979614257812,71.85889998718788,71.2282385329786,71.30031530608012,25503800
2013-10-03,70.92191314697266,71.8228520703364,70.54352044882832,71.669694103033,42998200
2013-10-04,71.53451538085938,71.63361916173943,70.85881153319436,70.92187695069849,22852700
2013-10-07,70.93993377685547,71.48950710776982,70.87686832283016,70.90389539260973,20227100
2013-10-08,69.57046508789062,71.00295385979493,69.54343803538143,70.9398884460686,43660700
2013-10-09,69.3542709350586,69.7687019527668,68.78667509941808,69.73266357640729,64526700
2013-10-10,70.82276153564453,70.98493070738894,70.08399239183423,70.10200813375522,48062700
2013-10-11,71.38137817382812,71.43543229774622,70.63359738274856,70.64260869460723,25214100
2013-10-14,71.88590240478516,71.88590240478516,70.885859860238,70.9399139847161,31471900
2013-10-15,71.60658264160156,72.17417132410657,71.5164833082649,71.83181722771509,38684000
2013-10-16,72.4174575805664,72.45349595705767,71.88590699295965,71.9399611208878,46735900
2013-10-17,72.83187103271484,72.85890496377581,72.03003625163522,72.09310167687916,32193500
2013-10-18,74.01212310791016,74.03915017188054,73.29136932515154,73.49858827162032,39628200
2013-10-21,74.17430877685547,74.36350514012649,73.94006271458797,74.18331321775956,31176900
2013-10-22,74.28238677978516,74.68781328464807,73.8139017198197,74.4625786287074,43944800
2013-10-23,73.8319091796875,74.0571438103438,73.47153926952979,73.92200853084238,38021300
2013-10-24,74.1562728881836,74.30943771321337,73.76886891638881,73.87698405047729,23155100
2013-10-25,74.68782043457031,75.03017466987212,74.32744357584285,74.84998967731683,35824500
2013-10-28,74.70584106445312,74.8229675035204,74.37249811908889,74.69683662576897,28618400
2013-10-29,74.83197021484375,75.01216208862733,74.50763171565045,74.95810108968368,36878100
2013-10-30,74.75985717773438,75.21933072497542,74.39948051184112,75.09319992295475,33535500
2013-10-31,74.58873748779297,75.04821828301993,74.3094486091348,74.57071485932669,31309900
2013-11-01,74.60673522949219,74.93107372738854,74.23735391854292,74.84098122766558,30867800
2013-11-04,74.71485900878906,74.84098989773645,74.4535859177929,74.8319785846351,16834000
2013-11-05,74.79590606689453,74.97609787858758,74.2103015813328,74.42652488174967,27975600
2013-11-06,74.77790069580078,75.13827749556393,74.5346503082897,75.11125043846445,25576800
2013-11-07,73.37244415283203,74.89502576193892,73.30937872374022,74.78691752556225,52173200
2013-11-08,74.36347198486328,74.38148773225807,73.43550633767272,73.64271836398459,31470500
2013-11-11,74.2463607788086,74.4535728283853,74.00310348316341,74.255365216709,24822900
2013-11-12,74.36347198486328,74.47158709007986,73.98507942702913,74.02111779543466,20108500
2013-11-13,75.26441955566406,75.27343086724477,73.87697313775513,73.87697313775513,31345900
2013-11-14,75.4986801147461,75.55273424743076,74.90405716074238,75.06622643241447,31101200
2013-11-15,75.642822265625,75.642822265625,75.32749505433543,75.51669138110917,20511300
2013-11-18,74.90403747558594,75.77794905028288,74.75989086843657,75.6247911321816,31679600
2013-11-19,74.68782043457031,75.21937097414025,74.56168956505823,74.85899411541278,25545300
2013-11-20,74.50765991210938,75.16534847148317,74.29143645535926,74.88605955344678,32177400
2013-11-21,75.26441955566406,75.32748498949552,74.75989608501236,74.82296151884383,28125000
2013-11-22,75.66983795166016,75.6968650123326,75.33649503854453,75.39054915988942,25361300
2013-11-25,75.85001373291016,76.02118737208781,75.66081747469369,75.94010620725868,21695100
2013-11-26,76.24642944335938,76.43562572005862,75.70586767084497,75.86803688996088,26621000
2013-11-27,76.77796936035156,76.7959851034479,76.33651148154088,76.39957689279956,21638100
2013-11-29,77.23747253417969,77.33656946072767,77.00322656346253,77.08430774162444,16708900
2013-12-02,77.01222229003906,77.44466889995732,76.89509589157439,77.32754937510757,26354600
2013-12-03,76.94916534423828,77.1563773628314,76.6518539711796,76.95816978079229,37147000
2013-12-04,77.02122497558594,77.27348663790906,76.38155951080525,76.62481673777023,37193200
2013-12-05,76.92215728759766,77.17442594189342,76.73296095208934,77.08432655712166,39829300
2013-12-06,77.48075866699219,77.64292797170509,77.11137035540521,77.57085119769502,36842900
2013-12-09,77.79603576660156,77.95820496668152,77.66089362093241,77.79603576660156,22590000
2013-12-10,77.74198913574219,77.88613573100362,77.588831230272,77.6699124013036,26965900
2013-12-11,76.7419662475586,77.8411126688517,76.63385111848113,77.73299753977423,36830600
2013-12-12,76.54373931884766,76.95817023207984,76.48968520474389,76.76897395910095,33662600
2013-12-13,76.44464111328125,76.94016010749384,76.31851025541191,76.90412173758598,34072000
2013-12-16,76.8680648803711,77.30952277674008,76.76896110536373,76.823015210417,24902500
2013-12-17,76.71492767333984,77.05728188695859,76.5707741895321,76.86808559467325,24454900
2013-12-18,77.60685729980469,77.67893404383042,75.72389875904477,76.80502242496419,68387200
2013-12-19,77.39063262939453,77.48973643234571,77.04827153788443,77.4807251210911,44964100
2013-12-20,78.17875671386719,78.34144110770255,77.48283324301421,77.53705907580874,40475400
2013-12-23,79.00118255615234,79.00118255615234,78.58542837634752,78.8204183702701,28181800
2013-12-24,79.03732299804688,79.09155569776206,78.8746386897976,79.01925002844058,13852500
2013-12-26,79.29946899414062,79.3627347653335,79.02833292993627,79.18197738919726,15241100
2013-12-27,79.10061645507812,79.44406505699017,79.00120474423316,79.39887227396473,15827400
2013-12-30,78.9831314086914,79.09158995965709,78.75718126576794,78.9831314086914,18983700
2013-12-31,79.49830627441406,79.49830627441406,79.10063177222573,79.12775158456286,24890500
2014-01-02,78.87462615966797,79.15480885991649,78.64867615051917,79.12769596209016,29177500
2014-01-03,78.30525970458984,78.94695710869088,78.28718673206485,78.87465142769236,35723700
2014-01-06,78.01605987548828,78.41373430708549,77.7268439876314,78.32335563502723,32073100
2014-01-07,78.7391128540039,78.85660445277443,78.23297981560054,78.37759122527338,25860600
2014-01-08,78.91081237792969,79.12772944321802,78.58544367544715,78.7571679616046,27197400
2014-01-09,78.64873504638672,79.20909397105979,78.37759896963696,79.20005403319912,23674700
2014-01-10,78.90178680419922,78.99216547556273,78.25104933766099,78.8385210446997,38008900
2014-01-13,77.73587799072266,79.06446574447945,77.43762218978743,78.7933228535474,48842300
2014-01-14,79.2181167602539,79.28138252067868,77.99798744037575,77.99798744037575,37178900
2014-01-15,79.86885833740234,80.02250277840172,79.48022381899443,79.56156255995253,39835600
2014-01-16,79.87786865234375,79.9953671053442,79.67903837697592,79.80556986832323,31630100
2014-01-17,79.42597961425781,79.86884679140044,79.23618235067529,79.63385674796253,36895800
2014-01-21,80.03156280517578,80.06770876881909,79.36274525507679,79.93214416652467,26412700
2014-01-22,80.23941802978516,80.43825526967908,80.00442793759674,80.23941802978516,29376900
2014-01-23,79.96826934814453,80.00441529927751,79.40791056927728,79.99538225921948,35011900
2014-01-24,78.39562225341797,79.69709666223434,78.3685093524756,79.57960512633481,63974600
2014-01-27,77.63646697998047,78.53122757480583,77.04899525583117,78.39565611608663,63519300
2014-01-28,77.59125518798828,77.67260080147317,77.10320219342638,77.27492645876737,44378800
2014-01-29,76.759765625,77.49184171744162,76.60612121715786,76.92244996725921,51939300
2014-01-30,78.17875671386719,78.4498996687434,77.61839782500053,77.6997434696441,65833600
2014-01-31,77.97088623046875,78.3414478409516,77.2297699049554,77.31111555659042,45187000
2014-02-03,76.18134307861328,78.1787413065046,75.98250587028421,77.82625967190323,65596900
2014-02-04,76.74169158935547,77.04898040078625,76.3349772916124,76.5699673150562,37675500
2014-02-05,76.54287719726562,76.81401324770536,75.68426246557759,76.48864447081644,41721800
2014-02-06,77.51899719238281,77.61841583921439,76.75076783587333,76.76884771463547,32308600
2014-02-07,78.90178680419922,78.9560126279272,77.72684339012179,77.95279351625585,38359400
2014-02-10,79.35370635986328,79.38985232084097,78.82046034683637,78.8746861837552,30205400
2014-02-11,80.25750732421875,80.41115179291634,79.43504535274516,79.5254240463642,38635500
2014-02-12,80.4111328125,80.59189015707172,80.1671028123324,80.4201727483638,32507200
2014-02-13,81.00761413574219,81.07087987758871,79.8055650406581,79.82363801170766,40454500
2014-02-14,81.17030334472656,81.35106754335061,80.73648305892709,80.98050610775816,33212400
2014-02-18,81.5680160522461,81.72166052175727,81.1070757482602,81.30591301254636,29546600
2014-02-19,81.00761413574219,81.60412561210836,80.84492981450128,81.41432838656877,41749900
2014-02-20,81.3872299194336,81.54087433468011,80.71841264933121,81.06186121923511,41814800
2014-02-21,81.27875518798828,81.76680814101279,81.17933661077318,81.64930969769574,31192200
2014-02-24,81.71259307861328,82.08314763704777,81.3781844662387,81.46856312228739,31500400
2014-02-25,81.62223815917969,81.99279975213196,81.36013513145903,81.83011535201058,26771700
2014-02-26,81.5499038696289,82.1012157072381,81.22453521092407,81.8391196889833,42953700
2014-02-27,82.07903289794922,82.16070928206038,81.4346715905764,81.56172835968796,28742400
2014-02-28,81.98828125,82.55096623586621,81.26224347773673,82.06088710444894,48609800
2014-03-03,81.38021850585938,81.59803605771768,80.65418077189008,81.21685880400315,38885700
2014-03-04,82.4148178100586,82.5691069552355,82.18792974699902,82.26961305021904,33189000
2014-03-05,82.6417236328125,82.78693534793221,82.37853259221477,82.55096977290052,27203300
2014-03-06,82.569091796875,82.89580417755339,82.2695979468408,82.83227580852247,24063900
2014-03-07,82.16069030761719,82.9139602105837,81.74321717350965,82.8322769212621,31167800
2014-03-10,82.23332214355469,82.27870253242637,81.70694009857408,82.1153428261936,18131700
2014-03-11,81.87935638427734,82.64169686954716,81.63431342538816,82.43296375175476,27484300
2014-03-12,82.18793487548828,82.23331526056158,81.20778364420629,81.5072706438364,27977200
2014-03-13,81.02630615234375,82.52376953289547,80.65421313574188,82.49654405900725,48542000
2014-03-14,80.47264862060547,81.11700982535996,80.43634570320154,80.76306503576346,38732300
2014-03-17,81.1805419921875,81.59802209979881,80.94458340414926,80.98995685996869,28467200
2014-03-18,82.16069030761719,82.26052159230302,81.25313820979913,81.28036366488199,31250200
2014-03-19,81.71600341796875,82.27868829184364,81.18054400307469,82.1879275298089,40869400
2014-03-20,81.94290161132812,82.18793769654069,81.29854028080265,81.46189997896931,31634500
2014-03-21,80.95687103271484,82.45775823197734,80.80223597834289,82.41227406779306,62754000
2014-03-24,80.24737548828125,81.3116384794942,79.51057910050461,81.24796480326549,77735300
2014-03-25,80.5111312866211,81.18425368774892,79.83800194558626,80.66576629473437,41723300
2014-03-26,79.47415161132812,81.09328733762696,79.46505339379088,80.91135768641516,40930400
2014-03-27,79.0284423828125,79.7197612931793,78.59182502672338,79.36500708889149,64784500
2014-03-28,79.18306732177734,80.05630878610498,78.96475175076574,79.2831268901811,39895100
2014-03-31,79.7470703125,80.28375434177389,79.7015930848762,79.80165270152202,33924300
2014-04-01,81.14788055419922,81.2024559915748,79.78343910054512,80.13819332330253,38683800
2014-04-02,81.35710144042969,81.57541013916855,80.99324898259265,81.49354003969873,34631600
2014-04-03,80.71125793457031,81.57540135647675,80.24734592727675,81.4389558319895,30319100
2014-04-04,78.56453704833984,81.3298057407087,78.35531965014117,81.24793564927174,131213200
2014-04-07,77.81864166259766,78.80103416731596,77.27285956675594,78.07333627270638,83995800
2014-04-08,78.5372543334961,78.6464121587078,77.63672483020304,77.90961592327791,51495700
2014-04-09,79.88349914550781,79.92898330351565,78.61911727986109,78.82833469082574,45685200
2014-04-10,77.40928649902344,79.93804943477095,77.19097787706336,79.93804943477095,73659600
2014-04-11,76.50875854492188,77.71856461100272,76.3268358471244,76.71796895339837,93657400
2014-04-14,77.10914611816406,77.51848279511285,76.39963753934413,77.18191800827621,46500700
2014-04-15,77.36382293701172,77.80953847624704,75.75377834889936,77.3911106520802,84631500
2014-04-16,78.39171600341797,78.39171600341797,77.40021819483783,78.03696175316774,46970900
2014-04-17,78.4098892211914,78.8010293312561,77.89140181388771,78.09152097809391,53719500
2014-04-21,78.9920425415039,78.9920425415039,78.22795883289587,78.59181119219296,25947900
2014-04-22,79.61972045898438,79.81983968596147,79.12852061274319,79.2649661711284,38593400
2014-04-23,78.9193115234375,79.64700961472704,78.87382735652149,79.61972189054124,34376700
2014-04-24,79.6742935180664,80.23826523719542,78.81924812830786,80.22007573524702,48926300
2014-04-25,78.40079498291016,79.29222602992921,78.20977404426321,79.20126466960785,44334000
2014-04-28,78.65548706054688,79.23764807593493,77.41839316787059,78.77373613120464,58623800
2014-04-29,79.28314208984375,79.42867889184663,78.5099531057827,78.89200195834387,36742700
2014-04-30,79.49235534667969,79.57422543936778,78.71917327526553,78.9192924574944,38689400
2014-05-01,79.72886657714844,80.18368041165596,79.41958956093099,79.61970875849963,37127200
2014-05-02,79.58331298828125,80.14728457177199,79.3922920341733,80.00174083155213,40074200
2014-05-05,80.00173950195312,80.01993593913195,78.91928744666468,79.11030839759793,27924400
2014-05-06,78.96478271484375,79.91989462780072,78.92839677207397,79.87441046436125,33698500
2014-05-07,78.73734283447266,79.21035295266763,77.80042775485185,79.12848288071208,67489100
2014-05-08,78.66460418701172,79.61970907938172,78.27346401016256,78.4553867687354,46556900
2014-05-09,78.9556884765625,79.0102639187184,78.09153798294481,78.61912372348083,35081500
2014-05-12,80.25643920898438,80.2837269242216,79.35590296671256,79.42867483394998,38951100
2014-05-13,80.31101989746094,80.60210044556058,80.15638487438781,80.32920939550755,30311900
2014-05-14,79.89262390136719,80.36562737817901,79.70160286612143,80.06544849140262,26483600
2014-05-15,79.26496124267578,80.01085571690696,78.7555719256132,79.8744101670055,59680300
2014-05-16,79.78345489501953,79.8289390617756,78.81015340966123,79.35592871118664,66804100
2014-05-19,80.33831787109375,80.46566519340125,79.41050067429501,79.54693927683265,32017000
2014-05-20,80.04720306396484,80.59297806051076,79.71973667805618,80.30189759969257,33716000
2014-05-21,80.81130981445312,80.85679396881869,80.14728557612449,80.19276973049006,36837700
2014-05-22,81.16607666015625,81.39348356816532,80.77493650078434,80.90228381407677,30617100
2014-05-23,81.75730895996094,81.77550539447458,81.0659971263828,81.24791983208097,22687300
2014-05-27,82.77613067626953,82.79432017890197,82.04842565260229,82.12119754295091,29725200
2014-05-28,82.52141571044922,82.86707169475467,82.45774205702696,82.7488226069441,30468100
2014-05-29,83.04898071289062,83.05807198975491,82.64874245387045,82.81247565620544,33036100
2014-05-30,83.05809020996094,83.18543751305661,82.62147286789221,83.06718842872706,29906400
2014-06-02,82.97623443603516,83.17635362723216,82.44864873922636,83.15815718808253,30409900
2014-06-03,82.93982696533203,83.07627246389852,82.59417105021576,82.70332189714388,21774500
2014-06-04,83.24910736083984,83.38555287646726,82.60327265610442,82.73061995338142,20118300
2014-06-05,83.94953155517578,84.10416658071077,83.03990396039426,83.32188629400603,35583100
2014-06-06,84.43162536621094,84.43162536621094,84.09506068848421,84.25879391820166,22680600
2014-06-09,84.36796569824219,84.57718311418024,84.14055878261351,84.44982885671253,23399500
2014-06-10,84.51350402832031,84.5589812445807,84.19512881495814,84.29518840660204,20626000
2014-06-11,84.49531555175781,84.61356465306675,84.1405613079225,84.2224244688498,22878200
2014-06-12,83.73120880126953,84.40433116508892,83.44012829746332,84.31336980888196,35275900
2014-06-13,83.9768295288086,84.1860469547197,83.61297705847676,84.09507863220526,39447100
2014-06-16,84.04961395263672,84.29521041631085,83.64937548155774,83.83130521382532,25212300
2014-06-17,84.0950698852539,84.32247678806954,83.84947348377253,83.98591901344348,19977900
2014-06-18,84.56806945800781,84.6863185341835,83.6675401796679,84.1769293569257,34514000
2014-06-19,84.51350402832031,84.7500022086533,84.13145516026728,84.69542677317766,38422200
2014-06-20,84.61294555664062,84.70415835494067,84.3940501495515,84.54910077296631,25897500
2014-06-23,84.63113403320312,84.65849507088451,84.37575507010364,84.60377299552172,20837900
2014-06-24,84.54906463623047,85.34256971579948,84.30280827832647,84.62203206026001,31945800
2014-06-25,85.08720397949219,85.23313189178629,84.34842783183878,84.35754354234878,32818600
2014-06-26,85.13277435302734,85.15101968493575,84.47608853398562,85.14189701898155,22563900
2014-06-27,85.50675201416016,85.52499039282463,84.99599390886725,85.02335495614261,22877800
2014-06-30,85.6527099609375,85.86248268562015,85.43380760662626,85.48853667448365,19751900
2014-07-01,86.59210968017578,86.82012765851326,85.91717145413621,85.95365516569699,31862500
2014-07-02,86.73802947998047,86.86571897925853,86.5647405644207,86.64682368886125,18777300
2014-07-03,87.28528594970703,87.28528594970703,86.78365053442094,87.02079119828831,15291700
2014-07-07,87.02079772949219,87.2944151696686,86.85662448196332,87.18496401846352,23266400
2014-07-08,85.97191619873047,86.92047199684193,85.61620864425839,86.85662722959201,40612400
2014-07-09,86.61036682128906,86.71069531017879,85.95367378803196,86.19993715478236,29919000
2014-07-10,86.33675384521484,86.69246143026895,85.39731367697217,85.49764217107034,44245300
2014-07-11,86.89311218261719,86.89311218261719,86.29114817157985,86.55564993471509,19566300
2014-07-14,87.41299438476562,87.61365137772046,87.13937690592053,87.28530483625954,19579000
2014-07-15,87.11198425292969,87.67746434587634,86.49177511722085,87.54977484369124,39467500
2014-07-16,87.4585952758789,87.8325481862376,87.36738945533422,87.74133540713486,22052600
2014-07-17,86.30023956298828,87.5315351489581,86.02661522897016,87.2214271065005,43111500
2014-07-18,87.66835021972656,87.71394963786935,86.6468272252539,86.74715568714657,36682200
2014-07-21,87.55894470214844,87.70487961676068,87.148514932281,87.4859772448423,29750700
2014-07-22,88.11526489257812,88.25207706630349,87.87812425535792,87.96933005165609,25770400
2014-07-23,88.68077850341797,88.78110003838052,88.26121918948083,88.42539245537327,28947500
2014-07-24,88.5804443359375,88.93615189616014,88.45275479937337,88.83582340906577,24707200
2014-07-25,88.23384094238281,88.3524147526486,87.76868924513946,88.12439675882294,29898900
2014-07-28,88.26119232177734,88.48921029063014,87.57713841521894,88.32503707471389,25603400
2014-07-29,88.10614776611328,88.65338953687291,88.03318034106356,88.45273955582114,27022200
2014-07-30,88.45277404785156,88.76287528740144,88.10618212299067,88.59870199629874,35348500
2014-07-31,86.66507720947266,87.86901195489415,86.53738768787925,87.72308405531183,50047900
2014-08-01,86.34583282470703,86.956919240758,85.77123011449491,86.48264498196384,60708000
2014-08-04,86.9386978149414,87.27616694082035,86.20903747303542,86.52826822171725,33230500
2014-08-05,86.27288055419922,86.83836765611298,85.87157363665207,86.59211129667625,50331100
2014-08-06,86.20904541015625,86.74717152753153,85.6618035826215,85.73477101524144,34431900
2014-08-07,85.93541717529297,86.7745216692913,85.63443177248166,86.61034844580846,33274700
2014-08-08,86.55563354492188,86.65596202085673,85.707406312918,86.0722365019032,40236900
2014-08-11,87.06637573242188,87.34000006382487,86.82923510910967,86.89307985862959,28277500
2014-08-12,87.0299072265625,87.25792522304285,86.58299390185701,86.97518513414546,28152300
2014-08-13,87.95108795166016,87.98757166034582,87.34000148792613,87.38560090486627,27996500
2014-08-14,88.40715026855469,88.42538864906508,87.95111421165686,88.06968108136941,25006600
2014-08-15,88.83580780029297,89.04558044840859,87.99670329071725,88.91789093427997,55205500
2014-08-18,89.51986694335938,89.60195008210731,89.17327513471602,89.30097161480786,38938300
2014-08-19,90.02153015136719,90.076259219318,89.6749451942882,89.72966730367983,21363400
2014-08-20,90.02153015136719,90.20394878027128,89.8664795357181,89.94856965836473,23435600
2014-08-21,90.20391845703125,90.24951788000904,89.93029408493716,90.0671062709842,19339500
2014-08-22,90.34073638916016,90.52314800978719,90.03975095242399,90.2404079102481,24692000
2014-08-25,90.65996551513672,90.91534458239686,90.44107016585056,90.76940971050095,24124700
2014-08-26,90.75118255615234,90.85151105335136,90.54140289149296,90.79678894890046,20100400
2014-08-27,90.76939392089844,90.87884505578101,90.57785965377128,90.77851658844443,15589100
2014-08-28,90.66908264160156,90.7785268302754,90.368097205634,90.45930301571461,23563900
2014-08-29,91.00655364990234,91.12512747719407,90.54139492731021,90.86974144225078,17906300
2014-09-02,91.2710189819336,91.29838002083626,90.89707318600522,91.22541261139237,18326800
2014-09-03,90.73291778564453,91.51729323602963,90.56874456148101,91.51729323602963,25950700
2014-09-04,90.65081787109375,91.40783915373447,90.42279991549515,90.94268057591772,24663500
2014-09-05,91.10686492919922,91.16158701850027,90.32248250928653,90.78764114401537,30798200
2014-09-08,91.28016662597656,91.50818462396798,90.86061434469921,91.13423176715466,25571300
2014-09-09,90.52313995361328,91.62674616487234,90.34984405845009,91.28927704233263,36449200
2014-09-10,91.2710189819336,91.30750268665554,90.38630827845317,90.64168725295161,31080100
2014-09-11,91.1980972290039,91.24370362237707,90.51404307975848,90.87887335106777,28691900
2014-09-12,90.73291778564453,91.14334736677505,90.45017075824504,91.11598632250723,30444400
2014-09-15,89.85731506347656,90.84235432564591,89.5836976852446,90.83323165880473,32972200
2014-09-16,90.6417465209961,90.8150424920998,89.42869559894922,89.51990144111339,38166900
2014-09-17,90.77850341796875,91.20717826920288,90.23126174006462,90.62345288496442,37196500
2014-09-18,91.46253967285156,91.47166233732034,90.96090446393517,91.06122593887514,30196700
2014-09-19,91.40591430664062,91.93616934280051,91.04021612731087,91.84474654174623,46918000
2014-09-22,90.5556411743164,91.1956075601328,90.16251697299762,91.18646319030385,48658000
2014-09-23,90.30879974365234,90.71106834922762,90.1259541820878,90.1899508261465,33989600
2014-09-24,91.27792358398438,91.32363847686027,90.08941309545813,90.40025204665145,35959000
2014-09-25,89.35798645019531,91.10419153602393,89.32141594328094,90.98533564477448,68642500
2014-09-26,90.30879974365234,90.47336353910487,89.49512513700131,89.65054456184228,56106200
2014-09-29,90.18993377685547,90.43677593581626,89.36711495513661,89.41282982444145,33342700
2014-09-30,90.31794738769531,90.78421265422833,89.88825262982286,90.43679630950865,41834300
2014-10-01,88.87346649169922,90.15340672285184,88.5900536957352,90.06198391529375,58164900
2014-10-02,88.87346649169922,89.14774188948661,87.73980833273002,88.83689597365336,54501300
2014-10-03,89.75111389160156,90.11681199871765,89.08372129809263,89.39456015531898,41627800
2014-10-06,89.55911254882812,90.25393816634697,89.28484423475436,90.03452212006589,36038700
2014-10-07,88.288330078125,89.39456181574275,88.27918570712166,89.13857522854015,45154000
2014-10-08,90.007080078125,90.29049970884947,87.82204327651039,88.33402330050089,64931600
2014-10-09,88.55345153808594,90.11680400662637,88.41631388819069,89.88824358183781,62497100
2014-10-10,86.34097290039062,88.52600961363738,86.32268416360758,88.03231834713556,77579400
2014-10-13,84.9879150390625,86.8438247366036,84.91477402262954,86.18556953892944,80835900
2014-10-14,84.9970703125,86.09415779927325,84.75936546615802,85.51818791498411,71814500
2014-10-15,84.44851684570312,84.8050705866064,82.50117736449609,83.71712062199258,108847800
2014-10-16,83.91828155517578,84.64053363706736,82.63834124517948,82.66576739162502,93165800
2014-10-17,85.02449035644531,85.83816502872924,84.53079893026546,85.02449035644531,69546700
2014-10-20,86.2952880859375,86.36842910832237,84.84164688537506,85.01534809464938,41479300
2014-10-21,88.56259155273438,88.56259155273438,87.14551419869082,87.3649302426663,53609800
2014-10-22,88.1054916381836,88.9557368574002,88.05063238283573,88.83688095007311,39178000
2014-10-23,89.4311294555664,89.92482084723798,88.83687091141853,88.99229033793242,48123800
2014-10-24,90.16250610351562,90.2265027343822,89.26654629627406,89.62309995040346,43157600
2014-10-27,90.22651672363281,90.39108051067744,89.61396947595459,89.98881192565486,29545700
2014-10-28,91.5887451171875,91.60702688440081,90.58308051777976,90.64707716569357,34495100
2014-10-29,91.25049591064453,91.53391568652617,90.60138489833137,91.28706642931033,40552800
2014-10-30,91.44246673583984,91.66188980184326,90.6379364191626,90.83907074210985,35935800
2014-10-31,92.70413208007812,93.0241153570455,92.40243057246076,92.96011870165202,54254100
2014-11-03,92.9783706665039,93.22521981183071,92.73152849628715,92.86866613534538,33481000
2014-11-04,92.66756439208984,92.90526925156236,92.0367352160373,92.68584616199733,22773300
2014-11-05,92.67670440673828,93.2801004368878,92.3567141599474,93.2801004368878,25818600
2014-11-06,92.96925354003906,92.99667967880772,92.26528342778951,92.66755206336069,24671900
2014-11-07,92.88692474365234,93.17034432041685,92.40237791819825,93.13377382744373,20931700
2014-11-10,93.21611022949219,93.33495917430339,92.68584821397268,92.9326974514202,20360000
2014-11-11,93.50865173339844,93.50865173339844,92.97838980660808,93.23438337393245,15454000
2014-11-12,93.67321014404297,93.77377729592182,93.13381085224833,93.13381085224833,22050300
2014-11-13,94.07549285888672,94.42290226967597,93.63665367805258,93.8469323839988,28027800
2014-11-14,94.3680419921875,94.3680419921875,93.73721290290943,94.04805874947817,19251300
2014-11-17,94.08462524414062,94.3588935939959,93.63664174835453,94.14862188995131,23361600
2014-11-18,94.78856658935547,94.916559851596,94.15773767180589,94.16688204056868,26336800
2014-11-19,94.35887908935547,94.68800663867805,93.92004700699884,94.68800663867805,23760200
2014-11-20,94.77943420410156,94.86171958315124,93.88348125513727,93.95661528915744,22874000
2014-11-21,94.96228790283203,95.7119658179286,94.66058646776484,95.62053606782779,34049100
2014-11-24,95.70280456542969,95.74851943241576,95.13597230030564,95.21825766585869,17928300
2014-11-25,95.8490982055664,96.13251788074419,95.60225601117106,95.8490982055664,17526000
2014-11-26,96.47079467773438,96.52565393052224,95.83997255912261,95.94053971827016,18973800
2014-11-28,96.91875457763672,97.13817060998379,96.66276804404681,96.7267646774443,17360400
2014-12-01,95.8216781616211,96.83648708941301,95.46512442754407,96.65364152454164,35969500
2014-12-02,96.20567321777344,96.37937442669075,95.72111917680343,95.92225350039253,26031300
2014-12-03,96.37935638427734,96.51649403151671,95.77596050157877,96.35193024985156,32974300
2014-12-04,96.33366394042969,96.70849946290235,95.93139530401956,96.28794905897887,31008800
2014-12-05,96.34278106689453,96.63533811133803,96.13250939672804,96.48906307667134,25622200
2014-12-08,95.65711975097656,96.51650929952088,95.15429093170337,96.0959588965407,32685800
2014-12-09,95.95881652832031,96.03195754485108,94.20347398224945,94.54174595237079,46035100
2014-12-10,94.4503173828125,96.02281438245764,94.27661618525495,95.78510956329676,39330100
2014-12-11,94.89827728271484,96.03193487082974,94.706280415876,94.72456915324616,47576000
2014-12-12,93.86518859863281,95.07198729849185,93.85605120420566,93.99318187171558,46889400
2014-12-15,92.89611053466797,94.69716800984355,92.63097957371767,94.34975165923419,52968400
2014-12-16,91.40591430664062,93.68237483592156,91.3876255613622,92.31101189476946,65348600
2014-12-17,93.06983184814453,93.33495587140953,91.35105254488568,91.46990846060353,79715300
2014-12-18,95.3097152709961,95.31885964275847,94.14863116120443,94.40461776965539,49840900
2014-12-19,95.72908782958984,96.11449850559494,95.16932170444342,95.40791226625227,51419900
2014-12-22,95.9676513671875,95.99517969327852,95.52717714643066,95.57306235731582,33869200
2014-12-23,95.62814331054688,96.32555808684734,95.5180229770988,96.31637964211784,30156900
2014-12-24,95.71072387695312,96.07777760905978,95.68318854605408,95.74742364928285,14291300
2014-12-26,96.38978576660156,96.59166952847451,95.95848991189143,95.98601824285566,13924300
2014-12-29,96.37142181396484,96.5824840043876,96.24295161148177,96.29801527047519,17073800
2014-12-30,95.72908782958984,96.31638228857918,95.60061760425482,96.09614861673373,18604000
2014-12-31,94.7471694946289,96.27046875211639,94.60952087480419,95.89422965800215,24367100
2015-01-02,94.46270751953125,95.61893920549034,94.00388342161412,95.21517876007134,31314600
2015-01-05,93.0770492553711,94.15987431891982,92.81093045997103,94.04975402393028,36521300
2015-01-06,91.82904815673828,93.37069729631853,91.41610929837377,93.21469879436746,66205500
2015-01-07,93.01283264160156,93.23306627422505,92.21447609682758,92.43471673055203,37577400
2015-01-08,94.7930679321289,94.97659478344411,93.7010642638318,93.80200613238534,40212600
2015-01-09,94.1690902709961,95.11426709257685,93.61849557782851,95.08673875813895,41410100
2015-01-12,93.18719482421875,94.45354705510547,92.94860428758162,94.35260517426289,34129800
2015-01-13,93.15966796875,95.0867353230142,92.40719651652091,94.09567331243868,56162300
2015-01-14,92.6457748413086,93.1229558949913,91.82906838518747,92.22365744834384,51354200
2015-01-15,91.4436264038086,93.22385879817395,91.33350612124113,93.07703875584943,51005400
2015-01-16,92.51732635498047,92.63661814585654,91.17756031466115,91.32438044180842,35362200
2015-01-20,93.25141906738281,93.49000257512624,92.03094519653126,93.07706365694669,30964100
2015-01-21,93.72860717773438,94.1690814909796,92.64578178382081,92.9761357684793,40128800
2015-01-22,95.46294403076172,95.56388589592139,93.2697653261113,94.095650131463,40887200
2015-01-23,95.67400360107422,95.96765074597789,95.17847273134299,95.45376299157132,34783000
2015-01-26,95.5638656616211,95.7382210283615,95.07751332397567,95.5638656616211,19960900
2015-01-27,93.08625793457031,94.11401968392748,92.77425383129986,94.05896301909816,45253200
2015-01-28,92.60906982421875,94.6829570560306,92.59071993769886,94.58201517741799,43591700
2015-01-29,93.49919128417969,93.67354671375985,91.72812966092789,92.53565770116496,46539700
2015-01-30,92.77423858642578,94.13236110489461,92.64576838886666,93.41659657532212,42927600
2015-02-02,93.58177185058594,93.66435683276515,91.53541316746072,92.98529908636733,43624700
2015-02-03,94.48107147216797,94.54530657539763,93.30648272676778,93.92130542926613,30750400
2015-02-04,94.39849090576172,95.02249208113045,93.88460305474533,94.0956652615898,34073200
2015-02-05,95.2151870727539,95.27942217202629,94.39848066724754,94.6370641782017,23605500
2015-02-06,94.6370620727539,95.59141709864062,94.29753669891096,95.36200503475729,34169300
2015-02-09,94.3342514038086,94.78389712653188,94.1048393206292,94.2700163005624,22604700
2015-02-10,95.8024673461914,95.93093752587772,94.71046381775803,94.85729088088507,23686500
2015-02-11,96.15119171142578,96.37142535218238,95.72907431618346,95.91260118329708,20303600
2015-02-12,97.27072143554688,97.30742820829619,96.62837041518651,96.77519050508272,22520300
2015-02-13,98.10575866699219,98.12410854793525,97.36245896846309,97.54599278338968,29030200
2015-02-17,98.19754028320312,98.2617753800641,97.85800791345203,98.10577685927325,17675300
2015-02-18,98.33518981933594,98.3902464739775,97.9497722335434,98.07824242844073,15149600
2015-02-19,98.82157897949219,98.88581410080138,98.24345588660624,98.27098422415258,19828100
2015-02-20,99.48228454589844,99.53734121958591,98.44533718409792,98.75734133756718,28336700
2015-02-23,99.58319091796875,99.61072624802692,99.2069587537185,99.4271923864772,17868000
2015-02-24,99.6565933227539,99.77589206970099,99.15189101238606,99.4547095981667,19745000
2015-02-25,99.40882873535156,99.89518114918458,99.18858813198945,99.50977059495087,19472300
2015-02-26,99.9135513305664,99.9686149931436,99.23449350165995,99.50979081124167,22255500
2015-02-27,99.47308349609375,99.94108611939933,99.31708495535901,99.87684401322474,27757600
2015-03-02,100.37236785888672,100.40907463077208,99.64742486662777,99.6657817531209,22988600
2015-03-03,99.90435791015625,100.17047671724912,99.2711784380698,100.06953485934838,20788900
2015-03-04,99.5189437866211,99.72082750937113,98.97753471297334,99.57400743898026,21007400
2015-03-05,99.69332885742188,99.99615453168289,99.28038984786755,99.77592085999406,15381000
2015-03-06,98.5645980834961,99.75753656172857,98.31682914495609,99.56483127680872,30990400
2015-03-09,98.84908294677734,99.09684492471439,98.36273043375547,98.76649095339738,26237100
2015-03-10,97.01375579833984,98.16999433540214,97.01375579833984,98.14245901217511,34234500
2015-03-11,96.45401763916016,97.27990254590847,96.41731086540454,97.1606037809274,25459700
2015-03-12,97.08719635009766,97.19730966926019,96.31636811045405,96.38060321366592,21473200
2015-03-13,96.66509246826172,97.38086420020805,96.05944808104887,96.99544649805152,42021100
2015-03-16,97.91305541992188,97.94976218628454,96.92200073252916,97.02294258975154,25674100
2015-03-17,98.06908416748047,98.2250827106652,97.41755466261938,97.64696675592687,19603800
2015-03-18,99.0325927734375,99.48224543545197,97.29823822309653,97.80294753715351,40622200
2015-03-19,99.17942810058594,99.45471838480793,98.98672280130032,99.13354288599855,31314000
2015-03-20,99.82142639160156,100.31809701029684,99.80303430225868,99.99618281777299,31761400
2015-03-23,99.62828063964844,100.04216932477368,99.59148944273902,99.76624587375795,17268500
2015-03-24,99.2695541381836,100.07893924651883,99.25116205224039,99.6190599087189,22445300
2015-03-25,96.99776458740234,99.5179017964594,96.96097339243472,99.42592731764181,41581400
2015-03-26,96.66664123535156,97.21849507057216,95.8756481652279,96.19756231767306,47846300
2015-03-27,97.05294036865234,97.28288005652246,96.50108652120453,96.64825128969855,33878400
2015-03-30,98.16584777832031,98.24862269191638,97.6415856072729,97.6415856072729,30570200
2015-03-31,97.12652587890625,98.09227540592427,97.09893423822618,97.88992735133363,30488100
2015-04-01,96.62066650390625,97.14492874875174,95.99523022784473,97.12652964278361,32970500
2015-04-02,96.68505096435547,96.9977655990373,96.37232931247065,96.71264260656822,19164200
2015-04-06,97.47604370117188,97.7427675862139,95.96763276708218,96.11479754785307,24451100
2015-04-07,97.31048583984375,98.13826316303481,97.31048583984375,97.42085240709434,19379400
2015-04-08,98.08305358886719,98.22101877815264,97.33805139080721,97.3472439241455,25866900
2015-04-09,98.69929504394531,98.73608623072644,97.70596106966018,98.03706771628764,23114700
2015-04-10,99.1039810180664,99.11318056812789,98.44175375765298,98.6624938387239,17164300
2015-04-13,98.85568237304688,99.68345970826967,98.7453087869891,99.1775965608783,17783500
2015-04-14,98.5705337524414,99.03961263311727,98.0094804093511,98.75448969447199,23755700
2015-04-15,99.18677520751953,99.39832279687282,98.70850376931503,98.82806987456564,21128600
2015-04-16,99.04885864257812,99.22360809796987,98.78212766442707,98.92009293136105,16195300
2015-04-17,97.5036392211914,98.36820778239567,97.08055098545246,98.10148388674547,46514000
2015-04-20,98.9660415649414,99.14079797553907,97.95430832837056,97.99109952098073,28945900
2015-04-21,99.38910675048828,99.71102785701778,99.26954066508075,99.53627148686758,22759800
2015-04-22,99.93179321289062,100.0973500745792,99.00283487690459,99.64666321835868,21429200
2015-04-23,100.30889892578125,100.75958581911686,99.57309604883902,99.59148813845121,29473200
2015-04-24,101.6701431274414,101.8081083570337,101.20106415370884,101.36662102577898,32508100
2015-04-27,101.41259765625,102.2403819013582,101.19185051275308,102.04722639649788,31121300
2015-04-28,101.21028137207031,101.67936042767545,100.35490521994535,101.48620486221122,36849200
2015-04-29,100.57565307617188,101.23788073047766,100.023799036652,100.64923548602914,34043900
2015-04-30,98.99361419677734,100.410043262881,98.46935208285336,100.00535425628077,44080500
2015-05-01,100.29969787597656,100.36408070995913,99.36153998971332,99.37993909496697,32874300
2015-05-04,100.46524810791016,101.09068431841453,100.41005781299361,100.62160540623572,23507300
2015-05-05,98.82807922363281,100.25370815566323,98.78209549443348,100.06975920446052,47843300
2015-05-06,98.14744567871094,99.28794445127392,97.49441787275948,99.0028215124336,42687200
2015-05-07,98.73609924316406,99.01202967178676,98.04628018880958,98.11986257206928,29335800
2015-05-08,99.96856689453125,100.18010744800893,99.60986159324179,99.75701932385216,33023300
2015-05-11,99.58228302001953,100.2353179486113,99.50870764847922,100.0329698881691,19679300
2015-05-12,99.13159942626953,99.63746955827546,98.23023975840768,98.99363420688587,33665000
2015-05-13,99.3339614868164,100.0789639524624,99.18679669413379,99.56390121248033,20738400
2015-05-14,100.78718566894531,100.86996060474512,99.77545224501522,100.1433502048416,23904200
2015-05-15,100.78718566894531,101.18268229124207,100.53884682713834,101.04471704770529,23937400
2015-05-18,101.22864532470703,101.43099337155033,100.5480258175815,100.62160820137949,17631100
2015-05-19,101.11827087402344,101.49536828145192,100.9527140320007,101.3390109909865,14212900
2015-05-20,101.18267822265625,101.78971544572364,100.64921637827337,101.19187075923963,21131900
2015-05-21,101.7069320678711,101.84489729440412,100.86075563703287,101.00791339938596,16771800
2015-05-22,101.60577392578125,101.9736789150029,101.52299197003447,101.58737481685796,13543800
2015-05-26,100.43765258789062,101.52296819244162,100.03296351001222,101.38500999384807,25488400
2015-05-27,102.05643463134766,102.16680821248664,100.52043913414431,100.74117927921958,30572700
2015-05-28,101.82649230957031,102.10242274670595,101.51377769687227,101.86328350233524,17302400
2015-05-29,101.21949768066406,101.90011748964571,100.98035833586304,101.76215221313721,30383000
2015-06-01,101.55975341796875,101.83568383335007,100.73196918902676,101.76210145362145,24570200
2015-06-02,101.23784637451172,101.73451694669147,100.68599252226838,101.18266309444812,19449600
2015-06-03,101.54138946533203,101.91848698581876,101.29305061924214,101.69774680267521,20507200
2015-06-04,100.7687759399414,101.614959403087,100.44686175042011,100.97112400684136,31374600
2015-06-05,100.52964782714844,100.88835322696067,99.91340404792955,100.64921395468474,22641700
2015-06-08,99.50869750976562,100.55722188231364,99.3063494699402,100.48363950106764,24549200
2015-06-09,99.34315490722656,99.70186029573958,98.59814547037382,99.26957251542822,27554600
2015-06-10,100.70437622070312,100.99869871852785,99.5730769704276,99.68344352136072,30297900
2015-06-11,100.8515625,101.31144193956479,100.67680606746029,101.0447110225528,17593500
2015-06-12,100.0237808227539,100.52965102689984,99.8858155836956,100.3181033913833,27201800
2015-06-15,99.52706909179688,99.68342635683014,98.69928501632575,99.27873737775586,31238800
2015-06-16,100.06974029541016,100.23529712709026,99.37992133294327,99.42590505345358,16456900
2015-06-17,100.34567260742188,100.66758674847095,99.72943596352764,100.23530605460618,23296700
2015-06-18,101.80809783935547,101.98284722939636,100.65839940686551,100.71358268612028,43032400
2015-06-19,101.30477905273438,101.9408746507028,101.23102741142193,101.8579022958904,27877600
2015-06-22,102.05146026611328,102.35568040773956,101.82099174064027,102.05146026611328,19120900
2015-06-23,102.13442993164062,102.2266159327598,101.7103686998196,102.16208502864227,18127900
2015-06-24,101.60897827148438,102.44788015944673,101.58132317005098,102.01460518141994,15815900
2015-06-25,101.40615844726562,102.10678478405515,101.24022081574553,102.00537806294055,18326700
2015-06-26,100.73320007324219,101.61820557658751,100.3552352735579,101.38773700523235,32311700
2015-06-29,98.35477447509766,100.17086802973353,98.30867794528075,99.6177378053025,50874900
2015-06-30,98.705078125,99.30429780909559,98.40085792691943,99.09226363164298,34809900
2015-07-01,99.4886474609375,99.88505359043685,99.02771042818668,99.68224017069194,21293000
2015-07-02,99.5163345336914,99.85743057952915,99.21212133966662,99.77446526297963,20499400
2015-07-06,99.28585052490234,99.85741507240884,98.67741719799477,98.88944432959055,24311000
2015-07-07,99.5347671508789,99.62695317222331,97.56195675406994,99.39648460219102,44230800
2015-07-08,97.80162048339844,98.94474943830488,97.61724847562192,98.82490130324301,39691500
2015-07-09,97.7463150024414,99.19365713665624,97.73709429160544,99.10147112832148,28381000
2015-07-10,99.23974609375,99.60849713232562,98.6866230525571,99.04615338099954,26415800
2015-07-13,100.98209381103516,101.06505910736128,100.08787477281004,100.09709548351566,25780700
2015-07-14,101.6458511352539,101.92240917490568,101.06506588863544,101.12038312323938,21977200
2015-07-15,101.75647735595703,102.15288356546452,101.47069858864083,101.8394496959361,28631500
2015-07-16,103.19461059570312,103.21304498688995,102.3925774288938,102.59539089866232,29838900
2015-07-17,104.71569061279297,104.71569061279297,103.84913361758498,104.02428493895198,35926800
2015-07-20,105.0752182006836,105.4531829430079,104.61428112792515,104.93693567218776,26539000
2015-07-21,105.01070404052734,105.27804139602566,104.70648383598315,105.11210374203272,35468900
2015-07-22,103.82147979736328,104.32850641109923,103.40663216793318,103.40663216793318,35575000
2015-07-23,103.43428039550781,104.26396856588349,103.16694307209849,103.92287961992037,25698300
2015-07-24,102.42019653320312,104.17175848069704,102.26347964649929,103.98738650026198,30844700
2015-07-27,101.57207489013672,102.28191475651963,101.35082710537768,101.83941918700152,35994800
2015-07-28,102.44789123535156,102.65070471224602,101.21258301549317,102.02382988972809,33553500
2015-07-29,102.83507537841797,103.05632322903388,102.27273152337318,102.66913773212045,26714100
2015-07-30,103.32366943359375,103.49882076148174,101.97773384907447,102.59538791936588,25438100
2015-07-31,103.20381164550781,103.70162454674667,102.99178452276311,103.64631434661185,22081700
2015-08-03,102.88117218017578,103.50804699590962,102.198987156194,103.2222682088381,25001800
2015-08-04,102.6875991821289,103.01947456217795,102.26353775947605,102.83510247697035,22132300
2015-08-05,103.48036193847656,104.17176747481382,103.13926600854748,103.25911413618407,28989900
2015-08-06,101.82099151611328,103.71083623416115,101.36005446618367,103.57255371251402,42125400
2015-08-07,101.69194030761719,101.9316295679071,100.8530384466154,101.5720991941432,30006800
2015-08-10,102.85352325439453,103.07477113401937,102.32805514444597,102.3372758574888,21500800
2015-08-11,101.53522491455078,102.70600909978187,100.97288108385088,102.30960290819574,36123300
2015-08-12,101.88553619384766,102.08834964856598,99.76522969757,100.83460014061826,41889000
2015-08-13,101.7196044921875,102.47554815240662,101.49835663473019,101.98694887689712,22510500
2015-08-14,101.87629699707031,102.02379317870206,101.27707749459165,101.47989089850816,17924900
2015-08-17,102.72442626953125,102.75208136585736,101.369270282825,101.62739389298983,21224900
2015-08-18,102.19898223876953,102.66914008628342,102.06069969146044,102.58616774456097,13984400
2015-08-19,101.5260009765625,102.42944076821279,100.93600206365115,101.88553134432593,42511400
2015-08-20,98.71427154541016,100.9083291764691,98.70505083589386,100.58567467680463,57747300
2015-08-21,94.39995574951172,98.15198490348428,94.39995574951172,97.32229639809896,97763400
2015-08-24,90.76774597167969,94.51977422518063,78.11962899918717,86.86822148225578,150829900
2015-08-25,90.4266357421875,94.71335212387464,90.35289115247325,94.09569810579872,75088300
2015-08-26,94.9806900024414,95.1650690475026,91.20100749545462,93.07241084444189,104103800
2015-08-27,97.38680267333984,97.4513335944533,95.21117871388164,96.35430090218145,69377700
2015-08-28,97.36837768554688,97.71868742923289,96.65853045139797,96.87056466030238,49919600
2015-08-31,96.16070556640625,97.35914496455975,95.92102331344972,96.82445618487017,39549400
2015-09-01,93.15540313720703,95.22039965105229,92.76821057626992,93.76383653294891,73155500
2015-09-02,95.78274536132812,95.8011797534627,93.75461759271545,94.84242959557466,43963600
2015-09-03,95.31260681152344,96.81525975896552,95.04526235461452,96.1607296886069,45131800
2015-09-04,94.17867279052734,94.81476121357147,93.65319773814427,94.003514439733,49379600
2015-09-08,96.83367156982422,96.95351268970938,95.58914274534398,95.98554895215466,37343500
2015-09-09,95.745849609375,98.00443845947409,95.49693965065161,97.97678336035851,47146700
2015-09-10,96.78758239746094,97.42367792571032,95.52461908679435,95.63523950329487,47686700
2015-09-11,97.3222427368164,97.3222427368164,96.06849347182194,96.34505849890691,29106100
2015-09-14,97.02726745605469,97.70023877156075,96.65851633933941,97.68179734738658,19718800
2015-09-15,98.1703872680664,98.47460745966838,96.8982033304705,97.25773372660288,30020200
2015-09-16,98.72352600097656,98.81571906754021,97.84774813536977,98.18884419496221,31329100
2015-09-17,98.7603988647461,100.23540348549147,98.30868239214806,98.6221233357266,56139800
2015-09-18,97.3557357788086,98.51088216216051,97.18939441758776,97.24484623829737,48384000
2015-09-21,97.66067504882812,98.46465929636956,96.78276680704404,97.89170427566104,35772600
2015-09-22,96.20056915283203,96.49628628272686,95.30417461989859,96.16360363028862,47359700
2015-09-23,96.27452087402344,96.71810018935588,95.77549678819469,96.45934147598044,21775100
2015-09-24,95.9233627319336,96.28376785542696,94.50945757385853,95.34116441671024,38284300
2015-09-25,95.11012268066406,97.04153093239434,94.5186883477068,96.94912063982977,44700000
2015-09-28,92.40247344970703,94.7682181888607,92.12524253019322,94.70353026926203,44077500
2015-09-29,91.92191314697266,93.57608331557479,91.2565478221212,92.63348008855101,49315500
2015-09-30,94.03816223144531,94.13981568097992,92.87377265979237,93.23417778070447,41411400
2015-10-01,94.4632568359375,94.47249998162684,92.95694135902315,94.20450516027118,39339100
2015-10-02,96.11741638183594,96.11741638183594,92.85528432214566,93.151001496242,59370900
2015-10-05,97.49434661865234,97.7530982588568,96.61643826075105,96.8289812292961,32853500
2015-10-06,97.03229522705078,97.58676407540028,96.27451948920054,97.2633245014009,33051500
2015-10-07,97.61449432373047,97.8270443754546,96.37618069767751,97.64222376126757,37389300
2015-10-08,98.00263214111328,98.16897351957435,96.30225282234957,97.2448563171139,50188900
2015-10-09,98.44618225097656,98.6310098800639,97.78081688716844,98.04881166150523,23916200
2015-10-12,98.68646240234375,98.87128299550864,98.27984863683658,98.63101763448502,16162000
2015-10-13,98.04881286621094,99.12079197672924,97.95640257575842,98.12274391875425,26999600
2015-10-14,97.8917007446289,98.53857973624663,97.48508706392506,98.04879892110003,30902600
2015-10-15,99.49966430664062,99.50890744970931,98.12273210840604,98.25210790955816,38393800
2015-10-16,99.91551971435547,99.97096447107211,99.2316681460729,99.71221287245807,27091100
2015-10-19,100.48847961425781,100.55316752160135,99.56436262337695,99.78615577751461,23776300
2015-10-20,99.97100067138672,100.5254695906877,99.62907476343128,100.31292657934216,23404700
2015-10-21,99.36107635498047,100.58091075379821,99.32411787208244,100.47926435014675,30195200
2015-10-22,101.38489532470703,101.46806953743297,99.96175401649796,100.24823513760442,42778700
2015-10-23,104.221923828125,104.64701684161878,103.56580154313761,104.11103429009853,53170900
2015-10-26,104.2865982055664,104.48990506616386,103.75060867316456,104.14797925057243,25918000
2015-10-27,104.49913024902344,104.64698527193876,103.98162004269051,104.00934946928562,31390500
2015-10-28,105.3678207397461,105.3678207397461,103.8153038461294,104.65625372829626,42221900
2015-10-29,105.20146942138672,105.37705389672578,104.77637647360253,104.88727304494078,24913300
2015-10-30,104.73017883300781,105.42326656666769,104.70245645173391,105.24768208466223,27199200
2015-11-02,105.91307067871094,106.04244652001489,104.78564658981539,105.00743273912866,22176900
2015-11-03,106.2826919555664,106.66157623726932,105.54339557843241,105.70049376717624,20418400
2015-11-04,106.29193115234375,106.70778802054411,105.8483589534736,106.63385697058143,28633000
2015-11-05,106.00543975830078,106.64308262134105,105.45097107543837,106.38433103936872,25004100
2015-11-06,106.07938385009766,106.19951651352477,105.12754453480251,105.80214594932409,29924900
2015-11-09,104.95198822021484,105.8206606286197,104.30510901211841,105.68204164104058,33479800
2015-11-10,104.68394470214844,104.78559810906347,104.0832674023191,104.39747076472499,35452100
2015-11-11,104.55460357666016,105.47872063641529,104.37901907916151,104.9704534333685,22748800
2015-11-12,103.5380859375,104.63778759795474,103.4641548736727,104.12952034720986,31196900
2015-11-13,101.50499725341797,103.21461916453399,101.44955249537614,103.10372259799787,52836000
2015-11-16,102.96511840820312,102.98360469716793,101.17233615355612,101.40336541244213,33980600
2015-11-17,103.0298080444336,103.76910450543348,102.77105639821971,103.14070462871965,30579500
2015-11-18,105.00740814208984,105.10906157222506,103.34400183619636,103.44565526633158,32966500
2015-11-19,105.0813217163086,105.56186640620635,104.87801488984813,105.06284248229025,26188100
2015-11-20,105.79293823242188,105.8761053946897,105.47873472390496,105.58038817809091,22727600
2015-11-23,105.48795318603516,106.21800643597034,105.03513784636247,105.82987195151225,20696200
2015-11-24,105.39557647705078,105.64508503541477,104.27738838641777,104.80414199382375,26374400
2015-11-25,105.48795318603516,105.68201690303773,105.26616708809692,105.55264109170268,14159900
2015-11-27,105.63581085205078,105.84836086191251,105.27540579005084,105.71898504737167,8828000
2015-11-30,105.3678207397461,105.95001898138575,105.02590195067232,105.95001898138575,25041600
2015-12-01,106.42131042480469,106.42131042480469,105.663527763931,105.79291062222737,28639400
2015-12-02,105.76519012451172,106.96654507075772,105.60809192321206,106.50448656073284,22395500
2015-12-03,103.97241973876953,106.23650387551058,103.35325590649042,106.05168327063733,42754300
2015-12-04,106.40284729003906,106.57843180336937,104.07407519168075,104.28661818633445,40037300
2015-12-07,105.92230224609375,106.54145899757508,105.41403503192025,106.47677108399425,25892100
2015-12-08,105.93152618408203,106.2734520026013,104.77637996666245,104.81334549167424,30792600
2015-12-09,104.32359313964844,106.05169489143512,103.68594999719281,105.46949652642608,48509200
2015-12-10,104.79488372802734,105.49721471945284,104.24965095625694,104.56385444602131,30154600
2015-12-11,102.38291931152344,103.86150504417814,102.31823140604645,103.58426713473224,56022200
2015-12-14,103.15918731689453,103.2053959911722,101.07992388256791,102.5215513246763,53098500
2015-12-15,103.78758239746094,104.68397705339386,103.65820657603284,104.11102900148468,48428000
2015-12-16,105.33085632324219,105.50643375486848,103.39944817172868,104.48990648849701,44944100
2015-12-17,103.79682922363281,105.79292548295928,103.77834998439626,105.79292548295928,45668800
2015-12-18,101.8057632446289,103.7059849066728,101.8057632446289,103.47425004018059,53746100
2015-12-21,102.93663024902344,102.95516592661895,102.00969078553645,102.7697808627163,26432800
2015-12-22,103.6132583618164,103.76157202223887,102.93659673409651,103.48348744493904,26540300
2015-12-23,104.38265228271484,104.45680913617102,103.96553235800071,104.15091741965438,25656900
2015-12-24,104.36409759521484,104.65145360149036,104.31775487109593,104.38264034245118,11468600
2015-12-28,104.30850982666016,104.327052578577,103.36303456654643,104.11385336345991,19183600
2015-12-29,105.94918060302734,106.18091546255104,104.86465608574659,104.92954156353376,27725700
2015-12-30,104.99441528320312,105.89354756898086,104.97587960819114,105.85646914697101,19520100
2015-12-31,103.68743896484375,104.81830613289725,103.66889621704729,104.62364971295158,29886800
2016-01-04,101.4998779296875,101.59257046773723,100.22070393183154,101.45352812466896,50807600
2016-01-05,101.32373809814453,102.1301778786604,100.85100412141529,102.00040693540305,38795200
2016-01-06,100.3504638671875,100.93443315748912,99.56256677240343,99.56256677240343,41891100
2016-01-07,97.20812225341797,99.45131355406424,97.15250108914758,98.20921127447632,61386300
2016-01-08,96.41094970703125,98.52436998515961,96.30898582764918,97.91258670886721,69344000
2016-01-11,96.70757293701172,97.38423462421277,95.22447156233969,97.0968857218659,50024100
2016-01-12,97.82918548583984,98.32973361232632,96.47585480548149,97.63452905975952,46734200
2016-01-13,94.45510864257812,98.46875719263201,94.30679497171019,98.22775101346416,69870700
2016-01-14,96.46658325195312,97.31010150205285,93.31498787177867,94.82590362261962,78445700
2016-01-15,93.47254943847656,94.4921882586622,92.23972562568103,93.2686287464246,91443900
2016-01-19,93.67650604248047,94.89080162800248,92.58271712116331,94.7424879095926,56563800
2016-01-20,93.38914489746094,94.39024115046232,90.14485698539033,92.20266359256438,86675000
2016-01-21,93.48184204101562,94.87225121486907,92.52709553982082,93.7877337565402,61660100
2016-01-22,96.1884994506836,96.22557787571684,95.03909656259924,95.36352394165695,42229800
2016-01-25,94.76100158691406,96.39240955696896,94.67757337790816,95.84551880009475,38881500
2016-01-26,95.61380767822266,96.02165623578715,94.32536238158009,95.15960931839572,36143900
2016-01-27,93.23155212402344,95.46547205494721,92.83296796081493,95.05762359100233,54524700
2016-01-28,94.54781341552734,94.81662667485688,92.93494093153619,94.77954825233012,47641500
2016-01-29,96.52220916748047,96.55928759672526,94.49221643823593,94.5200234921727,54245100
2016-02-01,96.78178405761719,97.1432899994588,95.68799485430458,96.05876510194479,32750300
2016-02-02,94.68687438964844,96.37390405111506,94.39951832644026,96.33682562128216,44928100
2016-02-03,94.2326431274414,95.31716030177117,92.58268539940235,95.31716030177117,61572900
2016-02-04,94.223388671875,94.97420730090589,93.10179287927824,93.98238245475926,49321600
2016-02-05,90.9513168334961,93.92679212492207,90.5805395760998,93.88971369198366,70749900
2016-02-08,89.56088256835938,89.95946677185205,87.91092458442238,89.25499088549583,91673100
2016-02-09,89.2828140258789,90.63614487253516,88.22610354188721,88.36514588388344,73778400
2016-02-10,89.62577056884766,91.47964932168274,89.56088509537788,90.3117037272405,59421700
2016-02-11,89.4959945678711,90.20973473573218,88.23535652137537,88.48562702720083,76839200
2016-02-12,90.85857391357422,90.9512734877353,89.6628286131238,90.50633957650976,49186500
2016-02-16,92.90715789794922,92.90715789794922,91.62797674207498,92.2026818318147,40565900
2016-02-17,95.01129913330078,95.14107009806534,93.34280519777478,93.58381144890346,41766500
2016-02-18,93.92676544189453,95.32643875975943,93.80625880108158,95.30790308454988,38991500
2016-02-19,94.2048568725586,94.4922129205113,93.2686530889326,93.47257383420654,28257900
2016-02-22,95.73426818847656,95.82696068318121,94.99272115885525,95.08541365355991,23979100
2016-02-23,94.15852355957031,95.43769762489676,94.09363807231436,95.17815567587294,29869700
2016-02-24,95.05766296386719,95.1781625712187,92.48076482275837,93.055469945795,40739100
2016-02-25,95.99384307861328,95.99384307861328,94.39950616119707,95.25229579348033,29389300
2016-02-26,95.87335968017578,96.74468513603266,95.6416247884681,96.72614238438295,30925000
2016-02-29,95.01129913330078,96.49440092488658,95.01129913330078,95.78066061868151,27553900
2016-03-01,98.06094360351562,98.06094360351562,95.62309494000392,95.91971533659846,37699800
2016-03-02,98.09803771972656,98.11657340348218,97.33794738994045,97.94045965584158,29209800
2016-03-03,97.91261291503906,98.02384819649646,97.20814401510283,97.99604114412882,25474600
2016-03-04,97.94969177246094,98.58001089284795,97.3008369744097,98.02384862709162,31655400
2016-03-07,97.3471450805664,98.01454239089188,96.65194072764145,97.44910895142081,25861200
2016-03-08,96.54073333740234,97.52328677132687,96.37388397390706,96.67977565231273,28898500
2016-03-09,97.1617660522461,97.1803017244566,96.36459777948285,96.90222420939013,31047400
2016-03-10,97.01348876953125,98.12581330983615,95.76211482170454,97.5696510396837,44236100
2016-03-11,98.70977020263672,98.70977020263672,97.75502379590418,98.06091548116395,31454000
2016-03-14,98.87662506103516,99.10835991328582,98.31119145578464,98.33899850653688,25374900
2016-03-15,98.83956909179688,98.95080439206431,98.20924986759086,98.5244130156879,26524600
2016-03-16,99.72013854980469,99.97968044039797,98.57072864576855,98.59854276717736,31693100
2016-03-17,99.66451263427734,99.89624746441581,99.06200773350595,99.43277780413888,29623700
2016-03-18,99.8207015991211,100.07171448587594,99.29077920000437,99.90437019705152,37682300
2016-03-21,100.21118927001953,100.30415676173256,99.58829927328075,99.64407834971558,17288600
2016-03-22,100.51799011230469,100.75041239208372,99.625489409109,99.64408007058668,18840300
2016-03-23,99.69056701660156,100.3971256377347,99.46743652185577,100.32275589911784,20912900
2016-03-24,99.71846771240234,99.74635725412477,99.03979146097106,99.20713580427153,19017300
2016-03-28,99.5790023803711,100.0159574023903,99.40235917752118,99.99735964789815,13892300
2016-03-29,101.17806243896484,101.24314038966293,99.2257168250578,99.39306114013353,29963900
2016-03-30,101.67079162597656,102.30298044224641,101.45696003082698,101.78235686165864,23807200
2016-03-31,101.52204895019531,101.97760172540688,101.36400350228848,101.5964257820215,21447200
2016-04-01,102.60049438476562,102.63768280163995,100.7690056382553,100.9084604282927,26389000
2016-04-04,102.21002197265625,102.67486652287867,101.96830082051041,102.6004896925315,17163000
2016-04-05,101.2245101928711,101.80091978071236,101.09435433319119,101.41974398239094,20107900
2016-04-06,102.88866424560547,102.92585265109298,101.32678667994513,101.32678667994513,25056000
2016-04-07,101.41047668457031,102.47962044116825,100.97352172459831,102.29367838747585,28567200
2016-04-08,101.33611297607422,102.2843927472393,100.98283366779017,102.04267868560733,22898000
2016-04-11,100.96420288085938,102.28435928264797,100.95490400677278,101.7730346952884,25772100
2016-04-12,101.81022644042969,102.00546024488023,100.42498496752928,101.03858300405638,28564100
2016-04-13,103.11181640625,103.26986184315297,102.46102981252932,102.59118571268054,25356700
2016-04-14,103.12109375,103.50226961347077,102.26578164221276,103.13039262527,17199700
2016-04-15,102.86079406738281,103.25126175902132,102.60048227295714,103.03743725344212,21353300
2016-04-18,103.4093017578125,103.44648307282806,102.49820349473313,102.56328143545569,17126100
2016-04-19,102.77713775634766,103.60456052747266,102.15424063891125,103.60456052747266,42481400
2016-04-20,102.86079406738281,103.3349374603521,102.42383908689783,102.77712545901646,18078300
2016-04-21,102.87007141113281,103.24194836517064,102.40522699182625,102.80499347614841,20216000
2016-04-22,101.31751251220703,102.00548040092069,100.51797938763536,101.5313370147295,39074000
2016-04-25,101.31751251220703,101.32680429547196,100.82477137355735,101.01071343332072,14351900
2016-04-26,100.82478332519531,101.69869337726448,100.5179913029066,101.53134905012283,19118300
2016-04-27,100.01595306396484,100.24837533427916,99.1885303490831,99.79282257752845,33059800
2016-04-28,98.80735778808594,100.71322330679311,98.61212392552494,100.12751462614509,29818200
2016-04-29,98.28673553466797,99.01189191806671,97.50579298049347,98.80735917547422,67502800
2016-05-02,99.21641540527344,99.35587017975614,98.12868093164444,98.53773928570536,24813800
2016-05-03,98.2960205078125,98.95609884274121,98.0357016312668,98.50984500448416,38569400
2016-05-04,97.66382598876953,98.06359251670685,97.42210487832834,97.7010073045632,27474500
2016-05-05,97.63591766357422,98.23092503943396,97.44068386071395,98.01709348794155,20788100
2016-05-06,98.15657806396484,98.17516872528445,97.05954462901731,97.1525121215454,30758500
2016-05-09,98.43547058105469,98.89102330638637,98.11937971985078,98.16585991492909,19289600
2016-05-10,99.78353881835938,99.83001902038136,98.61212849573893,98.78877170513239,21178900
2016-05-11,98.88172912597656,99.93227521176418,98.85383958901228,99.63477499587076,20966300
2016-05-12,98.44477081298828,99.23500506984504,97.74750404053273,99.11414804941992,29196300
2016-05-13,98.08216094970703,98.96536240543423,97.88692716769245,98.3610704057062,21059300
2016-05-16,99.30941009521484,99.67198835241508,98.13799959881675,98.23097420258412,18311900
2016-05-17,98.0636215209961,99.51393442667501,97.8033025826998,99.22573303976851,29932700
2016-05-18,98.4168701171875,98.9467925204457,97.65452548279916,97.84046043051784,27524400
2016-05-19,97.90555572509766,98.27743277941315,97.18969824723634,98.03571163016335,27334600
2016-05-20,98.9839859008789,99.38375244222291,98.24023188671573,98.29601804820454,29549600
2016-05-23,98.85382843017578,99.44882879479766,98.76086095313433,99.09554245189078,15729800
2016-05-24,100.83409118652344,100.9549482307406,99.37447940589432,99.4023689474086,29931300
2016-05-25,101.55924987792969,101.8660490272857,101.03862617693714,101.21526940104502,37951700
2016-05-26,101.85671997070312,101.98687585738854,101.41976502556045,101.66148614067501,21885900
2016-05-27,102.38666534423828,102.39596422193279,101.90323009860528,101.92182076102887,19870000
2016-05-31,102.5818862915039,102.73993882053237,102.06126269366301,102.52610721829654,24366100
2016-06-01,102.59117889404297,102.8236011421459,102.1821205605974,102.26578916529168,19571500
2016-06-02,102.80506134033203,102.8143531279186,101.82888457820448,102.38669683100554,15696600
2016-06-03,102.32159423828125,102.65628292804172,101.65221685876031,102.60980272238749,20269900
2016-06-06,102.69345092773438,102.96306160159406,102.33087276808692,102.50751595615884,12502400
2016-06-07,102.43314361572266,102.85150086656907,102.38665632431092,102.74923449983508,12184300
2016-06-08,102.60977172851562,102.82359621446318,102.22859585527138,102.60977172851562,14568700
2016-06-09,102.44244384765625,102.55400199977636,101.99618996028109,102.19142381945619,17571600
2016-06-10,101.28032684326172,101.70798295285333,100.92704046662531,101.51274910453746,32965000
2016-06-13,100.43429565429688,101.27101712389633,100.30413976935516,100.7039062996658,25154700
2016-06-14,100.43429565429688,100.79687377562935,99.69984053614645,100.16468500892796,24588500
2016-06-15,100.1461181640625,100.81549549890927,99.9787738303508,100.67604070532195,24605700
2016-06-16,100.44361877441406,100.53658627281769,99.0118966015087,99.65338439853502,32079900
2016-06-17,99.26627349853516,100.3755523996736,99.03323219068969,100.23572619259505,29208800
2016-06-20,99.89082336425781,100.89755634620715,99.81624844356352,100.42215722845681,20562800
2016-06-21,100.207763671875,100.41284116333307,99.83489615212,100.0213334679257,22804100
2016-06-22,99.9654312133789,100.85099274965177,99.88153972788773,100.2637239037787,22724200
2016-06-23,101.39160919189453,101.41025647918079,100.319624864194,100.73909637400236,18714200
2016-06-24,97.21553039550781,99.27561507557812,97.00112922434322,97.78415185831655,68012700
2016-06-27,95.28592681884766,96.57231222022801,94.84780804183852,96.57231222022801,48222600
2016-06-28,97.3740005493164,97.42061166583954,96.29269234218691,96.33929634685217,28260600
2016-06-29,99.09849548339844,99.30357299705537,98.09176231649825,98.13836631660207,31356700
2016-06-30,100.24505615234375,100.3103074381775,98.93069967959096,99.26627975298074,36300800
2016-07-01,100.7484359741211,101.12130354848102,100.16116723315054,100.19845470177228,19902800
2016-07-05,100.13320922851562,100.35693405324699,99.5925515698683,100.21710781575436,21167900
2016-07-06,100.95349884033203,101.00010283545068,99.34084983787079,99.65778971921712,24579300
2016-07-07,101.25177001953125,101.47548763961146,100.77636385398775,101.04669257118483,19161700
2016-07-08,102.81781768798828,102.87374532054076,101.62464033597557,101.79243034548864,29457900
2016-07-11,103.40509796142578,103.78728203976385,103.15341645733554,103.16273298988402,20218500
2016-07-12,103.92708587646484,104.20673825354474,103.78725968792489,104.03894824966787,21906100
2016-07-13,103.67544555664062,104.23474342082936,103.66612191054432,104.16949212187166,21107800
2016-07-14,104.38387298583984,104.57962684459679,104.12286072897376,104.36522569727815,20871000
2016-07-15,104.21611022949219,104.68219299954922,103.98306884446369,104.62625823107847,17999300
2016-07-18,104.90589141845703,105.0923216474035,104.26269503843419,104.28134232844326,20713900
2016-07-19,104.52366638183594,104.84992984470567,104.33723621321472,104.5423136658111,18936700
2016-07-20,105.74481964111328,105.94057347428011,104.96179719659007,105.09229975203462,24997900
2016-07-21,105.50247955322266,106.02448989794864,105.21351055694328,105.81941237341842,18885400
2016-07-22,105.94058990478516,106.06176883596156,105.25078956018795,105.57704599939899,20003400
2016-07-25,105.94990539550781,105.97786921502285,105.59567805003363,105.8566831813158,12968100
2016-07-26,106.07108306884766,106.45326711748193,105.53974916874688,105.91261668555677,21223800
2016-07-27,106.80748748779297,107.08713277325654,106.36004507445303,106.96595386074125,27646100
2016-07-28,107.1803970336914,107.3015759937526,106.63973931306384,106.97531947677345,16939700
2016-07-29,107.41340637207031,107.70237532777222,107.07782630848126,107.4227229041625,22385300
2016-08-01,107.98200225830078,108.25233099194509,107.3574533453236,107.48795589096494,13990100
2016-08-02,107.1617202758789,107.91677188069309,106.47191995651957,107.82355677459428,21278400
2016-08-03,107.51593780517578,107.52526144910692,107.01257482259872,107.07782610640363,15011300
2016-08-04,107.82357025146484,107.92610901454688,107.22698496363712,107.4786736046049,12835300
2016-08-05,108.85826110839844,109.10062607440608,108.25235224930768,108.37353828823987,23196600
2016-08-08,108.73707580566406,108.94215329473403,108.3921721093322,108.91418236379657,12358200
2016-08-09,108.98876953125,109.33367326632268,108.75572819692292,108.82097948606021,13276500
2016-08-10,108.70912170410156,109.08198214098825,108.42014562010031,109.05401831940745,14688400
2016-08-11,109.17518615722656,109.40822744734986,108.85824630449389,109.08196395169263,12969800
2016-08-12,109.24977111816406,109.25909476255251,108.86758704052085,108.98876597014296,19379000
2016-08-15,109.71585083007812,109.96753943881986,109.3523069391016,109.38959440379877,11777800
2016-08-16,109.10994720458984,109.5200950854717,109.09129991663451,109.5107785533506,14161400
2016-08-17,109.30570983886719,109.34299730591704,108.53201089926124,109.1379197930714,15980300
2016-08-18,109.33367919921875,109.4921456083145,109.01673926916973,109.20317661386254,10036300
2016-08-19,109.30570983886719,109.54806770690553,108.8396271685297,109.1379197930714,18743000
2016-08-22,109.38961791992188,109.57605528348725,108.94218247108144,109.147252903216,14500600
2016-08-23,109.58535766601562,110.00483634597295,109.53875366503635,109.81839900648393,11997900
2016-08-24,108.87691497802734,109.65993045296568,108.51337106296923,109.51078769615431,17728700
2016-08-25,108.69978332519531,109.0353633623905,108.46674202780176,108.59724458539367,24266300
2016-08-26,108.85826110839844,109.5667087180364,108.2057482520587,108.73708218132298,23896000
2016-08-29,109.0074234008789,109.29639239709387,108.8675971694706,108.88623734812485,11184900
2016-08-30,108.6531753540039,109.14722178082717,108.28031495690755,108.83028902092401,19843300
2016-08-31,108.54133605957031,108.65319135042458,108.08456991572451,108.48540130228592,16169800
2016-09-01,108.82099914550781,108.95150174735883,108.04730718077919,108.57864123456073,20944700
2016-09-02,109.17518615722656,109.58533399178162,108.76503121081572,109.36161634458288,18088200
2016-09-06,109.85570526123047,109.85570526123047,109.11929364599118,109.36165867284603,18525200
2016-09-07,109.9209213256836,110.10735863728942,109.50144982031892,109.95820878800477,17546900
2016-09-08,109.27772521972656,109.62262177854991,108.98874918304995,109.59465796154865,20125300
2016-09-09,106.52784729003906,108.60657899813506,106.50920711361584,108.36421403349297,50813300
2016-09-12,108.43881225585938,108.58795503485153,105.92196118669564,105.93128483283834,39646000
2016-09-13,107.4693374633789,108.21506543052597,106.9473271751903,107.89813264465624,45863900
2016-09-14,107.98200225830078,108.56927082554216,107.55320716378561,107.5811780908705,28221800
2016-09-15,109.6599349975586,109.82772505083578,108.00068175507171,108.01000540021418,38521400
2016-09-16,109.60759735107422,109.7197400113668,109.06558518750613,109.54218258165567,27596500
2016-09-19,109.13098907470703,110.22435316725088,108.91605790933914,109.88793234959516,16222900
2016-09-20,109.33657836914062,109.78514182771174,109.149681087046,109.52347565123524,18078600
2016-09-21,110.4112548828125,110.57011828457827,109.15902028556202,109.8038280252486,31546800
2016-09-22,111.2896957397461,111.41118540552654,110.94393501018692,111.05607054207628,22614400
2016-09-23,110.57948303222656,111.20559686648721,110.42061960496797,111.20559686648721,22213400
2016-09-26,109.65430450439453,110.08418108399836,109.4954411026177,109.95335156139694,16403900
2016-09-27,110.73832702636719,110.79439478387215,109.47675257478645,109.57954821666165,20238400
2016-09-28,110.92523956298828,110.99065433230035,110.35519351769376,110.87851880186544,14794300
2016-09-29,110.1215591430664,110.94392432263544,109.64496891909748,110.73833302774318,27207500
2016-09-30,110.94391632080078,111.27099011650527,110.29910860235903,110.41125124503229,25543200
2016-10-03,110.78507995605469,110.92524938150538,110.35520328575339,110.80376683622286,19216400
2016-10-04,110.61686706542969,111.35512358504423,110.19633740936601,111.11215137018581,21239700
2016-10-05,111.00935363769531,111.3644613838096,110.89721097223399,110.94393886526174,14481300
2016-10-06,110.9532470703125,111.18687219440342,110.41123507130007,110.86913831820983,11987100
2016-10-07,110.71028900146484,111.21492018913331,110.16827693363494,111.05604966602876,19984200
2016-10-10,111.41118621826172,111.65415842191985,111.23362878524132,111.28035667698626,19687300
2016-10-11,109.82251739501953,111.33641107182795,109.33658017573966,111.31772419517944,27774400
2016-10-12,109.72907257080078,110.10287428384838,109.39265174202541,109.92531686597397,14267800
2016-10-13,109.33657836914062,109.6356182982966,108.34600994062538,108.98147068129113,22821000
2016-10-14,109.46742248535156,110.31782163049742,109.40200771493075,109.87860511638254,21313300
2016-10-17,109.16836547851562,109.61692892687662,109.02818895529819,109.37395676194467,14182700
2016-10-18,110.1402359008789,110.65421405761657,110.08416814911604,110.46730966895132,19276700
2016-10-19,110.13092041015625,110.28978383872132,109.93467609316254,110.05615863329899,13702900
2016-10-20,110.0000991821289,110.24307141044736,109.36463829014865,110.01879319259433,18132200
2016-10-21,110.4112548828125,110.47666964410865,109.71972638772823,110.08418107633172,15707800
2016-10-24,111.73825073242188,111.81301250109509,111.10278995804885,111.1214839650545,19143000
2016-10-25,111.3831558227539,111.82237235207813,111.2149453887505,111.8036783429247,20341800
2016-10-26,110.62618255615234,111.23360939457105,110.29910875998044,110.66356343709685,20463700
2016-10-27,110.1215591430664,111.19623637475578,109.96269573507676,111.10278773062508,19099800
2016-10-28,109.43004608154297,110.37389391886454,109.09362521140213,109.80384784055231,35369300
2016-10-31,109.32722473144531,109.83185591808564,109.27115697615434,109.83185591808564,18749400
2016-11-01,108.5048828125,109.53283221307728,107.56103505730249,109.51414533510675,23498700
2016-11-02,107.63579559326172,108.68243898947273,107.36478952291222,108.43011979687931,26960100
2016-11-03,106.57980346679688,107.81334405676732,106.4583138176156,107.45822924183655,36205200
2016-11-04,106.20600891113281,107.03771398670538,106.01910448817145,106.3181444352349,26997500
2016-11-07,108.72914123535156,108.84128387181795,107.7479199025468,107.92547016485987,26591200
2016-11-08,109.43938446044922,109.93466872198745,108.36470716162901,108.61702635918527,20777900
2016-11-09,109.94401550292969,110.12156579860645,108.02828609893187,108.15911563455684,70234400
2016-11-10,108.16846466064453,110.62619913117527,106.71998560813519,110.47668271466937,72825400
2016-11-11,108.21519470214844,108.44881990044351,107.31806766658114,107.70121641402918,41115200
2016-11-14,107.12181854248047,108.34601937472121,106.56111951770012,108.24322372171608,35906000
2016-11-15,108.6076889038086,108.98149066621957,107.77598372552386,107.93484715740395,31796600
2016-11-16,109.25247192382812,109.32722655557207,108.093686010872,108.093686010872,16538100
2016-11-17,110.04679107666016,110.06547795133613,108.97211397611261,109.19639212059275,20598600
2016-11-18,109.63561248779297,110.36452183087505,109.53281684918663,110.17762455868566,16428700
2016-11-21,110.77572631835938,110.87852197731875,109.86925939644956,109.90664028422346,20268500
2016-11-22,111.11211395263672,111.38311996070166,110.84110794457179,111.21490958085698,18850600
2016-11-23,110.66356658935547,110.86915787556953,110.17762938258298,110.74767535629496,22926000
2016-11-25,111.01869201660156,111.06541277632387,110.66357716840257,110.79440670310485,7162800
2016-11-28,110.7663803100586,111.28035860947743,110.65424477540387,110.87852297438873,13479000
2016-11-29,111.14952850341797,111.68219367935838,110.5514485560349,110.86917540884919,18553000
2016-11-30,109.8038330078125,111.32706659264228,109.76645212399356,111.28968570882336,30405300
2016-12-01,107.90679931640625,109.77580075705158,107.73858890156119,109.76645375353945,39796600
2016-12-02,108.12173461914062,108.55161124102179,107.6731782488711,107.9722182056091,32876800
2016-12-05,108.9627914428711,109.39266095368785,108.18715407067604,108.6824454817342,21419700
2016-12-06,109.22445678710938,109.4113612349247,108.76655336689429,109.27118468148213,27293300
2016-12-07,110.60749053955078,110.74766705415887,108.67307460104564,109.00014838201535,26622400
2016-12-08,110.8037338256836,111.08408685241399,110.43927916873827,110.65421743985472,18578400
2016-12-09,111.6728515625,111.7102324520569,111.2056011375523,111.21494814236044,21863100
2016-12-12,111.16820526123047,111.40183044220893,110.7103019028216,111.17755226477853,23259300
2016-12-13,112.56996154785156,113.17738847239373,111.50463124374532,111.50463124374532,54477900
2016-12-14,112.33631896972656,113.07457531702671,112.00924517780219,112.71012064464327,28746000
2016-12-15,112.51387023925781,113.17736478948983,112.2148303415522,112.4858363628594,22762300
2016-12-16,112.09679412841797,113.01531616812446,111.87185272817159,112.7903676171199,26283900
2016-12-19,112.55608367919922,113.24966451650133,112.0499671719661,112.20930041130839,21138700
2016-12-20,112.98719787597656,113.19338998550276,112.78099861569228,112.91221502664445,11461800
2016-12-21,112.9028549194336,113.10905420626676,112.64979670880315,113.03407134728033,7079300
2016-12-22,112.58418273925781,112.94034057509704,112.14366740368169,112.91222379210429,16645000
2016-12-23,112.6591796875,112.70604576849776,112.29364713814947,112.39674679573653,9007500
2016-12-27,113.24027252197266,113.89635467214411,112.85599787708912,112.90285680166758,16110600
2016-12-28,112.35926055908203,113.58708186057717,112.28428483708106,113.48398219822047,17975200
2016-12-29,112.19992065429688,112.59356998677545,111.84376275597242,112.3311370984564,13267500
2016-12-30,111.04705810546875,112.42483038031364,110.72838458047349,112.41546288748869,41749000
2017-01-03,112.04057312011719,112.46233918668253,111.43134990671027,111.7875077595708,22307600
2017-01-04,112.64978790283203,112.85598717354637,112.15303901470668,112.16240650827845,19749100
2017-01-05,113.28714752197266,113.36212323735654,112.56544994917023,112.56544994917023,20644300
2017-01-06,114.2806396484375,114.5805639469718,113.11843388546201,113.40898353851605,24074300
2017-01-09,114.65555572509766,114.86175503714176,114.29939067674516,114.37437354489937,18909200
2017-01-10,114.90859985351562,115.25539021306585,114.43996771124945,114.70240056679707,16176600
2017-01-11,115.21790313720703,115.21790313720703,114.36498917369012,114.95547027174314,20686000
2017-01-12,115.03981018066406,115.11479303563243,113.97132952502002,114.80549412195688,19622500
2017-01-13,115.4334716796875,115.63029631958227,115.09605596822246,115.09605596822246,16930800
2017-01-17,115.08666229248047,115.31160367934113,114.7492466368106,115.13352120808266,14538500
2017-01-18,115.32101440429688,115.43348870829695,114.96485650110333,115.25540618132017,12499700
2017-01-19,115.26477813720703,115.89274356400634,115.0210873929417,115.48971958919667,12710700
2017-01-20,115.51782989501953,116.06144492835483,115.208530946664,115.77088812046352,22091000
2017-01-23,115.61154174804688,115.78024959607217,114.88047679019019,115.4428339000216,17434200
2017-01-24,116.38946533203125,116.56754781320943,115.63965113305186,115.83647575136337,17640900
2017-01-25,117.56103515625,117.5891519348435,117.01742026758372,117.12051988959827,15036200
2017-01-26,117.68289184570312,117.92658254236298,117.47669257551084,117.72038327217068,16052200
2017-01-27,117.90784454345703,118.0203116760492,117.52356277174395,117.93596132660507,15053000
2017-01-30,116.98932647705078,117.5141921826176,116.34261183929242,117.5141921826176,25006700
2017-01-31,116.75502014160156,116.78313692806388,116.08018866346788,116.57693762632753,19091100
2017-02-01,117.56103515625,117.79535117887261,117.02679491070073,117.57977729172649,22861900
2017-02-02,117.45794677734375,117.81410459154895,117.02680611254013,117.35484714546047,15101400
2017-02-03,117.79536437988281,117.91720615102834,117.46732334159998,117.5797904685779,16957200
2017-02-06,117.93598175048828,117.95472389224646,117.4860916899326,117.59856599276151,11630100
2017-02-07,118.36711883544922,118.61080957528259,118.0671945213311,118.17966166990058,17541100
2017-02-08,118.56393432617188,118.73264218673751,117.98282788405488,118.20777646531516,12569100
2017-02-09,118.99507141113281,119.25750426382442,118.62016427124813,118.68577248442102,17542700
2017-02-10,119.3886947631836,119.55740258195641,119.05127912563798,119.25747836533334,13915700
2017-02-13,120.06355285644531,120.21350426318408,119.70738787471691,119.75424679547795,19120200
2017-02-14,120.4665756225586,120.47594311672336,119.72613599028502,120.1104106230484,16333500
2017-02-15,121.17890167236328,121.23514954671052,120.31662018545306,120.38223555476533,17891400
2017-02-16,121.14139556884766,121.49756053462625,120.8320966724899,121.25386269424449,15098300
2017-02-17,121.666259765625,121.67564156030669,120.94456234943341,120.9633116372805,15563700
2017-02-21,122.26609802246094,122.34108086605265,121.83496454870247,121.90056559839829,18479600
2017-02-22,122.31298065185547,122.39733099925128,121.94744817828992,122.15364745071325,12110900
2017-02-23,121.85372161865234,122.50043624801792,121.36635449924678,122.50043624801792,17489000
2017-02-24,122.0880355834961,122.0880355834961,121.26325277172312,121.30073704891021,18624500
2017-02-27,122.23799896240234,122.24736645614098,121.65689971722917,121.86309899161652,12008700
2017-02-28,121.86306762695312,122.26608427674509,121.5256520194818,122.20985072575212,16598600
2017-03-01,123.19404602050781,123.41898034361273,122.40674728659852,122.6410634075135,25813800
2017-03-02,122.57538604736328,123.18460193307726,122.4254203734444,123.16586694997277,19951400
2017-03-03,122.80036926269531,122.83785354101151,122.1630221191771,122.49107033589472,13722700
2017-03-06,122.52853393554688,122.73473318528116,122.04116689209806,122.39731753130827,12026200
2017-03-07,122.32234191894531,122.85658936162478,122.10677516384553,122.28485764473868,15500900
2017-03-08,122.53791809082031,122.9221855168063,122.2754852772864,122.39731988973847,15776000
2017-03-09,122.63167572021484,122.8003907559619,121.97559347346598,122.50984106822457,20855300
2017-03-10,123.14714813232422,123.34397991572875,122.6129149513988,123.1940142047079,21922600
2017-03-13,123.35336303710938,123.3814798237982,123.03469658695656,123.10029765539076,10731600
2017-03-14,123.05342102050781,123.11903638483214,122.55667209626164,123.07217031053162,14019700
2017-03-15,123.81261444091797,124.10316407321487,122.9128344588369,123.30648373177311,22709100
2017-03-16,123.72826385498047,124.0469446086984,123.4470959862871,124.0469446086984,18457300
2017-03-17,123.68504333496094,124.01375950167302,123.61929150286105,123.8822701687357,21234500
2017-03-20,123.79776000976562,124.07952699627361,123.46904380155983,123.6474823727928,10105200
2017-03-21,121.91931915283203,124.3800542801635,121.84418034259699,124.26735323044228,35841900
2017-03-22,122.74586486816406,122.86796725916417,121.7972496727323,121.95692864462468,29177900
2017-03-23,122.43589782714844,122.92429296119734,122.22926966779173,122.58617545781942,20311700
2017-03-24,122.68951416015625,123.30938443136498,122.21990721851134,122.83039051014312,22967600
2017-03-27,122.8867416381836,123.10277115088591,121.53427134677166,121.81603837936025,18472400
2017-03-28,123.63807678222656,124.00436951016596,122.61433740558338,122.88670304173849,23721900
2017-03-29,124.21099853515625,124.25796208138418,123.59111411997692,123.7226034506578,13710000
2017-03-30,124.41766357421875,124.54915294389765,124.05137073502273,124.16407181438568,16092400
2017-03-31,124.33312225341797,124.67123978059112,124.09831881319397,124.2391951448225,19841400
2017-04-03,124.2579574584961,124.73695121717117,123.56293426146215,124.43641032876573,23700300
2017-04-04,124.45519256591797,124.47398085121321,123.85409641783339,123.90105996544023,13400000
2017-04-05,123.9480209350586,125.36622832320676,123.71321753317073,124.63364285581766,32011200
2017-04-06,124.01375579833984,124.34248628649775,123.69442661806545,124.07012065185477,18832200
2017-04-07,123.9480209350586,124.32370064557422,123.50658939300845,123.97619619678414,16743100
2017-04-10,123.99501037597656,124.5115808342594,123.65689283339736,124.07014920002364,15619300
2017-04-11,123.45967102050781,124.07016868755588,122.56742063311034,123.88231443229951,33778400
2017-04-12,122.96186065673828,123.54416858733488,122.83037130688537,123.44085450307442,15955200
2017-04-13,122.4734878540039,123.51601586499251,122.45471389435863,122.79283147444323,23683000
2017-04-17,123.48782348632812,123.50661177463739,122.77402617449054,122.82098972963122,13325500
2017-04-18,123.2999267578125,123.65683241483617,122.98998463428009,123.07451039580938,12841100
2017-04-19,123.4972152709961,124.24857477023626,123.32814935178239,123.8353327781597,17764800
2017-04-20,124.53035736083984,124.80273739503778,123.80717303559014,123.99501293395025,21977900
2017-04-21,124.50216674804688,124.69000662325617,124.1828375270647,124.64305740290173,22454900
2017-04-24,126.00494384765625,126.12703191286758,125.66682626078799,125.88284145117774,22469900
2017-04-25,126.91592407226562,127.1413261388935,126.30542670220703,126.41814206678157,19384400
2017-04-26,126.7374496459961,127.27279379438812,126.66231085948775,126.96285167426298,25398500
2017-04-27,127.49825286865234,127.49825286865234,126.97229551814469,127.0474343298262,16136500
2017-04-28,127.72371673583984,128.05243303634944,127.51708850979689,128.00546947019998,22771900
2017-05-01,128.86013793945312,129.02920388547992,128.0899900312109,128.14634056946448,24815500
2017-05-02,129.07615661621094,129.1325214872603,128.69108981727246,129.01980607642807,18345100
2017-05-03,128.6629180908203,128.8319697148247,128.3153992004776,128.78500615329008,23827600
2017-05-04,128.70985412597656,129.0761469383679,128.25903551024845,128.64411661158087,14630100
2017-05-05,129.17941284179688,129.17941284179688,128.5595428506304,129.0385365554545,19330700
2017-05-08,129.4612274169922,129.4612274169922,128.9822335357891,129.2452122546377,13279900
2017-05-09,129.91207885742188,130.2032328853655,129.54577166337583,129.65848708126208,28426100
2017-05-10,129.98719787597656,130.03416143717516,129.52699223752373,129.98719787597656,20499400
2017-05-11,129.88385009765625,129.92142666937903,129.02917656301437,129.63027272921127,27232100
2017-05-12,130.175048828125,130.20322409787815,129.8275299490588,129.9402453593378,19738600
2017-05-15,130.58827209472656,130.66341091367303,130.10927824661516,130.23138061881124,20481300
2017-05-16,131.13296508789062,131.15175336789326,130.54127041476406,130.92633700163736,21786000
2017-05-17,127.7988052368164,130.33467916608154,127.78001695150347,130.09047445080137,55642200
2017-05-18,128.91648864746094,129.34853332675064,127.61098196155861,127.75187263864413,41319900
2017-05-19,129.4612274169922,130.00597314354007,129.2921758111318,129.376701614062,36730100
2017-05-22,130.55072021484375,130.61647206086585,129.7054335143042,129.75238274001657,19509700
2017-05-23,130.68218994140625,130.94516862345273,130.34407244573745,130.93578164597366,19687500
2017-05-24,131.2833709716797,131.34912285032047,130.71044968736788,131.0767426834838,15891900
2017-05-25,132.40101623535156,132.7391338933153,131.4993643703581,131.78113147387296,23928600
2017-05-26,132.6357879638672,132.69213850480475,132.25070682577146,132.42915975958493,13851600
2017-05-30,132.7484893798828,132.90815402336338,132.48551063400103,132.57003644562016,20306400
2017-05-31,132.70150756835938,133.21807800932226,132.02528683713913,133.21807800932226,33229400
2017-06-01,133.2180633544922,133.2744138816229,132.41033902600452,132.97387295983808,20120700
2017-06-02,134.73963928222656,134.7678145541644,133.47169471995352,133.68770991523283,37222900
2017-06-05,134.71144104003906,134.94624451197492,134.52360112874368,134.73022933054858,15727500
2017-06-06,134.17611694335938,134.9932285637232,133.97887569123597,134.55179682297592,22393000
2017-06-07,134.70201110839844,134.8147121529857,133.93186341828206,134.55173349477406,18842400
2017-06-08,134.84292602539062,135.0589411768329,134.1103261098744,135.00259064439268,25417400
2017-06-09,131.4711151123047,135.15283068766846,129.7147902743633,135.00256740411686,109783700
2017-06-12,130.7666778564453,131.00148120678145,129.11366742933225,130.36282297287156,104454000
2017-06-13,131.82803344726562,132.01587331808048,130.81368094734916,131.499302924892,51193000
2017-06-14,131.25511169433594,132.36337695700618,130.1937956506243,132.36337695700618,60093800
2017-06-15,130.67282104492188,130.81369738291698,129.13251098069227,129.93083411477343,55145200
2017-06-16,130.10581970214844,130.69914076849676,129.6255210681492,130.60495780325633,48087400
2017-06-19,132.28135681152344,132.40377745096046,131.1700579138144,131.36783643953007,39626500
2017-06-20,131.24537658691406,132.3189963382629,131.19828510205681,132.1494842371411,40935100
2017-06-21,132.54505920410156,132.6109758027523,131.4620122691746,131.54676834042857,35743400
2017-06-22,132.50738525390625,132.99711096790188,132.16834658580277,132.75225529605788,24099100
2017-06-23,133.01593017578125,133.18544229885342,131.9893874060576,132.3566780430194,21654300
2017-06-26,132.3943634033203,134.00478613181238,132.10241626367005,133.7787699567573,34411100
2017-06-27,129.99285888671875,132.05534299050032,129.9834463348948,131.89524338764485,65957800
2017-06-28,131.86697387695312,131.97998196508843,129.71973398054527,130.47314039518884,57427200
2017-06-29,129.57852172851562,131.32080723227844,128.31654957060465,131.32080723227844,88769400
2017-06-30,129.6255645751953,130.595589087475,129.20176982997828,129.9457637719986,68898300
2017-07-03,128.25997924804688,130.36954012495758,128.17522318502222,130.21886746968232,32797000
2017-07-05,129.52197265625,129.87042388781157,128.23174891101235,128.6649562199308,42116600
2017-07-06,128.35415649414062,129.0793252795049,127.89269720643246,128.53309555276488,48430500
2017-07-07,129.73854064941406,130.08700615550086,128.77794329612615,128.78735584536474,36970400
2017-07-10,130.586181640625,130.8969682980151,129.49372206379465,129.82334819535308,24853500
2017-07-11,130.9534454345703,131.11354500632416,129.9080775728673,130.39780320842956,31517700
2017-07-12,132.50738525390625,132.6580722997984,131.8104828146935,132.0741779598509,36045800
2017-07-13,132.79937744140625,133.11959111505286,132.41326151459162,132.66752982413266,31073600
2017-07-14,133.8446807861328,134.01420728042848,132.96883940490602,133.3926340851869,34544800
2017-07-17,133.91062927246094,134.38151550557583,133.65634668289283,133.98597279419621,25343200
2017-07-18,134.80528259277344,134.83353461134126,133.39262418316483,133.8164188319865,25748500
2017-07-19,135.5963897705078,135.79416830275505,135.14434303005137,135.2008470763201,33752300
2017-07-20,135.7753143310547,136.0295968824157,135.16316806810605,135.94484082206378,36139400
2017-07-21,135.71881103515625,135.71881103515625,135.0030692377503,135.27617689048387,39697100
2017-07-24,136.34036254882812,136.43453114466462,135.53985044755106,135.69994999374586,26712700
2017-07-25,135.9918975830078,136.3121110469076,135.62460700616384,135.888302067985,28120900
2017-07-26,136.43458557128906,136.50992910019622,136.11438635116525,136.33099001533034,18610600
2017-07-27,135.5775604248047,137.46110521643945,134.01421479887432,137.32925765583727,80665900
2017-07-28,135.46458435058594,135.69061497628863,134.55106366421552,134.7676817360473,38013200
2017-07-31,134.8900604248047,136.0201844608752,134.5981132722697,135.85067232210267,33848600
2017-08-01,135.2008056640625,135.38915721736802,134.78642362460894,135.35149265482787,20149400
2017-08-02,135.5681610107422,136.1049782830258,134.3061891931653,136.0767262550434,41769700
2017-08-03,135.0406951904297,135.7752762480508,134.79583962798972,135.699932758769,27112800
2017-08-04,135.2855682373047,135.58694223338176,134.7299260986285,135.34208663929644,29472900
2017-08-07,136.14263916015625,136.14263916015625,135.34214110524906,135.53049274344434,17933900
2017-08-08,135.90721130371094,136.99967104653206,135.52108106128634,135.8789592733199,30810400
2017-08-09,135.7282257080078,135.79415666987782,134.47566676522774,134.7864533633887,36169500
2017-08-10,132.81817626953125,135.05017252534307,132.68632869261216,134.95600389629124,63331700
2017-08-11,133.82583618164062,134.1177832661668,132.6956980385279,132.99707204210554,45862500
2017-08-14,135.54930114746094,135.7564922350411,134.85239873497054,134.89006330984552,34161000
2017-08-15,135.6435089111328,135.89779154147374,135.27621816522247,135.88836461830314,25509200
2017-08-16,135.87887573242188,136.51928822493846,135.4268291537818,135.9824712369333,31913000
2017-08-17,133.1007080078125,135.55873478654195,133.1007080078125,135.35154368869442,70191000
2017-08-18,133.0065155029297,133.92003590441868,132.46028577222341,133.17604201191767,60751900
2017-08-21,132.83694458007812,133.28899112015785,132.01759316145188,132.9970440969751,37111500
2017-08-22,134.86178588867188,135.00306035103893,133.50563152365268,133.55272301110836,36294200
2017-08-23,134.38150024414062,134.6828599265495,134.0895531120144,134.1837217257584,25702300
2017-08-24,133.9859619140625,134.83355131671908,133.23254112819762,134.68286428548487,38160800
2017-08-25,133.7034149169922,134.84295135548828,133.52447588029324,134.50392712212806,26380400
2017-08-28,134.1177978515625,134.4285844376864,133.68457626688237,134.10837093148587,15362100
2017-08-29,134.64524841308594,134.87127904169097,132.84645904917159,132.9688941026216,24498300
2017-08-30,136.2273712158203,136.4534017639757,134.67345251188266,134.75820857857605,33642700
2017-08-31,137.68711853027344,137.69654545103157,136.53815508165246,136.6134985961873,38480700
2017-09-01,137.498779296875,138.05442159995437,137.13148861192167,137.86606998182833,22293600
2017-09-05,136.2650604248047,137.38577195875848,135.23853188558766,137.09382479350478,44794300
2017-09-06,136.67945861816406,136.99024529282846,135.69059453883355,136.61352764006446,30722700
2017-09-07,136.9996795654297,137.34813087546,136.50054117040364,136.93374857687726,22721100
2017-09-08,135.81297302246094,136.88659273776366,135.67169857263238,136.82066178711636,27890100
2017-09-11,137.3762969970703,137.61174003127124,136.8394943516494,136.8771589141885,27126300
2017-09-12,137.70596313476562,137.884902192168,137.05613787169668,137.76246718019658,30256700
2017-09-13,137.89431762695312,137.91315709925965,137.24449235029343,137.47052290705108,28450900
2017-09-14,137.0843963623047,137.77188623132912,136.99964029015933,137.3575184218494,35296400
2017-09-15,137.5552978515625,138.05443615887282,136.83012895647985,137.05615954425218,46422400
2017-09-18,137.37501525878906,138.14895150158276,136.9597260740778,137.71479600975636,24858200
2017-09-19,137.6110076904297,137.80920477640248,137.14852382021868,137.62044084631634,20871200
2017-09-20,137.18624877929688,137.71479340374174,136.12914512864626,137.56377653911153,34236200
2017-09-21,136.34619140625,137.10124667188367,135.8648271123891,137.09181352167786,28841800
2017-09-22,136.21414184570312,136.41233893825273,135.77053867430996,135.91210802613108,21702400
2017-09-25,134.7794647216797,135.75161234892659,134.11878396555466,135.6761039194037,54947700
2017-09-26,135.12869262695312,135.72331257004058,134.6567756947915,135.46847339418,29628800
2017-09-27,136.34619140625,136.85585515072833,135.5061801817399,135.84594641022142,33249400
2017-09-28,136.29908752441406,136.4406568804601,135.70446742548944,136.01593441055635,24149400
2017-09-29,137.2805938720703,137.38441614386264,136.2140717001213,136.5727186739657,43102400
2017-10-02,137.4033203125,137.96017877368112,136.78981972832125,137.48826189435604,27351300
2017-10-03,137.69593811035156,137.8563881579758,137.2806488568472,137.5826826418553,19715200
2017-10-04,137.82806396484375,138.1206501710477,137.29951928244142,137.431655453042,26381100
2017-10-05,139.1777801513672,139.2532742044188,138.18675148432408,138.3283208360023,31562400
2017-10-06,139.36651611328125,139.36651611328125,138.7058352684556,138.7058352684556,23561100
2017-10-09,139.20603942871094,139.69682258989985,139.02670871907057,139.5458201412507,13704800
2017-10-10,139.30982971191406,139.8194934627677,138.69632929871744,139.67792419912954,19223100
2017-10-11,139.72515869140625,139.75348695690693,139.06447786789664,139.24380860608392,12439100
2017-10-12,139.47036743164062,140.01779293173786,139.32878367716282,139.51756201646657,14513500
2017-10-13,140.00830078125,140.16875079714285,139.47975616377698,140.0366146427746,18409900
2017-10-16,140.48965454101562,140.5274015529227,140.05548469440637,140.35751839670144,21809400
2017-10-17,140.66897583007812,140.68785653757993,140.2253872169866,140.44246494709694,13138200
2017-10-18,140.4990997314453,140.8294473214146,140.29145514376648,140.81056661296356,17218200
2017-10-19,139.97994995117188,139.99883065445545,138.99836940677932,139.67793070741914,27680300
2017-10-20,140.35752868652344,140.66898116242882,140.18763111608712,140.5462925634166,30173300
2017-10-23,139.4420166015625,140.6595559174735,139.24380515853625,140.65012276371473,29297100
2017-10-24,139.67796325683594,139.97054941800727,139.15885180874477,139.71571027044246,20289500
2017-10-25,139.14939880371094,139.85727409562858,138.11119034995423,139.40423794129399,36179100
2017-10-26,138.7058563232422,139.41373185052748,138.66809489679886,139.0645034638669,28230200
2017-10-27,142.74545288085938,143.00972523675154,140.82002354305857,141.037101320735,60165100
2017-10-30,143.06634521484375,143.64208447363524,142.50948666666778,142.64162283745128,31733400
2017-10-31,143.6042938232422,143.8119383924613,143.11351066123302,143.5287997996712,26319300
2017-11-01,143.55715942382812,144.24615422219594,142.99085325419495,144.18007892830764,29481600
2017-11-02,143.28341674804688,143.45331433267094,142.30183586517634,143.39667220328835,31017400
2017-11-03,144.66140747070312,144.6802737770326,143.31171767659654,143.8025152746135,26199200
2017-11-06,145.1521759033203,145.20881802182925,144.50094275893784,144.54812292172332,28693900
2017-11-07,145.2371368408203,145.42590070368684,144.7274585691452,145.03892542366674,21333100
2017-11-08,145.82240295410156,145.86014999025636,144.9918241410073,145.16172180812606,17373500
2017-11-09,145.0578155517578,145.13332398216048,143.56655645526618,144.62364567738257,40594500
2017-11-10,145.04837036132812,145.16164020965883,144.46319801836898,144.71803717491215,20150800
2017-11-13,145.22769165039062,145.41646991808943,144.50095004643748,144.50095004643748,12522400
2017-11-14,144.69912719726562,144.87845788590076,144.00069954901235,144.7180079017951,25173800
2017-11-15,144.0196533203125,144.4066287885227,143.25514994277356,144.07628106653513,24808000
2017-11-16,145.86007690429688,146.1904245126421,144.71804601029737,144.7463598736685,34790600
2017-11-17,145.30323791503906,146.00168024282814,145.16166857915917,145.8978579292617,28725800
2017-11-20,145.18995666503906,145.53917056604212,144.98231207477752,145.40703440876305,21143900
2017-11-21,146.76614379882812,146.83221907222529,145.81287692406087,145.87893779569836,20147800
2017-11-22,146.94554138183594,147.08711074388384,146.61519366803583,146.8983467938979,17299000
2017-11-24,147.48348999023438,147.53068456877432,147.01157300836164,147.0965290104389,8280600
2017-11-27,147.41741943359375,147.76663336871275,147.07763865285872,147.43630014412415,22653400
2017-11-28,147.7948760986328,147.88926520409206,146.95486490636534,147.7476815459032,25227300
2017-11-29,145.2182159423828,147.66274113407502,144.5197740011469,147.62499413265266,71986300
2017-11-30,146.43580627441406,146.71895929083152,145.49197248752964,145.83175322687845,56595500
2017-12-01,145.8128662109375,146.5207414505629,143.70810679585176,145.53914638663085,59015800
2017-12-04,144.1328887939453,146.88888219882872,143.99130506043392,146.728432155593,51319100
2017-12-05,144.22726440429688,145.86954067114436,143.55715036102507,144.10456138154433,40604200
2017-12-06,144.87852478027344,145.10505013394624,143.51940146176577,143.68929907746147,28647800
2017-12-07,145.36927795410156,145.7845671076593,144.71803036345514,144.86904721961432,32666200
2017-12-08,146.01109313964844,146.79447696027484,145.7845822336679,146.43581549012353,28081700
2017-12-11,147.14369201660156,147.19088658963423,146.06772199956023,146.07716955522378,20821500
2017-12-12,146.94554138183594,147.379697026627,146.6340743835643,147.07767758700274,20310300
2017-12-13,147.22860717773438,147.70052397366072,147.01151508234273,147.5400739912567,24418500
2017-12-14,147.12478637695312,147.86097543381524,146.96433639294554,147.48343335224632,24594700
2017-12-15,148.79541015625,148.95587459450692,147.45516773221237,147.7005737659494,49816200
2017-12-18,150.04295349121094,150.16591312724546,149.50385053298686,149.7781284535075,26844500
2017-12-19,149.15380859375,149.91045732149516,148.73765107189647,149.7591246895713,31415000
2017-12-20,148.99307250976562,149.70242822136493,148.40667640637812,149.67405514745127,38972600
2017-12-21,149.01199340820312,149.67405585578658,148.84174053203654,149.2011520458157,18638700
2017-12-22,148.8417205810547,148.89846672154422,148.44448316575097,148.78497444056515,23330400
2017-12-26,148.03781127929688,148.22696991507595,147.49869401385376,148.00943820552396,21918700
2017-12-27,148.05670166015625,148.4539535154675,147.9148363060289,148.04724878050686,22388200
2017-12-28,148.23638916015625,148.55797464307807,148.05668344578464,148.5295871438676,25393800
2017-12-29,147.31903076171875,148.3972511718035,147.26228459780108,148.36887808984466,33186000
2018-01-02,149.9010467529297,149.93887270564983,147.7067662663292,148.07563064083277,32573300
2018-01-03,151.3575897216797,151.49000220897162,150.01454465575316,150.0429177293244,29383600
2018-01-04,151.62237548828125,152.0763589799041,151.40484383652708,151.8777475162644,24776100
2018-01-05,153.14517211914062,153.24921153734715,152.0574991003372,152.34124428016224,26992300
2018-01-08,153.74099731445312,153.81666363904503,153.0883878927392,153.1451340282142,23159100
2018-01-09,153.7505340576172,154.2045178209222,153.28709741053544,154.04373220541592,24782400
2018-01-10,153.39105224609375,153.41943974820296,152.3884986128843,153.0694811622109,34004000
2018-01-11,154.44088745117188,154.45035476178407,153.41942813637002,153.65587999166,20473500
2018-01-12,155.57583618164062,155.73662167863006,154.1098320913718,154.3084435274699,37762700
2018-01-16,155.13131713867188,157.40124888228974,154.66786636693885,156.6067742152109,41231800
2018-01-17,156.80538940429688,157.04184123455553,155.11240064966972,155.86904939287228,33849900
2018-01-18,156.8338165283203,157.1932135874474,156.19065988293627,156.55952425406542,26432200
2018-01-19,157.32562255859375,157.58099463502512,156.56897364109042,157.29724948697668,38937600
2018-01-22,159.00914001464844,159.00914001464844,157.08915209232077,157.2688578125573,26081400
2018-01-23,160.32383728027344,160.46571707603758,159.42532296794718,159.50098930597906,37989700
2018-01-24,159.28346252441406,161.0142921766789,158.36602799127022,160.66433354848627,54287400
2018-01-25,159.22669982910156,160.43733228543422,158.7159556926591,160.38058614402448,28925000
2018-01-26,161.6668243408203,161.6857445265138,159.80359735839872,160.11570104703858,32038200
2018-01-29,160.88189697265625,161.64799890736447,160.54140562035477,161.32642775015762,37277800
2018-01-30,159.55770874023438,160.23869123664076,158.72540802497448,159.415843400098,44987700
2018-01-31,160.2198486328125,160.77788624861896,159.2172945920324,160.45630060212412,42449200
2018-02-01,158.85787963867188,160.53194900314068,158.34713536024853,158.9902921493962,38037900
2018-02-02,155.6894073486328,158.6119497019033,155.55699484682418,158.23363239155876,68478100
2018-02-05,149.55111694335938,156.7676347004097,149.43762463146143,154.23287685548271,105372200
2018-02-06,153.51405334472656,153.70321200804395,146.6947875601262,147.36630297968512,118537900
2018-02-07,151.52784729003906,154.68684132179808,151.51837997730283,153.02221065068832,91028300
2018-02-08,145.13418579101562,152.08587802045594,145.13418579101562,151.91562513326562,94184800
2018-02-09,147.6405792236328,148.71879936214242,141.99410642589373,147.18658116287557,113836600
2018-02-12,150.2604217529297,151.2818955089307,147.98103681535565,149.1538287918976,63050600
2018-02-13,151.03591918945312,151.33856991897036,149.1726782812916,149.39967715233146,31785600
2018-02-14,153.8639678955078,154.10041978698618,149.4375954143341,150.14695108876924,52107400
2018-02-15,156.7202606201172,156.7202606201172,153.63693413767274,155.24480359867906,51633900
2018-02-16,156.0204315185547,157.7228736909428,155.7555921073318,156.20959015638903,62256300
2018-02-20,156.3325653076172,157.6472375756691,155.40567770219832,155.4718911756691,36785600
2018-02-21,155.8879852294922,158.63082096309031,155.79339871514364,157.09861756739937,41161800
2018-02-22,155.8690948486328,157.4012985373422,155.47185738977774,156.5689832339057,37074400
2018-02-23,159.05645751953125,159.05645751953125,156.4838597712741,157.12701642427749,50096900
2018-02-26,161.1656036376953,161.1656036376953,159.671240381947,159.80365286404665,39266700
2018-02-27,159.16998291015625,161.4777561729375,159.09433098877957,161.2129311524755,42209900
2018-02-28,158.14849853515625,160.59813680800121,158.04445911965152,160.07793973047765,42936300
2018-03-01,155.56646728515625,158.9619283510316,154.166675742653,158.23365228359023,76809900
2018-03-02,156.99461364746094,157.26889151004377,153.18301005436683,153.6937398243718,57445100
2018-03-05,158.73486328125,159.14155355031636,155.67044200152188,156.25685242391265,38540200
2018-03-06,159.4064483642578,159.9455657649632,158.40389435440122,159.51048780482117,29480900
2018-03-07,159.7752685546875,159.90769547131342,157.91204088784045,158.1863187377179,34609400
2018-03-08,160.65484619140625,160.76833846166534,159.7941579902731,160.43731452945113,25828400
2018-03-09,163.77603149414062,163.77603149414062,161.56284538981157,161.79929726673245,38310500
2018-03-12,164.64622497558594,165.0245423260955,163.88957584268493,164.25844031059043,37635000
2018-03-13,162.4046173095703,165.71494366422877,161.98845968731283,165.02449377644814,55638900
2018-03-14,162.37623596191406,163.37880410439445,161.66688028759606,163.255844502645,40536400
2018-03-15,162.23439025878906,163.180197939156,161.63852680195635,162.48976237341452,28810400
2018-03-16,161.7520294189453,162.86807552606052,161.6763630746169,162.50867843034996,31176700
2018-03-19,158.3008575439453,160.3092180034408,156.9177318324961,160.1955415865764,71395100
2018-03-20,158.82186889648438,159.19133167123817,157.83663964890448,158.3671488172391,34075700
2018-03-21,158.13031005859375,159.87341570566446,157.43875451100524,158.4050473077622,43863500
2018-03-22,154.22727966308594,157.04088654440437,154.02833148382564,155.94196636103393,66607300
2018-03-23,150.1631622314453,154.70093811402597,150.0873731433638,154.04726987770215,80110400
2018-03-26,155.7429962158203,155.9324761523123,150.7789341139868,153.2041269660718,57481500
2018-03-27,150.70318603515625,156.89879713349825,149.3768983952921,156.89879713349825,78889100
2018-03-28,148.96954345703125,151.3663177851629,147.82325316930635,149.84109644405248,89369700
2018-03-29,151.6978759765625,153.19467804051973,148.38217904451952,149.7747729124009,68692600
2018-04-02,147.32115173339844,151.3284188696814,145.77699407661152,150.61791235754086,85549400
2018-04-03,148.97897338867188,149.60422247584225,146.30747690166385,148.60951064721473,64090000
2018-04-04,151.32846069335938,151.79264915819525,145.92859814446075,146.0991272712566,65768700
2018-04-05,152.19049072265625,153.0715263237495,151.08210228666832,152.83469081720614,43054900
2018-04-06,148.38218688964844,152.01050860175235,147.6716803666454,150.51370645865757,59870900
2018-04-09,149.4242401123047,152.408375895752,149.16846819637644,149.661075597247,41810400
2018-04-10,152.72100830078125,153.21361572690864,150.69369702394317,151.77366631244024,48296800
2018-04-11,151.83995056152344,153.46937969994602,151.66943596706244,151.76416147888872,41622100
2018-04-12,153.6683807373047,154.19889004304525,152.67366856139392,152.7589258879677,30467900
2018-04-13,152.87252807617188,154.6630033410943,152.20939176606865,154.43565058065172,44604900
2018-04-16,154.03778076171875,154.59670894827954,152.976748127835,153.9430408006491,28180800
2018-04-17,157.35353088378906,157.69457462296768,155.2788493417268,155.59147397391501,35536100
2018-04-18,157.67559814453125,158.2061073293159,156.60509710397506,157.35350534738217,29573900
2018-04-19,156.2261962890625,157.24932753825345,155.68620432895037,156.87986468065344,34705700
2018-04-20,153.75355529785156,155.94191223367912,153.2135636096413,155.82823585943976,49197100
2018-04-23,153.36520385742188,155.10830975970993,152.54102089982433,154.50201142607528,33040600
2018-04-24,150.1157989501953,154.33146737697726,149.1021362116363,154.0946319096829,70256800
2018-04-25,150.2958221435547,150.92107141446994,148.23062325242046,150.38109392071124,52089300
2018-04-26,153.45993041992188,153.97148872171266,151.74522931741186,152.2378511876746,43005500
2018-04-27,153.55465698242188,155.75249729901049,152.6831041016237,155.71459552511547,51043400
2018-04-30,152.46522521972656,154.87146756191754,152.08627974300506,153.91465733686806,35615300
2018-05-01,154.20831298828125,154.22726387372106,151.7073309559632,152.06732550286867,36513500
2018-05-02,153.29885864257812,154.95670681018453,153.11886138582037,154.47355323566867,38646800
2018-05-03,153.2799530029297,153.84834958356794,150.83580867689386,152.52207644011892,60337100
2018-05-04,156.1882781982422,156.54827280072413,152.50311822459417,152.61680909949462,41543200
2018-05-07,157.4861297607422,157.99768804947996,156.79455973475126,156.9177188129972,32500200
2018-05-08,157.3250732421875,157.66610244254224,156.17878320493205,157.1545441867202,26040200
2018-05-09,159.03973388671875,159.15341026836126,157.0503104762492,157.609238626375,29122700
2018-05-10,160.68814086914062,160.8018317355232,159.42817431014456,159.55133339235428,27067600
2018-05-11,160.53659057617188,160.91552161505294,159.83555225342008,160.49868879910824,24688800
2018-05-14,160.81134033203125,161.82500343643602,160.54608566935048,160.90608033525794,21821700
2018-05-15,159.0302734375,159.62710343508647,158.18713976017906,159.54184613694258,49361600
2018-05-16,160.08189392089844,160.4513568307187,159.16297075577947,159.23875987257543,22941200
2018-05-17,159.46609497070312,160.6786916835969,158.6892675221311,159.52293318298047,27480200
2018-05-18,158.6418914794922,159.39975348563624,158.40505598874938,158.85029341247798,26217900
2018-05-21,159.53236389160156,160.574445722655,158.8502765940556,159.87340754037453,22954600
2018-05-22,159.32400512695312,160.52713377500163,159.03981402963802,160.2618791139776,19477700
2018-05-23,160.66915893554688,160.68809536183835,158.09238834175753,158.111324768049,26557800
2018-05-24,160.6218719482422,160.90607749761523,159.00191043552218,160.6218719482422,27696500
2018-05-25,160.7828826904297,161.36076187891558,160.299743482466,160.6028854006124,27460500
2018-05-29,160.07232666015625,160.9722983754109,159.11551675629624,160.0533757788588,41220500
2018-05-30,161.2186279296875,161.50283337369206,160.30918785522013,160.65023149696773,22665800
2018-05-31,161.11447143554688,162.184958136092,160.69763861538726,161.21866518529407,35670900
2018-06-01,163.6438751220703,163.73860065632667,161.87233561349137,161.91970560826599,45543300
2018-06-04,165.1217041015625,165.1595914190797,163.95647755530374,164.0606712922988,20459600
2018-06-05,165.63327026367188,165.90800753606914,164.90382733829512,165.51012563442046,24779300
2018-06-06,166.599609375,166.62802848619776,164.9701795416147,165.80384535087106,25036600
2018-06-07,165.244873046875,166.66588617522518,164.4112218411755,166.62799885213147,39600300
2018-06-08,165.25436401367188,165.6711968650901,164.0607036745572,164.46806830855002,31780300
2018-06-11,165.69955444335938,166.1069044707969,165.1027244954232,165.1311435924403,22319700
2018-06-12,166.5711212158203,166.73216759761507,165.7469384221384,165.92692123335164,22511800
2018-06-13,166.5617218017578,167.8122060585193,166.19224444613545,166.8269764760798,37858600
2018-06-14,168.2479705810547,168.52269344252542,167.20588844038514,167.32904754481717,35916000
2018-06-15,167.66055297851562,167.99212840103755,166.8363702123412,167.6131829959712,49615700
2018-06-18,167.56373596191406,167.70613560874924,166.08272168990595,166.60487787201922,31633200
2018-06-19,167.0890655517578,167.1270339654412,164.9150153341457,165.4466600431042,38236000
2018-06-20,168.27581787109375,168.96885385469906,167.7061901261192,167.85809278961045,33038000
2018-06-21,166.81373596191406,168.8738662206406,166.49093929385134,168.70297216269796,43469400
2018-06-22,166.44351196289062,167.4403386140366,165.84540438321682,167.37389026420215,30073200
2018-06-25,162.69345092773438,165.18080893484998,161.21243678594777,164.933963587066,77799700
2018-06-26,163.35806274414062,164.29792954218402,162.69349231832314,163.2915999070657,39008100
2018-06-27,161.136474609375,164.79155282985025,161.02255490961272,164.0510458089388,52843500
2018-06-28,162.52261352539062,163.07324973129164,160.60488253052617,160.9371677450945,46407700
2018-06-29,162.9593048095703,164.16500839654643,162.72196238224134,163.3010784843733,36408500
2018-07-02,164.05105590820312,164.09852728143596,161.07952467582567,161.43078676253586,31770000
2018-07-03,162.15234375,164.66816759988555,161.99095264323674,164.66816759988555,25512700
2018-07-05,164.16497802734375,164.2978891826112,162.37067018811865,163.20612001335937,31626200
2018-07-06,166.7188262939453,166.84224899993956,164.24097060877972,164.54477588930922,37005600
2018-07-09,168.21881103515625,168.25677944731243,166.91817924689573,167.58273510636346,27362100
2018-07-10,168.3422393798828,168.72198145912458,167.76312329298847,168.5321104195037,23902500
2018-07-11,167.48773193359375,168.1048306768358,166.89912759697998,167.02253575664753,30280600
2018-07-12,170.37391662597656,170.37391662597656,168.11441178755186,168.22833153193156,27930100
2018-07-13,170.51625061035156,170.7915613819428,169.88966328520513,170.36434801888058,28049800
2018-07-16,170.1080322265625,170.8390508500055,169.82323294517042,170.55423708238342,21405300
2018-07-17,171.14288330078125,171.50363394336438,168.30426262591922,168.30426262591922,31034100
2018-07-18,170.82012939453125,171.3043173437495,170.2979875072161,171.1619031584705,23220800
2018-07-19,169.96566772460938,170.7726378186668,169.76630818641928,170.20301016565767,31094100
2018-07-20,169.92764282226562,171.04789181823932,169.7377573435605,170.47827884080849,35897300
2018-07-23,170.46881103515625,170.544762345058,168.74096581514294,169.42451311802742,22184700
2018-07-24,171.17137145996094,172.83276854806272,170.46883261909116,172.2251724781491,36900300
2018-07-25,173.56378173828125,173.66819850224707,171.16186298371963,171.24731726932373,35026600
2018-07-26,170.93399047851562,171.75993735192353,170.7061365713346,171.20930127424168,40873500
2018-07-27,168.6270294189453,172.13020567921075,167.65868282428423,172.016285958952,59456100
2018-07-30,166.2440948486328,168.7314383198596,165.4466279399351,168.63651006095503,60193000
2018-07-31,167.51626586914062,168.16184474094996,165.96880324548331,166.8991814131475,47285100
2018-08-01,168.15237426757812,168.65553910246152,167.18402750208566,167.9055433347291,37101900
2018-08-02,170.44029235839844,170.63966631234555,166.88964548037703,166.9655967730127,47178200
2018-08-03,170.96250915527344,170.97199763788709,170.01313938951975,170.76313513052264,28934400
2018-08-06,171.96878051757812,172.01625188702675,170.63966909038538,170.8485315269768,24808800
2018-08-07,172.5953826904297,172.91816485251178,172.0827150342011,172.4529685698198,29895700
2018-08-08,172.80426025390625,173.11755396316514,171.89285905549576,172.3580553788615,22680700
2018-08-09,172.69984436035156,173.38339169832895,172.44351048705207,172.69984436035156,18852900
2018-08-10,171.38023376464844,172.0447897018576,170.7346547926217,171.53212191727272,33818500
2018-08-13,171.19036865234375,172.7947914399371,171.11441733027837,171.69353348557266,26089200
2018-08-14,172.26312255859375,172.4624965618865,170.92450785625624,171.84539758882335,20913000
2018-08-15,170.1554718017578,171.43712627341307,169.10167119886248,170.8959787674435,58528000
2018-08-16,170.71568298339844,171.82644390190234,170.3833977616417,171.4656787452788,27711800
2018-08-17,170.7535858154297,171.1807991605737,169.24409190234783,170.26941262243017,36092600
2018-08-20,170.6017608642578,171.19986851137062,169.93720485981825,171.13340566780946,24939000
2018-08-21,171.2283172607422,172.25363826065464,171.0099662889613,171.1143975339403,26258700
2018-08-22,171.8928680419922,172.09224204420946,170.6491961072137,170.86754707251347,18042400
2018-08-23,171.64601135253906,172.83272324727974,171.36119760055547,171.58905149938818,25776200
2018-08-24,173.240966796875,173.38338093374705,172.1776774421391,172.2156458535664,23136100
2018-08-27,175.0067596435547,175.0067596435547,173.83903928482437,174.1143500493503,29343600
2018-08-28,175.2631072998047,175.65235227888496,174.89285376722884,175.47196975266584,20277000
2018-08-29,177.28530883789062,177.38023711928108,175.5004891074534,175.56693745580347,29175600
2018-08-30,176.9720001220703,178.02580101414424,176.38338108780488,176.9435201914384,29315500
2018-08-31,177.19981384277344,177.7029785258668,176.56373800728235,176.7536090126749,28653200
2018-09-04,176.44033813476562,176.96247980264027,175.4909685768411,176.65868907694392,29063500
2018-09-05,174.16189575195312,176.15557822763145,173.56380259823703,176.1270982910847,42623300
2018-09-06,172.6049041748047,174.44668372485333,171.43718349091392,174.2378212303386,46091400
2018-09-07,171.9403533935547,173.42136786328993,171.3042774090521,171.36123727539075,46629500
2018-09-10,172.5194549560547,173.02261971457028,171.57957378206805,172.92767695452793,26132000
2018-09-11,173.8485565185547,174.1333702958043,171.38020425026247,171.82640912116642,30116500
2018-09-12,173.33592224121094,173.715664328201,171.84540485299922,173.59225611735684,36204000
2018-09-13,175.1871795654297,175.5194647359234,174.34224116018999,174.41819247019515,31133200
2018-09-14,174.67445373535156,175.58584010417584,173.98140375192511,175.3105293952795,31224100
2018-09-17,172.15869140625,174.5036356354081,171.99730030170542,174.3802129434846,33071200
2018-09-18,173.5827178955078,174.42765618075597,172.21562348202107,172.30107774753583,31877300
2018-09-19,173.4498291015625,174.01945667601814,172.32007692017177,173.61122020087103,31843400
2018-09-20,175.3675537109375,175.6048961109917,174.22831308792348,174.64603802981574,33295800
2018-09-21,174.40869140625,176.0890651278555,174.19032597340217,175.8422342528194,38605400
2018-09-24,174.8937530517578,174.96033548535598,172.4304642300303,173.14377281246647,34945600
2018-09-25,175.13148498535156,175.26463531166547,174.2184438104154,174.81762753497654,25277500
2018-09-26,175.25518798828125,176.89104369070307,174.9127992479534,175.28371917395006,36210600
2018-09-27,176.7388153076172,177.36653023088317,175.87333089938355,175.96844449828967,33113300
2018-09-28,176.70079040527344,177.16682388971233,175.92091392471224,176.244276989523,28076800
2018-10-01,177.06224060058594,178.35570763424022,176.61523265064125,177.72799249019414,27371300
2018-10-02,176.66278076171875,178.02281566116642,176.2538240897904,176.91005587644503,25618600
2018-10-03,176.85293579101562,177.82303932994876,176.57712958045383,177.40456272443652,29128700
2018-10-04,173.4576416015625,176.25381374837673,172.20221144899236,176.13967449940594,80557300
2018-10-05,171.33668518066406,174.0187319388475,169.7008299619772,173.43857381463536,83325600
2018-10-08,170.2905731201172,171.80278413951612,168.2742772486154,170.7375810836834,66864500
2018-10-09,170.84217834472656,172.16417643619408,170.00522490127616,170.41418155331584,49097900
2018-10-10,163.32861328125,169.88153981602588,163.1098694148659,169.77692066039907,114471100
2018-10-11,161.3028564453125,164.91694172482048,159.60041846791535,162.6533856466982,143084500
2018-10-12,165.7919464111328,166.3055222153742,162.56777762205417,165.64927598440423,102078400
2018-10-15,163.7852020263672,165.52566256152102,163.1669924179538,165.21181949028582,64885300
2018-10-16,168.5500946044922,168.95905130059282,165.20229498230034,165.50664699900094,71979700
2018-10-17,168.6165771484375,169.53912377745561,166.88562309501393,169.36793673897998,66987600
2018-10-18,164.7076873779297,168.03646050533132,164.0038989188648,167.97939814511517,82486200
2018-10-19,164.55555725097656,167.45634871673582,163.9563733300307,166.03923694826932,82923700
2018-10-22,165.4020233154297,166.67646469807147,164.1465930490882,165.54467924919462,52909300
2018-10-23,164.79331970214844,165.61124751441335,160.56102471927233,162.2919794540694,77567000
2018-10-24,157.2512664794922,164.8789177250995,156.96594011635244,164.6031114318555,102997400
2018-10-25,162.69140625,163.6615099085765,158.98220772058858,159.69551624642148,83481100
2018-10-26,158.50668334960938,161.64524405574141,156.1955559659638,157.1181029056029,130970900
2018-10-29,155.24449157714844,161.55014472991996,152.25810658935367,160.93194970064116,111871900
2018-10-30,157.8029327392578,157.91705750791468,154.0842125625987,154.7880158313617,92584000
2018-10-31,161.51205444335938,162.87208886182125,160.29466139135639,160.37074936412512,73828600
2018-11-01,163.6424560546875,163.81365761774916,160.5229218008425,161.74982038051186,52706800
2018-11-02,161.0936279296875,164.10854404047151,159.99037375000904,163.1384402264576,75966800
2018-11-05,160.6941680908203,161.35991988292568,158.9061365529082,161.30285751678815,39573500
2018-11-06,161.9114990234375,162.8150200819102,160.46585662250337,160.7036260859065,34410400
2018-11-07,166.9902801513672,166.9902801513672,163.46177431897598,163.8517197893298,51169600
2018-11-08,165.9250946044922,166.72399673946987,165.13569802625221,166.2104064296268,40296500
2018-11-09,163.12892150878906,164.774282575828,161.83545469855318,164.3748315110596,50602700
2018-11-12,158.19281005859375,162.29195403522976,158.0501396470866,161.98761661281938,62578400
2018-11-13,158.325927734375,161.18866678210503,157.87891999268913,158.93461696590316,64128100
2018-11-14,157.1180877685547,160.44686087599143,156.2145665418531,159.89523387671176,75270700
2018-11-15,159.86669921875,160.2946814207924,155.46321790079105,156.83275804486698,73254300
2018-11-16,159.3055877685547,160.07595873669123,157.66973221376816,158.30695282336632,65390700
2018-11-19,154.1316680908203,158.73488122392445,153.63710356449556,158.54466856373668,67280500
2018-11-20,151.37356567382812,153.4849598234004,149.44287865155306,150.62220598793937,102652800
2018-11-21,152.52438354492188,154.046114242915,151.4401551390991,153.4564504907849,42965800
2018-11-23,151.42117309570312,152.97142075976504,151.3070338384472,151.3070338384472,23503700
2018-11-26,154.92108154296875,154.99716951791413,152.89528093290326,153.5420214637902,42012600
2018-11-27,155.4442138671875,155.83415938840167,153.29476797816355,154.0746590205919,36608100
2018-11-28,160.44680786132812,160.44680786132812,155.4726754677782,156.56640903676893,70141000
2018-11-29,159.92379760742188,160.97949501686253,158.65887633995794,159.77163612088694,44885700
2018-11-30,161.08409118652344,161.17920480028232,159.3436165432954,160.1425331668902,36722800
2018-12-03,163.89927673339844,164.8313291284477,161.21722975428068,164.6411164271334,50771700
2018-12-04,157.61264038085938,163.4998152635984,157.4224276916947,163.04328739484563,70594700
2018-12-06,158.72543334960938,158.74445897623062,153.8559178202452,154.43607607763437,71715500
2018-12-07,153.48500061035156,158.94418004999903,152.9904358956336,158.0311531283826,80432200
2018-12-10,155.09231567382812,155.76757301074457,151.6113662788689,153.19966499451087,73960800
2018-12-11,155.60585021972656,157.66018189301298,154.2933581208553,157.62213065149106,59058300
2018-12-12,156.9754180908203,159.40066975868623,156.88982455852212,157.878939238218,53780000
2018-12-13,157.02301025390625,158.65886585251755,156.00534965529178,158.0026195991757,46378500
2018-12-14,153.19964599609375,155.7960848728979,152.8382317121237,155.2254467802226,56547400
2018-12-17,149.72821044921875,153.76078660574407,148.52985733061752,152.54340786269856,74834100
2018-12-18,150.66978454589844,152.12493281692863,149.35729217896943,150.88852843628678,63642100
2018-12-19,146.97003173828125,152.8572048597464,145.83824698474677,150.44145944195319,81856500
2018-12-20,144.83966064453125,148.24452158862832,143.0326182692885,146.60866628560294,99002100
2018-12-21,140.35055541992188,146.55157211696758,139.5421334993575,145.56245760793973,141129400
2018-12-24,136.8701934814453,141.14321008091792,136.83204791481845,139.3309973127968,56163300
2018-12-26,145.4162139892578,145.49250510821778,137.43290580136298,138.37717212895583,98982100
2018-12-27,145.97894287109375,146.10292684705445,140.28476155936477,143.42275393039563,85824300
2018-12-28,145.90261840820312,148.40156686060485,144.71036978719985,147.02809412059847,77856600
2018-12-31,147.13307189941406,147.81980854628125,145.65469465640192,147.33337615217619,53015300
2019-01-02,147.7244110107422,148.554211580325,143.9092145656616,144.0141330500541,58576700
2019-01-03,142.898193359375,146.17925015782797,142.58343789843747,145.5497537897727,74820200
2019-01-04,149.01202392578125,149.7464532812746,144.7294754361939,145.30174614319415,74709300
2019-01-07,150.7860870361328,151.52051637344098,148.8975690083016,149.3840012802801,52059300
2019-01-08,152.1500701904297,152.71280829109344,149.93724880271654,152.16913569790057,49388700
2019-01-09,153.3899688720703,154.05762529049682,152.1023343442476,152.74137795572858,46491700
2019-01-10,153.8287353515625,153.91457378750476,151.36793164447067,152.22635966535626,38943400
2019-01-11,153.26600646972656,153.4281505985806,152.40757839754298,152.9226381516175,30176600
2019-01-14,151.91159057617188,152.5697143004367,151.26299960377335,151.96881619500888,30710200
2019-01-15,154.87794494628906,155.08778197008252,152.5220593595544,152.60789780915445,40874200
2019-01-16,154.84927368164062,156.2131992676588,154.79203351635604,155.13540173897468,33812200
2019-01-17,156.07015991210938,156.7664292180583,154.10533598743532,154.35331852760095,39329000
2019-01-18,157.6153106689453,158.34974009478702,156.25138486048795,157.16702390092166,57183200
2019-01-22,154.458251953125,156.55660737985565,153.33276127684508,156.4803016938518,56711700
2019-01-23,154.65853881835938,155.9557063490799,152.913099040517,155.24990423562835,38106100
2019-01-24,155.66001892089844,155.88893595708493,154.57268846819773,155.16403928607107,32417800
2019-01-25,157.51988220214844,157.99678165120588,156.3753264351738,156.90945148950755,36515900
2019-01-28,155.57424926757812,155.58378202395102,154.27708126336523,155.48841079874254,33491200
2019-01-29,154.10531616210938,155.6981587947091,153.55211097861314,155.65999868339586,30784200
2019-01-30,158.0254669189453,158.59775234177135,155.36437317659684,155.85080559832298,41346500
2019-01-31,160.39083862304688,161.1824935162581,158.77891603177008,158.99828572025933,37258400
2019-02-01,159.7136688232422,160.81054660596206,159.27492935321055,159.59921757955053,32143700
2019-02-04,161.69754028320312,161.69754028320312,159.59918543318966,159.74224945898837,26718800
2019-02-05,163.1282501220703,163.31900702103167,161.8501628898289,161.91692125524708,28156400
2019-02-06,162.64183044433594,163.452550966172,161.9074010449389,163.1664228724767,27970000
2019-02-07,160.45758056640625,161.62121635748795,159.23671917147067,161.22062257669495,42036200
2019-02-08,160.77232360839844,160.80093640813047,158.87427330837232,159.05548285540357,29020700
2019-02-11,160.6197509765625,161.74524140097165,160.21915713005635,161.3541803053996,21434100
2019-02-12,162.9947509765625,163.2332007857361,161.50682649593057,161.79296917770318,29722100
2019-02-13,163.1092071533203,164.2060850409353,162.92799751808613,163.7196381010857,26094100
2019-02-14,163.3094940185547,163.89131209072673,161.98371376279482,162.52737171826888,30326800
2019-02-15,163.9962158203125,164.58756659152394,163.2331736470539,164.54942103207952,32521700
2019-02-19,164.3205108642578,164.81649048062548,163.4620974796926,163.49071028892348,19487700
2019-02-20,164.2919158935547,165.0835709938109,163.40488960344686,164.43497995524268,32593000
2019-02-21,163.6909942626953,164.30142509476437,162.82304815650116,163.8531383606397,25207400
2019-02-22,164.9022979736328,165.01674918908594,163.95803178469416,164.0438847501008,27735400
2019-02-25,165.50320434570312,166.59053460903525,165.3887385706351,166.16132797552842,32608800
2019-02-26,165.6748809814453,166.19947333458484,164.82600046593498,165.1026103220529,21939700
2019-02-27,165.5699920654297,165.7702962919532,163.8245378627712,164.91186831890695,25162000
2019-02-28,165.1884765625,165.77982737629216,164.72110974119394,165.05494526410112,25085500
2019-03-01,166.33306884765625,166.58105144044777,165.1789652250391,166.38076172614547,31431200
2019-03-04,166.36166381835938,167.6683641366198,164.50175818737736,167.4299143235754,38063500
2019-03-05,166.48561096191406,167.00065599534494,165.66534327621517,166.48561096191406,22319900
2019-03-06,165.5414276123047,166.67645126858247,165.2743649348069,166.64783844983802,27194600
2019-03-07,163.50978088378906,165.1789293920539,162.89935001149072,165.1217037718103,39407400
2019-03-08,163.26182556152344,163.3476640061986,161.51637108401604,161.67851521967663,39303200
2019-03-11,166.6573486328125,166.77181444611148,163.91041652861793,163.93902934348708,30518400
2019-03-12,167.57296752929688,168.00217421691826,166.6954740968342,167.09606797553548,33953500
2019-03-13,168.83200073242188,169.70949429975377,168.20250428560706,168.4409540991371,42426100
2019-03-14,168.54583740234375,169.14672091036007,168.49814453883297,168.94643125896084,23751500
2019-03-15,170.11009216308594,170.61560457187267,169.0895200391221,169.20397128524115,38192000
2019-03-18,170.51524353027344,171.0312406730052,169.69348272322333,170.03747595827474,32935100
2019-03-19,171.08853149414062,171.99628675819213,170.36231561865472,171.2127411199691,36893300
2019-03-20,171.7669677734375,172.81806211426408,170.31456505923165,171.0980961839602,50105000
2019-03-21,174.4520263671875,174.70046021032866,171.23186360560354,171.25097838747797,42428500
2019-03-22,170.6202850341797,174.1653254220248,170.4387310962699,173.69710813901025,70794500
2019-03-25,170.29544067382812,170.88786767962932,169.06279241815662,169.99922717092753,46336500
2019-03-26,171.08853149414062,172.65560819028082,170.21899121181193,171.61407861974072,33248100
2019-03-27,169.98968505859375,171.72876590436545,168.7475011176805,171.34655770413187,37096700
2019-03-28,170.38145446777344,171.02166120928345,169.35903953382123,170.4292341369057,30368200
2019-03-29,171.67144775390625,171.8338869790175,170.64901814958884,171.70011264184888,35205500
2019-04-01,173.94558715820312,174.15580602725447,172.73206819086062,173.43915476829955,30969500
2019-04-02,174.60488891601562,174.77689278048524,173.6971336733257,174.13668614447644,22645200
2019-04-03,175.6082305908203,176.69753996627193,175.06358319324838,175.58911580730492,31633500
2019-04-04,175.54136657714844,176.2962329206597,174.52848708364056,175.65602612798327,28530800
2019-04-05,176.44908142089844,176.55419084506906,175.83753965671633,176.0477585050576,25674700
2019-04-08,176.89822387695312,177.04154831481108,175.46492117713743,176.16245774189454,22697500
2019-04-09,176.27711486816406,176.87910665950744,175.90445675454882,176.29622965305194,25631900
2019-04-10,177.2230682373047,177.28039800142153,176.31531295140692,176.5064170252318,24563000
2019-04-11,176.80262756347656,177.51927876353832,176.4777491853887,177.51927876353832,20654100
2019-04-12,177.5670623779297,177.68172190679334,176.83129638033986,177.58617715950908,24989100
2019-04-15,177.59573364257812,177.79640240560744,176.41086500728213,177.57661886031178,21073000
2019-04-16,178.20730590820312,178.5990788199297,177.66264387283064,178.24552089895994,27195700
2019-04-17,178.82835388183594,179.57366995066067,178.30282134173817,179.40168066414992,29651600
2019-04-18,179.05770874023438,179.43991692022186,178.00661437480764,179.1246031909013,28580900
2019-04-22,179.5641326904297,179.63102713794888,178.1403803134025,178.27416920844087,17936000
2019-04-23,181.84788513183594,182.06765412547202,179.76482558278803,180.02280956563132,33665600
2019-04-24,181.27456665039062,182.23010173148836,181.21722229806582,182.00076806311395,24977100
2019-04-25,182.01028442382812,182.71738550166856,181.0260846391737,182.63139085958548,29517500
2019-04-26,182.17276000976562,182.2109895785342,180.2043600471296,181.72365734873992,26359500
2019-04-29,182.52630615234375,182.81296957840922,181.87653474790818,182.1727482753964,21716200
2019-04-30,181.1121063232422,181.40833443515652,179.8412575418928,181.05477655329352,31495300
2019-05-01,180.5292510986328,182.81299413215748,180.4050414422242,182.2969969798742,34797100
2019-05-02,179.7456512451172,181.40828704079027,178.5607828479394,180.47185244192065,44110100
2019-05-03,182.61227416992188,182.74604847186552,180.91142322507875,181.23630158975544,30386200
2019-05-06,181.49429321289062,181.74272702699452,178.45568478350373,178.7327980572204,38371800
2019-05-07,177.9588623046875,180.28080559955401,176.30577608357018,179.5163746033558,58818100
2019-05-08,177.50975036621094,178.84749360442865,176.735769308363,177.37597604238917,37165300
2019-05-09,176.5541534423828,177.1656950770109,173.99331282341956,175.53172429838594,55351700
2019-05-10,176.7739715576172,177.62439710784426,172.98049651506432,175.92354600739012,58526400
2019-05-13,170.63946533203125,173.20029248288833,170.14258298174965,172.27342223999972,67185800
2019-05-14,172.51226806640625,173.55381221038922,170.90697639912094,171.53763294568552,43360600
2019-05-15,174.9489288330078,175.38848142166228,171.3370070969473,171.37523666829608,40944500
2019-05-16,176.70709228515625,177.79641625458427,174.8151369420126,175.02535582239614,39281200
2019-05-17,174.90115356445312,177.3282210954049,174.74827901613563,174.95849792292074,44702300
2019-05-20,171.94850158691406,173.1238054262883,171.36562471725108,172.4644985956284,38608300
2019-05-21,173.7449188232422,174.22268629030924,172.8753785339067,173.42959054534123,31613800
2019-05-22,172.97088623046875,173.9742005278979,172.71288779277515,172.77978221674454,24332600
2019-05-23,170.32412719726562,171.05989328784108,169.26348268031435,170.98344873216885,45351300
2019-05-24,170.23814392089844,171.85300063920224,170.02792502382286,171.24145873324846,25903300
2019-05-28,169.59786987304688,171.67137855348753,169.57875509535384,170.71584379308337,24763800
2019-05-29,168.2028350830078,169.12970525563566,167.3046297956936,168.54682828707905,42178800
2019-05-30,168.90992736816406,169.38769487194207,167.95439236060804,168.65192883363795,30354800
2019-05-31,166.21534729003906,167.49576097545085,166.13890272340564,166.92244859616554,45446200
2019-06-03,162.5556182861328,166.21531928280427,161.7434222405892,165.76621664220048,75842300
2019-06-04,167.13262939453125,167.18995916135464,163.75002734888238,164.38068394455345,47797800
2019-06-05,168.37481689453125,168.7570250354619,166.6261862181768,168.7283601539074,34412700
2019-06-06,169.71255493164062,170.12342794193256,167.91614464590432,168.661460704815,29913200
2019-06-07,172.9900360107422,173.68758700221593,170.40054453489006,170.62031348465143,45888300
2019-06-10,175.00621032714844,176.63063131419244,174.10801977258635,174.14623475308252,41385300
2019-06-11,175.2451171875,177.1561872313345,174.65269013960966,176.8313088231564,41260300
2019-06-12,174.23223876953125,175.13044395272945,173.90736038676354,174.76733600710307,27758100
2019-06-13,175.26422119140625,175.69420900876264,174.6144644150111,174.95845758495747,23715800
2019-06-14,174.5189208984375,174.96802353823256,173.85004927969203,174.36603179120775,22844100
2019-06-17,175.56997680664062,176.05729432628678,174.70998670218293,174.90109075418312,20379500
2019-06-18,178.12127685546875,179.37302533049814,177.18484208915888,177.6435093715457,48177300
2019-06-19,178.79013061523438,179.1914535121343,177.31861332660134,178.36014283857767,31672900
2019-06-20,180.45278930664062,181.32231506946127,178.83793283520566,181.28410008506648,40922000
2019-06-21,180.18521118164062,181.33185006978886,179.80298849872156,180.24254093900237,39980400
2019-06-24,180.1909942626953,180.72727463527062,180.09522364793077,180.54531923474454,19375200
2019-06-25,177.0977783203125,180.17183380040885,176.8296381391099,180.06649197118327,33921100
2019-06-26,177.9213409423828,179.39612642748287,177.63405835279175,178.27568049044962,22595700
2019-06-27,178.601318359375,179.02268573801575,178.1129232318847,178.56301887611042,19709200
2019-06-28,178.83114624023438,179.2237707125179,178.18952400072055,179.0322440848719,21179200
2019-07-01,181.24436950683594,182.49890006809434,180.40164960190154,182.2594881813151,31025600
2019-07-02,181.96261596679688,181.98177301038794,180.66980046898456,181.18692374560092,18035800
2019-07-03,183.33209228515625,183.33209228515625,182.23078857697283,182.42232982190586,15792100
2019-07-05,182.9586181640625,183.2937861321253,181.36891928253704,182.0775839268733,21415600
2019-07-08,181.67535400390625,181.82856653240285,180.9283753444673,181.77111000764856,17598800
2019-07-09,182.58511352539062,182.81493962077874,180.66023230124998,180.8134594398715,19193500
2019-07-10,184.40464782714844,184.91219996406264,183.36081528991318,183.69599784638632,28374500
2019-07-11,184.2705535888672,185.15158764720582,183.68638795520815,184.68234966466437,23736100
2019-07-12,185.33351135253906,185.34308256660316,184.2992503445348,184.47163448547246,20211900
2019-07-15,185.92730712890625,185.96562122240778,185.24738540097874,185.76450876288774,15606100
2019-07-16,184.96961975097656,185.86981079237566,184.40461119947443,185.69744124617176,20190900
2019-07-17,184.0598602294922,185.2952337791448,184.04070318655974,184.96962249946242,16765100
2019-07-18,184.2705535888672,184.62487853283406,182.61382729506428,183.18840710048005,28877000
2019-07-19,182.92025756835938,185.6208307369131,182.72873097636193,185.5346459623956,29387900
2019-07-22,184.3759002685547,184.76853931075132,183.3320678405579,183.3320678405579,18954900
2019-07-23,185.58253479003906,185.60169183487392,184.1460632908423,185.38143696317601,23786700
2019-07-24,186.88491821289062,186.8945040406573,184.8547100321132,184.8738670751042,20422900
2019-07-25,185.11326599121094,186.28159711853715,184.7589264771587,186.2528688623358,23434700
2019-07-26,187.01902770996094,187.26802548370264,186.1954500382557,186.29122066085566,20431200
2019-07-29,186.37738037109375,186.91366071537217,185.19947785687197,186.8466329786091,20451700
2019-07-30,185.57298278808594,186.30078982918687,184.81644748303003,184.95051758566822,18705000
2019-07-31,183.00643920898438,186.1953924572326,181.30182786418408,186.07090822140398,41627500
2019-08-01,182.09669494628906,186.7221348529471,181.21566086109848,183.3224827702536,63251600
2019-08-02,179.41525268554688,180.9857938935111,178.32353519479787,180.72722499470365,55214000
2019-08-05,173.07566833496094,175.73792782741697,171.61046849244175,175.66131425631568,75040000
2019-08-06,175.49851989746094,176.01565786104544,173.40128361750791,174.67494225503128,41897200
2019-08-07,176.4466094970703,176.69559266786578,172.2712644490286,173.59282310662243,49990600
2019-08-08,180.2867889404297,180.34426008914377,176.753080453249,177.24147562321366,38418100
2019-08-09,178.5917205810547,180.03776331310692,177.1935485428272,179.42486938420234,33608900
2019-08-12,176.5423583984375,178.02670063548544,175.72835201276126,177.49042026435274,24642900
2019-08-13,180.41122436523438,181.64658329579416,176.22630917803676,176.38910751074357,40241900
2019-08-14,175.01966857910156,178.07456673429144,174.69407190497003,177.50955816226156,51000500
2019-08-15,174.8185577392578,175.81450473077172,173.4874282706492,175.24949620084996,36685000
2019-08-16,177.6244659423828,178.0745614661195,176.30292224160948,176.40826405807005,32781400
2019-08-19,180.4495391845703,180.83260701105428,179.55893388651404,180.19098484080502,22494100
2019-08-20,179.05137634277344,180.6506461116526,179.00349103935514,179.9994527453012,19902900
2019-08-21,180.6410675048828,181.21564728476403,179.99944538045042,180.62191046179072,20418500
2019-08-22,180.05690002441406,181.43591486185375,178.6395711011887,180.976233507679,24243700
2019-08-23,174.35891723632812,180.46869939744394,173.8705075755542,178.83113007467313,55372400
2019-08-26,176.99244689941406,177.04031759220717,175.3261347164842,176.3412388944307,27598900
2019-08-27,176.6189422607422,178.5246662712266,175.92944942288588,178.22779784918805,28012800
2019-08-28,177.25099182128906,177.54786024103126,175.1633270550098,176.04436109869542,21792400
2019-08-29,179.96115112304688,180.4782890557168,178.77366273371598,179.45359901925042,25358900
2019-08-30,179.53018188476562,180.9666531658967,178.51507785077297,180.9283390820433,26319800
2019-09-03,177.78726196289062,179.25246154662682,177.19352515740175,178.33312808087257,27964200
2019-09-04,180.353759765625,180.50698687631967,178.9843162091714,179.50145405463053,21592100
2019-09-05,183.6576385498047,184.18434760353284,182.27862379551337,182.34566613532485,33932600
2019-09-06,183.47572326660156,184.03116069800606,183.0735129774903,183.96413295609312,19487800
2019-09-09,183.09262084960938,184.12688186349675,182.1637016411885,184.0502683129265,24407600
2019-09-10,182.56593322753906,182.66170383011584,180.90920701326604,182.1062664827638,23744700
2019-09-11,184.28009033203125,184.37586092128998,182.4892942907074,182.9106615033813,25063600
2019-09-12,185.0462646484375,186.46359379357102,184.7972815020168,185.41017545766698,28689900
2019-09-13,184.38543701171875,185.20901441848827,184.1460251447804,184.7780759805074,27669800
2019-09-16,183.56192016601562,183.94498804702383,183.01606852782905,183.19802394473973,20319000
2019-09-17,184.44293212890625,184.44293212890625,183.18840150841046,183.5810405282784,20953400
2019-09-18,184.36634826660156,184.44296183983482,182.0584136902891,184.05989397366855,29781300
2019-09-19,184.67276000976562,185.82193420932788,184.31843507314082,184.69191705331212,26039400
2019-09-20,182.71917724609375,185.12286762264407,182.10628332552687,184.93134101231885,29086100
2019-09-23,182.7997589111328,183.34672584785073,182.05128862868426,182.6654184666423,22485900
2019-09-24,180.37203979492188,184.03762343256287,179.58517810020683,183.63460206771302,40820700
2019-09-25,182.3967742919922,182.87656378203573,178.68320832449947,180.18973970938927,34704900
2019-09-26,181.72503662109375,182.31997078769447,180.38161752482029,182.15684414982042,26826000
2019-09-27,179.47000122070312,182.1568244811253,178.2417416688545,182.06086075532104,40773500
2019-09-30,181.17808532714844,181.46596191849744,179.82507559721628,180.1993107733665,26307700
2019-10-01,179.7003173828125,182.88611123262802,179.40285031175853,181.84017390472542,32367600
2019-10-02,176.61050415039062,178.51046632294194,175.62213902857775,178.48168012654057,48544300
2019-10-03,178.54885864257812,178.6831991071799,174.47064818758136,176.59130942465268,39392500
2019-10-04,181.17808532714844,181.4371757235637,179.32610512369047,179.5180179705859,31887600
2019-10-07,180.63111877441406,182.07048697593837,180.31445601303744,180.65990496708372,21216000
2019-10-08,177.92507934570312,180.26645369732702,177.7811483986807,179.49878781518672,32379300
2019-10-09,179.66192626953125,180.4775740684059,178.89426033682744,179.431636739127,20147400
2019-10-10,181.05328369140625,181.77296764328074,179.5563434142285,179.70987950471022,25177700
2019-10-11,183.38510131835938,184.8436651644132,183.0108661796625,183.1164204311929,40976700
2019-10-14,183.3659210205078,183.9512647113539,182.943703978978,183.12602630527599,14975000
2019-10-15,185.6977081298828,186.1295156955563,183.81692709097854,183.93207187062168,23234200
2019-10-16,185.23709106445312,185.7072899626927,184.65174739195527,185.06437390306573,20457100
2019-10-17,185.7264862060547,186.63808316974118,185.0163925979353,186.3502065912057,19045200
2019-10-18,183.941650390625,185.84161218963038,183.00126732837117,185.3906090119964,27700800
2019-10-21,185.57298278808594,185.69773274390926,184.37350903444195,184.92047609427013,15801200
2019-10-22,184.09518432617188,186.56129403662348,184.03759730335958,186.30220368100092,22392300
2019-10-23,184.4502716064453,184.48864832293052,183.42351507580506,183.72099685712126,14828400
2019-10-24,186.24461364746094,186.35977304016106,184.94919127615026,185.76482433023298,18998500
2019-10-25,187.73199462890625,187.82795836508814,185.2466890671056,185.2850657763721,21507100
2019-10-28,189.583984375,189.83346958375785,188.6052099310869,188.6052099310869,18818700
2019-10-29,188.11578369140625,189.55515160204098,188.08699750455418,189.2672897335201,18569700
2019-10-30,189.02743530273438,189.34409806749397,187.39613960997087,188.48046835214672,21764300
2019-10-31,189.11380004882812,189.6607523752417,188.0198807539898,189.57439379349395,26801800
2019-11-01,190.8314666748047,190.84107183547343,189.64159811293953,189.9294600927371,22131900
2019-11-04,192.01170349121094,192.42431530354037,190.83141114941267,192.09806206002284,19015900
2019-11-05,192.11724853515625,192.44350176305275,191.4839231101749,192.25158896087882,15048900
2019-11-06,191.6854705810547,191.91577478191718,190.75467790200145,191.8965791046757,19725500
2019-11-07,192.32838439941406,193.566249331673,191.7718415440858,192.64504718110794,17832400
2019-11-08,193.09605407714844,193.11524975452707,191.4743634259289,191.98295370338664,15258800
2019-11-11,192.8369903564453,192.91374378672657,191.85821573721404,192.11730615095433,10147600
2019-11-12,193.3935089111328,194.0364396054053,192.702625631487,193.00009272292039,14778300
2019-11-13,193.44151306152344,193.6238354010179,192.5970935593562,192.7218288637373,15774600
2019-11-14,193.28797912597656,193.41272907379482,192.12689680648208,192.71224054638006,16945400
2019-11-15,194.70816040039062,194.70816040039062,193.8349400770497,194.45866051257195,18427900
2019-11-18,194.8616485595703,195.1687061217245,193.61419335367398,194.40104025332613,18365900
2019-11-19,195.14952087402344,195.60052404672632,194.4010506389015,195.60052404672632,16923300
2019-11-20,193.97886657714844,195.22632206139616,192.5107120481683,194.64097835335747,36629000
2019-11-21,193.5470428466797,193.9020969625765,192.9425181535776,193.76774187298645,17883600
2019-11-22,193.67178344726562,194.14198231214738,192.62584610992678,194.026822904048,17189600
2019-11-25,195.9652099609375,196.00358667559422,194.47785969327418,194.50664588976986,17752800
2019-11-26,196.3394317626953,196.5889169959748,195.8020699420863,196.0899465294158,14780600
2019-11-27,197.71163940429688,197.72124456463592,196.60812947424603,196.84802421051904,16963100
2019-11-29,196.80963134765625,197.5101198203373,196.71366760421546,197.21265271448692,9854600
2019-12-02,194.7945098876953,196.88638478837302,193.62382249927535,196.81922188156807,28007000
2019-12-03,193.26882934570312,193.34559743046714,191.1769393014252,192.11733735827303,31104100
2019-12-04,194.24752807617188,194.7081364391479,193.96925666863294,194.25713323499036,15300100
2019-12-05,194.63137817382812,194.93843578925498,193.68138984964185,194.93843578925498,14962300
2019-12-06,196.71363830566406,196.85756925737667,195.8979905339344,196.0515266437674,16555300
2019-12-09,195.8212127685547,197.27976170455398,195.73483956625924,196.35857444413418,13984100
2019-12-10,195.65811157226562,196.59850933903743,195.21671352354545,195.91720194817302,21799800
2019-12-11,196.69444274902344,196.89596072355087,195.79243640572696,196.09950862557653,18780800
2019-12-12,198.16261291503906,198.93988404310517,196.2242742793483,196.49295517225613,32612000
2019-12-13,198.81512451171875,199.50602238640343,197.63484674330317,198.05704909604623,32519400
2019-12-16,200.81109619140625,201.0605814537733,200.05302060165383,200.12019815806792,21296600
2019-12-17,200.92620849609375,201.23328074660083,200.590350052353,201.0701394622622,15996100
2019-12-18,201.07974243164062,201.63629989811582,200.86863392221863,201.09893810759098,15443300
2019-12-19,202.3367919921875,202.40395489621366,201.14690897590532,201.1661046522032,17865900
2019-12-20,203.1524200439453,203.9296764750993,202.73020305862477,203.29635099711848,27672600
2019-12-23,203.68902587890625,204.01598647408863,203.5159342721936,203.87174346849474,23774700
2019-12-24,203.79481506347656,203.9582953659524,203.3332227580298,203.87174956001016,7089000
2019-12-26,205.59310913085938,205.61234642306343,204.09292316154423,204.121771762973,17067500
2019-12-27,205.42005920410156,206.33363267348045,204.87190631821971,206.31439537737296,18134100
2019-12-30,204.07371520996094,205.4392695794999,203.0639700661189,205.31424918182017,21815500
2019-12-31,204.45840454101562,204.60264758075056,203.10246127247572,203.41981063365046,18170900
2020-01-02,207.8722381591797,207.8722381591797,205.77581365470817,206.17970872281657,30969400
2020-01-03,205.9681854248047,207.20873416075625,205.10269790920424,205.12193520419174,27518900
2020-01-06,207.29530334472656,207.32415195358138,204.10260168347207,204.35262785146676,21655300
2020-01-07,207.2664031982422,207.85301588869075,206.61248199512164,207.3721862956593,22139300
2020-01-08,208.8242950439453,209.77634296018044,206.9106025755228,207.23756319064205,26397300
2020-01-09,210.59375,210.99764509645493,209.3628274183027,210.54566410604605,23547000
2020-01-10,210.0552215576172,211.44001321634363,209.68017503952507,211.42079059657365,21898500
2020-01-13,212.4785919189453,212.5074405203136,210.58412216906947,210.92070875003898,22756900
2020-01-14,211.6419677734375,212.7286474126699,211.3150071528075,212.37282351492027,24418100
2020-01-15,211.72848510742188,212.71899281972009,211.03608937229546,211.75733370690602,25742100
2020-01-16,213.7576141357422,213.7960887225449,212.3343625729061,212.78634358842757,18805000
2020-01-17,214.81546020507812,214.98855183654163,213.60376008980765,214.7192884050941,24325200
2020-01-21,214.7192840576172,215.2578109096086,214.12305999630613,214.2192171205868,21146300
2020-01-22,215.28665161132812,216.5175742774816,215.0173881952168,215.80595582365405,20736400
2020-01-23,215.97906494140625,216.07523674370347,214.16152939854098,215.16166331690735,26496100
2020-01-24,214.16148376464844,217.21956740624458,213.17097604182496,216.98876393416538,37436500
2020-01-27,209.73788452148438,210.8726353726684,208.85314511449516,209.32436342107036,42264400
2020-01-28,212.9594268798828,213.4498824630275,210.66106197910676,211.21882607589092,26731900
2020-01-29,213.30564880371094,214.3827025332912,212.36322679032824,214.14228770624155,28924500
2020-01-30,214.0653533935547,214.16151051361587,211.26692147430174,211.9304686998726,39568100
2020-01-31,210.6707000732422,214.98854073774663,209.92059235435522,214.95969213399204,52015800
2020-02-03,213.85374450683594,214.34418534040935,211.55537996136025,211.69962294954283,25408600
2020-02-04,218.74862670898438,219.1236732225691,216.03674063094454,216.77722234834454,30691200
2020-02-05,219.46987915039062,221.4220462890494,218.15241064983184,221.3835863748112,38534800
2020-02-06,221.36434936523438,221.4220465735438,219.23907592538316,220.0180175850722,22467100
2020-02-07,220.41229248046875,221.60475520767545,219.77759386725768,220.3738325677387,25884900
2020-02-10,223.07611083984375,223.08572215037094,219.6237574459927,219.68145465666888,21478900
2020-02-11,223.1145477294922,225.04749213019588,222.52793502523087,224.3070104308403,30198000
2020-02-12,225.2879180908203,225.39370119596765,223.87427781010385,224.43204193963024,24471300
2020-02-13,224.99937438964844,225.92255888204085,223.4511026958156,223.7203660622428,22773200
2020-02-14,225.6437225341797,225.8552887399871,224.5955174887056,225.3552218286464,23438500
2020-02-18,225.7302703857422,226.15340280118477,224.30701881232625,224.54743362348628,24394500
2020-02-19,227.89402770996094,228.36524607206078,226.80736262711892,227.07662607010252,22230500
2020-02-20,225.7783660888672,227.86516497952084,222.98956002778772,227.3939613203851,42604000
2020-02-21,221.44126892089844,225.0378649511475,220.5276956122324,224.65320713921074,66017200
2020-02-24,212.90171813964844,215.65206388924403,211.81503860705786,213.18059283605228,84522600
2020-02-25,207.11257934570312,215.40209331436807,206.5067439045985,214.69046007903367,97743000
2020-02-26,208.1799774169922,211.8342852750499,206.66055413539829,208.40116959587468,79537700
2020-02-27,197.75563049316406,208.1223172352508,197.62099876951712,202.81395345162193,121822600
2020-02-28,197.9094696044922,199.2269380349233,190.57200509018244,191.02398609564153,148173700
2020-03-02,208.12232971191406,208.26658742902785,198.04414310882726,200.87142414866224,112933900
2020-03-03,201.44834899902344,211.18996061166084,199.65966244310118,208.78581280390264,131953500
2020-03-04,209.85325622558594,209.95903931668644,203.26588532490467,205.1411323647545,73086200
2020-03-05,203.47747802734375,208.0645967774668,202.04461513012131,204.535309076221,78705500
2020-03-06,200.0443572998047,201.1310222524558,195.1302780434631,196.82279300712034,89828400
2020-03-09,186.1483917236328,193.44738205285324,184.7443627345918,186.06183123737765,116424000
2020-03-10,196.28427124023438,196.46698884659256,186.25415757434294,193.39929347354067,100599200
2020-03-11,187.73513793945312,193.05311292738796,185.3406008950615,191.7067957179451,89168800
2020-03-12,170.52137756347656,183.4652992311307,170.15594245507646,175.10848033799175,137820700
2020-03-13,184.96551513671875,187.0234651057061,171.30034699894068,179.89758204304093,134882000
2020-03-16,162.8089141845703,177.5992234918401,162.67428247633464,167.4729527492574,92054400
2020-03-17,175.1566162109375,177.3203495358263,163.27050722593142,168.74235073756225,121257100
2020-03-18,169.8290252685547,172.3485677463704,160.40476191415064,165.03034044579172,114156300
2020-03-19,170.84837341308594,176.45484819243686,165.0495697325168,168.95390365488956,120896500
2020-03-20,164.15521240234375,175.85860238520996,163.57822572210722,174.77193753424189,118983900
2020-03-23,164.2737579345703,167.88766482176584,158.9444363829632,164.71705561125242,124639800
2020-03-24,176.9947052001953,177.15853387926037,171.4919232397234,173.38079835457728,94881800
2020-03-25,175.68406677246094,182.6323969919793,173.4482559395619,177.72712413664274,88754900
2020-03-26,184.9356689453125,185.7259170321689,176.9465313596692,177.19709029439093,79887600
2020-03-27,178.57521057128906,183.59612425635424,177.958437641501,180.14604562549948,58845000
2020-03-30,185.07057189941406,185.5042524838166,179.5774364489023,180.2713077379169,49356900
2020-03-31,183.4901123046875,188.16410491571844,182.33366492098668,184.7622147202768,62659300
2020-04-01,175.69371032714844,180.84955715500794,174.29633581554035,178.06443992386247,53715400
2020-04-02,179.25941467285156,183.20099365504453,174.40233025207831,174.6625356672166,56465300
2020-04-03,176.7152862548828,180.28102074647305,174.71077009207983,178.81617918422663,47487600
2020-04-06,189.3494415283203,190.47697870613135,182.324013049644,183.5671905415819,64763500
2020-04-07,189.2723846435547,195.3052105755976,188.88690704180706,195.02572681505686,69904500
2020-04-08,193.29104614257812,193.86926249506448,189.0507193658785,190.9588583276287,45940400
2020-04-09,193.5705108642578,195.84486375879908,191.80692235363662,195.00644197859563,68252600
2020-04-13,195.6617431640625,196.0375889054324,191.53707180055815,192.74170747225978,42853900
2020-04-14,204.17127990722656,204.78805274847983,198.92870340406157,199.7093049229107,63959600
2020-04-15,201.82948303222656,204.14239247223853,199.6033185411718,200.91396281233742,47036000
2020-04-16,205.5108642578125,206.5902132120809,202.08006390600804,204.0074811557882,64657400
2020-04-17,207.476806640625,208.6525322445212,204.3833104391636,208.32487486770435,62863200
2020-04-20,205.0193634033203,208.04540767957292,204.85553471347845,205.61685800215838,38249100
2020-04-21,197.4542694091797,203.4967269058815,196.2400017750931,202.95705240184301,72932800
2020-04-22,203.31362915039062,204.6435518851227,200.7694387263562,201.5114985556661,40089100
2020-04-23,202.8799285888672,206.6576643500485,202.47517276142193,204.10382786291873,43278500
2020-04-24,206.07945251464844,206.52276496026323,201.896960536792,203.31361341719932,34231900
2020-04-27,207.737060546875,208.76823599136537,206.71553160132342,208.34420177886574,36451700
2020-04-28,203.8243408203125,209.43313115803485,203.54487183502485,209.43313115803485,46862800
2020-04-29,211.0522003173828,211.98699891071587,207.3322842350032,208.3441812871194,48716400
2020-04-30,210.9654541015625,212.05443482502966,209.46207103162277,211.9677045798469,43359500
2020-05-01,205.0193634033203,208.80673096825288,203.99781998220683,206.71548516729402,48795000
2020-05-04,207.4093780517578,207.63102692515653,203.45816668146077,203.78583880021242,32841000
2020-05-05,209.7607879638672,212.15078083900826,208.98018646023408,209.54877092522312,37783100
2020-05-06,211.0522003173828,213.01815954875732,210.19450018283288,211.43767790627118,36455200
2020-05-07,213.7698516845703,214.64681534695148,212.42065080278329,213.7698516845703,38624800
2020-05-08,216.6995086669922,216.83442727798635,214.40587757506572,215.4370527987556,31852300
2020-05-11,218.6365966796875,219.6581255891407,215.14797575381257,215.37927114473774,35714100
2020-05-12,214.05897521972656,219.8219639270726,214.03006513465863,219.2341010223108,41054100
2020-05-13,211.3798065185547,216.458554134419,208.84526331096075,214.57932561015008,65521200
2020-05-14,213.7794647216797,213.81800659262302,208.15141044234167,210.05954921207797,51549300
2020-05-15,215.1671905517578,215.2250107061697,210.40646843819033,210.8401343013037,55747200
2020-05-18,219.1762237548828,220.38085941647813,217.28736327231547,218.0679648282252,42398100
2020-05-19,218.62696838378906,221.50846285025565,218.48241795279097,219.43648020743547,36237300
2020-05-20,222.99253845214844,223.3491059382722,221.15185144670252,221.17112973663603,37417000
2020-05-21,220.56396484375,223.71529582980037,220.05320050321595,223.04070280504075,43642900
2020-05-22,221.3253173828125,221.52768795105138,219.24370330791353,220.15922352357873,28762400
2020-05-26,220.7278289794922,225.09344281630445,220.4869018101662,224.89105752385854,33055300
2020-05-27,221.9324188232422,222.04807383996396,215.81287881385668,220.39049408218747,55665600
2020-05-28,221.64334106445312,224.99704279722127,220.73745264867057,220.79527281052464,42784300
2020-05-29,224.8910675048828,225.1223628915109,220.45800151052697,222.01921963646743,50691800
2020-06-01,225.565673828125,225.9415196626811,223.58043610175028,224.0237486090613,25776000
2020-06-02,227.07864379882812,227.13646395735796,223.59000894893595,225.98964846309943,33383400
2020-06-03,228.1001739501953,228.85186542597955,226.8088080512865,227.68577163635135,37228700
2020-06-04,226.50038146972656,229.16021132931706,225.19936926268534,227.75320531631755,38716100
2020-06-05,230.99136352539062,231.57922647879383,227.07870816881777,227.64729282890454,47365600
2020-06-08,232.78382873535156,232.90910086117952,229.2759298166538,230.8467649260939,32937300
2020-06-09,234.47032165527344,235.31837528293485,231.74302436267436,231.92613136223463,35046300
2020-06-10,237.28436279296875,238.82630263073705,235.636414407541,236.15682535242476,58084400
2020-06-11,225.52708435058594,234.74976774675312,225.46926418901526,233.37167154589946,72919400
2020-06-12,227.3195343017578,231.6754855327552,223.329782250786,230.4130299248544,72034800
2020-06-15,230.0854034423828,230.7599964486435,223.06960676722227,224.00440518483518,45307400
2020-06-16,234.03663635253906,235.5207411070532,230.42272914947344,234.93287828048682,48890100
2020-06-17,234.77867126464844,236.59044803668823,233.9209712469323,235.53036275410633,34749300
2020-06-18,235.41473388671875,235.655661034933,233.6897019757161,234.46065708598084,30578600
2020-06-19,235.3761749267578,238.0360051561511,233.65112843595384,237.77579973756127,49422100
2020-06-22,238.19895935058594,238.32444930956873,234.95526707943029,235.2448706236963,24068700
2020-06-23,240.22630310058594,242.45633919542195,239.24162140325586,239.79188297169324,32767400
2020-06-24,235.2738494873047,240.69930535245086,233.77750065197648,239.47326298317702,46032400
2020-06-25,237.51356506347656,237.81283192389154,232.79283509576436,235.36076159255003,36940800
2020-06-26,231.90464782714844,237.4459597314604,231.3833319883449,237.27218287499343,52824600
2020-06-29,234.43394470214844,234.4436079737528,229.13399376148874,231.66329618153986,34377800
2020-06-30,239.02919006347656,239.56980298580513,234.1829561144359,234.36638151249682,38909200
2020-07-01,241.8191680908203,242.81351294483457,238.52720341887877,239.06781638060323,34689200
2020-07-02,243.46031188964844,245.46831335527858,242.99693146853318,244.2615827675632,31956500
2020-07-06,249.44566345214844,249.96694976216165,246.58810471170412,246.60741652227344,34589000
2020-07-07,247.72732543945312,251.84953649293794,247.42805857352045,249.194728871071,36578200
2020-07-08,250.99029541015625,251.01925576540253,247.62111308465714,249.04989268626372,30426300
2020-07-09,253.10455322265625,253.77067102162437,248.7120646282576,252.90183068507554,40312900
2020-07-10,254.8326416015625,255.083651091694,250.28568717921198,252.95979262413763,32885300
2020-07-13,249.59054565429688,260.451122531407,248.76996284245294,257.6708101370748,64108100
2020-07-14,251.35716247558594,251.7626369364563,244.01058569743407,247.0708528547164,72230500
2020-07-15,251.86883544921875,253.596882126876,248.5768704383118,252.7666360536843,54523900
2020-07-16,250.15042114257812,250.78757843319028,246.7715754706991,249.08849232489118,47594100
2020-07-17,250.44000244140625,251.29917912928087,248.2678878152148,250.60410127045202,35137900
2020-07-20,257.5453796386719,258.1728739245961,249.83196379926417,251.07728909463103,40610100
2020-07-21,254.86151123046875,259.11886046477593,254.02163141861445,259.10919719207044,43243800
2020-07-22,255.75927734375,256.6860675628596,253.46165779998,255.35383240143372,29865500
2020-07-23,249.07887268066406,256.0585839961101,247.66939005102282,255.35387214248735,51363500
2020-07-24,246.71365356445312,248.03622557867962,242.62043282649148,245.24626504091694,54054500
2020-07-27,251.11587524414062,251.50202325003588,247.57292972701597,248.3548890138453,36445700
2020-07-28,247.92039489746094,250.85517207168962,247.63079132748985,250.33385618454435,31302400
2020-07-29,250.77789306640625,251.63709931721627,248.982292237495,249.45532116229973,27556900
2020-07-30,252.09092712402344,252.6508373219631,247.66944842439744,248.81825864583706,41774500
2020-07-31,256.5895080566406,256.7439730840232,251.82050713302314,256.7053494618797,53686300
2020-08-03,260.05523681640625,260.7985721481566,258.59749704330943,258.7230017206213,32081600
2020-08-04,261.02069091796875,261.11723526948975,258.80995195129617,259.55328748172855,24911300
2020-08-05,261.6675109863281,262.1212429734915,260.6152451993328,261.5034120857048,21612100
2020-08-06,265.1331787109375,265.46140586287095,260.83720646063387,261.4743636830434,28048200
2020-08-07,262.0729064941406,265.36487086171775,259.9297519293119,264.5925456583775,44969400
2020-08-10,260.9530029296875,262.56520752010675,257.4390197320876,262.36245562435425,35088400
2020-08-11,256.0103454589844,261.07861462933755,255.46973243770935,259.7946366079094,43104300
2020-08-12,262.44940185546875,263.39548922040774,258.11483511213305,258.16312201124356,38773400
2020-08-13,263.0479736328125,265.3166035911343,262.1115495090623,263.2217357684701,31895700
2020-08-14,262.739013671875,263.9360808630811,261.3488578221937,263.6657744179316,30799500
2020-08-17,265.7896728515625,266.2916621954299,262.7776778659631,264.4477742287283,24803000
2020-08-18,268.347900390625,268.82092931471396,265.39382651055513,266.85156636879645,23529500
2020-08-19,266.5426025390625,269.3615081060216,266.0309500549863,268.3092427882494,31999400
2020-08-20,270.239990234375,270.72268233115824,265.345485302308,265.75095962652847,27723400
2020-08-21,272.1128845214844,272.56661634860194,269.78630468125954,270.43312516462856,34748900
2020-08-24,273.81201171875,276.0999682805702,271.5336889683606,275.375929902212,36418500
2020-08-25,275.96484375,276.15793246576965,272.59566072659135,273.0397294194196,34866600
2020-08-26,281.8536682128906,282.1046776263631,275.93585613948716,277.21017083084166,42216700
2020-08-27,280.9751281738281,283.6782222700031,278.71613213005304,282.8286792529537,49482700
2020-08-28,282.4039306640625,283.0314247058388,280.8593095496304,282.2108419768095,28021000
2020-08-31,284.6725769042969,286.4778411473566,282.4907985769904,282.92523337247576,36321000
2020-09-01,289.53814697265625,289.65398840477394,285.55110407048033,287.3177448326724,36216200
2020-09-02,292.27984619140625,292.99422135625616,286.61304339494706,292.78183556924677,50836800
2020-09-03,277.4611511230469,288.2831026681369,274.5649977436825,287.78111335507754,110083300
2020-09-04,273.763671875,278.9284838673966,262.39144578992153,275.67514343024635,123959000
2020-09-08,260.6055603027344,268.58927959574385,260.3255905456521,262.7969725347713,99568600
2020-09-09,268.2610778808594,270.35594596864087,263.5499963099518,266.0986258002592,64837900
2020-09-10,262.9128112792969,272.43151777218367,261.19442804719154,271.21512387420904,69667500
2020-09-11,261.0882873535156,265.69316147465753,257.66115420898177,264.6601928404312,71809000
2020-09-14,265.63519287109375,267.6238825116964,263.51133526404436,264.86286762253224,38525200
2020-09-15,269.40020751953125,270.74210617222377,265.60625334599047,269.3712471617637,41849900
2020-09-16,265.1041564941406,270.6551159681372,264.7566323032266,270.19175038025173,42321000
2020-09-17,260.9627990722656,264.90155568379043,257.4487846242674,258.28866459914525,81570800
2020-09-18,257.63214111328125,262.6714490748719,253.5389205101117,262.3818455269854,86251100
2020-09-21,258.25006103515625,258.385199568365,251.1061909486962,253.38451407680452,57168600
2020-09-22,263.0479736328125,263.62718075167135,257.3135874665396,260.64414624476314,41128900
2020-09-23,255.0159149169922,262.91275125598963,254.1374116869291,262.72932588591107,48837300
2020-09-24,256.2033996582031,259.3988199097731,252.1777334392944,252.34186176277635,70631700
2020-09-25,262.1597595214844,262.97067880238035,255.15106003926695,256.7053440902108,55242400
2020-09-28,267.6046142578125,267.6046142578125,262.26603877075706,267.0060510777449,58438300
2020-09-29,266.3978271484375,268.09688359622004,265.8378877188012,267.04461817433645,27050000
2020-09-30,268.2224426269531,271.3599424470923,266.3206338652208,266.5909403635849,49380800
2020-10-01,272.479736328125,273.0879331903187,270.15315647905015,272.0356677704886,50020200
2020-10-02,264.81463623046875,272.4701287186663,263.97475637727064,266.4654355785202,75497400
2020-10-05,270.4621276855469,270.78069161071824,266.6681736343385,266.77435178899657,28184600
2020-10-06,265.63519287109375,271.45646001542025,264.7566894727777,269.77670047424215,49704200
2020-10-07,270.23052978515625,271.02212294120346,267.6818997377659,268.2707997934519,27539700
2020-10-08,271.6688232421875,272.69212833310576,270.6068945267459,272.62454435548824,25443300
2020-10-09,275.82000732421875,275.8972545853116,272.92385371839447,273.3100016402648,30201100
2020-10-12,284.334716796875,287.1632865219897,279.44987321972303,280.49247559449736,79370700
2020-10-13,284.32501220703125,286.76743364068807,282.9638166230446,286.13030584164267,64240000
2020-10-14,281.9501953125,286.09170307543957,280.2125149932846,285.12631857338727,36949100
2020-10-15,280.05804443359375,280.64691482689796,276.62127803072656,277.25843532490256,42514200
2020-10-16,278.52313232421875,283.1183431837702,278.1755785334822,281.69922658243195,40570700
2020-10-19,273.97601318359375,281.39018593263944,273.0009952143192,280.43443557937655,36756800
2020-10-20,274.5649719238281,277.6638474991976,273.155518994216,274.70977368694014,32195400
2020-10-21,274.3526611328125,277.37431974705373,273.86996881644683,274.81605636255586,29306100
2020-10-22,274.343017578125,276.08072771866506,271.09933912037513,275.182897555178,32196200
2020-10-23,274.8836364746094,275.04776484037444,272.026105944964,274.91259683783807,24658500
2020-10-26,270.7613830566406,275.42417707653493,267.17981492766694,272.6052709268055,38421100
2020-10-27,272.8756103515625,273.69619314111293,270.5007725214233,271.755760697536,30559100
2020-10-28,262.2370910644531,268.99478337214543,261.986081636869,268.38658635066105,53413500
2020-10-29,266.82269287109375,269.81536188891846,263.0866293137261,263.5500245783586,43246300
2020-10-30,260.05523681640625,265.71237487683584,257.82520135996344,264.8435348677736,65838300
2020-11-02,260.6344909667969,264.05193053137674,257.7286744946711,262.43975508134366,39987400
2020-11-03,265.142822265625,267.23771939786616,261.46471002109524,262.54593584630584,43604100
2020-11-04,276.97845458984375,278.7740555157782,272.112908738971,273.7733711624564,75728200
2020-11-05,284.1995544433594,285.16493893434745,281.89227136852344,283.36930846128735,52054200
2020-11-06,284.4118957519531,285.1359340820166,279.79735930679647,283.54305564811597,40959800
2020-11-09,278.600341796875,288.78516713586663,278.14660985053433,287.3467240295694,86537100
2020-11-10,273.6092834472656,276.73711974817496,270.9061892150607,275.298706294445,69024900
2020-11-11,279.7298889160156,280.2029180063394,273.5707296221009,276.12899326549075,36102900
2020-11-12,278.41693115234375,281.9599058314779,277.30674468119554,280.6952542787749,34414600
2020-11-13,280.8592834472656,281.47714362009503,277.9052094662623,280.12561131852397,24806900
2020-11-16,283.05078125,283.3500481241214,279.951875419981,280.56007244196974,30168400
2020-11-17,282.1529541015625,283.5720706805654,281.51579671290807,283.24384344299204,21843500
2020-11-18,280.0675964355469,283.21475835866573,279.9807153927917,281.60258324111805,28069600
2020-11-19,282.2591552734375,282.56808541745164,278.8513487992569,279.51746653301234,22718400
2020-11-20,280.328369140625,282.92525592588436,280.2414880668414,282.1818909704052,25907300
2020-11-23,280.33795166015625,282.6162443907309,278.0982530882359,281.322633007257,26875600
2020-11-24,284.2767333984375,284.76908884915287,279.60427663580543,281.39987740233255,24516800
2020-11-25,286.02410888671875,286.6612661706886,284.39260677955264,285.33869416384647,23326800
2020-11-27,288.6595458984375,289.77939513227244,287.58795409126907,287.98376515797537,17163100
2020-11-30,289.24847412109375,289.5863645590646,284.57601708117227,288.97816766295597,27836200
2020-12-01,292.95562744140625,294.5774960981829,290.41666101316673,291.5172136923651,27521300
2020-12-02,293.3320617675781,293.6699522066538,289.9532162992099,291.7874408040852,23620000
2020-12-03,293.7471618652344,295.29178278596623,293.02312357062823,293.64098372339845,22828700
2020-12-04,294.94427490234375,295.08910615271844,293.11971343632354,293.7954649395466,19332100
2020-12-07,296.6143493652344,296.98120014170644,294.9442237896301,295.1276491778661,20851000
2020-12-08,297.61846923828125,297.91773615027665,294.3940877475018,296.14143176703794,18341500
2020-12-09,290.8800048828125,297.68595390627206,289.8180760276323,297.40601360992247,48839300
2020-12-10,292.0481262207031,293.1679758446329,287.77147969446355,288.85270568689265,27519500
2020-12-11,291.4012756347656,291.52678031564784,288.1382717765993,290.39726764890077,26760400
2020-12-14,293.5154724121094,295.4558749642355,292.52112768841306,292.5886822038774,28804800
2020-12-15,296.6529541015625,296.6529541015625,293.5830095925023,295.7647875697483,25709000
2020-12-16,298.2845458984375,299.066505071695,296.00622291051167,297.0488547823218,25461900
2020-12-17,300.2345886230469,300.4662714825039,298.68033367219317,299.87740106098477,23730500
2020-12-18,299.32708740234375,301.18063842995906,296.9618838165692,300.8717083484908,41173400
2020-12-21,298.7671813964844,299.2990935276684,293.62201914030925,296.3880094458271,37095500
2020-12-22,299.5794982910156,300.49825806935934,296.76513423614824,299.66653682698967,26176300
2020-12-23,298.0708312988281,299.98573850486457,297.91608625441927,299.6279035023062,21201300
2020-12-24,299.38604736328125,299.83092081153956,298.2545169274472,298.33187467360824,16785000
2020-12-28,302.4035339355469,302.8774497938155,300.15977536437543,301.98767328642157,22497700
2020-12-29,302.67437744140625,304.3475306001186,301.7749495213759,303.728550409173,25871900
2020-12-30,302.6839599609375,304.15399316527294,302.0649799709497,303.83485189921635,18138100
2020-12-31,303.42864990234375,303.9122169632015,301.5137432306854,302.5872479387859,21611400
2021-01-04,299.1443786621094,304.9278537680469,295.150108336895,304.75374712181065,45305900
2021-01-05,301.6105041503906,301.88133010233867,298.15785695282773,298.15785695282773,29323400
2021-01-06,297.43255615234375,301.6299163936278,295.9238286744482,296.9102952516559,52809600
2021-01-07,304.62799072265625,305.4597121035688,300.0534345838422,300.0824474339996,30394800
2021-01-08,308.5447692871094,308.89295288648475,304.7245780519182,306.9103104105977,33955800
2021-01-11,304.08636474609375,306.7653160010453,303.43837181030807,305.59509181926586,32746400
2021-01-12,303.6028137207031,305.2082306926176,300.97220723304343,304.1250449943924,29266800
2021-01-13,305.6531066894531,306.4461343175592,303.2642839890913,303.8639024822471,22898400
2021-01-14,304.01873779296875,307.0942184378253,303.54482181520956,306.09807107746224,23500100
2021-01-15,301.6105041503906,304.7633715752926,300.3725733632766,303.80591801369764,35118700
2021-01-19,306.010986328125,306.5138855699689,302.8291060202741,303.92197256919115,24537000
2021-01-20,313.1290588378906,314.0671802809424,306.10768395367444,309.6183861530807,30728100
2021-01-21,315.6340026855469,316.3787151432726,313.0904637312688,314.46377819932434,25130600
2021-01-22,314.7248229980469,315.73062131121765,314.0381364684902,314.5990908302522,21609400
2021-01-25,317.3264465332031,319.46383475865406,310.8466639106973,318.1001717442031,39080600
2021-01-26,317.7906494140625,318.92220950769524,316.46568017325393,318.0421137714467,25498100
2021-01-27,308.9317626953125,315.5469590574112,306.92978721985304,315.5373077824521,55264000
2021-01-28,310.7596130371094,315.6920040712482,309.5120014751254,310.1309816193833,42836300
2021-01-29,304.2216796875,310.17922888483236,302.4808502303407,309.0766819179333,55259000
2021-02-01,311.8234558105469,312.9066415105271,305.63377264277995,307.65507979981385,35646000
2021-02-02,316.91058349609375,318.0614757583533,314.61847975995283,314.7829055893894,33930800
2021-02-03,315.6533203125,319.3477806883452,315.5952946114845,318.98026490551473,24824500
2021-02-04,319.38641357421875,319.47345211722893,315.7306471948117,317.0459651565781,22350900
2021-02-05,320.4696044921875,321.4754324188939,318.69976172611615,320.33422103904036,22732000
2021-02-08,322.61663818359375,322.7713832092088,320.517973336868,322.1524326213444,20462800
2021-02-09,322.5489807128906,323.8062435394425,321.67853620186503,321.6882169898623,17597500
2021-02-10,321.81396484375,324.43489074863766,318.67077810973893,323.9803364095967,28068700
2021-02-11,323.583740234375,323.9899495754875,321.2045984209813,323.3419566899157,22046100
2021-02-12,325.3923034667969,325.5566997476081,321.6978438520274,322.74233576973455,20346800
2021-02-16,324.51220703125,327.07510667381933,323.35163422368265,326.1853302527387,27080800
2021-02-17,322.9551696777344,324.6283227454087,319.3187645548896,321.54316177654357,31360300
2021-02-18,321.5430908203125,322.89707272229566,317.5681541311923,319.3767197771394,32236200
2021-02-19,320.1407165527344,323.0131059869541,319.12523756183043,322.8873738326423,39157700
2021-02-22,311.8427429199219,317.0265678839029,311.6396530090998,315.76930527364266,47256900
2021-02-23,310.91436767578125,312.5778399716038,300.7787888600022,306.58159507595076,97241900
2021-02-24,313.4771728515625,313.7866628394584,305.5756744623238,308.26430601366644,58206300
2021-02-25,302.548583984375,313.3804990158397,301.01084412177386,310.8272800316736,110182600
2021-02-26,303.8155822753906,308.62221139824015,300.6627150219933,305.46937365943927,104739800
2021-03-01,312.9549560546875,313.2934589317363,307.4906536609349,308.77692917620794,49164500
2021-03-02,307.935546875,313.670646035131,307.6841120337371,313.59328827964913,48370000
2021-03-03,298.99932861328125,307.7808975638763,298.94130289997594,306.84277584596714,86301100
2021-03-04,294.1054992675781,301.78454673665533,290.24661396080927,298.63167998067786,139131600
2021-03-05,298.5350036621094,299.4344314626073,287.6741045435682,296.71678648609463,121523700
2021-03-08,290.082275390625,299.8696701583811,289.6664147092332,297.99342718350005,88409800
2021-03-09,301.52349853515625,303.4191033182554,296.83292003814176,297.36483218277186,80391100
2021-03-10,300.6626892089844,306.0689659241823,299.97603218104314,305.7691566789716,76798100
2021-03-11,307.58740234375,309.3475643461397,304.50224155246616,305.39198858407474,53484800
2021-03-12,305.0922546386719,307.7712362118473,301.156039480174,303.54483346711345,69315600
2021-03-15,308.35150146484375,308.51592732790226,303.7769738455357,305.411433627344,42955700
2021-03-16,310.0439147949219,313.5449659100005,308.61257485615175,310.5371627546861,54925900
2021-03-17,311.3205261230469,313.20644981907077,305.30494957992335,307.01679618497184,78258700
2021-03-18,301.7845764160156,307.4326368340363,301.33002214277894,306.4558218072821,82718100
2021-03-19,302.8484802246094,304.3862203790687,299.4828418868912,301.6202006470969,78446200
2021-03-22,308.52783203125,310.5904346454932,305.2354281706355,305.2354281706355,56194800
2021-03-23,307.18182373046875,310.92935589537336,306.3684084161531,309.6124062108261,53455400
2021-03-24,302.00115966796875,308.58599773415375,301.85591218860037,308.5472552223629,64803700
2021-03-25,301.4782409667969,302.9889034167628,297.6629457614359,300.16129107692655,78729000
2021-03-26,306.00042724609375,306.31997165146953,299.8707481461718,301.26515328513955,63519600
2021-03-29,305.91339111328125,306.95920273953146,302.5822436342856,305.4679555643121,54608000
2021-03-30,304.3735656738281,304.94489198113837,301.68153805450237,303.9571798221755,44635700
2021-03-31,309.0313720703125,310.59041062699464,305.8164239206907,306.15535434010434,55032500
2021-04-01,314.29925537109375,314.4348098188247,312.59493967248017,312.84672164210474,55685600
2021-04-05,320.57421875,321.33922820909277,316.5361910716538,316.7782800541117,42172500
2021-04-06,320.3514709472656,322.2978459984403,319.576768580739,320.2643224720077,33537200
2021-04-07,321.1260986328125,321.9588998658076,318.94729840193827,319.8769115592545,32046400
2021-04-08,324.47662353515625,324.6606134871722,323.1790304090611,323.9730891965119,29940800
2021-04-09,326.4423522949219,326.64572825459874,322.38496939231305,323.1208995759563,36664900
2021-04-12,326.016357421875,326.43274331989136,324.1377448216692,325.40628854475295,25833000
2021-04-13,329.822021484375,330.28681339758487,327.3236467433661,327.53668622087946,30374000
2021-04-14,325.86138916015625,330.1899403623639,325.04797391065114,330.0640493918683,42564300
2021-04-15,330.8000793457031,331.18744538764105,325.5806558668332,328.72781287035906,36342800
2021-04-16,331.1874694824219,331.40050900023493,329.3185198049282,331.32302396545816,40860100
2021-04-19,328.1564025878906,330.7709453921216,326.23904755662335,329.61862923278056,34533100
2021-04-20,325.76458740234375,328.7761598402926,323.7988262550352,327.4979526077044,38081800
2021-04-21,328.553466796875,328.73745677374353,323.401806548308,324.48636037919044,36598100
2021-04-22,324.5928649902344,329.14411936500744,323.4405192631022,328.16610013539673,45936100
2021-04-23,328.6793212890625,329.9865779085582,325.22228417309697,325.22228417309697,36381900
2021-04-26,330.81939697265625,331.1002284294274,328.1757749976614,328.92142787751504,30812000
2021-04-27,329.38623046875,331.322942133481,328.4372606662317,331.1099026682856,33187200
2021-04-28,328.27252197265625,330.0639855988093,327.62371077006657,329.05688758136205,33615700
2021-04-29,329.45404052734375,331.95238570896,326.23909189522413,331.53599977067,37708900
2021-04-30,327.2945861816406,329.49277288707975,326.38432931321546,327.01378426086353,38263400
2021-05-03,325.5516052246094,329.2410392116246,325.10616974020235,328.4954157320867,29729700
2021-05-04,319.6930236816406,323.3243582233889,315.88736262246255,323.0047842346644,65147000
2021-05-05,318.61810302734375,322.5980606740514,317.8434302194345,321.7362098397695,46219300
2021-05-06,321.0196533203125,321.1745938006215,316.1197751440553,318.3566747657434,46814300
2021-05-07,323.62457275390625,325.99702711818975,321.19398984445587,323.78917671759706,53324500
2021-05-10,315.4515380859375,322.42368085988534,315.2481621271944,322.24938393970706,60700500
2021-05-11,315.01580810546875,315.8098669165406,308.92484213565723,309.5833465080843,71963600
2021-05-12,306.8623046875,312.4109648887553,306.0004537815061,310.09660973504145,91164900
2021-05-13,309.2347106933594,312.1978768191362,306.8719203829938,309.79637355749134,69877800
2021-05-14,316.0616149902344,316.971842114096,311.88797494834944,312.3915387998673,44370000
2021-05-17,314.14434814453125,316.0423174767768,311.27802289046355,314.3573876294072,39395000
2021-05-18,312.0235900878906,316.31339895612894,311.7524516607121,315.0932908097617,36528500
2021-05-19,312.38189697265625,312.6820849093863,306.29093065769706,306.639554116016,66319100
2021-05-20,318.4244079589844,319.2765657464525,313.64075774637433,313.86346065545877,46466100
2021-05-21,316.6620178222656,320.39016375419965,316.30373092922235,319.9737778813046,50330400
2021-05-24,321.98797607421875,323.11127227713473,316.55548501410874,318.94732487034537,32475800
2021-05-25,322.4333801269531,324.21515096658516,321.26167807164705,323.49857724626276,31280300
2021-05-26,323.556640625,324.021432370024,322.4139881826616,323.1015123400868,25444900
2021-05-27,322.3463134765625,323.95378780061185,322.14296701413423,323.1113229043898,27931700
2021-05-28,323.36309814453125,324.951216101447,323.04355368103796,323.5470881408051,29927400
2021-06-01,322.2882080078125,325.16422612612524,320.94217916251796,324.6897116541639,31145400
2021-06-02,322.9175720214844,323.7600367406025,321.20359309472224,322.7045325883385,22047900
2021-06-03,319.55743408203125,321.3585617983206,317.89186081928625,320.09001798475106,37057800
2021-06-04,324.9801940917969,325.4256294601912,321.28106805163293,321.3488600462655,38736500
2021-06-07,325.9485778808594,326.00667686643675,323.7600842511956,324.44760861511116,32611900
2021-06-08,326.1035461425781,328.5534854160664,324.42827977737085,327.6916344701174,27282800
2021-06-09,326.18096923828125,328.24357185290995,325.9969792692475,327.46889902151736,21485300
2021-06-10,329.5799255371094,329.68643049767377,326.07448202375014,326.5199174484413,33702100
2021-06-11,330.441650390625,330.4513434030731,328.94071105452275,329.58949274746993,21222800
2021-06-14,333.60821533203125,333.6178787932861,329.68635720790076,330.8677522861412,27827700
2021-06-15,331.42950439453125,333.5695626887335,330.71290092330054,333.2596817039785,35963800
2021-06-16,330.2190246582031,332.9594586012761,326.7716803342275,331.8942612985029,55399500
2021-06-17,334.41192626953125,335.41902438886933,329.1634553580997,329.2118613183531,59722700
2021-06-18,331.78778076171875,333.8987894931976,331.04212781896496,332.7561366442551,55414900
2021-06-21,333.8498229980469,334.16976768302004,329.76832409605856,331.97873535544727,32992600
2021-06-22,336.9618835449219,337.4078356807548,333.345715575561,333.6462517525523,28941600
2021-06-23,337.1265563964844,338.27056389293915,336.292818810168,336.903595202358,27188500
2021-06-24,339.21099853515625,340.7330579765859,338.51297251899047,339.0558783553251,32581600
2021-06-25,338.794189453125,340.0157427000947,338.1931170891104,339.77337290259476,28682800
2021-06-28,342.9144592285156,343.0502005098278,340.01572605985007,340.07389244151085,39130300
2021-06-29,344.1553955078125,344.18447869899444,341.9062263553775,342.7399642266975,29426000
2021-06-30,343.612548828125,344.38815003704315,343.03085531797666,344.0003346395036,32724000
2021-07-01,343.7481994628906,344.2523179260937,341.9158698271671,343.2634599299885,29290000
2021-07-02,347.6940002441406,348.0139153307222,345.4060141726881,345.638679690202,32727200
2021-07-06,349.1966857910156,349.47784301928783,345.6096012208607,348.29507731218075,38842400
2021-07-07,349.9335021972656,351.6882570475963,347.9848396873654,351.38772088557204,35265200
2021-07-08,347.8199462890625,348.67309248424857,343.60273659764135,344.88242630427135,50890000
2021-07-09,349.9916687011719,350.466704005283,346.6566581412555,347.23835153401393,35184500
2021-07-12,351.3586120605469,351.8142683997516,349.8171143275915,351.38769524874493,25717700
2021-07-13,351.3586120605469,354.3155113432428,350.50546575853355,350.98050102781934,39723000
2021-07-14,351.9887390136719,354.33486156799205,351.16467596661545,353.69500189331825,35336400
2021-07-15,349.5166320800781,352.10515457344513,347.51950728613065,351.901572224668,53391600
2021-07-16,346.6856994628906,351.34889112831013,346.33667163492515,350.3697078618571,47262000
2021-07-19,343.84521484375,344.33962913723883,341.2954797104328,343.2441128629702,64404600
2021-07-20,347.83941650390625,349.2839309033551,343.0016956494683,344.7758589805626,42183700
2021-07-21,350.5248718261719,350.5248718261719,347.1898612525527,347.4128521034369,30259900
2021-07-22,352.8419189453125,352.8515936174169,350.72843208972574,350.72843208972574,30252200
2021-07-23,356.96221923828125,357.24334687744266,352.812849841368,354.16041041607696,31960800
2021-07-26,357.2432861328125,357.6311013788173,355.41098631588227,356.2738071900993,28438100
2021-07-27,353.3072204589844,356.9815541072399,349.16755583167424,356.9815541072399,57933100
2021-07-28,354.66455078125,356.2351318847615,352.1536032880991,354.4415895078948,42066200
2021-07-29,355.2947998046875,356.458157263055,354.10232956335335,354.10232956335335,25672500
2021-07-30,353.4429931640625,354.02468652578403,351.34891481355703,351.3779980023354,36484600
2021-08-02,353.4720764160156,355.6824875220298,352.76434604074336,355.1007941602043,27334100
2021-08-03,355.6146545410156,355.7309873084682,350.951462066636,354.131352583683,35558500
2021-08-04,356.12841796875,357.07851805486206,354.4706171365289,355.57580782929244,29602200
2021-08-05,358.3873291015625,358.6199946031827,356.2350844531187,356.94278521593094,21443900
2021-08-06,356.8168029785156,358.0965226061682,355.71161209002065,357.127043419066,33332100
2021-08-09,357.47601318359375,357.9995105574724,356.17691483445634,357.2724012853778,25960200
2021-08-10,355.6437072753906,358.28069159438905,354.4609415973218,357.98985970066474,35130800
2021-08-11,355.0328369140625,357.3983676452358,353.70465564003206,356.90395355652686,34249800
2021-08-12,356.3126525878906,356.6713551212553,353.1812244425715,354.5288145934865,25969200
2021-08-13,357.5632629394531,357.89288225930954,356.1672107693837,356.6616545422443,19336200
2021-08-16,357.71844482421875,357.7572026900726,352.5995958465872,356.4484294428136,34856900
2021-08-17,354.567626953125,355.94427080417313,352.1439290318299,354.9747916356551,44793900
2021-08-18,351.1550598144531,355.43046672282946,350.82544043015884,354.034414279843,38541900
2021-08-19,352.85162353515625,354.51912885842324,348.97370693092194,349.22578097776704,48499400
2021-08-20,356.5066223144531,356.90411236516485,353.6078591809526,353.91809964777525,39486000
2021-08-23,361.8386535644531,362.5269753622336,357.53416448819775,357.54383915950115,34034700
2021-08-24,362.94390869140625,363.5449810373115,361.96472527143777,362.4300859196335,21732900
2021-08-25,363.3607482910156,363.9327669855129,362.4494355865621,363.1959534152346,20441900
2021-08-26,361.05340576171875,363.18624194922563,360.61712834878506,362.50762435662693,29133300
2021-08-27,364.5628967285156,365.06701516480854,361.19880336630655,361.68354287333295,27104700
2021-08-30,368.6541442871094,369.13888385322144,365.32880837810274,365.34821689588654,27295700
2021-08-31,368.3536071777344,368.9643541770979,366.8121093256373,368.89651312349423,29628200
2021-09-01,368.96441650390625,371.0294121328558,368.7608341363952,369.4103982809534,28138300
2021-09-02,368.7898864746094,370.6415953206066,367.5780374591262,370.31197593873407,25453400
2021-09-03,369.92413330078125,370.32162326709056,367.6264726544409,367.64585158469265,24605400
2021-09-07,370.44757080078125,371.0971346861106,368.87701970586784,370.0307019716175,23970200
2021-09-08,369.158203125,370.27309802964794,366.89933012988377,370.27309802964794,32949200
2021-09-09,367.8882751464844,370.48647231550103,367.6459053452069,369.3812814064776,29399000
2021-09-10,365.09613037109375,370.311932657913,364.76651102774605,369.5945275921653,40249400
2021-09-13,364.8440856933594,367.8494770595449,362.79849883107147,367.42290385473626,48741800
2021-09-14,363.80682373046875,367.054555824959,362.856723333734,366.327446325686,41826600
2021-09-15,366.51153564453125,366.8605634803089,361.97438088248674,364.26236677925624,34097900
2021-09-16,366.7636413574219,367.33563048451015,363.2638359562153,365.1833856673562,35193100
2021-09-17,362.42041015625,366.337114557924,361.3830898581219,366.2886524305365,60912300
2021-09-20,354.93157958984375,358.37703415047895,350.30201844577,356.63973434429585,76203200
2021-09-21,355.3683166503906,357.9499936664905,354.24247053381623,356.75620166605563,41927500
2021-09-22,358.6875915527344,360.14342232002144,355.1838767709414,356.28060735466346,46972900
2021-09-23,361.9972229003906,363.0260077177791,359.20202278561584,359.84259194683136,44652000
2021-09-24,362.3368835449219,362.75424424279794,359.3669909059299,359.73580613621544,36056800
2021-09-27,359.4447326660156,360.3182254706369,356.9018855512231,359.29915546840573,43338100
2021-09-28,349.27325439453125,359.3961252495881,348.76857699013846,354.9024852233279,97701600
2021-09-29,348.7005615234375,352.67012293653295,348.07942250497007,350.534922388047,58076600
2021-09-30,347.4195251464844,352.00054152242564,346.5848628668864,350.3409023629965,61384600
2021-10-01,349.5741271972656,350.6126270697312,343.9449259320334,348.0406649333571,56375500
2021-10-04,342.2367858886719,348.29303406336624,340.0045232809113,347.9630492198949,76766000
2021-10-05,346.85662841796875,349.098606015709,343.07147335808,343.29468184457266,47232900
2021-10-06,349.07916259765625,349.35091652696997,342.75113169956074,343.6537397913218,56806500
2021-10-07,352.281982421875,354.92189045558763,351.58318236533466,352.1169752114742,39411200
2021-10-08,350.52520751953125,353.59216102543405,349.9913851679722,353.3592079768288,41822300
2021-10-11,347.8368835449219,352.5052462008434,347.7495076148968,348.99181562609704,34847200
2021-10-12,346.6236877441406,349.7197279151812,345.98311851666216,349.28299636391796,43905100
2021-10-13,349.3994140625,350.0690986423029,346.9050833591156,348.9238521158695,40120800
2021-10-14,355.8341979980469,356.04772105094736,352.32079745219414,352.9807670269934,43433900
2021-10-15,358.076171875,358.1926336084034,356.0186022676578,357.0473870713289,40419900
2021-10-18,361.67694091796875,361.8904639819842,356.1836017428047,356.7853404816781,34513500
2021-10-19,364.41387939453125,364.4623952426653,361.7254557146883,362.7445254771425,29091000
2021-10-20,363.93829345703125,365.4814705247708,362.46303264841004,364.8700168600347,31390300
2021-10-21,366.1608581542969,366.35498078132946,362.8415804123017,363.1424497509342,25469300
2021-10-22,363.0842590332031,365.86974428728405,361.4246199786976,364.9089053008268,36275800
2021-10-25,366.8014831542969,367.7138063262031,362.56016671626406,364.50127480645455,32597800
2021-10-26,367.9563903808594,371.4406753328108,366.7820284534052,369.0337206133316,47191300
2021-10-27,368.8105163574219,371.8677555034354,368.14083173451945,368.40287064910666,45760500
2021-10-28,372.9062194824219,373.15857297370206,369.9363269271793,370.70307279910077,38007000
2021-10-29,374.740478515625,374.90548567855876,369.48980901249786,369.839194130783,37310100
2021-11-01,376.021728515625,376.14790527445825,373.1003811211451,375.17735127599616,30765300
2021-11-02,377.593994140625,378.06958570661226,375.36173195203475,375.4102478008911,25135300
2021-11-03,381.60235595703125,382.0196870043353,377.04077062954696,378.07924073952057,33748900
2021-11-04,386.4939880371094,387.4451415534196,382.3206179765375,382.8641258090132,40265300
2021-11-05,386.8627624511719,389.18237070235335,385.46516256685527,388.2603623354884,43383800
2021-11-08,386.33868408203125,387.85274580050265,385.6981149520696,386.8336760504004,29256300
2021-11-09,383.6794128417969,387.80426732516804,382.3206431710661,387.40633663249736,50490700
2021-11-10,378.04046630859375,383.7181830371893,376.11875888695903,380.91329761431683,54937400
2021-11-11,379.0886535644531,381.1850535942557,378.7489537673127,381.01036099651094,32243000
2021-11-12,383.07763671875,383.6114295169223,378.6421982809351,380.2338912773273,34730600
2021-11-15,382.9902648925781,384.57227250773866,380.554194715013,384.25200274920627,33716900
2021-11-16,385.7175598144531,386.2125221828956,382.06826752248577,382.2623605390859,27872900
2021-11-17,385.9213562011719,387.9498103200001,384.96051730776765,386.0378179314082,28703300
2021-11-18,389.9200134277344,390.42469077233477,385.7466436754668,387.95950529248904,45721500
2021-11-19,392.0941467285156,393.3655702473391,390.72566187457625,391.55063879461983,45191700
2021-11-22,387.5422058105469,396.67512263344946,387.43545908614306,393.62759843238615,61715400
2021-11-23,385.7757873535156,388.44481066512725,381.35006379541414,386.387211450435,70098700
2021-11-24,387.0180969238281,387.2995362395666,380.9812502582979,383.3008587630399,46954400
2021-11-26,379.6807861328125,385.83409574052166,378.2928712215126,384.44618082922176,51533300
2021-11-29,387.9207458496094,388.9301303425207,383.50473682393,384.2326523524898,54447100
2021-11-30,382.2236022949219,389.37658088970477,380.2145483069959,387.0375420797313,81332700
2021-12-01,375.7208251953125,388.68744084495484,375.2549782742776,386.5522103936956,77766500
2021-12-02,378.4287109375,380.2048117122202,373.02271808833177,374.4397186247011,84416600
2021-12-03,371.8484191894531,380.78721468882077,367.74296443943626,379.78754509111917,105349100
2021-12-06,374.8279113769531,376.18668085280285,368.1310660692772,372.33358085620733,67588800
2021-12-07,386.1155090332031,386.72696283063163,381.4180309325069,381.45686138825334,56005300
2021-12-08,387.8430480957031,388.046885749986,384.5528856210296,386.4454776630764,39204000
2021-12-09,382.1361999511719,388.41568490576117,381.9420773224515,386.6201542564389,49973700
2021-12-10,386.29022216796875,386.55226109542093,381.77712219580366,384.94113783795945,52545800
2021-12-13,380.7094421386719,386.60068117991796,380.3406269565381,386.28041145903677,50166400
2021-12-14,376.76904296875,378.6033744726611,372.333604453133,375.89552074702993,75199200
2021-12-15,385.3583679199219,385.71749769976253,372.5761911768832,376.5166371686719,73858000
2021-12-16,375.4491271972656,386.7463906180366,373.86711934809614,386.3193444641887,82591400
2021-12-17,373.5759582519531,377.72992834906864,370.52840435609505,372.0424662855791,80492500
2021-12-20,369.9521179199219,370.73926838457805,366.82294125737684,368.8637138036954,65336800
2021-12-21,378.2317810058594,378.5427620773413,369.47594078430143,373.21732244116544,48899500
2021-12-22,382.8380432128906,383.0421115344098,377.27938346760675,377.9401958989524,37042200
2021-12-23,385.72430419921875,387.19169227516466,383.02271934951904,383.1879076431996,29595500
2021-12-27,392.0992126464844,392.0992126464844,386.98756986008556,387.0167224758841,32820700
2021-12-28,390.2820129394531,393.16824111386956,389.40740463197875,392.9933253837321,33113700
2021-12-29,390.2236328125,391.68132293082357,387.8524545141512,390.4180033576557,32248500
2021-12-30,389.05755615234375,392.18673258954954,388.47447408727214,390.0098948570678,23850100
2021-12-31,386.6280822753906,389.74753136765565,386.1324580587254,388.3870262851091,34752900
2022-01-03,390.3500061035156,390.60268190377786,385.6854091645426,387.79418445250604,40575900
2022-01-04,385.2870788574219,390.9331983131867,382.1967817729831,390.8943182583154,58027200
2022-01-05,373.4505920410156,384.72340437209897,373.19791620050455,383.60581794324685,75739800
2022-01-06,373.1882019042969,376.42429149760477,369.407939874291,371.6333557267831,70814300
2022-01-07,369.1455078125,374.87911385794735,367.3768659749752,373.1979002300411,72652300
2022-01-10,369.388427734375,369.9035067803641,358.8930693798572,364.247661267894,91770500
2022-01-11,374.9373474121094,375.10253568702905,366.5799180021035,368.65954051596185,68295700
2022-01-12,376.4241943359375,379.1938115670307,374.1502012486516,377.50287081742164,54576400
2022-01-13,367.0075988769531,378.4844796816255,366.0746852629771,377.80421225379126,77994000
2022-01-14,369.2912292480469,369.6216354540226,364.28646937948554,364.49056735179727,80121200
2022-01-18,360.0980529785156,365.6081349187421,359.3400552696954,363.48963230393474,75450900
2022-01-19,356.14300537109375,364.12142422950075,355.88060206263106,361.6530596537027,81791500
2022-01-20,351.5172119140625,363.3244992215154,350.9827372515647,359.3595940470997,88610700
2022-01-21,341.77008056640625,351.9641855527727,341.4882521292177,349.33063330077016,143388900
2022-01-24,343.3346252441406,343.9954673508949,324.72478599973664,336.15308683543975,198685800
2022-01-25,335.37567138671875,341.1287024846809,332.04242649286317,336.8916966703549,124398400
2022-01-26,334.8509216308594,346.81369825143213,331.1678156515807,342.95567654504134,146559500
2022-01-27,331.478759765625,341.3618827840196,330.458358824308,339.54463373353155,95255700
2022-01-28,341.87701416015625,342.0908099619055,328.41769504756473,333.3543940286969,108167900
2022-01-31,352.80963134765625,353.3927134005564,341.6048530649411,343.2374887444185,94326400
2022-02-01,355.21002197265625,355.8611367995901,349.01000308839457,354.1507704001854,74433000
2022-02-02,358.0961608886719,359.66076377338635,354.01464617007866,359.33035755736563,78777100
2022-02-03,343.57763671875,351.7212723367331,342.5183851878919,348.41717982324013,95384800
2022-02-04,347.91180419921875,351.20616877842735,342.042163091647,344.0926331636336,86318300
2022-02-07,345.1130676269531,350.8660691597223,343.8594455728271,348.504617817624,58198100
2022-02-08,348.990478515625,350.0788824953446,342.8487364508825,343.9760204746733,64720900
2022-02-09,356.3858642578125,356.4635946939152,351.9058805080583,353.4996361876301,55766400
2022-02-10,348.32000732421875,356.1526621410885,346.48333266039094,349.379258893997,112468500
2022-02-11,337.2706604003906,349.91370372527587,336.04619106150767,348.31994809963237,101569100
2022-02-14,337.68853759765625,341.08011731803214,334.1901044767984,336.7167440292433,80254400
2022-02-15,346.0849304199219,346.31815144153296,341.89650151832797,342.9557532005359,55128800
2022-02-16,345.9974365234375,347.01780804357315,340.8177595055403,343.84005332770806,58947100
2022-02-17,335.7060852050781,343.49013117675463,335.28819145000847,342.79043865220996,61801400
2022-02-18,331.8772277832031,337.0277217825516,329.5740817937438,336.63901029035685,80001500
2022-02-22,328.5439758300781,334.335887190417,324.9192045876381,328.9424147753113,85967100
2022-02-23,320.12823486328125,332.5283000295267,319.81725381881006,331.69257183639314,86215400
2022-02-24,330.885986328125,331.4204905908158,309.28303404047006,309.84666126748215,130614100
2022-02-25,336.01702880859375,336.2211267970796,327.87342416629815,331.6828380897231,78842100
2022-02-28,337.0179748535156,338.70891571472583,331.69256543937956,332.8490020800662,77515500
2022-03-01,331.8578186035156,338.2619354790837,329.3408764984379,335.9976692242606,67407000
2022-03-02,337.42620849609375,338.7575611152561,330.64307781785635,333.40296835719226,70609000
2022-03-03,332.6061096191406,340.16666315443564,330.7499801582447,340.05975042964405,71089400
2022-03-04,327.78594970703125,331.68285129887664,325.47310598980715,330.25431360650526,76936300
2022-03-07,315.6968688964844,328.93272323703087,315.4928005351827,327.77628642834065,89933800
2022-03-08,314.2294921875,323.81136363180053,310.91567218169763,314.90972996905424,116153900
2022-03-09,325.54107666015625,326.89188378400235,319.80750126584053,322.39247538843205,64723400
2022-03-10,321.92596435546875,323.13100824604834,317.4945891624437,321.4886751529339,69362700
2022-03-11,315.24981689453125,325.20100286181435,314.7639201269205,324.89002181291505,66228400
2022-03-14,309.1956481933594,317.3781354291469,308.495955467018,314.0157371654923,79802600
2022-03-15,318.8940734863281,319.6715261837505,310.22569092178213,311.829144478583,76471000
2022-03-16,330.7207946777344,330.8374051609843,319.13700228073344,322.80068301795717,105243000
2022-03-17,334.7245788574219,334.78288409894554,327.5333123872343,328.8257847833909,67810000
2022-03-18,341.57568359375,341.86723943420895,331.91605395086054,333.0724905740786,85446300
2022-03-21,340.6260681152344,342.961279812273,336.2475907234622,340.74285245484646,73799100
2022-03-22,347.3202819824219,348.18626177305254,340.7428560668275,341.122308670876,63345900
2022-03-23,342.32879638671875,348.0013735104719,342.27041906584384,344.4499479211533,70615500
2022-03-24,349.9376220703125,349.9862896330813,342.0952852778402,344.2455957677894,53555300
2022-03-25,349.64569091796875,350.9300511936168,345.3547802425844,349.87920017047014,57584200
2022-03-28,355.05560302734375,355.1529084643935,348.40032090275906,349.6360138422842,56833900
2022-03-29,361.1660461425781,361.78874755322016,356.1745766309229,358.9378790950761,68073000
2022-03-30,357.1767272949219,360.961692058656,355.6977855998509,359.30758869837285,68757700
2022-03-31,352.7496643066406,357.67301731076896,351.91287305053805,357.322723621821,67011400
2022-04-01,352.0782165527344,353.7906674146114,348.9062436223335,353.01228335861714,54527800
2022-04-04,359.32708740234375,359.3368268554889,352.6523551048123,352.91505309863874,45950200
2022-04-05,351.3485412597656,358.5876272763076,350.21012391238133,357.8773301541401,62738700
2022-04-06,343.72021484375,347.1451464708245,341.0931165302521,346.0456573966083,90077100
2022-04-07,344.53753662109375,346.72677537860693,339.2736300898147,342.72775047428837,63777400
2022-04-08,339.7211608886719,343.5547631418501,339.0887201470298,342.80556776402153,61956100
2022-04-11,331.68426513671875,336.41300637477076,331.3437109630869,335.49838873973647,66107400
2022-04-12,330.28314208984375,338.3006108408513,328.9112156702458,336.42273774541997,72790200
2022-04-13,336.9967956542969,338.0476171002027,329.9036543907253,330.62366112785617,61367800
2022-04-14,329.2906494140625,337.60003398581654,329.0765893531783,337.08434788824735,73519400
2022-04-18,329.5436706542969,331.8302147855973,326.72199116380807,328.23986095023514,58560600
2022-04-19,336.90924072265625,337.48330417965906,327.87984877884975,328.90148159846586,56515700
2022-04-20,331.99566650390625,338.1741916392644,330.7794225675545,337.71688273145793,65500000
2022-04-21,325.12628173828125,338.47577467202575,324.2019542803941,335.8681551308669,75801000
2022-04-22,316.61260986328125,326.49824396290654,316.1844896299288,325.28200004848594,82562100
2022-04-25,320.6797180175781,320.9910835818568,313.72280886056757,314.9877203304042,101755900
2022-04-26,308.5756530761719,318.8115499365744,308.303185966465,318.62667850838835,105819600
2022-04-27,308.20587158203125,314.1605955718625,306.4933910697068,308.67289012652145,111204200
2022-04-28,319.152099609375,320.98133496122966,308.9453618627923,313.1584468432036,99450000
2022-04-29,304.79071044921875,318.39319243041854,304.15826958250807,314.9585209672844,91977900
2022-05-02,309.8794250488281,310.11293432187523,301.28786349211373,304.38198013377917,115511800
2022-05-03,310.2102966308594,312.49684099353664,307.44699418380907,309.8989310807388,78185500
2022-05-04,320.69915771484375,321.3705266398512,305.4134145896794,310.68703085766595,116083400
2022-05-05,304.54736328125,316.466549224366,301.25863620476986,316.388722707812,154607400
2022-05-06,300.8987121582031,306.58099955377276,296.8704984927838,302.55281558180513,139572800
2022-05-09,289.12548828125,300.99604038909865,287.7341124134521,295.2845638980151,113387300
2022-05-10,292.6379089355469,297.5028826593407,288.5610585795322,296.28663922839223,124124600
2022-05-11,283.9588623046875,295.87805126741296,283.09291217982707,290.38063535798904,140326100
2022-05-12,283.2874755859375,287.76325832357395,277.24518522152556,279.68741206372414,120910900
2022-05-13,293.7861328125,294.81750520771743,286.13837614770426,287.7341023099368,83684900
2022-05-16,290.3806457519531,294.097493977759,289.10602460905653,292.0444589770364,59190400
2022-05-17,297.90191650390625,298.2813691442496,292.43365921556494,296.2283637797187,62715300
2022-05-18,283.2778015136719,294.08776258700664,282.0226295477689,293.3969443951793,79477100
2022-05-19,281.7599182128906,286.4400521316263,279.81392794230555,281.4777710029434,79920700
2022-05-20,280.8841552734375,285.8658843159157,272.6428874391469,285.21399437362163,91764200
2022-05-23,285.5545959472656,285.93404857349094,279.53175425481834,281.9253137467501,63648400
2022-05-24,279.4830322265625,281.05927913833256,274.62779740934184,280.3490118990601,73491100
2022-05-25,283.3945617675781,285.46704607743305,277.79010050075397,277.9944211571829,67144500
2022-05-26,291.24664306640625,292.79373158013556,282.3145541674212,282.59673109241385,59462200
2022-05-27,300.7527770996094,300.89872041900406,294.2531772659767,294.3699319214925,66985600
2022-05-31,299.95489501953125,302.9225178684783,296.1115529228091,300.7235693775658,60968300
2022-06-01,297.73638916015625,304.2067982146541,295.52770179948993,302.0856768169982,65341700
2022-06-02,305.8902282714844,306.06536027678624,295.206730546229,296.61758542922496,59291300
2022-06-03,297.93115234375,302.08583130071315,296.6857196327393,300.68471578914387,60914700
2022-06-06,298.9234924316406,303.91496098729647,297.36669466302385,302.3581632186797,51785000
2022-06-07,301.5019836425781,302.28039753027656,294.51588602616147,295.6056357754856,44900300
2022-06-08,299.33221435546875,303.30202113308343,298.48568371120905,300.7041112591163,38342100
2022-06-09,291.314697265625,300.70409308352015,291.1493047438415,297.64890422197186,55900500
2022-06-10,281.0398864746094,286.9070454341088,280.59231706610126,285.7199902862331,85963500
2022-06-13,267.9725646972656,274.7154131267683,267.11632432016336,272.1953595630183,94442000
2022-06-14,268.4591064453125,271.1348432179042,265.95850168049725,270.16184802787086,64697500
2022-06-15,275.1629638671875,279.084132383306,269.1401226661851,271.8742658322574,86051400
2022-06-16,264.0611572265625,268.6050277631465,262.00812210331577,268.1477188735857,81910300
2022-06-17,267.2720031738281,269.7044907124931,263.20489113560865,264.82977618310406,82703400
2022-06-21,274.01513671875,276.3255925653468,271.6364926592741,271.74371356643644,51633700
2022-06-22,273.615478515625,278.01210113654355,270.9248405543177,271.51949415416965,67472900
2022-06-23,277.6903991699219,278.5385272590604,273.26450217830984,276.0916057256148,57457800
2022-06-24,287.2050476074219,287.6242622907725,280.2737697047167,280.507727853171,58422300
2022-06-27,285.099365234375,289.12553388137445,283.9685179307927,288.5601251048471,54151500
2022-06-28,276.4132995605469,288.2189033828553,276.22807278418054,285.63551643685923,61609800
2022-06-29,276.666748046875,278.16804887285934,273.7811552161931,276.27680789416553,57302700
2022-06-30,273.2352600097656,276.80327077260506,268.8483659202871,273.693447915799,79313600
2022-07-01,275.0386962890625,275.4286363801859,270.066878313304,271.93863240142696,56675100
2022-07-05,279.747314453125,279.8642935191282,269.7939489136833,271.31473627277535,61829300
2022-07-06,281.54119873046875,283.6371837596262,278.41188820284805,280.1276613335125,63194700
2022-07-07,287.5657653808594,288.2676695587538,282.35023028475064,282.35023028475064,56620100
2022-07-08,287.92645263671875,289.2912580133827,283.8027619892199,284.7386242831429,59895500
2022-07-11,281.7750549316406,285.74273381469544,280.8976821731195,285.51853385171637,55273900
2022-07-12,279.04541015625,284.9336043962824,277.4563750926704,283.0228769013674,55797100
2022-07-13,278.4703063964844,280.8099774974258,272.98180922081616,273.5472478351174,73939400
2022-07-14,279.46466064453125,280.3322753285217,272.7673107554296,275.87713357604196,63741800
2022-07-15,284.5339050292969,284.6411556730268,280.83915754095693,282.4477089432289,63818100
2022-07-18,282.12603759765625,288.71613714679245,280.95621698129423,287.3123286067335,59519600
2022-07-19,290.8023376464844,291.09481511753387,284.1440200380793,285.7427838277984,55172600
2022-07-20,295.4134216308594,296.59300027762254,290.44160280286565,291.22151286932126,67769400
2022-07-21,299.6541748046875,299.7126643571148,293.2200562828634,295.8716917448652,55049400
2022-07-22,294.39959716796875,300.79471191059315,292.5766036019277,298.72800199079194,57127700
2022-07-25,292.72283935546875,294.89680002951445,290.7243770736636,294.42885390109404,40582400
2022-07-26,286.9710388183594,291.2799557120227,286.161913864053,291.0264812622418,50074100
2022-07-27,299.0984191894531,300.7849468623081,290.95828801492434,291.52372654709603,69304400
2022-07-28,302.02301025390625,302.59817719949456,295.1404637517443,298.88394285982037,55139900
2022-07-29,307.531005859375,308.4376532183859,302.1400018237952,303.56332661296017,57501000
2022-08-01,307.34576416015625,310.7967955595493,304.674642830118,305.7664871766876,46358800
2022-08-02,306.4294128417969,310.5433458150814,304.00200763677066,305.0548788766701,48676500
2022-08-03,314.7743225097656,315.59320592571174,308.0477270385424,308.106216586072,53735700
2022-08-04,316.24627685546875,316.5582408713588,312.7075112859387,314.8522267070254,38973700
2022-08-05,313.6629333496094,315.6906402325453,310.38739998089824,311.16728037805893,53894000
2022-08-08,312.6490173339844,318.2642505385572,311.186719499504,314.5792611856877,43878500
2022-08-09,309.1102600097656,311.0112591452007,307.4920098771659,310.7577846603357,39764200
2022-08-10,317.73779296875,318.03027036569273,313.9650695773247,316.43147723053835,51459600
2022-08-11,315.9343566894531,322.0565100360168,315.2324524315432,320.05804792349016,45897700
2022-08-12,322.0857849121094,322.28074013641935,316.9287387580482,317.9815802708066,40928400
2022-08-15,324.68865966796875,325.18585052977204,321.12064882265224,321.14016517050663,38266600
2022-08-16,323.9281921386719,326.0144178482099,320.886617618674,323.71372061479906,41186900
2022-08-17,320.2334899902344,323.09959632644143,318.15702215986727,320.79892851943316,47842200
2022-08-18,321.0036926269531,322.1832714855751,318.5762871884128,320.1848092229941,41937200
2022-08-19,314.7449951171875,318.62496970460546,313.9846013764956,317.9718266167245,51770600
2022-08-22,306.4586181640625,310.72853261401207,305.64949311671654,310.4945744799411,51098900
2022-08-23,306.2052307128906,309.03233444699987,305.454565308121,306.22471731086637,39497100
2022-08-24,307.0923156738281,308.90555078072424,305.1230688044367,305.7274805067354,38057100
2022-08-25,312.5223083496094,312.54182469616995,307.82348016039754,308.86656343289775,38098300
2022-08-26,299.712646484375,313.4290109708079,299.62491216096583,312.22991571648254,69047700
2022-08-29,296.7587890625,299.49815854026025,295.6571863667148,296.9635024726139,48321900
2022-08-30,293.4539489746094,299.02045139226664,290.9388095301706,298.40628147836696,51184500
2022-08-31,291.7479248046875,297.24617932386855,291.6407039029759,296.34929016629354,50044000
2022-09-01,291.8746643066406,292.2451178800102,285.5868009840916,289.26203244780913,57990700
2022-09-02,287.75103759765625,296.1153697670141,286.14248586269423,294.74080596198246,64666800
2022-09-06,285.6842041015625,289.14499303805974,283.5590053352422,288.2286174690002,57005400
2022-09-07,291.4554748535156,292.44982673200275,285.89873084010964,286.1619635068617,49260400
2022-09-08,292.96649169921875,294.28256572550094,288.02394753464296,289.3887529227953,55649800
2022-09-09,299.3713684082031,299.868559209784,292.9664965251766,295.2184328903551,56125200
2022-09-12,302.92962646484375,303.26107708875264,300.433973737331,300.7459377659019,45905700
2022-09-13,286.3179931640625,295.4037165031951,285.4308620388399,294.214379469994,79562200
2022-09-14,288.5893859863281,289.46675884397393,285.69403473072657,287.45853861960694,54907200
2022-09-15,283.7832946777344,289.07680611469806,282.1845013060577,286.678645807711,65299400
2022-09-16,282.0479736328125,282.43791371684716,278.4409609168188,280.48818354615247,79920400
2022-09-19,284.2444152832031,284.400677606814,279.35158353034615,279.4101781762014,52613800
2022-09-20,281.9787292480469,284.26401019805775,279.68367258756734,281.74432082476693,51271100
2022-09-21,276.9295349121094,287.07660060929834,276.79282401992526,282.8185346717677,82931000
2022-09-22,273.5212097167969,276.41198853056363,272.30043811253796,275.40607392081404,62757100
2022-09-23,269.0678405761719,271.35312147078616,265.65942594872183,271.06011839978765,74815200
2022-09-26,267.9544677734375,272.95474328112414,267.1634101921664,268.59903872928675,71176700
2022-09-27,268.06195068359375,273.6579492275771,265.7473424447554,271.31407346333293,69780100
2022-09-28,273.39422607421875,274.67359224399587,266.5676812655921,268.0423529963474,79652100
2022-09-29,265.5129699707031,269.79055898680787,262.553820416329,269.40966389173093,81216000
2022-09-30,261.0107116699219,268.7552785943116,260.85444934787233,264.6925476329948,78482400
2022-10-03,267.1341247558594,268.726015698941,261.2744210462549,262.77842001017177,61267400
2022-10-04,275.5329895019531,276.2361550120086,272.46639747632554,272.46639747632554,66696900
2022-10-05,275.3865661621094,277.1737627669192,268.97995884489586,271.77307011007315,55766300
2022-10-06,273.21844482421875,277.5350762751335,272.89614444923643,274.3903676136288,53489400
2022-10-07,262.80767822265625,268.7161999955391,261.4794634147483,268.58923499875493,71354700
2022-10-10,260.1805725097656,263.3936512043084,257.4753537960683,263.0029805101228,60393000
2022-10-11,256.606201171875,261.37209846846383,254.92641818707722,258.5106168700104,66522500
2022-10-12,256.5182800292969,259.1551286146646,255.824890155114,257.2409672276285,50580200
2022-10-13,262.5342712402344,263.8527105635727,248.31471075324347,249.19367526946817,112894100
2022-10-14,254.64315795898438,265.45431746364756,254.057211485012,264.8585952804451,77244300
2022-10-17,263.0518798828125,263.92105379550384,260.50289319135663,260.60056088370277,64576500
2022-10-18,265.13201904296875,270.7280159093199,262.4560679423864,270.06392343927286,69781000
2022-10-19,264.1651916503906,267.28060307677697,261.8017945845762,263.6182883721529,53115400
2022-10-20,262.81744384765625,268.41347120679865,261.65529678402197,263.2764551298616,60605500
2022-10-21,268.97998046875,269.51710812323546,260.58106477280796,261.7139445461209,77897700
2022-10-24,271.9390563964844,272.8668248033744,265.6105665569841,269.24358353455074,63963600
2022-10-25,277.5643615722656,277.9452565800138,271.40190952437393,272.87661100977135,59014500
2022-10-26,271.4312438964844,277.339796549684,270.94293523774036,271.9488498825932,63492400
2022-10-27,266.4895324707031,271.77303513636326,265.9719265432203,270.31788503540037,57760300
2022-10-28,274.644287109375,275.11307408957737,265.69847008078847,265.86450811669073,62651300
2022-10-31,271.4507751464844,273.21844997546606,269.5365838875706,272.3980950662143,47742000
2022-11-01,268.67718505859375,275.474463278683,268.3158414074561,274.91778423579706,45895900
2022-11-02,259.4676818847656,271.70469568674423,259.399311519549,268.6478787128653,79803100
2022-11-03,254.3990020751953,258.31524654113014,254.01813686948617,256.8600964665122,70038900
2022-11-04,258.4910583496094,260.3759225749942,253.02199553973088,259.32118901071505,78313200
2022-11-07,261.3330078125,261.87016518539997,257.40701717498183,259.5360356389298,47333800
2022-11-08,263.2373962402344,266.46999663818434,259.3113762035289,262.8467553391268,63213800
2022-11-09,257.162841796875,262.2803062590439,256.8796144708722,261.49902444026685,64862100
2022-11-10,276.1385498046875,276.431523081821,267.4466615364443,269.5561585437925,99256700
2022-11-11,281.2266845703125,281.8908069268004,274.61499676162816,275.95295757603617,66961800
2022-11-14,278.7656555175781,282.44749215470483,277.7890381789667,279.1758181095572,55290700
2022-11-15,282.6233215332031,286.4028260736951,279.2832769369558,285.37735992912906,73985400
2022-11-16,278.7656555175781,282.71119791068736,277.945300529624,280.6700712494689,48859800
2022-11-17,278.1502685546875,279.62496967272807,274.1559088428662,274.31217112988895,55462100
2022-11-18,278.16015625,281.25601650884465,275.7186129147616,281.15837861863173,53588600
2022-11-21,275.298583984375,277.9256563285699,274.4684535628779,276.77325540667255,40083500
2022-11-22,279.26373291015625,279.4199654529086,273.90208358861463,276.0311319845541,41873400
2022-11-23,282.0665588378906,282.69157828572867,279.1074102079972,279.2831941335777,46390000
2022-11-25,280.2110595703125,281.17790119709343,279.72275090159553,280.47473552198113,15498800
2022-11-28,276.09942626953125,280.2500491591081,275.17165785896117,278.2382202134206,38714200
2022-11-29,274.009521484375,276.7245163710595,272.6422632328063,276.3240997038153,35618900
2022-11-30,286.50042724609375,286.6078706435798,273.4235375342529,274.273189788215,74718100
2022-12-01,286.85205078125,288.8345828202826,284.07846106877065,286.82275345275184,51547300
2022-12-02,285.7093505859375,286.58832991112297,281.61732212434396,281.7931358717761,53583200
2022-12-05,280.9141845703125,284.85969658337626,279.4590046815222,283.5901061501414,41482100
2022-12-06,275.0935974121094,280.8947074757694,273.7068173170523,280.7579965302283,53937600
2022-12-07,273.9704895019531,275.9627974264975,272.2614089803879,273.9118948398194,45614300
2022-12-08,277.2127685546875,278.1796099420825,273.2477055307586,275.3181290048509,42594900
2022-12-09,275.44512939453125,278.96095735142205,275.00563972342275,276.1971139253693,47860500
2022-12-12,278.90234375,278.9609682052221,274.58571215485995,275.6209240652235,35732500
2022-12-13,281.9005432128906,289.93811333848004,279.2246216753855,289.71348065751044,80667700
2022-12-14,279.8106689453125,284.596088383624,276.56829193009787,281.3146383261541,64984400
2022-12-15,270.41558837890625,276.3924817045523,269.22411403723197,275.72835926526153,60554100
2022-12-16,267.83734130859375,271.2750240756214,266.2356743509104,269.7417572978392,68300400
2022-12-19,264.0731506347656,268.1945434343501,262.8396575906909,268.1064410562505,44167900
2022-12-20,263.8676452636719,265.6101846699768,261.3321543782554,262.9082582224274,51064200
2022-12-21,267.6953430175781,268.997340442255,264.063397286228,264.9053143928758,46394700
2022-12-22,261.1461486816406,264.81723138409126,256.9366225909554,264.68996240368404,60278400
2022-12-23,261.73345947265625,262.3991717432698,257.984074036482,259.8832495982512,39373600
2022-12-27,258.03302001953125,261.23422291108676,257.4946065647044,261.12652229491476,38009000
2022-12-28,254.62632751464844,259.8833136867936,254.26411876540945,257.63172802239694,47139000
2022-12-29,260.8328857421875,261.7726745847842,256.7310601227438,257.4261101091701,45893600
2022-12-30,260.67620849609375,260.80347746144184,256.77018652297744,258.0721838889015,37858300
2023-01-03,258.91412353515625,264.46478367830906,256.6135724714864,262.9963506430321,42335300
2023-01-04,260.1476135253906,261.8216488667412,257.00517487421524,261.028697336775,47754900
2023-01-05,256.07513427734375,258.6497916979726,255.76189126208158,258.4833860141376,45396700
2023-01-06,263.1431579589844,264.2591812786744,254.86120494970856,257.80786979786325,54659700
2023-01-09,264.84661865234375,269.49665708978154,264.23967104688154,265.13049422564075,45568700
2023-01-10,267.0883483886719,267.1960490016231,263.30959545426805,263.8186414304335,35247800
2023-01-11,271.7090759277344,271.81677656349837,267.3723104107386,268.1554927038183,44077000
2023-01-12,273.1774597167969,274.20538068894945,267.9792095551261,272.26703847387023,60600000
2023-01-13,275.0570983886719,275.3018372372978,270.3483253311377,270.68116658022717,44802900
2023-01-17,275.6151428222656,276.8975721511368,273.6963685112169,274.861327958871,36269700
2023-01-18,272.0321350097656,278.69881898386734,271.82656273808385,277.15205270076115,47754500
2023-01-19,269.3595886230469,271.5426700521826,268.12612505969616,270.4070781344718,44150400
2023-01-20,276.7311096191406,277.0639508752915,269.90778917967754,270.9650777583669,60613600
2023-01-23,282.8789367675781,284.10263098620993,276.78006390213943,277.573015365785,52799900
2023-01-24,282.3013610839844,283.45652127430446,280.7448255986518,281.26367076042936,44875100
2023-01-25,281.6748046875,282.29152139938293,275.2626298782115,277.79812038931897,50872000
2023-01-26,287.16680908203125,287.3430139058109,282.44823629847684,285.0914281565779,51596300
2023-01-27,290.0252685546875,291.9831788969178,285.7374401251485,285.8549099656278,56441900
2023-01-30,284.1613464355469,288.1848682857215,283.78936851387857,286.76537113929567,49405800
2023-01-31,288.4197998046875,288.5177013077533,284.09283419741314,284.2005049380446,46705100
2023-02-01,294.5872802734375,297.044438080266,286.14865939638923,288.2142708827891,67562200
2023-02-02,305.1599426269531,307.07868662040477,300.27496531504556,301.09728416938196,83070600
2023-02-03,299.736572265625,305.81590711540156,298.1311008641206,298.5226770687302,76170800
2023-02-06,297.20111083984375,299.4722948782894,295.859946520911,297.1228075412622,40802300
2023-02-07,303.3586730957031,304.4844657154547,295.95777341891034,297.0737669255531,67584000
2023-02-08,297.96466064453125,302.9867068006364,297.27940976599115,302.04691794916346,56720900
2023-02-09,295.3312072753906,302.4873676326332,293.8823726519767,302.34053032287403,49137800
2023-02-10,293.3929443359375,295.2235861476785,290.9944916639258,293.1775729536534,50050100
2023-02-13,298.0919494628906,298.6793287373951,293.61811566211543,294.79287421112434,39636700
2023-02-14,300.2945251464844,301.24411294098337,294.5774300294703,296.51577219385246,64079100
2023-02-15,302.59515380859375,302.76155951492797,297.79827778953825,298.4835287206312,43100600
2023-02-16,296.9171447753906,301.939190485225,296.77030744841954,297.97443328027487,59498600
2023-02-17,294.82220458984375,295.5759894741586,291.8266035296301,294.7341021910548,58230700
2023-02-21,287.84222412109375,292.44332595656886,287.70518591500763,291.00426047826875,46526700
2023-02-22,288.0576171875,290.1231986749142,286.4031802246706,288.4198258937975,51389200
2023-02-23,290.5735168457031,291.8559458877727,286.39335863002105,291.69930945606296,69294400
2023-02-24,285.7080993652344,286.80452447929275,283.94596196734597,285.6199969766415,74332000
2023-02-27,287.75408935546875,290.25041312609795,287.16671026963206,288.8603134941372,48995000
2023-02-28,287.3821105957031,289.8882337310996,286.794731450613,287.1275726619171,48243100
2023-03-01,285.07177734375,287.74430602409564,284.0928221054478,287.0884227446252,58287000
2023-03-02,287.43109130859375,288.2338419364344,282.301374382552,282.5852798241735,53565900
2023-03-03,293.37335205078125,293.60832166598146,288.6645788873776,289.1736548241878,60511500
2023-03-06,293.7061767578125,297.6024298511197,293.5104036107501,294.60682883540926,56736300
2023-03-07,290.1036071777344,294.6753415291429,289.4966596777297,293.7551211661214,65955800
2023-03-08,291.5524597167969,292.1496080791151,288.6743288918512,290.52453877912006,50876300
2023-03-09,286.5010681152344,294.6459835641774,285.6885184677988,292.0517280606583,71456700
2023-03-10,282.47747802734375,288.1554354495815,281.3321173072693,286.6674045991076,98593600
2023-03-13,284.5725402832031,288.27299040483655,279.1882857219438,280.69588536419366,97123600
2023-03-14,291.11187744140625,291.66008991516503,287.2743901250948,288.1162771828889,73602500
2023-03-15,292.63916015625,292.9720014408796,287.0689009767166,288.5079667553111,83631500
2023-03-16,300.353271484375,300.7154801632473,290.9357263323166,291.7286777307518,98198100
2023-03-17,298.9338073730469,302.64405671369144,296.9856956821453,300.2652022556537,89923700
2023-03-20,299.9946594238281,300.3182016304703,296.11200333614676,298.318062691674,56359500
2023-03-21,304.279296875,304.7303050536793,300.4162396258416,301.92617299814253,49757000
2023-03-22,300.1417236328125,309.0934270367483,299.9750603489493,304.2106715650756,75791900
2023-03-23,303.7008361816406,308.0149018008704,301.0143557125229,303.86752938637034,74576000
2023-03-24,304.8185729980469,304.91659613807786,300.9555157584749,303.279226703165,57195200
2023-03-27,302.730224609375,306.5932826036852,301.877219657616,305.5147585582891,50287400
2023-03-28,301.1221618652344,302.1810869958533,298.8180496956014,302.1516740712023,48585900
2023-03-29,306.61285400390625,307.2305554441771,303.9949835955194,304.80879117992583,53274300
2023-03-30,309.5150451660156,310.1425609016153,306.7010984828793,309.0836355781901,58354800
2023-03-31,314.66253662109375,314.8978699971412,309.4366395928911,309.74058319542,62138100
2023-04-03,313.897705078125,314.16245133082384,311.2210390766076,312.5446506537307,47126800
2023-04-04,312.8388977050781,315.3489011399806,311.6230932851464,314.3390171792316,45875400
2023-04-05,309.7503356933594,312.82899832081586,307.93645880287295,311.8877547691748,62795700
2023-04-06,311.8387451171875,312.3289805472863,306.7109016681759,308.1031535335626,46916500
2023-04-10,311.6622619628906,311.71130345798,307.13249145734375,308.9169555721336,45134700
2023-04-11,309.662109375,311.68190694508644,309.15227528174927,311.6230511635603,40113600
2023-04-12,306.9266357421875,312.20157426085683,306.4658131970577,311.61328570428276,62813300
2023-04-13,312.9369201660156,313.4075270630025,307.5051028310397,308.681649995105,54613800
2023-04-14,312.34857177734375,314.10359286375956,309.4463568345297,311.3876996774346,56278300
2023-04-17,312.6133117675781,312.9662968210018,309.86800544803737,311.93678450997794,43007000
2023-04-18,312.6329040527344,315.14293682159285,311.4367584048046,314.72131163835843,46746900
2023-04-19,312.48583984375,313.5447650623307,310.1033029843347,310.23076897560776,38960100
2023-04-20,310.10333251953125,313.0349309116495,308.81891804476123,309.5248582838529,62462100
2023-04-21,310.4269104003906,311.2014908720637,307.9659485255619,309.740598650139,59002300
2023-04-24,309.77978515625,311.53480648026124,307.6129229773322,310.2013804516317,44043100
2023-04-25,303.9361877441406,308.81894396786294,303.8381645839916,308.15223088653204,57121600
2023-04-26,305.7794494628906,308.78950225458004,305.25980109181694,307.3187959302285,55400500
2023-04-27,314.0938720703125,314.59389190375305,308.8973581277927,309.5346881769988,65430400
2023-04-28,316.26068115234375,316.34891993997377,312.7309800391621,313.8585155543405,59712600
2023-05-01,315.89788818359375,317.30976852368025,314.819364323584,315.7998351196666,41013400
2023-05-02,313.1427917480469,316.1528445049361,311.4073391555542,315.82927236122555,56519400
2023-05-03,311.0936279296875,316.1724601360595,310.9857605687903,313.5055780252668,59882100
2023-05-04,309.9954528808594,312.01522024964464,308.9659406314772,310.8680562966972,50224500
2023-05-05,316.58428955078125,317.4372945171545,310.03472065452723,312.2505946474323,51806100
2023-05-08,317.36865234375,317.71182316937643,315.0449409200732,316.12346497707074,36465800
2023-05-09,315.35870361328125,316.57447806607456,315.0449457152701,315.71165880734384,31768800
2023-05-10,318.79034423828125,319.6433491912204,315.319468640695,317.79024470316693,60446600
2023-05-11,319.82958984375,320.3688368200273,317.79019380506895,319.3393544392817,44278500
2023-05-12,318.6824645996094,320.7806867483484,316.63328395023984,320.359061508803,48432800
2023-05-15,320.4081115722656,320.64341502641423,317.6333620151676,319.1531099474747,33375600
2023-05-16,320.7708435058594,322.47685319202157,319.653092386239,319.69231959787356,40019200
2023-05-17,324.6535339355469,325.23200820146195,320.6532256526634,321.8297728315827,47486100
2023-05-18,330.68341064453125,330.89911544003,325.02610430665504,325.0457029529377,64213500
2023-05-19,329.9382629394531,331.60504547004615,328.87933764086796,330.89910524485487,61554900
2023-05-22,331.0461730957031,332.0560568161932,329.67349004746154,329.6833043303071,43015900
2023-05-23,326.84979248046875,330.4775470856532,326.4968372890107,329.33041279181475,48216700
2023-05-24,325.1731262207031,326.40852897088314,323.1239458935844,324.89859560084017,62891200
2023-05-25,333.0856018066406,334.35041774617036,330.09517729270715,332.5169418049666,66862800
2023-05-26,341.5960388183594,342.4294450267953,334.0072039995481,334.1052570690575,63007000
2023-05-30,343.145263671875,347.0181063079632,341.72356870219113,345.82193044815233,72652200
2023-05-31,341.1940612792969,343.75310590525214,339.74298348706856,341.56664501133304,65105400
2023-06-01,345.1355895996094,346.45920144834014,339.89006401888,340.9391751193457,50488600
2023-06-02,347.7239685058594,348.8809168862117,345.13554111385764,346.89056232890925,53372100
2023-06-05,347.96917724609375,350.518408015985,346.9396945897927,347.50835464568416,47266200
2023-06-06,347.9102783203125,348.87115054026856,346.03757537663273,347.36121702936515,41390400
2023-06-07,342.00787353515625,350.1457702034587,341.3803577839167,348.19464264734427,69225900
2023-06-08,346.2532653808594,346.7140878648296,342.07648001887725,342.3019691584915,47153900
2023-06-09,347.5769958496094,350.67528803508117,346.1357021734817,347.70446187672854,53196900
2023-06-12,353.4499816894531,353.54803477390476,348.26331163604436,349.23396835243494,44606500
2023-06-13,356.16583251953125,356.9992087625755,352.99890106254253,356.19524544667877,57097800
2023-06-14,358.7543029785156,359.0386479228359,353.38134149670026,356.175659676241,69525600
2023-06-15,363.0291442871094,364.5096349149164,356.8717885834368,357.4894600810382,71138800
2023-06-16,360.74462890625,365.5685586035656,360.30343498129747,365.44109260693637,80932000
2023-06-20,360.2282409667969,361.62243270223286,357.27299553777567,359.2955338568619,49204700
2023-06-21,355.3192138671875,359.52138526055666,354.396304405605,359.0893838120437,53378300
2023-06-22,359.51153564453125,359.66859981894015,353.66971914615306,354.0722672543528,47603000
2023-06-23,355.9475402832031,358.24498586469036,354.2588157580104,355.62352426121214,48922900
2023-06-26,351.1758728027344,358.20567761932983,351.08751297508127,355.4173243059273,52685500
2023-06-27,357.2140197753906,357.9405838225514,351.99078263071266,352.71731671523384,49428100
2023-06-28,357.9110412597656,359.8550168307131,355.3190338816595,355.3975959030378,46498000
2023-06-29,357.19439697265625,358.2547747954641,355.55478139707867,357.61657056755206,46151000
2023-06-30,362.70245361328125,363.75297388552355,360.55227433212406,360.86643265774114,58712500
2023-07-03,363.55657958984375,364.18492611888274,362.2605755477355,363.340578916159,19432900
2023-07-05,363.5467529296875,365.245305048856,361.95621612900413,361.9954971505115,34460900
2023-07-06,360.77801513671875,361.2198442191098,357.8914743704505,359.84530813103913,49374700
2023-07-07,359.5801696777344,363.7430885890437,359.3543712445191,360.5521875880231,47133700
2023-07-10,359.6980285644531,360.37548387562833,356.8016898800324,359.3053082299297,48498800
2023-07-11,361.4751281738281,361.926755042174,357.98966418430564,360.12021760615073,38214100
2023-07-12,366.0406494140625,367.3857325440924,363.566453910513,365.56936694608964,61975400
2023-07-13,372.2554931640625,373.0802149260332,368.6325900895149,369.21185787604276,46960000
2023-07-14,372.1769104003906,375.89797058834614,371.30307998472483,372.6874438132465,55148500
2023-07-17,375.6524963378906,376.5263267063156,372.4125164634129,372.8935965757237,40868900
2023-07-18,378.7256164550781,380.0903547968073,373.0900033607786,375.0143539359423,55262000
2023-07-19,378.63720703125,380.92485432075136,377.3117498846138,379.78594454837105,54093000
2023-07-20,369.908935546875,377.115460023706,368.88783871111735,375.65253408673993,71941700
2023-07-21,368.7994689941406,373.0114671113866,368.36746765069796,372.2849030541567,60499600
2023-07-24,369.38861083984375,370.7140383490684,367.5329643866993,369.7715034644116,40380100
2023-07-25,371.8921813964844,373.5514524681498,370.0758162038911,370.095471695657,38894400
2023-07-26,370.65509033203125,372.34381470791544,368.3576449536726,370.85146547724776,47075700
2023-07-27,369.771484375,377.7143710863636,368.4853079954955,376.1042086566428,63940200
2023-07-28,376.5068054199219,377.52787247313023,373.306075714777,373.8166092413812,56902900
2023-07-31,376.7030944824219,377.88128547604856,375.3874648517023,376.81110980544776,44019900
2023-08-01,375.82928466796875,376.58527205988247,373.76746546144676,375.358002289648,41060600
2023-08-02,367.58203125,372.3634693955508,366.3449337556179,372.3634693955508,72687100
2023-08-03,366.992919921875,369.1136455509128,365.0096329181413,365.17655478026666,47666400
2023-08-04,365.2747497558594,371.22455096243897,364.7740141219679,368.9172778959113,61702800
2023-08-07,368.36749267578125,368.465680253714,364.7544175239334,367.081316303995,37230400
2023-08-08,365.2355041503906,365.88350622101325,362.1133368704618,365.86388069013714,44726500
2023-08-09,361.21990966796875,365.67736246937346,360.4639221732136,365.5202683218961,51150900
2023-08-10,361.8874816894531,367.55254806206125,360.36567918634705,364.22420808465364,72035300
2023-08-11,359.5801696777344,361.30817488479244,358.0583673392255,359.33471575457895,48707200
2023-08-14,363.6155090332031,363.73332214215026,358.06825542756815,358.78496182787705,42130800
2023-08-15,359.7569274902344,363.438736421652,359.08927003239927,362.643438126839,45539900
2023-08-16,355.9475402832031,360.74860439303535,355.84935270191363,359.2169740053772,53190500
2023-08-17,352.0595397949219,357.6853558092241,351.64719388715173,357.34171424431963,62604300
2023-08-18,351.6177062988281,352.87442935667116,348.25988299283443,348.7998996743189,61191400
2023-08-21,357.2827453613281,357.9602006257044,352.61912054975676,353.0805751506704,50696500
2023-08-22,356.7722473144531,359.89441451720785,356.084964236424,359.88458677069144,44530200
2023-08-23,362.39801025390625,363.4878413565346,357.73438527213693,357.95038594348233,51770600
2023-08-24,354.65155029296875,365.96205898365565,354.445377337872,365.8639013610867,66842500
2023-08-25,357.40057373046875,359.0892980908041,352.05949342627497,355.48605091411787,69960500
2023-08-28,360.09075927734375,361.02346627577947,357.6263921210798,360.3165577270277,40910000
2023-08-29,367.9551086425781,368.30857792273935,359.5704230087937,359.89440904985355,58492400
2023-08-30,370.0071105957031,370.5864083201941,367.0616630158769,368.0631343691088,41731500
2023-08-31,371.11651611328125,372.81506810320485,370.01688729587056,370.0856215876183,35730700
2023-09-01,370.72381591796875,373.90488944977284,369.2412645055501,373.48271585638196,39801200
2023-09-05,371.19512939453125,372.41257147292936,368.99584149345577,369.9187507989002,32344200
2023-09-06,367.9256896972656,370.7631520991207,365.9228067858147,370.4195105332614,42998700
2023-09-07,365.29437255859375,366.0700154055185,362.43728507574485,363.47800739370695,52060700
2023-09-08,365.804931640625,368.0336727683794,364.8427712957329,365.2453193847222,35800100
2023-09-11,370.1151428222656,370.625676306198,366.86533457446546,368.82896638401934,39936600
2023-09-12,366.0111083984375,370.09546558722934,365.7263734362904,368.4459923260315,41391000
2023-09-13,367.4053039550781,369.00566859817417,365.11768618873833,366.24676843328615,46300700
2023-09-14,370.4096374511719,371.3914532548078,367.0911252035005,369.1529144210235,48039400
2023-09-15,364.067138671875,369.47695367857045,363.13440161463706,369.07440557821735,69811200
2023-09-18,364.4466247558594,365.55768735077066,362.8439436680501,363.1290907956141,36903500
2023-09-19,363.66986083984375,364.46628040159027,360.65131607786003,363.12909249752613,37621700
2023-09-20,358.4291687011719,365.085671354947,358.35049295002716,364.73172049281754,45514200
2023-09-21,351.8612365722656,355.5385639641375,351.69410305800875,354.7519562305208,69734800
2023-09-22,351.910400390625,355.7351771752836,351.59575731152273,353.6015694332803,51589700
2023-09-25,353.5818786621094,353.67039640628593,349.9635733403217,350.94681043902585,39168000
2023-09-26,348.2723388671875,351.5465345938054,347.2891019532978,351.00573628756047,53657700
2023-09-27,349.0884704589844,350.9959526262273,345.47013551952676,349.4227674359429,56066000
2023-09-28,352.0086975097656,354.13249308803233,347.3186376888386,348.17404910105444,56453300
2023-09-29,352.2643127441406,356.86588475516515,351.0352664817327,355.4795169704476,64829600
2023-10-02,355.2042236328125,356.6004034300205,351.920215511054,352.5298176765403,51625100
2023-10-03,348.970458984375,354.9583681944584,347.3579360413067,352.76573907241095,60478500
2023-10-04,353.71954345703125,354.5651129523319,349.3441264000491,349.80624903302026,54786700
2023-10-05,352.67724609375,354.11276356619885,349.1867671008342,353.7096328364409,45897400
2023-10-06,358.5865478515625,359.776256226346,348.90165734771625,349.688234949587,75049100
2023-10-09,360.4153137207031,360.95608201038453,354.7322056695782,356.22671494735886,45304800
2023-10-10,362.41131591796875,365.0562258023892,360.24821255924587,360.7496430164254,46968800
2023-10-11,364.9972229003906,365.1840403219453,362.0180161329799,363.7386808007652,38215100
2023-10-12,363.72882080078125,367.47495100562713,361.3395623248104,365.49866523210005,49587900
2023-10-13,359.1567687988281,364.9382064939926,357.760559216972,364.3581003315198,52469900
2023-10-16,363.2175598144531,364.26963053650593,360.3268408246316,360.4743203637021,44201100
2023-10-17,362.02789306640625,363.71906198916196,357.5639884669209,359.6779421188621,50999100
2023-10-18,357.27880859375,361.74271278433133,355.95143269937324,359.5402716005428,54280500
2023-10-19,353.93585205078125,359.88442436830707,353.1394324183459,358.6947159060048,72274200
2023-10-20,348.6558837890625,354.0046960461877,348.4297284525168,353.43440172133876,72559700
2023-10-23,349.70794677734375,353.23776430725763,345.2342000427066,347.33834180480255,60665200
2023-10-24,353.10992431640625,353.8768480102766,349.82591619106324,351.51708510652264,47082100
2023-10-25,344.4672546386719,350.89763316333773,343.88714839649435,350.7206577008455,71190500
2023-10-26,337.8992614746094,344.2018148133618,336.61122328900314,343.2677275767704,78621400
2023-10-27,339.52154541015625,342.9923706087214,338.3121531715816,340.62276598218676,63476700
2023-10-30,343.3464050292969,344.66393913377567,340.64250302235547,341.9993450062409,55298500
2023-10-31,344.98834228515625,345.361977125428,340.8095852665568,343.375849297575,47671900
2023-11-01,350.976318359375,351.5367707262542,345.72583567338677,345.8241653878242,58992700
2023-11-02,357.3476867675781,357.5836540648614,354.26030793338845,355.47954231671883,58162400
2023-11-03,361.5460510253906,362.8340890313427,358.4095227497028,358.63567805070596,53280500
2023-11-06,363.02099609375,363.5814484959267,360.7595625493423,362.3130641136368,38848700
2023-11-07,366.45245361328125,367.3176769958815,362.8636144437816,364.06316482235667,50777400
2023-11-08,366.6884460449219,367.5242035801458,364.40732877415047,366.8260836356328,35663400
2023-11-09,363.86651611328125,368.5172078212966,363.37489762365516,367.3766793306541,53859400
2023-11-10,372.047119140625,372.194598711743,365.05628740946634,365.58724387150767,58309800
2023-11-13,370.8868408203125,371.9389116697702,368.9498626232603,370.4738980609081,40733500
2023-11-14,378.87078857421875,379.78522200255065,376.7568345312519,377.27794906283,67792600
2023-11-15,379.1558837890625,381.25018360246395,377.7990117969424,380.758565054943,54141400
2023-11-16,379.4803161621094,379.7162834302425,377.1303654282443,378.38890753497225,45343500
2023-11-17,379.56884765625,380.58158064011525,377.8481827803421,378.75274408316574,46571900
2023-11-20,384.19000244140625,384.84878441118275,379.57861867100365,379.57861867100365,44429600
2023-11-21,381.9580993652344,382.7053691278028,380.2177805827414,382.4890557757968,43337000
2023-11-22,383.52142333984375,386.4809763234996,382.5185323980325,384.0228838137554,44121000
2023-11-24,382.980712890625,383.7082987815847,381.9876337646269,383.11835048885297,15718800
2023-11-27,382.6463623046875,384.5931523904098,381.7712669585099,382.4890407815765,34139700
2023-11-28,383.6492614746094,384.22936772512367,381.54511981469796,381.8991007507822,35491100
2023-11-29,383.2756042480469,387.5330371689785,382.93146530431625,386.10733154752785,38811700
2023-11-30,382.3121032714844,384.00327243802275,379.3525797345556,383.54114975861927,52834400
2023-12-01,383.4034118652344,383.99336002594515,379.5982897373644,381.2501205825466,40490100
2023-12-04,379.8440856933594,380.11939082460003,376.2454350454225,379.61793040462254,51186900
2023-12-05,380.7978820800781,381.9875904982216,377.769495189878,377.94650066186034,42933000
2023-12-06,378.5954284667969,383.8262569727363,378.2513194910496,383.72792726280227,41994100
2023-12-07,383.8852233886719,384.7111388866254,380.4733897212856,381.56479841909,49593500
2023-12-08,385.5960693359375,386.03850798444535,381.96792238811264,382.1547398194867,46687500
2023-12-11,388.88995361328125,389.1554468523065,384.96684691762977,385.1733183210806,41198000
2023-12-12,391.98712158203125,392.10510522515955,387.7985222148973,388.92923880289453,39221200
2023-12-13,396.9721374511719,397.5817396526688,392.1542816587449,392.92120539708213,55408100
2023-12-14,396.6279296875,399.4891225327605,393.6290392735281,398.19127268759354,55447800
2023-12-15,398.5452575683594,399.7251538984955,396.8049389871183,397.4046991174972,62896600
2023-12-18,401.05560302734375,401.9521395300037,398.6123238311212,398.93742692657247,46610000
2023-12-19,403.10479736328125,403.223016658827,401.3215861682606,401.5087767415231,35711900
2023-12-20,397.1147766113281,404.3954258969075,396.93744766021257,402.3068047412449,54042400
2023-12-21,401.7354431152344,402.0999927788968,398.4842915003501,401.0359587502772,45568900
2023-12-22,402.33642578125,403.90289190579927,400.46454972420094,402.9472456462496,34314000
2023-12-26,404.79937744140625,405.4693068819968,403.09496894766085,403.1934950573824,22722500
2023-12-27,405.6234436035156,405.9093105893374,404.2237091283738,405.0813100858391,31980500
2023-12-28,405.42626953125,407.0231598039009,405.07142508072366,406.7767300193373,27029200
2023-12-29,403.6717529296875,405.761503093783,401.75945509998576,405.40662850676097,42662100
2024-01-02,396.84063720703125,400.2906539557308,394.52419137369554,400.04422418796656,58026900
2024-01-03,392.6414794921875,395.2733627494612,392.2077907594022,394.21863608310093,47002800
2024-01-04,390.6207580566406,393.8834858235891,390.40389865452806,390.77847672015514,39432800
2024-01-05,391.0841064453125,393.8539750888315,389.6942387142963,390.788402707549,44922800
2024-01-08,399.1670227050781,399.45285962898345,392.1585431883032,392.30639505959294,42473800
2024-01-09,399.95556640625,400.8821448631222,395.97325240533735,396.17040827853845,39132900
2024-01-10,402.666259765625,403.6716824367077,399.383828338149,400.2709695281349,33962800
2024-01-11,403.5041809082031,405.3277675366237,398.46713989937973,403.93789978464144,54536200
2024-01-12,403.7111511230469,405.3770189692426,402.32128344819796,404.5391516370874,39595000
2024-01-16,403.6717529296875,405.2489098105029,401.020165632269,402.47904101133224,43903000
2024-01-17,401.39471435546875,401.76929247140635,397.1660005689436,400.36958802757596,54386000
2024-01-18,407.09210205078125,407.67367268220954,403.31681131396454,404.6573747867297,59562500
2024-01-19,415.1651611328125,415.32287979779335,408.7087130945052,409.29028375063245,70325100
2024-01-22,415.7073669433594,418.66452452840616,415.10606259188336,417.36336797136255,44880600
2024-01-23,417.4323425292969,417.64920193832427,414.56389628879094,416.3973194073097,33003800
2024-01-24,419.748779296875,423.7113895972311,419.25591971378685,421.3358027969349,46948000
2024-01-25,420.2613830566406,422.91297008670307,417.9252333872892,422.2426581747515,44367200
2024-01-26,417.7576599121094,420.12338002200374,417.1070816175798,418.37866783333135,37137000
2024-01-29,422.0356750488281,422.2328309241424,417.5605013987106,418.2110796891318,38694700
2024-01-30,419.2263488769531,421.57236530293176,418.31950409086363,421.00066142315893,36739000
2024-01-31,411.0153503417969,416.8310878079904,410.8379280992408,414.83994578407896,64010600
2024-02-01,415.8551940917969,416.3480536600138,411.8433099868885,412.80932557002757,51008600
2024-02-02,422.8833312988281,424.095746455159,416.7521577200794,417.74771348622596,59602400
2024-02-05,422.3313903808594,423.4747981460052,418.93064721196345,422.942531453122,39889200
2024-02-06,421.483642578125,424.07608872396537,419.1474930343102,423.47478440731186,35846100
2024-02-07,425.82080078125,426.64880124732525,422.96222129751766,424.26337777924766,37712700
2024-02-08,426.6094055175781,427.3683984446145,425.2589750756409,425.939093623751,29889900
2024-02-09,430.80853271484375,431.5971260660349,426.9543973976089,427.74296066703954,36943900
2024-02-12,429.12298583984375,432.86873678711555,428.44283719652174,430.7001425501812,33203300
2024-02-13,422.4299621582031,425.1111196554867,419.25594504804957,421.1781095709481,64491700
2024-02-14,427.033203125,427.45705509199547,422.75518610709224,425.10120223214824,45092700
2024-02-15,428.3048400878906,428.7681292944683,425.1702303097586,427.7232693956781,38796100
2024-02-16,424.421142578125,428.778004795636,423.7114235183895,428.6794569365382,53716500
2024-02-20,421.2174987792969,423.9380630768234,417.45204454629345,422.42991403651456,53999500
2024-02-21,419.53192138671875,419.62066258394424,415.60877834354727,418.4870614733529,49779000
2024-02-22,431.8139953613281,432.84898843636626,427.516244223805,428.2851039577148,53887800
2024-02-23,430.5423889160156,434.2979762946172,429.56653662950396,433.3713979305872,39853900
2024-02-26,430.315673828125,432.3364160920816,430.1283847870325,431.35069696286195,33043200
2024-02-27,431.3507385253906,431.73515338031086,428.8174328995786,431.4197460907077,33713200
2024-02-28,429.053955078125,430.4339859261525,428.0978063183257,429.211673748807,32938800
2024-02-29,432.7307434082031,433.80517376266243,428.8075700303294,431.97175042801547,42495200
2024-03-01,439.24627685546875,440.20242559258236,433.55868843719577,433.6178291770783,43853000
2024-03-04,437.678955078125,439.6701267810901,437.4325253193824,439.246244733917,34325700
2024-03-05,429.82281494140625,434.65286274760854,427.4570950439002,434.64299593013743,57917100
2024-03-06,432.52374267578125,435.67802611401623,430.6508821840537,434.03189187112264,46234500
2024-03-07,439.0885925292969,440.34044497796555,434.56411531208056,436.10186480922084,44526700
2024-03-08,432.75042724609375,442.233071106835,432.08014541762924,439.4434689579782,72096000
2024-03-11,431.1437072753906,432.3955597485058,429.2215429277489,431.26198875861274,45860000
2024-03-12,437.32421875,437.67906325104593,430.2270279114306,433.45034920475655,55300900
2024-03-13,433.96282958984375,436.3482830248126,432.8489622045044,436.3285493906767,37928700
2024-03-14,432.8687744140625,435.7174874601799,430.15804642314674,435.19505745065584,52195200
2024-03-15,427.72332763671875,432.60262007411706,426.56015601214875,429.8426180942816,73069800
2024-03-18,431.80267333984375,435.3164715118296,431.5657674247215,433.0364516339832,47323800
2024-03-19,432.8785095214844,433.28319240263966,427.7064906075456,429.7990038245889,43004100
2024-03-20,438.0109558105469,438.3465398397025,432.3750658747095,434.0727457479022,43653500
2024-03-21,440.083740234375,443.50870969307005,439.8863537969903,443.05468775339364,39345700
2024-03-22,440.587158203125,441.6827388437059,438.72167100878715,439.5705261179978,28253900
2024-03-25,438.9881591796875,440.46869300537145,436.7969679128137,437.79384020612855,27789200
2024-03-26,437.56683349609375,441.4260951876963,437.3398074713394,440.508141346063,34142000
2024-03-27,439.0572509765625,440.74508131419196,436.1948914538814,440.6463730296431,41359200
2024-03-28,438.2478942871094,439.8567458712152,437.8925505041075,439.0078908107103,36839600
2024-04-01,439.1756896972656,441.7221945881504,437.2707133093092,439.19541930424367,38729000
2024-04-02,435.385498046875,435.70135248876113,432.34548187794877,434.36886603580314,44259700
2024-04-03,436.3627014160156,438.23803834860485,433.25358622230976,433.2634359657518,39949800
2024-04-04,429.6903991699219,441.1497467951012,429.4633731365682,440.53776750365273,57267700
2024-04-05,434.7538146972656,437.4187875750618,430.3023334511116,431.1116991543282,54744600
2024-04-08,434.8821716308594,436.75750858125053,433.5003459895995,435.681657541929,28144900
2024-04-09,436.490966796875,437.4878390295883,431.7631206335741,437.21147393712283,39443600
2024-04-10,432.6810607910156,433.5397655709517,430.61818732202715,431.32884474706685,61502200
2024-04-11,439.5902099609375,440.5377431354332,432.2763695555441,434.54653939889255,45474600
2024-04-12,432.5823974609375,436.5008785092053,431.21045166763093,435.375688373544,53665000
2024-04-15,425.4659118652344,436.41198765794667,424.6269367249486,436.3231592484862,63453600
2024-04-16,425.50543212890625,428.1309157561056,424.1236065676271,425.3080155680643,47619000
2024-04-17,420.3136291503906,427.4991512559957,419.3858256538769,427.4794216510929,56880500
2024-04-18,417.9152526855469,422.6825587041997,417.34276269577936,420.9552691128481,46549400
2024-04-19,409.26885986328125,417.2637478692342,407.7093776191024,416.7406271666546,75231000
2024-04-22,413.38482666015625,415.71418561726296,408.5681513884315,411.8944128444313,47807700
2024-04-23,419.5537109375,420.7479998697546,413.43415866494064,415.30949561248633,44384700
2024-04-24,420.9750061035156,424.1532199847882,418.69498637581336,422.64307665706934,48440300
2024-04-25,418.94171142578125,419.8004161798026,412.7136018716216,413.7993025224546,57392200
2024-04-26,425.40667724609375,426.93654999964093,421.3796388912998,422.0705365354839,41874900
2024-04-29,427.1340637207031,428.13096626394747,424.4000217475746,427.5091371576284,30022200
2024-04-30,419.0799255371094,426.9464969281247,419.0009769819428,425.55479143619027,43665900
2024-05-01,416.0498352050781,424.55799694896035,415.20101006481946,417.65868717070964,52251700
2024-05-02,421.3599548339844,422.2581490421064,415.17133378600425,419.7807126012592,36559000
2024-05-03,429.8286437988281,430.8156664702598,427.0057432953319,428.8021317865075,48515300
2024-05-06,434.5366516113281,434.6254800209233,430.85504687658084,431.6249232146083,30227200
2024-05-07,434.60577392578125,436.2343550995329,433.87535676036975,434.980847312053,30996100
2024-05-08,434.3491516113281,435.7507369202291,431.8717153110877,431.99018332208914,24896700
2024-05-09,435.29669189453125,435.86918186492,432.7699164732943,434.61564389755716,24580100
2024-05-10,436.3232421875,438.5440432107632,434.78348922109416,436.7970239162178,27116600
2024-05-13,437.3299560546875,438.3268585097785,435.9185209797342,438.2281502264412,22994200
2024-05-14,440.1429748535156,440.6759754843591,436.71800527283966,436.9055419740339,34478300
2024-05-15,447.0224914550781,447.26924708406875,441.10035635930353,442.6104996038646,41464700
2024-05-16,446.1145324707031,448.78935556374995,445.94672535759224,446.83503976663087,34780400
2024-05-17,445.8973083496094,446.8448415455645,443.7061171254062,446.2427421383118,35803700
2024-05-20,449.0064697265625,449.6677580228072,445.9269639301303,446.1145006401795,24474200
2024-05-21,449.8848876953125,450.0724243984787,446.96330924202005,447.1607258100495,23167700
2024-05-22,449.79608154296875,450.89169234315284,447.200207164725,450.14154549335257,25120000
2024-05-23,447.7726745605469,454.6028540574853,445.9861660713321,454.5732445844639,40899200
2024-05-24,452.0069885253906,453.2703761837025,447.683824939773,449.38150492952377,29669500
2024-05-28,453.71453857421875,453.77375752010863,450.76335065839464,453.2210272774434,26216800
2024-05-29,450.5165710449219,452.2931995701903,449.4308402254634,449.5690378395479,29739200
2024-05-30,445.69000244140625,449.72695101515984,444.3673958922953,449.58875340539146,30536800
2024-05-31,444.8609619140625,446.60801125001456,437.31024480561797,445.9170833591858,55941300
2024-06-03,447.2495422363281,449.66772946137996,442.08740334832584,448.67085714771804,32997500
2024-06-04,448.4734802246094,449.6677692065677,445.27553645209167,446.9929462378451,23767400
2024-06-05,457.51458740234375,457.5935359573547,448.51294605412517,452.0366239870845,33817400
2024-06-06,457.3566589355469,458.51148863504653,456.1919794926597,458.1956341727769,21966800
2024-06-07,456.9519348144531,459.6958561995147,455.8464744178149,456.9914241490578,25829700
2024-06-10,458.7977294921875,459.1530733127549,455.54056676494895,455.82681177019197,20660800
2024-06-11,461.9463195800781,462.06478759754907,456.03406367638996,457.52447748377983,22053300
2024-06-12,467.9967346191406,470.3162436288159,465.1738645931589,465.8647623031118,34532600
2024-06-13,470.5333557128906,472.18169650040807,468.26321606791436,471.52037818836476,25859000
2024-06-14,472.97137451171875,473.04047332470094,469.8721090080733,470.33601084710494,23372600
2024-06-17,478.76513671875,480.54176518972315,471.93495781150637,473.23780463350295,37054500
2024-06-18,478.9132080078125,479.5942559840838,477.1563090554916,478.7158215686924,24438600
2024-06-20,475.22174072265625,480.52204691160244,473.39574301016904,480.1075143153198,33918700
2024-06-21,473.948486328125,476.27787523634794,472.45810274298066,474.94538875408216,37456800
2024-06-24,468.5527648925781,474.4546566741709,468.4143777866246,472.7246217485548,37751000
2024-06-25,473.9109191894531,474.20748452230674,469.699510446452,470.63868428284394,29014700
2024-06-26,474.88958740234375,475.4333307069097,472.67515259375807,473.09034403566216,22737100
2024-06-27,476.1154479980469,477.5884695703149,473.83180447748856,474.64245659519145,26222100
2024-06-28,473.6440124511719,481.64174344784533,473.00143407332047,476.90638218162707,34881600
2024-07-01,476.4219970703125,476.9854712588444,470.8265659344529,474.5634403475883,24898300
2024-07-02,481.4241943359375,481.4835073994237,474.8006206654742,474.9291423594981,26723600
2024-07-03,485.4378967285156,485.56641842894476,480.6728792615718,480.6728792615718,18064900
2024-07-05,490.4995422363281,490.934524892124,485.9816720251039,486.27826756464674,28495900
2024-07-08,491.666015625,492.219624364335,489.8470111715543,490.86525904955414,22109400
2024-07-09,492.0911560058594,494.295725803935,490.578612291676,493.1786126365114,25614500
2024-07-10,497.221923828125,497.7755326004997,492.70408404314736,494.0090017669361,28046900
2024-07-11,486.3177490234375,497.53826719034237,485.13145747225576,497.3306714485331,49966600
2024-07-12,489.1747741699219,493.92000053484,486.42649145110255,486.89113058774603,37109400
2024-07-15,490.48956298828125,495.2941323505621,488.4530673424053,490.94430653469897,31151400
2024-07-16,490.6774597167969,492.75350772394023,487.5238506867198,491.94285552229314,25950600
2024-07-17,476.2736511230469,483.22344721321235,476.2044726562418,482.7093905643281,56268800
2024-07-18,474.0196533203125,480.1686926795042,470.83638798961687,479.9907534784537,49347400
2024-07-19,469.81817626953125,476.19460298928004,468.53301949271196,473.6835723378071,42042900
2024-07-22,476.81744384765625,477.8356918524097,472.26002149436135,475.6706741250204,40300000
2024-07-23,475.13677978515625,478.9033104941796,474.66227523561906,475.91777541548873,23282500
2024-07-24,458.0934753417969,468.7801456725655,457.2334056742168,468.4143716915868,58818600
2024-07-25,453.041748046875,462.6014396958231,450.43188256553566,458.4295829833595,59256800
2024-07-26,457.6881408691406,460.61436283274776,454.52463646511234,457.371784394855,39992100
2024-07-29,458.6075134277344,462.57177432799335,456.3535263948634,460.39686132723483,28218500
2024-07-30,452.3101501464844,461.23712786288223,448.9687069184563,460.53523652787493,41317200
2024-07-31,465.69573974609375,467.3961180940794,461.08890038272096,462.53223532259034,44552100
2024-08-01,454.4158935546875,470.1245940721728,450.777884707459,466.37785466015725,56653900
2024-08-02,443.6303405761719,448.3953578259163,439.3991710694865,445.7459404142205,66323200
2024-08-05,430.4029846191406,437.24404961283574,418.618993350382,419.86459785918976,87483500
2024-08-06,434.5155944824219,441.9695823885907,429.60229381809893,432.2418462378431,63164400
2024-08-07,429.80987548828125,443.8775420816124,429.4144449590627,441.3961679939365,54929200
2024-08-08,442.9581298828125,443.8676170226471,432.1626991528455,436.0280949206762,47890100
2024-08-09,445.27142333984375,446.9025929959707,440.52616686725906,441.64327989418985,33574000
2024-08-12,446.2303771972656,449.1862557378928,443.43264672667567,446.24027276517336,27795000
2024-08-13,457.3025817871094,457.569520764925,450.48130738101344,450.6197246538681,40084500
2024-08-14,457.450927734375,459.80375001845346,453.17030990577854,458.2220278505323,34733700
2024-08-15,469.0075378417969,469.4029683616572,463.0364374328367,463.41210698599923,38280600
2024-08-16,469.6105651855469,470.97482612620695,466.2691214716206,467.2280563234313,38383600
2024-08-19,475.77935791015625,475.81891001240314,467.9694921188847,469.7489746870242,23737700
2024-08-20,474.7808837890625,477.4303013239028,473.0903708857028,474.8698533888056,29209300
2024-08-21,476.99530029296875,478.84396118927805,473.85158721252577,475.5618308460851,25658800
2024-08-22,469.43267822265625,480.0007237355,468.4045346186933,479.30869762007103,37739600
2024-08-23,474.52386474609375,477.23259548647326,469.85771220264724,473.77252563936634,36061500
2024-08-26,469.9169921875,474.8995008639747,467.84094439151784,473.9801181814182,27452600
2024-08-27,471.3208312988281,472.3884967040748,466.3284267777959,468.28584855173153,27510000
2024-08-28,465.9725036621094,471.5777992983773,462.55198629689227,470.85614697580746,37372400
2024-08-29,465.2904357910156,472.47748446744345,464.01514442703615,467.8805404533223,41081500
2024-08-30,470.83636474609375,471.4591820884378,465.1420994076882,469.6204167628621,33466500
2024-09-03,456.5414123535156,467.9299749277406,454.16879892172915,467.8014833823268,44985200
2024-09-04,455.3550720214844,459.15128956114927,452.50795412085876,453.4372324539809,32505100
2024-09-05,455.7801818847656,460.05087375136264,452.7155425486622,453.733790471333,34452400
2024-09-06,443.571044921875,455.9580930423161,443.0767492583787,455.0782322799744,50624400
2024-09-09,449.27520751953125,450.2637988498287,444.68815943504603,447.8911856909975,32981200
2024-09-10,453.4273376464844,453.93152891747957,447.07070215006615,451.03493317073963,29680300
2024-09-11,463.2737121582031,464.01515573239755,446.1315403431584,454.66308923066197,57843000
2024-09-12,467.8211975097656,468.63184965336313,461.5238754689245,463.30332782224303,40067800
2024-09-13,469.9169921875,471.09341826624285,466.8622486435972,467.08963550710143,29111800
2024-09-16,467.8409423828125,468.4538641685519,464.52918562635534,467.79152488502547,22585600
2024-09-17,468.088134765625,472.1512611288473,465.5968952856612,470.85620880166687,30084400
2024-09-18,466.0614929199219,473.36716706476903,465.45843652843155,469.2843102676915,39909200
2024-09-19,477.8454895019531,480.6827719537272,475.0082372195922,477.10404600644785,52782500
2024-09-20,476.93603515625,478.1717744003599,472.84325229843876,476.98545265824833,34577700
2024-09-23,478.20025634765625,479.2892410929773,476.7746818104745,478.11116171555886,24843000
2024-09-24,480.5068664550781,481.4572393469827,475.3589855964362,479.6059805071586,25952600
2024-09-25,480.952392578125,482.90265561010153,479.70500732779976,479.88319658875736,26549900
2024-09-26,484.5657958984375,488.75342462979467,480.93255387516143,488.4267141196481,32020200
2024-09-27,481.8730773925781,485.7241165908211,480.69499801189994,485.5855047993006,22851100
2024-09-30,483.1798400878906,483.5164298674452,478.0814460255324,480.91277604803815,30281100
2024-10-01,476.44793701171875,483.11051710958384,472.61671704803837,482.8135350239533,42735400
2024-10-02,477.12115478515625,479.03181006240953,472.93352603646395,475.54705906940643,23744000
2024-10-03,476.7647705078125,479.69510472886486,474.19081481378305,474.93330029022553,25337200
2024-10-04,482.43731689453125,482.99170357181725,477.5567201550848,482.5660191967241,30686600
2024-10-07,477.2696533203125,481.69486781095134,476.051966306015,480.5266979537419,24975100
2024-10-08,484.39752197265625,485.080611040939,479.0021455348288,479.8040274477152,28272000
2024-10-09,488.20892333984375,488.78312900233186,483.0610423839176,484.1005099217249,24995000
2024-10-10,487.654541015625,489.51570938090015,484.6252027910595,485.93198443627097,25750400
2024-10-11,488.41680908203125,489.4365180924452,485.2587987967278,485.8230647717071,20644500
2024-10-14,492.51531982421875,493.8319806523621,490.29777307711055,490.8026426096845,26060100
2024-10-15,485.9319152832031,493.5052597668528,483.78364438981976,492.8419595648441,34784500
2024-10-16,485.9913635253906,486.7635471587874,482.68483205870143,486.25864740209397,22996800
2024-10-17,486.32794189453125,491.51543027362754,486.26854547887814,491.4659433311861,27210700
2024-10-18,489.51568603515625,490.60467068756384,488.3573954930934,489.1097903823585,25335000
2024-10-21,490.4562072753906,491.2580891528335,486.38737125668905,488.30793605772305,30336500
2024-10-22,490.9907531738281,492.4658447615583,487.0407403823035,487.793135280426,26685800
2024-10-23,483.46685791015625,489.29785750172783,480.1900249030629,488.64446675248473,39346600
2024-10-24,487.3872375488281,488.06041708017347,484.53608869629585,487.17931987829945,22024900
2024-10-25,490.357177734375,495.26747284770505,489.47608053519724,490.1789884845893,38762100
2024-10-28,490.4364013671875,493.5251361197284,490.1394192609091,493.46573969847276,20477800
2024-10-29,495.1487121582031,496.3267915168347,488.9019368423387,490.75319577395663,28014100
2024-10-30,491.40655517578125,495.3367792072064,490.92147436919066,494.3864063289727,29756000
2024-10-31,479.00213623046875,487.4961567845673,478.9031321246182,487.4466698375477,41245200
2024-11-01,482.5462341308594,485.8329769568271,480.338596739747,480.63557883349887,33655800
2024-11-04,481.1404724121094,484.4767021401597,479.39809691969697,481.9423542667288,23291600
2024-11-05,487.2783508300781,487.94165113638695,482.63533932134885,482.7244339514242,24353600
2024-11-06,500.51434326171875,501.33604402055556,494.5942790255398,495.54465187540853,43082200
2024-11-07,508.39459228515625,509.1767155944493,503.2467115280343,503.30610794436893,32853100
2024-11-08,508.9886779785156,509.760831483566,507.2759703252836,507.899662983483,22924500
2024-11-11,508.691650390625,510.4142069407724,505.80089378918416,510.2062892654161,24167500
2024-11-12,507.77093505859375,509.5034011498743,504.72180803113673,508.62236431683294,25835300
2024-11-13,507.1175842285156,509.8202120475562,504.84064083500584,507.2661054943715,24567400
2024-11-14,503.59326171875,507.65215823407385,502.68246622311574,506.78100063575187,28679500
2024-11-15,491.5946960449219,498.2869446598162,489.53551938509924,497.90086791848177,51461100
2024-11-18,495.01007080078125,497.1088549746597,491.7530564972912,493.1390232447135,27080800
2024-11-19,498.4156188964844,498.9007299291425,492.0995379045485,492.4361578912134,24523000
2024-11-20,498.1285400390625,498.4354316008749,491.58475271735847,498.1186305655171,29565500
2024-11-21,499.9204406738281,501.8805830298191,492.5747709405778,501.16779575169187,34526700
2024-11-22,500.7222900390625,501.45486600636707,497.7424388015507,499.3660214674592,23826600
2024-11-25,501.5142517089844,506.3255729737654,499.2076102815402,504.79108496814234,26375200
2024-11-26,504.2070007324219,505.028701522575,502.14785444392766,502.9893137573825,26557100
2024-11-27,500.2371520996094,503.14769728857453,496.9009225315569,503.07842161211977,24957400
2024-11-29,504.6326599121094,505.22665426566476,500.2470534652956,500.8608365529733,15334000
2024-12-02,510.1270446777344,511.0873572104706,505.503852529163,505.8899594368698,25147200
2024-12-03,511.691162109375,511.96838562340423,508.22623072565875,508.8004362735706,18597900
2024-12-04,518.0172119140625,518.274616514731,514.3938494061554,515.1066667944384,26086200
2024-12-05,516.581787109375,518.7894245658355,516.1956801642583,518.066758045711,18169600
2024-12-06,521.2050170898438,521.4426027889191,517.1163919846481,517.2450943089183,23762600
2024-12-09,517.1461181640625,521.0763125037305,515.9977067253483,520.2843400357084,20674400
2024-12-10,515.3838500976562,520.1159861294152,513.9582756888856,518.3736106938491,24350000
2024-12-11,524.6104736328125,525.293562625996,519.3339208315082,519.7397862686788,32168600
2024-12-12,521.2247924804688,523.6601665397187,520.7496211220283,522.3929623523824,23577500
2024-12-13,525.21435546875,527.8278579264799,522.0166775373805,525.1450495866374,28780400
2024-12-16,532.77783203125,533.7480540880958,527.6596493492339,527.7388647142787,31979900
2024-12-17,530.431640625,532.0948009302535,528.778389794408,530.9860273934179,28579100
2024-12-18,511.2952880859375,531.5008274158237,509.84995497757296,529.7881801907616,54703200
2024-12-19,509.018310546875,516.5322899221571,508.6817509785398,515.9679937267025,46441800
2024-12-20,513.4634399414062,519.5617558011836,504.187354443087,505.32582637571085,60530000
2024-12-23,518.4658813476562,518.8426854640211,511.7826617906483,515.173838316872,29672800
2024-12-24,525.4961547851562,525.5853628210008,519.7747362800005,520.4093600682405,17558200
2024-12-26,525.1392211914062,526.7654222014613,521.8769542377406,523.8700339423604,19090500
2024-12-27,518.1583251953125,522.0155731374373,513.4979025357694,521.5792769624792,33839600
2024-12-30,511.26690673828125,514.9853197922125,507.51874759033944,511.1677732652614,34584000
2024-12-31,506.9239196777344,513.2997222530315,505.96208877907037,512.5461745720961,29117000
2025-01-02,505.93231201171875,512.288323816092,501.45036488484794,509.968007151715,36389800
2025-01-03,514.2119750976562,515.2729696624741,508.2129468477879,509.02598666204625,29059500
2025-01-06,520.1217651367188,523.4733001568532,517.6329577649649,519.6061862635828,36109700
2025-01-07,510.840576171875,521.55951995804,508.9566163889167,521.1629255137043,36690300
2025-01-08,510.9297790527344,512.5658444023089,506.2693561531676,510.7413770465484,30777800
2025-01-10,502.9179382324219,507.2709455025522,499.67549235438327,507.1718120115306,40532500
2025-01-13,501.3016052246094,501.7577221166377,495.4909792306283,496.9783445511999,31694200
2025-01-14,500.82568359375,505.86291155630545,497.36508964559465,504.4548589417407,33737200
2025-01-15,512.3477783203125,513.4880554025902,507.1518949698399,508.7087081711547,34957600
2025-01-16,508.7583312988281,514.6879422428226,508.6294214503886,514.608599138924,28229000
2025-01-17,517.3453369140625,519.6557281030132,508.7880231807161,518.4459727794786,51837900
2025-01-21,520.3795776367188,521.5397057365492,515.6795125194549,520.0622657463014,23628000
2025-01-22,527.0330810546875,529.3236214173635,524.802032888923,525.1094193264751,33593000
2025-01-23,528.153564453125,528.2725488461796,523.9988545859802,524.5838510983231,23096600
2025-01-24,525.1688842773438,529.2938175983337,523.7013698156251,528.5303445310877,19878300
2025-01-27,509.8787841796875,513.6269134248726,505.8529540893436,506.6958005141239,60771700
2025-01-28,517.414794921875,518.5947739794966,507.4692787651559,510.8802758250669,33194200
2025-01-29,516.4430541992188,518.1882393631972,512.5461639397026,518.0593295144222,26649000
2025-01-30,518.644287109375,521.6685845598946,513.8450887897236,519.2987617572692,27431300
2025-01-31,517.8907470703125,527.0430442443887,516.8000365418205,522.4817535773786,38755200
2025-02-03,513.7459106445312,516.4628217597667,506.7453799127663,509.14497914666026,40580800
2025-02-04,520.0523071289062,520.6869308692702,513.8648769629846,514.2615319309748,26046800
2025-02-05,522.4122924804688,522.5709786844357,516.2347874418311,517.4246918873662,21134100
2025-02-06,525.1392211914062,525.3474741752395,521.311748013963,522.9180981147773,19434500
2025-02-07,518.5154418945312,527.6181117377854,517.7916100317253,525.6746594987869,29605500
2025-02-10,524.7921142578125,525.8927501755105,522.3131718191833,522.7791839475389,20852800
2025-02-11,523.542724609375,525.4564609351453,521.4009449429291,521.5298547931517,19325500
2025-02-12,523.8500366210938,524.7325545407421,517.5535478455914,517.9005755339239,25009400
2025-02-13,531.3861694335938,531.7034208335266,524.7326655887981,525.5159896768048,28714800
2025-02-14,533.6171264648438,534.3013169383792,531.1579746283853,531.4951373995543,17862600
2025-02-18,534.8268432617188,535.4515415685663,531.5248751428178,535.1837964310452,20565000
2025-02-19,534.9756469726562,536.2547595259927,531.941423747602,534.033636710405,19666900
2025-02-20,532.704833984375,534.5590779295543,527.9750533668508,534.1921993214312,26550800
2025-02-21,521.6488647460938,533.8651011085647,521.2819860839653,533.845250201079,47093800
2025-02-24,515.4911499023438,524.6136707561374,515.1540476012177,523.4336916600773,39268400
2025-02-25,508.9963073730469,514.9457693084149,505.14898381315766,514.8664262033808,48940000
2025-02-26,510.22589111328125,515.2829099261256,507.0627578614884,511.18775233533705,34457600
2025-02-27,496.0561828613281,514.6978474137826,495.8380347249948,513.7657626731335,52448000
2025-02-28,503.8897399902344,504.4945874862986,492.7443929911401,495.91745176351856,47654000
2025-03-03,492.86328125,508.7185860435132,489.42250823002445,507.21140006395274,44587200
2025-03-04,491.37591552734375,499.496932673849,483.63170244056306,490.01746003030263,67875400
2025-03-05,497.78155517578125,499.3879049957525,487.1221029456595,492.02049550759943,46323700
2025-03-06,484.087890625,494.3804341923218,482.10473667776205,489.5316385267994,57574300
2025-03-07,487.64764404296875,489.1250840373066,476.48247773478363,483.05663785377993,54714700
2025-03-10,468.7481384277344,479.8934526152476,464.71241335787005,479.3778435434795,76668000
2025-03-11,467.6277160644531,474.7769777127711,463.0763812967414,468.37139880938366,68760800
2025-03-12,472.9029235839844,477.00803669300126,467.81612865238577,475.1240464155093,46971100
2025-03-13,464.3951416015625,472.26826494555587,462.50122601019615,472.23851884770306,46563300
2025-03-14,475.61981201171875,476.5122252306436,469.13489016928395,469.73976785512326,43563000
2025-03-17,478.7035827636719,481.7477311959652,473.7754442197844,475.57019603909805,41744400
2025-03-18,470.54296875,475.5702412562854,468.430904850301,475.37194400809454,39072300
2025-03-19,476.8394775390625,481.2420515746122,470.87016463878365,472.79382643754434,40430300
2025-03-20,475.22320556640625,480.4686261404273,472.1691314421106,472.8632474505038,36780500
2025-03-21,476.78985595703125,477.5533593130606,468.92665802336944,470.0867861064201,42234900
2025-03-24,487.2526550292969,488.0967583343103,481.03611739418403,484.35291939817625,34567200
2025-03-25,490.0332336425781,490.19212618360643,487.01436628000033,487.9776314748478,26035200
2025-03-26,481.0162353515625,489.73526156370036,479.4670711721412,488.8812180616018,34627100
2025-03-27,478.27545166015625,483.20099914044886,476.9149702846153,479.0599740999814,33469800
2025-03-28,465.68353271484375,477.183104147624,464.7996986134778,476.4780431008445,46363800
2025-03-31,465.66363525390625,466.59707961659575,454.15409442890217,458.7122462036718,53000300
2025-04-01,469.41741943359375,470.3409539177989,461.1949198365586,464.0548946612918,41156200
2025-04-02,472.8434143066406,476.2297375137359,462.624863774257,462.88306792611496,49894500
2025-04-03,447.53045654296875,456.87511371412586,447.01407852229937,453.2703169066499,70456300
2025-04-04,419.7348327636719,437.31189907621473,419.7348327636719,435.0974044364688,117088400
2025-04-07,420.7477722167969,440.06271771596437,399.5956979160209,405.82214624882306,161557000
2025-04-08,413.17071533203125,440.06267826494616,406.94426755742165,435.11725040921294,101248100
2025-04-09,462.76397705078125,464.5812557291743,412.54514076571127,412.68418311669046,142876900
2025-04-10,443.08160400390625,452.4262621793789,429.6257108126027,450.41036023392695,108384100
2025-04-11,451.2445068359375,452.6248688142693,438.2652614825523,441.562213700492,52483800
2025-04-14,454.3031005859375,461.8205086737922,449.48677471863374,461.23460948868865,43941200
2025-04-15,454.80950927734375,459.1690377616987,452.98229067136526,455.3557080223979,35404200
2025-04-16,441.095458984375,449.4768512400112,434.72005857210513,445.91178503143493,48980600
2025-04-17,441.0160217285156,444.6406688022329,438.2950286304019,444.06470985775826,44837000
2025-04-21,430.1023254394531,436.03086898438323,424.95830435713054,435.1867959118547,44149300
2025-04-22,441.39337158203125,444.4718197504035,434.5809942900424,435.7726731527785,52304400
2025-04-23,451.4033508300781,460.1621084899731,449.7350246964748,454.9882973027817,55801100
2025-04-24,464.10455322265625,464.4123980424965,452.6645330068807,453.3100434087902,45956100
2025-04-25,469.27838134765625,469.8046996364442,462.1581892201978,463.72720383212953,38697100
2025-04-28,469.1294250488281,471.5127525568199,462.7937251286729,469.74511470528023,33550800
2025-04-29,472.227783203125,473.1116173366788,466.3290298283073,466.90501911449314,30613100
2025-04-30,472.1681823730469,473.8861795985349,459.218727902781,463.88610169130095,46810600
2025-05-01,478.33502197265625,483.7968278621536,477.40154726890813,480.05301909884207,43316500
2025-05-02,485.43536376953125,487.5009364234009,481.46314130279217,483.16128822739284,39218100
2025-05-05,482.5555114746094,485.63398996616957,480.7382330195203,481.2347608308799,28309500
2025-05-06,478.0669250488281,481.6816318630385,474.86928463727685,476.22976603156343,32786300
2025-05-07,479.94378662109375,482.42642576212086,473.4690746513304,478.7322575080464,38006300
2025-05-08,484.899169921875,489.27854913850405,480.8077853400776,485.1374935889608,39577600
2025-05-09,484.58135986328125,488.1265757568078,482.82366229776994,486.8057947898926,27767400
2025-05-12,504.3233337402344,504.36306445306417,497.99757390012485,503.46929009549314,45090600
2025-05-13,512.0095825195312,513.7970705437644,504.889360268175,505.62421174170254,53269600
2025-05-14,515.078125,515.6242935146439,512.168479062204,513.1814152753577,47014500
2025-05-15,515.6441040039062,518.3054856544411,511.5924203127881,512.9330816972009,50153300
2025-05-16,517.8884887695312,518.0771717773351,513.5090791820398,517.0443550561729,48394600
2025-05-19,518.385009765625,518.9014181193775,510.6689476686652,510.6689476686652,52536200
2025-05-20,516.6570434570312,517.3124334676296,513.0720667663019,515.8625505079032,42517600
2025-05-21,509.47723388671875,519.3680896901809,507.68974589149923,512.6848447576629,71292800
2025-05-22,510.4306640625,514.1149227768763,508.74245713691766,510.092998432858,55607200
2025-05-23,505.70361328125,508.28556384741825,502.06902622594146,502.66486563438815,58368100
2025-05-27,517.6004638671875,518.0871120746342,511.0165603257883,512.5657247963487,47226300
2025-05-28,515.3064575195312,520.0433521528182,514.7901098204196,518.553768744746,46637200
2025-05-29,516.3193969726562,522.8238991077211,513.7275363725571,522.674977132733,58513300
2025-05-30,515.505126953125,517.0642316666292,508.3749943409687,515.8328523034309,67662800
2025-06-02,519.5765991210938,519.8149227474813,512.3868262610433,513.6480261638592,44762800
2025-06-03,523.63818359375,525.0681860216745,519.0602120182343,519.9241655047615,44070300
2025-06-04,525.0980224609375,526.1605992130462,522.3174183265618,524.3432905165386,41359300
2025-06-05,521.1456298828125,529.3482788898035,519.0304165921941,526.4982141482292,61031200
2025-06-06,526.2400512695312,528.1070008049783,524.5419648405629,526.3195126954442,42467000
2025-06-09,527.0146484375,528.6531539021086,525.3363819554394,526.4585396949342,33688700
2025-06-10,530.500244140625,531.1854549164767,525.2171811724196,527.4813163809062,40664800
2025-06-11,528.7127075195312,533.0524162719269,526.4286917523204,531.9004378288197,53701000
2025-06-12,529.9539794921875,530.9272151126187,527.1536162776914,527.4018801564538,34104900
2025-06-13,523.3007202148438,528.1765976545598,522.0792203324073,524.0156913165765,55814400
2025-06-16,530.5797119140625,531.6522290488724,526.7664119412208,526.8160526043126,37622100
2025-06-17,525.4059448242188,529.626431694589,524.2440259750547,528.0176862540823,42180900
2025-06-18,525.3165283203125,528.851804209901,523.7376036898021,526.4188056074704,43983500
2025-06-20,523.1714477539062,529.8546918952343,521.2349774002887,528.5637318632552,61643500
2025-06-23,528.551025390625,529.0679530378565,520.5976575566158,523.7392111521218,50666100
2025-06-24,536.6336669921875,537.5482873483544,533.1441169727855,533.7604981562223,45442000
2025-06-25,538.0054321289062,540.1429235757588,536.235839695347,538.9002101018606,44804200
2025-06-26,543.0360107421875,543.4833997920184,538.3634559621551,540.1827450564219,43811400
2025-06-27,544.8951416015625,546.7840298565204,541.365786451658,544.0699627850514,57577100
2025-06-30,548.4244995117188,549.5777111612434,545.8098249535486,548.0467096811509,45548700
2025-07-01,543.8015747070312,547.4999223063551,541.4851393331254,546.5255934838585,56166700
2025-07-02,547.58935546875,547.788201797656,542.9366426333736,542.9763876274027,36538300
2025-07-03,552.977783203125,553.9521120780701,549.9555251054488,549.9555251054488,26443500
2025-07-07,548.812255859375,551.1087884823851,546.3765247308775,550.2935609665941,45349300
2025-07-08,549.1204223632812,550.7806708992875,547.8875993850992,550.154338331448,36153300
2025-07-09,553.007568359375,554.3795290687111,549.8759057229825,551.2478664323185,43045500
2025-07-10,552.2122802734375,554.051472305681,549.5280065047026,553.643888904804,34710900
2025-07-11,550.9695434570312,552.550241260774,548.8320516783502,550.0747653451698,39618600
2025-07-14,552.9678955078125,553.7035723680522,548.4145751584621,550.7608042477088,36453300
2025-07-15,553.4747924804688,557.5310267291989,553.4151446538423,556.9842448718932,43277700
2025-07-16,554.04150390625,556.9445267538166,548.3449238107365,554.0316131674816,52314700
2025-07-17,558.5252075195312,559.0322443945261,553.9619970033318,554.7672730167421,40423800
2025-07-18,557.9884033203125,561.4381474291321,556.7158353640372,559.8375467448564,50484700
2025-07-21,560.88134765625,562.7603451130758,558.783661740004,558.813515991401,39595200
2025-07-22,557.9784545898438,561.0603603122628,555.3538286769178,561.0106638998457,43270600
2025-07-23,560.5235595703125,560.5633045664785,556.3182355790325,559.062157299073,40215300
2025-07-24,561.7164916992188,562.9393024491583,560.0064862534048,561.8357873489995,42275500
2025-07-25,563.068603515625,564.3908678867722,560.9808687648707,561.6369949015883,30630800
2025-07-28,564.8283081054688,565.7230255686966,563.5656915591924,564.4306154466694,31498700
2025-07-29,563.9534301757812,568.7751350745425,563.2277047901983,567.4330285462547,45463300
2025-07-30,564.708984375,567.2938044905766,561.7562651946612,564.8680250229864,43433800
2025-07-31,561.7164916992188,571.2804105926765,560.5831223469277,571.1909085156537,64613600
2025-08-01,550.6514282226562,555.7614816318713,548.4642399269435,555.5725867181648,69400800
2025-08-04,560.8118286132812,561.0305777833557,555.6918844459093,555.7912772727004,47669800
2025-08-05,557.0042114257812,563.2575252367493,556.467320245349,562.0943621447843,48666600
2025-08-06,564.0131225585938,564.4505602440395,557.3621158636266,557.8392985461547,41823700
2025-08-07,565.921875,569.9781095603403,561.8159440268826,568.3377031830273,44463000
2025-08-08,571.2008666992188,571.4196158459907,566.8265512369031,567.1247903648876,35255500
2025-08-11,569.5108032226562,573.4377906026674,568.238295962644,571.3401044656866,33112900
2025-08-12,576.6688232421875,576.9670623788118,569.1528936023716,571.8073129373929,42143300
2025-08-13,576.9571533203125,579.9197631156701,575.5652898210926,579.3630298518572,41209300
2025-08-14,576.5098266601562,578.4882172102513,574.5413268492241,574.9092259384532,45425000
2025-08-15,573.9746704101562,576.4600977307613,572.214968449767,576.4202920588297,49480200
2025-08-18,573.7459716796875,574.402158474889,571.8868768922468,573.0798941458493,29831000
2025-08-19,565.9616088867188,573.199141099355,564.9375837882451,573.0301490455952,53752600
2025-08-20,562.601318359375,565.1364419363883,555.582474459887,565.0171462866024,76781100
2025-08-21,559.9966430664062,563.1878929880804,557.7100013329036,561.060352587378,46436900
2025-08-22,568.635986328125,570.644231266478,559.9867467368504,561.3785497991843,51502100
2025-08-25,566.99560546875,569.9482641786268,565.8423331415836,567.0751561380605,34044700
2025-08-26,569.272216796875,569.5804073661923,565.4844278800615,566.5084530912841,34103000
2025-08-27,570.1470336914062,571.0616538874066,567.0452254794283,568.258145475305,36927100
2025-08-28,573.7161254882812,574.6307456710974,569.1230610606233,570.7634065394311,46787900
2025-08-29,567.0750732421875,571.6780891006276,565.2258693574823,571.3101900636148,56030400
2025-09-02,562.322998046875,562.6709336262861,556.2784213564261,558.0381234497154,65876800
2025-09-03,566.7470703125,568.3675738998842,563.4265124673556,565.9119399720083,54230200
2025-09-04,571.8768920898438,572.2447304586526,565.7130812182487,567.413074576967,47526300
2025-09-05,572.7020263671875,577.7325281682172,568.198464214182,577.1061957123322,68342500
2025-09-08,575.4956665039062,577.4542146024762,574.4021028569616,574.9985810863183,46371400
2025-09-09,577.1261596679688,577.5536458740363,573.6763550869094,576.2910294118851,44007600
2025-09-10,577.3151245117188,580.3672368302584,575.1776325430338,580.3373825734994,49308000
2025-09-11,580.6754150390625,581.4707397036912,578.2297325329314,579.8402846996038,44745800
2025-09-12,583.2402954101562,584.4333126708588,580.6952202377008,581.6297433459904,50745900
2025-09-15,588.2310791015625,588.3404233464852,584.8608249109443,585.0099748299342,44360300
2025-09-16,587.7339477539062,589.4041475911258,587.047967402961,589.1556048651221,36942100
2025-09-17,586.5608520507812,588.3006511882201,580.9636648285566,587.6544158082771,69384800
2025-09-18,591.849853515625,594.6534228585294,589.5036246514226,591.4422094482347,61069300
2025-09-19,595.8563842773438,596.5523161362279,592.3767856623077,593.848200052933,58196100
2025-09-22,599.3838500976562,600.0506998619353,594.9247593125743,594.944685223359,57154800
2025-09-23,595.4025268554688,599.7520856686153,594.1882006017188,599.5530088196715,64635500
2025-09-24,593.3123168945312,597.0945948124443,590.5851402114129,596.7760840009503,49850300
2025-09-25,590.7543334960938,592.3368637002909,585.7478275771575,589.430536349082,70920200
2025-09-26,593.1829223632812,593.5113961310994,588.2959106650876,591.5705031390479,54337400
2025-09-29,595.9300537109375,599.2345352094144,594.6162193260205,596.3082815224922,48332900
2025-09-30,597.5623779296875,597.900814656983,593.312327051642,595.6314478673851,46533800
2025-10-01,600.4288940429688,600.9663468565046,593.5512354718333,594.3773102269436,46899600
2025-10-02,602.897216796875,604.3205219527487,600.1103234584608,604.2210139137661,43765400
2025-10-03,600.3591918945312,604.4898085161411,598.5775847871106,603.6736359963404,46482100
2025-10-06,604.8680419921875,606.5102892520208,603.1361281413168,605.604571632931,41962100
2025-10-07,601.6829833984375,606.8586774446749,600.2099241447881,606.1719018399856,58209500
2025-10-08,608.5805053710938,608.8890531764704,602.4294144205519,602.5786764717058,50629800
2025-10-09,607.8441162109375,608.7498339295508,604.6391427264058,608.6204370055018,45551000
2025-10-10,586.7432250976562,610.3124791653014,586.2953173560331,608.5408348591906,97614800
2025-10-13,599.1947021484375,600.130308656237,594.437026720554,596.8755814137287,65872600
2025-10-14,595.2034301757812,599.8714996417642,587.370239391138,592.5260076334632,69203200
2025-10-15,599.4036865234375,603.8627770947517,593.1431236043112,601.1853544608703,62805500
2025-10-16,597.1841430664062,605.4652419598709,592.7151502263018,602.2801945778114,70982000
2025-10-17,601.1056518554688,602.6782798326376,593.5810094041973,595.1536373813661,72024900
2025-10-20,608.6801147460938,609.9342320831087,604.2310478359201,604.3007277712793,45761700
2025-10-21,608.5208740234375,609.8545734667066,606.4705100847576,608.7796678481768,44538200
2025-10-22,602.6583862304688,608.550684046599,596.9352763909752,607.9634772307389,61478800
2025-10-23,607.724609375,608.5108930309417,601.6929516953679,602.0810816712476,42844300
2025-10-24,614.2140502929688,615.52788448046,612.2532923406192,613.109255890892,47632500
2025-10-27,625.1527709960938,625.6105809315065,621.1117599698571,621.5994587704798,54098600
2025-10-28,629.9600219726562,631.7118007449543,626.3072023791099,627.411996690145,61195700
2025-10-29,632.7967529296875,634.0309441778932,627.3025485347416,632.617602014598,67422800
2025-10-30,623.1222534179688,630.5374255047892,623.012782414942,629.2136282645249,61628600
2025-10-31,626.1281127929688,631.234126811276,623.7592381870214,631.2042379487298,66305100
2025-11-03,629.1240844726562,632.8465845810617,626.9044717945962,632.1398830378624,37154300
2025-11-04,616.35400390625,624.0180060926541,615.5677203048753,620.3651862929894,63830800
2025-11-05,620.365234375,623.6696547974706,614.3236136919261,615.5975961289528,48688500
2025-11-06,608.8094482421875,619.1309470601153,607.4458600415353,618.8821162096355,72115100
2025-11-07,606.8884887695312,607.0975285563833,595.8702512859107,605.4651835773906,81835400
2025-11-10,620.3153686523438,621.3903349091554,614.0050524635872,616.0255273285376,55919900
2025-11-11,618.6632080078125,619.807793532697,614.6321601598369,617.667884551536,44868800
2025-11-12,618.1754760742188,621.9377669472728,614.920749106872,621.9179017890243,47444400
2025-11-13,605.5548095703125,615.2293243171331,603.2456518828649,614.6520197078406,71333600
2025-11-14,606.0126953125,610.4816884296766,594.377360328816,596.7462352895467,80087300
2025-11-17,600.8369750976562,609.6157359179533,597.064720790693,603.4646437955126,63850400
2025-11-18,593.5213012695312,599.4932417404225,588.5745730726753,596.8158193326508,83327300
2025-11-19,597.064697265625,603.3252601497043,591.8094208267037,594.277803642733,73111500
2025-11-20,582.9310302734375,611.1584476607283,582.0153497685453,608.7596842814295,117743200
2025-11-21,587.3104858398438,594.1881438029353,578.0241015093158,584.7226085504005,103344200
2025-11-24,602.3298950195312,603.8428060601079,592.3766608046226,592.4961555049445,60168100
2025-11-25,606.0425415039062,607.4061298411984,594.526641299767,600.6876962050133,57560900
2025-11-26,611.3973999023438,613.3084040565466,607.5355397731937,609.6456207819383,42393600
2025-11-28,616.35400390625,616.4236838329113,612.5418983457259,613.228673908852,23034400
2025-12-01,614.2838134765625,616.5432173570742,609.6555954555693,610.760390007381,40957600
2025-12-02,619.0911254882812,620.8329413558126,614.7017762319775,616.5630260418765,54541800
2025-12-03,620.6040649414062,621.3007427206581,615.1397492029907,616.7222793869383,47841600
2025-12-04,620.0267333984375,622.0173801090948,616.6426096904333,622.007417155587,47067800
2025-12-05,622.554931640625,625.9788469562651,620.7932503319497,621.4601000759177,53614200
2025-12-08,621.3605346679688,625.8992070395384,618.7826202766802,624.2768250026879,43462400
2025-12-09,622.1268920898438,622.9430645849563,618.0958443851024,620.0964541810868,37156000
2025-12-10,624.6749877929688,626.2675418951635,618.0859508663141,620.9325615899702,55031400
2025-12-11,622.6544799804688,622.8535568265262,614.8311912534539,620.9027009347221,58272800
2025-12-12,610.7503051757812,620.623895733337,608.5008646995267,619.1707625316516,75158700
2025-12-15,607.684814453125,615.5279688368453,606.4705488897755,615.4782148096098,49538200
2025-12-16,608.88916015625,610.640939262189,604.0717676149177,605.4154908096834,55152800
2025-12-17,597.6021118164062,610.7802450139451,597.4727756606954,610.1929774623923,70654300
2025-12-18,606.2614135742188,610.0635562018889,604.0816529270647,606.9481891411226,78875800
2025-12-19,614.1643676757812,614.7317093738202,609.0085991169561,609.0882420087144,60369800
2025-12-22,617.1083374023438,619.5400581375426,615.6732225286527,619.2410277166947,43703100
2025-12-23,619.9984130859375,620.2973826571792,615.6831538137028,616.1017112134413,41120400
2025-12-24,621.812255859375,622.1611043897402,619.6097351207538,619.8788381544654,18468700
2025-12-26,621.7723999023438,623.3968722036194,621.0249455610693,622.5397449963523,28959800
2025-12-29,618.7626953125,620.6662466299371,616.6299441048571,617.9952893106854,32458300
2025-12-30,617.3275146484375,620.0681805596082,617.1182055353263,617.7361570843227,31226800
2025-12-31,612.2249145507812,617.8557617254266,611.9657873069227,617.5468163565164,40746500
2026-01-02,611.0390014648438,620.7359573580553,608.0791111541869,617.9554488091355,61859200
2026-01-05,615.8924560546875,618.7028919265477,614.6267471262267,617.2179589026348,46828400
2026-01-06,621.303955078125,621.9019550397833,616.4405140309859,617.1281744487,43137500
2026-01-07,621.9020385742188,625.8087167042466,620.4469720495259,620.9253234207138,44880300
2026-01-08,618.3639526367188,621.303951822496,615.7030322638508,620.9153218016421,50435900
2026-01-09,624.5230102539062,625.758791636954,616.958745935689,619.300745089563,49688700
2026-01-12,625.041259765625,626.7155502563702,620.1479519171962,620.1977700429699,37388700
2026-01-13,624.1144409179688,627.3334583647393,621.5830839442848,625.140974146081,44481400
2026-01-14,617.4471435546875,621.3339307094008,612.4740900847709,620.1280157301809,72598700
2026-01-15,619.6696166992188,627.8616876163956,618.6430834728214,624.4732033837762,53934900
2026-01-16,619.1513671875,623.9550147388202,616.7794403711221,623.3769663073682,61058100
2026-01-20,605.9961547851562,612.9723957819789,604.9895731374214,608.4578028817349,81988900
2026-01-21,614.188232421875,618.3141340756262,605.7967680520393,607.4012887411642,79837900
2026-01-22,618.6530151367188,620.347257132182,615.6831493704997,620.2375842668598,42254800
2026-01-23,620.6063842773438,623.2773415638685,616.5502518751565,617.6265424291936,43645800
2026-01-26,623.3370971679688,625.4797631810548,620.0084069696974,621.0947340762326,35983000
2026-01-27,628.9878540039062,629.8947385616864,625.210739736326,626.7753573897714,38997200
2026-01-28,631.0706787109375,634.4392110916745,629.6654913345894,633.3031267391333,50691700
2026-01-29,627.2936401367188,631.5192393919408,616.1715451315209,630.502742743786,79944000
2026-01-30,619.75927734375,626.1276033472989,617.1979930005075,623.5862705860875,65650700
2026-02-02,624.0148315429688,626.3568310719594,616.560178063243,616.600081229079,49020300
2026-02-03,614.4274291992188,627.8417043791845,608.8863033670389,626.1674139293162,81234000
2026-02-04,603.6939697265625,613.0122097237908,598.4318618495455,612.9325250551025,81850700
2026-02-05,595.003662109375,602.7572245428578,592.741347204136,598.1728616382483,89354500
2026-02-06,607.5807495117188,609.3347246219274,596.7376735555687,598.1528367578925,78019300
2026-02-09,612.2349243164062,614.3676754732974,603.0163200345862,605.4779073318616,56797600
2026-02-10,609.3945922851562,614.9258037997442,608.9361924921908,613.221585779639,53938900
2026-02-11,611.0289916992188,615.4240575153926,605.6274050805947,614.287912259566,58575100
2026-02-12,598.601318359375,613.719811213741,597.5349428610552,612.6235691721736,81378900
2026-02-13,599.876953125,604.4214731930686,594.3956211608477,598.3920201980992,69237500
2026-02-17,599.259033203125,601.900062806609,591.3260902585407,596.3489614066287,69013800
2026-02-18,603.7338256835938,607.7003582620254,598.6810268108527,600.0663235174607,64250700
2026-02-19,601.4216918945312,603.763752095183,598.710953230483,600.7639588101054,60960800
2026-02-20,606.74365234375,608.2784035741612,597.1961505255856,598.0831443998615,74127300
2026-02-23,599.36865234375,605.9462869551629,597.0166773136035,604.551014539048,63859100
2026-02-24,605.8067626953125,606.9229563249177,597.6943768857255,600.3553581675079,55023700
2026-02-25,614.5868530273438,614.7363682274654,608.9261394233886,608.995909128246,55710700
2026-02-26,607.1721801757812,613.5006642563195,601.9300233109441,613.5006642563195,96178900
2026-02-27,605.228759765625,606.2552930140329,600.1460941357092,600.9333908786662,68125200
2026-03-02,606.0260009765625,607.8497456538431,595.9602466755911,596.8272887885241,75264600
2026-03-03,599.5381469726562,601.9100736934439,589.8610825503507,594.3059664111527,97015500
2026-03-04,608.6770629882812,610.7998384548731,601.3819003863031,602.1094032397743,70943900
2026-03-05,606.8432006835938,610.680169445705,600.215808722112,605.3383770464741,89602400
2026-03-06,597.7142944335938,603.9430803280663,596.299131310206,598.272391216619,86302300
2026-03-09,605.6971435546875,607.2020280273126,589.3229177543049,592.2130380432229,93068200
2026-03-10,605.7071533203125,611.2083762165881,603.3650930899329,605.7171291112322,64078900
2026-03-11,605.62744140625,610.3513436366671,602.9764964783102,606.8831745719045,60114800
2026-03-12,595.2328491210938,602.0895025742029,595.0235399841715,600.7141815669924,71836600
2026-03-13,591.7047729492188,601.5512432287993,590.5587127632866,597.6943836062096,63145500
2026-03-16,598.3422241210938,601.8103930085241,597.0765152286837,598.0033513683248,49077200
2026-03-17,601.2622680664062,603.8435039613423,599.827153220896,601.0928621051149,47106600
2026-03-18,592.880859375,601.1127728070715,592.5419866131784,599.4484580276425,56128000
2026-03-19,591.0072021484375,593.7777346942335,585.0873611514585,587.5091059918601,75597600
2026-03-20,580.0844116210938,589.1634765193921,576.5763394854986,589.0538644721536,91964700
2026-03-23,586.7431640625,593.8080477851386,584.707546439402,589.2577971122703,89936100
2026-03-24,582.731689453125,586.6732582803922,580.6860836277402,583.5599323333884,57750900
2026-03-25,586.5635375976562,590.105937264777,584.4380856164452,587.8807233962021,60475500
2026-03-26,572.5634765625,583.3803323809582,572.2042606955537,581.354642361522,81492100
2026-03-27,561.37744140625,569.7994024288408,560.3695906458286,569.5898294008852,82702200
2026-03-30,557.0867309570312,566.8358066082409,554.4124057398176,566.1672557562856,70602600
2026-03-31,575.9462280273438,577.4031290957437,563.0039815896954,563.0837667324405,95878000
2026-04-01,583.06103515625,586.4836962239632,579.179335412676,580.2370672268827,79435100
2026-04-02,583.7295532226562,584.7972733467034,570.6974721352691,572.7430779653056,50941700
2026-04-06,587.2420654296875,589.3475406308395,583.4402118432972,584.9768981262092,35108500
2026-04-07,587.3319091796875,587.7210292628183,577.1636879809167,584.3882026562935,49948200
2026-04-08,604.7944946289062,608.5963482247196,600.8329489303708,607.4088894425788,63086000
2026-04-09,608.8856811523438,609.1950160707539,601.7410129216331,604.6347774379597,37837500
2026-04-10,609.7637939453125,612.3582118654269,608.2769886899993,610.5321674952482,34038500
2026-04-13,616.0703735351562,625.4003640032612,606.8101798493245,608.1772466686149,32972100
2026-04-14,627.2562866210938,627.2562866210938,618.7744561353234,618.8941947521593,49921100
2026-04-15,636.0375366210938,636.4666101570109,626.8571900931449,627.7353139030603,50102400
2026-04-16,639.1009521484375,640.8073189117684,633.9021276162631,637.8436965859062,42320600
2026-04-17,647.4630126953125,648.6105788505391,642.6932619551269,644.2100323367088,53488900
2026-04-20,645.4074096679688,647.3732302965532,641.1465785698142,646.6547376870972,37138500
2026-04-21,642.9527587890625,648.8102067653653,640.8372951709442,647.0239939193881,39580500
2026-04-22,653.7096557617188,653.9292171714128,647.1337763152069,648.7602969829716,37368400
2026-04-23,650.0275268554688,655.5157702184271,644.1401750634725,652.1529787029532,40099800
2026-04-24,662.4609375,663.0895957247212,655.1266727511743,657.1024209404745,45563100
2026-04-27,662.8101806640625,663.0097653425256,659.2777693835679,661.9819986507146,32717000
2026-04-28,656.1444702148438,658.2300296236717,652.4124742350715,656.004754848671,34147900
2026-04-29,660.1558837890625,660.3055266172468,655.1865481613837,657.2221656812865,31724900
2026-04-30,666.3126831054688,667.470237689687,656.1544503606949,663.927777159514,40622200
2026-05-01,672.7090454101562,674.5251016090374,667.3704443600215,667.7296602517982,39172600
2026-05-04,671.4417114257812,675.2834576176889,667.4702382389029,673.2178749724156,34542000
2026-05-05,680.1530151367188,681.3105696942113,676.06180342226,676.5108537091375,37101100
2026-05-06,694.2827758789062,694.4424070727396,685.012594745374,686.309864653291,38778500
2026-05-07,693.4545288085938,699.741050020677,690.2913219165297,695.0910378327916,43779100
2026-05-08,709.709716796875,709.709716796875,698.0048093195176,698.4238945105413,44320400
2026-05-11,711.7653198242188,713.0625897963787,707.3946772072168,708.8415900113766,36019100
2026-05-12,705.7282104492188,708.6619284096558,695.1508931250245,706.7060961344681,45873000
2026-05-13,713.1823120117188,715.1181676509774,703.3234258783424,708.4424652516221,40012500
2026-05-14,718.2514038085938,720.4866668965204,712.6933025541022,713.0924719031191,33327500
2026-05-15,707.4146118164062,713.6013711212843,704.0418318990444,708.6220472937023,51792700
2026-05-18,704.3711547851562,710.5479258193494,697.3561524904881,710.0190294838146,49834500
2026-05-19,700.030517578125,704.9798766607653,693.7639117658215,698.3141623863071,46827500
2026-05-20,711.6256103515625,711.6256103515625,702.2855717974863,703.7823654299403,36779200
2026-05-21,712.9827270507812,715.5871334944783,705.2592812358496,707.4745066970102,36415400
2026-05-22,716.0062255859375,720.5764528207093,714.4196583413607,716.5351219372583,33118600
2026-05-26,728.718994140625,729.607045402997,722.6120201244876,724.4082211964219,34254700
2026-05-27,727.8907470703125,731.7524697241859,723.8893090619304,731.393253873753,35148700
2026-05-28,734.0276489257812,735.0255114506422,724.8572898861221,728.1702007772236,32840000
2026-05-29,736.7318115234375,740.0447221142881,733.6783549102875,736.2628454135092,37541700
2026-06-01,741.15234375,744.0561575758685,734.4167722362946,735.4645156241552,33890600
2026-06-02,744.5650024414062,744.8444331554832,737.6498231242726,740.8130908722517,30085200
2026-06-03,742.6192626953125,747.0497745697194,739.4260905589007,745.7126120403002,40270200
2026-06-04,739.0269165039062,741.9107536874841,731.0540050355258,733.9078771104591,40782600
2026-06-05,703.5528564453125,730.1259368460317,702.814448019166,728.4994162728981,99606600
2026-06-08,714.5394287109375,721.484573841008,711.5458411228426,716.2756997672813,47401500
2026-06-09,706.3170166015625,724.1088607768927,684.9028658450729,721.434596637807,91932200
2026-06-10,692.2072143554688,709.7596418767092,691.448829138881,700.1601489508766,65334300
2026-06-11,715.587158203125,716.8344863404582,693.5144443572524,697.79525259889,71798900
2026-06-12,719.7981567382812,722.4624325384626,709.7596625054938,716.076088228132,51168400
2026-06-15,742.40966796875,743.1680531807805,735.8038233761346,736.5222551108849,46710200
2026-06-16,728.2998657226562,742.629155741597,728.0803652201432,740.6633959693683,45348700
2026-06-17,720.9656372070312,734.1074691435972,719.3091513674342,733.6185262683754,51669300
2026-06-18,739.0369262695312,740.2343734608266,730.9442759416646,735.6242535433294,50154600
2026-06-22,737.1818237304688,744.6740164081855,733.6255320449774,741.2475942735041,43518600
2026-06-23,712.9071655273438,722.8567588543334,711.368729535907,714.994955841975,53354200
2026-06-24,709.8803100585938,719.1806168314835,703.7167494897757,714.6253657788768,52480400
2026-06-25,715.63427734375,726.073411438839,704.5657941797848,725.144386854217,49668000
2026-06-26,705.7846069335938,714.8151753001493,702.0784467013282,706.3939573549355,47081800
2026-06-29,723.3262939453125,723.8257734758017,704.4359439581019,713.2467701925264,44939100
2026-06-30,735.6334838867188,736.8521846863197,723.156433880318,723.4261723402657,42121800
2026-07-01,724.4151000976562,731.1580735258118,723.8456861360175,728.4309348946762,40803800
2026-07-02,711.8582153320312,730.0692808035519,706.823483523477,724.8247456386157,50959800
2026-07-06,722.067626953125,725.3242433880005,717.7021805458717,719.1806205090421,30220400
2026-07-07,708.6915283203125,715.6043080380856,704.1662754218111,713.42658457407,42483100
2026-07-08,710.699462890625,711.5186166673155,700.1803943256999,704.2162281021572,35603200
2026-07-09,722.5271606445312,723.476123003734,714.3856196637845,717.5823009494849,33654700
2026-07-10,724.7548217773438,725.633910657471,716.2536701350646,719.9498309758326,26415900
2026-07-13,710.9990844726562,717.9917976257694,709.3408393238593,716.9728399125403,36552400
2026-07-14,718.9408569335938,721.5381261320255,713.5964502872879,719.4702735364855,29448100
2026-07-15,716.9928588867188,723.6059629208669,709.4906666647634,723.0964840498398,32627600
2026-07-16,705.2051391601562,712.8571384924941,701.8785885225277,711.2688277809667,39402000
2026-07-17,694.606201171875,701.5689163623388,686.0451149463661,690.9300392487022,54109300
2026-07-20,695.33544921875,705.0653008245885,694.7860339234736,701.4290751693121,29687600
2026-07-21,708.2319946289062,709.3108875148979,702.0684341343024,705.8345294031318,33728300
2026-07-22,704.61572265625,708.9112952334938,702.8875430569569,702.8875430569569,23692200
2026-07-23,691.23974609375,697.9327231441935,687.0740428357205,693.9468861753709,44028600
2026-07-24,683.5177612304688,691.9090420069233,681.7695828163428,689.6913211134731,42876700
2026-07-27,681.4099731445312,691.5793694171385,675.246412599162,690.9600196558405,42681500
2026-07-28,674.786865234375,678.69282941625,667.1848012007116,675.5260852047327,51398700
2026-07-29,661.0411376953125,679.3420743940087,660.4517860132496,674.8068223593629,57233300
2026-07-30,682.8384399414062,684.4068129515903,672.5991097762519,674.0576119251697,66753700
2026-07-31,687.2738647460938,695.0457958477069,679.3421270152298,691.3895713800811,50540500
2026-08-03,699.34130859375,700.8597459456591,685.1061413344767,687.5835404062232,44965100
2026-08-04,723.0964965820312,724.9046100552433,706.7935382563429,707.4228263749409,59778600
2026-08-05,716.5533447265625,727.7816351687756,716.1737353937511,725.4940407971483,33540200
2026-08-06,713.9061279296875,718.5712497417534,707.7625052246912,710.0800975972087,33035900
2026-08-07,722.2774047851562,722.8767558377907,715.7641721456221,719.4003977892652,31070400
2026-08-10,720.11962890625,723.9156612253314,719.5802129514979,721.6380662225321,26243200
2026-08-11,717.7021484375,722.5970112457043,714.7552070178748,722.5370761410037,29286100
2026-08-12,722.9467163085938,726.4930089361641,722.1674989405016,726.32320296041,29066000
2026-08-13,731.3079833984375,733.1960306989878,723.276374318815,724.3952036143359,31599700
2026-08-14,730.3090209960938,733.6255724540374,727.561883529615,732.6465510961883,23790600
2026-08-17,729.1102294921875,733.8153485193716,728.5108784569633,732.1870404067878,26452600
2026-08-18,716.7631225585938,721.3783085230132,715.1747508308598,719.4603242061223,48997200
2026-08-19,715.3345947265625,720.7489355626859,711.8681752092583,719.6401056796244,35801700
2026-08-20,710.18994140625,714.1957769031727,707.782476952734,711.3487680341726,33396400
2026-08-21,712.6973876953125,714.9250469928722,708.46181083734,714.485502546953,33399400
2026-08-24,705.5847778320312,709.0511365395006,701.9685508753718,708.9212669826352,37443100
2026-08-25,709.9801635742188,713.2967150154067,706.713608864013,710.4796431110551,23869600
2026-08-26,710.6295166015625,712.2778234739277,707.2330313373777,707.6725757719001,20392400
2026-08-27,720.359375,720.5991154262211,713.7862680851495,716.1837333189847,28723500
2026-08-28,715.6842651367188,723.3762624487671,714.3456940785237,718.9908173393685,34105400
2026-08-31,716.013916015625,716.8330697733344,712.4176267643429,714.425544259608,32237200
2026-09-01,706.9033813476562,711.5585035915489,703.9264419829226,706.6536415906066,35236100
2026-09-02,708.501708984375,709.0611236151823,704.3660038718234,706.3639219777956,23476200
2026-09-03,716.9229125976562,718.1716113897015,708.9512390201578,710.1100046716628,29449800
2026-09-04,718.2116088867188,721.1085535017505,715.8140828169636,718.601156571467,32871100
2026-09-08,717.6122436523438,721.1385985378392,714.8251697161986,720.1595771602128,28341400
2026-09-09,715.5643920898438,718.9508780796424,713.276797695489,715.6543252365607,26763400
2026-09-10,707.9523315429688,711.3188188537567,706.1242193062288,706.8135035284996,31414400
2026-09-11,714.1358642578125,716.8830016980755,712.8871654213293,714.9350193188371,26649100
2026-09-14,708.4417724609375,712.2078675940699,702.0084737337293,702.597886401324,35219000
2026-09-15,703.8065795898438,708.7914364120502,702.9075530374577,708.062154852668,26631700
2026-09-16,703.9863891601562,711.138970068843,699.2713317325664,707.2630040952242,35688000
2026-09-17,716.1737060546875,717.2925353145212,712.577477858311,715.2047450412119,37270300
2026-09-18,720.6990356445312,720.9787124798182,714.3356712251818,718.08176775015,48478700
2026-09-21,741.469970703125,743.219970703125,727.8099975585938,727.8900146484375,46730600
2026-09-22,747.4600219726562,748.3499755859375,740.9299926757812,740.97998046875,40128800
2026-09-23,741.2100219726562,747.1300048828125,738.1900024414062,746.969970703125,33191800
2026-09-24,741.0999755859375,742.6599731445312,734.6199951171875,735.2899780273438,29000900
2026-09-25,744.5,745.9199829101562,739.6400146484375,742.8300170898438,30249200
