Price,Close,High,Low,Open,Volume
Ticker,SPY,SPY,SPY,SPY,SPY
Date,,,,,
2012-01-03,98.8116226196289,99.49362034813008,98.75737333783705,99.013122486025,193697900
2012-01-04,98.96664428710938,99.05189402505917,98.19940255829094,98.57914762833019,127186500
2012-01-05,99.23014068603516,99.37739131068413,97.9824068655024,98.43190441557724,173895000
2012-01-06,98.97440338134766,99.3696516588395,98.64890758234506,99.35414848018401,148050000
2012-01-09,99.21463012695312,99.33862004829577,98.74188381455306,99.19912695223876,99530200
2012-01-10,100.07488250732422,100.47787048440621,99.93537757259693,100.27637649586521,115282000
2012-01-11,100.1291275024414,100.26087493847521,99.60213775830617,99.76487972174726,111540700
2012-01-12,100.36935424804688,100.51660483223628,99.61760997910051,100.41586376841444,118983700
2012-01-13,99.85015106201172,100.0129048861323,98.98216220126538,99.69515474051578,179836200
2012-01-17,100.23760986328125,100.9971116546116,99.89661098969732,100.81110904389577,132209200
2012-01-18,101.34588623046875,101.40012961708892,100.0361455440716,100.2143907079098,163395200
2012-01-19,101.88062286376953,101.96587259848471,101.3691244554785,101.69462021744758,126328900
2012-01-20,102.26033782958984,102.26033782958984,101.46209587755494,101.71009934734955,138230200
2012-01-23,101.9968490600586,102.49284420360217,101.50859959085928,101.91934501478801,129295800
2012-01-24,101.88062286376953,101.91161739209363,101.21412816293976,101.3691244554785,103083300
2012-01-25,102.73309326171875,102.9733392536051,101.33035750873789,101.72559977034538,198613200
2012-01-26,102.20611572265625,103.38409697285834,101.80311591313513,103.19034865632341,184880500
2012-01-27,102.15965270996094,102.33789791057282,101.6403966389155,101.71015504390519,135259100
2012-01-30,101.81084442138672,101.86509961708825,100.79560530600567,101.14434985187184,147311800
2012-01-31,101.77213287353516,102.43861580520624,101.27612577477697,102.3146258559768,157212000
2012-02-01,102.66336822509766,103.1826123414616,102.39987332881623,102.52386327529818,166234500
2012-02-02,102.82612609863281,103.08963286110767,102.46189005362146,102.8648781365375,113090400
2012-02-03,104.2676010131836,104.32960190077836,103.67086464282174,103.8491098037441,160598500
2012-02-06,104.19783782958984,104.24433553150448,103.71734580919426,103.83359006398085,107694500
2012-02-07,104.46131134033203,104.6395682618493,103.57007403456912,103.9808194181422,135528100
2012-02-08,104.7713394165039,104.79458826797985,104.0893415719866,104.51559022480991,139361400
2012-02-09,104.90308380126953,105.08132893255774,104.28308685385961,104.94183582775605,148602900
2012-02-10,104.1280746459961,104.21332436104343,103.72507491800354,103.97307838921631,167907500
2012-02-13,104.90308380126953,105.02708555584314,104.42259178411949,104.87208927535522,115841900
2012-02-14,104.7713394165039,104.83334029559262,104.04284386903468,104.62408880685052,165329500
2012-02-15,104.28308868408203,105.26733341191458,104.07383719774884,105.11233712870639,195195100
2012-02-16,105.43783569335938,105.53083110068185,104.10484633626336,104.29084897636702,186567800
2012-02-17,105.71684265136719,105.88734212946845,105.3680980190545,105.80209239041783,129869400
2012-02-21,105.76334381103516,106.21284137475,105.43784802188857,105.9648378256135,134042300
2012-02-22,105.42233276367188,105.8253325721101,105.23633012313299,105.6005779032766,124455300
2012-02-23,105.88729858398438,105.96479078959695,105.01155269983283,105.36805468710621,137704300
2012-02-24,106.11981201171875,106.32906348450426,105.8873235146878,106.11981201171876,105539100
2012-02-27,106.2980728149414,106.58481652198341,105.24408156350013,105.41458101781107,145728900
2012-02-28,106.60802459716797,106.7320263029584,106.1197752715266,106.32902667186627,129355900
2012-02-29,106.18958282470703,107.09632354571096,105.8175775349677,106.76307028516852,185934700
2012-03-01,106.73986053466797,106.94136643012567,106.11986331677171,106.41436465600168,145023500
2012-03-02,106.41431427001953,106.80956836982999,106.17406827038606,106.67006344476225,120638300
2012-03-05,105.9803466796875,106.32909134206051,105.61609883829816,106.25159909790025,140765000
2012-03-06,104.43030548095703,104.95729503833476,104.12805868764815,104.89530600548821,202129900
2012-03-07,105.15887451171875,105.32937403522148,104.5698718576319,104.67062480119156,143692200
2012-03-08,106.20508575439453,106.42209477646342,105.58510052149018,105.80209771809876,116968900
2012-03-09,106.61580657958984,106.8947927435087,106.27480772308067,106.40655513119444,122836800
2012-03-12,106.62358856201172,106.7630816914728,106.24383755604497,106.60033970710154,104003500
2012-03-13,108.54556274414062,108.5998179528797,107.01882495437016,107.1970819326903,184090500
2012-03-14,108.42929077148438,108.84778185506799,108.09603757906667,108.57654135705569,145163600
2012-03-15,109.05706787109375,109.10356558117688,108.31306903338258,108.59206711934172,165118500
2012-03-16,109.2080307006836,109.34813508582295,108.97451151483881,109.2547321623967,152893500
2012-03-19,109.63614654541016,109.97084827045488,109.06013414088589,109.13797782810884,125291100
2012-03-20,109.31697082519531,109.44929555142625,108.69425714854493,109.01339954095363,121729700
2012-03-21,109.13804626464844,109.48052782226168,108.91230655651607,109.37934521815878,122388400
2012-03-22,108.351806640625,108.62424769294245,107.99375415291198,108.33623552633482,135216700
2012-03-23,108.70211791992188,108.82666312369128,107.84589636789708,108.4452597684135,120521000
2012-03-26,110.22775268554688,110.22775268554688,109.44158345856127,109.48049343707201,120164000
2012-03-27,109.88523864746094,110.39897854162948,109.81518644660538,110.32892634077393,119868500
2012-03-28,109.34041595458984,110.00205203428428,108.69435099650671,109.83080532841714,148562100
2012-03-29,109.153564453125,109.35595333977756,108.26620083160506,108.69431746419848,164963700
2012-03-30,109.6050796508789,109.79189750224594,109.01350760414748,109.69070301476123,135486800
2012-04-02,110.40677642822266,110.69478865263959,109.25476316240251,109.47271129709057,151741100
2012-04-03,109.95532989501953,110.43793960817182,109.30926498849236,110.25112179560143,155806700
2012-04-04,108.86553192138672,109.23915547329928,108.46076614506894,109.14575255464078,146896000
2012-04-05,108.81106567382812,109.13020822727954,108.39852017879345,108.49193499765818,137439400
2012-04-09,107.58901977539062,108.85000722409437,107.29322790380486,107.44112383959775,127555900
2012-04-10,105.78314208984375,107.68241461781345,105.67416802072825,107.37884314832864,235360300
2012-04-11,106.63936614990234,107.05969127222647,106.44476876641713,106.86509388874126,154133000
2012-04-12,108.03267669677734,108.1183000194189,106.66271541179391,106.74055911502498,154321500
2012-04-13,106.74834442138672,108.05604506619008,106.64714997725157,107.78360396764874,169246700
2012-04-16,106.67829895019531,107.44889706642115,106.31245488151485,107.2932215191127,147825300
2012-04-17,108.25843048095703,108.47637862579589,107.18424899762043,107.29322307003987,147877600
2012-04-18,107.892578125,108.25842217088604,107.71355185061391,107.7758244411139,123884200
2012-04-19,107.19981384277344,108.31290524040287,106.69386536699322,107.90815121069166,198666700
2012-04-20,107.37886047363281,108.06384723418411,107.31658787019317,107.6746523706499,143199600
2012-04-23,106.47591400146484,106.56932883514375,105.8142899315241,106.2813165907852,171844900
2012-04-24,106.88066864013672,107.15310973719461,106.48369424014693,106.5693175668838,137484200
2012-04-25,108.34406280517578,108.39076428619038,107.8303227594471,107.92372572147629,150252200
2012-04-26,109.09910583496094,109.22365104051427,108.04827496369214,108.1105475664688,136291600
2012-04-27,109.27816009521484,109.58951131144934,108.8189128942183,109.42605607997687,130725000
2012-04-30,108.87335205078125,109.1380135475922,108.57757207254298,109.06016983489198,115092200
2012-05-01,109.55055236816406,110.26666934735911,108.68653947028963,108.8110727747671,138832200
2012-05-02,109.22367095947266,109.33264506488413,108.55425520414884,108.91230788880652,121081000
2012-05-03,108.3907241821289,109.32478908867336,108.18834721351617,109.2391657793988,143759700
2012-05-04,106.63936614990234,108.42966445342275,106.57709356191327,107.82252156713139,193927300
2012-05-07,106.71719360351562,107.07524608332713,106.21902485274492,106.25793482169146,127765900
2012-05-08,106.28907775878906,106.46032438150411,105.02029920247666,106.07890928958787,213377700
2012-05-09,105.6585922241211,106.33578727056243,104.68560537473716,105.16042343232776,220752500
2012-05-10,105.87654876708984,106.52261351184906,105.63524990957484,106.39027683777778,150600000
2012-05-11,105.55740356445312,106.53817008645343,105.16820880341278,105.21491027437257,153032400
2012-05-14,104.38984680175781,105.55743139269062,104.23417123175703,104.54552237175858,163910000
2012-05-15,103.79047393798828,104.93470768312483,103.62701876141652,104.31978508054895,207629300
2012-05-16,103.39349365234375,104.73232473600947,103.37014291415167,104.25750659729916,207265500
2012-05-17,101.86006927490234,103.54139375625878,101.80557629873383,103.41684856268793,247992900
2012-05-18,100.98826599121094,102.43607105078367,100.84037007415145,102.25703289998424,319615900
2012-05-21,102.72408294677734,102.76300480469088,101.15173252988147,101.31519958220494,177861100
2012-05-22,102.90308380126953,103.70482399149577,102.2336683934099,102.98870711659858,197531200
2012-05-23,102.95758056640625,103.10547646900713,101.18285348975762,102.16361996560629,204958400
2012-05-24,103.15995025634766,103.40124907939659,102.29593751354915,103.2377939502964,167357600
2012-05-25,102.82528686523438,103.4090791558153,102.57619645348993,103.12106688257522,135465600
2012-05-29,104.07067108154297,104.24969733627164,102.10134664768499,103.6503459884233,152883500
2012-05-30,102.56060791015625,104.0629059922246,102.35045127289399,103.18332195644444,162370400
2012-05-31,102.33487701416016,103.09769546187398,101.45529300538014,102.52169478549672,196186000
2012-06-01,99.7584228515625,102.35824149604709,99.7584228515625,100.73140993802683,253240900
2012-06-04,99.71171569824219,100.20988458307507,98.96445643235133,99.93744346345328,202545800
2012-06-05,100.4667739868164,100.61465806718564,99.46264452552204,99.51713157224069,164149400
2012-06-06,102.72408294677734,102.7707844253602,101.13616141125937,101.16730364850358,184202800
2012-06-07,102.78634643554688,103.93835968854417,102.57617792326467,103.89165821409978,184772700
2012-06-08,103.60366821289062,103.62701895244392,102.19477295523478,102.5217070635481,143915400
2012-06-11,102.2881851196289,104.49880883969342,102.1869906660181,104.43653624341627,169756100
2012-06-12,103.46353912353516,103.53359133354562,102.09357777066349,102.58395511801888,181931800
2012-06-13,102.80188751220703,103.80600455118753,102.45160280166878,103.1599399631729,172223900
2012-06-14,103.89169311523438,104.30423878112607,102.73188797535248,103.012108793438,230615500
2012-06-15,104.95421600341797,105.04810293875386,104.14050137324396,104.35957884824569,169444500
2012-06-18,105.15760803222656,105.41580896061868,104.28129841258534,104.516027614653,131360900
2012-06-19,106.17475891113281,106.60509378758124,105.13413527856592,105.68966065340352,137382600
2012-06-20,106.00261688232422,106.48772704190736,105.05589216510856,106.18258268710251,206451800
2012-06-21,103.62405395507812,106.23734264691777,103.5379869891159,106.12780395740418,205272200
2012-06-22,104.42215728759766,104.6177629972382,103.76491302969835,104.16395631821311,130029200
2012-06-25,102.7477798461914,103.35806874647777,102.38004013206682,103.31894521413615,146375700
2012-06-26,103.26416015625,103.57713644668266,102.4426138097483,103.04508272235951,141634000
2012-06-27,104.19525909423828,104.39868475598891,103.25635397556607,103.60844190271486,108088000
2012-06-28,103.89791870117188,104.05441281274696,102.7164645672568,103.50670729988317,169242100
2012-06-29,106.48773193359375,106.62074235704723,105.50970357982754,105.78354435558848,212250900
2012-07-02,106.80852508544922,106.9180637926716,106.03393420538515,106.78505335810327,129524500
2012-07-03,107.51268005371094,107.59091514148389,106.67548223668199,106.78502091062016,80450000
2012-07-05,107.02761840820312,107.81787314239084,106.63640697585689,107.11368540087233,126177500
2012-07-06,106.01045989990234,106.22953730901921,105.50970983066044,105.99480810244445,151192100
2012-07-09,105.8774642944336,106.0730700041657,105.39235401589691,105.9244077545573,103780500
2012-07-10,104.95421600341797,106.58947713426193,104.59429618658542,106.41734312692815,167884800
2012-07-11,104.96981048583984,105.31407831251676,104.35952186175639,105.00893400047502,141733400
2012-07-12,104.46125030517578,105.02459560388337,103.74925472218455,104.35954347264727,143583200
2012-07-13,106.21389770507812,106.32343642221177,104.71946725510679,104.73511905436152,129642600
2012-07-16,105.9635009765625,106.27647722117416,105.54881789892217,105.97133284444216,97525200
2012-07-17,106.69113159179688,106.91020893466715,105.27494879009265,106.385987297169,138860300
2012-07-18,107.48143768310547,107.6926952241713,106.37823038826578,106.44081371860018,113349700
2012-07-19,107.76306915283203,108.11515696054471,107.35621796734382,107.7004739076441,129847300
2012-07-20,106.77726745605469,107.31714123470451,106.65990878192538,107.15282715209598,142904500
2012-07-23,105.697509765625,106.70684202168322,104.71948111221853,105.21241137395982,145210900
2012-07-24,104.78986358642578,105.82266725253827,104.08568795140188,105.77572380204636,173301200
2012-07-25,104.8133544921875,105.2828009683639,104.25782909906515,105.00896017530019,129122300
2012-07-26,106.54254913330078,106.76945851173875,105.83054126676998,106.32347162649572,156526500
2012-07-27,108.50640869140625,108.81156510238135,106.51905965669083,107.10587686765516,236768900
2012-07-30,108.50640869140625,109.02281070237326,108.18562435625407,108.38123009324217,106782000
2012-07-31,107.74744415283203,108.65504548614969,107.74744415283203,108.3577329540387,120575900
2012-08-01,107.653564453125,108.54552608577637,107.5049021912121,108.52205435377181,138293800
2012-08-02,106.91021728515625,107.63787646845515,106.08085128825054,106.83980212062367,199556600
2012-08-03,109.0306396484375,109.25753704417443,106.94155992726732,108.41251885039047,157825000
2012-08-06,109.24185180664062,109.67218667252352,109.19490835560299,109.32009885091851,86326200
2012-08-07,109.7895736694336,110.25902018888743,109.56266437036338,109.68002301552072,109545100
2012-08-08,109.92256164550781,110.04774019514777,109.39050803895516,109.42181163048173,89754700
2012-08-09,110.01647186279297,110.23554929462867,109.6565521168774,109.76609083279526,90291700
2012-08-10,110.1964340209961,110.235557552217,109.39053942091253,109.57049333793809,99792700
2012-08-13,110.14163970947266,110.19640308674838,109.57046257940391,110.00862929172055,79426900
2012-08-14,110.15731811523438,110.61895671347645,109.82870192011676,110.5485295768734,102379400
2012-08-15,110.28246307373047,110.47024879569169,109.96949880928317,110.0399139779606,71085900
2012-08-16,111.09619140625,111.2292018181467,110.16510658415146,110.43894733611938,112014200
2012-08-17,111.24490356445312,111.33880244889525,110.9945343965401,111.28402710473499,90813700
2012-08-20,111.25269317626953,111.27616490375722,110.78323474886835,111.088379145032,78255700
2012-08-21,110.91625213623047,111.95687589576227,110.67370297777278,111.52654096680934,105581100
2012-08-22,110.96319580078125,111.14314968338059,110.37637876120566,110.63456775245447,133243500
2012-08-23,110.05561065673828,110.69719124215706,109.88347665944455,110.68937131094418,111466400
2012-08-24,110.7206802368164,110.97106134058043,109.71135976698449,109.78177497535756,99481200
2012-08-27,110.74411010742188,111.16662507558979,110.58762794613969,111.01796284378344,68785900
2012-08-28,110.63456726074219,110.97883516597483,110.29813122351595,110.46243330812587,75689600
2012-08-29,110.7206802368164,111.01800481282915,110.41553572837158,110.72851210807661,65421300
2012-08-30,109.92256164550781,110.27464944783799,109.68783246434701,110.24334585631144,96589900
2012-08-31,110.44682312011719,110.96322511669202,109.82088239143494,110.54852998211425,151970400
2012-09-04,110.34506225585938,110.68151019403834,109.64088666628942,110.3528821841624,120226200
2012-09-05,110.25118255615234,110.68933734615268,110.03210516115217,110.39201290772849,100660300
2012-09-06,112.48889923095703,112.49671915888999,110.90840225454785,110.9162221824808,158272500
2012-09-07,112.92709350585938,112.9740369675339,112.57500560447502,112.67671245849466,107272100
2012-09-10,112.28546905517578,113.01312832042152,112.24635747413352,112.81752265992198,86458500
2012-09-11,112.59846496582031,112.95837275833765,112.3246122177024,112.35591581459687,88760000
2012-09-12,112.97407531738281,113.09926588356198,112.59068368552013,112.97407531738281,87640900
2012-09-13,114.69534301757812,115.04743085184298,112.66105112025718,112.95836363379344,225470200
2012-09-14,115.20391845703125,115.88462236085675,114.82834697873494,114.92224581772027,169777000
2012-09-17,114.81272888183594,115.16481676300063,114.52322432009294,114.9692110580397,119427800
2012-09-18,114.71881103515625,114.86747325652982,114.42931846015897,114.61710420381338,98326600
2012-09-19,114.78141784667969,115.14915750328655,114.55452049670846,114.85183303058551,128318300
2012-09-20,114.78925323486328,114.85183655214917,113.9442351856116,114.25719952733844,154009800
2012-09-21,114.74127960205078,115.37056168141531,114.69408554654598,115.34696465366291,108737500
2012-09-24,114.56820678710938,114.8277860497578,114.08838063540566,114.17490705628846,95682000
2012-09-25,113.3489761352539,115.03229833839433,113.3175054384359,114.81205147088467,133165200
2012-09-26,112.71184539794922,113.35686279681231,112.4444044288114,113.32540409561356,146502200
2012-09-27,113.77373504638672,114.03331428483855,112.88487389676871,113.18378550514733,111830300
2012-09-28,113.2467269897461,113.71081779780008,112.84556557978415,113.34111508560645,150696100
2012-10-01,113.54564666748047,114.59968715438379,113.2781937060185,113.6793671469333,135911200
2012-10-02,113.66360473632812,114.17488950678506,113.13658461834153,113.99397501913077,113422200
2012-10-03,114.1277084350586,114.39514936068521,113.37257970357697,113.97039094954616,121283100
2012-10-04,114.94574737548828,115.110926489564,114.40299199556506,114.56030943839244,124311600
2012-10-05,114.95362854003906,115.75596323783182,114.60752290559695,115.55931340031276,124842100
2012-10-08,114.56036376953125,114.93792821189011,114.30078446461042,114.52890506706686,78415400
2012-10-09,113.42765808105469,114.56822508205691,113.3883257011807,114.47383697240511,148872900
2012-10-10,112.70399475097656,113.52206509286982,112.55453889990618,113.41192962150603,124247500
2012-10-11,112.76689910888672,113.65576033984478,112.7433020852821,113.49056917205722,123601500
2012-10-12,112.3971939086914,113.2309873977033,112.1533500018168,112.84556135234213,124181900
2012-10-15,113.3332290649414,113.45121415942066,112.30278589797985,112.66461485608477,107689100
2012-10-16,114.481689453125,114.56035420655525,113.78949003367497,113.868142784549,108815500
2012-10-17,115.0008316040039,115.09523169515644,114.3872850230077,114.5603378538071,128834100
2012-10-18,114.70196533203125,115.2525826798365,114.31652718728857,114.70196533203125,148108500
2012-10-19,112.79047393798828,114.49739299065394,112.52303305472518,114.4895313185178,185645200
2012-10-22,112.80628204345703,113.01079367387989,111.91742041410119,112.60175841047356,125578600
2012-10-23,111.24089813232422,111.74432132444998,110.77680731510239,111.58700382738986,192056300
2012-10-24,110.92627716064453,111.77580615522685,110.75322429123571,111.64207366313687,120179400
2012-10-25,111.24878692626953,111.91740145496301,110.57232272425962,111.71288985918503,134457400
2012-10-26,111.18584442138672,111.57127049577487,110.43070361825612,111.14651204577106,146023500
2012-10-31,111.18584442138672,111.72072632158083,110.65881219273751,111.57914417243153,103438500
2012-11-01,112.35001373291016,112.491595888876,111.31957025597052,111.42182003442703,100995600
2012-11-02,111.3509750366211,113.05003210081041,111.23298996378183,113.01856141301951,137702200
2012-11-05,111.57909393310547,111.8307994191128,110.85541215477703,111.18579435914675,98378500
2012-11-06,112.45228576660156,112.892779628732,111.79940664860197,111.91739178933065,107068100
2012-11-07,109.9036865234375,111.44541487002732,109.38452795665357,111.42969152137779,264304500
2012-11-08,108.58219909667969,110.44644823476868,108.49567266408857,109.88795726030664,181517300
2012-11-09,108.67656707763672,109.6834132669127,108.1967410028604,108.25179671501988,201055300
2012-11-12,108.76310729980469,109.18786571382127,108.51926339522527,109.01481287781881,97677500
2012-11-13,108.38553619384766,109.53397670650888,108.04730418140247,108.18888632543381,123018300
2012-11-14,106.9224624633789,108.88896118008246,106.67861854291657,108.71592033536373,191505000
2012-11-15,106.74153137207031,107.36295159151325,106.3324963417772,106.9617782339465,178128400
2012-11-16,107.2685317993164,107.48091694944814,105.95491254211565,106.89882920568219,239483900
2012-11-19,109.43959045410156,109.45531380199962,107.30003888951178,108.47206444336666,151495800
2012-11-20,109.48678588867188,109.66770041223458,108.6136599670525,109.2665389897549,119807400
2012-11-21,109.6913070678711,109.78570717752088,109.360936690489,109.58118360874373,81710800
2012-11-23,111.18584442138672,111.2251647944465,110.15538899150242,110.22619206863294,65409200
2012-11-26,110.94988250732422,111.19372647725957,110.27340633142708,110.63523544728017,100124400
2012-11-27,110.38349914550781,111.21729261858236,110.31270807761766,110.83972825394676,128646200
2012-11-28,111.2723617553711,111.3352791481485,109.33732185720574,109.9351331090304,177086500
2012-11-29,111.7915267944336,112.09830014593663,111.20157711826951,111.68927701230383,151085900
2012-11-30,111.81513214111328,112.02751740105124,111.42970600564406,111.8072704657666,136568300
2012-12-03,111.2645034790039,112.42080577284496,111.17797704876558,112.32641766806009,124656300
2012-12-04,111.1071548461914,111.59484258770811,110.8082432613634,111.25661063860542,127512200
2012-12-05,111.30384826660156,111.8230069059148,110.414986838919,111.20158647331195,147300500
2012-12-06,111.681396484375,111.72859053516412,111.03639111933025,111.20157029709213,103220600
2012-12-07,112.01966857910156,112.23991553965786,111.43758046759758,112.11405670432308,108726400
2012-12-10,112.06682586669922,112.33426680210482,111.81510827863141,111.86231432831055,98840700
2012-12-11,112.8298568725586,113.35687720315191,112.47588942694317,112.53094516167708,152570400
2012-12-12,112.88484954833984,113.70291945717048,112.72753210511904,113.27028748639962,145880100
2012-12-13,112.19270324707031,113.13662035358756,111.90952691485941,112.81411164140569,135715000
2012-12-14,111.77580261230469,112.15336704152134,111.60274974838106,111.94885547622832,137701700
2012-12-17,113.08938598632812,113.15231537133818,112.03533379060116,112.06680448438263,143238200
2012-12-18,114.34793090820312,114.45019265310852,113.10510263358819,113.2702937597775,177762800
2012-12-19,113.4984359741211,114.51315604519033,113.45911560137355,114.473823669887,150895400
2012-12-20,114.15132141113281,114.16705676264961,113.2545984155789,113.5692454331325,168487000
2012-12-21,113.11514282226562,114.14497710886228,112.44179846818194,112.6239961066184,245883800
2012-12-24,112.76657104492188,112.93292169699473,112.63981963250828,112.86954599078793,53874600
2012-12-26,112.29126739501953,113.05176383669766,111.97440092880082,112.9963055568849,106947700
2012-12-27,112.1407699584961,112.55270610218909,110.84159789394081,112.32296760202685,167920600
2012-12-28,110.92877197265625,112.02989977870205,110.80202049151902,111.41200141776622,148806700
2012-12-31,112.81411743164062,112.93293934454617,110.54055743403215,110.63562705203847,243935200
2013-01-02,115.70561218261719,115.77690536037895,114.65201312306324,114.95304487941779,192059000
2013-01-03,115.44416046142578,115.95115417857325,115.13521135390911,115.65013459155936,144761800
2013-01-04,115.9511489868164,116.14127615511507,115.3966265222159,115.63428246066844,116817700
2013-01-07,115.6343002319336,115.74520474189806,115.2065170594385,115.53924267701692,110002500
2013-01-08,115.3015365600586,115.58672118847343,114.84998919520187,115.42828796994958,121265100
2013-01-09,115.59466552734375,115.9115441258356,115.37285655224075,115.55505419157195,90745600
2013-01-10,116.51362609863281,116.52154353280486,115.6343073981047,116.23635876269613,130735400
2013-01-11,116.50568389892578,116.56904753420456,116.14127651381533,116.48190742609226,113917300
2013-01-14,116.42647552490234,116.50569821025715,115.9986923642819,116.36309979415545,89567200
2013-01-15,116.50568389892578,116.61658839218842,115.8164804665165,115.8877736219675,93172600
2013-01-16,116.4898452758789,116.67204293762059,116.1412848185059,116.26803627349318,104849500
2013-01-17,117.24241638183594,117.57512989672172,116.56905983105567,117.0047604175791,133833500
2013-01-18,117.50382995605469,117.6305814080385,116.79086210440863,117.21864523293303,169906000
2013-01-22,118.1375961303711,118.13759613037108,117.22658350592518,117.50385084547086,111797300
2013-01-23,118.32766723632812,118.43065428202272,117.92366066024239,118.13755218296139,104596100
2013-01-24,118.35938262939453,118.93766950119608,118.04250400344027,118.15340850060336,146426400
2013-01-25,119.02481842041016,119.02481842041016,118.32769747940628,118.73171624643558,147211600
2013-01-28,118.88224029541016,119.0882023659682,118.4386101556396,119.05650845499906,113357700
2013-01-29,119.3495864868164,119.50010229899029,118.56532561228595,118.64454827796115,105694400
2013-01-30,118.88224029541016,119.57143176292217,118.77132369470351,119.33377578139499,137447700
2013-01-31,118.58914184570312,119.12782961492762,118.50993123307599,118.73965772368771,108975800
2013-02-01,119.8090591430664,119.95164544533263,119.13570270410042,119.34166472549025,131173000
2013-02-04,118.46236419677734,119.83284166586944,118.37522408075232,119.08027452984477,159073600
2013-02-05,119.65853881835938,119.99916969718797,119.05647555318215,119.10401640649772,113912400
2013-02-06,119.74569702148438,119.82490761362165,119.15156318587754,119.23870329860722,138762800
2013-02-07,119.58722686767578,119.89617588340113,118.71582600912727,119.78527141846588,162490000
2013-02-08,120.252685546875,120.32397870302232,119.7932206166757,119.7932206166757,103133700
2013-02-11,120.22895812988281,120.33193313564203,119.92792637223197,120.20519373719323,73775000
2013-02-12,120.42696380615234,120.64877279123642,120.10216776096384,120.2368366385018,65392700
2013-02-13,120.52996063232422,120.89436808113909,120.18932966049938,120.67255905583797,82322600
2013-02-14,120.64083862304688,120.7834370152115,120.03086998140819,120.16553885375761,80834300
2013-02-15,120.49826049804688,120.87850275682584,120.05464251485749,120.75175130800503,215226500
2013-02-19,121.40135955810547,121.4251239469585,120.53788786261916,120.70423858459024,95105400
2013-02-20,119.8882827758789,121.35381773188745,119.82490704985696,121.31420639216326,160574800
2013-02-21,119.15947723388672,119.95165565885952,118.77923497445116,119.58726035247479,183257000
2013-02-22,120.32395935058594,120.32395935058594,119.21491458550224,119.73774306750948,106356600
2013-02-25,118.03459930419922,121.09240887035232,118.03459930419922,120.91021119557547,245824800
2013-02-26,118.84260559082031,118.98519189909862,117.82068869742717,118.60494965600681,186596200
2013-02-27,120.33982849121094,120.67254198208757,118.63663761001241,118.73962467421836,150781900
2013-02-28,120.10210418701172,121.10024409154212,119.94367100834165,120.33183048293179,126866000
2013-03-01,120.49826049804688,120.68045815092462,119.15155959545525,119.69023512141851,170634800
2013-03-04,121.13986206054688,121.13986206054688,120.03081766127637,120.22093265104995,99010200
2013-03-05,122.22518157958984,122.54997757563788,121.71027053233809,121.72611748249882,121431900
2013-03-06,122.39159393310547,122.72430749521682,122.12225610963718,122.66093175657377,94469900
2013-03-07,122.61336517333984,122.77179842726007,122.4074031520118,122.54998945423526,86101400
2013-03-08,123.13619995117188,123.30255062921104,122.5183018288055,123.15204690211719,123477800
2013-03-11,123.60357666015625,123.61149409142935,122.890621039775,123.04113684773314,83746800
2013-03-12,123.32632446289062,123.6590500198311,122.95401174475779,123.51645162575906,105755800
2013-03-13,123.5006103515625,123.67489057028378,122.96985226279621,123.38970585671109,92550900
2013-03-14,124.15806579589844,124.21352406300423,123.50848606268184,123.82535245629802,126329900
2013-03-15,123.99421691894531,124.16130750308271,123.58044857009934,124.01013435505955,138601100
2013-03-18,123.30986785888672,123.84298643040096,122.69717427729015,122.80857200654026,126704300
2013-03-19,123.0234375,123.73956415699139,122.21181838501742,123.57247360303398,167567300
2013-03-20,123.88280487060547,124.08968295046104,123.54064681154041,123.74753703284088,113759300
2013-03-21,122.82449340820312,123.84299043469066,122.61761537331863,123.14276917593963,128605000
2013-03-22,123.81117248535156,123.81117248535156,123.11890384461373,123.21439629176814,111163600
2013-03-25,123.29395294189453,124.3442848174708,122.81653929599433,124.13739464361612,151322300
2013-03-26,124.28065490722656,124.31247763412833,123.66796117672543,123.80322901358636,86856600
2013-03-27,124.28065490722656,124.32044242193739,123.3337679077552,123.54064598622872,99950600
2013-03-28,124.66254425048828,124.80577682450422,123.93050037618607,124.2010359542333,102932800
2013-04-01,124.16924285888672,124.85354675223631,123.86687235162144,124.59891640055115,99194100
2013-04-02,124.78197479248047,125.09229804037818,124.42389923291245,124.61487205525225,101504300
2013-04-03,123.51676177978516,124.94902715546094,123.19053333593288,124.85354684423037,154167400
2013-04-04,124.0180435180664,124.26470905484057,123.40534992768274,123.67588553953556,131885000
2013-04-05,123.46111297607422,123.61229828369558,122.35508779154422,122.49830830942902,159666000
2013-04-08,124.29656219482422,124.30451484053927,123.1348324239046,123.54860068851973,86571200
2013-04-09,124.72623443603516,125.17979020733189,124.11354076200828,124.52730902226156,101922200
2013-04-10,126.2540054321289,126.41314336671748,125.02862998020615,125.0604527105454,135711100
2013-04-11,126.66775512695312,127.0815234091246,126.15054173887772,126.27785692438346,110142500
2013-04-12,126.35741424560547,126.54837485566249,125.65719296488261,126.2619217991343,116359900
2013-04-15,123.4292221069336,125.82429157315356,123.41331681757137,125.72084648508785,217259000
2013-04-16,125.25141906738281,125.31507666622957,124.0578664072586,124.36022482497378,147507800
2013-04-17,123.42134857177734,124.38415341878104,122.7609143966583,124.36027118654538,226834800
2013-04-18,122.64945983886719,123.66000439983237,122.17999874871711,123.62816953254914,167583200
2013-04-19,123.7157211303711,123.77142608816713,122.63356612091103,122.93593671135402,149687600
2013-04-22,124.26476287841797,124.55916869286729,123.13486765000869,123.9544396265411,106553500
2013-04-23,125.54580688476562,125.66515727713228,124.26472672710705,124.88537305030125,166141300
2013-04-24,125.62535095214844,125.95954410987083,125.35480322704296,125.58556345068227,96781200
2013-04-25,126.13465118408203,126.73142752674136,125.8004578891663,125.99141854829197,131060600
2013-04-26,125.9118423461914,126.19829544604976,125.50602670554947,125.98345258579488,95918800
2013-04-29,126.75530242919922,127.03379078149607,126.05508094192261,126.25400639704017,88572800
2013-04-30,127.05763244628906,127.08946731119738,126.20623800236616,126.7314040003617,116010700
2013-05-01,125.94367218017578,126.84281904409116,125.8004516928858,126.77916144703612,138874200
2013-05-02,127.11338806152344,127.22478585022301,126.14263069937778,126.26198113675292,96407600
2013-05-03,128.40240478515625,128.8082205027722,127.13724174641112,128.21939675764233,144202300
2013-05-06,128.7286376953125,128.911645711787,128.44218455839996,128.49788951292692,66882100
2013-05-07,129.38111877441406,129.42089415163787,128.64110977978225,129.00713795352038,90359200
2013-05-08,129.9698944091797,130.00968191684962,129.16624017659498,129.23785040553523,97419200
2013-05-09,129.60391235351562,130.25638151236043,129.2776717033703,129.91423556814402,106738600
2013-05-10,130.02557373046875,130.13697144513128,129.30943515783227,129.6913805864812,103203000
2013-05-13,130.1290283203125,130.3438711420081,129.55613436486138,129.85849270273567,81843200
2013-05-14,131.47377014160156,131.56926258845587,130.2324776054799,130.2324776054799,119000900
2013-05-15,132.18186950683594,132.44445234003862,131.2190779265286,131.25886541182038,120718500
2013-05-16,131.56138610839844,132.37300567349877,131.3624605776401,131.9114969851653,109913600
2013-05-17,132.83447265625,132.91403555870275,131.87166804742964,132.04672343085153,129801000
2013-05-20,132.82647705078125,133.34369043324043,132.57185882397894,132.70712665406833,85071200
2013-05-21,133.0174560546875,133.51875202724028,132.4843373553361,132.94584581330705,95804200
2013-05-22,132.03074645996094,134.52926087102634,131.42601767992005,133.15268850924033,244031800
2013-05-23,131.6488800048828,132.01490822967804,130.44737447871066,130.62242987211954,211064400
2013-05-24,131.53746032714844,131.59316528007344,130.4791754945848,130.86907374072268,151573900
2013-05-28,132.32522583007812,133.5028612196169,131.93532753572433,132.9140374541239,143679800
2013-05-29,131.4658660888672,131.92737463800995,130.76564454651992,131.62500403718778,160363400
2013-05-30,131.95126342773438,132.55599257365398,131.46588472461175,131.5693298693351,107793800
2013-05-31,130.05743408203125,132.33314131849667,129.80281586402313,131.5851798144114,176850100
2013-06-03,130.7736053466797,130.8611330368031,129.42886726271402,130.3598369805102,168390700
2013-06-04,130.1449737548828,131.37036122524734,129.48453985826075,130.8451951665197,157631500
2013-06-05,128.32281494140625,130.03356871826858,128.21141719046793,129.77098570360448,211737800
2013-06-06,129.48451232910156,129.49247711527812,127.51117584664809,128.26708990543804,200225500
2013-06-07,131.13168334960938,131.2510337851308,129.81081520308055,130.3757689279278,188337800
2013-06-10,131.13168334960938,131.60909723314333,130.78952519870094,131.53748697183045,105667100
2013-06-11,129.77896118164062,130.9247615107732,129.49250806399615,129.93809910445526,159505400
2013-06-12,128.7047882080078,130.8054408343693,128.58543777413135,130.67017296216,177361500
2013-06-13,130.66220092773438,130.8929491128094,128.34670572249078,128.63315886274202,163587800
2013-06-14,129.84262084960938,131.02822096602273,129.62779009394555,130.5189722724086,141197500
2013-06-17,130.8451690673828,131.46581532519238,129.87441217358995,130.72580654614714,136295600
2013-06-18,131.879638671875,132.07856414897913,130.90888137229103,130.91683402045408,114695600
2013-06-19,130.05743408203125,131.99894807779887,130.0017412793035,131.7681999383089,206149500
2013-06-20,126.83489990234375,130.0734130223902,126.50070650361664,128.79233225654485,321255900
2013-06-21,127.24201202392578,127.79394106990857,125.9621478981454,127.69795553246615,271956800
2013-06-24,125.6341781616211,126.73005370796493,124.57029372512942,125.91415224700417,222329000
2013-06-25,126.842041015625,128.06590529609153,125.9221349696898,126.77003966536597,162262200
2013-06-26,128.097900390625,128.3858691835633,127.38597923665083,127.88192074449931,134848000
2013-06-27,128.84982299804688,129.4417622563527,128.74583053499214,128.8658246552141,129483700
2013-06-28,128.32188415527344,129.10579451344145,127.87393537917742,128.4898710491538,160402900
2013-07-01,129.0737762451172,129.96967360880504,128.8498019041952,128.99378017806526,131954800
2013-07-02,128.9537811279297,129.8256820232387,128.38583840374199,128.88177979269116,154863700
2013-07-03,129.00982666015625,129.4017879958091,128.1619217598003,128.36989451843974,75216400
2013-07-05,130.40159606933594,130.44958881375896,129.0257471026899,129.96164223598703,122416900
2013-07-08,131.14559936523438,131.49756267706417,130.44967967501077,131.0736101984577,108092500
2013-07-09,132.08946228027344,132.24944222679954,131.40153752509244,131.96946816611322,119298000
2013-07-10,132.13746643066406,132.5854152018143,131.6895176595138,131.9614848126138,121410100
2013-07-11,133.93727111816406,134.07325469742605,132.1294621340825,133.67329868582414,135592200
2013-07-12,133.99325561523438,134.32921719278147,133.68929735308524,133.89727008041766,104212700
2013-07-15,134.5052032470703,134.6971865287249,134.12924361571902,134.3612249400961,69450600
2013-07-16,134.00128173828125,134.6732049896067,133.64132372547763,134.59320889534354,88702100
2013-07-17,134.34518432617188,134.76913660358233,134.16920275377296,134.51317117462008,92873900
2013-07-18,135.08114624023438,135.40111838900734,134.54520662244033,134.6331974376417,103620100
2013-07-19,135.32113647460938,135.36912925052997,134.6332115398026,134.8011984612154,103831700
2013-07-22,135.58506774902344,135.77705100006054,135.19310652195534,135.51307860701718,79428600
2013-07-23,135.29714965820312,135.84909103171822,135.22516048922938,135.82509464206032,80829700
2013-07-24,134.80113220214844,135.8730110231479,134.5291529294671,135.81701134163904,112914000
2013-07-25,135.12913513183594,135.24912926131455,134.337230023447,134.56120441831348,111088600
2013-07-26,135.27313232421875,135.3131303693529,134.0012750465047,134.56121106131374,107814600
2013-07-29,134.8571319580078,135.23309149307863,134.47317769871546,134.92912109305902,79695000
2013-07-30,134.8571319580078,135.40907307143885,134.53717210954514,135.2650948013364,85209600
2013-07-31,134.95309448242188,135.86499323897905,134.7771129499562,135.1370707370241,142388700
2013-08-01,136.51296997070312,136.6329518753508,135.90502910532248,135.97703045379825,110438400
2013-08-02,136.74497985839844,136.76098151902193,136.02506380432155,136.20904018157393,91116700
2013-08-05,136.54502868652344,136.7530136984787,136.26506670182758,136.441048386239,54072700
2013-08-06,135.7690887451172,136.57700784577338,135.46513042139767,136.2810320439875,87495000
2013-08-07,135.3291015625,135.52907955549745,134.82516532001432,135.33710849386026,84854700
2013-08-08,135.8251190185547,136.12907741067008,135.1291869765018,135.96909738234191,102181300
2013-08-09,135.43310546875,136.06504281520583,134.9611602947619,135.64908513703014,91757700
2013-08-12,135.27313232421875,135.43311229906567,134.68919992346716,134.75319435454387,68593300
2013-08-13,135.673095703125,135.90506484834745,134.71320359643053,135.51311571962432,80806000
2013-08-14,134.97714233398438,135.82504701978684,134.94513902186694,135.6090673828997,79829200
2013-08-15,133.08937072753906,133.92926861512618,132.85738939795291,133.91327916222932,152931800
2013-08-16,132.64944458007812,133.289376795638,132.38547208344625,132.8334209726306,130868200
2013-08-19,131.80154418945312,132.95341977659024,131.7935372553502,132.49746393764337,96437600
2013-08-20,132.44940185546875,132.94534328267434,131.87346436324285,132.0174426334564,89294400
2013-08-21,131.63356018066406,132.8094321849291,131.3375965488737,132.08150909549028,159530500
2013-08-22,132.8333740234375,133.0253572819576,131.89747852381598,131.9054732491215,101471400
2013-08-23,133.2813262939453,133.4493131753227,132.60140845429353,133.2253388039447,90888900
2013-08-26,132.78538513183594,133.82527311918668,132.69739432815962,133.41731020864745,89702100
2013-08-27,130.64968872070312,132.7854532816953,130.55370314222523,131.47359748448946,158619400
2013-08-28,131.11363220214844,131.57758281562192,130.4257071139903,130.59368186715707,108113000
2013-08-29,131.3216094970703,132.01752933819793,130.70567356780793,130.8256677441466,119200500
2013-08-30,130.90560913085938,131.6095356784862,130.52165474383108,131.5935340190338,134928900
2013-09-03,131.49758911132812,132.44948674903424,130.945647643704,132.16951254769938,142375100
2013-09-04,132.5853729248047,132.80934723896195,131.2895197920827,131.52948355319072,97389400
2013-09-05,132.75340270996094,133.10535374200632,132.56941415934358,132.66541190052743,63090500
2013-09-06,132.81741333007812,133.5693327340761,131.5695522790565,133.19337303207712,159756500
2013-09-09,134.08926391601562,134.16924779943255,133.14536132845558,133.14536132845558,87559300
2013-09-10,135.08114624023438,135.10514262568117,134.5931993933339,134.89716988324585,105847200
2013-09-11,135.50511169433594,135.50511169433594,134.66521371151273,134.89718286171262,94545900
2013-09-12,135.14515686035156,135.633103765708,134.96118048132269,135.45712211422267,83209000
2013-09-13,135.4490966796875,135.55308914263256,134.97715154210144,135.28911672524845,72727800
2013-09-16,136.23300170898438,136.976926166479,136.01702206575206,136.91293174605136,106299200
2013-09-17,136.84095764160156,136.87294875248799,136.35301081218296,136.35301081218296,82523300
2013-09-18,138.42478942871094,138.80074908695843,136.44900559262382,136.7929619321282,203460600
2013-09-19,138.1928253173828,138.8647608321755,138.05684170999504,138.80076639240042,146616900
2013-09-20,137.22666931152344,138.52080602525533,137.1141362175114,138.52080602525533,132867100
2013-09-23,136.5916290283203,137.1703740637883,136.157576384312,137.0417735954951,104616500
2013-09-24,136.27005004882812,137.0738608848456,136.01283695919614,136.567456133297,106333100
2013-09-25,135.876220703125,136.63180508707487,135.75565394618994,136.35851226123285,117306500
2013-09-26,136.3987274169922,136.7845533670185,135.88428872856184,136.10132119147045,77146900
2013-09-27,135.77174377441406,135.95661690396008,135.41806490732793,135.71547110683912,99141800
2013-09-30,135.0482635498047,135.47428234135134,134.35698569207565,134.62224475825806,143937000
2013-10-01,136.11737060546875,136.24598332688464,135.01615330815758,135.1527997252179,127160000
2013-10-02,135.9887237548828,136.1173364440207,134.90358638638224,135.32157149348984,113350000
2013-10-03,134.73477172851562,135.79580794549108,134.1078002421866,135.67522895800914,176698000
2013-10-04,135.75563049316406,135.89227688247814,134.66244711346965,134.83928650321297,96878000
2013-10-07,134.5821075439453,135.401998427877,134.43742741070287,134.5740738471605,96295000
2013-10-08,133.0146484375,134.73480358506978,132.91819503685338,134.55796417376214,178015000
2013-10-09,133.1111297607422,133.59340908588746,132.25104595319695,133.27188953579062,168973000
2013-10-10,135.98072814941406,136.05306820787365,134.42133258607896,134.46955929171867,195955000
2013-10-11,136.85693359375,136.90517258369667,135.6592623783136,135.77179549114365,105040000
2013-10-14,137.4033966064453,137.51592960858517,135.90830828362883,136.01280759460775,112106000
2013-10-15,136.40676879882812,137.5722926764638,136.22189564269775,137.05785395905008,155485000
2013-10-16,138.31179809570312,138.38413815954834,137.16234170991436,137.22664807728304,161676000
2013-10-17,139.2361602783203,139.3165462947144,137.7249914794367,137.74910483131814,129389000
2013-10-18,140.17660522460938,140.273058623484,139.4692475923743,139.75058635933587,138316000
2013-10-21,140.18463134765625,140.46597009942187,139.87114555306312,140.22482435007737,104104000
2013-10-22,140.99655151367188,141.4145245837481,140.20880756159974,140.59464583962242,126663000
2013-10-23,140.3213348388672,140.5785480592089,139.8310094891175,140.51424168782694,105484000
2013-10-24,140.78750610351562,140.96434552276693,140.2730675016529,140.60263298891064,70350000
2013-10-25,141.43052673339844,141.470719731813,140.80355520671057,141.07684797163992,93625000
2013-10-28,141.65560913085938,141.8485281863729,141.2295902819684,141.38231633443544,84979000
2013-10-29,142.41119384765625,142.46746650512145,141.77618855233234,141.97714130296657,87401000
2013-10-30,141.70382690429688,142.6844772439957,141.19743434638679,142.57999016087422,140002000
2013-10-31,141.30191040039062,142.1861072819836,141.09292398527808,141.59128281025914,133795000
2013-11-01,141.63955688476562,141.96107641314663,140.84377949402446,141.4868308159703,142805000
2013-11-04,142.1379852294922,142.19424565509422,141.4547405666215,142.02545211309828,85677000
2013-11-05,141.68775939941406,142.07358522064214,141.12509418821023,141.58326005119702,85825000
2013-11-06,142.41119384765625,142.67645295031537,141.90478899119952,142.29866079790835,87348000
2013-11-07,140.61061096191406,142.7889435275251,140.4739646039501,142.67641051125014,157000000
2013-11-08,142.50770568847656,142.52378534937301,140.54641634067409,140.56248373638297,136713000
2013-11-11,142.5318145751953,142.7006080666305,142.20224902404985,142.37104251548504,62614000
2013-11-12,142.24240112304688,142.5639206196103,141.76814330761934,142.2263214686639,83990000
2013-11-13,143.3837890625,143.42396979445726,141.54305527413558,141.54305527413558,103844000
2013-11-14,144.09922790527344,144.21979467137365,143.27933710023774,143.5124369364264,103435000
2013-11-15,144.72622680664062,144.78248721966116,144.147481690271,144.3323548547486,102818000
2013-11-18,144.21981811523438,145.08793576782827,143.89829850991222,144.96736898212916,104796000
2013-11-19,143.90626525878906,144.58146347496017,143.65708584081025,144.1474109831876,93891000
2013-11-20,143.4561309814453,144.6296880161229,143.06225922861194,144.19563553080482,124909000
2013-11-21,144.61366271972656,144.726195786835,143.7696585838211,143.85807829834803,92841000
2013-11-22,145.33709716796875,145.35317682578463,144.50113893932192,144.66993241824028,81296000
2013-11-25,145.19239807128906,145.62645065411928,144.98339934254773,145.59430360787331,79486000
2013-11-26,145.2325897216797,145.6666546022975,145.01556954655533,145.26474903552486,86994000
2013-11-27,145.58624267578125,145.6827083349661,145.20845052902834,145.3852899281545,58800000
2013-11-29,145.48980712890625,146.09266544573873,145.329047364121,145.74703256470968,55870900
2013-12-02,145.11203002929688,145.83545517866767,144.88696388215106,145.5621623235885,99726000
2013-12-03,144.4850616455078,144.99950031736563,144.01884968270144,144.63778773429433,116563000
2013-12-04,144.46897888183594,145.07183726239046,143.35972780194152,143.96258618249604,123033000
2013-12-05,143.8339385986328,144.4769898351104,143.69729220397343,144.21173074011907,106934000
2013-12-06,145.4415740966797,145.57822050405977,144.80655649541447,145.2245416778133,127728000
2013-12-09,145.81134033203125,146.02837278069478,145.61843350227255,145.8676130008342,70124000
2013-12-10,145.2888641357422,145.77918942370948,145.2004444193814,145.47373726442947,80976000
2013-12-11,143.65708923339844,145.3692104253623,143.4802498490087,145.34509707887108,130591000
2013-12-12,143.1829071044922,143.7696859041204,142.88548859082852,143.59284644146203,115565000
2013-12-13,143.1668243408203,143.6089229878816,142.89353145543203,143.48031024233896,107808000
2013-12-16,144.0590362548828,144.53328189293393,143.80181079786092,143.8420038086687,96195000
2013-12-17,143.6008758544922,144.21178025824466,143.279356258444,144.18766690180038,89886000
2013-12-18,146.05242919921875,146.07654254353855,142.5317460115453,143.81783601426218,234906000
2013-12-19,145.8836669921875,146.05246043852952,145.2566953754086,145.63447527228266,136531200
2013-12-20,146.7322998046875,147.07982158273447,145.93221418105145,146.02919126712226,197087000
2013-12-23,147.51614379882812,147.60504351921983,147.14439030029453,147.45148833565517,85598000
2013-12-24,147.8394317626953,147.90408723591813,147.5161667283518,147.52424403809067,45368800
2013-12-26,148.59103393554688,148.67185635625785,148.1546249263096,148.17077954503577,63365000
2013-12-27,148.5829620361328,148.84964890429518,148.42940683025296,148.78500576349674,61814000
2013-12-30,148.55874633789062,148.7203788845038,148.36477988289113,148.5991452257143,56857000
2013-12-31,149.2618408203125,149.2618408203125,148.6476199358085,148.760776272867,86119900
2014-01-02,147.83135986328125,148.76076845163186,147.47576091342683,148.68802333423724,119636900
2014-01-03,147.80711364746094,148.38092327837163,147.5969926034024,148.08189016625383,81390600
2014-01-06,147.3788299560547,148.34863772963905,147.15254188661083,148.29207187816553,108028200
2014-01-07,148.28390502929688,148.53443723775675,147.85557338287802,147.96871735869115,86144200
2014-01-08,148.3162841796875,148.56681646458838,147.80712996729395,148.25970600863388,96582300
2014-01-09,148.4132537841797,148.809263966353,147.73438975625828,148.79309701375345,90683400
2014-01-10,148.81739807128906,148.88205357459069,147.90415604334615,148.66384279241976,102026400
2014-01-13,146.8373260498047,148.84967402158514,146.5544598510554,148.43750918765033,149892000
2014-01-14,148.43751525878906,148.51833769938668,147.04745313656696,147.32222970376193,105016100
2014-01-15,149.2376251220703,149.46391317595666,148.46986120125777,148.7850490142976,98525800
2014-01-16,149.04364013671875,149.23760658671952,148.5668198203776,148.9304961238281,72290600
2014-01-17,148.4132537841797,149.06787354908758,148.15464420144508,148.7850197033395,107848700
2014-01-21,148.8496551513672,149.32648774010377,147.93642585095887,149.26990957481752,88621200
2014-01-22,148.9467010498047,149.16491182021426,148.63151319555783,149.1002563203975,61270900
2014-01-23,147.72628784179688,148.2192750350696,146.94236951653104,148.19503077407015,132496900
2014-01-24,144.57444763183594,146.81309618119715,144.5259590974151,146.7646076467763,208677100
2014-01-27,143.86325073242188,145.08360307343705,143.14397535859013,144.71183708693155,180843100
2014-01-28,144.71987915039062,144.90575591664492,143.95210316239934,143.96827011261226,110463200
2014-01-29,143.32989501953125,144.29970291745104,142.95005164031474,143.51577188645322,216597300
2014-01-30,144.84922790527344,145.31797096957408,144.06529702743305,144.52596277971566,118938100
2014-01-31,144.0006103515625,144.89768506225732,142.9823143279784,143.05504711571197,194677900
2014-02-03,140.7598419189453,144.1541745405784,140.48506537144783,143.8309094649075,254837100
2014-02-04,141.74586486816406,142.10954128551165,140.71140147439579,141.39026576434816,165012400
2014-02-05,141.56800842285156,141.88319616878854,140.38807986904493,141.25282067691455,164230500
2014-02-06,143.43490600585938,143.43490600585938,141.60843481211757,141.89937832660297,132877600
2014-02-07,145.21286010742188,145.36641531149948,143.63692151883376,144.105664440629,170787200
2014-02-10,145.47959899902344,145.52809986494242,144.83306876805457,145.22906668475696,92218800
2014-02-11,147.07164001464844,147.44340583185115,145.50377900031353,145.60076835753978,117814100
2014-02-12,147.1444091796875,147.75861766098362,146.85346572396404,147.2898747416641,94717700
2014-02-13,147.90411376953125,148.05766900451155,146.1422980522839,146.15037536347182,100542200
2014-02-14,148.72035217285156,148.99512868591864,147.62931109857206,147.7666993551056,96498400
2014-02-18,148.8981475830078,149.10019130742106,148.42131502124718,148.84964673046161,80460900
2014-02-19,147.9121856689453,149.47195743342897,147.79095202503274,148.51022725120393,126524300
2014-02-20,148.78501892089844,149.12445093307412,147.57275644951176,148.11423220691856,104998100
2014-02-21,148.61532592773438,149.42350106733417,148.54259312479616,149.06790203282642,118116400
2014-02-24,149.4396209716797,150.44174993692593,148.86581137724832,148.93046684787228,114063900
2014-02-25,149.383056640625,149.98918786060005,148.89006942177446,149.56085611835937,117085000
2014-02-26,149.3911895751953,149.99732097082347,148.97093502132952,149.6013106862408,98677200
2014-02-27,150.1750946044922,150.21549349181464,149.00323090959603,149.17295309708663,93880800
2014-02-28,150.55491638183594,151.24994737999018,149.55278726712885,150.15082887899678,150842000
2014-03-03,149.4961700439453,149.8760131839278,148.50211849953752,149.2294708819298,167748500
2014-03-04,151.59747314453125,151.92073822283572,150.92668639186584,150.95900796698737,167545900
2014-03-05,151.73487854003906,151.99350049728145,151.49242353806775,151.72680122829038,88376900
2014-03-06,152.08233642578125,152.42985802168093,151.75907142046157,152.10659301636124,82516500
2014-03-07,152.14706420898438,152.7127967348418,151.47627728893872,152.7127967348418,114513500
2014-03-10,152.06622314453125,152.12278898654245,151.19339259477965,151.91266790914355,74939200
2014-03-11,151.3146514892578,152.51075976093884,150.96714204438524,152.2925489863817,99009100
2014-03-12,151.35504150390625,151.41161968380678,150.23975584780248,150.57920026365733,104824400
2014-03-13,149.65785217285156,151.9288344574442,149.23761001917646,151.80760079899065,155014300
2014-03-14,149.2376251220703,150.15894429340017,149.05982560376333,149.39118037258763,153919600
2014-03-17,150.58724975585938,150.9428487301851,149.92454033429385,149.98919581433233,98359500
2014-03-18,151.66209411621094,151.86413782711975,150.73268564696875,150.89433048111138,101804600
2014-03-19,150.8539581298828,151.8884212096537,149.8922278451491,151.67828780384946,176267300
2014-03-20,151.73487854003906,151.84802256338918,150.25591659296512,150.5226158619562,117241000
2014-03-21,151.1463623046875,153.43548075642798,151.00836764703087,152.3721006873912,163128000
2014-03-24,150.5212860107422,151.85255454177693,149.8637770909297,151.66584499733312,121411000
2014-03-25,151.23570251464844,151.74710411568083,150.39149599164986,151.28440506975548,103852000
2014-03-26,150.14788818359375,152.07171236861137,150.1072986146116,151.8281873409161,119843000
2014-03-27,149.83132934570312,150.44824876343554,149.27933838356438,149.96932398968804,142383000
2014-03-28,150.5699462890625,151.32485999381606,150.1721884659879,150.26148053295594,101642000
2014-03-31,151.80384826660156,152.03926035388295,150.5943607627157,151.5278589932771,99745000
2014-04-01,152.81040954589844,152.89970164851792,151.795732191676,152.2990081957869,89193000
2014-04-02,153.3218536376953,153.52478916511234,152.72116001750834,153.00527471037282,78774000
2014-04-03,153.1189422607422,153.59786720829572,152.64813027653236,153.55727761917007,77435000
2014-04-04,151.30865478515625,153.98740499383746,151.06514217307281,153.95494077429166,169381000
2014-04-07,149.63656616210938,151.19510982461384,149.3281125240184,150.94347170424857,140803000
2014-04-08,150.2534637451172,150.496976459804,149.02772527892165,149.5715909853907,112660000
2014-04-09,151.8688201904297,151.9175227326088,150.22098478696407,150.65933243897814,100254000
2014-04-10,148.67868041992188,151.93376165953228,148.49197082587514,151.8607078459667,172959000
2014-04-11,147.33924865722656,148.88967845737264,147.17690277556972,147.85064995133263,167251000
2014-04-14,148.50006103515625,148.84910409706742,147.2824482190414,148.49193568921538,132382000
2014-04-15,149.52288818359375,149.62841861724274,147.33930001354074,148.80856357808057,157093000
2014-04-16,151.08950805664062,151.09762101576325,149.8881212518451,150.55375548581534,105197000
2014-04-17,151.30056762695312,151.72267687020337,150.6268203841761,150.8865837296218,105255000
2014-04-21,151.82821655273438,151.87693147660414,151.15448160003348,151.34117878983494,68329000
2014-04-22,152.5181884765625,152.93217239570822,151.90126907791813,151.98243583799837,85790000
2014-04-23,152.16099548339844,152.54251511415282,152.03923916983715,152.4613483671775,73869000
2014-04-24,152.46949768066406,152.9240712079432,151.73892246650863,152.9078329001976,88170000
2014-04-25,151.2194366455078,152.0636554008762,150.878506435679,151.9743632707161,100380000
2014-04-28,151.6983184814453,152.35582738770736,150.1397756405507,151.83631310740918,135121000
2014-04-29,152.404541015625,152.639940715602,151.86067543150025,152.18536723550957,84098000
2014-04-30,152.85911560058594,153.01334854377458,151.94184328764186,152.15290410935202,101508000
2014-05-01,152.8753662109375,153.28935015529095,152.3883160760045,152.7860740990731,93019000
2014-05-02,152.6561737060547,153.53285640979118,152.4288869739228,152.85910917304375,98122000
2014-05-05,152.948486328125,153.0540167932278,151.48734767602974,151.9094571502361,75883000
2014-05-06,151.6171875,152.71304428263514,151.58472326613145,152.60751384670988,85454000
2014-05-07,152.51010131835938,152.58315513065057,150.99213525228194,152.12858156145975,106500000
2014-05-08,152.34774780273438,153.45984287621923,151.86070998589975,152.37211146046724,93618000
2014-05-09,152.57501220703125,152.63994065885026,151.65773990105828,152.37207673305127,83679000
2014-05-12,154.06051635742188,154.13358255455125,152.60750355541293,153.25689966480374,86940000
2014-05-13,154.19850158691406,154.57189593629766,154.04426863930826,154.26343004108605,66454000
2014-05-14,153.4679412841797,154.13357567279115,153.24876747497834,154.06050947892402,72367000
2014-05-15,152.1204071044922,153.19191221698426,151.37360614102656,153.15943560898322,154956000
2014-05-16,152.64808654785156,152.71302739460847,151.56846819464283,152.20973892879235,97458000
2014-05-19,153.20814514160156,153.32990145183842,152.21781919768722,152.35581381135444,63839000
2014-05-20,152.24221801757812,153.15136511453886,151.85258531690928,153.13512680603594,111644000
2014-05-21,153.52476501464844,153.59781882033832,152.6561951485586,152.6805464171219,89093000
2014-05-22,153.89820861816406,154.21478759695208,153.30564024991034,153.56539132640643,61549000
2014-05-23,154.51512145996094,154.62063951565037,153.89818950576682,154.0361841833623,61092800
2014-05-27,155.4647979736328,155.51350050139808,155.00209918746793,155.09139128377007,72010000
2014-05-28,155.3511505126953,155.7083188884758,155.09138718987424,155.46479386988028,66723000
2014-05-29,156.15480041503906,156.17915168349413,155.31059420746433,155.70835223589646,64377000
2014-05-30,156.4064178466797,156.503835293869,155.8787905847128,156.0086722568332,76316000
2014-06-02,156.5850067138672,156.65807289798525,155.83009269630014,156.62559628588872,64656000
2014-06-03,156.50392150878906,156.58508830892902,156.0574607563025,156.2035684282773,65047000
2014-06-04,156.8204345703125,156.90972668326003,156.07363343756936,156.23597935578314,55529000
2014-06-05,157.84324645996094,158.00559240024415,156.4226978066305,156.9990401387674,92103000
2014-06-06,158.59812927246094,158.6387064566823,158.11107919982575,158.18413299486167,78696000
2014-06-09,158.760498046875,159.14201776864044,158.42768086215202,158.57380085947904,65119000
2014-06-10,158.77674865722656,158.8092128890371,158.22475762684257,158.56568779875596,57129000
2014-06-11,158.22471618652344,158.38706207545764,157.86754779914978,158.20847788177082,68772000
2014-06-12,157.1045379638672,158.12734078977107,156.75549485649978,158.03804867617947,106350000
2014-06-13,157.58349609375,157.73772907283646,156.9097486718573,157.4130248047067,82017000
2014-06-16,157.71327209472656,158.0460891278038,157.20188330259182,157.38858040492056,87424000
2014-06-17,158.1516876220703,158.26533100107187,157.32370735437365,157.49417861597564,84834000
2014-06-18,159.31246948242188,159.4017615917166,157.80262897102006,158.1516844477899,105267000
2014-06-19,159.4910888671875,159.5885063445698,158.9391101688957,159.450499283795,85929000
2014-06-20,159.81491088867188,159.94541497504147,159.6191547591175,159.88831477017177,100587000
2014-06-23,159.7659454345703,159.90460133362413,159.47231751729387,159.85566542167012,70611000
2014-06-24,158.80348205566406,160.2716215359433,158.62404209443264,159.48045782839148,96237000
2014-06-25,159.52120971679688,159.68433352712808,158.4364183320485,158.46903811589516,82782000
2014-06-26,159.40708923339844,159.5620612747076,158.33861351138808,159.54574515310813,84312000
2014-06-27,159.71694946289062,159.76588535644285,158.95840577618796,159.0318096165163,71445100
2014-06-30,159.63536071777344,160.00239231754097,159.4803887778492,159.61904460684823,70201200
2014-07-01,160.7039031982422,161.19328716705465,159.9698396905748,160.02692743445715,90470000
2014-07-02,160.8670196533203,161.0709275567048,160.64680807846162,160.72021193674786,52475000
2014-07-03,161.65814208984375,161.73154592941134,161.20139049402633,161.32373022663901,52938800
2014-07-07,161.09539794921875,161.47874580903132,160.85887025375294,161.34825420750755,61696000
2014-07-08,160.05955505371094,160.85887056387025,159.66804291173207,160.8017703760834,108143000
2014-07-09,160.7772979736328,160.9241181341996,160.1166383649588,160.45920214554715,72992000
2014-07-10,160.14108276367188,160.56521462058768,159.09707545860897,159.22757948312903,99040000
2014-07-11,160.36126708984375,160.47545497167138,159.68429163131353,160.04317138721348,64243000
2014-07-14,161.1687774658203,161.38083715974878,161.03827344853443,161.17692929982013,58658000
2014-07-15,160.8670196533203,161.57662762007277,160.15742413211862,161.26668362435214,111307000
2014-07-16,161.46243286132812,161.70711237859774,161.02198483914242,161.58477261996293,79986400
2014-07-17,159.6272430419922,161.57660178888244,159.39885477680724,160.96487817652505,145398000
2014-07-18,161.25852966308594,161.42165349453325,160.05955021134483,160.14927018547343,124330000
2014-07-21,160.9567413330078,161.08724537948797,160.2145135698967,160.75283342746417,67592000
2014-07-22,161.65814208984375,161.95176989366172,161.3889822325483,161.50317013150263,67678000
2014-07-23,162.0170440673828,162.18833216202444,161.57660852416748,161.90285615280482,65612000
2014-07-24,162.02517700195312,162.35958887190432,161.8620532066628,162.17199712959788,56888000
2014-07-25,161.26666259765625,161.70709813549834,160.94856680767333,161.5684422727416,76837000
2014-07-28,161.3319091796875,161.56843683276776,160.36945756192088,161.29927695099104,69259000
2014-07-29,160.6386260986328,161.86207338414494,160.61415814856653,161.63369755315998,80466000
2014-07-30,160.66307067871094,161.42161435707666,159.99425939826833,161.20954222661754,104222000
2014-07-31,157.4902801513672,159.6843308331207,157.39240835592946,159.54567497440098,183479000
2014-08-01,157.0091094970703,158.03680100610674,156.25057795492376,157.0580454100407,189261000
2014-08-04,158.1428680419922,158.47728010675988,156.6421083381561,157.3109200221364,91340000
2014-08-05,156.6094207763672,157.90628449340065,156.0384811391311,157.49846868886766,152690000
2014-08-06,156.6583709716797,157.3271824273021,155.85089118879876,155.87535914171477,94818000
2014-08-07,155.81015014648438,157.5229819969171,155.41865034616276,157.36800995528552,135733000
2014-08-08,157.6126708984375,157.718694554249,155.74486737491634,156.16084749838663,117014000
2014-08-11,158.06935119628906,158.77079462439045,157.99594736493506,158.20800702625087,74544000
2014-08-12,157.84922790527344,158.35491565999044,157.36800810994248,157.91447994548759,73632000
2014-08-13,158.91763305664062,159.09707297616865,158.1998858240771,158.46903325782057,69047000
2014-08-14,159.66806030273438,159.66806030273438,159.0318685596636,159.17868874028503,57371000
2014-08-15,159.63536071777344,160.39389186092328,158.4853175856952,160.2470841992347,139951000
2014-08-18,160.97303771972656,161.04644156979296,160.42656609331675,160.51628605858102,75424000
2014-08-19,161.81317138671875,161.93551116268256,161.0383237659934,161.36457146559817,59135000
2014-08-20,162.24545288085938,162.44120896516833,161.56032525410575,161.59294504538133,72763000
2014-08-21,162.71852111816406,162.93058087581412,162.25360508396156,162.38410914046244,67791000
2014-08-22,162.4656219482422,162.87343765173372,162.09859030420932,162.58796168107062,76107000
2014-08-25,163.28944396972656,163.607539796175,162.4330282998883,163.24050806497303,63855000
2014-08-26,163.39544677734375,163.7951106606717,163.35466271650654,163.39544677734375,47298000
2014-08-27,163.3302459716797,163.5912540864232,163.07740213899186,163.47705370205898,47874000
2014-08-28,163.24049377441406,163.34652985579768,162.62877012744605,162.7918939441943,58330000
2014-08-29,163.7054443359375,163.72174800917517,162.97953261919477,163.49337212832702,65907000
2014-09-02,163.62387084960938,163.94196670509572,163.01214709324708,163.91749875048535,72426000
2014-09-03,163.5341339111328,164.276361645492,163.30575806141465,164.25189369341865,57462000
2014-09-04,163.29763793945312,164.41504945297967,162.8490379884032,163.811477478335,85236000
2014-09-05,164.03164672851562,164.0968987400982,162.64507570764485,163.26495114935628,102177000
2014-09-08,163.60751342773438,164.1132134016356,163.12629384781496,163.8766733060491,64146000
2014-09-09,162.57167053222656,163.57489375531358,162.23725864268138,163.46070584736503,88591000
2014-09-10,163.18344116210938,163.28946482076373,162.12311745670107,162.66142492327884,67251000
2014-09-11,163.3709716796875,163.39543962600933,162.4085201573544,162.53087233451106,66774400
2014-09-12,162.4167938232422,163.22426148678255,161.95187763891397,163.2079578086192,117409300
2014-09-15,162.2943878173828,162.5717120465455,161.80501627787254,162.4412079911221,76401000
2014-09-16,163.5178680419922,163.8114960026517,161.90292048114202,161.9926404814978,116201000
2014-09-17,163.738037109375,164.49656849297907,162.922405542205,163.7543532254724,151266000
2014-09-18,164.6107940673828,164.63526202250074,164.02353825344844,164.23559801298788,94990000
2014-09-19,164.4624481201172,165.44577865746382,164.12647299787486,165.13439836460185,121649000
2014-09-22,163.19229125976562,164.2002165285854,162.8481262303119,164.17563420531906,125553000
2014-09-23,162.25816345214844,163.28246884047158,162.20899879410538,162.60232856217766,111393000
2014-09-24,163.52825927734375,163.63479100937406,161.85659884890134,162.28270076957378,107276000
2014-09-25,160.88963317871094,163.11033193718288,160.83227860021222,163.10212949473788,150300000
2014-09-26,162.16802978515625,162.56956201285246,160.9552556637432,161.18469907850437,103547000
2014-09-29,161.873046875,162.15985742641504,160.6520826791426,160.77499434190352,95112000
2014-09-30,161.4468536376953,162.4957409135873,161.11087861083482,161.9958795943167,131302000
2014-10-01,159.25901794433594,161.24207181472298,158.89846042176944,161.18470470716522,177798000
2014-10-02,159.2835693359375,159.84078539623152,157.62009859207708,159.11967049116743,157285000
2014-10-03,161.0371856689453,161.3813507495612,159.857183961847,160.34884300398676,121569000
2014-10-06,160.84869384765625,161.92217623497567,160.26689547739576,161.70911274412595,104778000
2014-10-07,158.36578369140625,160.3816219517862,158.33301142461104,160.02106449840716,147913000
2014-10-08,161.13548278808594,161.36492612932943,157.62826313910782,158.45589715547007,186461000
2014-10-09,157.93968200683594,161.10273716699956,157.80856793195136,160.88148372859766,210705000
2014-10-10,156.1368865966797,158.68535846465582,156.09592439117432,157.89869906381168,221909000
2014-10-13,153.57203674316406,156.63674997335028,153.48189738323353,156.0713439923961,230939000
2014-10-14,153.8096466064453,155.5468765053934,153.2688105293089,154.39964732628067,215847000
2014-10-15,152.76895141601562,153.80145894286636,149.07326317501716,151.7282664535594,380715000
2014-10-16,152.6378936767578,153.71136371207797,149.86816793403966,150.00747196497082,270391000
2014-10-17,154.4406280517578,155.48951548264716,153.74409557643273,154.39965334666968,214625000
2014-10-20,155.94017028808594,156.0630818665665,154.112813966922,154.16197859831422,130011000
2014-10-21,159.02957153320312,159.1360907965207,156.90720115683743,157.07108752663473,154949000
2014-10-22,157.8987274169922,159.71789480072704,157.83317037119576,159.30817264229537,151822000
2014-10-23,159.7342529296875,160.774950571412,159.18522681260995,159.4802272266529,154944000
2014-10-24,160.9634552001953,161.01263236662825,159.37374358994458,159.9965168237419,117927000
2014-10-27,160.74221801757812,160.97985139417355,159.81624183567078,160.38985042032292,82954000
2014-10-28,162.5859375,162.59412744120144,161.2092646508088,161.2830241365299,106736000
2014-10-29,162.34010314941406,163.16773735220514,161.26663316742224,162.70066062507817,142557000
2014-10-30,163.3807373046875,163.8478138501137,161.7582292953823,161.90573570701108,113330000
2014-10-31,165.24913024902344,165.38024432975376,164.51982536758553,165.3474595577077,146903000
2014-11-03,165.3392791748047,165.89649529453078,164.9623292968453,165.46219081776553,93600000
2014-11-04,164.76568603515625,165.19999055242735,163.93803921626957,164.89678763196594,93343000
2014-11-05,165.8063507080078,166.0112117756525,165.07704580734182,165.9702370613781,91709000
2014-11-06,166.47010803222656,166.56024740726474,165.23275161463724,165.84733485251706,107089000
2014-11-07,166.62582397460938,166.83888752442235,166.02763305403408,166.48651992481675,89540000
2014-11-10,167.15023803710938,167.19940269251993,166.45371791258117,166.65857897927663,66319000
2014-11-11,167.31411743164062,167.42064918308463,166.87981298860583,167.21578812490873,54499400
2014-11-12,167.1339111328125,167.36335459994254,166.60126468832894,166.6340494714796,90120300
2014-11-13,167.3223114013672,167.84675518358503,166.5192595950362,167.29772907592934,85357900
2014-11-14,167.36331176757812,167.5681728467818,166.93719722179063,167.24859006337317,80417500
2014-11-17,167.46983337402344,167.64192218460738,166.87983245734725,167.0437313259903,80441000
2014-11-18,168.43675231933594,168.73994266225887,167.52716878684132,167.52716878684132,76068100
2014-11-19,168.16635131835938,168.43676942345024,167.4124641028305,168.2400983005495,82373000
2014-11-20,168.4613494873047,168.56788124041037,167.3141200413892,167.37967708147525,72840300
2014-11-21,169.36270141601562,170.31325957756687,168.78909304395012,170.14937325750884,142327300
2014-11-24,169.8380126953125,169.94454445022305,169.55121470676988,169.76426571286387,65880800
2014-11-25,169.71507263183594,170.2722886330876,169.4610469545756,170.06742760255833,79108300
2014-11-26,170.14938354492188,170.24771284215686,169.64952211110162,169.8625730896859,62167800
2014-11-28,169.78884887695312,170.3378750329878,169.55121554220537,170.02649471542804,57890100
2014-12-01,168.60885620117188,169.24802176069073,168.29747586687284,169.13330005779574,103968400
2014-12-02,169.69869995117188,169.9035610054865,168.62523002715943,168.64981235337908,74507200
2014-12-03,170.35421752929688,170.56726847404644,169.7068622524309,169.87074855637084,68952000
2014-12-04,170.16580200195312,170.66566351236247,169.3791299923625,170.06746018592466,91316600
2014-12-05,170.44439697265625,170.8295367545753,170.07564957610492,170.3378652233559,91025500
2014-12-08,169.30538940429688,170.54274581116482,168.74816077150885,170.05108672735784,108588200
2014-12-09,169.1906280517578,169.29715978829483,167.09285311017462,167.46979040238645,125180100
2014-12-10,166.4783172607422,168.78914382738364,166.28983605742877,168.73178922478323,159856400
2014-12-11,167.3223114013672,168.9611997837637,166.92898169063534,167.0682857026919,159012800
2014-12-12,164.6181640625,167.01914235083174,164.5853917923123,166.05219157997044,202330200
2014-12-15,163.48728942871094,165.96201413505062,162.88909873112254,165.5113173750629,189965800
2014-12-16,162.17617797851562,165.85547382964904,162.13520327450223,162.72520400186747,259543800
2014-12-17,165.3556365966797,165.80633339919441,162.48758194905534,162.61050607904625,253910100
2014-12-18,169.44464111328125,174.5170018269202,167.10103061001382,167.77298073856957,257633900
2014-12-19,170.16563415527344,170.83304527947857,169.41582131853647,170.09146758490033,245084600
2014-12-22,170.9484405517578,170.9484405517578,170.11623837846253,170.35518328492228,148318900
2014-12-23,171.1791229248047,171.57462351516708,170.89072948163678,171.52518751296392,122167900
2014-12-24,171.1956329345703,171.66528760272422,171.1544320686209,171.4016246915783,42963400
2014-12-26,171.74765014648438,172.0854795683514,171.5910944352418,171.6405304340055,57326700
2014-12-29,171.9783172607422,172.184308919729,171.50041510316478,171.56633394276852,79643900
2014-12-30,171.0555419921875,171.68998748442894,170.98137541221183,171.55816232914077,73540800
2014-12-31,169.35816955566406,171.54168962233103,169.23457953628642,171.37689873891466,130333800
2015-01-02,169.2675323486328,170.46229453969679,168.23757361339727,170.05031104560257,121465900
2015-01-05,166.21060180664062,168.39410903276186,165.90573808107496,168.2293181695571,169632600
2015-01-06,164.6450653076172,167.03456419149842,163.8540515837314,166.51546104230036,209151400
2015-01-07,166.69677734375,167.0346068627928,165.51851045850196,165.96344714809652,125346700
2015-01-08,169.65478515625,169.869024603716,168.0810178817393,168.09748816790014,147217800
2015-01-09,168.29527282714844,170.0832798473544,167.68553267358354,170.0667969857068,158567300
2015-01-12,166.97689819335938,168.5836438117954,166.37540583732635,168.42708807890264,144396100
2015-01-13,166.50726318359375,169.30874612804578,165.2136288785406,168.1881504357171,214553300
2015-01-14,165.50201416015625,165.69977076877643,163.61513523893473,164.5050085458786,192991100
2015-01-15,163.98593139648438,166.44958491333952,163.87057650846512,166.13648597313863,176613900
2015-01-16,166.1364288330078,166.2929845356332,163.59860959668953,163.77988329733623,211879600
2015-01-20,166.49078369140625,167.03460497355746,164.9334864363293,166.77092947697275,130991100
2015-01-21,167.33119201660156,167.8090943057838,165.56790343300892,166.0293228645679,122942700
2015-01-22,169.819580078125,169.95140522448418,166.71322140038436,168.0810094473482,174356000
2015-01-23,168.88848876953125,169.81957534719535,168.75665105410798,169.56413505878655,117516800
2015-01-26,169.2840118408203,169.37464871062735,167.96567222959058,168.67428432824417,92009700
2015-01-27,167.051025390625,168.18809096957068,166.22705863091088,167.24053422499344,134044600
2015-01-28,164.90870666503906,168.3281636862448,164.71919783080995,168.22929169842698,168514300
2015-01-29,166.43304443359375,166.68847210843228,163.70570399431702,165.10645749447005,173585400
2015-01-30,164.34019470214844,166.5813856624894,164.07653183355734,165.26304617405987,197729700
2015-02-02,166.37545776367188,166.46609465980643,163.03015289810205,164.83464310212662,163107000
2015-02-03,168.78135681152344,168.78960452609948,166.89447836574755,167.26526091233615,124212900
2015-02-04,168.1387176513672,169.22636021453454,167.68553325004746,168.0233627649167,134306700
2015-02-05,169.83604431152344,169.9843648834055,168.72369659972196,168.79785059929478,97953200
2015-02-06,169.36639404296875,170.75890007641658,168.8472908873023,170.19859606236224,125672000
2015-02-09,168.60836791992188,169.4405700473822,168.2046195716701,168.72372279474547,87219000
2015-02-10,170.40457153320312,170.65999922902105,168.64951822966802,169.63828844574928,96164200
2015-02-11,170.50343322753906,170.93189945711313,169.59707734785468,170.23977040584836,91087800
2015-02-12,172.1431427001953,172.20082641122664,170.53640995144835,171.2944579002742,97545900
2015-02-13,172.85182189941406,172.90125791511048,172.01137191435353,172.26681228335252,93670400
2015-02-17,173.1237030029297,173.29674160106663,172.29150087771853,172.53868091400219,76968200
2015-02-18,173.14015197753906,173.21430597391142,172.4892111487526,172.75288656616885,80652900
2015-02-19,173.01658630371094,173.37913379359748,172.40685877320954,172.54693165380414,91462500
2015-02-20,174.05477905273438,174.1289330590768,171.98661400910962,172.60458920743812,140896400
2015-02-23,174.0300750732422,174.0300750732422,173.42857011269794,173.80760046355132,74411100
2015-02-24,174.52444458007812,174.72220118209611,173.6592767337647,173.9559053504225,72472300
2015-02-25,174.3760986328125,174.8787188858132,174.03826922595033,174.4008166310965,73061700
2015-02-26,174.17013549804688,174.44204609650325,173.56863058052016,174.28549036653706,72697900
2015-02-27,173.57688903808594,174.33493715975217,173.52745303035053,174.07126168817862,108076000
2015-03-02,174.6727294921875,174.7304006313667,173.62628811764523,173.6757241148662,87491400
2015-03-03,173.9558868408203,174.72218259095698,173.09896680206552,174.24428028315134,110325800
2015-03-04,173.22254943847656,173.43678886860448,172.25850972111044,173.36262229593285,114497200
2015-03-05,173.4120635986328,173.6922093018008,172.90944333224982,173.5438887354121,76873000
2015-03-06,170.9730987548828,172.9835796145296,170.64351708758176,172.55511338885043,188128000
2015-03-09,171.6817169189453,172.03601659558407,171.01430584603222,171.17086154416938,89818900
2015-03-10,168.89674377441406,170.40460481846046,168.85554291190695,170.32221566618426,157121300
2015-03-11,168.50123596191406,169.32520288593318,168.41883424041714,169.15216429988467,110145700
2015-03-12,170.6435546875,170.70946097729438,169.07800999102813,169.12744599474263,93993500
2015-03-13,169.5970458984375,171.32736820573516,168.56708765383206,170.371576510018,162410900
2015-03-16,171.863037109375,171.9536739816204,169.6218458799786,170.32222285394192,136099200
2015-03-17,171.35218811035156,171.73120590124896,170.54469137319978,171.12971349315757,94510400
2015-03-18,173.4120635986328,174.07947471554192,170.2480214339462,170.88247940984445,228808500
2015-03-19,172.62107849121094,173.4203274499487,172.2338130133591,173.00010882563075,117917300
2015-03-20,174.14479064941406,174.64965461375428,173.38335875102342,173.56544166464516,177715100
2015-03-23,173.80540466308594,174.72409087860225,173.80540466308594,174.15301395694925,71784500
2015-03-24,172.8288116455078,174.13647945569306,172.7625985389774,173.68128487019177,77805300
2015-03-25,170.29623413085938,173.26748933946288,170.25486198310298,173.03574974503988,159521700
2015-03-26,169.8906707763672,170.8010725816422,168.93887157179836,169.6341028800728,153067200
2015-03-27,170.27969360351562,170.45349198825053,169.58446217799315,169.77482962832696,118939000
2015-03-30,172.35707092285156,172.65502362744044,171.2894144315767,171.30595823876573,96180400
2015-03-31,170.8507537841797,172.23293206776975,170.79282520034084,171.53770065967885,126768700
2015-04-01,170.2465362548828,170.84244153316453,169.26163690247668,170.81761319897427,137303600
2015-04-02,170.8590087890625,171.3059314616564,169.99825105308088,170.18033393458242,86900900
2015-04-06,172.0094757080078,172.5226116080673,169.84104967473803,169.97346328746013,114368200
2015-04-07,171.5542755126953,172.7791867260063,171.52117526535696,172.0343111867044,81236300
2015-04-08,172.13360595703125,172.57225680282082,171.3887304982197,171.7777246639366,89351900
2015-04-09,172.89505004882812,173.12678965808885,171.4797840514758,171.96809161178513,85548900
2015-04-10,173.83853149414062,173.87991626544922,172.94468610394253,173.1433128000492,72722900
2015-04-13,173.05224609375,174.3268261423891,173.00258942697187,173.69780801958015,74436600
2015-04-14,173.38333129882812,173.56541418362028,172.23290541520072,172.85363907821247,75099900
2015-04-15,174.16131591796875,174.66617982856766,173.76404988910943,173.846819433349,99529300
2015-04-16,174.11167907714844,174.61654304525962,173.63164344936558,173.8302828008532,68934900
2015-04-17,172.10870361328125,173.16808776218411,171.33071561636865,172.92807636874662,191113200
2015-04-20,173.6812744140625,174.0123272979256,172.94467101293785,173.02742791947463,92189500
2015-04-21,173.47434997558594,174.5171778462026,173.1763973512873,174.3599233182593,72559800
2015-04-22,174.32687377929688,174.5089566931445,172.89503880868946,173.81372528169865,78264600
2015-04-23,174.76548767089844,175.41104963662303,173.81368852635512,173.92955829895035,102585900
2015-04-24,175.1710662841797,175.43591875674608,174.72414352280015,175.1793508169855,61327400
2015-04-27,174.44268798828125,175.85795344263508,174.2523206024646,175.73381178132567,79358100
2015-04-28,174.9972381591797,175.04689483213167,173.25090693016813,174.4178892599751,86863500
2015-04-29,174.27725219726562,174.87314511030422,173.47443535967182,174.11171305762147,125684900
2015-04-30,172.53085327148438,174.09510155353598,171.8356219903494,173.7061074585782,161304900
2015-05-01,174.40139770507812,174.44278249088663,173.20958659542967,173.3088999782792,103399700
2015-05-04,174.89791870117188,175.4772675801301,174.71583582080524,174.8234210654885,70927200
2015-05-05,172.89505004882812,175.0138320359945,172.75435190240992,174.6579380889331,113326200
2015-05-06,172.1832733154297,173.7475219790328,171.1238886453102,173.44129734701963,135060200
2015-05-07,172.87017822265625,173.2922851845941,171.7528652366723,172.08391812981014,88244900
2015-05-08,175.1461639404297,175.34480321092508,174.45094543697928,174.53371495689962,155877300
2015-05-11,174.31031799316406,175.36970260739656,174.2358329723651,175.10486276826882,75708100
2015-05-12,173.78884887695312,174.3268255659375,172.6632514612277,173.48262434692913,119727600
2015-05-13,173.82199096679688,174.81516235263751,173.59025139772936,174.1944286578797,94667900
2015-05-14,175.63455200195312,175.72559345762346,174.5586109700841,174.83173533709504,95934000
2015-05-15,175.82485961914062,175.96555771670614,175.34482412981623,175.82485961914062,76510100
2015-05-18,176.37110900878906,176.61939234158868,175.5931208890644,175.65933398743005,74549700
2015-05-19,176.31320190429688,176.76013724747122,176.0318056534743,176.48701289972237,72114600
2015-05-20,176.18902587890625,176.93390113389245,175.87451681935968,176.4124808780878,76857500
2015-05-21,176.70220947265625,176.90912072496616,175.8828363671192,176.04837547205562,64764600
2015-05-22,176.28016662597656,176.73536141111353,176.21395349040688,176.32153878545134,57433500
2015-05-26,174.38475036621094,176.21385086306594,173.9709279815598,175.79174394825336,124308600
2015-05-27,176.04000854492188,176.27174802873571,174.43437595788697,174.83992636898853,93214000
2015-05-28,175.8413848876953,175.94897010273343,175.15443832448383,175.73378704380227,74974600
2015-05-29,174.7489013671875,175.81655747296756,174.4840616303224,175.77518534107256,124919600
2015-06-01,175.1048126220703,175.74209001155137,174.31853997593876,175.41103715023283,93338800
2015-06-02,174.93104553222656,175.61799238915683,174.02891552435898,174.64964926664845,91531000
2015-06-03,175.3944549560547,176.01518845149465,174.90614763723383,175.46066804436424,87820900
2015-06-04,173.9130401611328,175.3448624114101,173.59853103387678,174.6910284471704,151882800
2015-06-05,173.61508178710938,174.28547216475346,172.96123521540898,173.7640518137594,121704700
2015-06-08,172.54745483398438,173.65650891683882,172.4729698024915,173.50752622499044,89063300
2015-06-09,172.5226287841797,173.06060570835015,171.89362301732697,172.5226287841797,105034700
2015-06-10,174.5916748046875,174.97239698414873,173.22606588327378,173.28399445451433,134551300
2015-06-11,175.15452575683594,175.53523540720437,174.79863181876678,175.03037142217224,73876400
2015-06-12,173.813720703125,175.03035985503084,173.54059633954816,174.33514109075904,135382400
2015-06-15,173.06883239746094,173.35022864367772,171.97633502434712,172.67983826874854,124384200
2015-06-16,174.0123291015625,174.09509863781517,172.74603349581696,172.9198318415462,85308200
2015-06-17,174.29373168945312,174.8979215426942,173.27573202639746,174.29373168945312,126708600
2015-06-18,176.10626220703125,176.5697412814498,174.32683091156198,174.88962332225375,165867900
2015-06-19,175.3245086669922,175.9399495901097,174.95025936778484,175.86510226832593,130478700
2015-06-22,176.2227020263672,176.80486897140835,176.0147843538319,176.23933899345053,70696000
2015-06-23,176.3474884033203,176.68016437061112,175.95661476347576,176.43066056771565,68476800
2015-06-24,175.0667266845703,176.45561558246334,175.04177757247513,176.08136621074453,92307300
2015-06-25,174.53443908691406,175.69046102105045,174.45959175865744,175.5657154739561,97107400
2015-06-26,174.50115966796875,175.1332248579162,173.95225393732872,174.8920332382615,104174800
2015-06-29,170.84182739257812,174.50949894918622,170.76698006047354,173.02912582620755,202621300
2015-06-30,171.199462890625,172.4220201506252,170.7254043778412,172.37210923589186,182925100
2015-07-01,172.5717315673828,173.01251617977732,171.7899588011609,172.76301234306723,135979900
2015-07-02,172.4136505126953,173.21205996715375,171.99781516335582,173.0457283654755,104373700
2015-07-06,171.9229736328125,172.69642131727892,170.93328343762698,171.13288898053196,117975400
2015-07-07,173.0041961669922,173.12894173452543,169.75235967684756,172.12262698231274,173820200
2015-07-08,170.10159301757812,171.9562149700581,169.86872625629306,171.67345000139576,164020100
2015-07-09,170.40939331054688,172.446997538171,170.30128470329288,172.18916885245912,144113100
2015-07-10,172.55503845214844,172.97087381460608,170.45091253333575,172.39701898396842,129456900
2015-07-13,174.45957946777344,174.5676880375423,173.76929121180714,173.81087728800534,106069400
2015-07-14,175.2163848876953,175.52411168997082,174.359765043281,174.41798808624523,81709600
2015-07-15,175.158203125,175.71542108724967,174.68414463590213,175.2579995688983,97914100
2015-07-16,176.56370544433594,176.56370544433594,175.96490148001948,176.20608041745504,106683300
2015-07-17,176.71343994140625,176.77166299925895,176.1479097866224,176.555420430425,89030000
2015-07-20,176.80490112304688,177.29558387379078,176.48887483272011,176.93797150333708,70446800
2015-07-21,176.1062469482422,176.92960539858112,175.80684502905405,176.67177685654977,77965000
2015-07-22,175.79017639160156,176.12285218091966,175.3909781347036,175.42423936849355,88667900
2015-07-23,174.80056762695312,176.0231247529665,174.44295526411543,175.92332831501918,90509100
2015-07-24,172.9875030517578,174.95855852083054,172.65483985277334,174.90034817163766,117755000
2015-07-27,171.98123168945312,172.61330973883602,171.54044709727387,172.10598994723267,132361100
2015-07-28,174.09364318847656,174.23502569603966,171.98951716307448,172.8128631006647,123544800
2015-07-29,175.2912139892578,175.51575591178454,174.07696934287344,174.21835182048565,105791300
2015-07-30,175.3328399658203,175.4991715837956,174.16849325941527,174.78393420524174,91304400
2015-07-31,175.0667266845703,175.85681151159687,174.78396162063086,175.8318623995017,103266900
2015-08-03,174.4762420654297,175.09168313357893,173.52813769521094,175.03347276634796,113965700
2015-08-04,174.13525390625,174.85880351507456,173.65288327027008,174.40138199041337,81820800
2015-08-05,174.7090606689453,175.74032415984416,174.4262830014948,175.02508688859797,85786800
2015-08-06,173.2786102294922,175.00016212666623,172.69643053750892,174.8920408655341,116030800
2015-08-07,172.9458770751953,173.27022806096778,172.0476714168367,173.12053346305032,117858000
2015-08-10,175.12496948242188,175.20812896868384,174.05210678021535,174.05210678021535,80270700
2015-08-11,173.5447540283203,174.21009324362433,172.7879305122834,173.7942578203456,126081400
2015-08-12,173.75262451171875,173.93559306345136,170.79187913318984,172.24730271906228,172123700
2015-08-13,173.53640747070312,174.27659386972576,172.9958139134832,173.5946178194664,89383300
2015-08-14,174.16847229003906,174.2433196055732,173.20373125552976,173.34511374830117,72786500
2015-08-17,175.14154052734375,175.14154052734375,173.12058669236848,173.5780081437894,79072600
2015-08-18,174.6342010498047,175.21636797180136,174.40133428100603,174.86706781860337,71692700
2015-08-19,173.25367736816406,174.65919044323707,172.44695562934967,173.89405478493381,172946000
2015-08-20,169.63584899902344,173.22865930104066,169.57762596716128,171.74828668577297,194327900
2015-08-21,164.5294189453125,169.61092751768334,164.27160305430596,167.7729296552139,346588500
2015-08-24,157.6015625,164.23828965252497,151.69669677085173,155.92990933433373,507244300
2015-08-25,155.74696350097656,162.55002320967176,155.45587370236655,162.53338624367746,369833100
2015-08-26,161.7266845703125,162.00112472480538,156.6618005297859,159.74730430872077,339257000
2015-08-27,165.72702026367188,165.8517657897878,162.3504393270672,163.85576123020783,274143900
2015-08-28,165.7353515625,166.2010851675592,164.60427879723235,165.08664937112624,160414400
2015-08-31,164.39633178710938,165.61057648973326,163.84742612604842,164.76226889448333,163298800
2015-09-01,159.48948669433594,161.98449868486193,158.6245420977261,160.6122344759003,256000400
2015-09-02,162.5167694091797,162.5583554809262,160.03006952607157,161.8597424703319,160269300
2015-09-03,162.63320922851562,164.7123859952052,162.142526557246,163.22368832369426,152087800
2015-09-04,160.17147827148438,161.22770375359238,159.35644443086744,160.38772080389563,207081000
2015-09-08,164.19679260253906,164.3464999752582,162.31722078929786,162.9576109859179,116025700
2015-09-09,162.0011749267578,165.8934014794496,161.6352503772765,165.76865591602316,149347700
2015-09-10,162.88272094726562,164.02210581026137,161.55204267536854,161.80985857660508,158611100
2015-09-11,163.6229248046875,163.68945999438665,161.78492667383196,162.49185196038175,119691200
2015-09-14,163.01577758789062,163.84744832997723,162.5334070346458,163.7975501158982,79452000
2015-09-15,165.05337524414062,165.49415970669656,162.97419846216422,163.5147793493629,113806200
2015-09-16,166.48387145996094,166.67516490028117,165.0118231323593,165.35281124045304,99581600
2015-09-17,166.1095733642578,168.7376556321738,165.73532411433695,166.35076495640442,276046600
2015-09-18,163.39511108398438,166.09536955900396,162.98548197154713,163.61247780284123,223657500
2015-09-21,164.23944091796875,165.25934219794968,163.19444807397244,164.22271746071192,105726200
2015-09-22,162.10772705078125,162.56752666352745,160.97912916097386,162.08264823156475,153890900
2015-09-23,161.84854125976562,162.74304874679908,161.2717030103517,162.27489386503237,92790600
2015-09-24,161.26336669921875,161.7231663188543,159.30714223342335,160.63637069687923,159378800
2015-09-25,161.22152709960938,163.01890997892332,160.35208576954818,162.71795148101944,155054800
2015-09-28,157.17532348632812,160.4357097343446,156.86600959913372,160.3270263658649,178515900
2015-09-29,157.26727294921875,158.62159264192638,156.2724375057759,157.39267977135148,159045600
2015-09-30,160.20164489746094,160.36884126163397,158.37081473254347,159.14828356626737,163452000
2015-10-01,160.61962890625,160.9205874393847,158.6884836337457,160.57782662959664,131079000
2015-10-02,163.0189208984375,163.0439997119208,158.10326935549577,158.64667341224848,211003300
2015-10-05,165.9198455810547,166.1455676897734,164.13081768721608,164.23950106479637,126320800
2015-10-06,165.3513641357422,166.34619973759558,164.690934023228,165.78608489375063,110274500
2015-10-07,166.7056884765625,167.05680468250551,165.09221224373042,166.2793230608517,124307300
2015-10-08,168.21046447753906,168.49469955536287,166.02015014140514,166.32110868153157,153055200
2015-10-09,168.31076049804688,168.78727069095308,167.68376467414845,168.35256277089263,107069200
2015-10-12,168.46957397460938,168.67020444149125,167.95961694418358,168.38596944256818,56395600
2015-10-13,167.4079132080078,169.00466590360523,167.24071684469598,167.74230593463147,88038700
2015-10-14,166.60536193847656,167.9262349666992,166.31277147570756,167.34939663882656,99106200
2015-10-15,169.16348266601562,169.17183801829088,166.89793208564382,167.26577168596364,134142200
2015-10-16,169.93260192871094,169.94931263384134,168.80400427550015,169.56476231562704,114580100
2015-10-19,170.0161895751953,170.0161895751953,168.9795646068099,169.28887847560063,76523900
2015-10-20,169.798828125,170.40910048332756,169.3306732881316,169.5814741668147,78448500
2015-10-21,168.7455291748047,170.36734811869508,168.5783200358582,170.21687520116285,102038000
2015-10-22,171.5962371826172,171.80523582065535,168.74550545453735,169.69017062421008,174911700
2015-10-23,173.47720336914062,173.84504296738336,172.465657230236,173.25984940484398,144442300
2015-10-26,173.05081176757812,173.3601255616812,172.68297225228795,173.30161259675415,69033000
2015-10-27,172.71649169921875,173.05088444104308,172.0393253491865,172.38208620112897,77905800
2015-10-28,174.68101501464844,174.70609382437954,172.39039868413275,173.0508286008205,135906700
2015-10-29,174.58071899414062,174.9485585857048,174.0624065276253,174.1794452380082,90525500
2015-10-30,173.82833862304688,175.09069854277453,173.66951037566886,174.77301653548977,131076900
2015-11-02,175.88485717773438,176.07713231346827,174.02894863279155,174.15435544360557,86270800
2015-11-03,176.39483642578125,176.94659584766845,175.30804104346925,175.5337631262892,95246100
2015-11-04,175.85984802246094,176.81288148332607,175.32481191734837,176.68748737910707,96224500
2015-11-05,175.6842041015625,176.37808092919406,174.79805214895825,175.91828149446698,78408700
2015-11-06,175.59226989746094,175.82636008086558,174.27140988270324,175.34148176571142,110471500
2015-11-09,173.9536895751953,175.13244455972097,173.0090119662302,174.98195895756905,131008700
2015-11-10,174.35504150390625,174.38848843328879,173.20973291974082,173.47724457347127,75874600
2015-11-11,173.6695098876953,174.67270078187678,173.60262879391465,174.62254315060736,67846000
2015-11-12,171.2451171875,173.10102607244553,171.2284064813396,172.63287117466905,121315200
2015-11-13,169.32232666015625,171.10299909281403,169.23873486083247,170.83548747620802,153577100
2015-11-16,171.89720153808594,171.95572728172053,169.02137814053694,169.13842962780612,117645200
2015-11-17,171.77182006835938,173.0843250227058,171.2785862912092,172.20654085384277,121123700
2015-11-18,174.49710083007812,174.63921834186164,172.20648442617005,172.2482739395533,121342500
2015-11-19,174.34671020507812,174.76470758617097,174.05410693580606,174.38014438280777,88220500
2015-11-20,174.9820098876953,175.65916340382003,174.60581490721088,175.09904860954077,94011500
2015-11-23,174.78138732910156,175.5421326776157,174.32158777367135,175.04054359954463,64931200
2015-11-24,175.01547241210938,175.41674624331006,173.39364086749754,173.7781912351542,98874400
2015-11-25,174.99038696289062,175.34150314641727,174.73121793470858,175.14085986028863,51980100
2015-11-27,175.1909637451172,175.39160696968958,174.60577028544031,175.08228040394124,37317800
2015-11-30,174.4636993408203,175.46689021886348,174.35501597064206,175.34985149569619,112822700
2015-12-01,176.12738037109375,176.2444318904605,174.8148751532249,175.090754971157,97858400
2015-12-02,174.32994079589844,176.39484833482143,174.0791398820842,176.07716632690577,108441300
2015-12-03,171.88882446289062,174.84823929073755,171.16986870435804,174.5807276920756,166224200
2015-12-04,175.2411346435547,175.53373777369958,171.88880183341652,171.88880183341652,192913900
2015-12-07,174.17950439453125,175.33316842976328,173.218102816193,174.9151710712511,102027100
2015-12-08,173.00906372070312,174.1292933183175,172.03095166103108,172.62451338421533,103372400
2015-12-09,171.66307067871094,174.45528864716988,170.69331420560488,172.37367095351095,162401500
2015-12-10,172.10617065429688,173.41031993494747,171.49589828707198,171.72997570891886,116128900
2015-12-11,168.77056884765625,170.65991177061034,168.46124221736738,169.99948174751887,211173300
2015-12-14,169.62327575683594,169.74868258323525,167.1570945794782,168.92941156039979,182385200
2015-12-15,171.40394592285156,172.30682148520253,169.5981947981496,171.12806621577792,154069600
2015-12-16,173.91188049316406,174.2128389294103,171.21162267334282,172.52412699512524,197017000
2015-12-17,171.26182556152344,174.28812142428936,171.24510210057215,174.2212403367473,173092500
2015-12-18,168.2108154296875,170.65802826719286,168.05102908372263,170.5234828257022,251393500
2015-12-21,169.598388671875,169.77499798712034,168.2696547646083,169.37974112973552,99094300
2015-12-22,171.1373291015625,171.43167362109523,169.4974407994575,170.4813737807205,111026200
2015-12-23,173.256591796875,173.29864285088595,172.04559330156735,172.13810048751947,110987200
2015-12-24,172.97068786621094,173.51732601630175,172.75204030548423,173.0043338492044,48539600
2015-12-28,172.575439453125,172.61747768253213,171.5074040832276,172.28109485418102,65899900
2015-12-29,174.4171600341797,174.745137796761,173.63506415117155,173.66869730253606,92640700
2015-12-30,173.1809539794922,174.25740743506952,173.03799061271798,174.17330529829204,63317700
2015-12-31,171.44847106933594,173.1472332823231,171.44847106933594,172.50810099538103,114877900
2016-01-04,169.05174255371094,169.06014763161696,167.0081793907052,168.60602961327126,222353500
2016-01-05,169.33775329589844,169.79187153979706,168.23608443056781,169.37138645640758,110845800
2016-01-06,167.2016143798828,168.24440867303812,166.17563024281182,166.79793965461604,152112600
2016-01-07,163.19020080566406,166.04108806372946,162.80334903123807,164.2666411794823,213436100
2016-01-08,161.3989715576172,164.70399054940853,161.11304481839016,164.1489472328963,209817200
2016-01-11,161.55874633789062,162.6520098984036,159.63293069448645,162.31561420091603,187941300
2016-01-12,162.86221313476562,163.6106757369849,160.74296566414114,162.99677138132162,172330500
2016-01-13,158.80030822753906,163.87135443565572,158.42187443317707,163.52655378276137,221168900
2016-01-14,161.4073486328125,162.5258401527385,157.8164163570412,159.40584897331868,240795600
2016-01-15,157.9425048828125,158.74142346854745,156.01669006742281,157.06790210975257,324846400
2016-01-19,158.15277099609375,159.87676157035148,156.58856672936832,159.75062123923658,195244400
2016-01-20,156.12600708007812,157.68180603246978,152.23232640899755,155.6046100144278,286547800
2016-01-21,157.00071716308594,158.8340259050222,155.27672581323577,156.5970550897379,195772900
2016-01-22,160.22161865234375,160.42344325317322,158.8424282738754,159.59929619135528,168319600
2016-01-25,157.7996063232422,159.91043635063804,157.6061868211118,159.71701684850765,130371700
2016-01-26,159.9524688720703,160.22999047278762,158.11916069010894,158.45554350978819,141036800
2016-01-27,158.21165466308594,161.0961749556126,157.3118108057931,159.43105832270268,185681700
2016-01-28,159.0358428955078,159.952497148535,157.39595390335268,159.75067255392162,143798800
2016-01-29,162.91268920898438,163.0472474720097,159.68336788946976,159.80110316157138,210529300
2016-02-01,162.85379028320312,163.63589883942228,161.33163705774058,161.91190825024958,136061600
2016-02-02,159.91880798339844,161.44096115151413,159.3973980215029,161.43255607374383,182564900
2016-02-03,160.87757873535156,161.2812407804008,157.3455069687544,160.97008595736128,205054900
2016-02-04,161.12985229492188,162.0969626330107,159.75066204961968,160.38138953068196,139531800
2016-02-05,158.06028747558594,161.18869647745353,157.42956006121233,160.61684311453553,180788300
2016-02-08,155.93263244628906,156.5213087914604,153.7292954834269,156.22697703496567,191526700
2016-02-09,155.9410400390625,157.21091278145332,154.06568078343693,154.20023904512558,184513100
2016-02-10,155.8065185546875,158.38828983268502,155.68036535289824,156.7652238602392,148214100
2016-02-11,153.77975463867188,154.82256192212859,152.29123433997384,153.34244670274717,219058900
2016-02-12,156.95016479492188,156.9669749482081,154.70477744211524,155.54574706483734,127632400
2016-02-16,159.59925842285156,159.62448649198512,157.79117836331056,158.749883486931,120250700
2016-02-17,162.20626831054688,162.576297096638,160.6336459696596,160.75979914610784,136009500
2016-02-18,161.54183959960938,162.53419035252062,161.23068496890073,162.47531632391244,102343000
2016-02-19,161.46624755859375,161.6176160062314,160.16274143113696,160.76824088605645,114793000
2016-02-22,163.8040771484375,163.94704045758385,162.97151252580716,163.0387916416724,103640300
2016-02-23,161.73532104492188,163.41726067559446,161.61757295188102,163.14814417523996,111455300
2016-02-24,162.47535705566406,162.75287861972492,159.21240307277986,160.31407141872498,150812200
2016-02-25,164.4431915283203,164.45160943699548,162.16417107629738,162.92103859074663,110728300
2016-02-26,164.06478881835938,165.40192766860665,163.9050025094279,165.30943331309925,129833700
2016-02-29,162.77813720703125,165.02352537488105,162.58471771660658,164.08164316183976,125918100
2016-03-01,166.60455322265625,166.6886553484673,163.52660020140348,163.99754130870676,141799700
2016-03-02,167.35302734375,167.40348348979975,165.88132986710897,166.29340978015458,102415000
2016-03-03,168.00894165039062,168.02576463900402,166.6045236574135,167.1763769484641,95172200
2016-03-04,168.5555877685547,169.3292913545124,167.3782350632835,168.20238195697334,129293600
2016-03-07,168.6901092529297,169.09378394860045,167.56321293325217,167.63889712662322,100219000
2016-03-08,166.848388671875,168.12666624967974,166.6886152028066,167.62209211288447,123974900
2016-03-09,167.672607421875,168.017395379112,166.873675633659,167.6557844283904,94801200
2016-03-10,167.80711364746094,169.0938092884853,165.99062857344666,168.16033226714995,156838700
2016-03-11,170.51499938964844,170.5570504380355,167.79026597179322,169.2535449311071,137964500
2016-03-14,170.2964324951172,170.75055066894302,169.6825279611094,170.01050576225705,73612000
2016-03-15,170.0189208984375,170.321670642955,169.07703850757648,169.33773718131943,93169100
2016-03-16,171.00279235839844,171.40646709284871,169.49746209507504,169.53951315060283,129303200
2016-03-17,172.08767700195312,172.5922512492663,170.5234724541356,170.91872933889795,134278500
2016-03-18,172.76394653320312,173.10206436515764,172.27366664801107,172.58642628748746,138372400
2016-03-21,173.00906372070312,173.23730032986407,172.27365041141124,172.50188702057216,72926700
2016-03-22,172.91607666015625,173.48243106046039,172.07923060372747,172.23982817229395,97471900
2016-03-23,171.7748565673828,172.7215963649064,171.60578483351443,172.53562777634107,81052500
2016-03-24,171.69882202148438,171.73264153802145,170.53230666828148,170.75208193230722,84360900
2016-03-28,171.8002471923828,172.32433355093423,171.35223538942148,172.1130067420519,62408200
2016-03-29,173.3894500732422,173.49934416291794,171.09021290922598,171.3945240897095,92922900
2016-03-30,174.1502227783203,174.86872628234366,173.78673391292438,174.38690780298288,86365300
2016-03-31,173.7275390625,174.47986195329642,173.56692863103262,174.05720835400936,94584100
2016-04-01,174.91094970703125,175.0969183074102,172.42574468229753,172.7385170911329,114423500
2016-04-04,174.3446044921875,175.03776256550444,174.0402933938666,174.83488420050253,63497000
2016-04-05,172.603271484375,174.3530506026861,172.34967675608485,173.00901531062104,99662200
2016-04-06,174.48829650878906,174.54747419919903,172.42574504451764,172.60326521738432,91839800
2016-04-07,172.4004364013672,173.7613817898661,171.6734715435659,173.40635424047946,113859000
2016-04-08,172.86529541015625,174.0064651113286,172.33274782982753,173.5753502516864,95040600
2016-04-11,172.4595947265625,174.19247722872257,172.36661040990907,173.49931906851236,83757500
2016-04-12,174.065673828125,174.3446267787749,172.18909063165515,172.62865402950032,115350600
2016-04-13,175.8239288330078,175.9084647273703,174.84336921121576,174.97862148284912,96336400
2016-04-14,175.83238220214844,176.33112335551004,175.48581598160706,175.8831114792108,65212900
2016-04-15,175.63795471191406,175.96762405227008,175.31673380138446,175.83237178485066,75761600
2016-04-18,176.8721160888672,176.90592270787863,174.97862296506034,175.63796167189994,82531000
2016-04-19,177.43003845214844,177.68363328090962,176.6185504781552,177.29479905539543,88316100
2016-04-20,177.5990447998047,178.29218998463625,176.99887102293133,177.47224098298489,81100300
2016-04-21,176.64389038085938,177.72588283306285,176.3733858186248,177.61598874235912,85695000
2016-04-22,176.64389038085938,176.91438204472652,175.74786659060032,176.28886281670205,99251700
2016-04-25,176.33958435058594,176.38185230196618,175.4350992048462,176.04372158929198,66166500
2016-04-26,176.60157775878906,177.1087672355,176.1282077929864,176.7030104947856,75864200
2016-04-27,176.96511840820312,177.3539526090219,175.8662161522768,176.2212437306466,77329400
2016-04-28,175.35899353027344,177.31165129306655,174.9448012159631,176.21276214228232,97216200
2016-04-29,174.41229248046875,175.08854103865323,173.31339018571504,174.74196187905804,142424100
2016-05-02,175.79855346679688,175.97606076990039,174.47987619313815,174.91097825618343,62188000
2016-05-03,174.26852416992188,174.80952022697704,173.52464975458471,174.57283525816314,106422100
2016-05-04,173.29641723632812,174.00648505761527,172.7976891046341,173.27952037985165,92243800
2016-05-05,173.2626495361328,174.11640532102402,172.839995858755,173.76137777983067,67619200
2016-05-06,173.8966064453125,173.93887438698562,172.3412442193143,172.49339333129973,89315000
2016-05-09,174.040283203125,174.47138519285198,173.59227145938036,173.76979163065798,74374900
2016-05-10,176.20428466796875,176.22119442364584,174.6742806874843,174.74190681182824,77472200
2016-05-11,174.5559539794922,176.28037516192643,174.5559539794922,175.747840344403,81727000
2016-05-12,174.60667419433594,175.39281669215237,173.6007564414654,175.2237449131014,89586300
2016-05-13,173.08511352539062,174.86026396777297,172.76390553077735,174.31081939665557,96474600
2016-05-16,174.7926483154297,175.26601835554294,173.1950179808643,173.25419568506157,77486800
2016-05-17,173.16123962402344,174.8095866035693,172.63714022404778,174.5221851606471,114924900
2016-05-18,173.21188354492188,174.3868599155451,172.12989147262263,172.81458817011605,120062100
2016-05-19,172.61170959472656,172.89911091703962,171.4113750441577,172.4933671150469,115430500
2016-05-20,173.70216369628906,174.21780155234842,173.16961608638888,173.22033244954835,104990400
2016-05-23,173.4654998779297,173.9980346543722,173.27953125810387,173.71908172463347,58682600
2016-05-24,175.71401977539062,176.02679223918366,174.25164179578482,174.2769999822592,93537800
2016-05-25,176.90589904785156,177.32010424095265,175.7140127378307,176.39026111291548,76621400
2016-05-26,176.9566192626953,177.26939172075558,176.64385970300023,177.04115514830409,55280700
2016-05-27,177.71739196777344,177.7258403964382,177.06650180638476,177.11721817510207,64211200
2016-05-31,177.37930297851562,178.09781943295886,176.82139699495033,177.98792534270186,109879400
2016-06-01,177.74281311035156,177.92032046373686,176.5762846232009,176.7707017382697,69936200
2016-06-02,178.28372192382812,178.30061877885223,176.8720606275601,177.3454305354868,63044700
2016-06-03,177.7512664794922,178.09784566260157,176.5509313340012,177.72590828544705,101757100
2016-06-06,178.65567016601562,179.010697618935,177.94560236181349,178.10621278302153,64887000
2016-06-07,178.93466186523438,179.49256783743573,178.78251272647063,178.8078709162646,60974800
2016-06-08,179.5179443359375,179.64474819620693,178.94314144416182,179.0699324060628,66170900
2016-06-09,179.2727813720703,179.39112388317923,178.52045835894236,178.79094999932,73786900
2016-06-10,177.57373046875,178.24151763480347,177.03272135409668,177.90339983651236,113829200
2016-06-13,176.20428466796875,177.8272729571306,176.11976168631207,176.97351732172135,117751200
2016-06-14,175.8577423095703,176.44946779644985,174.9110021679503,175.8239356895269,125059300
2016-06-15,175.6125946044922,176.97353989690447,175.42662596341478,175.85772805044004,109124500
2016-06-16,176.13668823242188,176.3057600209619,173.78673483342055,175.61260180337405,149533100
2016-06-17,175.480712890625,176.05850485768823,174.82643777990978,176.033014798285,117055700
2016-06-20,176.61077880859375,178.10625146398706,176.52580331997765,177.434991779501,82789600
2016-06-21,177.1121368408203,177.5199907459401,176.55132961787942,176.9931789116003,72461700
2016-06-22,176.82322692871094,178.0128061271552,176.67876598670478,177.29055327888778,95560500
2016-06-23,179.12594604492188,179.17692616715493,177.81740870098164,178.2762427665224,102731400
2016-06-24,172.6937255859375,179.1599690497868,172.25187618274555,173.02510939697018,333444400
2016-06-27,169.6007537841797,171.30016008275686,168.79352542000262,171.29165475338166,230775800
2016-06-28,172.6597442626953,172.68523432981826,170.89235947131013,171.19825324223152,159382400
2016-06-29,175.5996856689453,175.8290962229699,173.95125920581162,174.0532194520448,137328600
2016-06-30,177.99583435058594,178.04681447145046,175.51470240011741,176.0670172955163,165021900
2016-07-01,178.36965942382812,178.8539963768428,177.83434236322023,177.99578801422513,106055300
2016-07-05,177.08663940429688,177.6559389679489,176.49184978297694,177.54547340776043,109803700
2016-07-06,178.14878845214844,178.2677463898298,175.93955479184584,176.59382993181467,96021500
2016-07-07,178.0382537841797,178.98991691629715,177.27352633379073,178.32714966850995,85593800
2016-07-08,180.6893768310547,180.9357980149797,179.10043602644689,179.32985951637392,133971000
2016-07-11,181.32666015625,181.89597271757017,180.94429630414587,181.14822974247437,73633900
2016-07-12,182.6437225341797,182.9411238766471,181.35216988225307,182.28684870248486,101275600
2016-07-13,182.6182098388672,183.06855149677048,182.1338857578233,183.06005913234583,87324100
2016-07-14,183.63790893554688,184.10524843496805,183.24705260180986,183.87582486880748,91230900
2016-07-15,183.39146423339844,184.394107900916,182.94961488842702,184.19867977283846,107155400
2016-07-18,183.88427734375,184.04572303036477,183.25549229205092,183.51040585168255,58725900
2016-07-19,183.69737243652344,183.73135486630622,183.2215406268984,183.4679488977955,54345700
2016-07-20,184.4620819091797,184.6999977903,183.6973541434992,183.6973541434992,58159500
2016-07-21,183.76535034179688,184.5725659452951,183.3235009617616,184.35164773799968,67777300
2016-07-22,184.58958435058594,184.6405644837236,183.62092292463257,183.88432892280778,62787500
2016-07-25,184.08822631835938,184.43660780494187,183.51043426149064,184.3856276782116,55873100
2016-07-26,184.1731719970703,184.5300457917998,183.3319611459951,183.98623625238693,70080500
2016-07-27,183.97779846191406,184.61507606270703,183.21305756169494,184.5470982294356,84083900
2016-07-28,184.19015502929688,184.479050987922,183.32345418798036,183.78228818312374,65035700
2016-07-29,184.48760986328125,184.84448375826202,183.64641174134294,183.92681543713763,79519400
2016-08-01,184.33460998535156,184.9378919826407,183.88426833708508,184.5470357803996,73311400
2016-08-02,183.15354919433594,184.24116838280028,182.32084358935867,184.08821504653068,92295500
2016-08-03,183.6888427734375,183.74832822448334,182.79666473129126,183.09405309019246,53993600
2016-08-04,183.88427734375,184.19866338687842,182.04891527293285,183.79930183539204,46585500
2016-08-05,185.3882293701172,185.43071712123862,183.8842641108608,183.8842641108608,71892200
2016-08-08,185.27780151367188,185.67716308974096,185.01439557316738,185.57518988034602,39906500
2016-08-09,185.3882293701172,185.88105875915488,185.0653509855652,185.34575458443706,51251700
2016-08-10,184.92942810058594,185.5751979494322,184.58104663134466,185.49872776314322,57941100
2016-08-11,185.78762817382812,186.0340494005156,185.19283843509893,185.45624439329015,72504300
2016-08-12,185.6261749267578,185.8386007360844,185.22681336798837,185.48171396682633,61313500
2016-08-15,186.1614990234375,186.5098804996308,185.98306858520257,185.99156095092297,49813500
2016-08-16,185.20130920410156,185.81308356016547,185.20130920410156,185.74511871594618,53213600
2016-08-17,185.54965209960938,185.68560770020883,184.40256075383064,185.23526611798286,75134300
2016-08-18,185.96609497070312,186.00007740342917,185.41379292214748,185.52424555259128,52989300
2016-08-19,185.69412231445312,185.87256568230228,185.01437016088227,185.49869421857355,75443000
2016-08-22,185.68565368652344,185.91507719867337,185.0908639933967,185.45623017437353,61368800
2016-08-23,186.0595245361328,186.5948417407639,186.00003908431032,186.2974404125371,53399200
2016-08-24,185.1078338623047,186.00851711441985,184.69147465698464,185.9150492505905,71728900
2016-08-25,184.98036193847656,185.39672112427334,184.57250808154606,184.72544841585486,69224800
2016-08-26,184.63197326660156,186.18693143121524,183.74828778390255,185.1672903464272,122506300
2016-08-29,185.54122924804688,185.8046352194913,184.72550830428693,184.75950369989272,70502200
2016-08-30,185.2353057861328,185.73662758458175,184.6830038679016,185.45622396033679,58114500
2016-08-31,184.70848083496094,185.0228668616284,183.93524783189295,184.90390893542113,85269500
2016-09-01,184.71701049804688,185.00590652496516,183.56141342492953,184.70001280074456,97844200
2016-09-02,185.54965209960938,185.97450362740292,184.9803526082188,185.56664979104423,79293900
2016-09-06,186.11050415039062,186.18697433214592,185.11635289124345,185.83010051851176,56702100
2016-09-07,186.09347534179688,186.27191870150133,185.4901933882222,185.94902736748406,76554900
2016-09-08,185.66864013671875,186.03401925193893,185.36274646845328,185.7621080066177,74102900
2016-09-09,181.2246856689453,184.41107246165055,181.19919561183895,184.36009234743784,221589100
2016-09-12,183.82479858398438,184.22416015000306,180.40049551271633,180.4684733287879,168110900
2016-09-13,181.18226623535156,182.81369533251168,180.5619863361452,182.55028933279854,182828800
2016-09-14,181.11424255371094,182.43128518431683,180.56194062738072,181.23320049009482,134185500
2016-09-15,182.92410278320312,183.3064666278665,180.77435473707862,180.95279811282384,134427900
2016-09-16,182.2169647216797,182.4902494601258,181.53377893743152,182.31090472165383,155236400
2016-09-19,182.25115966796875,183.50653393622775,181.9266372492272,182.86603739246033,80250500
2016-09-20,182.25967407226562,183.25884700248145,182.2255199941184,183.1051341044178,69665300
2016-09-21,184.30929565429688,184.48862739308572,182.2767824084513,182.9599813426876,110284400
2016-09-22,185.470703125,185.76960670869244,185.0693373005467,185.31699021745638,76678700
2016-09-23,184.4544677734375,185.21452314433975,184.36052775991317,185.077880755407,73630900
2016-09-26,182.95999145507812,183.80543861796872,182.7635631176334,183.62610686926803,89827300
2016-09-27,184.09580993652344,184.18973692863324,182.43050834334028,182.7977331719538,78494800
2016-09-28,185.00961303710938,185.16333902682638,183.36140772360898,184.31787866073088,87411000
2016-09-29,183.33575439453125,185.20600669292523,182.78919777576687,184.8046277507613,128070600
2016-09-30,184.71920776367188,185.41947721610654,183.9164500021247,184.16410293469733,117202900
2016-10-03,184.27511596679688,184.49715006712572,183.6431547153356,184.30928307819204,83512100
2016-10-04,183.33575439453125,184.60821242723569,182.74650842395437,184.3861782802475,119948100
2016-10-05,184.14700317382812,184.5740008063559,183.89080198812474,183.9591231730412,72816000
2016-10-06,184.27511596679688,184.49715006712572,183.3869665345465,183.92497474513854,62927400
2016-10-07,183.6431884765625,184.71923115743763,182.9173001126535,184.54843466186713,89788300
2016-10-10,184.59962463378906,185.06077635582875,184.45444699850003,184.59962463378906,51855000
2016-10-11,182.2682647705078,184.24100544553374,181.54237636842893,184.1726842375255,130367400
2016-10-12,182.50733947753906,183.0282771265842,181.90953234875016,182.40485118152537,73866100
2016-10-13,181.90951538085938,182.40483416743294,180.37233442431088,181.1836272693632,101357000
2016-10-14,182.00350952148438,183.34428865778796,181.9266530569787,182.88312380888053,93346200
2016-10-17,181.37155151367188,182.234082196945,181.19220674181636,181.9778809646954,58275700
2016-10-18,182.50733947753906,183.01972883387154,182.13157946433486,182.95995593955305,76869700
2016-10-19,182.99411010742188,183.30154893374586,182.41339956377323,182.77207602266222,66519200
2016-10-20,182.652587890625,183.20767983281488,181.99500761270752,182.64403959459992,73639800
2016-10-21,182.7379150390625,182.8233197834896,181.69603970553706,182.65252332556983,89089100
2016-10-24,183.5150604248047,183.8822852017601,183.1649192035282,183.60900043463656,60146600
2016-10-25,182.90016174316406,183.59189581303832,182.73790056016966,183.33569463099104,66542300
2016-10-26,182.53306579589844,183.11377668126931,181.84131825640665,182.08044906731772,75705500
2016-10-27,182.046142578125,183.28443292594562,181.96928614288612,183.2502788539278,77220200
2016-10-28,181.50816345214844,182.69521645103998,180.79935878864651,182.02056586745567,140623200
2016-10-31,181.51673889160156,182.06329546856531,181.35447766812322,181.84124830762158,61272500
2016-11-01,180.20156860351562,181.8924889147664,178.99744496669493,181.8412382436597,122781800
2016-11-02,179.1170196533203,180.27845404672607,178.68147361145748,179.89414564956775,103330800
2016-11-03,178.2971954345703,179.5440347099807,178.0239236261547,179.3305358158373,88939300
2016-11-04,178.10076904296875,179.2451199171035,177.95559136767739,178.408207952685,109122100
2016-11-07,182.0290985107422,182.06326562110294,178.10072783000038,178.10072783000038,109794900
2016-11-08,182.84898376464844,183.41262394284482,181.3715751438649,181.63631167367112,106772100
2016-11-09,184.7875518798828,185.40242968708276,181.33740273604562,181.3630215587675,258429000
2016-11-10,185.24868774414062,186.43574087465458,183.7968981143729,185.57321017854778,172113300
2016-11-11,184.82167053222656,185.06078818574503,183.882283473671,184.53131524308765,100552700
2016-11-14,184.96688842773438,185.54761216331917,184.2239164876894,185.34264854530025,94580000
2016-11-15,186.4101104736328,186.4101104736328,185.1462009601001,185.35115151146815,91652600
2016-11-16,186.05996704101562,186.29054943951428,185.67567173080798,185.7952305613378,65617700
2016-11-17,187.01644897460938,187.07622187385005,186.10266768262042,186.21369124955535,69797200
2016-11-18,186.5979766845703,187.25555672704027,186.418631934466,187.0847602699003,86265800
2016-11-21,188.00709533691406,188.03271415824327,187.0250057701305,187.17018343464147,72402600
2016-11-22,188.37435913085938,188.55369091726308,187.6484576271967,188.31457318143194,67429000
2016-11-23,188.476806640625,188.52804428632663,187.66551351149542,187.86192883033078,56620200
2016-11-25,189.17706298828125,189.21121707036835,188.74151699832356,188.81838648715674,37872300
2016-11-28,188.2889404296875,189.1429360033375,188.18646513074978,188.86966419585744,76572500
2016-11-29,188.65615844726562,189.10877504237837,188.02419705459036,188.32310070688195,69886700
2016-11-30,188.20352172851562,189.4332772633448,188.14373579207478,189.27101604264698,113291800
2016-12-01,187.51181030273438,188.50243524321448,187.153120702339,188.50243524321448,79040500
2016-12-02,187.6056671142578,188.09245065343015,187.2469906789939,187.59713185303718,74840300
2016-12-05,188.73297119140625,189.07456411693533,188.23765232773474,188.4340676083672,67837800
2016-12-06,189.330810546875,189.36497766614937,188.44266090981026,188.92089633214803,59877400
2016-12-07,191.80734252929688,191.86711542201004,189.05747672208267,189.1770355384427,110738100
2016-12-08,192.27708435058594,192.74678448846174,191.5170288660005,191.7817784207577,99714400
2016-12-09,193.43846130371094,193.4555448575416,192.46490723029848,192.49907433795983,88005800
2016-12-12,193.21649169921875,193.822834268661,192.79802919180437,193.3445858183569,102016100
2016-12-13,194.50599670410156,195.00131562296514,193.85696486090256,193.87404841836303,110477500
2016-12-14,192.90045166015625,194.90733268346847,192.46490574191,194.2070633530282,142501800
2016-12-15,193.69471740722656,194.54871290783137,192.9090431103826,193.13962554420834,124972600
2016-12-16,193.31590270996094,194.20930031343497,192.9980661377458,194.149161984776,156420200
2016-12-19,193.73678588867188,194.15771476654723,193.3502255069753,193.4962588463833,90341100
2016-12-20,194.484130859375,194.63017730203725,194.03744528469852,194.26937364194734,89838800
2016-12-21,193.94296264648438,194.52709601948894,193.94296264648438,194.3552928572959,67909000
2016-12-22,193.60794067382812,193.91719160692546,193.2127816063045,193.79692808337322,56219100
2016-12-23,193.89138793945312,193.89997350830055,193.46187355778628,193.65084782660008,36697800
2016-12-27,194.37249755859375,194.7676435624427,194.14055605596963,194.15774030631945,42672500
2016-12-28,192.76608276367188,194.64735817969307,192.65441791828655,194.63018703901284,64095000
2016-12-29,192.72311401367188,193.1869837922266,192.28500094242335,192.8347788429552,48696100
2016-12-30,192.01881408691406,193.13555477349357,191.3315880407308,193.04964660231568,108998300
2017-01-03,193.48764038085938,193.99446419753377,192.31936075647693,193.31582414465785,91366500
2017-01-04,194.6387939453125,194.78482730354813,193.80553476004727,193.81412033132852,78744400
2017-01-05,194.484130859375,194.63876287194785,193.69382587217012,194.37246601957602,78379000
2017-01-06,195.17994689941406,195.6438167017955,194.05460811776294,194.59580047699106,71559900
2017-01-09,194.53573608398438,195.05974436018457,194.5013675795894,194.92229655809248,46939700
2017-01-10,194.53573608398438,195.38616650547345,194.14916250213238,194.552907228438,63771900
2017-01-11,195.08547973632812,195.08547973632812,193.78833763321774,194.44979359470986,74650000
2017-01-12,194.5958251953125,194.78481261118412,193.24715657231022,194.57005537567014,72113200
2017-01-13,195.0425567626953,195.34320907840325,194.7333057671642,194.76766116322605,62717900
2017-01-17,194.3552703857422,194.8105546113968,193.96871003856708,194.4068100176669,61240800
2017-01-18,194.78480529785156,194.8277593648899,194.05462548142256,194.6044034593869,54793300
2017-01-19,194.06320190429688,194.99954016274512,193.63368749865208,194.86209240708132,66608800
2017-01-20,194.7761993408203,195.26583895213346,194.11474347933733,194.74183084769052,129168600
2017-01-23,194.26937866210938,194.83634087662702,193.51344215049315,194.77621567021853,75061600
2017-01-24,195.5149383544922,195.92726846241644,194.37242860477033,194.4840934230749,95555300
2017-01-25,197.20729064941406,197.20729064941406,196.29670891355826,196.45992651817147,84437700
2017-01-26,197.00111389160156,197.32754909240646,196.72621833139917,197.06123910305723,59970700
2017-01-27,196.6918182373047,197.22441187947493,196.5114164284548,197.07837856171017,59711100
2017-01-30,195.47206115722656,196.03042479151102,194.4927685735131,196.00465496886667,79737300
2017-01-31,195.45484924316406,195.514987559318,194.41543158963867,194.98238071531566,75880800
2017-02-01,195.53216552734375,196.3654246579865,194.9480321326928,195.45485606765317,79117700
2017-02-02,195.6610565185547,195.94453768686506,194.84498151703642,195.5321942923717,69657600
2017-02-03,197.0096893310547,197.1900911716279,196.25375279485633,196.56300373030965,80563200
2017-02-06,196.65750122070312,197.00112068280168,196.32248043749593,196.6059615783239,57790100
2017-02-07,196.6660919189453,197.2845938178819,196.47710449939572,197.04406675804452,57931200
2017-02-08,196.92379760742188,197.0526467044636,196.12489388253917,196.66608630559708,51566200
2017-02-09,198.09207153320312,198.3927237865184,196.92379169339242,196.92379169339242,65955200
2017-02-10,198.873779296875,199.09713520362143,198.10924408720365,198.43567926922321,66015900
2017-02-13,199.95614624023438,200.21385751311638,199.33764442841354,199.36341424492775,55182100
2017-02-14,200.75503540039062,200.76363407766334,199.43213676662458,199.7757430563005,71109000
2017-02-15,201.8031005859375,201.99208802343378,200.48878720282244,200.54032684800453,86785800
2017-02-16,201.63128662109375,202.00926147588143,200.88393559041765,201.82885961964467,84722400
2017-02-17,201.9490966796875,201.9490966796875,200.95262003092606,200.96980427872967,77204100
2017-02-21,203.1517791748047,203.3235823585384,202.30992129134683,202.31851997056626,88946100
2017-02-22,202.97137451171875,203.19471733671713,202.58481407671505,202.74803168672034,62115200
2017-02-23,203.10879516601562,203.50394111958892,202.35284553971434,203.48676997916627,74615900
2017-02-24,203.3665008544922,203.4094418121065,202.22399087630657,202.2669449416613,82381600
2017-02-27,203.68438720703125,203.85619040276794,203.03152982013438,203.28064248779106,56515400
2017-02-28,203.1345672607422,203.54689746709954,202.74800687304838,203.30637042107935,96961900
2017-03-01,205.97793579101562,206.44181870851824,204.76670197144094,204.7838862185403,149158200
2017-03-02,204.68081665039062,205.7975568254465,204.6292770143903,205.78895814761938,70246000
2017-03-03,204.80967712402344,204.9728947189234,204.21694506159358,204.5949198902585,81974300
2017-03-06,204.1997833251953,204.55197524290716,203.59845255676524,204.0193814731179,55391500
2017-03-07,203.58981323242188,204.25126903840706,203.38364161416015,203.89906410594523,65103700
2017-03-08,203.21188354492188,204.1396363712053,203.07443576893735,203.88192506816966,78168800
2017-03-09,203.46963500976562,203.79607026522686,202.5075266034512,203.332187206651,90683900
2017-03-10,204.18260192871094,204.46608306722703,203.23766480032393,204.42312899634726,81991700
2017-03-13,204.28565979003906,204.32861385641445,203.7960201350338,204.12244220245708,57256800
2017-03-14,203.50396728515625,203.79604711052556,202.89406402821444,203.7444943594069,59880800
2017-03-15,205.2649688720703,205.68589778433662,203.83897764218042,204.07091913324487,96081800
2017-03-16,204.8612060546875,205.47970790422042,204.53478398969114,205.40239844996398,78344000
2017-03-17,204.50149536132812,205.31249779098206,204.50149536132812,205.1226881514984,89002100
2017-03-20,204.27711486816406,204.786143661982,203.88887279092606,204.50142929473685,52537000
2017-03-21,201.654296875,205.0018332238527,201.52488723873597,204.88104650841805,131809300
2017-03-22,202.12889099121094,202.41360545460392,201.06769211112385,201.68888491038683,97569200
2017-03-23,201.91314697265625,203.04336844409934,201.5421638730748,202.12883849513824,100410300
2017-03-24,201.7664794921875,202.78453716514386,200.98999527263658,202.21512154769727,112504900
2017-03-27,201.5593719482422,201.81820435967396,199.82521717174694,200.1012954231144,87454500
2017-03-28,203.026123046875,203.44887000641816,201.14528612102265,201.2574499256847,93483900
2017-03-29,203.21592712402344,203.44887766371772,202.51708866970682,202.74141628747404,61950400
2017-03-30,203.86294555664062,204.06139118919205,202.98293383091865,203.15548437528986,56737900
2017-03-31,203.38848876953125,204.0528091997113,203.3367117442073,203.52652134276335,73733100
2017-04-03,203.03475952148438,203.63869319312118,201.80963316908782,203.44026066489053,85546500
2017-04-04,203.16419982910156,203.25048172296692,202.37045643166124,202.75007570103892,56466200
2017-04-05,202.56024169921875,204.81206194462604,202.35317307771257,203.83713195325583,108800600
2017-04-06,203.12962341308594,203.64727509961673,202.2582213522318,202.69824042526162,69135800
2017-04-07,202.92259216308594,203.61280770350876,202.4394452342199,202.8794512234158,74412300
2017-04-10,203.0433349609375,203.83707805300594,202.51704720627907,203.06059396602433,67615300
2017-04-11,202.8018035888672,202.90533131132202,201.31784479810486,202.66375784908317,88045300
2017-04-12,201.91314697265625,202.71552628196744,201.68883252859067,202.52571668900205,81864400
2017-04-13,200.6016845703125,202.30997044493742,200.6016845703125,201.57661420095337,92880400
2017-04-17,202.37904357910156,202.37904357910156,200.92096681285324,201.1193993230347,68405400
2017-04-18,201.775146484375,202.31007053212133,201.09356691299283,201.64573680777355,83225800
2017-04-19,201.40415954589844,202.7069318702114,201.17983189094747,202.3359486943594,68699900
2017-04-20,203.0433349609375,203.48335401968885,201.69742218896215,202.01664137686913,92572200
2017-04-21,202.3962860107422,203.01747862452962,201.99942099706792,202.9657147675082,110389800
2017-04-24,204.6222381591797,204.82930676634282,202.37041806974946,204.63086108102416,119209900
2017-04-25,205.81285095214844,206.15795211813352,205.17439931383385,205.26068118771292,76698300
2017-04-26,205.6834716796875,206.6584017688753,205.64034389838443,205.77837649513734,84702500
2017-04-27,205.85598754882812,206.15794777150717,205.32106363863426,206.00265619951773,57410300
2017-04-28,205.40736389160156,206.14070721067284,205.2779410719303,206.11482527969187,63532800
2017-05-01,205.925048828125,206.3478090434855,205.5109247009928,205.925048828125,66882500
2017-05-02,206.0026397705078,206.1838132567133,205.5971387007431,206.06302654432156,57375700
2017-05-03,205.75247192382812,206.09758628966242,205.07951536640996,206.00268148465386,73137700
2017-05-04,205.99400329589844,206.13204901401798,205.1484963107537,206.05440323436233,61462700
2017-05-05,206.80502319335938,206.8222822007975,205.9249981207301,206.36501723942743,62001300
2017-05-08,206.7705078125,206.9948222387099,206.34774772277183,206.84815359486905,48385700
2017-05-09,206.5807342529297,207.22780888168813,206.2356198853983,207.029376348337,51363200
2017-05-10,206.9517059326172,206.9517059326172,206.33051327021153,206.53758187926883,54293800
2017-05-11,206.52891540527344,206.6928430406129,205.45045797779125,206.50303348019494,62358300
2017-05-12,206.18382263183594,206.57206471326526,205.9163672682905,206.27872742194222,53912700
2017-05-15,207.32272338867188,207.44351013176822,206.58936684252194,206.60662585289788,61918900
2017-05-16,207.1328582763672,207.64188704556003,206.74461621791102,207.61600511931388,51241800
2017-05-17,203.45751953125,207.13289858586077,203.39711958174536,207.13289858586077,172174100
2017-05-18,204.27711486816406,205.12262188422358,203.12099839259645,203.37983083234334,107047700
2017-05-19,205.6057891845703,206.27012277416677,204.70851822433954,204.7602820844805,115011400
2017-05-22,206.64971923828125,206.8136468872075,206.0457856617882,206.11479535787487,61010600
2017-05-23,207.10699462890625,207.27092228610908,206.64109358582823,207.0207127572947,48341700
2017-05-24,207.59010314941406,207.69363084440258,207.00341549336574,207.33990683160417,46927700
2017-05-25,208.5823211669922,208.85841262956913,207.89211884008088,208.09917427224806,64071700
2017-05-26,208.53915405273438,208.70306851735458,208.31482649052023,208.3924722629345,46629900
2017-05-30,208.3579864501953,208.60818279463714,208.06464917332852,208.2199407323412,35201900
2017-05-31,208.30624389648438,208.68586307701707,207.6160284014036,208.65134506164196,91796000
2017-06-01,209.9627685546875,209.98002756363837,208.4788097393089,208.76352414554896,68962000
2017-06-02,210.66162109375,210.81692585514858,209.72120909699268,210.0145464449187,88666100
2017-06-05,210.50631713867188,210.7737725381242,210.3078714460481,210.4890581295814,44698800
2017-06-06,209.83334350585938,210.49766390691767,209.75568455366084,209.9454941438962,50375400
2017-06-07,210.22161865234375,210.44593312844285,209.50552111566847,210.1698547859184,54144300
2017-06-08,210.3251190185547,210.7996430069901,209.79883117042922,210.31649609686164,65950700
2017-06-09,210.0059051513672,211.3863230492574,208.74626081933565,210.5925797958981,132256400
2017-06-12,209.9627685546875,210.0145324167736,209.117261422826,209.76433602843528,86108100
2017-06-13,210.98944091796875,211.04120477479216,210.15255679328286,210.4976579486158,60067000
2017-06-14,210.7220458984375,211.26557971551614,209.90240738143905,211.25695679183104,78602300
2017-06-15,210.31646728515625,210.43725399614152,209.09996409002758,209.37604235880931,66464900
2017-06-16,210.36245727539062,210.52718436310528,209.4868187704982,210.47516806781985,84553100
2017-06-19,212.11375427246094,212.17443554257193,211.09071859304242,211.1860862137597,65123800
2017-06-20,210.68319702148438,211.76691375013706,210.66586707867998,211.75824877873487,56906400
2017-06-21,210.6312255859375,211.18608813999887,210.163065680216,211.0733905719172,55977600
2017-06-22,210.53578186035156,211.13399552234193,210.36238985531602,210.6398276465425,44148100
2017-06-23,210.78724670410156,211.11668759998207,210.21504108588627,210.5965114980298,66986800
2017-06-26,210.92593383789062,211.87094481355123,210.71786870699975,211.45478809384338,56700500
2017-06-27,209.22669982910156,211.00399800962012,209.20935665635997,210.70921698887196,82247700
2017-06-28,211.09938049316406,211.29878069236827,210.00698542585917,210.24107197299102,70042600
2017-06-29,209.2440643310547,211.2987873400625,208.0389716674855,211.24677104550017,106949700
2017-06-30,209.6341094970703,210.42305823543958,209.4433743464984,210.05025290333614,86820700
2017-07-03,209.98965454101562,211.0040119354262,209.98965454101562,210.57052519103027,39153800
2017-07-05,210.4751434326172,210.68320858940575,209.54747551205259,210.35376768150232,54427600
2017-07-06,208.5504913330078,209.83360849049384,208.3684210656846,209.7122327219339,65400800
2017-07-07,209.90289306640625,210.05027693071446,208.5590818896456,209.12262243678362,57972300
2017-07-10,210.12835693359375,210.50116240696096,209.59950258460685,209.90294859248792,36663300
2017-07-11,209.9723358154297,210.28444683689426,208.81059438013204,210.1283847116784,50354600
2017-07-12,211.55018615722656,211.7149132288822,210.93464241773597,210.93464241773597,59610400
2017-07-13,211.90567016601562,212.01838095900973,211.3334644570759,211.5588860430641,39471600
2017-07-14,212.89402770996094,213.24949004857524,211.810310747576,211.90567836942455,60262700
2017-07-17,212.8679962158203,213.1974503695233,212.6946041666481,212.8159799239652,33531900
2017-07-18,212.980712890625,213.0327291839186,212.12240436438347,212.46052349975758,42742500
2017-07-19,214.13377380371094,214.142438775647,213.2841303112444,213.29280851214529,51034300
2017-07-20,214.22918701171875,214.5066116913381,213.68298939729297,214.3852359135732,47135200
2017-07-21,214.03842163085938,214.0644297775078,213.43152959848751,213.6569511747282,82340800
2017-07-24,213.9864044189453,214.12511012415288,213.518231323352,213.96038304344285,46622300
2017-07-25,214.5065460205078,214.83600012885105,214.28113771051503,214.7319543305006,54915600
2017-07-26,214.5152587890625,214.82736979573008,214.25517730764497,214.7926966745299,47575400
2017-07-27,214.31590270996094,215.00948433748863,212.99809894055528,214.97481120914838,70766600
2017-07-28,214.06443786621094,214.19447860436682,213.3881995698679,213.83901628145244,50088400
2017-07-31,213.94302368164062,214.5585673703291,213.73494530899112,214.46319976981857,65838700
2017-08-01,214.4198760986328,214.57592496688747,213.89968674652113,214.54125185026356,55050400
2017-08-02,214.52389526367188,214.66261417942312,213.59622739716988,214.54990340675474,47211200
2017-08-03,214.1078338623047,214.4372748773597,213.83039592439624,214.4112667243019,40856000
2017-08-04,214.4978790283203,214.82731990459592,214.11640863887794,214.5932466256809,60191800
2017-08-07,214.896728515625,214.896728515625,214.46324174282293,214.56728756399264,31995000
2017-08-08,214.36782836914062,215.7983423514395,213.99503617400325,214.58457170928014,61719400
2017-08-09,214.35914611816406,214.41116239897028,213.32744578563273,213.68290800975845,62632600
2017-08-10,211.33340454101562,213.65689983873887,211.2813882602169,213.52684590777946,120479500
2017-08-11,211.64556884765625,212.23511771301636,211.32479288249857,211.55887943410963,74869900
2017-08-14,213.7436065673828,213.96034990759955,212.88531140666132,212.919984520352,73291900
2017-08-15,213.71762084960938,214.1424426034363,213.41418807884588,214.1250994302894,55242700
2017-08-16,214.0904083251953,214.63660578722943,213.66558660706167,214.23779221214846,56715500
2017-08-17,210.7525634765625,213.7956486181864,210.7525634765625,213.4835376608138,128490400
2017-08-18,210.42315673828125,211.7062738918112,209.98099175998811,210.58787060091672,136748000
2017-08-21,210.587890625,210.8479853612628,209.66023571472303,210.3624822423551,65469700
2017-08-22,212.7899627685547,212.94601163751298,211.15138349966844,211.16872667254094,63140100
2017-08-23,212.02700805664062,212.4518297759899,211.68022399563662,211.82760788301152,50203800
2017-08-24,211.53286743164062,212.56455477652642,211.32478903078268,212.4085058976072,50741700
2017-08-25,212.02700805664062,212.9373327529811,211.87962416926572,212.32177583139043,64445900
2017-08-28,212.03567504882812,212.58185925459006,211.61951832286454,212.55585111283773,40565600
2017-08-29,212.2784423828125,212.53852381976515,210.61384181253018,210.7265525878525,51135700
2017-08-30,213.2841796875,213.55295262731758,212.0790868611634,212.26115714568914,62030800
2017-08-31,214.56729125976562,214.81004279839868,213.31884721595745,213.89971791404133,103803900
2017-09-01,214.87069702148438,215.29551877510065,214.72331312222116,214.94005648507263,62007000
2017-09-05,213.32745361328125,214.59324048484868,212.36511269616773,214.36781895446703,91398800
2017-09-06,214.05567932128906,214.38513337291587,213.47480886060472,214.00366304555035,57916900
2017-09-07,214.02972412109375,214.37652142673002,213.62224555507393,214.35917825420708,58034700
2017-09-08,213.77835083007812,214.23784577751377,213.5355992815826,213.74366447802606,63832800
2017-09-11,216.05845642089844,216.13648085540885,215.02675591248934,215.044085856404,71364800
2017-09-12,216.78671264648438,216.82138576355234,216.24051514266796,216.4225853869284,56896000
2017-09-13,216.89071655273438,216.9254028941816,216.38787043345513,216.50058119971382,59228000
2017-09-14,216.82139587402344,217.02080930059907,216.39658733254828,216.5699793839034,95446300
2017-09-15,217.11328125,217.20040087831916,216.57309435272185,216.67764322455182,95432400
2017-09-18,217.57505798339844,217.92356308829662,217.1916943912399,217.4792170853588,46235200
2017-09-19,217.7928924560547,217.8800253857725,217.47052454641207,217.81902967604634,47108100
2017-09-20,217.87130737304688,217.98457752444963,216.87805311466042,217.88002864292014,59574100
2017-09-21,217.2875518798828,217.80160160197312,217.113299314129,217.7144819664055,48211400
2017-09-22,217.3310546875,217.49659922959373,216.96512041821555,216.99125763069196,51214000
2017-09-25,216.88671875,217.42691888655668,216.1461421593744,217.0784005251304,57064400
2017-09-26,217.01747131347656,217.55765828782063,216.78222302367988,217.31370202233495,54082000
2017-09-27,217.86257934570312,218.24594293551814,216.83446669168862,217.714464012296,81001400
2017-09-28,218.12400817871094,218.2024198482277,217.49668823333656,217.58380787903738,44778800
2017-09-29,218.8906707763672,218.96909572207406,217.93227513116253,218.1152356503722,85578000
2017-10-02,219.84034729003906,219.84034729003906,218.9429208582323,219.11718667853842,59023000
2017-10-03,220.3108367919922,220.33697400686873,219.7619286903532,219.8403536295987,66810200
2017-10-04,220.57228088378906,220.81623715058,220.04950985802594,220.16278001568583,55953600
2017-10-05,221.87918090820312,221.89659685855617,220.6071119176476,220.90334260907198,63522800
2017-10-06,221.6265106201172,221.91403334574844,221.17345659301859,221.43482880302972,80646000
2017-10-09,221.2605438232422,221.91400084179554,220.99915835689742,221.85301843326477,35803100
2017-10-10,221.84429931640625,222.2189549238786,221.28668318694972,221.82688336786683,43057400
2017-10-11,222.1927947998047,222.1927947998047,221.58290429837132,221.74843556013366,47674300
2017-10-12,221.86172485351562,222.22765918598844,221.62647660599134,221.8791540963811,47065100
2017-10-13,222.13186645507812,222.41068122291057,221.86177295787786,222.29741106165116,54800400
2017-10-16,222.42800903320312,222.61969078647508,222.01852160897442,222.35831866348116,38221700
2017-10-17,222.58489990234375,222.62846636500922,222.1579698396109,222.3757888583203,31561000
2017-10-18,222.80276489257812,223.0031547086448,222.61108305299416,222.95958823699016,40888300
2017-10-19,222.8636932373047,222.89855172401792,221.60906690259324,222.02727568083037,61903800
2017-10-20,224.01376342773438,224.03992723384582,222.8462700530953,223.65656366015176,89176400
2017-10-23,223.14248657226562,224.3622942599157,223.06407492192818,224.33615704313655,63915300
2017-10-24,223.53460693359375,223.7698419219857,223.17738052135843,223.56946542458297,66935900
2017-10-25,222.42800903320312,223.3167141352263,221.30406902048543,223.20344401885254,103715300
2017-10-26,222.71560668945312,223.308068093975,222.59362855942692,223.03798790743738,69798000
2017-10-27,224.5365447998047,224.6933946976007,222.72430230377432,223.45617099962706,85562500
2017-10-30,223.7001190185547,224.4407089563266,223.40388836129273,223.4561627955605,54285700
2017-10-31,224.04867553710938,224.30135308689125,223.7524448118521,224.07481276024265,60304800
2017-11-01,224.3448486328125,225.16385019959108,223.97892760294408,224.82406638614185,54202700
2017-11-02,224.43194580078125,224.5713531292217,223.21216491346348,224.27512252724662,56449500
2017-11-03,225.18133544921875,225.22488862176743,224.1793465882147,224.58884744927838,59589700
2017-11-06,225.52984619140625,225.6605323015323,224.98093793963778,225.05062833529198,49652600
2017-11-07,225.3730010986328,225.96546246682587,224.86764606928728,225.63437329364842,57502200
2017-11-08,225.7562713623047,225.85212553162268,224.9198539963585,225.19866864808344,50469600
2017-11-09,224.93736267089844,225.12904447666784,223.3603284661559,224.55399905935963,95085500
2017-11-10,224.86767578125,225.041941660444,224.2403558410877,224.55402910578889,59984700
2017-11-13,225.07675170898438,225.30329201209054,224.153201135265,224.1880596255669,50228600
2017-11-14,224.55397033691406,224.65851920137254,223.4997072454137,224.27515563886934,61315200
2017-11-15,223.43002319335938,224.1096174208197,222.72429174904417,223.58684649448855,80811500
2017-11-16,225.32945251464844,225.69540022753625,224.32749017615023,224.37104335159964,67777000
2017-11-17,224.66717529296875,225.30321622815907,224.58876365809243,224.98084842170252,75756800
2017-11-20,225.05064392089844,225.24232575877105,224.66728024515328,224.91126311993742,48075500
2017-11-21,226.52305603027344,226.7060431484956,225.01576545227593,225.81732454351769,69176800
2017-11-22,226.32264709472656,226.66243088554435,226.15710253868687,226.5317448121529,45033400
2017-11-24,226.8454132080078,226.94998866601145,226.67117395647008,226.81058131124078,27856500
2017-11-27,226.73216247558594,227.18521642230988,226.53175942397152,226.88898577377117,52274900
2017-11-28,229.03228759765625,229.05842481063272,227.09805406970813,227.19390824344177,98971700
2017-11-29,228.89295959472656,229.69454538586697,228.4486268201305,229.1630530855019,77512100
2017-11-30,230.89686584472656,231.80297375843676,229.7293591722956,229.80777082314165,127894400
2017-12-01,230.41769409179688,231.1582841722034,227.19398813773208,230.67909290271405,164390900
2017-12-04,230.1388702392578,232.4564411501399,230.08656921379136,232.02952439117243,94040600
2017-12-05,229.3111572265625,231.01885092521732,229.18047113035558,229.3111572265625,77994500
2017-12-06,229.3546905517578,229.78163388140953,228.8929153256221,229.4069649857178,75898600
2017-12-07,230.0778350830078,230.3914816466155,229.09328905407722,230.0778350830078,77218600
2017-12-08,231.33245849609375,231.3411531738826,230.04296067124437,231.02750663199498,76563900
2017-12-11,232.0294647216797,232.09046041134206,231.30631748029006,232.0294647216797,83077500
2017-12-12,232.4390106201172,232.9095071059197,232.06436832088255,232.81365291935185,85195800
2017-12-13,232.41287231445312,233.11860374523278,232.32573939686347,232.68296574651777,102905400
2017-12-14,231.46319580078125,232.82238429500705,231.41092136555983,232.7091141556158,100666700
2017-12-15,233.39073181152344,233.85486748533205,232.40991881971271,232.46246046390618,144610300
2017-12-18,234.87071228027344,235.2209988093528,234.67805068050743,234.78313396671632,83653600
2017-12-19,233.9686737060547,235.15965305617854,233.89860037655052,235.11587726909698,82382900
2017-12-20,233.8460235595703,234.98446110385905,233.54827876683544,234.93191947720823,76751500
2017-12-21,234.3277130126953,235.0370785709979,234.0825097953715,234.4678329547584,67032300
2017-12-22,234.2664337158203,234.38028283977948,233.73222476304568,234.34524617275827,78720900
2017-12-26,233.9861602783203,234.20509264680368,233.7234521261973,233.86354532390112,45244400
2017-12-27,234.09999084472656,234.45904310761873,233.8285168673199,234.15253247098977,57751000
2017-12-28,234.5816192626953,234.6254217657556,234.21382789776843,234.59915095397508,45116100
2017-12-29,233.69711303710938,235.17709772294378,233.50447824322922,235.15959275762864,96007400
2018-01-02,235.36978149414062,235.40481815322119,234.17003649075016,234.55535956521518,86655700
2018-01-03,236.85853576660156,237.007421526102,235.5361757988972,235.5361757988972,90070400
2018-01-04,237.85687255859375,238.3385398103603,236.9198623208871,237.49784698792118,80636400
2018-01-05,239.44204711914062,239.5646353907048,238.15472327938147,238.6451298159419,83524000
2018-01-08,239.8798828125,240.03750773896382,239.05669478521304,239.34567381706339,57319200
2018-01-09,240.42279052734375,241.0445510051159,240.0199357049953,240.30017556615664,57254000
2018-01-10,240.05502319335938,240.3177581407534,239.00416357923262,239.66969998396797,69574300
2018-01-11,241.80641174316406,241.80641174316406,240.4402759375642,240.6066666712718,62361500
2018-01-12,243.3827362060547,243.54910021148692,241.77137052837904,242.06914205424664,90816100
2018-01-16,242.5507049560547,245.28297564168125,241.85887144106178,244.6349446194868,106555100
2018-01-17,244.8626708984375,245.24799395072085,242.55075930987627,243.479030283521,113258800
2018-01-18,244.45114135742188,245.16921922426718,243.9607082585169,244.74888617541,100728000
2018-01-19,245.5633544921875,245.5633544921875,244.45118745715803,245.02914550833063,140920100
2018-01-22,247.55999755859375,247.55999755859378,245.3006002720016,245.35316863403142,91322400
2018-01-23,248.0854949951172,248.3744740612789,247.27981184450425,247.60382758464527,97084700
2018-01-24,247.9890594482422,249.32018531746706,246.81558519125946,248.72466897985188,134816100
2018-01-25,248.0941162109375,248.94357475644838,247.3059651344655,248.84725735522073,84587300
2018-01-26,250.96652221679688,251.01032472232163,248.67211544174552,248.9260844533389,107743100
2018-01-29,249.30262756347656,250.83515394207936,249.1450026928537,250.39728926247858,90118300
2018-01-30,246.74554443359375,249.3552011544848,246.2726430359597,247.48115398261191,131796400
2018-01-31,246.86822509765625,248.09424147174514,245.7998336734175,247.5950957972196,108364800
2018-02-01,246.5879364013672,247.88402586927523,245.79978508276858,246.1413324650781,90102500
2018-02-02,241.2196807861328,245.40566636827708,241.1846441260962,245.27428557442514,173174800
2018-02-05,231.1313018798828,241.5700102435903,230.58835381573178,239.468264594396,294681800
2018-02-06,235.68515014648438,236.18432251432046,226.55129533572622,227.6371916656286,355026800
2018-02-07,234.4065704345703,238.5137179630542,234.3277312468436,235.13341429511374,167376100
2018-02-08,225.6141815185547,234.84437736527985,225.57914485766418,234.70425744685963,246449500
2018-02-09,229.00328063964844,230.851057188824,221.48951938838374,228.39025925571744,283565300
2018-02-12,232.36607360839844,233.8285537034904,229.14339530591576,231.04371344712894,143736000
2018-02-13,232.94398498535156,233.48693285478436,230.58827111948128,231.1662556426267,81223600
2018-02-14,236.0879364013672,236.4469887394335,231.4553193982092,231.46408524613523,120735700
2018-02-15,239.10040283203125,239.1091686782895,235.36978694519354,237.82184535995404,111200300
2018-02-16,239.1704559326172,241.10583724846651,238.43484640572123,238.478648913063,160420100
2018-02-20,237.67298889160156,239.66091202707622,236.88483766031146,238.22470277104793,86369700
2018-02-21,236.49070739746094,240.5803753441495,236.39438999412775,238.11081208876513,98883700
2018-02-22,236.79722595214844,239.1179035321851,236.13168977692354,237.41024722618403,110511300
2018-02-23,240.57159423828125,240.57159423828125,237.54157827129708,238.01447958757626,92766400
2018-02-26,243.36521911621094,243.46156325686482,241.0533071673779,241.64003095764554,86491400
2018-02-27,240.3264617919922,244.25850577220086,240.26515430746772,243.54914022654583,99099200
2018-02-28,237.89193725585938,241.86775706876602,237.5766874322221,241.42112642680044,121907800
2018-03-01,234.43283081054688,239.22307291824933,232.94407976111245,237.68178022943695,176855100
2018-03-02,235.64129638671875,236.20177612876677,231.91070666364885,232.7689045215854,139083200
2018-03-05,238.3648681640625,238.97788964150692,234.3540111890905,234.45912120176766,97307400
2018-03-06,238.9690704345703,239.41570103198728,237.480319593276,239.33686185879554,79213200
2018-03-07,238.88150024414062,239.23178671128736,236.62212981467155,236.81479138037392,87063500
2018-03-08,240.03744506835938,240.16003329299775,238.56622602184905,239.55577784083428,66901200
2018-03-09,244.2146453857422,244.2146453857422,241.12332177548492,241.43859824608003,113625300
2018-03-12,243.90817260742188,245.12544944991558,243.52284948642702,244.50368898314173,71924800
2018-03-13,242.33187866210938,245.5633227931773,241.72762314328241,245.06415054281683,91968900
2018-03-14,241.08827209472656,243.47025692390136,240.53658506997976,243.28636124898577,105895100
2018-03-15,240.8255615234375,242.23547289192678,240.32638940006495,241.59620759633455,83433000
2018-03-16,241.08677673339844,242.13307082578123,241.03402466421792,241.35053707930095,100343700
2018-03-19,237.8248291015625,241.2626493030491,236.18066005567465,240.33946110223937,109208400
2018-03-20,238.229248046875,238.86229968619318,237.55221846338517,238.22044709160454,59757300
2018-03-21,237.7720489501953,240.2690787418608,237.56104066228033,238.1852914021509,78709600
2018-03-22,231.82843017578125,236.40044644845887,231.55584202184224,235.55638644664177,148785900
2018-03-23,226.88702392578125,232.5932884608859,226.69359077489335,232.26797516897793,183534800
2018-03-26,233.09449768066406,233.37585994770197,228.08286310594158,230.47438871139857,141956100
2018-03-27,229.12916564941406,234.55404286800356,227.58169995606218,234.02652213816415,129941400
2018-03-28,228.45208740234375,230.92276751178565,227.35304139529825,229.2609970696875,146452300
2018-03-29,231.37118530273438,233.22638911794968,228.46091330484768,229.5863354656723,111601600
2018-04-02,226.37710571289062,231.3535893470145,223.9152399272108,230.84361696405603,186286300
2018-04-03,229.27859497070312,229.75339040602205,225.82320042029326,227.60805024012828,119956900
2018-04-04,231.73171997070312,232.43509889367112,225.61223747788634,225.74411767191958,123715300
2018-04-05,233.56053161621094,234.43976862395363,232.39993232626645,233.48137667319213,82652600
2018-04-06,228.35540771484375,233.0944806318079,226.84311918035417,231.6085949630932,179521200
2018-04-09,229.48086547851562,232.8571324633948,228.5488763706566,229.80617888738539,105442900
2018-04-10,233.12965393066406,233.91218763520737,231.22172492246017,232.35592118123972,103529000
2018-04-11,231.9075469970703,233.560516759632,231.58223361804787,231.65256076803283,91140200
2018-04-12,233.8154754638672,234.75626543924633,233.05054361120307,233.22640173391812,68890500
2018-04-13,233.12965393066406,235.23104295840426,232.12733783776815,235.11673787057833,85079200
2018-04-16,235.04638671875,235.81134535442877,233.93856647983353,234.75625035031916,63405300
2018-04-17,237.56100463867188,238.15887925189176,236.29490143880682,236.8048470013346,64682000
2018-04-18,237.7368621826172,238.53694409515595,237.27964185296193,238.000622501896,57303900
2018-04-19,236.41799926757812,237.28843512519592,235.38928039133862,237.08620099884374,77655900
2018-04-20,234.413330078125,236.56747115211715,233.5340932041984,236.34766193363552,99953100
2018-04-23,234.37818908691406,235.53878824560172,233.30551898549322,234.98486470021984,65558000
2018-04-24,231.2217559814453,235.61794098262143,229.7270423481719,235.3981317325626,112885500
2018-04-25,231.79324340820312,232.23286188697082,229.34896573954205,231.16019172549036,103840900
2018-04-26,234.1495819091797,234.9760667601679,232.37353299119516,232.81315145098966,67731900
2018-04-27,234.36941528320312,235.05521907784504,233.4374261990022,234.7562817142508,57053600
2018-04-30,232.5669708251953,235.53879596582644,232.49661684420343,234.98487240228866,82182300
2018-05-01,232.9801788330078,233.08568295672404,230.45674665729734,232.0042120242767,74203400
2018-05-02,231.4151611328125,233.59565145638658,231.02829475304668,232.78676854028026,86368900
2018-05-03,230.90521240234375,231.55583918408507,227.76632993031865,230.58869996761013,136311500
2018-05-04,233.89459228515625,234.57162187598172,229.61271284222937,229.93802620459337,91222100
2018-05-07,234.68594360351562,235.6530828038007,233.97373697292065,234.65956756772937,55304900
2018-05-08,234.68594360351562,235.04640714853366,233.1296769955772,234.316652270325,67499200
2018-05-09,236.954345703125,237.2796590645592,234.83538154395148,235.35412809761425,59666100
2018-05-10,239.1699981689453,239.49533834232832,237.58738257253478,237.69288670133824,72063900
2018-05-11,239.89976501464844,240.16352532042305,238.78311711178824,239.29308947918926,59871500
2018-05-14,240.0141143798828,240.9812535676364,239.46896492705878,240.3306268052169,54790600
2018-05-15,238.36111450195312,238.80950704787915,237.42032463628027,238.79193197053002,87036100
2018-05-16,239.36346435546875,239.8206847529032,238.3699222852691,238.39632515328998,53942600
2018-05-17,239.16127014160156,240.23394037814572,238.3875372716767,239.0997171105429,56536400
2018-05-18,238.56332397460938,239.1788005057583,238.21163459917258,238.81831017547728,64368000
2018-05-21,240.35696411132812,240.8933125218533,239.6535853913568,240.0404517369945,58025900
2018-05-22,239.68878173828125,241.13074327395273,239.3634683467948,240.87575703514577,52966400
2018-05-23,240.34823608398438,240.3746389553683,238.2644484908182,238.42273155818992,64694200
2018-05-24,239.85585021972656,240.2251415772078,238.0798010848693,239.95258024542736,76043800
2018-05-25,239.28431701660156,239.90856770271625,238.78314554377755,239.28431701660156,56374800
2018-05-29,236.53231811523438,238.42269905133912,235.4244977877922,237.6665413104607,115908600
2018-05-30,239.68878173828125,240.12840023103232,237.76327742564035,237.83360457831984,69678400
2018-05-31,238.22042846679688,239.58323481813724,237.62255386312358,239.2842975163006,93519900
2018-06-01,240.5592041015625,240.85814140644496,239.44255614536561,239.51291011838438,71258400
2018-06-04,241.70225524902344,241.95724150186234,241.13955750007207,241.37694183963492,45385200
2018-06-05,241.8780975341797,242.2561629942454,241.06918770986454,241.83411958605708,51135000
2018-06-06,243.90032958984375,244.0058337328688,241.8692943400629,242.48477095061952,62732200
2018-06-07,243.87396240234375,244.67407129222383,242.9683493656107,244.38393488837818,72969400
2018-06-08,244.5948944091797,244.64764647208725,243.2496631406796,243.4167202839464,72139700
2018-06-11,244.9202423095703,245.63242209151912,244.70043307237174,244.81473816886415,58892500
2018-06-12,245.2367706298828,245.59723415049666,244.59491802629464,245.33347381049114,72329000
2018-06-13,244.45419311523438,245.72909713866116,244.25195900266613,245.47411096754055,79070600
2018-06-14,245.06968688964844,245.59720751244333,244.4805864179566,245.31587212434545,77097600
2018-06-15,244.75704956054688,245.09266415404826,243.18498142730266,244.28896261504903,120041600
2018-06-18,244.25369262695312,244.377351490146,242.8317774162722,243.30867801028592,52917600
2018-06-19,243.3175506591797,243.53834698464172,241.57767453643166,241.99277270640738,97531500
2018-06-20,243.7324981689453,244.39488673588423,243.3968836492707,243.99744281465695,53785500
2018-06-21,242.20458984375,243.74134971668553,241.7100085141752,243.7236687710615,71061400
2018-06-22,242.6462860107422,243.57364661478138,242.42548971730514,243.4588282297665,54898500
2018-06-25,239.3431396484375,241.65708008095126,237.66509350638052,241.498113246504,137854200
2018-06-26,239.873046875,240.72089691229266,239.15766919468012,239.90838182108166,68547400
2018-06-27,237.8859405517578,241.87792797865885,237.73578720760872,240.45601273472968,105110700
2018-06-28,239.24607849121094,240.00560491077363,237.12641221228657,237.83297662282013,76650500
2018-06-29,239.5904083251953,241.69239278499663,239.47558997110553,240.33228043700777,97592500
2018-07-02,240.10269165039062,240.26168545460638,237.78875096899867,238.02722819898696,63554800
2018-07-03,239.2548065185547,241.09184637679854,238.8308949763959,240.994682013276,42187100
2018-07-05,241.20660400390625,241.26843341270092,239.30776194680402,240.37643503255302,56925900
2018-07-06,243.24684143066406,243.61776406289744,240.853390508735,241.23318056910415,66493700
2018-07-09,245.43710327148438,245.49009221465826,244.2006496763149,244.2447981447375,50550400
2018-07-10,246.32032775878906,246.41749213863287,245.5961094823945,245.8875756692546,51966800
2018-07-11,244.5186004638672,245.56077930884817,244.21832078062482,244.77473167559435,77054700
2018-07-12,246.7354278564453,246.7884168085472,245.17219986409648,245.77275928969894,60124700
2018-07-13,246.92962646484375,247.229906052148,246.10827109786496,246.5587039551515,48216000
2018-07-16,246.70892333984375,247.11518094031493,246.26733078851893,246.97389504224088,48201000
2018-07-17,247.70689392089844,248.09549747066842,245.88753500727847,245.94052395018647,52315500
2018-07-18,248.22793579101562,248.3339136623,247.34475092676163,247.78634335888864,44593500
2018-07-19,247.29180908203125,247.94535738117995,246.8148816177688,247.5655942858729,61412100
2018-07-20,247.00912475585938,247.71568878565012,246.85015795640464,247.08860815558674,82337700
2018-07-23,247.4684295654297,247.67154485077174,246.46158580226108,246.80604086418674,47047600
2018-07-24,248.71372985839844,249.55276643988464,247.8482257560957,248.87272365197978,68026900
2018-07-25,250.83338928222656,251.1513229561097,248.4222844446066,248.46643291508985,78882900
2018-07-26,250.24154663085938,250.92158913866066,250.02075045853533,250.11791478973996,57919500
2018-07-27,248.5458984375,250.66553673891525,247.62737862424348,250.5683723876494,76768700
2018-07-30,247.2476348876953,248.78436805939725,246.72653205442597,248.62540123873816,63742500
2018-07-31,248.46640014648438,249.07579989372553,247.6273906492765,248.00715369388632,68570500
2018-08-01,248.05133056640625,249.1729927860263,247.4066227546677,248.66957085844885,53853300
2018-08-02,249.40255737304688,249.57033768103972,246.54986089461025,246.75300309241618,63426400
2018-08-03,250.4712677001953,250.5242566432012,249.34960551701437,249.52625329547863,53935400
2018-08-06,251.38978576660156,251.69887894761843,250.1179972385704,250.50660078617253,39400900
2018-08-07,252.21998596191406,252.59977603437054,251.91970626585007,252.0522055913909,43196600
2018-08-08,252.1138916015625,252.51133548924898,251.65464527019873,252.05208915788523,42114600
2018-08-09,251.7695770263672,252.56443820720855,251.63710465500523,252.1758346161004,35717000
2018-08-10,250.08258056640625,250.87744139850105,249.3760166413659,250.3387116737745,77076000
2018-08-13,249.14649963378906,250.96585861951505,248.85503348357662,250.35645879925394,65732900
2018-08-14,250.73617553710938,250.97465269822771,249.48206813353383,249.87067162686614,43842000
2018-08-15,248.86383056640625,249.53505968969637,247.43307539532,249.39374687675829,102925400
2018-08-16,250.8775177001953,251.74304866436498,250.25927744683614,250.29461239199935,69967900
2018-08-17,251.7606201171875,252.20221245261408,250.2680358672331,250.67429326908155,65618500
2018-08-20,252.29940795898438,252.56435261191723,251.76065122780685,252.21108409045326,39807500
2018-08-21,252.89117431640625,253.74786479251597,252.33476348775093,252.81169090555056,67272000
2018-08-22,252.7411346435547,253.26221070630461,252.2200316281299,252.48500337451662,44993300
2018-08-23,252.4054412841797,253.4210986138187,252.08748067813048,252.56440811087106,49204900
2018-08-24,253.9244842529297,254.06579706291785,252.92648106234387,252.97946999700662,57487400
2018-08-27,255.929443359375,256.03542128634376,254.9579341076993,255.11690099815243,57072400
2018-08-28,256.0529479980469,256.4945403961893,255.59367465427576,256.38853558039983,46943500
2018-08-29,257.43072509765625,257.6603348266685,256.0264644460227,256.2649146482262,61485500
2018-08-30,256.38861083984375,257.32478484249407,255.79689194613198,256.9538622126653,61229500
2018-08-31,256.3974609375,256.83905348183833,255.49662185001102,255.98236286771518,66140800
2018-09-04,255.95579528808594,256.30906383212346,254.95779211049984,255.9822897550722,57594400
2018-09-05,255.26695251464844,255.8057093653517,254.26013565747596,255.6025671179281,72452400
2018-09-06,254.4986114501953,255.6732357269423,253.47411354093606,255.37295603929772,65909900
2018-09-07,254.00404357910156,254.97555259274915,253.2179958922097,253.45647312213768,73524800
2018-09-10,254.4456024169922,255.27579846839774,254.25130064001073,255.0108267983319,50210900
2018-09-11,255.28457641601562,255.7261688519213,253.45640421539017,253.80083230001168,50530500
2018-09-12,255.34645080566406,255.9470101556468,254.56043014667713,255.2934618602343,59810800
2018-09-13,256.85662841796875,257.0421166354183,256.12359687917535,256.40622248919806,51034200
2018-09-14,256.90081787109375,257.2452459530958,256.1236108773846,257.0597846781716,55079900
2018-09-17,255.54074096679688,256.8831724444053,255.26695577697322,256.8478644508368,68244000
2018-09-18,256.9272766113281,257.51899529516726,255.7261313464429,255.75262581060497,61930400
2018-09-19,257.2011413574219,257.6162393929191,256.8566862640088,256.9803451034907,49080600
2018-09-20,259.285400390625,259.6033609568986,257.2187510441675,258.45523141530987,100360600
2018-09-21,259.0484924316406,260.1397370028223,258.88880602844426,260.02439890895715,105479700
2018-09-24,258.1880187988281,258.61387643830426,257.6113551925466,258.4719238918122,53409600
2018-09-25,257.94842529296875,258.74688447911296,257.70889565952746,258.6404268642502,44370000
2018-09-26,257.1766662597656,259.2704055826351,256.75968907940677,258.09046385825224,79739700
2018-09-27,257.8952941894531,258.97765880840194,257.37185933495834,257.64688396910503,59249500
2018-09-28,257.9218444824219,258.4186647996057,257.2387233149633,257.2741911414216,70091400
2018-10-01,258.81787109375,259.88247430397746,258.15248393435553,259.154977845118,62078900
2018-10-02,258.6669921875,259.3767275350329,258.29439060617904,258.6669921875,47258200
2018-10-03,258.8090515136719,260.1309456508911,258.45418369340865,259.713968516545,64694600
2018-10-04,256.7862243652344,258.38314277789755,255.20703986393897,258.32991396912035,111545900
2018-10-05,255.34909057617188,257.522673302912,253.9295919553244,257.00811892863044,105951700
2018-10-08,255.34909057617188,255.70395846271268,253.29081892967724,254.66594214302947,87742200
2018-10-09,254.97640991210938,256.27168961852533,254.41748024384887,254.96755649215584,74339000
2018-10-10,246.90309143066406,254.5417534091164,246.53048962177442,254.47076358620487,214731000
2018-10-11,241.464599609375,247.4353236388137,239.85877353327564,245.82064414383953,274840500
2018-10-12,244.8181610107422,245.82953555740838,241.64203069165737,245.54563049794265,183186500
2018-10-15,243.44297790527344,245.78515371440125,243.35425420195685,244.46323280673184,102263700
2018-10-16,248.7660675048828,249.1386962174045,244.9245776497542,245.39478348063147,118255800
2018-10-17,248.8104248046875,249.43143651418163,246.24645354039433,248.80154431287454,110626000
2018-10-18,245.21734619140625,248.47331932132207,243.9486811524354,247.87889487020155,134557500
2018-10-19,245.084228515625,247.79012500511575,244.3922270710382,245.86495364791128,139901600
2018-10-22,243.98422241210938,246.0690809469352,243.45190716026255,245.74970804063415,82415800
2018-10-23,242.7421417236328,243.86000103241318,238.30622646615907,240.3822586323735,146352700
2018-10-24,235.3874053955078,242.875232251274,234.8373562549833,242.49372297586885,177806700
2018-10-25,239.61041259765625,241.1452491899324,236.19477913904547,237.21503434387782,138061500
2018-10-26,235.39625549316406,240.42659505910345,232.6992386438329,235.91971729336254,201574600
2018-10-29,234.0921173095703,239.76123025482744,230.53453152674683,238.47480394347747,160749100
2018-10-30,237.5609893798828,237.87150885425123,233.43559371949442,233.92356062912407,157116000
2018-10-31,240.0983123779297,242.4049933311253,239.64584043537533,240.11604628903387,128296300
2018-11-01,242.65341186523438,242.84859319283507,239.8765249621915,240.95888921985446,99495000
2018-11-02,241.21621704101562,244.17940523532488,239.1756797424592,243.7535476163538,122634100
2018-11-05,242.54701232910156,243.09706154551438,240.73715113745226,241.7041775138362,65622500
2018-11-06,244.08175659179688,244.24144301684072,242.42272889071398,242.48483819201113,60085900
2018-11-07,249.30728149414062,249.3871247081338,245.82063203506075,246.24648958436512,102752100
2018-11-08,248.85482788085938,249.49360071455664,247.71923474036157,248.5088135200468,65584900
2018-11-09,246.4239501953125,247.73696366197035,245.02218594212164,247.55066281934268,98812600
2018-11-12,241.81951904296875,246.15783059184582,241.30493765127557,245.91830088689426,99673600
2018-11-13,241.36695861816406,244.2680367260355,240.64834269167596,242.2807558502829,98176600
2018-11-14,239.71685791015625,243.62931112227972,238.1642876570456,243.2300950162858,125335900
2018-11-15,242.2186737060547,242.68002615726408,236.8867227096391,238.45702674823613,135101400
2018-11-16,242.8485565185547,243.75347322367756,240.6128385446377,241.12741972818094,126668000
2018-11-19,238.74099731445312,242.53814021262502,237.82719972907734,242.24535460365777,103061700
2018-11-20,234.32272338867188,236.87781425641884,233.46215496550255,235.42282142769082,136021300
2018-11-21,235.1212615966797,237.01096598131056,235.11240817622902,235.86649217131097,75563700
2018-11-23,233.55096435546875,234.9438483995958,233.39127788631157,233.48885503701393,42807900
2018-11-26,237.3214874267578,237.54328320939965,235.40516861577075,235.7955313591948,79981400
2018-11-27,238.1199188232422,238.1199188232422,235.68904599528867,236.29232395519756,75502400
2018-11-28,243.60267639160156,243.60267639160156,238.0577830930989,239.1845227391462,127629600
2018-11-29,243.07041931152344,244.4632761090894,241.6952693532151,242.8308625626681,82346400
2018-11-30,244.55203247070312,245.11096219306737,242.60024576485566,242.91961870638872,98204200
2018-12-03,247.7902069091797,248.76611364711172,246.20216879552547,248.65965601655134,103176300
2018-12-04,239.76123046875,247.39101047029547,239.45071097180096,246.96515283950714,177986000
2018-12-06,239.3975067138672,239.51284485953988,232.83235657838506,235.9197638003323,204185400
2018-12-07,233.83480834960938,240.62175226185676,233.0008542401647,239.06030166124987,161018900
2018-12-10,234.2783966064453,235.24542272552435,229.44323893637647,233.65735774205484,151445900
2018-12-11,234.3316650390625,237.64972100638724,232.86781841081208,237.46342014543708,121504400
2018-12-12,235.5115509033203,238.6521857615364,235.4317076960782,237.2947970890766,97976700
2018-12-13,235.4317626953125,237.3125864377424,234.3227838778724,236.45201779242177,96662700
2018-12-14,231.0845489501953,234.24291815292884,230.5344998415258,233.29362587845694,116961100
2018-12-17,226.5510711669922,231.24426368960766,224.92752451100824,230.13528484295244,165492300
2018-12-18,226.3025665283203,228.84879010282296,224.70563494823747,228.18340307256625,134515100
2018-12-19,222.91357421875,230.13524260112197,221.21906514046967,226.38246266332683,214992800
2018-12-20,219.2850341796875,223.23299606876677,217.04932908961484,221.6715587646981,252053400
2018-12-21,214.79197692871094,222.8321839675242,214.14947386453696,220.18186223190455,255345600
2018-12-24,209.1165771484375,214.91694316664362,209.05411874876637,213.31068523832312,147311600
2018-12-26,219.68212890625,219.68212890625,208.5989713794765,210.57110150476595,218485400
2018-12-27,221.36863708496094,221.56494454305317,213.23920442718313,216.4606374557433,186267300
2018-12-28,221.08311462402344,224.34023679957718,219.9230390490351,222.7161418877055,153100200
2018-12-31,223.0196075439453,223.2605496346968,220.83331848390992,222.69835596174136,144299400
2019-01-02,223.25152587890625,224.17067294266602,219.47683154570203,219.50360136522636,126925200
2019-01-03,217.92420959472656,221.8149170216202,217.44232542908554,221.5115029254637,144140700
2019-01-04,225.2236785888672,225.8661815561297,220.56553888440885,220.94033001258038,142628800
2019-01-07,226.99949645996094,228.40050047544105,224.5990357792695,225.49139953468548,103139100
2019-01-08,229.13223266601562,229.61411672120437,226.6603948566166,229.17686719364798,102512600
2019-01-09,230.20310974121094,231.04193396167105,228.61470313427708,229.83723728481584,95006600
2019-01-10,231.01516723632812,231.26502803517397,227.99897294347033,228.67717821153101,96823900
2019-01-11,231.1043701171875,231.13113993995213,229.36424993914574,229.94428092089964,73858100
2019-01-14,229.69444274902344,230.4975647437102,228.81101127814628,229.2125586590983,70908200
2019-01-15,232.3269500732422,232.6392828891841,230.06033811024096,230.06927046385758,85208300
2019-01-16,232.88909912109375,233.77253051091907,232.54999654199065,232.75522277360974,77636700
2019-01-17,234.65597534179688,235.5126641905326,231.9788839632567,232.0235184925681,96118400
2019-01-18,237.77926635742188,238.24331299330493,234.69169502898802,236.4585852744533,127900300
2019-01-22,234.56671142578125,236.52992247827257,232.96046764303685,236.31576390264777,115531200
2019-01-23,235.0575714111328,236.2890379149848,232.60357075666337,235.5929951823012,86030300
2019-01-24,235.18247985839844,235.76253814239962,233.87070392027388,234.8790794198042,59204100
2019-01-25,237.17242431640625,237.9934109070511,235.2806176199218,237.0207105042033,96883400
2019-01-28,235.36996459960938,235.4324093899187,233.6120062268064,235.0397942386368,85613700
2019-01-29,235.0575714111328,236.0748520668469,234.22767954385318,235.51268570154357,66136300
2019-01-30,238.7786865234375,239.61751064912445,235.80712714019668,236.56564179420482,92473700
2019-01-31,240.87582397460938,241.3577081917798,238.5021323090979,238.71631820161247,104012100
2019-02-01,240.9917449951172,242.0090527116639,240.20646056117508,241.0720544623004,85782500
2019-02-04,242.68727111816406,242.74974312510167,240.36711960331522,241.0363925076302,60744800
2019-02-05,243.70455932617188,244.00795975036206,242.6158744004156,243.1155959499973,79552800
2019-02-06,243.38330078125,243.91872452251008,242.65158314207002,243.42793531214494,58347800
2019-02-07,241.06317138671875,242.32138038708896,239.41229290069123,241.77705153770148,95482000
2019-02-08,241.3575897216797,241.45573664828157,239.00173668991644,239.8227232038639,75788900
2019-02-11,241.49151611328125,242.26786835499118,240.96502467617663,242.00910242961137,68021400
2019-02-12,244.59693908691406,244.97171665716425,243.0263699812995,243.09777434034584,72270200
2019-02-13,245.39114379882812,246.2299680559357,245.00743385198552,245.42684598053933,65277200
2019-02-14,244.8468017578125,245.971188942763,243.49932360650095,244.31137799198922,83234400
2019-02-15,247.5150146484375,247.55071683597302,246.40849192994528,246.6137182344973,97088700
2019-02-19,247.94329833984375,248.59470651392925,246.71183188365032,246.7207642365391,59120800
2019-02-20,248.44296264648438,248.89807681438003,247.4078175629586,247.90753901945007,76610800
2019-02-21,247.5596466064453,248.16644762426458,246.60481053756558,247.80950745100557,64214700
2019-02-22,249.0944061279297,249.2906999904541,247.54167483498367,248.17524541095906,78114600
2019-02-25,249.4335174560547,251.03085626968215,249.35320798266986,250.51329725249707,69030700
2019-02-26,249.255126953125,250.1296262719881,248.880322078763,249.0855756091028,56844100
2019-02-27,249.14804077148438,249.49604857194083,247.6131735955296,248.54121255193894,56921600
2019-02-28,248.68394470214844,249.37108227772507,248.36270679625503,248.93380548432643,69268300
2019-03-01,250.236572265625,250.64705183012973,248.80878528974637,250.25440973094382,78880500
2019-03-04,249.32647705078125,251.53061705121806,247.0420275644321,251.289688593481,106494600
2019-03-05,248.9873504638672,249.64771822808515,248.44302158963777,249.45139709268793,59114600
2019-03-06,247.47923278808594,249.1122737404231,247.15799490205438,249.1033413882174,75039800
2019-03-07,245.4090118408203,247.17587498414431,244.57018757231435,247.03309348814483,94885100
2019-03-08,244.91818237304688,245.08773368851894,243.09777966921686,243.5617990820547,85795800
2019-03-11,248.46974182128906,248.6303607456137,245.60526207305443,245.6320318937752,65098900
2019-03-12,249.40679931640625,249.92438567363297,248.8357005319486,249.02308934201264,79667500
2019-03-13,251.0576629638672,251.98572906946617,250.12959685826823,250.29024306141176,80639200
2019-03-14,250.8970489501953,251.50384989428085,250.45979933354343,251.08443775264809,67518400
2019-03-15,252.13662719726562,252.94328685219105,251.25824865809702,251.44649021468027,81309000
2019-03-18,253.05076599121094,253.34655843745105,252.12758392601302,252.35165750836913,62199800
2019-03-19,253.113525390625,254.87025470242583,252.22620271448926,254.10842636778548,90268100
2019-03-20,252.3516845703125,254.09946964121386,251.24925993264608,252.8984383933155,84609200
2019-03-21,255.20191955566406,255.60523563223617,251.4912475347911,251.53607866734464,79550400
2019-03-22,250.2902069091797,254.36833541817302,250.22745973759913,253.84849671028795,122659300
2019-03-25,250.10198974609375,251.13272280550842,248.8471830932092,249.94960766733146,85575200
2019-03-26,251.96630859375,252.91637858733375,250.56809134459888,251.84978593086444,68125900
2019-03-27,250.64878845214844,252.539984349727,249.10716059048275,251.95737095653882,72224700
2019-03-28,251.598876953125,252.04702430201155,250.12896787220367,251.27622399124354,56238500
2019-03-29,253.18524169921875,253.50789454083147,251.98421053421598,253.10457848881558,82186800
2019-04-01,256.1878662109375,256.48365873807614,254.90617153397596,255.17507631798742,77617900
2019-04-02,256.3133850097656,256.54643037423904,255.52464133254082,256.37613220062264,40070400
2019-04-03,256.7166748046875,257.9177061153034,256.1161454730113,257.52333435925203,68243200
2019-04-04,257.3978271484375,257.64878849405113,256.3491779856979,257.03931484795163,48997500
2019-04-05,258.6437072753906,258.6974827565158,257.7743005268839,258.061121328043,58621700
2019-04-08,258.8408508300781,258.9484017747412,257.5681008285221,258.22240554553275,53566300
2019-04-09,257.5143737792969,258.20451070581373,256.9676472568753,257.88185781115266,66142300
2019-04-10,258.39263916015625,258.4822740425788,257.5142610767763,257.9265487126492,52601500
2019-04-11,258.32098388671875,258.88565369694953,257.7563140764879,258.8766820006816,55093100
2019-04-12,260.06884765625,260.34669679749004,258.3658933655959,259.9254372361357,69727800
2019-04-15,259.8985290527344,260.2391253546279,259.10081378222185,260.14051873172986,49596700
2019-04-16,260.06884765625,260.8307035462834,259.47728993055614,260.7769280578331,52153200
2019-04-17,259.432373046875,261.2070180975958,259.0200580115087,261.18013036509177,58268300
2019-04-18,259.94329833984375,260.21220307800036,258.72435105561925,260.0150172111129,68708500
2019-04-22,260.16741943359375,260.3198015483036,259.09188234285483,259.18151727193475,40160100
2019-04-23,262.5068054199219,262.73985080306267,260.30192803851355,260.5349460689099,52246600
2019-04-24,261.9241638183594,262.7577111776434,261.7807534093311,262.4260865735888,50392900
2019-04-25,261.7628173828125,262.41712226378763,260.5797293423119,261.82556456716753,57770900
2019-04-26,262.9817199707031,263.05341148117117,261.03674925919904,261.80757659857346,50916400
2019-04-29,263.39398193359375,263.91384790637727,262.98169424508666,263.07132913895236,57197700
2019-04-30,263.52850341796875,263.81532422738735,261.6463068189115,263.053468419192,81111700
2019-05-01,261.5476379394531,264.36201517554906,261.53866624356385,264.15585763921524,71671900
2019-05-02,260.9830017089844,262.34538672821753,259.49514969482624,261.4311489173669,65030200
2019-05-03,263.5374450683594,263.8152941480737,261.09055147473833,262.4529364877734,56543700
2019-05-06,262.452880859375,262.8920562756309,258.93939547114064,259.25310391963586,107198100
2019-05-07,258.070068359375,260.6514008912022,256.16992839920704,260.05984323993033,144729900
2019-05-08,257.7115173339844,259.41447115468867,257.11995977153765,257.7115173339844,91568300
2019-05-09,256.93170166015625,257.5322034636537,253.92013888950547,255.65000750381657,103471100
2019-05-10,258.2223815917969,258.9752654873306,253.0238584758782,255.99956198160442,112429300
2019-05-13,251.73330688476562,254.0905662339205,250.8997594096421,253.1315517289226,127290500
2019-05-14,254.0098114013672,255.53352272595444,252.62056611045082,252.7460330950823,77003200
2019-05-15,255.49769592285156,256.1340573290502,252.1813954882787,252.38755306053397,73956400
2019-05-16,257.8638610839844,259.2172467723307,256.12504808840697,256.1967395916539,76749600
2019-05-17,256.1968688964844,258.6706509743465,255.55153563063962,255.56947903005445,100353000
2019-05-20,254.50282287597656,256.3043561408425,253.75888315659202,254.60140213727013,62877600
2019-05-21,256.7972717285156,257.17369999218766,255.93680956323482,256.1877708565927,46847100
2019-05-22,256.0085144042969,256.9585840594758,255.5334795767074,255.84718801441247,49482500
2019-05-23,252.8805389404297,253.83955325059122,251.4733500353622,253.7947494674691,98733800
2019-05-24,253.45416259765625,254.72691284787726,252.8357171922814,254.31459767580205,55268100
2019-05-28,251.09689331054688,254.68207123353233,251.0789772679172,253.73200127216015,70029400
2019-05-29,249.4117889404297,250.38874638214097,248.01357211075765,249.98543038477186,104972900
2019-05-30,250.09298706054688,250.9982530188687,248.9995069657973,250.16467856637118,62523800
2019-05-31,246.72299194335938,248.38114233820747,246.69610420085868,247.5565666663596,86862800
2019-06-03,246.09559631347656,247.87024198178764,244.76907055860477,246.75884551454325,96428000
2019-06-04,251.43748474121094,251.57192344018316,247.93297010674164,248.38111733847322,77231900
2019-06-05,253.61544799804688,253.64233573511405,251.2492450779357,253.0507781669029,71169700
2019-06-06,255.2646484375,255.93686927504896,253.2659293196054,253.91126241776183,69430400
2019-06-07,257.819091796875,258.89465607265004,256.10716612351325,256.27746425638986,74272200
2019-06-10,259.0022277832031,260.6603781109152,258.9125928609169,259.36074011961,60799100
2019-06-11,258.93951416015625,261.18025074401487,258.2941809298953,260.8127666619331,58641300
2019-06-12,258.4823913574219,259.2621632182266,257.97149691319186,258.7064649888135,47096300
2019-06-13,259.5489196777344,259.90745931903905,258.68848471461854,259.3875932507878,48945200
2019-06-14,259.26214599609375,259.8626479708,258.5002902294228,259.26214599609375,52324700
2019-06-17,259.3607482910156,260.1226041253445,259.1904501391278,259.4951870023116,39205700
2019-06-18,262.0765380859375,263.1252148132128,260.8127594054737,261.1712991311088,85434800
2019-06-19,262.6680603027344,263.19687076799914,261.2429553500235,262.210941361261,78674400
2019-06-20,265.17767333984375,265.581016799397,262.73080690028075,265.3390271353072,116570000
2019-06-21,264.79217529296875,266.1611589574299,264.57602721062443,264.90926466616133,83309500
2019-06-24,264.4679260253906,265.3145150896043,264.3148028256005,264.99930833046005,47582700
2019-06-25,261.8741760253906,264.5491196089081,261.7661019389099,264.5221010872879,82028700
2019-06-26,261.6128234863281,263.2700226295688,261.50474946395036,262.76565886796357,51584900
2019-06-27,262.5405578613281,263.044921742749,261.9911722884758,262.3694314566564,40355200
2019-06-28,263.8915710449219,264.386919654963,262.99993255253844,263.51328434422294,59350900
2019-07-01,266.2872619628906,267.42209435949115,265.0893772140861,267.2059187927584,78705600
2019-07-02,266.98065185546875,267.03468885475655,265.40450857614115,266.24210955085914,61504500
2019-07-03,269.1152648925781,269.1332955541426,267.5121027019195,267.6562105656125,40898900
2019-07-05,268.8090515136719,268.97119004226147,266.60246680207615,267.8903947852347,51677300
2019-07-08,267.3321228027344,268.6290667418327,266.7917249138137,267.5032492589889,45841800
2019-07-09,267.66522216796875,267.9624257362326,266.12511234270954,266.1791493551212,41101300
2019-07-10,268.9441223144531,269.8898249593652,268.1965920202201,268.727974274822,58448500
2019-07-11,269.5746765136719,269.81784313562406,268.5749640265412,269.5836918467792,50826100
2019-07-12,270.7815856933594,270.8536533963706,269.75485455454003,270.0610735778993,40326000
2019-07-15,270.87158203125,271.21383481192174,270.3672181920815,271.21383481192174,33900000
2019-07-16,269.9979553222656,270.98867985359067,269.6917363736322,270.7815196152054,36650100
2019-07-17,268.16070556640625,270.133139969381,268.16070556640625,269.9710288505612,36036300
2019-07-18,269.14227294921875,269.52055951244586,267.2239040848407,267.6652155038027,51392600
2019-07-19,267.6472473144531,270.2591373052025,267.47612092845327,270.2321187961376,58678600
2019-07-22,268.30474853515625,268.84514628615204,267.5301994978204,268.04355124978355,43638100
2019-07-23,270.22320556640625,270.22320556640625,268.5930241034174,269.4216378374374,44564500
2019-07-24,271.4930419921875,271.4930419921875,269.37650038995713,269.4665712532843,47213200
2019-07-25,270.1961669921875,271.09682088216147,269.39457183693844,271.04278384762506,55394100
2019-07-26,272.00640869140625,272.2045535873242,270.75448696588677,270.8805916659106,45084100
2019-07-29,271.51104736328125,272.0064233726971,270.961661818355,271.88933399800305,38126500
2019-07-30,270.8446350097656,271.24994024875394,269.7368208460993,270.1151075682067,45849000
2019-07-31,267.8814392089844,271.2769214493316,265.8729989303073,271.08776437141046,104245200
2019-08-01,265.5487060546875,270.9796462027079,264.7561264832074,268.0345188041901,142646600
2019-08-02,263.5492858886719,264.900266462213,262.0001603982473,264.6570998538528,116749700
2019-08-05,255.62353515625,259.5773905358963,253.73215692294193,259.4693164915534,178745400
2019-08-06,259.2081298828125,259.42430546615407,256.0378386800961,257.50590864289825,120711700
2019-08-07,259.3612365722656,260.1267976833788,254.0203669444034,256.1458963970514,140572300
2019-08-08,264.449951171875,264.449951171875,260.2979505540792,260.847336151514,87713900
2019-08-09,262.648681640625,264.10773653712675,260.8743923871046,263.5133016745195,93730000
2019-08-12,259.4513244628906,262.63961885110217,258.5056215627096,261.1535457059839,65527600
2019-08-13,263.4862365722656,264.92728803115796,258.8118415350156,259.1540943486517,94299800
2019-08-14,255.69554138183594,260.0547013343165,255.5694641754447,259.4512788383251,135622100
2019-08-15,256.37109375,257.2627596852036,254.33563489141036,256.57825401490027,99556600
2019-08-16,260.1538391113281,260.5861353169893,256.42511942287445,258.019294138563,83018300
2019-08-19,263.2880554199219,263.96354562152703,262.48648800661573,263.1619782082209,53571800
2019-08-20,261.2705993652344,263.3150731411027,261.14452215391043,262.78369081572106,51596400
2019-08-21,263.3961486816406,263.7653924594661,262.7386616778172,263.42316718942703,49524700
2019-08-22,263.3151550292969,264.72918821676154,261.54988112141444,264.09874699254823,51666400
2019-08-23,256.55120849609375,263.67538246569245,255.30830200906564,262.0181829782447,149161500
2019-08-26,259.38824462890625,259.38824462890625,257.208650757384,258.73075758618586,72423800
2019-08-27,258.37054443359375,261.1445734568892,257.6139985597237,260.7753021102791,66668900
2019-08-28,260.18988037109375,260.35199145283605,256.91148746063425,257.71308250775724,59696700
2019-08-29,263.5132751464844,264.035669739417,261.7389860715827,262.73872607625174,57899400
2019-08-30,263.3961486816406,265.00829878917193,262.46847659995325,264.99029561256964,62901200
2019-09-03,261.8560485839844,262.6125943955452,260.5320865423105,261.70295284664036,69101400
2019-09-04,264.82830810546875,264.8463112904694,263.27016680088786,264.01772500798256,46887300
2019-09-05,268.23272705078125,269.1423687179154,264.79222286459446,267.30505471636684,83258100
2019-09-06,268.4398193359375,269.07930324088835,267.8724306034567,268.5479208659887,49584300
2019-09-09,268.5749816894531,269.51164187797576,267.63829401515704,269.42159848406766,51260300
2019-09-10,268.51190185546875,268.57495421337273,266.5664864936177,267.81838089006624,57947100
2019-09-11,270.42132568359375,270.5023812339653,268.16969099846807,268.8181628872153,68821100
2019-09-12,271.3580017089844,272.4117513041566,270.5654219362683,271.321967859559,72908700
2019-09-13,271.1777038574219,272.1504248315918,270.8084326992424,271.7991568448754,62104800
2019-09-16,270.34027099609375,271.2229216903592,269.700814439494,270.05205515889173,58191200
2019-09-17,271.0247497558594,271.11479314596744,269.97097273102594,270.1420991494671,41475500
2019-09-18,271.1867980957031,271.2948721274453,268.6109145675291,270.63738511999253,73375800
2019-09-19,271.1687316894531,272.56476104414935,270.8354943069181,271.5740367408274,76560500
2019-09-20,269.8875732421875,272.05008918733927,269.1003904881604,271.76957180280993,89565000
2019-09-23,269.82421875,270.53902859724644,268.97369250459167,269.2270389853923,43476800
2019-09-24,267.7070007324219,271.29910921668215,266.74790122291455,270.9100462786687,94869400
2019-09-25,269.290283203125,269.7336324778592,266.3134424419595,267.78829118773086,71854000
2019-09-26,268.7294921875,269.507618203709,267.3270429198188,269.29952886168803,56179700
2019-09-27,267.2817077636719,269.588997076313,265.73448553679964,269.48039634070557,84746600
2019-09-30,268.5213623046875,269.22711538810705,267.75229329262123,267.7975229006122,51662400
2019-10-01,265.327392578125,270.0505182065115,265.11024626366753,269.3990516504339,88242400
2019-10-02,260.6404113769531,263.7620270421523,259.35559247468234,263.7529700767548,122539500
2019-10-03,262.7757873535156,262.8029306373284,257.70882934443205,260.41421121100484,85278800
2019-10-04,266.33172607421875,266.5850726230297,263.37296973654117,263.42728392308186,65091200
2019-10-07,265.1825866699219,267.1551000311265,264.9020968438826,265.5354770003789,59610500
2019-10-08,261.0656433105469,264.0696285167988,261.0294430659895,263.3367323375145,95708100
2019-10-09,263.5447692871094,264.47672520737086,262.44995371772035,263.0742766520664,62359400
2019-10-10,265.327392578125,266.2050624159976,263.30062000930803,263.4634797451511,55296300
2019-10-11,268.0779113769531,270.30374293493736,267.951251954848,268.06885441369815,98720400
2019-10-14,267.7794189453125,268.4308854111592,267.4355855865738,267.7613050131464,40394800
2019-10-15,270.4305725097656,271.1725259577309,268.7023759914254,268.82000612496955,46754500
2019-10-16,269.9961242675781,270.6837908068591,269.5618318113538,269.9689809890641,48928200
2019-10-17,270.7923889160156,271.66100152133464,270.10472231326054,271.1543085338405,45736600
2019-10-18,269.6070556640625,270.90093126683837,268.75652947180714,270.25852194722205,64304000
2019-10-21,271.4347839355469,271.6338438567144,270.4847415374763,270.9190616234861,39048600
2019-10-22,270.5481262207031,272.25820831993343,270.4576394040979,271.96866155187655,48594700
2019-10-23,271.335205078125,271.38949162474415,270.0865592805065,270.29467611767257,34352200
2019-10-24,271.7786560058594,272.4120361034301,270.95527292409713,272.2672627207654,35453100
2019-10-25,272.8916015625,273.43449487557064,271.1543484832142,271.2086350532512,45205400
2019-10-28,274.4297790527344,274.9274427834081,274.0769163320841,274.104059618288,42147000
2019-10-29,274.3483581542969,275.2712851407752,274.0316680631073,274.15835514466437,44284900
2019-10-30,275.1898193359375,275.56076834015374,273.2444494353092,274.5473822708717,49643900
2019-10-31,274.4568786621094,275.18074553352045,273.0092001446827,275.18074553352045,69053800
2019-11-01,276.99945068359375,277.04468028616344,275.7326904592425,275.8955777764334,71141500
2019-11-04,278.1123962402344,278.6824329073958,277.74141955822927,278.5467164658584,60606900
2019-11-05,277.8046875,278.6099841884755,277.51514076171463,278.311380485651,42933200
2019-11-06,277.86810302734375,278.13953590688425,276.92708969043014,277.80475948454966,46487100
2019-11-07,278.84521484375,280.1752908251547,278.374722106779,279.19810510600064,54272300
2019-11-08,279.53289794921875,279.5871845138949,277.80470200649904,278.50139799497526,49032100
2019-11-11,278.9989929199219,279.1709095366087,278.02177977110307,278.1575237620495,35797300
2019-11-12,279.58721923828125,280.4829752793879,278.8181226595838,279.36101598647036,46484600
2019-11-13,279.67779541015625,280.07591546954694,278.37486205446146,278.6010653785375,53917700
2019-11-14,280.0848083496094,280.16626580577037,278.76378931225406,279.3971693561255,51219900
2019-11-15,282.1116943359375,282.1569239474839,280.72733134761177,281.4149705517262,62023600
2019-11-18,282.3197021484375,282.554962331027,281.42394624195816,281.8763526775857,49228000
2019-11-19,282.2382507324219,282.9259172980814,281.5958413744846,282.9168603339979,67804700
2019-11-20,281.188720703125,282.16593418758833,279.6414982342091,281.6501841603827,79406200
2019-11-21,280.736328125,281.4059085420427,279.94011585540426,281.29733539676613,54664700
2019-11-22,281.3606262207031,281.6139727413129,280.3562971037963,281.4782563218255,44850200
2019-11-25,283.5412292480469,283.5412292480469,282.2835536082596,282.2835536082596,48647200
2019-11-26,284.18359375,284.3645673561452,283.26069462912875,283.5773846335351,37569000
2019-11-27,285.4503479003906,285.4503479003906,284.4459913485111,284.66313758126563,44444600
2019-11-29,284.3917236328125,285.1336767941421,284.165520421141,284.889359653411,36592700
2019-12-02,281.9759521484375,284.7084776187902,281.55068891044095,284.64513407824325,75767800
2019-12-03,280.0848083496094,280.16626580577037,277.8951767026078,279.27048230227246,73941700
2019-12-04,281.8130187988281,282.4101986278276,280.7815464488824,281.1253797697638,49080000
2019-12-05,282.3197021484375,282.52781904939724,281.0167694048144,282.5097327325432,40709000
2019-12-06,284.89849853515625,285.29661851118567,284.2108317378864,284.21988870502037,48927000
2019-12-09,284.0027160644531,285.1789619492192,283.9303155595032,284.5094091482941,34838500
2019-12-10,283.6860656738281,284.60896514579474,283.03459910164406,283.94846921875524,52649800
2019-12-11,284.49139404296875,284.7447406483075,283.60466711792844,284.13850362158126,53429100
2019-12-12,286.943359375,287.7214853233215,284.26512054939514,284.50035315953534,96389600
2019-12-13,287.1152648925781,288.33676795280417,285.93899143681557,286.7080880016024,81503900
2019-12-16,289.0877990722656,289.675922092438,287.0519695013342,288.83445249683575,82749700
2019-12-17,289.1510009765625,289.7662669851132,289.06957114713896,289.46769094389344,61097700
2019-12-18,289.16912841796875,289.76630819803626,289.11484185729864,289.540104991012,48133000
2019-12-19,290.3544921875,290.42689269211144,289.10584580362206,289.35919234435806,85310500
2019-12-20,291.62744140625,292.754916750099,290.4090343656645,291.3819230502159,147142100
2019-12-23,292.0729064941406,292.46388218092653,291.92742136100946,292.4093287245588,52990000
2019-12-24,292.08209228515625,292.3457581508804,291.78202044007725,292.30030617360654,20270000
2019-12-26,293.6368713378906,293.64597283116717,292.45484264705334,292.4639163918748,30911200
2019-12-27,293.5641174316406,294.4188253533874,293.0367580376793,294.3642718901657,42528800
2019-12-30,291.9456787109375,293.7824047534291,291.4637712118447,293.6460210741499,49729100
2019-12-31,292.6548767089844,292.9003950592716,291.10004740048026,291.44557119091616,57077300
2020-01-02,295.3916931152344,295.40989609895155,293.2640251541362,294.18238788142736,59151200
2020-01-03,293.1549072265625,294.27330849354854,291.96377727279395,292.0183307249933,77709700
2020-01-06,294.27349853515625,294.35532876630117,291.2910932304917,291.4093017027458,55653900
2020-01-07,293.44598388671875,294.182483506946,293.0004268675797,293.70964975181556,40496400
2020-01-08,295.00994873046875,296.21925449633176,293.3914641292551,293.63695478138766,68296000
2020-01-09,297.0102844238281,297.08304088810894,295.9828144164329,296.5647551368362,48473300
2020-01-10,296.15557861328125,297.7467863630279,295.69187408088,297.59222743504785,53029300
2020-01-13,298.19232177734375,298.20139552344506,296.34652203143133,296.77387604888196,47086800
2020-01-14,297.7377624511719,298.8015831284965,297.18309837065016,297.7559376961937,62832800
2020-01-15,298.41058349609375,299.1652584571871,297.56497682019716,297.64680703898097,72056600
2020-01-16,300.892822265625,300.892822265625,299.5562067752238,299.7835221460508,54050300
2020-01-17,301.8294372558594,302.03854969119607,300.8292438201229,301.6021218272131,95846000
2020-01-21,301.23834228515625,302.03849689387584,300.80191449746235,300.87464321259114,77742400
2020-01-22,301.27471923828125,302.7386447658529,301.1201603136158,302.09304908519476,48914900
2020-01-23,301.6203308105469,302.029509727266,299.51993823478824,300.6292387606041,51963000
2020-01-24,298.9378967285156,302.35672888648327,297.65583466927774,302.27489868037776,87578400
2020-01-27,294.14605712890625,295.6190561282533,293.3822808977061,293.71870316935264,84062500
2020-01-28,297.2284851074219,298.1013683192747,294.23700720360983,295.5645211349526,63834000
2020-01-29,296.9829406738281,298.8105648851513,296.78290206488504,298.58324954537295,53888900
2020-01-30,297.94683837890625,298.1559785391256,294.18250973419447,294.9280831672491,75491800
2020-01-31,292.5367431640625,297.4831284643793,291.6274815683934,297.3285417837924,113845600
2020-02-03,294.70977783203125,296.56467871474905,293.8914481847437,294.00965659739313,69083000
2020-02-04,299.20159912109375,300.06540868055777,297.9831919914277,298.3014390790439,62573200
2020-02-05,302.6568298339844,302.8659700100723,300.66557228107905,302.1203687719825,65951100
2020-02-06,303.6751708984375,303.86610804710017,302.6022212214516,303.6115159327302,50359700
2020-02-07,302.05670166015625,303.68425987543606,301.5111391738703,302.62043938821614,64139400
2020-02-10,304.3116455078125,304.3753004752346,301.1383316131343,301.1747098442984,42070000
2020-02-11,304.839111328125,306.43939318191843,304.3117239598949,305.65744137529293,54864500
2020-02-12,306.80303955078125,307.0121519449544,305.9028517615865,306.2665508261337,43992700
2020-02-13,306.4757385253906,307.4395536828053,305.111846010355,305.38461341397647,54501900
2020-02-14,306.9666442871094,307.08485270504895,305.69368391786554,306.8848140935639,64582200
2020-02-18,306.17559814453125,307.03030607184627,304.7935030713638,305.97555952859676,57226200
2020-02-19,307.6395263671875,308.31237098409207,306.8575748122398,307.13944365167055,48814700
2020-02-20,306.37567138671875,307.91232553087383,303.4023685434506,307.0939679878166,74163400
2020-02-21,303.22064208984375,305.3392099236803,302.4022842520789,305.0300642343226,113788200
2020-02-24,293.1640319824219,303.2931881390229,292.09108259097366,293.8187012092157,161088400
2020-02-25,284.2806091308594,295.15536915780245,283.40772583983846,294.54617947757,218913200
2020-02-26,283.2348937988281,289.2450976481431,282.50749586116564,285.67170741329534,194773800
2020-02-27,270.5144348144531,283.28954954070747,270.5144348144531,277.74304808095087,284353500
2020-02-28,269.3778076171875,270.85990822902744,259.63052370677684,262.50379323523845,384975800
2020-03-02,281.0436706542969,281.1073256272958,267.74116872064934,271.1508997939303,238703600
2020-03-03,272.9966735839844,285.3626359732163,270.5689608318298,281.41644425276655,300139100
2020-03-04,284.4715881347656,284.68982980097513,275.8063256703997,278.3431734580503,176613400
2020-03-05,275.0152282714844,280.4798988206558,272.78755422327566,277.3065850334191,186366800
2020-03-06,270.4689025878906,271.66913435903734,263.89496007700336,266.5499879663746,228667200
2020-03-09,249.34674072265625,258.4029756621394,248.63751800598203,250.31962924213335,309417300
2020-03-10,262.24920654296875,262.3401104916032,248.6830131414344,258.8121992811534,276444100
2020-03-11,249.46499633789062,256.3572147243874,246.30078376592888,255.22973923308714,255316300
2020-03-12,225.5968780517578,242.46368215490747,225.20588838049142,232.77095094586227,392220700
2020-03-13,244.88226318359375,246.84627094713665,225.96962512099236,239.21755522094293,329566100
2020-03-16,218.0863800048828,233.5892777421095,215.8223138369543,219.29568561096787,297240000
2020-03-17,229.8612823486328,232.92550266983105,215.55860455740523,222.80540507714687,262070500
2020-03-18,218.2227783203125,225.83329327447962,207.32982852060815,214.81304740905762,327597100
2020-03-19,218.68646240234375,224.93309788570622,211.14869122239375,217.54079799071988,289322000
2020-03-20,209.2623748779297,223.59428478802053,208.98798960588374,221.8199425120468,347158800
2020-03-23,203.9119110107422,210.06722076037724,199.62239599139812,208.7044633697625,326025200
2020-03-24,222.38699340820312,223.25588242208778,213.8354145287145,214.40246718551117,235494500
2020-03-25,225.7161407470703,234.45980644396235,219.27730546743715,223.96009476171582,299430300
2020-03-26,238.8956756591797,240.35902646613818,227.78317753221316,228.21304450745478,257632800
2020-03-27,231.77999877929688,238.53895253940948,229.6123819008434,231.64281313729845,224341200
2020-03-30,239.30723571777344,240.02062901450944,231.88062142056566,233.8653195877224,171369500
2020-03-31,235.7402801513672,240.84378198565145,234.34093062328688,238.31032714142557,194881100
2020-04-01,225.13082885742188,235.6579793873622,223.07296016967283,226.80456373148897,189554600
2020-04-02,230.32579040527344,231.1031990211072,223.70402184860143,224.25279236456615,177660400
2020-04-03,226.9966278076172,231.688572678805,224.28024014069945,229.34716379458789,135561200
2020-04-06,242.2431640625,244.20043940890423,226.97836180136105,235.822623231847,188061200
2020-04-07,242.49005126953125,251.54466592390668,242.27055425611888,250.79468057924873,201427200
2020-04-08,250.63009643554688,252.43187579591768,242.5998371553158,245.0784176857371,153774500
2020-04-09,254.4440460205078,257.18787098300805,251.94715525644546,253.87696541582113,189999200
2020-04-13,252.12083435058594,253.81286466392712,248.2337505090599,253.47446418358288,114839100
2020-04-14,259.5566711425781,260.5718728557948,251.98371629741587,256.98662431123626,134143400
2020-04-15,254.04161071777344,259.6938833213936,251.9379948776648,253.86783290758441,121775000
2020-04-16,255.26719665527344,256.1177757239409,252.21240810863327,255.31291590822602,131798300
2020-04-17,262.1632995605469,262.76691639123914,258.2853419351938,261.0108843332455,146684800
2020-04-20,257.5445251464844,262.3004990519238,257.3250281055535,258.47741548206835,100109300
2020-04-21,249.7246856689453,254.2977276747629,248.79176723631318,253.09959290216938,126385700
2020-04-22,255.26719665527344,257.0049469419496,253.26420213122947,254.5812403911935,92951600
2020-04-23,255.2488555908203,259.69386615566833,254.947047152438,256.5384565598926,104709700
2020-04-24,258.80670166015625,259.47437574126815,254.7184016023535,256.7579880798874,85063200
2020-04-27,262.5382385253906,263.6540615008413,260.3157475870202,260.77305162758813,77896600
2020-04-28,261.3310241699219,266.5168372940742,261.02918781823894,266.1692816947441,105270000
2020-04-29,268.17230224609375,269.69971044755005,265.61141007125656,266.63576694119143,118745600
2020-04-30,265.6754455566406,268.27292994080307,263.9468223645414,266.8003959721668,122901700
2020-05-01,258.64202880859375,265.839989989389,257.4804586743474,260.9468311402784,125180000
2020-05-04,259.3554382324219,259.6572466389891,255.2945758379468,256.7670815529989,80873200
2020-05-05,261.7517395019531,264.5504385375619,259.4835009746892,262.1633243825663,79569900
2020-05-06,259.977294921875,263.8277863559486,259.54742809349017,263.4436666694197,73632600
2020-05-07,263.1145324707031,265.0352156540306,262.6115090255703,263.178561756195,75250400
2020-05-08,267.468017578125,267.9344766802259,265.1083128503956,266.2332909565574,76452400
2020-05-11,267.5229797363281,268.8948924529247,265.12670999053455,265.54742207503284,79514200
2020-05-12,262.19073486328125,269.11429745742555,262.0535213092714,268.70274053027424,95870800
2020-05-13,257.5536193847656,262.6662747752704,255.13904085778958,261.63276326538846,144721100
2020-05-14,260.6358947753906,260.7639254068416,249.67887870539946,255.1299635672098,121977900
2020-05-15,261.8340148925781,261.8797341345246,257.3158484879118,258.2578937473351,111146300
2020-05-18,269.80938720703125,271.4099513684289,267.7057997595582,268.0258902625386,119703800
2020-05-19,267.0381164550781,270.9160456986361,267.01983434205823,269.2148881042302,95189300
2020-05-20,271.5746154785156,272.4343494490496,270.33076168126627,270.5594137391396,85861700
2020-05-21,269.6996154785156,272.25137965135684,268.6112297095541,271.4465201336419,78293900
2020-05-22,270.2118835449219,270.38566135817075,268.18145196368334,269.4161787745879,63958200
2020-05-26,273.5410461425781,276.3854925534355,270.2301684648863,276.147685456707,88951400
2020-05-27,277.6109924316406,277.647584570494,271.5196992030563,276.3213916753903,104817400
2020-05-28,277.09881591796875,280.6383447830718,276.4311419598092,278.6353508202171,90405200
2020-05-29,278.33355712890625,278.918891827122,273.8977020474156,276.63237146672736,119090800
2020-06-01,279.45855712890625,280.06220196111565,277.18119137546694,277.69336979462093,55758300
2020-06-02,281.7724304199219,281.818177568528,279.0469163460415,280.37308124642124,74267200
2020-06-03,285.52239990234375,286.473600307981,283.47368633170566,283.7480576450486,92567600
2020-06-04,284.7724609375,286.2724321264174,282.6871548806483,284.5438088351626,75794400
2020-06-05,292.07098388671875,293.83617104202,290.0771446777787,290.14117395158814,150524700
2020-06-08,295.6012878417969,295.793347687751,292.3361309024843,292.87574622029155,73641200
2020-06-09,293.3971862792969,295.6745518741366,292.089275278113,292.9490092600261,77479200
2020-06-10,291.7600402832031,294.86057573896727,291.0466469438034,293.9734045940547,95000800
2020-06-11,274.9403991699219,285.49498720882065,274.3916564962647,284.8639052224834,209243600
2020-06-12,278.2329406738281,282.68707794933687,273.1020022913101,281.9188104439579,194678900
2020-06-15,280.8304748535156,281.95545314075946,271.4008652615078,272.57156280032103,135782700
2020-06-16,286.2358093261719,288.6869808136118,281.3975514551438,288.5406401343892,137627500
2020-06-17,285.0467834472656,287.5436737805925,284.3150801698456,287.25099246962446,83398900
2020-06-18,285.1565246582031,285.63211084262696,283.08037422942215,283.53767829923845,80828700
2020-06-19,283.52685546875,288.7997990416287,281.5885255828859,288.606893993327,135549600
2020-06-22,285.3457946777344,285.74080016258773,281.79068924514235,282.9297852607961,74649400
2020-06-23,286.65936279296875,288.9100244355788,286.2551621058514,287.9821963081801,68471200
2020-06-24,279.3471374511719,285.2447743186567,277.51906654379894,284.6292778033308,132813500
2020-06-25,282.34185791015625,282.60826932957065,276.7657488767601,278.77755738775835,89468000
2020-06-26,275.63580322265625,281.4599607492552,275.05708801773886,281.24866508004715,127961000
2020-06-29,279.68701171875,279.82480106993296,274.6069720524608,276.88519211835774,79773300
2020-06-30,283.26971435546875,284.9600240795426,279.09913989679006,279.25529183832805,113394800
2020-07-01,285.2538757324219,286.5124263442875,283.921874858754,284.3811913050776,72396500
2020-07-02,286.82489013671875,290.01254886227935,286.1634730283053,288.671324037089,69344200
2020-07-06,291.2525939941406,291.83133729460695,289.8838397361495,290.6279302554761,61713800
2020-07-07,288.24853515625,291.68421209790085,287.8718924273588,289.71835291829234,82910000
2020-07-08,290.45343017578125,290.5636616711283,287.2566046728797,289.0111693645855,54638600
2020-07-09,288.7998352050781,291.29851798418645,285.40088203041387,291.0596644429372,83354200
2020-07-10,291.74859619140625,292.0150075609081,287.3116119717187,288.7354816399287,57550400
2020-07-13,289.222412109375,296.45204937769444,288.57019052506786,294.081988558485,102997500
2020-07-14,292.9704284667969,293.74207676938335,286.6134762105575,287.80768781432056,93657000
2020-07-15,295.6620178222656,296.7551932653832,293.2919291339535,296.1764500267383,87196500
2020-07-16,294.68829345703125,295.13841466446394,293.12660611390436,293.76966043976955,54622500
2020-07-17,295.5426025390625,296.32344617655446,293.7236991518469,295.6895871795454,62774900
2020-07-20,297.93109130859375,298.6751818708139,294.5321376523244,295.27622821454463,56308800
2020-07-21,298.56494140625,300.3287011916338,297.5819972984977,299.887775262516,57292200
2020-07-22,300.264404296875,300.57676422399317,298.09644361801094,298.20667510548435,57792900
2020-07-23,296.68170166015625,300.6042824570707,295.32214278131715,299.9061124158589,75738000
2020-07-24,294.77099609375,295.79066538679007,293.2736196426377,294.8353071395609,73766600
2020-07-27,296.9205627441406,297.09510525887373,294.6699006548691,295.45993962173293,48293000
2020-07-28,295.0373840332031,297.3064087498554,294.7434147338862,296.19484259327356,57495000
2020-07-29,298.6659851074219,299.2263658690615,295.8733326700447,295.9100858432154,48454200
2020-07-30,297.60028076171875,298.0136767448375,293.631808282244,295.7078993937221,61861700
2020-07-31,299.9520263671875,300.05309057149844,295.1843190245131,299.38247841301813,84986800
2020-08-03,302.037353515625,302.7998065744939,301.063604773236,301.6055948819654,53077900
2020-08-04,303.2040710449219,303.2040710449219,301.1830667958323,301.1830667958323,41917900
2020-08-05,305.0872497558594,305.344493957488,304.232927632883,304.49933910281294,42697700
2020-08-06,307.1265869140625,307.2460137006027,304.1869778632997,304.5085050498795,43679400
2020-08-07,307.3470764160156,307.631850428163,305.2617613816024,306.16203189273534,57308300
2020-08-10,308.26568603515625,308.4493958165676,305.8680393000417,307.7971742288162,44282100
2020-08-11,305.7210998535156,310.07544003010565,304.99539985279966,309.44158091644624,69601100
2020-08-12,309.9834899902344,310.75513826700785,308.1186663127522,308.14622417854946,53774400
2020-08-13,309.42315673828125,310.7276279995597,308.5045236917194,309.2210563466594,41816100
2020-08-14,309.43231201171875,309.9651348090941,308.31157871851264,309.0373065810643,47260400
2020-08-17,310.4153747558594,310.81038033766623,309.4416257226103,310.4429326328584,35481000
2020-08-18,311.0859069824219,311.5084703323429,309.22105499298743,310.8103002489864,38733900
2020-08-19,309.79071044921875,311.97703410202905,309.23032957168755,311.46260170907806,68054200
2020-08-20,310.7552185058594,311.23289764783453,307.9442033309167,308.0727973930236,42207800
2020-08-21,311.8575744628906,312.0780374355691,310.0845912760767,310.4245090715658,55106600
2020-08-24,315.0176696777344,315.0911479893347,311.8300117530821,314.28274638944663,48588700
2020-08-25,316.1200256347656,316.2026992516571,314.42054875121903,315.578035456616,38463400
2020-08-26,319.2892761230469,319.55565950622474,316.1659295535639,316.7079196553296,50790200
2020-08-27,319.98748779296875,321.42974863429623,318.33395925929887,320.1528630739039,58034100
2020-08-28,322.0543212890625,322.18294335620885,319.8220499903276,321.0070943234452,48588900
2020-08-31,320.8876647949219,322.715735344681,320.65800656366764,321.84305088658607,66099200
2020-09-01,323.91009521484375,324.0111314175669,320.82347286300745,321.7145482524509,54908700
2020-09-02,328.59503173828125,329.55958516400403,324.6724509289128,325.8115748999467,69540000
2020-09-03,317.2867126464844,327.3824818511358,314.714523042197,326.91396998023686,148011100
2020-09-04,314.6960754394531,319.52806537103726,307.6225909820258,317.9664062807728,139156300
2020-09-08,306.0976867675781,314.76041705680797,305.79455021998007,309.31290219076556,114465300
2020-09-09,312.14239501953125,314.59513005964124,309.221120023708,310.0846375080544,91462300
2020-09-10,306.72235107421875,314.65932471702587,305.76696501281884,314.0071032105712,90569500
2020-09-11,306.87847900390625,309.5517038864134,304.06746480466137,308.4952817454925,84680200
2020-09-14,310.92047119140625,312.68425862482945,307.02547682042814,310.02939619225884,65605700
2020-09-15,312.491455078125,314.19090400039585,310.9297674888142,313.3641397614204,52920900
2020-09-16,311.2513122558594,315.1463081116927,310.97570547101816,313.72243784395954,82096000
2020-09-17,308.51373291015625,310.22240503175595,305.8956230024617,306.41925059089203,91523300
2020-09-18,304.9618225097656,309.425799922104,302.4900382490499,309.31512721590326,105877900
2020-09-21,301.56781005859375,301.71538308915785,296.73491293099994,300.3964860710057,99450800
2020-09-22,304.6390380859375,305.19242981762375,300.54397867680115,303.043459504694,63612100
2020-09-23,297.57421875,305.46919293283975,297.0761632901137,305.19248294549067,93112200
2020-09-24,298.3673400878906,301.41095239116913,294.95478119915913,296.26447402550286,76681300
2020-09-25,303.1911315917969,303.9750729756473,296.65195372295256,297.51889967168074,71069400
2020-09-28,308.2268371582031,308.9370058544443,306.34531653525386,307.33219516977516,64584600
2020-09-29,306.54827880859375,308.76181796353166,305.85654606350835,308.0239809607782,51304000
2020-09-30,308.8724365234375,312.008285169371,307.0185842537715,307.2122614897057,104081100
2020-10-01,310.8554992675781,312.4234100301672,308.9832103165565,311.4549953869998,88698700
2020-10-02,307.9040222167969,310.82775782543484,305.4599059080019,305.93029309925635,89431100
2020-10-05,313.3641052246094,313.5485503664023,309.90544216593185,309.9515464147121,45713100
2020-10-06,308.9093933105469,315.5869392662672,308.4021338856836,313.50250890517106,90128900
2020-10-07,314.2864074707031,315.0888127766719,311.8238270503118,311.85149522821865,56999600
2020-10-08,317.07183837890625,317.13640685603946,315.30099019284074,316.2140965427438,45242500
2020-10-09,319.9032897949219,320.3644448823741,318.0955697331776,318.71350178822684,59528600
2020-10-12,325.0498046875,326.5162746526731,321.9416235525097,322.43044687423406,80388500
2020-10-13,322.92852783203125,325.08673067665825,321.9693171855265,324.9114894581619,73255500
2020-10-14,320.8994445800781,324.5886861095269,320.170839643621,323.50036661354255,57727900
2020-10-15,320.5027770996094,320.9823682447695,316.4722862478962,317.00721375031816,60357700
2020-10-16,320.3091735839844,323.5003595562706,320.13393236342415,321.849416126788,89501900
2020-10-19,315.4393615722656,322.19065172366453,314.54471943593575,321.5634874612231,68425600
2020-10-20,316.702880859375,319.9309665581509,316.0203803185693,316.77665329081066,60051900
2020-10-21,316.1033630371094,318.8149570886233,315.7989849301,316.6567266013599,63575000
2020-10-22,317.83734130859375,318.4184013053326,314.1850003748197,316.3155349317443,55399300
2020-10-23,318.9164733886719,319.11015068212924,316.47235657754385,319.05481431257,49143900
2020-10-26,313.0229187011719,316.33400943251553,309.5457907177374,315.55004001693953,91473000
2020-10-27,311.9436950683594,313.69607847128503,311.7315536316538,313.3640603755734,65994100
2020-10-28,301.2818298339844,311.97140084146156,300.79300659194,306.29919918276926,127094300
2020-10-29,304.34393310546875,307.49821826025516,299.83382266999,301.5124340067126,90597700
2020-10-30,301.1712341308594,304.07650614801975,297.5373290450951,302.77604515722487,120287300
2020-11-02,304.5469665527344,306.53913264808244,301.8169069543819,304.5469665527344,86068300
2020-11-03,309.9239807128906,311.9715110465133,304.62992771419084,307.7657776282638,93294200
2020-11-04,316.8504943847656,320.90865415281115,313.2073573716277,314.3786813421589,126959700
2020-11-05,323.0298767089844,324.8283926420073,321.75708428212755,322.1075666195716,82039700
2020-11-06,322.95611572265625,324.201240016789,320.64110830931844,322.74397426177785,74973000
2020-11-09,327.0143127441406,336.071405953707,326.5531576293563,335.6932553819829,172304200
2020-11-10,326.5346374511719,327.5860562057927,323.2788843052544,326.02735006756774,85552000
2020-11-11,328.9603576660156,329.7811990235241,327.47542376010495,328.7113159236971,58649000
2020-11-12,325.76922607421875,329.0065443622718,323.9707378060497,327.9550970682561,67546200
2020-11-13,330.2793273925781,331.01716438135384,327.1526819336186,327.669173455097,62892200
2020-11-16,334.4020690917969,334.59574638349557,331.65357412637275,332.93559901843656,74541100
2020-11-17,332.60357666015625,333.8025970851637,330.5007100442092,332.0040805209926,66111000
2020-11-18,328.6006774902344,333.4151378683076,328.5637772011029,332.8709782269809,70591300
2020-11-19,329.98419189453125,330.35311040072077,326.6362008611728,327.9735621111223,59940900
2020-11-20,327.7244873046875,329.9288223028838,327.65071486954946,329.7259129229104,70417300
2020-11-23,329.68896484375,330.9433212326786,327.3001850306235,329.52295577874605,63230600
2020-11-24,335.0014953613281,335.5456549747492,331.376823210232,332.2253327900278,62415900
2020-11-25,334.48504638671875,334.9462015223956,333.3967270217236,334.918533340122,45330900
2020-11-27,335.4164733886719,335.8868323255252,334.41113076964695,335.57325031873427,28514100
2020-11-30,333.931640625,334.90928722000234,331.2661786885653,334.6418093714301,83872700
2020-12-01,337.58404541015625,339.1150840650687,336.5787304430176,337.16902261455584,74231400
2020-12-02,338.294189453125,338.45096643579234,335.90540924809943,336.4772371080401,45927000
2020-12-03,338.201904296875,339.5853694938199,337.10435298889837,338.19267218862717,62882000
2020-12-04,341.11639404296875,341.11639404296875,338.69071399123095,338.78295063000496,50749900
2020-12-07,340.4155578613281,340.9043812700097,339.15199705851046,340.3509893751465,48944300
2020-12-08,341.4116516113281,341.9742474423822,339.1058756217369,339.1519798828569,42458900
2020-12-09,338.34954833984375,342.22323481665705,337.51947467671783,342.0664578235537,74098300
2020-12-10,338.2388916015625,339.28107867484596,336.11756086582494,336.984534864023,57735400
2020-12-11,337.84222412109375,338.2480428717824,335.03842130301246,336.5509954355729,57698600
2020-12-14,336.32965087890625,341.0703108111561,336.1544096839779,340.0004557165168,69216200
2020-12-15,340.8766174316406,340.8766174316406,337.49175481944405,338.8567558775116,63865300
2020-12-16,341.4116516113281,342.32472989626876,340.21263120873294,341.0888373434494,58420500
2020-12-17,343.3207092285156,343.52361858028996,342.22315793664603,343.0440274518557,64119500
2020-12-18,341.949951171875,343.7746487031401,339.94926543201143,343.60793195814915,136542300
2020-12-21,340.7272644042969,350.5454322565791,335.3272876322013,338.05044054116735,96386700
2020-12-22,340.1530456542969,341.16264587198805,339.0323009380207,341.051501373403,47949000
2020-12-23,340.4586486816406,342.35743274971173,340.1344584521365,341.1162723357877,46201400
2020-12-24,341.7831726074219,341.8109587265613,340.34750934079955,340.9310178427268,26457900
2020-12-28,344.7193908691406,345.1083965593925,343.70051933120067,344.32108544977285,39000400
2020-12-29,344.06170654296875,346.41436818810644,343.47816979581654,346.2383800178018,53680500
2020-12-30,344.55267333984375,345.5808164221914,344.16366761858706,344.8768636186617,49455300
2020-12-31,346.3033142089844,347.0257817355218,343.84877891155986,344.35820063241187,78520700
2021-01-04,341.5887145996094,347.75748825794324,337.91153359546706,347.6278008405059,110210800
2021-01-05,343.9414367675781,345.02515236805255,340.9033640733662,340.94969313435314,66426200
2021-01-06,345.9975891113281,349.17461974787045,341.8943450056138,342.4408242377529,107997700
2021-01-07,351.1382751464844,351.87925728639124,348.1835615169557,348.3595497218485,68766800
2021-01-08,353.1390075683594,353.35202512177233,349.2858377443825,352.51841303741696,71677200
2021-01-11,350.75848388671875,352.5090660622088,349.8600282756686,349.9804442235394,51034700
2021-01-12,350.8325500488281,351.8421500854146,348.600304213812,350.9437227941285,52547700
2021-01-13,351.7773132324219,352.7683702844573,349.9804022259505,350.7584417957653,45303600
2021-01-14,350.54547119140625,353.0185492874925,350.2120377042884,352.51837079015854,49989100
2021-01-15,347.989013671875,349.7303243022452,346.13653029489757,348.9337700181384,107160000
2021-01-19,350.721435546875,351.25867159512734,348.9615818623468,350.43430286360933,51233300
2021-01-20,355.57501220703125,356.40862425349655,352.61102685664434,353.0000326205539,61836100
2021-01-21,355.89910888671875,356.5567608588735,354.9821386306928,356.13066931635393,47840100
2021-01-22,354.63946533203125,355.79726758341997,353.676165944212,354.0559284746663,52860500
2021-01-25,356.03814697265625,356.39009516001715,350.54551087699815,355.3712516562635,70402000
2021-01-26,355.4822998046875,357.390355390859,355.2507393863011,356.9828067931668,42665300
2021-01-27,346.79412841796875,352.26821978545763,344.5711541827748,352.1755899701056,123351100
2021-01-28,349.77667236328125,353.7595005336595,348.1650207830178,348.6003272642872,94198100
2021-01-29,342.7742004394531,348.88740002400107,341.1069487709505,347.9241009444205,126765100
2021-02-01,348.4799499511719,349.5080647438886,343.0614299643618,346.1550740721614,75817600
2021-02-02,353.407470703125,354.9543066103931,348.56324523222656,351.64761731879656,64450700
2021-02-03,353.6854553222656,355.3990083944463,352.41650851313454,354.2319346206023,52427100
2021-02-04,357.7052307128906,357.7515314842821,353.7964901947067,354.7134602947919,47142600
2021-02-05,359.1131896972656,359.8171424896875,357.6590115971153,359.56706738711136,48669800
2021-02-08,361.7066345214844,361.7529352971616,359.7059491724851,360.55807565817906,38365200
2021-02-09,361.4658508300781,362.05865913101644,360.4655221555642,360.8730425291398,35551100
2021-02-10,361.3084411621094,363.34618472348745,358.9187494098211,363.19798262205444,59154400
2021-02-11,361.8918762207031,362.7996032364326,359.4743990216484,362.3827831768322,42913300
2021-02-12,363.67962646484375,363.9204301330663,361.0212885169638,361.0954036969238,50593300
2021-02-16,363.3646240234375,365.09671982469814,362.6514280582041,364.90218870691695,50972400
2021-02-17,363.447998046875,363.69807313250533,360.6136724097959,361.6233007480512,52290600
2021-02-18,361.9011535644531,362.64213560839346,359.14094315746735,360.854495934064,59712800
2021-02-19,361.2620544433594,363.4387281237623,360.8174482448131,363.1515954538638,83241000
2021-02-22,358.4833679199219,360.88233082469856,358.21474987936415,358.5111540436584,67414200
2021-02-23,358.91864013671875,360.26170183872983,352.15708738402975,356.2881172371343,107284100
2021-02-24,362.87371826171875,363.2998098164091,356.85314691923423,357.83496090759934,72433900
2021-02-25,354.1300048828125,362.9756307811768,352.6943414403151,361.614054243243,146670500
2021-02-26,352.3052673339844,357.14024997245446,350.3323963247881,356.0009908112732,152701600
2021-03-01,360.84527587890625,362.0864647926419,352.49985630016823,357.14958006161066,105348800
2021-03-02,358.0294189453125,361.2990505070929,357.52924059044653,361.0674901181094,79595300
2021-03-03,353.287109375,358.2980519232204,353.18520809288117,357.33478094068346,119940200
2021-03-04,348.91534423828125,355.6768989799336,344.45085137854505,353.1019475606932,183433000
2021-03-05,355.3341369628906,356.3807946921803,345.1547488924629,352.39793809635813,152039600
2021-03-08,353.5650329589844,359.08542635862597,353.28717171626954,356.2881862042194,123149200
2021-03-09,358.61297607421875,361.15086903670385,356.8901519833952,357.3903303667505,113633600
2021-03-10,360.84527587890625,362.53104277568065,359.53929978707265,360.9471771777907,109899400
2021-03-11,364.50384521484375,366.46747282760145,362.84586488395325,363.2997424761979,86245000
2021-03-12,364.9949035644531,365.1338342047662,362.3458651336134,363.1516911140904,64653600
2021-03-15,367.1714782714844,367.43082481864235,363.11453507428547,365.2448796926078,73427200
2021-03-16,366.7083435058594,368.48671168557286,365.9395470892931,367.78278723665204,73722500
2021-03-17,367.9587707519531,368.7553250112462,364.2908334278087,365.4301208451546,97959300
2021-03-18,362.6051330566406,367.458630815987,361.92896639831395,365.3838583264933,115349100
2021-03-19,361.9342041015625,363.8763863440196,359.7689764719853,362.30590860111545,113624500
2021-03-22,364.8242492675781,366.1995871570597,362.3895521009953,362.4453063598302,73778600
2021-03-23,361.9527893066406,365.6327121636265,361.17220132844585,364.1923465537259,90686600
2021-03-24,360.1127624511719,364.97288259292316,360.0663100287804,363.34665077996937,97588600
2021-03-25,362.1387023925781,362.92856394278317,356.7488870499017,358.6817961242546,116128600
2021-03-26,367.97442626953125,368.3740078236016,362.6868477914323,363.28156920877854,114409100
2021-03-29,367.7886047363281,368.69000297943103,365.02865575356833,366.50620018848747,108107600
2021-03-30,366.81292724609375,367.4820067384965,365.22384572711366,366.52485411067954,76262200
2021-03-31,368.2997131347656,369.85161555750506,367.35186241979716,367.379739547907,112734200
2021-04-01,372.27703857421875,372.3328211938381,370.0189059510316,370.22334769217844,99682900
2021-04-05,377.6203308105469,378.1593264135541,374.85110832067795,374.92543787321307,91684800
2021-04-06,377.3973083496094,378.43809222549146,376.72822894950895,377.062782829176,62021000
2021-04-07,377.8341064453125,378.17793382855064,376.7747471661256,377.2300830672533,55836300
2021-04-08,379.6275939941406,379.6833482520154,378.1500494419872,379.07932488554803,57863100
2021-04-09,382.387451171875,382.5547422644756,379.38591036142475,379.5067206774916,61104600
2021-04-12,382.52691650390625,382.79638593522094,381.1887577388025,381.7927810410096,56704900
2021-04-13,383.66064453125,384.2832715540899,382.04371434066746,382.42472067416116,56551000
2021-04-14,382.35040283203125,384.68286497352676,381.8114071791653,383.63277915671523,61659900
2021-04-15,386.45782470703125,386.7273225614878,384.4320107814022,384.47846321595966,60229800
2021-04-16,387.7494812011719,388.35350456848977,386.3276909048911,387.7401793717676,82037300
2021-04-19,385.84442138671875,387.26621157931834,384.52486623240225,386.82017754821817,78498500
2021-04-20,383.0194396972656,385.7329078820872,381.55116873929074,384.63636975752553,81851800
2021-04-21,386.6435852050781,386.8480269077358,382.26667807443886,382.4060920583846,66793000
2021-04-22,383.11236572265625,387.303406925715,382.05300649472724,386.47636655189376,97582800
2021-04-23,387.2662353515625,388.66945033208026,383.59561440222234,383.6699439588904,73209200
2021-04-26,388.07476806640625,388.64164092682,387.33135893323873,387.91680709624745,52182400
2021-04-27,387.9910583496094,388.56723292463965,386.8573412168641,388.37206467020457,51303100
2021-04-28,387.8794860839844,389.3756339925639,387.41484845610245,388.26049234195517,51238900
2021-04-29,390.3514099121094,390.96473505982385,386.9874376079578,390.5930305834243,78544300
2021-04-30,387.7865295410156,388.9388500730673,386.8944332897728,388.093206238124,85527000
2021-05-03,388.6229553222656,390.1469521204787,388.13044053050237,389.7659458311173,68128300
2021-05-04,386.2254333496094,387.13613344183,382.55481257184357,386.64361861912283,101591200
2021-05-05,386.34619140625,388.0932334418477,385.78862057542915,387.86091462560825,60162200
2021-05-06,389.4314880371094,389.5615718594526,384.42267951252586,386.4206161525747,74321400
2021-05-07,392.26568603515625,392.9161900904021,389.5150390811732,390.1934202611164,67733800
2021-05-10,388.3813171386719,392.8418271889012,388.2605068134428,392.6188101941591,81852400
2021-05-11,384.9150695800781,385.90009901548007,381.05858320269573,383.8835877287383,116888000
2021-05-12,376.7375183105469,383.40970843345315,375.4272366804108,382.1459075857726,134811000
2021-05-13,381.26312255859375,383.1867295062854,378.23367557967265,378.2801563667472,106394000
2021-05-14,387.1175842285156,387.9632283561021,383.95805312758887,383.98593025886146,82201600
2021-05-17,386.1325378417969,386.9410313324155,384.1252993987615,386.01175585096786,65129200
2021-05-18,382.8057556152344,386.6343661765269,382.6477663005699,386.39274546912407,59810200
2021-05-19,381.8021240234375,381.9786886398152,376.66323156600845,378.1408045892193,106467100
2021-05-20,385.909423828125,387.1639510846834,382.55475379550967,382.67553575598805,78022200
2021-05-21,385.5935363769531,388.6229832530187,385.1382005063425,387.3870310910262,76578700
2021-05-24,389.52447509765625,390.5931363915081,387.5822640908166,387.8238848275843,51376700
2021-05-25,388.6601257324219,390.95543705465997,388.08397953448286,390.60230787289504,57451400
2021-05-26,389.4314880371094,389.93327638516723,388.2141394088324,389.2456215946333,43088600
2021-05-27,389.635986328125,390.96484367105006,389.3571866239486,390.4537534189225,56707700
2021-05-28,390.3328552246094,391.457270541841,390.10053636968837,391.19707455869894,58520200
2021-06-01,389.9889831542969,392.8232615157594,389.55222262273975,392.68387589063093,54216600
2021-06-02,390.602294921875,391.43866542326464,389.63586897767476,390.639473876416,49097100
2021-06-03,389.1527099609375,390.2864272607624,386.8388229277106,388.29779234029263,58138800
2021-06-04,392.7117919921875,393.0091669281305,389.21770739294345,390.99262682035794,55938800
2021-06-07,392.3308410644531,392.87911022793645,391.4015655278565,392.70254560724396,51555000
2021-06-08,392.4143981933594,393.2786174726193,390.5930264269201,393.18568426469994,47134300
2021-06-09,391.8290710449219,393.32521958400577,391.60605396450876,393.25086165103994,48436300
2021-06-10,393.6502990722656,394.5981780350405,391.7359942091365,393.0462757947363,51020100
2021-06-11,394.3008728027344,394.4123813217684,392.91626142600035,394.1986661133654,45570800
2021-06-14,395.1836242675781,395.28583093843525,393.17638621080886,394.4123098852329,42358500
2021-06-15,394.4588317871094,395.3695035287047,393.585310642845,395.3323529313738,51508500
2021-06-16,392.2564392089844,394.82124847769757,390.22135210226025,394.59823144884797,80386100
2021-06-17,392.1263732910156,393.10210119599844,389.66379895429577,391.84760199223103,90949700
2021-06-18,386.83642578125,389.5494393113769,386.6313151981734,388.85953482830837,118676300
2021-06-21,392.3743591308594,392.5608336456239,387.7780497072785,388.5891597876732,72822000
2021-06-22,394.4720764160156,395.30185103388027,391.64716102430225,392.36506231212155,57700300
2021-06-23,393.99658203125,395.34842259301394,393.91267704068656,394.54664482628675,49445400
2021-06-24,396.3273620605469,396.74688700384473,395.879840335682,396.13158375367453,45110300
2021-06-25,397.7351989746094,398.18272076667404,396.7469465793157,397.0732627744451,58129500
2021-06-28,398.5369567871094,398.7047667692016,397.0639106353862,398.25727348362227,53159600
2021-06-29,398.75146484375,399.553242746234,398.22003802818597,398.91927485329046,35970500
2021-06-30,399.0870361328125,399.75830454102925,398.2665938058792,398.2945621373876,64827900
2021-07-01,401.2966003417969,401.45510651405067,399.77692134836326,399.84219026940974,53441000
2021-07-02,404.3639221191406,404.7182065985421,401.3805008260889,402.4526865249136,57697700
2021-07-06,403.6274108886719,404.6343277321894,400.90506510112056,404.4198848881772,68710400
2021-07-07,405.0538330078125,405.33354476274883,402.303519022366,404.3079918986779,63549500
2021-07-08,401.75347900390625,402.50865241662655,398.5835829803211,399.75830982322657,97595200
2021-07-09,406.0421447753906,406.34049264356514,401.55770829871153,403.254529790433,76238600
2021-07-12,407.4964904785156,407.7482339001441,405.52931821683023,405.95817542684443,52889600
2021-07-13,406.1073303222656,408.20504032687353,405.84628310421715,406.7133297443053,52911300
2021-07-14,406.7133483886719,408.2796602207777,405.47338115910287,407.7948378993106,64130400
2021-07-15,405.32421875,406.05142380082106,403.43161916568266,405.3801554114466,55126400
2021-07-16,402.1450500488281,406.5455812846176,401.7534933885176,406.4989768804911,75874700
2021-07-19,396.2061767578125,402.2102917266134,393.40922985130334,397.34360297120685,147987000
2021-07-20,401.88397216796875,403.1519362165868,396.07563556513816,396.8681095390226,99608200
2021-07-21,405.1377868652344,405.27765698558056,401.8374096846167,403.0773770798175,64724400
2021-07-22,405.9861145019531,406.22852564545667,404.33592624936387,405.3148461793383,47878500
2021-07-23,410.16290283203125,410.4985227710104,407.2261145579136,407.90668669595885,63766600
2021-07-26,411.1698303222656,411.1791625832427,409.5289741551596,409.57557855601476,43719200
2021-07-27,409.2959289550781,410.162975736901,406.48031730156396,410.1350074036814,67397100
2021-07-28,409.12811279296875,410.49861809942547,407.71100307927964,409.92058688005255,52472400
2021-07-29,410.8249206542969,411.897078053185,410.04177885549115,410.05111111743514,47435300
2021-07-30,408.8297119140625,410.27478967456426,408.1397790411661,408.2703168786377,68951200
2021-08-02,407.9720458984375,411.08597709125746,407.61776136087985,410.5359142126354,58783300
2021-08-03,411.291015625,411.4122212036647,406.5828332901923,408.76444835011597,58053900
2021-08-04,409.2679443359375,411.2630850809124,409.0348654177105,410.0137854934574,46732200
2021-08-05,411.8597717285156,411.94367672299376,410.1070137495975,410.42399765718676,38969700
2021-08-06,412.54034423828125,412.9598976629853,411.89704416147674,412.17675592861804,46930000
2021-08-09,412.2047119140625,412.8293474498061,411.44020627292963,412.51236355148603,41222600
2021-08-10,412.7175598144531,413.42612894134754,411.97171854026385,412.65229087865583,43339300
2021-08-11,413.74298095703125,413.83621819957546,412.66149153794436,413.78028154445127,44034300
2021-08-12,414.9830322265625,415.12290234474574,412.69887580714226,413.5938909226204,38909400
2021-08-13,415.7381896972656,415.75682576675683,414.9457157376628,415.43050961256574,39470300
2021-08-16,416.7171630859375,416.84767249312245,412.8946629015271,414.4423104279769,73740000
2021-08-17,413.9853820800781,414.84309640590254,411.0112933625558,414.17182810864335,92673900
2021-08-18,409.454345703125,414.53547694662274,409.2119630019986,412.97849742393936,89351900
2021-08-19,410.08837890625,411.2817703416824,406.60152721840166,406.7413688859858,92812200
2021-08-20,413.35150146484375,413.6778176710646,409.94855463315577,410.4333770373761,72008700
2021-08-23,416.98748779296875,417.89183507049324,413.42603534317016,415.02961932645024,54973000
2021-08-24,417.6494140625,418.18084077483024,417.1366518711725,417.6494140625,38744700
2021-08-25,418.5258483886719,419.03861064787276,417.4629948233235,417.8359438685796,40529700
2021-08-26,416.05517578125,418.4791736205417,415.9619385292738,418.2460947166087,57829600
2021-08-27,419.7751159667969,420.1480365315559,416.80102680571815,416.85696346783124,77235100
2021-08-30,421.6211242675781,422.4042660135,420.203986244658,420.4463974226872,48357400
2021-08-31,420.9964294433594,421.8634761216063,420.39976225528045,421.5278561630646,59300200
2021-09-01,421.22027587890625,422.44160732631747,420.9871969240259,421.9288450063891,48721400
2021-09-02,422.5161437988281,423.31792162382027,421.3227808707356,422.6373493891215,42501000
2021-09-03,422.41357421875,422.92636491207014,420.98713237168766,421.38804973614276,47170500
2021-09-07,420.9032287597656,422.16186061767115,420.23196033235047,422.0686233593047,51671500
2021-09-08,420.390380859375,421.09894973616434,418.479117034354,420.37174479230555,56181900
2021-09-09,418.5910949707031,421.9381047734719,418.3486837946311,420.194679042839,57970400
2021-09-10,415.2906799316406,420.93117815889764,415.16947434641764,420.51165319314345,89948200
2021-09-13,416.35345458984375,418.5350979558744,414.05063410526645,418.27405074698356,83738600
2021-09-14,414.10662841796875,417.9943684978522,413.2209172260456,417.7892579298286,78197100
2021-09-15,417.5655212402344,418.05964737696985,413.4260376429731,414.5261632376649,78792200
2021-09-16,416.903564453125,418.01299380157405,413.9667476565997,417.04340609771833,77786700
2021-09-17,412.8424987792969,416.55565067502687,412.4870792787578,416.13478169530885,118425000
2021-09-20,405.95867919921875,408.31563107334745,401.1137908654286,406.74432982392835,166445500
2021-09-21,405.57525634765625,409.57835018926,405.0514891940385,408.2876280809987,92526100
2021-09-22,409.531494140625,411.561112902549,405.68741498694294,407.83859908430554,102350100
2021-09-23,414.50732421875,416.1067119256756,411.1589540771979,411.39277968477785,76396000
2021-09-24,415.190185546875,415.901024665174,412.6648570794647,412.87998695557377,62094800
2021-09-27,414.00225830078125,415.32100953578424,413.31011513170654,414.1612437208706,61371100
2021-09-28,405.65936279296875,411.57048088015347,404.9298280542011,411.24311932770905,130436300
2021-09-29,406.34222412109375,408.76465441878804,405.78103685503703,407.03433890810066,82329200
2021-09-30,401.3757019042969,408.5120355292715,401.0389781842043,407.81055870084094,140506000
2021-10-01,406.1457214355469,407.819920791209,399.5892707562588,403.0966548978282,129240100
2021-10-04,400.9080505371094,405.88383781213133,398.7755335780304,404.9859554641585,128570000
2021-10-05,405.0794982910156,407.31485631227736,401.60953418086086,402.4045184317474,90682500
2021-10-06,406.7630310058594,406.9687986871979,399.87921865411016,401.4972736297954,113032200
2021-10-07,410.2798156738281,413.10441906944726,409.8495844974605,410.0272942635366,72437500
2021-10-08,409.531494140625,411.4301854093212,408.90485751836167,411.04670800109915,74557400
2021-10-11,406.566650390625,411.77629222213716,406.5011723645591,408.8768487322521,65233300
2021-10-12,405.5658264160156,407.8853866681187,404.78017581687527,407.48321348221907,71181200
2021-10-13,407.0249328613281,407.83864146494665,403.62044662249696,406.58533954701886,72974000
2021-10-14,413.8713073730469,414.0209591805535,410.2049094470439,410.6725606418157,70236800
2021-10-15,417.02325439453125,417.3880360118953,415.3584173525913,415.9757203290179,66260200
2021-10-18,418.2579650878906,418.59466031762287,414.59156639728883,415.24628962377227,62213200
2021-10-19,421.48468017578125,421.5501296498801,419.26798954865865,419.8759589330048,46996800
2021-10-20,423.1401672363281,423.4394708582434,421.8307495694043,421.9429812918315,49571600
2021-10-21,424.2437438964844,424.468207302538,422.1112559094967,422.54148695215264,41305400
2021-10-22,423.8042297363281,425.2539656192229,421.86814686856104,423.8135918943795,58845100
2021-10-25,426.0770263671875,426.40438793845834,423.12149569678843,424.88920251258514,45214500
2021-10-26,426.4604797363281,428.8267936967001,426.0863644802023,427.6202741364318,56075100
2021-10-27,424.57122802734375,427.58290328215884,424.4963878416024,426.918846485335,72438000
2021-10-28,428.6678161621094,428.742627797446,425.98350275745725,425.9928363723962,51437900
2021-10-29,429.5376281738281,429.8275696350324,426.08636002655044,426.3763014877547,70162400
2021-11-01,430.2764892578125,430.8937922170224,428.55553640630086,430.5196484527775,48433600
2021-11-02,432.0162658691406,432.32493171177157,430.3140082842668,430.44496434918176,48908400
2021-11-03,434.65374755859375,435.05592075419565,431.0154073955712,431.45500068055804,52509800
2021-11-04,436.7021179199219,436.78629172441015,434.90632446133264,435.2523818386185,52847100
2021-11-05,438.21722412109375,440.2000606050428,436.71140098602126,438.9187009079529,66390600
2021-11-08,438.5913391113281,439.80724933374427,437.9085866401388,439.3115402130442,50405200
2021-11-09,437.1417236328125,439.190038562837,435.7387697652981,438.9562129182513,51149100
2021-11-10,433.6249084472656,437.14165472126496,432.1471431654352,435.45809321974474,69429700
2021-11-11,433.7652282714844,435.1869063329562,433.7465324971055,435.1120661491066,34848500
2021-11-12,437.0387268066406,437.59055177805936,434.0831679013753,435.0278324259744,53466700
2021-11-15,437.18841552734375,438.4791374698599,436.06606971793025,438.32015203819657,46980500
2021-11-16,438.91876220703125,440.0504702557984,436.8517516451615,436.926563287216,48857500
2021-11-17,437.8525085449219,438.83456471339144,437.23520549442225,438.65685496204304,47858300
2021-11-18,439.339599609375,439.601483135465,436.1689108233059,438.88128203134477,50625600
2021-11-19,438.553955078125,440.4713135766684,438.1891734422036,439.2273454032156,57315600
2021-11-22,437.3193664550781,442.9031231346711,437.11359877761777,440.42457739014736,72762000
2021-11-23,437.89923095703125,438.7503595623578,434.4012091306797,436.9919864914119,73206500
2021-11-24,439.0683898925781,439.18998377950254,435.09335443045563,435.90706300520714,61858800
2021-11-26,429.27581787109375,433.88685264976294,428.153443379823,432.4277829370123,112669600
2021-11-29,434.54156494140625,436.3747499241281,431.8572512237715,434.04585573790405,86268800
2021-11-30,426.08636474609375,434.0083773215289,425.8431769850362,432.10971456592034,148559600
2021-12-01,421.3537902832031,434.6070397085966,421.1573847437486,431.77307418093795,131939200
2021-12-02,427.80731201171875,429.36927957856614,421.176021421513,421.56886098846877,127637800
2021-12-03,424.0848083496094,430.5196646058951,419.875947732394,429.46279691605116,137331600
2021-12-06,429.1073913574219,430.9779961367995,424.21574958381035,426.6194835756699,98977500
2021-12-07,437.9834899902344,438.544677245548,428.9765215991178,434.3638735810573,95484700
2021-12-08,439.1431884765625,439.592143920361,436.6272226459906,438.376262173592,72238800
2021-12-09,436.1783142089844,439.24610518022257,435.9819086816433,437.8618472439546,61272600
2021-12-10,440.28424072265625,440.43389253118346,436.32792985552976,438.871953514165,77159800
2021-12-13,436.3841552734375,440.11600363626434,436.1035473583137,439.76994622979896,87724700
2021-12-14,433.3817138671875,435.60773818463684,430.47293705354144,433.1291924903542,97264100
2021-12-15,440.1533508300781,440.3965100644385,430.9312535760348,433.437885904042,116899300
2021-12-16,436.2717590332031,442.276383674383,434.7284874398233,441.99580440821956,116568600
2021-12-17,431.62860107421875,436.19952155606984,429.9297585264146,433.20542255890297,135511600
2021-12-20,427.0389709472656,427.4331620445399,423.4347948406732,426.56967673583256,107134800
2021-12-21,434.62274169921875,434.76352423036354,428.2872700067012,430.4460118667737,69806300
2021-12-22,438.9683837890625,439.08100980710736,434.1721824687357,434.3693066437573,58890200
2021-12-23,441.6996765136719,443.19202853023717,439.8600513958449,439.96328236392037,56439700
2021-12-27,447.9506530761719,447.9975710329418,443.0230645907993,443.0699825475692,56808600
2021-12-28,447.5845947265625,449.40545830656606,446.8243405006627,448.38240050434825,47274600
2021-12-29,448.1572570800781,449.170920079101,446.6930612795737,447.68796281982804,54503000
2021-12-30,446.9182434082031,449.5838309519996,446.45834427104364,448.5795345178264,55329000
2021-12-31,445.7919006347656,447.5752127148281,445.5197306451295,446.43016246165064,65237400
2022-01-03,448.3730773925781,448.5044935235423,444.7501397489699,447.0496642498278,72668200
2022-01-04,448.2228698730469,450.50366140781244,446.3738496168056,449.79032507237594,71178700
2022-01-05,439.615966796875,448.6264196779899,439.5221022436826,447.8567704426278,104538900
2022-01-06,439.2030029296875,441.90614176454653,436.8471371761855,439.15608497296836,86858900
2022-01-07,437.4667663574219,440.38579185954165,436.11519645345834,439.21255608481295,85111600
2022-01-10,436.9223327636719,437.1381897824005,428.5595059644335,434.2849014246999,119362000
2022-01-11,440.9018859863281,440.9957505518421,433.674744093411,436.6594768734693,74303100
2022-01-12,442.0938720703125,444.140016431985,440.1416209152974,442.62887430153415,67605400
2022-01-13,436.0025634765625,443.8397840559539,434.97950533446357,443.19215562711446,91173100
2022-01-14,436.1807861328125,436.52805924491486,431.6567833390416,432.86757035006775,95890900
2022-01-18,428.4562683105469,431.71317165095127,427.34874072108227,431.50668102889443,109709100
2022-01-19,424.0072937011719,431.3845844979552,423.735095055278,429.9954920501737,109357600
2022-01-20,419.3143310546875,430.56799582128895,417.202507339247,425.8844492805024,122379700
2022-01-21,411.08294677734375,420.5439049938418,411.05479027183264,418.19743405643766,202271200
2022-01-24,412.8287048339844,413.3355505734703,394.92045135440037,405.4983319626778,251783900
2022-01-25,407.7884826660156,412.71607151675664,400.9180090511274,406.4650696517462,167997300
2022-01-26,406.7654724121094,416.77082885836546,402.5230342303155,413.65470828881433,186391100
2022-01-27,404.7568359375,414.4712312098772,403.0767833933203,411.34574456850135,149878300
2022-01-28,414.80914306640625,414.8560610276969,401.54688476779603,406.1084105135008,164457400
2022-01-31,422.2803039550781,422.62757707476004,412.800555532894,414.1427300497246,152251400
2022-02-01,425.13360595703125,425.7718391626573,419.49268078948916,423.00299206387587,123155400
2022-02-02,429.2634582519531,429.98616108876035,425.22751049662656,427.52706378997823,117361000
2022-02-03,419.1735534667969,425.1523565396717,418.338196105121,423.25641842670075,118024400
2022-02-04,421.1446533203125,424.9740816327315,416.5737034611267,418.9389647113515,118454400
2022-02-07,419.79302978515625,423.2939459588078,418.46961678958075,421.90485354850045,84472900
2022-02-08,423.24700927734375,424.16683612077446,417.87828306849536,419.2955605639941,81012000
2022-02-09,429.4418029785156,429.76091964071566,427.067175149203,427.2642707198518,92589900
2022-02-10,421.7265625,429.6013045752705,419.73675960069767,423.62250082711057,140103700
2022-02-11,413.4106140136719,423.87586832148435,411.98397004230856,421.8109911505724,153214600
2022-02-14,412.05908203125,414.4806562198295,408.6050834849175,412.9038345326054,123006300
2022-02-15,418.70428466796875,418.8732237029998,415.96359397809533,416.4798347763938,88482700
2022-02-16,419.1735534667969,420.54388440699483,414.79972841637374,416.667510025212,84863600
2022-02-17,410.2193908691406,419.1453745670453,409.6187092652566,416.00109810416023,102259100
2022-02-18,407.5633239746094,411.7212644541803,405.3013220897346,410.47292561908114,132642900
2022-02-22,403.1894226074219,408.7552449000615,399.70723904825377,405.36695455226914,124391800
2022-02-23,396.0374450683594,406.65287914171387,395.4742862168669,406.08972029022135,132578000
2022-02-24,401.9973449707031,402.4291161985963,385.42190131277073,385.7785407952238,213942900
2022-02-25,410.8670349121094,410.95150442325064,401.58438272743587,403.22691227876925,121804500
2022-02-28,409.8158264160156,411.2894169660434,404.2500045029786,405.49831437664733,145615000
2022-03-01,403.5741882324219,410.32264007794714,400.8804158798424,408.3234425116689,137785900
2022-03-02,410.99853515625,412.71613952126535,405.06664891646875,405.8175082648305,117726500
2022-03-03,408.9523010253906,414.0206721272684,407.15959393144027,413.4199905086059,105501700
2022-03-04,405.62982177734375,406.7561108388368,401.6032689221422,405.2356019875793,113978200
2022-03-07,393.6721496582031,405.75177851724425,393.6064415917838,405.04783717447077,137896600
2022-03-08,390.6874694824219,400.9743915896494,389.6268598772116,393.85050819594045,164772700
2022-03-09,401.16204833984375,403.1330895948316,396.8539312695745,399.0314631063885,116990800
2022-03-10,399.35052490234375,400.2421665224783,394.62003226824555,396.5722831565976,93972700
2022-03-11,394.2728576660156,402.43856000737617,393.7660118820792,401.8284832426369,95636300
2022-03-14,391.391357421875,398.4776882871235,390.255673493645,395.0424799965583,95729200
2022-03-15,399.9981994628906,400.627037600933,392.7241399369661,393.9912112622118,106219100
2022-03-16,408.8678894042969,408.9242024189119,398.71235566484523,403.4897960044395,144954800
2022-03-17,413.983154296875,413.983154296875,406.58707380377643,406.96250340047624,102676900
2022-03-18,418.5174255371094,418.83753350872564,411.6444565524196,412.3788286596397,106345500
2022-03-21,418.39508056640625,420.34397249520026,414.9020791690174,418.3479881152232,88349800
2022-03-22,423.2908630371094,424.22294298577435,419.77904208379323,419.77904208379323,74650400
2022-03-23,417.8396301269531,422.2552879442442,417.75489818109617,420.76772367403294,79426100
2022-03-24,424.1382141113281,424.1476383476217,418.7434134818091,419.8543815321978,64736900
2022-03-25,426.2095642089844,426.48260848847235,422.1987468815837,424.7690638457169,77101300
2022-03-28,429.2411804199219,429.2411804199219,423.73337514000565,425.61638352750333,68529800
2022-03-29,434.5512390136719,435.04083957177517,430.4368703799773,433.11073878007403,86581500
2022-03-30,431.8680114746094,434.2217721023706,429.76844665097167,433.4120635055574,79666900
2022-03-31,425.22100830078125,431.9245142006821,424.7690759011227,431.10541007140074,121699900
2022-04-01,426.4261474609375,426.9345391042458,422.86726229562163,426.7933192033268,89048800
2022-04-04,430.0791320800781,430.1827124889648,425.8047234508301,426.6238275552801,59601000
2022-04-05,424.64666748046875,431.04888498929796,423.5074553649345,428.59157264929064,74214500
2022-04-06,420.4003601074219,422.6693882189046,417.5287843705336,420.7487407262785,106898000
2022-04-07,422.51885986328125,424.32656069949695,417.5853866950133,419.5248831878406,78097200
2022-04-08,421.3890686035156,424.2700693409283,419.8544120623101,421.7656645610829,79272700
2022-04-11,414.1865234375,418.9693519364392,413.68752738112,418.13139944100146,89770500
2022-04-12,412.6518859863281,419.6754993093874,411.1078052988178,417.1616704401845,84363600
2022-04-13,417.3782653808594,418.13145732147433,412.22823575440935,412.40712386848077,74070400
2022-04-14,412.1811218261719,418.7151631152427,412.0775414258065,417.6041663493815,97869500
2022-04-18,412.3506164550781,414.02649286644555,410.1286514899628,411.2584680800119,66002500
2022-04-19,419.0070495605469,419.7225732355812,412.0775635034835,412.24702736869455,77821000
2022-04-20,418.69635009765625,421.3890672136186,417.53831825026737,420.77709519303664,65224400
2022-04-21,412.4353332519531,423.68632009037725,411.53149725254485,422.30230774795746,85417300
2022-04-22,401.11846923828125,412.4541594531157,400.55356095514185,411.35261559680123,132471800
2022-04-25,403.4439697265625,403.6134335850115,394.33961156529534,398.88709289400344,119647700
2022-04-26,391.7599182128906,401.1184726141431,391.7316742351174,400.92073603730137,103996300
2022-04-27,392.8614501953125,398.1809719519438,390.7336702250882,392.83320621839357,122030000
2022-04-28,402.7848815917969,404.5078502485607,393.1721324210072,397.5877891116116,105449100
2022-04-29,387.89971923828125,400.9583775193331,387.155922896604,398.81174915439897,145491100
2022-05-02,390.2347106933594,391.59047917730305,381.32805937170104,387.96568189359846,158312500
2022-05-03,392.02349853515625,394.42432259994985,389.1801376426985,390.73364246013386,100028200
2022-05-04,403.9617919921875,404.52670026180385,389.5096966956075,392.6825612700032,144247900
2022-05-05,389.6038513183594,400.1392856315828,385.4894825550537,399.7155972479429,172929100
2022-05-06,387.2783203125,390.5359166827726,381.99649573119626,387.0523685069678,151770800
2022-05-09,374.8787841796875,382.6367705084989,373.30645933793636,381.40340215959606,155586100
2022-05-10,375.7449645996094,382.3260707592916,371.72475140081883,380.82908230261177,132497200
2022-05-11,369.77581787109375,380.4054095794836,369.03202142087446,374.7846276976837,142361000
2022-05-12,369.38983154296875,372.64742871037737,362.62041263229196,366.59356233555127,125090800
2022-05-13,378.22113037109375,379.59571868333563,372.46852382526714,373.5041843615176,104174400
2022-05-16,376.6864318847656,380.33947297147097,374.3420954969533,376.5828802088455,78622400
2022-05-17,384.4350280761719,384.6704041422355,379.0307740612988,382.74972739807595,83029700
2022-05-18,368.9378662109375,380.1794300040196,367.7044978598018,379.89699020316084,117674500
2022-05-19,366.6783142089844,371.08457686150615,364.4657730100835,365.8874539206947,98510700
2022-05-20,366.8382873535156,373.80541271191623,358.2800175928373,370.2465279725012,131432200
2022-05-23,373.7018737792969,374.46448991142154,367.5444280343373,369.851096171746,76414900
2022-05-24,370.84906005859375,372.0353356747669,364.32441487373063,369.5968435278684,91448800
2022-05-25,374.1255187988281,376.08386362206704,368.966094179277,369.36150985252755,91472900
2022-05-26,381.60107421875,383.2298868677585,375.14236904234315,375.34950112064234,82168300
2022-05-27,390.9690246582031,391.08200055963175,383.85125554393176,384.0489633714319,84768700
2022-05-31,388.7754211425781,392.09893066331057,386.04506401566954,389.3591492976317,95937000
2022-06-01,385.63067626953125,391.89167303805095,383.1262718156382,390.8842854474684,86585800
2022-06-02,392.9743957519531,393.02145946226597,383.2298229260222,385.47060719944983,79609600
2022-06-03,386.525146484375,389.8204112199368,385.5553982972068,388.276330523708,71874300
2022-06-06,387.7020568847656,392.2400856938536,386.5345720353619,390.517145497597,57508900
2022-06-07,391.4208984375,391.8728307412038,383.76646564228656,384.22782218120017,59272400
2022-06-08,387.1653137207031,391.49623828881266,386.37445373160176,389.7167817640161,64350000
2022-06-09,377.9574890136719,387.65497182412037,377.9574890136719,385.3953672474794,86289800
2022-06-10,366.9983825683594,372.6285889009698,366.95131884403355,371.78124073607813,132893900
2022-06-13,353.0640563964844,359.4756973620504,351.4634878478497,357.63035727236417,170004900
2022-06-14,352.00018310546875,355.8321122307695,348.91205036955256,354.8058760643675,104011800
2022-06-15,357.0184020996094,361.4434545749502,350.3525363114145,355.28600909693944,125666800
2022-06-16,345.2025146484375,349.24157577546,342.7828419203488,348.83673585883366,134473300
2022-06-17,345.9466857910156,349.2751150795737,342.45755440518343,345.61575893672597,111113900
2022-06-21,354.6553955078125,356.035921374524,351.57282417390246,351.6484860292675,76811900
2022-06-22,354.012451171875,358.10676218449237,350.03157524112396,350.4476289196659,90059400
2022-06-23,357.4826354980469,358.2107149131913,352.594048691356,356.1399405915164,79292100
2022-06-24,368.848388671875,368.85785361765244,360.6124718749588,360.64083785574906,98050300
2022-06-27,367.4395446777344,370.05876676666566,366.352143463888,369.76564197484305,66009600
2022-06-28,359.9317626953125,371.760870638242,359.8182987396139,368.99035324591785,86548900
2022-06-29,359.6385192871094,361.463464638206,357.82303888138387,360.48009144199665,65676000
2022-06-30,356.716796875,359.94119868727216,352.282064871728,355.76176056378404,112508300
2022-07-01,360.4895324707031,360.9245159721641,353.45448087489706,356.0642664574983,74839700
2022-07-05,361.17034912109375,361.18927901231945,352.60347679290015,355.42128921408255,81438000
2022-07-06,362.3902282714844,364.8676206487518,358.9388985354465,361.31226305640257,70426200
2022-07-07,367.8177490234375,368.61202540572873,362.4090803527021,364.15839292566767,64525900
2022-07-08,367.51519775390625,369.37797430776754,364.66901900062675,366.191374892305,72397800
2022-07-11,363.3167724609375,365.813065010574,362.62649521077446,364.84859293448187,58366900
2022-07-12,360.10186767578125,365.1417783353174,358.3620201292297,362.7683853874002,62219200
2022-07-13,358.21075439453125,361.1325950360605,354.2677383266244,354.68379199729,84224600
2022-07-14,357.3408203125,358.4187564891479,350.84475070087467,353.2748467855768,89704800
2022-07-15,364.1678771972656,364.2813411355363,359.82770841913714,361.7282870982627,79060400
2022-07-18,361.16094970703125,367.91231341217645,359.94115471730987,367.2409659059459,63203600
2022-07-19,370.919189453125,371.4865379218226,364.41368409588983,365.06610164986904,78506000
2022-07-20,373.2830810546875,374.6920015719592,369.7466544856618,371.10827913549247,71843800
2022-07-21,377.0843505859375,377.13161760377886,370.31405726547354,372.70635127041953,64903900
2022-07-22,373.58575439453125,378.3987087577949,371.3731210571291,377.2073085647602,72197300
2022-07-25,374.0396423339844,374.8906507241828,371.8080790828495,374.20983824071493,53631500
2022-07-26,369.6144104003906,372.61185551387223,368.7255709950971,372.40382865611105,52946400
2022-07-27,379.2118835449219,380.9517310966384,372.60232120977315,372.8954459743451,82342100
2022-07-28,383.9681396484375,384.6583882201372,376.4792023544064,380.0156585921788,73966600
2022-07-29,389.5658874511719,390.5492896244354,384.630004404881,385.3959148037413,87003700
2022-08-01,388.41229248046875,390.90861443486426,386.17129323209457,386.880471670519,69997500
2022-08-02,385.8498229980469,390.5209475361801,384.6773238182315,386.85212626915603,63435400
2022-08-03,391.8919677734375,393.0550017993131,387.68416468726423,387.96782448466297,67820600
2022-08-04,391.6272277832031,392.49713710795265,389.9913792556796,391.8163247050197,45656600
2022-08-05,390.9653625488281,391.60834410065166,387.3060062724685,387.362738241362,56814900
2022-08-08,390.511474609375,394.8894742630945,389.41460845921597,392.64847494128367,53886100
2022-08-09,388.96075439453125,390.2845484240548,387.89225422395475,389.78339679657284,44931800
2022-08-10,397.13043212890625,397.27229089166696,394.0384247471789,395.9862990766892,68665700
2022-08-11,397.13043212890625,401.82048597583395,396.392887760029,399.9671456794408,59489700
2022-08-12,403.853515625,403.9575146188211,398.11389080007996,399.05946211792985,61694500
2022-08-15,405.5176696777344,406.03775117563913,401.593554788117,401.6502867542093,54048300
2022-08-16,406.3120422363281,408.23155102460333,403.6455239620101,404.44926542354483,59289000
2022-08-17,403.4280090332031,406.12289314083716,401.4328673441197,402.7282954712,63563400
2022-08-18,404.6004943847656,405.28127797974213,402.3405652552225,403.62652829890396,49023200
2022-08-19,399.1634826660156,402.11366050668937,398.2935443726278,401.84890169679676,68016900
2022-08-22,390.8518981933594,394.52071941279587,389.95359392592934,394.3504946497515,77695600
2022-08-23,389.9062805175781,392.8091909558706,389.3578330753806,390.4263331221916,49105200
2022-08-24,391.1545104980469,392.51610668513507,388.9986089883818,389.67939265365226,49177800
2022-08-25,396.6766052246094,396.7238722445992,391.551596341063,392.6389975097295,50942300
2022-08-26,383.2494812011719,397.102094248587,383.1927492346699,396.5631405668187,103087000
2022-08-29,380.71527099609375,383.75054594305385,379.3631113396346,380.308682376018,65370800
2022-08-30,376.5359802246094,382.1054096381777,374.4462755042804,381.8690167874806,85652400
2022-08-31,373.6708984375,379.4010588054785,373.53853344707875,378.1623625816232,76029700
2022-09-01,374.8433532714844,375.18374505731157,368.8106043103933,371.50548804103204,78740100
2022-09-02,370.8908386230469,379.70356914138836,369.08479416646423,378.4932391584454,99632100
2022-09-06,369.4914855957031,372.6685916150045,367.2788520058578,371.7324851729869,76637400
2022-09-07,376.12939453125,376.8953050652653,368.96197593622117,369.1794388924543,70964200
2022-09-08,378.58782958984375,379.04168533112323,372.6685442072661,373.8694381880067,80821700
2022-09-09,384.46929931640625,385.3297726688279,380.55462025307344,380.8193790648535,76706900
2022-09-12,388.6014404296875,389.3200838556924,386.22804721967884,386.5306369628963,69256300
2022-09-13,371.70404052734375,381.1597524265052,370.58827344881297,379.9588585471244,122947100
2022-09-14,373.12237548828125,374.6352950749649,369.8317775514849,372.9994466237355,85023700
2022-09-15,368.88629150390625,374.4084247409728,367.61922935405465,371.5717106828295,87633800
2022-09-16,366.0720520019531,366.72717860017747,362.79641901083147,364.7238414484203,103084800
2022-09-19,368.9109191894531,368.9109191894531,362.86289235187127,362.9388650171461,73278500
2022-09-20,364.67633056640625,366.60372391938756,361.9324194562877,365.5973034872937,77274900
2022-09-21,358.31494140625,369.6324320981936,358.3054375814423,366.5941636174288,106746600
2022-09-22,355.3053283691406,359.1790950413436,354.56475405055374,357.546030008679,89472600
2022-09-23,349.3521423339844,351.8871721443201,344.9276764863623,351.849185813524,122346900
2022-09-26,345.8961486816406,351.49793062480813,344.6808467381226,347.8900111292315,92581200
2022-09-27,345.01318359375,351.6783515332495,342.63004074479505,349.41864254939213,108294100
2022-09-28,351.8017272949219,353.4822530130937,344.2725525183402,345.9625820630532,110802200
2022-09-29,344.4530029296875,348.55462907314757,341.51918862235004,348.26980398508965,112952300
2022-09-30,339.1264953613281,347.4152519853497,338.9935866635343,343.51297496490554,153711200
2022-10-03,348.079833984375,349.92177979795235,341.0538697447387,342.82934672559077,89756500
2022-10-04,358.86566162109375,358.8941441243227,348.0418757679158,353.57718804598346,103602800
2022-10-05,358.0301513671875,360.2803561426698,352.2005099841954,354.5171835950493,88065700
2022-10-06,354.3367919921875,359.57777574073987,353.8430566051313,356.6344579970455,82333500
2022-10-07,344.4530029296875,354.4222866629077,342.6965042864364,350.32063154436236,107789500
2022-10-10,341.8229675292969,345.8011884953058,339.5917702265936,345.56382461416007,76042800
2022-10-11,339.658203125,344.68083086003986,337.7308096086358,340.1329308775536,92482800
2022-10-12,338.53778076171875,341.6330143237362,338.2909131107378,340.0664188676814,76991800
2022-10-13,347.4722595214844,348.9344292266556,330.5149678078465,331.5593747401117,147254500
2022-10-14,339.5538024902344,351.545431058521,338.9176545048849,349.921841160499,123737000
2022-10-17,348.279296875,349.380668806043,339.22148268311986,345.6113290586685,93168200
2022-10-18,352.37139892578125,356.4730533438476,348.94384975105197,356.1692206517508,97162900
2022-10-19,349.8743896484375,353.05507171298586,347.0734840300101,350.3396136218043,79746900
2022-10-20,346.9405822753906,353.8336393624102,346.18100039281916,349.42815136875413,88283100
2022-10-21,355.3717041015625,355.8559066992739,345.1650575657833,346.6651844936338,131038400
2022-10-24,359.7201843261719,360.85003863790973,354.2513116223034,356.8908256086108,85436900
2022-10-25,365.4644470214844,365.77775460734784,359.5303497695806,359.6442798008037,78846300
2022-10-26,362.7109680175781,367.9899381098493,362.07484907907593,362.33119162480466,104087300
2022-10-27,360.7740783691406,365.54033411277726,360.15690917044486,363.7078921191661,81971800
2022-10-28,369.3571472167969,369.8318749398546,360.4892368270884,360.6696356798568,100302000
2022-10-31,366.689208984375,368.7685188952542,365.78724362365824,366.90759418543263,96631300
2022-11-01,365.0845642089844,370.65789150533925,363.9167526614729,370.420527665591,85407600
2022-11-02,355.9223937988281,368.98691130694584,355.81796759742275,364.49597616975944,126990400
2022-11-03,352.2575378417969,355.2863035789503,350.1497452124156,352.694279312725,87100100
2022-11-04,357.3275146484375,359.7201316182618,351.2984675854024,357.9446548099911,103505200
2022-11-07,360.74566650390625,361.33432433939305,356.5490600064299,358.61886625865293,68286900
2022-11-08,362.6920471191406,365.65434401980673,358.62837822141654,361.84701770864893,84641100
2022-11-09,355.2197570800781,361.87544877434425,354.7260217229651,360.72658686650783,78495500
2022-11-10,374.74066162109375,375.07297690141894,366.148099376745,368.43626204892917,141455800
2022-11-11,378.3674621582031,379.16500117805555,373.7151077464471,375.59503977722073,93839900
2022-11-14,375.1488037109375,379.95304559781977,374.873453538742,376.6109731037082,71903500
2022-11-15,378.3484802246094,381.9754068751759,374.5506585528321,380.8740351133509,93194500
2022-11-16,375.4622497558594,377.6744686794127,374.83560554755684,376.72501302593986,68508500
2022-11-17,374.3133239746094,374.9874582361336,370.42057963663734,370.7243833730803,74496300
2022-11-18,376.0128479003906,377.7028774747301,373.1739853225882,377.63640863793864,92922500
2022-11-21,374.64556884765625,375.81340931482094,372.8131270457847,374.6930589983989,51243200
2022-11-22,379.68719482421875,379.8486149853694,375.17728183861897,376.5824862104235,60429000
2022-11-23,382.0798645019531,382.5640670651727,379.12704306606406,379.35490309581445,68261600
2022-11-25,381.99444580078125,382.54514625609033,381.2443967643648,381.5197180169349,30545400
2022-11-28,375.89892578125,380.5512518780544,375.13934400569946,378.9181872794732,67881600
2022-11-29,375.2533264160156,377.218677377997,373.4208551885378,376.031857943791,52310000
2022-11-30,387.073974609375,387.073974609375,373.59172517191445,375.50011084303225,144566700
2022-12-01,386.7891540527344,389.2767226198042,384.2920816594287,388.10888202091604,76398200
2022-12-02,386.3429260253906,387.2448913304231,381.81403389674875,381.91846008966655,85342700
2022-12-05,379.3929138183594,384.4630026318405,378.04470325554814,383.5325548004845,77289800
2022-12-06,373.92401123046875,379.77266003087607,371.84473054042496,379.23149246844036,77972200
2022-12-07,373.2879638671875,375.6426241653655,372.1581093951866,373.0790824780339,65927900
2022-12-08,376.2122497558594,377.27563531293924,373.3923656741001,375.16787185342383,60737900
2022-12-09,373.4018249511719,377.5224579807687,373.2783911110442,374.9779244191876,81447700
2022-12-12,378.7852783203125,378.7852783203125,373.52528680664847,374.1898882628355,75405800
2022-12-13,381.65264892578125,389.7419997878151,378.8992336233936,389.4856572201214,123782500
2022-12-14,379.2124938964844,385.00417782900206,376.2786800874481,381.3107822890158,108111300
2022-12-15,369.93634033203125,375.27227545068706,368.28429708214924,374.37028116191146,117705900
2022-12-16,365.56878662109375,368.72591299649264,363.44179709016913,367.39057737229774,119858000
2022-12-19,362.4688720703125,366.09338759762835,360.8092427984308,365.7595464281459,79878100
2022-12-20,362.9649658203125,364.57691637638356,360.3991997450581,361.71546981883347,74427200
2022-12-21,368.39208984375,369.51758489971746,365.01557556771496,365.5497098013311,78167400
2022-12-22,363.1365966796875,368.3730338595665,357.4613834622674,365.35897373224327,100120900
2022-12-23,365.2254943847656,365.36856088727086,360.5708701156697,362.1160465590039,59857300
2022-12-27,363.7851867675781,365.45436371312377,362.1160098220325,365.11100414194533,51638200
2022-12-28,359.2640686035156,365.6832559480354,359.03516224980564,363.7183696822059,70911500
2022-12-29,365.73095703125,366.5989324853657,361.57230700428545,362.0969229072174,66970900
2022-12-30,364.7676086425781,364.91067512789425,360.9523471240934,363.0603000709137,84022200
2023-01-03,363.2319641113281,368.5828541871979,360.3800364563273,366.61799691898324,74850700
2023-01-04,366.03619384765625,368.05827776448973,362.4498387600588,365.48296463530903,85934100
2023-01-05,361.8585205078125,364.2048984321615,361.26715956907026,364.0904452321647,76970500
2023-01-06,370.15667724609375,371.27265410068173,361.8871138136949,364.93930570815047,104189600
2023-01-09,369.9468078613281,375.5171151232303,369.76560972422254,372.3408937056104,73978100
2023-01-10,372.54119873046875,372.60797279309605,368.43025676671084,369.3650063190875,65358100
2023-01-11,377.2530517578125,377.32937328940335,373.3042711879849,374.1150200893582,68881100
2023-01-12,378.62652587890625,380.0858621719183,374.29622523133014,378.34994039060064,90157700
2023-01-13,380.0954284667969,380.66772351572655,375.1737376190185,375.4408047607676,63903900
2023-01-17,379.3991394042969,381.7455462351786,378.7219386237428,380.0763692929868,62677300
2023-01-18,373.40924072265625,381.64067358456566,373.2089476072384,380.58195229493043,99632300
2023-01-19,370.6908264160156,373.01810918357603,369.37455652309,371.3775455516614,86958900
2023-01-20,377.5964050292969,377.74901897003355,370.44279029051245,372.0833537682657,91806400
2023-01-23,382.1270751953125,384.05377185885095,377.443838004556,378.3976534216192,84178800
2023-01-24,381.7169189453125,382.6230260729778,379.27515395089165,380.45787568340137,59524900
2023-01-25,381.8599853515625,382.19382654932406,375.383570904274,377.66320358749766,84800300
2023-01-26,386.0567932128906,386.2189546426973,381.55478324321655,384.5116168819161,72287400
2023-01-27,386.94378662109375,389.3092590605459,384.80724964877123,385.01709018056243,68346200
2023-01-30,382.0889587402344,386.4192893861794,381.79327825530487,384.19688290612737,74202000
2023-01-31,387.7068786621094,387.75455778693544,382.2605719895161,382.6039606559222,86811800
2023-02-01,391.82733154296875,394.5648060301805,383.7676093537023,386.49550726473996,101459200
2023-02-02,397.5312194824219,398.9905560204561,393.8113448862697,395.699880930703,101654500
2023-02-03,393.3057861328125,397.71240862486854,392.1039694138387,392.58087711398565,94736800
2023-02-06,390.9021301269531,392.2947214888418,389.25204820891577,390.86399847100074,60295300
2023-02-07,396.0146179199219,397.25456629561944,388.74654923536696,389.98649761106446,90990700
2023-02-08,391.6842956542969,395.38510413414,390.99754738888123,394.04976837031427,76227500
2023-02-09,388.2886962890625,395.42324575045114,387.067813777245,395.2706317979571,78694900
2023-02-10,389.19488525390625,389.57640563275254,386.30482544964053,387.1155453391367,70769700
2023-02-13,393.76361083984375,393.89715897184107,389.3856015126722,389.84344339763004,64913500
2023-02-14,393.5823974609375,395.8810669412816,389.6431352333331,392.24703262517374,88389300
2023-02-15,394.8604736328125,394.9367660502503,390.55875725790736,391.39811939038964,61555700
2023-02-16,389.4237976074219,393.8399681026619,389.290278571449,389.9102528350607,76431500
2023-02-17,388.45086669921875,388.6893205477336,385.3890983264304,387.30627658309317,89257800
2023-02-21,380.6582336425781,385.49408533092276,380.4007139302568,384.44488243382534,82655900
2023-02-22,380.1335754394531,382.60395368803114,378.68375748701857,381.06829584759197,83742300
2023-02-23,382.1556701660156,383.62455398812614,377.94934088551855,383.01409817857655,96242400
2023-02-24,378.0733642578125,378.90317902341906,375.45991929796907,377.1577095966057,108194400
2023-02-27,379.36102294921875,382.7566035647617,378.4262733452024,381.4021728412389,80444700
2023-02-28,377.9589538574219,380.83946629909735,377.85401901216034,378.88415609227326,96438600
2023-03-01,376.5090637207031,378.36901530523187,375.21188881048784,377.1481328157973,99706800
2023-03-02,379.4372863769531,380.2766485518157,374.2103677204858,374.54420891841545,85127800
2023-03-03,385.52264404296875,385.770645358477,380.6009531474197,381.2495406253721,90120000
2023-03-06,385.7897033691406,388.63208364699216,385.35095644978605,386.34290347544555,72795900
2023-03-07,379.8760986328125,385.9805412788421,379.2656718330934,385.74208739761093,108310600
2023-03-08,380.4960021972656,381.2494953064361,378.27359630662346,379.99048126599143,74746600
2023-03-09,373.4759521484375,382.93781363415775,372.4935234600931,381.2781550603871,111945300
2023-03-10,368.0869140625,375.0020758920174,366.5703510301064,372.9322836127058,189253000
2023-03-13,367.5623474121094,372.36006758594726,363.0698843092262,364.1763138433217,157790000
2023-03-14,373.6381530761719,375.27871688636895,369.17427445242896,372.46494954234544,149752400
2023-03-15,371.3012390136719,371.501532087288,365.9884805177744,368.0678201070447,172996900
2023-03-16,377.8157958984375,378.1591845711939,368.4493509964938,368.95487198316505,143254200
2023-03-17,373.3981628417969,377.62054625365727,372.01942420856767,376.4907554684151,140553400
2023-03-20,376.9885559082031,377.40028401988184,373.47471024400215,374.17363412671835,93055800
2023-03-21,381.9385986328125,382.41732640991324,378.75025527455585,380.33963500083723,91524200
2023-03-22,375.42791748046875,385.36631171212144,375.3896402926609,381.7662983699507,111746600
2023-03-23,376.4428405761719,382.30246432046795,373.74280870365055,378.2811390116393,119351300
2023-03-24,378.9131164550781,378.99928396704195,372.83326654429635,375.1694609327518,107682400
2023-03-27,379.6215515136719,381.9481907671168,378.73112484169525,381.18220877571866,74010400
2023-03-28,378.7694396972656,379.6215599838787,376.9406960022324,378.9321907858517,62871700
2023-03-29,384.2748718261719,384.51423576412026,381.7184521124217,382.9152718021636,77497900
2023-03-30,386.5248718261719,387.14721217774354,384.6674054592339,386.8982643494234,69840000
2023-03-31,391.9727478027344,392.2695566903632,387.3386371549544,387.44397246110736,112062600
2023-04-03,393.4664611816406,393.8685762431014,391.0632378438243,391.4557982166426,67391100
2023-04-04,391.283447265625,394.3951783979073,389.91426336080593,394.1079241464662,66601500
2023-04-05,390.2589416503906,391.3121487439596,388.612116709327,390.555750574138,65200200
2023-04-06,391.78131103515625,392.05898137720516,388.4206320852357,389.4642553207361,63743300
2023-04-10,392.1833801269531,392.2599929388598,388.69825688508763,389.3110132842087,63681000
2023-04-11,392.2887268066406,393.6866038625685,391.5227739807362,392.80576103470116,59297900
2023-04-12,390.68975830078125,394.63450004221784,390.1057243914606,394.3472458215589,86420400
2023-04-13,395.87921142578125,396.2334653614746,390.63234364464273,391.771718270874,85814800
2023-04-14,394.9122009277344,397.43031429203455,392.6143129106926,395.2473162929602,78161500
2023-04-17,396.3291931152344,396.348331709265,393.600438675659,394.82598073584927,66436400
2023-04-18,396.5876770019531,398.0334443121423,395.2185225027445,397.89938650253947,63560000
2023-04-19,396.5207214355469,397.4207029205089,394.62494861239765,394.6823936174116,55227300
2023-04-20,394.3568115234375,396.0993877029547,392.81529283564134,393.7153034242172,75840400
2023-04-21,394.6632385253906,395.122798546293,392.719604685716,394.6536546185458,73457400
2023-04-24,395.0749206542969,395.4962034683657,393.1312868972539,394.46213502684145,64332100
2023-04-25,388.8036193847656,393.6675109735628,388.74617437711476,393.1121702739636,97766700
2023-04-26,387.15673828125,390.48869433886614,386.6014268812606,389.4163487256269,80447000
2023-04-27,394.8642883300781,395.1323747434497,389.4355019352683,389.6844497545518,92968400
2023-04-28,398.23455810546875,398.2441420130027,393.9260072843417,393.983452291085,89433100
2023-05-01,397.8323974609375,399.85261481140054,397.6025882410736,397.7940910544224,62122300
2023-05-02,393.361083984375,397.1717680701673,390.4695783796922,397.12387775512695,103998500
2023-05-03,390.6611022949219,396.262224530026,390.4217383465775,393.85900113849453,91531800
2023-05-04,387.89398193359375,389.9429216709352,386.56310465857086,389.617390281609,94901900
2023-05-05,395.0749206542969,396.11854378303155,391.25468204681897,391.51318454758655,87891800
2023-05-08,395.18023681640625,395.6589646428425,393.7823597445963,395.4004621354889,50046800
2023-05-09,393.4472961425781,394.5579483522174,393.217516105836,393.63879898601755,49220100
2023-05-10,395.28558349609375,396.9036859335044,391.4748993691881,396.2717616781344,96142900
2023-05-11,394.5962219238281,394.88344694585095,392.5281141075764,394.42388691061444,70157100
2023-05-12,394.0791931152344,396.0419948569671,391.6664152391856,395.83135343149405,70481500
2023-05-15,395.438720703125,395.84083566591636,392.77699547892223,394.6823226474805,54289400
2023-05-16,392.796142578125,395.2568103742265,392.7865586723953,394.3376320009185,57705500
2023-05-17,397.5643005371094,398.1674730228259,393.1695828258179,394.80682372550075,87287000
2023-05-18,401.3941955566406,401.8154784356876,397.0281995549095,397.2483956831172,97177200
2023-05-19,400.8100280761719,402.8206905269098,399.59407007568564,402.29410167469877,103793300
2023-05-22,400.972900390625,402.50483542937735,399.59416177767093,400.8292878724486,60745400
2023-05-23,396.4728698730469,400.9058949150646,396.08030948759307,399.3356533732494,86383500
2023-05-24,393.6003723144531,395.25678082449423,392.441859357537,394.87380447385993,89213700
2023-05-25,397.009033203125,398.4548007806056,394.8643416067815,397.095200716989,90961600
2023-05-26,402.1504821777344,402.8685738627077,397.58342958022524,397.6600131701632,93830000
2023-05-30,402.3037109375,404.6015986704079,400.9249724539097,404.0750097467597,72216000
2023-05-31,400.0729064941406,401.38461624742513,398.51224888604935,400.4846054699889,110811800
2023-06-01,403.87396240234375,404.9271694953685,399.0579614953215,400.3026421930234,88865000
2023-06-02,409.7143859863281,410.4994773195535,405.9132863381107,406.4398751954328,91426200
2023-06-05,408.92938232421875,411.34216044666834,408.2304290639448,410.0591731674841,65460200
2023-06-06,409.81976318359375,410.3463521322916,407.86654536905576,408.5176374533879,64022200
2023-06-07,408.4026794433594,411.3420751836078,407.9813966367141,410.21228457452565,85373300
2023-06-08,410.8728942871094,411.32289955281317,407.7037188355954,408.4696715682205,61952800
2023-06-09,411.6101379394531,413.6112165464448,410.6239598849218,411.66758293531126,85742800
2023-06-12,415.34423828125,415.4208510939883,411.86869890795646,412.58679062643665,76104300
2023-06-13,418.0826110839844,418.724090042695,416.13897717424237,416.79962394733377,95899700
2023-06-14,418.5804138183594,420.3804349424088,415.1431518715733,418.41766273627127,100612100
2023-06-15,423.76983642578125,425.0145169652863,417.6708491876016,417.7665713681598,110303100
2023-06-16,422.326416015625,426.31461080665895,421.8555294193706,425.74761712421093,114165800
2023-06-20,420.13531494140625,421.27892182844886,418.0691445357275,420.39480701035416,76160400
2023-06-21,417.9826354980469,419.9526987151209,417.39640282400495,419.15507151836675,76982300
2023-06-22,419.49139404296875,419.5970912948508,416.69484536005575,417.03120545490475,70637200
2023-06-23,416.320068359375,418.09794671553647,415.60892874801584,416.0509861285015,92074500
2023-06-26,414.6191101074219,417.66550238868285,414.3788570549921,415.75309747622674,72823600
2023-06-27,419.16473388671875,419.7797664878717,415.0419830447426,415.49365998386605,72813700
2023-06-28,419.3761291503906,420.3851802319676,417.47331443133595,418.0883469905335,75636000
2023-06-29,421.0290222167969,421.1924071877769,418.55924326128763,418.962851943863,67882300
2023-06-30,425.9975280761719,426.97775005705444,423.9121184961037,424.2292689763498,104964000
2023-07-03,426.48760986328125,426.7662822836005,425.37283219871017,425.65153394679413,32793400
2023-07-05,425.8533630371094,426.5837417319984,424.6713074116075,424.6809269189928,58418400
2023-07-06,422.5186462402344,422.94149397333916,420.0200085430969,422.2880126868195,80658300
2023-07-07,421.4519348144531,425.3825009520906,421.21168173809605,421.52883222243753,86134200
2023-07-10,422.5186462402344,422.69162140529556,420.52934385873226,421.0963375627214,62443500
2023-07-11,425.2094421386719,425.69956773672544,422.3071959049608,423.27782759435644,64463800
2023-07-12,428.63067626953125,430.03377528061355,427.5639667416878,428.98627543991233,91924500
2023-07-13,432.0325927734375,432.8206297257895,430.00487134114815,430.4373091849304,72425200
2023-07-14,431.7635803222656,433.76247288793445,431.00437243683245,432.9168067475371,69815800
2023-07-17,433.2627258300781,434.3102255823968,431.5713350157398,431.6194032211896,52680200
2023-07-18,436.4820861816406,437.125947862345,432.5034820273018,432.9359492015601,80668200
2023-07-19,437.4527893066406,438.6348156080869,436.4052601424123,437.2701946323452,65891700
2023-07-20,434.5505065917969,437.35667523001575,433.8393669208048,436.4629408876448,70591600
2023-07-21,434.5505065917969,436.4629408876448,434.54091641230104,436.26110720174216,71275600
2023-07-24,436.4917297363281,437.298976422026,434.6657831913127,435.6940732292396,54023400
2023-07-25,437.68341064453125,438.93271480747865,436.1746144107411,436.2226826187103,55191200
2023-07-26,437.7507019042969,439.1729812727202,435.70374110756154,436.7512409467643,71052900
2023-07-27,434.8484191894531,441.5274659900454,433.94506533743083,441.1238279449385,92194400
2023-07-28,439.105712890625,439.93216931576706,434.8484065015939,438.1062519781901,80011800
2023-07-31,439.9418029785156,440.2973728160184,438.26962173264826,439.5766136336967,62040400
2023-08-01,438.68280029296875,439.42276902891086,437.731378400745,438.480966642271,55291500
2023-08-02,432.5804748535156,435.8382913269027,431.8308864264539,435.57882856176263,93933400
2023-08-03,431.34075927734375,433.214745002421,429.92807001647094,430.5719611647709,64276100
2023-08-04,429.389892578125,435.2424538180626,428.8709377374494,433.14745409560885,100128900
2023-08-07,433.1378479003906,433.2916133885674,430.52389325692184,431.2158232898332,58357500
2023-08-08,431.2542724609375,433.128258189368,427.9099390769486,430.61038131148536,71361300
2023-08-09,428.3711853027344,431.6866891018031,427.61197745800644,431.5233041246725,78789600
2023-08-10,428.52496337890625,434.08923235537964,427.3621468022029,430.71607007168745,93005500
2023-08-11,428.2750549316406,429.2841352767268,426.0647387376173,426.66056157281855,68690900
2023-08-14,430.6391906738281,430.6391906738281,427.05463370611966,427.3621646686425,47867400
2023-08-15,425.6226501464844,429.22644541226,425.0556272162394,428.8708463107176,75707500
2023-08-16,422.4993591308594,426.86233279820124,422.3936325530743,425.20939087017297,80107200
2023-08-17,419.280029296875,424.2196168527754,418.76107448676936,423.96015411160533,95711300
2023-08-18,419.4818115234375,420.5101015823301,416.12788844047134,416.4738387437825,98852000
2023-08-21,422.2110900878906,422.9510589127824,418.3478316599045,420.4908700639508,68719000
2023-08-22,421.06744384765625,423.9793093243941,420.5100697363889,423.9793093243941,64994200
2023-08-23,425.7572326660156,426.37229454971487,421.98046176867535,422.12460773274086,68441000
2023-08-24,419.85662841796875,427.86184703074184,419.8277698977074,427.3525117447883,88517300
2023-08-25,422.8166198730469,424.09475343988476,418.04038715019703,421.57690568558434,102325100
2023-08-28,425.4977722167969,426.1128047760357,422.8165399597136,424.99802710166506,61595400
2023-08-29,431.6482238769531,431.92692561420495,425.20943069514846,425.3920253511655,83081900
2023-08-30,433.4261169433594,434.0603885077203,431.2830492029172,431.9845986592022,69053900
2023-08-31,432.79180908203125,435.17510034218884,432.6092144351305,434.04111309241955,66084600
2023-09-01,433.59906005859375,435.9823806702833,432.1479223748874,435.5018746110706,58944100
2023-09-05,431.7251281738281,433.474177484678,431.65787960630774,433.15705635053166,55166200
2023-09-06,428.8228454589844,431.0235715081806,426.50680264350075,430.91784492057485,70758500
2023-09-07,427.50628662109375,428.17897757007677,425.4881551186145,425.83410543618885,70355400
2023-09-08,428.150146484375,429.67815236910445,427.19875378748577,427.5543236104539,61659700
2023-09-11,430.9659729003906,431.27347454388655,429.0631580094359,430.7641392036296,60180100
2023-09-12,428.601806640625,431.042785754672,428.02522280308654,429.5243994362143,67565400
2023-09-13,429.1015625,430.25475953176647,427.72729277869223,428.8228607530232,60199300
2023-09-14,432.8013916015625,433.4933214807943,430.2643349295537,431.56170711908345,83430800
2023-09-15,427.5869445800781,431.5506524245771,427.15298130374185,431.22275924982887,111848900
2023-09-18,427.837646484375,429.1299415798166,426.8057293230556,427.27827686575546,55752200
2023-09-19,426.95037841796875,427.50974802962753,424.27899561562054,426.9214475367596,66514600
2023-09-20,423.02532958984375,428.61884971067485,422.8227839687489,428.2041638924205,82562600
2023-09-21,416.0334167480469,420.45036521142913,415.8791088874586,420.1899872517448,104095800
2023-09-22,415.09796142578125,418.64695406116914,414.68324615845955,417.055696495469,100829700
2023-09-25,416.843505859375,416.8820607506406,413.458445268684,413.8924379607471,70874500
2023-09-26,410.71954345703125,414.5192898301892,409.8901424025337,413.8152657492611,96168400
2023-09-27,410.88348388671875,412.44583993852024,407.257352172029,411.8864702649676,104705800
2023-09-28,413.2655944824219,414.9340207800413,409.7455325572833,410.3338331669803,92258300
2023-09-29,412.2626037597656,416.47703605865223,410.74848546003295,416.3034507511099,115111300
2023-10-02,412.0986328125,413.34271968319354,409.35008111589474,411.4331930512835,83798600
2023-10-03,406.5822448730469,412.15648738227026,405.2224344904491,409.92872106622235,103760600
2023-10-04,409.5429992675781,410.28557828924926,405.58894477181923,407.0452013606301,87453000
2023-10-05,409.388671875,410.22769695288724,406.17722598529116,409.25364146047264,70142700
2023-10-06,414.2492370605469,415.78263268562836,405.627480956343,406.9487069673823,113273300
2023-10-09,416.9013977050781,417.47039142005065,411.8093557252524,412.3590425619845,80374400
2023-10-10,419.0712890625,421.6558795794434,417.1328314591845,417.52823984465374,78607300
2023-10-11,420.78790283203125,421.0386273478204,417.75966631617496,420.13211651194507,62451700
2023-10-12,418.22259521484375,421.7715876841516,415.8791053042313,421.39548619007036,81154200
2023-10-13,416.1394958496094,420.9132978989336,414.5771691952751,419.7174193113071,95143100
2023-10-16,420.5179138183594,421.57876204965237,418.13583937540864,418.3769399083744,75433200
2023-10-17,420.49859619140625,422.543153380918,417.0557030363835,417.4028736679959,75324700
2023-10-18,414.8953857421875,419.68846496991176,413.8152601862858,418.733716385894,93559800
2023-10-19,411.24993896484375,417.41248188933355,410.57487522165394,415.60905485320427,121323000
2023-10-20,406.196533203125,411.3560904558305,406.0904336651891,410.81602762056735,123919900
2023-10-23,405.49249267578125,409.3404770106009,402.92717959630676,404.67274501676764,92035100
2023-10-24,408.5496520996094,409.69729291312706,405.7625160007192,407.60452747929617,78564200
2023-10-25,402.6860656738281,406.90052736992106,402.1749337627123,406.8715964855641,94223200
2023-10-26,397.86407470703125,402.4739155692253,396.9479103704744,401.62526644318154,115156800
2023-10-27,396.0606689453125,399.84113833304036,394.6429966038168,399.4457299187491,107367700
2023-10-30,400.7958068847656,401.84700148905324,397.54577698969393,398.83807208389743,86562700
2023-10-31,403.31298828125,403.6312280389458,399.4650037145309,401.3648771149318,79665200
2023-11-01,407.6142272949219,408.42432159112496,403.74696515064994,404.27740400625277,98068100
2023-11-02,415.4258117675781,415.5801196181461,411.37531162600504,411.39458907062107,94938900
2023-11-03,419.2159423828125,420.75899159658866,417.59575395239466,417.72113093175125,100167800
2023-11-06,420.1802978515625,420.62391451827705,418.24184046839486,419.96812824031423,67831700
2023-11-07,421.37615966796875,422.0126685210308,419.04232330462156,420.18031060348386,64256100
2023-11-08,421.6847839355469,422.4948781019278,419.38950241519393,421.97409276953505,61746000
2023-11-09,418.39617919921875,422.86136537152765,417.9718399454001,422.822781049031,83174400
2023-11-10,424.9251403808594,425.23375607657056,418.386496162944,420.45998395564305,89462200
2023-11-13,424.5201416015625,425.6195446365516,422.8131605648516,423.5943238724324,52236100
2023-11-14,432.75616455078125,434.03880639292726,430.21012888201807,430.43195196006246,97176900
2023-11-15,433.67230224609375,435.3117974864374,432.82362374197305,434.08698805976627,77327600
2023-11-16,434.2026672363281,434.5209069056829,432.16776397369404,433.22861192355947,66665800
2023-11-17,434.7427978515625,435.3503758373704,433.29619481153003,434.2123590781554,83133200
2023-11-20,438.0892639160156,438.92828895080976,434.482380406505,434.4920338445369,69936200
2023-11-21,437.1345520019531,437.963953155313,435.87118753975784,437.047759340186,49244600
2023-11-22,438.8221740722656,440.1337760565273,437.7324245676935,438.7836191839142,59394900
2023-11-24,439.09222412109375,439.2851162959046,438.54253734218906,438.87043049439643,29737400
2023-11-27,438.3014831542969,439.275509275739,437.9156987639097,438.46541503211625,50506000
2023-11-28,438.7353515625,440.02764658340857,437.3562639018897,437.9156040570371,62115000
2023-11-29,438.4268493652344,442.0048025491918,438.03147038132977,440.87643907860087,63146000
2023-11-30,440.153076171875,440.5002762034089,437.2020083442997,439.2658427946925,79752700
2023-12-01,442.7569580078125,443.2873673280454,438.9572118254806,439.54548291042204,89183400
2023-12-04,440.43280029296875,442.77629034785133,438.16644945685704,439.38160552881834,72430900
2023-12-05,440.345947265625,441.3006958020075,438.6775212551753,439.05365215206086,69793500
2023-12-06,438.5714111328125,442.5061578782963,438.1374185115915,442.4772269989622,69124700
2023-12-07,441.9179382324219,442.56407108973934,440.04699600140833,440.6449205313009,66995400
2023-12-08,443.8177795410156,444.3481888295322,440.93419775980436,441.1752982420776,83194400
2023-12-11,445.5440368652344,445.71765157982594,443.11375460427496,443.32592420547695,65002200
2023-12-12,447.5789794921875,447.67542557959507,444.20357245141867,445.1969053461678,68327600
2023-12-13,453.7511291503906,454.00188308183056,447.5982398420778,447.9550638637653,93278000
2023-12-14,455.2074279785156,456.8662007070536,452.54566886194607,455.6799755722313,119026000
2023-12-15,454.4579162597656,455.7845286924067,452.6181291338484,454.61284974570634,141553700
2023-12-18,457.0142517089844,457.9922563619539,455.00017559306576,456.05563220988086,70375300
2023-12-19,459.7933349609375,459.8708164807692,457.4790843028072,457.5565362720974,55761800
2023-12-20,453.4218444824219,460.8197337409229,452.9957847839671,458.9412058569742,102921000
2023-12-21,457.72113037109375,457.99225657048584,453.98343038961036,456.39451800386655,86667500
2023-12-22,458.6409912109375,460.31618167604864,456.7528004658334,458.8443284649097,67160400
2023-12-26,460.5776062011719,461.4781292872484,458.97020470261134,459.04768621247854,55387000
2023-12-27,461.410400390625,461.5556412930502,459.8417395433534,460.3742993690924,68000300
2023-12-28,461.5846862792969,462.4174204811319,461.16831917837936,461.76866793794215,77158100
2023-12-29,460.2484130859375,461.9139110481109,458.3020963459827,461.39101424995863,122283100
2024-01-02,457.6726989746094,458.66039620914324,455.5811413344983,457.1982355112993,123623700
2024-01-03,453.9350891113281,456.25903250476523,453.3347402693324,455.5231057691351,103585900
2024-01-04,452.4728698730469,456.03625125353045,452.2501474553143,453.4605375615008,84232200
2024-01-05,453.09259033203125,455.53272607542186,451.6497852739501,452.6761936894624,86118900
2024-01-08,459.56097412109375,459.7062150403818,453.4605895561088,453.58647486967277,74879100
2024-01-09,458.86376953125,459.8804854755376,456.4139409568945,456.9174526401683,65931400
2024-01-10,461.4588317871094,462.32064377730035,458.85406976244286,459.1348885576282,67310600
2024-01-11,461.2554626464844,462.9693643803347,457.2950698074294,462.4561601628175,77940700
2024-01-12,461.5750427246094,463.4342151118614,460.171007794378,462.69828839912003,58026400
2024-01-16,459.8804626464844,461.507219896807,458.0697237314841,460.2000221906259,85014900
2024-01-17,457.32415771484375,457.8083137942025,454.9808292885089,456.8690498182248,68843900
2024-01-18,461.3910217285156,461.9429667160371,457.4500139514087,458.98962663985805,91856200
2024-01-19,467.14276123046875,467.4235799907283,461.439418792673,462.51423095179746,110834500
2024-01-22,468.1305236816406,469.8444255597238,467.4817415348223,468.6727761250073,75844900
2024-01-23,469.4957580566406,469.73783606484966,467.58821172047016,468.67271646916043,49945300
2024-01-24,470.0090637207031,473.28193407003323,469.5152150522186,472.3523626504235,81765000
2024-01-25,472.5653991699219,472.8365254024004,470.009070342345,472.129646862115,72525000
2024-01-26,471.96502685546875,473.6208323517754,471.12260001612924,472.1393159497028,76641600
2024-01-29,475.70263671875,475.8479071625746,471.7325810664014,472.2748334350306,61322800
2024-01-30,475.3348083496094,476.0416573704858,474.5794964359973,475.0152487629975,58618400
2024-01-31,467.57855224609375,473.58206954437225,467.55916709172027,473.13665425188526,126011100
2024-02-01,473.69830322265625,473.72735140437555,468.4693941088524,469.27310972065493,91891600
2024-02-02,478.6850891113281,480.33120193919586,473.79509531108175,474.1340104537586,99228200
2024-02-05,476.942138671875,478.71416645842936,474.6956769375314,478.05572128716557,75757100
2024-02-06,478.32684326171875,478.6560658444282,476.45797836644056,477.88139839933996,55918600
2024-02-07,482.3162841796875,482.73265130891053,479.66308881437243,480.5636415654776,70556500
2024-02-08,482.5292663574219,482.90689268947517,481.5028579516359,482.31623652505846,52343600
2024-02-09,485.3180236816406,485.7537463849515,482.69387668269746,483.03279181896556,63979400
2024-02-12,485.10498046875,487.5451161916344,484.3884094588291,485.28896212192205,56502300
2024-02-13,478.4236755371094,481.338304695565,475.17016075138093,478.8594278443787,113099200
2024-02-14,482.7713623046875,483.2555183461787,478.73348791641325,481.0477679790003,68387800
2024-02-15,486.1024169921875,486.28639867423624,482.99411355370677,483.4686066260898,61683000
2024-02-16,483.681640625,486.9351554606331,482.9457138905167,485.8022467252244,75532900
2024-02-20,481.01873779296875,482.6164468795506,478.78193916164605,481.9483091532552,71736700
2024-02-21,481.4544677734375,481.6094012609107,477.92013439516916,479.7212103303219,59293400
2024-02-22,491.41839599609375,492.3770155291545,487.0803471035888,488.0389961871901,76402500
2024-02-23,491.75732421875,493.9650747069926,491.03109011668937,493.1323109036816,61321800
2024-02-26,489.9562683105469,492.6288193715667,489.8303829996231,492.1930670722987,50386700
2024-02-27,490.8664245605469,491.089146972122,488.755511365846,490.64373169951057,48854500
2024-02-28,490.21771240234375,490.798676044666,488.9588888927158,489.3171596556616,56506600
2024-02-29,491.9800109863281,493.5874126583201,489.3365378000111,491.9703479594554,83924800
2024-03-01,496.5988464355469,497.02490613181874,492.4448087227075,492.85151281479995,76844800
2024-03-04,496.0662536621094,497.9060702059494,495.77577186599717,495.80484959614716,49799300
2024-03-05,491.1085205078125,494.5169979894073,488.9104626936786,494.0715531499916,72855600
2024-03-06,493.59710693359375,495.84359816125266,492.3092648064121,494.37174481528393,68382400
2024-03-07,498.49676513671875,499.54255878511856,493.65520448812254,496.8797004283906,58652100
2024-03-08,495.5046691894531,501.7986682913954,494.9333685962926,499.12617653924883,86532500
2024-03-11,495.07861328125,495.6596064560232,492.38670680365675,494.3039754152461,62557200
2024-03-12,500.404296875,500.9852604266135,494.67184736073796,497.1798014108618,73114400
2024-03-13,499.6200256347656,500.8982048517955,498.1869424676809,500.72391574507606,55104100
2024-03-14,498.63232421875,500.7432374898184,495.60150263891603,500.5882744583001,110171800
2024-03-15,495.2084655761719,497.02486035398107,493.5475153242832,495.5775722193378,107646300
2024-03-18,498.1515197753906,500.69637526560086,497.74358168127196,499.25883960128044,88893300
2024-03-19,500.9197998046875,501.201461454095,496.4614118820625,497.4619006203073,60755300
2024-03-20,505.552978515625,505.6889776418347,500.30788231111256,500.9780959649054,69594600
2024-03-21,507.2236633300781,509.07885971572495,506.941942394898,508.37953729329536,60256100
2024-03-22,506.2620544433594,507.621867774784,506.028887689534,507.13620745255224,79070800
2024-03-25,504.8633728027344,506.00952410002293,504.70792829326916,504.8924815953154,48512100
2024-03-26,503.9308776855469,506.62145492992863,503.5326622935472,506.28145712240774,65463700
2024-03-27,508.1659240722656,508.2048148493724,504.59147037699563,506.7478335411781,82999800
2024-03-28,508.0686950683594,509.5645075137889,507.7870334248163,508.2046941865004,96294900
2024-04-01,507.1847229003906,509.3410853944928,506.0288490503505,508.8068709377706,62477500
2024-04-02,503.9600830078125,504.0960228561583,501.6677209860127,503.3772549881494,74230300
2024-04-03,504.513671875,506.00954373427334,502.8235832984241,502.8721374777498,59155800
2024-04-04,498.3554992675781,508.845750562364,498.0543922336854,508.50581204447843,96858100
2024-04-05,503.561767578125,505.5141316093866,499.26854681862443,499.7056529768442,74546500
2024-04-08,503.84344482421875,505.26159438808656,503.03729132856745,504.26116489557916,48401800
2024-04-09,504.42626953125,505.81525100842816,499.5987748577626,505.57242083511636,68049200
2024-04-10,499.3753967285156,501.35686962666665,497.40364652298035,498.7537372482173,82652800
2024-04-11,503.1441345214844,504.5816702204379,497.3939324409582,500.8906633299254,70099000
2024-04-12,496.1991882324219,501.0266533234711,494.47993161292834,499.61822644383983,92561100
2024-04-15,489.98272705078125,500.5215326754904,489.13765316276323,500.3564247602264,92101400
2024-04-16,489.089111328125,491.97393499543114,487.80696088879887,490.45867707344763,73484000
2024-04-17,486.1945495605469,491.7019508026377,484.805568116472,491.53681324608516,75910300
2024-04-18,485.194091796875,489.6718955124249,484.26163225086344,487.58356199441425,74548100
2024-04-19,480.9591369628906,486.1071245547147,479.6964023315547,485.1163881622374,102212600
2024-04-22,485.38836669921875,487.9720832401042,481.22139272247443,483.5525564034497,67961000
2024-04-23,491.1482849121094,491.5756683731246,485.20380722643876,487.3892787074855,64633600
2024-04-24,490.91522216796875,492.81900253172324,488.7006120510912,492.03223509825074,55928100
2024-04-25,489.0502014160156,489.8078303014316,483.22227779209175,484.8638119842185,69122400
2024-04-26,493.6834411621094,495.25697586630093,491.19686267902955,491.8282151706386,64306100
2024-04-29,495.4317932128906,496.1020068122778,492.70238464126857,495.46093164580515,46415400
2024-04-30,487.5835876464844,494.9461856908876,487.5835876464844,493.97486496700367,77483600
2024-05-01,486.0003356933594,493.6154866987963,485.5340910693037,487.00079486473084,80242800
2024-05-02,490.54608154296875,491.3814327412964,485.22323354848663,489.69131460230034,62550200
2024-05-03,496.6265563964844,497.8504002906167,493.97484028154764,496.5002799659129,72756700
2024-05-06,501.7550964355469,501.7939279175934,498.57885905826015,499.01596519128117,47264700
2024-05-07,502.3087463378906,503.69772767350116,501.63853275647114,502.7166843877577,52561300
2024-05-08,502.3573303222656,502.89154482386346,500.36613484283316,500.4826885782833,42047200
2024-05-09,505.25189208984375,505.2907828616112,501.89116027589216,502.541928571153,43643700
2024-05-10,505.9027404785156,507.65110602328485,504.68858950510435,506.8448931772194,52233200
2024-05-13,505.97064208984375,507.6801760152973,504.8342134653113,507.57334496613424,36716400
2024-05-14,508.2921142578125,508.80694268932734,505.6307050054446,506.16491953750125,57535900
2024-05-15,514.5862426757812,514.8776269913382,510.1181324599974,510.7495145476232,59504900
2024-05-16,513.5275268554688,516.2763809484062,513.381805041238,514.6834008229457,50244800
2024-05-17,514.2657470703125,514.3337466322346,512.1968292743588,513.6440876053468,59187600
2024-05-20,514.858154296875,516.3151350820737,513.9936648026625,514.3822167259287,37764200
2024-05-21,516.1209716796875,516.2764161967744,513.8966685383514,514.1006672352606,33437000
2024-05-22,514.6348876953125,516.1404229953789,512.468802117107,515.4313778215733,48390000
2024-05-23,510.87591552734375,517.7819922710518,509.67142792152424,517.6751612100837,57211200
2024-05-24,514.2560424804688,515.0622552748287,511.7694638177849,512.7116164560648,41291100
2024-05-28,514.615478515625,515.2954149429256,511.9929004587325,515.0623074329295,36269600
2024-05-29,511.0118103027344,512.1871297238472,510.30276514376794,510.6038721974795,45190300
2024-05-30,507.6218566894531,510.13760318894674,506.3785971197376,509.47711227930006,46377600
2024-05-31,512.245361328125,512.3716377541396,503.49375287353905,508.5738001358681,90785800
2024-06-03,512.6629638671875,514.1296673530113,507.6120852543447,513.8480057418088,46835700
2024-06-04,513.236083984375,513.9742970941719,509.90446158385646,511.3614424211813,34632700
2024-06-05,519.3360595703125,519.355504956824,513.5664118243003,515.5479441376007,47610400
2024-06-06,519.3262939453125,520.0645071551455,517.4030979505338,519.637123680227,30808500
2024-06-07,518.6950073242188,521.4924158492759,517.2671349822953,518.3550094881825,43224500
2024-06-10,520.2976684570312,520.6182209175571,517.2963204143864,517.8888118681492,35686100
2024-06-11,521.5505981445312,521.6088750080388,516.7911035808329,518.7531901267605,36383400
2024-06-12,525.8341674804688,528.5150221365492,524.8045698950608,526.0964430443454,63251300
2024-06-13,526.892822265625,527.7475890568103,524.1148598366225,527.572758479254,44760900
2024-06-14,527.2134399414062,527.2425487322553,524.3674183253244,525.367907030757,40089900
2024-06-17,531.4094848632812,532.7985255135613,526.0769441713737,526.5334956885656,55839500
2024-06-18,532.7597045898438,532.8859810291509,531.0501705974204,531.4678314025467,41376400
2024-06-20,531.3125,534.3430162809884,529.5446889553035,533.6825252233083,70328200
2024-06-21,530.6001586914062,531.7110509477889,529.1482311958065,530.4929829849066,64338600
2024-06-24,528.8753662109375,532.9778406049528,528.7584364421938,530.4247748607555,45528700
2024-06-25,530.9119262695312,531.2724695843536,528.5829663352164,530.0933585291979,37936200
2024-06-26,531.5746459960938,532.2859786981767,529.1580180403218,529.8011317951398,38550600
2024-06-27,532.4126586914062,532.9876129707899,530.6976093896263,531.4382042677565,35041500
2024-06-28,530.3175048828125,536.2227551968151,529.0799883321372,533.1824029810238,76144500
2024-07-01,531.408935546875,531.9351194589271,528.6609672764391,531.6915058832783,40297800
2024-07-02,534.985107421875,534.985107421875,529.7620472078919,529.8107580224772,40434800
2024-07-03,537.3726196289062,537.7331629819162,534.6344052723863,534.6733620352073,32789900
2024-07-05,540.4713745117188,540.8708746254604,537.041276170241,537.6746952876072,41488400
2024-07-08,541.0950317382812,542.0402238948535,540.0328503436032,541.250918262468,36110500
2024-07-09,541.6211547851562,542.9463982576794,541.3288304126829,542.0499170234392,27289700
2024-07-10,546.9805908203125,547.3216259700862,542.5468364934588,542.8391608326876,38701200
2024-07-11,542.2642822265625,547.9648752769439,541.6309226493873,547.0975967198616,53054200
2024-07-12,545.6845703125,549.2705544498172,542.917153831161,543.3848727911708,53084400
2024-07-15,547.185302734375,550.4107438001307,545.3338159394242,547.6725298408394,40584300
2024-07-16,550.4302368164062,550.722561208659,547.7407334557406,548.4910822924977,36475300
2024-07-17,542.7125854492188,546.1913944708481,542.3909988738491,544.5250561904461,57119000
2024-07-18,538.5419921875,545.2267951895731,536.3689777074632,544.242586638674,56270400
2024-07-19,534.9656372070312,539.9256355832753,533.9132099479913,538.3080081974957,65509100
2024-07-22,540.4811401367188,541.0852970880696,536.9438660153718,538.8732666357521,43346700
2024-07-23,539.6333618164062,542.517708645555,539.1461346384042,540.3738971671513,34439600
2024-07-24,527.4038696289062,535.1410389720269,526.4878802289309,534.8389605250121,74515300
2024-07-25,524.6559448242188,533.474804346627,523.7205067049787,527.5208430163394,61158300
2024-07-26,530.5319213867188,533.2116708123141,527.6572691986129,528.4271261891337,53763800
2024-07-29,530.8436279296875,533.0751064195227,528.8557034902234,532.0714496185427,39515800
2024-07-30,528.1541748046875,533.3577863863941,524.7630932312389,532.305359200303,46853600
2024-07-31,536.7391967773438,539.3604813512061,533.5917282671721,534.9559286681133,65663400
2024-08-01,529.1384887695312,540.6955035812163,525.6499253938641,538.4542703754322,76428700
2024-08-02,519.2867431640625,523.272228120303,515.096541908473,522.0639142511643,82789100
2024-08-05,504.16314697265625,510.20477524600585,497.234761759116,498.56978906774395,146267400
2024-08-06,508.8113708496094,516.2172002386701,504.64067761587216,505.95616721920055,84826300
2024-08-07,505.41033935546875,518.0100832576425,504.81593662632434,514.9697317356159,70698300
2024-08-08,517.0941772460938,517.7177827712244,508.5092375881122,510.52630556896884,63276600
2024-08-09,519.3743286132812,520.8555180126824,515.0575036936727,516.2755714297688,45619600
2024-08-12,519.647216796875,522.0443360943832,517.3864758873478,520.563206135425,42542100
2024-08-13,528.1931762695312,528.4270952564345,522.5803695792055,522.8239831490899,52333100
2024-08-14,529.8595581054688,531.0386692920978,526.3222840215557,528.9825253913183,42446900
2024-08-15,538.94140625,539.22397656437,534.8584406614526,535.4625975238755,60846800
2024-08-16,540.1497192382812,540.8416031495808,537.1776457463574,537.3335322529779,44430700
2024-08-19,545.3143310546875,545.3143310546875,539.7112190916396,540.5589895349276,39121800
2024-08-20,544.4276123046875,546.5129587158026,543.0926147134523,544.8661286211883,33732300
2024-08-21,546.2985229492188,547.7504502285475,540.5589732888145,545.4702606482219,41514600
2024-08-22,542.0109252929688,548.79314842079,540.8026115148097,548.1889915317105,56121500
2024-08-23,547.7698974609375,548.7053948244553,543.0535133659789,545.2363405475206,50639400
2024-08-26,546.464111328125,549.5044034621952,544.7685706544273,548.7930709780707,35788600
2024-08-27,547.214599609375,547.7018267996916,544.0573769322793,545.1974719043471,32693900
2024-08-28,544.0377807617188,547.3022380940843,540.8610504788411,546.8734758569603,41066000
2024-08-29,544.0865478515625,549.2804060501943,542.9464529460971,545.9964997373786,38715200
2024-08-30,549.2803955078125,549.7871307787254,542.9074857644326,546.4447596496766,62700100
2024-09-03,537.976806640625,546.4837745967734,535.4724516729985,546.1524339283656,60600100
2024-09-04,536.8755493164062,540.2666308743978,535.4236220855641,536.144708671945,47224900
2024-09-05,535.5698852539062,539.6528516965958,533.1239951172813,536.8172154733717,44264300
2024-09-06,526.5560913085938,537.5089477091443,525.659610039857,535.8913798019039,68493800
2024-09-09,532.4514770507812,533.7183150530045,528.8167820276888,530.7364876707761,40445800
2024-09-10,534.770751953125,535.1216007015946,529.4989803786028,534.3517437427556,36394600
2024-09-11,540.2570190429688,541.1730086042064,526.1664457729258,534.6831681423164,75248600
2024-09-12,544.8077392578125,545.1098177442108,538.6199181027828,540.8319486336209,51819600
2024-09-13,547.653076171875,548.6470386001909,545.1584755178029,545.4118431545087,39310500
2024-09-16,548.4618530273438,548.7249152296453,545.5969551700833,547.389917673041,36656100
2024-09-17,548.6859741210938,552.1063181322738,546.4641898322706,550.6640853659264,49321000
2024-09-18,547.0586547851562,554.1624050516696,546.5032087102647,549.3388444863224,59044900
2024-09-19,556.3938598632812,558.2453466994866,553.5679782684008,556.4231220387844,75315500
2024-09-20,555.4320678710938,556.46815521981,552.4215262762143,555.0313424308147,77503100
2024-09-23,556.8201293945312,557.4652754060183,555.2855361955778,556.4976160471946,44116900
2024-09-24,558.4132690429688,558.471913246618,554.7967173955426,557.6117584874984,46805700
2024-09-25,557.1817016601562,558.9900073797687,556.0771860686909,558.2569249779147,38428600
2024-09-26,559.3907470703125,561.7464186568862,557.0449191197562,561.4238456875147,48336000
2024-09-27,558.5794067382812,561.2673753932927,557.5531033653197,560.4561405350975,42100900
2024-09-30,560.8178100585938,561.4238200592039,555.2659399397932,557.5531235786384,63557400
2024-10-01,555.7938232421875,561.1111173600859,553.2329264823798,560.4660310099997,72668800
2024-10-02,556.0283203125,557.0448994143397,552.519332659213,554.9042964358707,38097800
2024-10-03,555.0117797851562,556.9470981426042,552.7343205282026,554.562134456547,40846500
2024-10-04,560.055419921875,560.4268531332793,555.2854920412735,559.4396258955153,42939100
2024-10-07,554.9921875,559.0583842578297,553.8485957624074,558.4132383947003,49964700
2024-10-08,560.2411499023438,560.8374356454558,556.6833016920415,557.5531808736639,37398700
2024-10-09,564.1216430664062,564.6787929089692,559.6351520491386,560.231378146855,37912200
2024-10-10,563.1343383789062,564.5516429072721,561.5313172618801,562.7824731556751,44138100
2024-10-11,566.5065307617188,567.2396131412746,562.9192713637127,563.0561277259117,42268000
2024-10-14,571.1395874023438,572.0681703246292,567.6305402513053,568.1094778484854,36217200
2024-10-15,566.7020263671875,571.7065305951428,565.4899467305453,571.4035256005812,54203600
2024-10-16,569.1652221679688,569.6832957534668,565.900594951752,566.7021056174783,30725400
2024-10-17,569.2139892578125,572.8989689898087,569.0282726746998,572.6936844531912,34393700
2024-10-18,571.403564453125,572.1855071059618,569.4388940141822,570.8952748825009,37416800
2024-10-21,570.4652099609375,571.6576620923939,567.5035282712228,570.6802188403536,36439000
2024-10-22,570.1621704101562,571.3155462187071,567.288485036852,567.9433552717076,34183800
2024-10-23,564.952392578125,568.5885123492586,561.4629131521561,568.1486509721636,49314600
2024-10-24,566.1741333007812,566.9756438040564,563.5643769207462,566.8974316514852,34979900
2024-10-25,565.9786376953125,571.27642231265,565.0403304898274,568.39295320261,47268200
2024-10-28,567.7283935546875,569.5659916825215,567.4253885260767,569.4389192842264,30174700
2024-10-29,568.6471557617188,569.7613956814984,565.382469188388,566.7704218431865,42899700
2024-10-30,566.9268188476562,570.1621533327376,566.2230287475197,568.1779150746601,41435800
2024-10-31,555.8134155273438,562.6457351787716,555.617914920504,562.5773069834572,60182500
2024-11-01,558.1591186523438,562.5673968338307,557.748609230934,558.4328313722141,45667500
2024-11-04,556.9568481445312,559.5861724591027,555.0801741045641,558.2959404133777,38217000
2024-11-05,563.6914672851562,563.7305435334926,557.6508758763042,557.8658847297456,39478300
2024-11-06,577.7080078125,578.57794657906,572.1854895240832,575.9095457320777,68182000
2024-11-07,582.1748657226562,583.1914447197324,579.6237535704865,579.7019657221982,47233200
2024-11-08,584.69677734375,586.1140819812399,582.722322897382,582.722322897382,46444900
2024-11-11,585.25390625,586.6320749270757,583.5335966542183,586.2802096893201,37586800
2024-11-12,583.4358520507812,585.7718958867575,580.9628921945897,585.175669871058,43006100
2024-11-13,583.7193603515625,585.7133231848053,581.5396809070076,583.8952929846365,47388600
2024-11-14,579.9658813476562,584.3252993650702,579.2817188550297,583.846361756873,38904100
2024-11-15,572.537353515625,576.886987680586,570.689971552463,576.4177743775998,75988800
2024-11-18,574.8832397460938,576.1929802203847,572.1366267509276,572.9967218779136,37001700
2024-11-19,576.9847412109375,577.7080396739373,570.856212572816,571.5208668268807,49412000
2024-11-20,577.1802368164062,577.463673880748,571.4426497345274,577.0629483995475,50032600
2024-11-21,580.2786865234375,581.6959910919024,574.1990184692589,580.014817427747,46750300
2024-11-22,582.0772094726562,582.7027874385594,579.7704578390868,580.2689037579424,38226400
2024-11-25,584.0516357421875,587.3064784870423,581.7741764917598,585.9967380709614,42441400
2024-11-26,587.1011962890625,587.7658504090859,584.5793764966282,585.2928908378436,45621300
2024-11-27,585.3221435546875,587.2965376282693,583.8071190041932,586.9153802408659,34000200
2024-11-29,588.9583129882812,589.7402555167076,585.8598351444666,586.13348818314,30177400
2024-12-02,590.0140991210938,590.6885373789082,588.8802314936704,589.3689531396692,31746000
2024-12-03,590.28759765625,590.5319584152645,588.7530645890204,589.7793678452039,26906600
2024-12-04,593.953125,594.1974858067216,591.3042920365143,591.9689462717889,42787600
2024-12-05,592.9757080078125,594.7546619184587,592.6238427485821,593.9531512779432,28762200
2024-12-06,594.0997314453125,595.3313193862531,593.3275728171593,593.7380822446739,31241500
2024-12-09,591.0403442382812,594.1486064406603,590.4539021843977,593.982457801793,34742700
2024-12-10,589.2026977539062,592.135027098725,588.5478275712469,591.7147337183083,37234500
2024-12-11,593.7576293945312,594.7057206012569,591.8418193692619,592.1155320836123,28677700
2024-12-12,590.6982421875,593.4643633790662,590.6982421875,592.8974892997352,31543800
2024-12-13,590.5809936523438,593.4351111707817,589.2125492712078,592.7215967057723,35904700
2024-12-16,593.1027221679688,594.0704410234347,591.5584049068509,592.3305635374098,43695200
2024-12-17,590.6590576171875,591.519212300668,589.2906730995711,590.5613371724975,55773500
2024-12-18,573.055419921875,592.7312963771194,572.674202761188,590.3561165933274,108248700
2024-12-19,572.8794555664062,579.6238377441589,572.6350947579137,578.020816522432,85919500
2024-12-20,579.7603149414062,584.27166262691,569.7175591199479,570.561034960996,125716700
2024-12-23,583.2319946289062,583.8302272741931,576.3374142722774,579.5052219390004,57635800
2024-12-24,589.7147216796875,589.7539893082886,583.997031715741,584.5756905048978,33160100
2024-12-26,589.7539672851562,590.8719573339298,586.5567683514358,587.9493923534018,41219100
2024-12-27,583.5459594726562,586.2626090728168,579.3778441686201,586.0271828680434,64969300
2024-12-30,576.88671875,580.338917958557,573.150128529516,576.5631199685903,56578800
2024-12-31,574.7880249023438,579.2601650774656,573.1599745686183,578.5441892688881,57052700
2025-01-02,573.3756713867188,579.7406180456738,569.3154229960469,578.0341524534392,50204000
2025-01-03,580.544921875,581.1823624210723,575.1312564616488,576.2100986967752,37888500
2025-01-06,583.8890991210938,588.1455060566466,582.1629997160619,584.7815995417147,47679400
2025-01-07,577.288818359375,586.2330977215739,575.4744864171694,585.9094391002772,60393100
2025-01-08,578.13232421875,579.2013495963691,573.9250009242365,577.357566647636,47304700
2025-01-10,569.3056640625,574.6604875516765,567.4030397334539,574.5918290616524,73105000
2025-01-13,570.1882934570312,570.5413429214275,564.2646286559713,564.6765795569504,47910100
2025-01-14,570.972900390625,573.7287574980859,567.2068596443902,573.101074063849,48420600
2025-01-15,581.3589477539062,582.4965717179379,577.8479067851994,578.9561398854404,56900200
2025-01-16,580.2409057617188,582.8986539701259,579.5445637592774,582.7221292073649,43319700
2025-01-17,586.0664672851562,587.8121409710091,584.1343920679883,585.4584175885924,58070600
2025-01-21,591.4310302734375,591.4408471810177,587.1354148968001,589.0968809186732,42532900
2025-01-22,594.7557983398438,596.109214840216,593.6965898049438,594.2457979602253,48196000
2025-01-23,598.0018920898438,598.0018920898438,593.8534110339756,594.1279851220985,41152100
2025-01-24,596.2561645507812,599.0120815203885,595.1087237951253,598.0607394613536,34604700
2025-01-27,587.8218994140625,588.1357411390088,583.1830517473746,583.3497595871564,70361100
2025-01-28,592.8726806640625,593.7062796977629,585.7427332202798,589.0477983536082,44433300
2025-01-29,590.2147827148438,592.4900899119916,587.6746585162967,592.0879559573353,37177400
2025-01-30,593.3826293945312,594.9125703683252,589.1458559611356,592.3234809305729,39281300
2025-01-31,590.2246704101562,598.2078504382997,589.4694869358445,595.7952259985301,66566900
2025-02-03,586.252685546875,588.7240915852041,579.1129217803689,581.2509121761593,65857200
2025-02-04,590.1854858398438,590.695426254437,585.7721876960313,586.3115788306599,33457800
2025-02-05,592.5784301757812,592.7255640609287,587.0471418694162,589.0674493379312,30653100
2025-02-06,594.6380004882812,594.7655005585997,591.0190935628144,594.3143418590737,35771500
2025-02-07,589.1949462890625,596.4131263461926,588.4887874469584,595.1970270806008,50788500
2025-02-10,593.1962280273438,593.8337283102429,591.1268961231351,592.3920797831685,26048700
2025-02-11,593.6475219726562,594.1869131800177,590.8230059910161,590.9406891686515,30056700
2025-02-12,591.7349853515625,592.9020598913557,586.9784547529548,587.6551628450902,45076100
2025-02-13,597.9822998046875,598.1882752794738,591.5781445820884,592.8334516677448,40921300
2025-02-14,597.9528198242188,599.2179436285784,597.3349533511362,598.1881861265014,26910400
2025-02-18,599.7084350585938,599.7084350585938,596.6583696805393,599.110202272389,26749000
2025-02-19,601.1206665039062,601.4148744301086,597.8156011046507,598.3256014161959,31011100
2025-02-20,598.6197509765625,599.8946917719264,595.3245028060013,599.7573748000233,36554000
2025-02-21,588.3809814453125,598.5413613568134,587.9200057904889,598.4040443652323,76519800
2025-02-24,585.70361328125,591.4114868830001,584.9974543500997,590.4209369132893,50737200
2025-02-25,582.7906494140625,586.3703480772401,578.2008270937978,585.6446153828091,58266500
2025-02-26,583.0849609375,588.0278934374002,580.4566037497201,584.4481941378576,43321600
2025-02-27,573.77783203125,586.4979702201956,573.3855747451564,585.3504695068715,74196700
2025-02-28,582.73193359375,583.2615078706541,571.2181376161361,574.2780198233005,88744100
2025-03-03,572.5225219726562,585.8310759519914,568.7270900553181,584.6933921520208,74249200
2025-03-04,565.7456665039062,574.1113483546197,561.224501400552,568.5407916793482,109648200
2025-03-05,571.8261108398438,573.611051865237,562.038415848593,565.5788471805596,71230500
2025-03-06,561.6755981445312,568.9918277562862,559.1354734261878,564.3921877543482,80094900
2025-03-07,564.8236694335938,566.2653779091431,554.7319495414885,559.9004310284239,81158800
2025-03-10,549.7791748046875,558.566501823716,544.8853280215288,556.6541208727356,99326600
2025-03-11,545.208984375,553.1529563050404,541.3841622094388,548.6219753669684,88102100
2025-03-12,548.1022338867188,552.2605321303586,543.022044250635,551.3386407379146,69588200
2025-03-13,540.7957153320312,548.3375536768395,539.0892496749408,547.7295040716507,74079400
2025-03-14,551.9662475585938,552.966614210826,540.8643446212099,545.3953255555126,62660300
2025-03-17,556.2227172851562,558.7333912461695,551.5151512314662,551.9466761244148,49008700
2025-03-18,550.2107543945312,554.1336857355857,548.2884964881091,553.9178933850532,66041400
2025-03-19,556.2030639648438,559.9494708906026,550.8090329217521,551.9859243939003,66556000
2025-03-20,554.5946655273438,559.5768056668136,551.7603329396793,552.4763086964069,62958200
2025-03-21,554.7776489257812,555.6728342872004,548.9247817378139,550.1543857754978,83763000
2025-03-24,564.7129516601562,565.7655000443008,560.8962554773906,561.4864414688424,58766800
2025-03-25,566.0704345703125,567.0048857087957,564.3292958517305,565.9130116144462,38355700
2025-03-26,559.3125,566.9261989456277,557.9353193986783,565.8047856022024,51848300
2025-03-27,557.8270874023438,561.5847644413973,555.7219909391279,557.9254317069114,42164200
2025-03-28,546.5933227539062,557.0302460332103,546.0129833491962,556.3023301483869,71662700
2025-03-31,550.2625122070312,551.5609811237723,537.9467803924824,540.8585040275307,95328200
2025-04-01,551.8167114257812,553.7545984642982,544.6456828297712,548.3541875419536,54609600
2025-04-02,555.308837890625,558.1614830372098,545.7572527723408,545.9933271249679,76014500
2025-04-03,527.9427490234375,539.0288170958798,527.9427490234375,536.2154977474014,125986000
2025-04-04,497.0354309082031,517.2894637749819,496.8190194100305,515.1253487932553,217965100
2025-04-07,496.1501159667969,514.6335008889374,473.9385334512268,481.20796639726615,256611400
2025-04-08,488.3790588378906,516.4140007584771,481.17849041906084,513.3449138965836,165816600
2025-04-09,539.6682739257812,539.6682739257812,485.00499114058437,485.3886419991045,241867300
2025-04-10,516.0205688476562,524.7950065034121,501.0095530572283,523.4866909882965,162331200
2025-04-11,525.2278442382812,527.6772059586904,511.5841621734685,514.4761933704091,97866300
2025-04-14,530.3233642578125,535.3992039792874,525.1491802167831,535.1729159814847,68034000
2025-04-15,528.837890625,534.3661851955569,528.0509561027874,530.8642755383438,56892900
2025-04-16,517.0828857421875,529.1133721339063,511.80051174858437,523.0046778330362,83484800
2025-04-17,517.8206176757812,522.5029590498531,515.3614098145464,519.0305887702018,79868100
2025-04-21,505.4950866699219,513.1874958754851,500.1635109491862,512.6562685653938,69368100
2025-04-22,518.6469116210938,520.6634499571472,510.71842828029105,511.6529392279992,75948100
2025-04-23,526.6836547851562,536.5303334599773,525.1688042348989,531.6119173418257,90590700
2025-04-24,537.769775390625,538.4976913582739,526.7131857388315,527.9624225863133,64150400
2025-04-25,541.6553955078125,542.0586792500782,534.8187844540605,537.7305086834277,61119600
2025-04-28,541.8619384765625,544.5178954762085,536.1271078892217,542.3931659000511,47613800
2025-04-29,545.2752685546875,546.3868353532918,539.5993973829874,539.9535089190233,47775100
2025-04-30,545.4916381835938,547.4393716679848,532.6841242611865,538.6353953740775,93101500
2025-05-01,549.3575439453125,554.8662060499098,548.7575115851928,551.2265660956555,63186100
2025-05-02,557.5122680664062,559.105829955879,553.203731094349,555.5153624660799,60717300
2025-05-05,554.3153076171875,557.4040871519024,552.5348434974896,553.390643044351,38659200
2025-05-06,549.68212890625,554.157875203981,547.872185543118,548.8263293740373,48264700
2025-05-07,551.9937744140625,554.62019137936,546.9671083359827,551.0100913517826,55588000
2025-05-08,555.8400268554688,561.0043636579312,552.5348657113146,556.0170826268422,65130800
2025-05-09,555.1318359375,558.2402486138279,553.5775995797053,557.2368724786456,37603400
2025-05-12,573.4774169921875,573.4872634297448,567.6244903747194,571.9821994255728,78993600
2025-05-13,577.2647094726562,579.4681503640297,573.3299764411289,573.8906230635715,67947200
2025-05-14,578.00244140625,579.3697154326957,575.9858428026291,578.2188228927168,66283500
2025-05-15,580.8256225585938,581.3272505737436,575.553034807254,576.0055507079343,71268100
2025-05-16,584.5045776367188,584.7996705930015,579.664873035907,581.6027001482121,76052100
2025-05-19,585.1439208984375,585.8226647003453,578.5040593733968,578.5040593733968,68168500
2025-05-20,583.1765747070312,584.3570065824167,579.9796042324612,583.4127091135157,60614500
2025-05-21,573.3494873046875,582.9109177576073,572.3264785482603,578.8384555269332,95197700
2025-05-22,573.5758666992188,577.0482371941405,571.9232260794693,573.1528300863163,70860400
2025-05-23,569.6607055664062,572.3166619439528,566.207968279521,566.5817726606184,76029000
2025-05-27,581.50439453125,581.6617574386509,568.9919119990551,576.507266661779,72588500
2025-05-28,578.14013671875,583.0979387188073,577.4122207207761,581.9076603733905,68445500
2025-05-29,580.4223022460938,583.5209285665185,576.5072620387259,583.383198499108,69973300
2025-05-30,579.7730102539062,581.4846092815853,573.7233350319688,579.3204944032111,90601200
2025-06-02,583.038818359375,583.1174697772985,575.5136188023458,578.1695751189003,61630500
2025-06-03,586.3637084960938,587.3375451970118,582.1928415555221,582.6748967264019,63606200
2025-06-04,586.2062377929688,588.1932967835147,585.7734148456988,587.2194601619697,57314200
2025-06-05,583.373291015625,589.2262178754949,581.405924678812,587.8785767379185,92278700
2025-06-06,589.3639526367188,591.0263796061765,587.1211261759919,588.8917438854173,66588700
2025-06-09,589.89501953125,591.4394090598247,588.7244343491709,589.9343452374746,53016400
2025-06-10,593.2396850585938,593.6232758793388,589.3147986704665,590.426305457828,66247000
2025-06-11,591.5476684570312,595.1873080200999,589.4918043518763,594.3315085062023,73658200
2025-06-12,593.898681640625,593.898681640625,589.7377212700143,590.2197163908625,64129000
2025-06-13,587.2588500976562,592.0296894370186,585.7636324727854,588.7343748466453,89506000
2025-06-16,592.84619140625,594.5873299052357,590.4263090889528,590.6034249017806,79984100
2025-06-17,587.7802124023438,591.9313264126861,587.0227571759267,590.4164759991057,82209400
2025-06-18,587.691650390625,591.4099413940326,586.7374465360585,588.6753335186196,76605000
2025-06-20,586.3114624023438,591.421997724495,584.9104595060545,590.3564623402502,94051400
2025-06-23,592.1026611328125,592.4873858895392,583.9534091720473,587.0611349460189,87426000
2025-06-24,598.643798828125,599.6993983536543,595.3189312980566,596.2266384998721,67735300
2025-06-25,598.9793090820312,600.4493204937829,597.4204779573378,599.7586945360007,62114800
2025-06-26,603.6655883789062,604.0996909412141,600.2125189749694,600.8242007377552,78548400
2025-06-27,606.664794921875,608.1249909093486,602.6395460052738,604.6620460106875,86258400
2025-06-30,609.5653686523438,610.9169938229498,606.7930496988761,609.1016996773074,92502500
2025-07-01,609.3681030273438,610.5322734636828,607.2666588703396,608.0953617899536,70030100
2025-07-02,612.130615234375,612.1700572103479,608.3420779544849,608.9636353224103,66510400
2025-07-03,616.9549560546875,617.882354174148,614.0839419945853,614.1036930875782,51065800
2025-07-07,612.357421875,615.6625385416997,609.5851029977032,615.0014790783108,74814500
2025-07-08,612.0220336914062,613.7682592313246,611.2130216520668,613.0184402574613,59024600
2025-07-09,615.692138671875,616.3432624074327,612.5843521193799,614.4194576258184,66113300
2025-07-10,617.4285888671875,618.4644977127873,614.6562696587606,615.8303157415752,57529000
2025-07-11,615.2579956054688,616.48135905139,613.1960537313187,614.38979053738,63670200
2025-07-14,616.4320678710938,616.7773507170579,613.4624186155016,614.804168244691,51898500
2025-07-15,613.7979125976562,619.4411858079188,613.7189684346675,619.1057784945341,74317300
2025-07-16,615.8499755859375,616.3531467698953,609.7627242916457,615.3764310442137,88987500
2025-07-17,619.6187744140625,619.9739930445255,615.8105464724214,616.0276278697462,68885700
2025-07-18,619.1649169921875,621.0295285799061,618.0599396747441,620.8618249379944,65621600
2025-07-21,620.3389892578125,623.0718060276608,619.9147622533486,620.3389892578125,63375000
2025-07-22,620.4277954101562,621.2861250306559,617.7936134788556,620.6645676893623,60046300
2025-07-23,625.7059936523438,625.7059936523438,621.2860243619085,623.0816274772815,70511000
2025-07-24,625.9132080078125,627.6200518287297,625.488980993582,626.0907872079496,71307100
2025-07-25,628.5572509765625,629.0308557161836,626.3276053702117,626.5742531786653,56865400
2025-07-28,628.3994750976562,629.4847014583399,627.0182231688269,628.9322127301592,54917100
2025-07-29,626.741943359375,630.1061928990167,625.8342963044605,629.7904764849706,60556300
2025-07-30,625.95263671875,629.129431287321,623.0717472322541,627.3930212452535,80418900
2025-07-31,623.6045532226562,631.2703255386737,622.3121212201215,630.8856007534994,103385200
2025-08-01,613.3834228515625,617.9415293786636,610.9860135753424,617.9020271938194,140103600
2025-08-04,622.7067260742188,622.7560435889075,617.1917152069655,617.280474690056,73218000
2025-08-05,619.5496826171875,624.1274805006751,618.6321599743907,623.3184684441039,68051400
2025-08-06,624.2952880859375,624.946411865637,619.7076143339553,620.6152614930611,64357500
2025-08-07,623.7723388671875,628.4388963678413,620.674427785601,627.7088284528788,74205800
2025-08-08,628.6361694335938,629.0998986072367,625.2422933193634,625.5580097272857,64051600
2025-08-11,627.39306640625,630.382466681372,626.1499518449814,628.9124554108,58742300
2025-08-12,634.072265625,634.2300937128912,628.251353780633,629.7312404986845,64730800
2025-08-13,636.2428588867188,637.5254154950222,634.0624705008762,636.2625497647373,60092800
2025-08-14,636.302001953125,636.9630011917295,633.7270133914775,634.1709312549185,59327500
2025-08-15,634.8123168945312,637.4268079608856,633.9046697471923,637.328112699525,68592500
2025-08-18,634.6741333007812,635.3647592128409,633.5691559281859,634.2400307460651,43804900
2025-08-19,631.23095703125,635.4732874420525,629.9187737835771,634.4965717210093,69750700
2025-08-20,629.5537719726562,631.0829764734092,624.4629872631401,630.8265133126017,88890300
2025-08-21,627.028076171875,629.4156102095885,625.3114169787772,627.7483287539096,54805800
2025-08-22,636.6571655273438,637.8312114652382,628.70524285572,629.2084140029245,84083200
2025-08-25,633.8552856445312,636.6374803454853,633.736899505491,635.404241216521,51274300
2025-08-26,636.5091552734375,636.85449832521,632.9673265691392,633.5888838455812,51581600
2025-08-27,637.9595336914062,638.6896016147832,635.7791452521487,635.9271580330511,48341100
2025-08-28,640.2188110351562,640.7712997557803,636.6868575289449,638.5613448732837,61519500
2025-08-29,636.400634765625,639.1532627231435,634.5162720889837,638.7881685836082,74522200
2025-09-02,631.6847534179688,631.9017745733,626.406454480519,628.9518765829083,81983500
2025-09-03,635.1082153320312,635.5719445130327,631.8722274787872,634.05255551225,70820900
2025-09-04,640.4161376953125,640.4457643382553,634.8813749728572,635.7791465574808,65219200
2025-09-05,638.5612182617188,643.4646073746923,634.7036735299132,642.7443549194211,85178900
2025-09-08,640.1300048828125,641.1264716601992,638.5514227841185,639.922799046398,63133100
2025-09-09,641.6099243164062,642.1327863823664,638.54157966928,640.268114410177,66133900
2025-09-10,643.4646606445312,645.7732503039375,641.9058297062181,644.8557277247635,78034500
2025-09-11,648.8119506835938,649.5025765403432,644.8261440671411,645.4081991313436,69934400
2025-09-12,648.594970703125,650.272187984056,648.0918597139254,648.7824254618777,72780100
2025-09-15,652.0479736328125,652.1762353081463,650.499078415473,650.7950437367242,63772400
2025-09-16,651.150146484375,652.9063076016578,650.3707611688836,652.6004065429622,61169000
2025-09-17,650.3411865234375,652.8471065185831,645.5266166017295,651.1600740883537,101952200
2025-09-18,653.3798828125,655.9746224265324,651.4165760040546,653.0148488941834,90459200
2025-09-19,656.6160278320312,657.4569312262267,653.3215535907623,655.2606553211801,97945600
2025-09-22,659.7224731445312,660.1676217378205,655.1022751701781,655.131983947701,69452200
2025-09-23,656.1312255859375,660.2171487108257,654.9143129749383,659.6037107504653,81708900
2025-09-24,654.043701171875,657.5162467217733,652.6289715744526,657.4173382288552,68082200
2025-09-25,651.0263061523438,652.3717757310584,647.4251431178142,650.91749472694,89622100
2025-09-26,654.7559814453125,655.3000988687553,650.8580331559431,652.4706399599011,69179200
2025-09-29,656.5962524414062,658.1792111877495,654.7956708332731,657.2689872647139,73499000
2025-09-30,659.0694580078125,659.5344728182262,654.5482290856307,655.8541471878013,86288000
2025-10-01,661.3153076171875,662.2254710850941,655.9828233173913,656.0916347397471,72545400
2025-10-02,662.0770263671875,663.4126533220159,659.6631277666079,663.2939389771905,56896000
2025-10-03,662.0672607421875,665.5001949823258,661.0284195287326,662.8389040732001,70494400
2025-10-06,664.4415283203125,665.3319462864663,662.314512664693,664.451431246289,54623300
2025-10-07,661.9782104492188,665.8068995645011,660.5436748009873,665.3616905172978,72020100
2025-10-08,665.925537109375,666.0245059882836,662.2749199573431,663.0960778489103,60702200
2025-10-09,663.996337890625,666.7466945063586,662.0671995495462,666.3410972158545,66501900
2025-10-10,646.0499877929688,666.7565834688588,645.8719162752307,664.9560020556908,159422600
2025-10-13,655.9630126953125,658.030731623523,652.7279561413051,653.5985682812151,79560500
2025-10-14,655.1616821289062,658.7232938317348,646.1983862715207,650.1556923521978,88779600
2025-10-15,658.0703125,663.076302337462,651.8969246006144,659.70272543157,81702600
2025-10-16,653.5886840820312,661.5725563129243,650.0963324960569,659.7027147054259,110563300
2025-10-17,657.2986450195312,658.6540174880462,651.1153544209424,652.4608239631079,96500900
2025-10-20,664.1348876953125,665.0352086527322,660.1479331778372,660.197387427611,60493400
2025-10-21,664.1249389648438,665.8068060270512,662.8289237149189,664.2733620876278,56249000
2025-10-22,660.6721801757812,664.8273632729761,656.2202112252926,664.8273632729761,80564000
2025-10-23,664.5899658203125,665.5298380529869,660.6722112216523,660.988802941274,65604500
2025-10-24,670.0213623046875,671.2283116328227,668.4384640813665,669.2398161192735,74356500
2025-10-27,677.9260864257812,678.2228723013301,674.8393925526769,675.4428672302427,63339800
2025-10-28,679.7266235351562,681.5568533012904,677.520444889974,679.7167206093349,61738100
2025-10-29,680.0531005859375,682.338442194909,675.5813258562629,681.3688612448931,85657100
2025-10-30,672.5738525390625,678.6186229721906,672.5738525390625,676.600418646911,76335800
2025-10-31,674.7800903320312,677.7678759511788,671.9901821072642,677.728264242081,87164100
2025-11-03,676.04638671875,678.4800912258883,672.6826525168186,678.3514739521635,57315000
2025-11-04,668.0327758789062,672.702428076588,667.3798469971412,668.8934850512616,78427000
2025-11-05,670.3478393554688,673.5927987432043,666.9742023136038,667.7755543304748,74402400
2025-11-06,663.155517578125,670.1500639573375,661.5824616992899,669.2497429273029,85035300
2025-11-07,663.808349609375,663.9172214121945,654.1525740278607,660.781013040124,100592400
2025-11-10,674.1666259765625,674.8987178962867,667.8250699305912,670.011442763763,75842900
2025-11-11,675.7100219726562,676.2739453424548,671.4855783543771,672.6925881240425,58953400
2025-11-12,676.0859375,677.6490902522322,673.6818813898049,677.4808612736824,62312500
2025-11-13,664.8670043945312,673.5928719621189,663.3632690735044,673.2367288900627,103457800
2025-11-14,664.758056640625,668.4482246562536,656.1905168956082,658.2779810319527,96846700
2025-11-17,658.56494140625,666.5191649555097,655.1022987242936,662.5519561070769,90456100
2025-11-18,653.0346069335938,658.0207904035176,648.8596179987588,655.0330052616243,114467500
2025-11-19,655.5574340820312,660.2171837101976,651.7188423695233,653.7272041810384,94703000
2025-11-20,645.5652465820312,668.3494043558474,644.9320631333248,665.7276649913678,165293500
2025-11-21,651.995849609375,657.4568906385811,643.9031059831046,648.0582892153691,123956200
2025-11-24,661.59228515625,662.9081062970187,654.5285399004904,655.6167748873626,80437900
2025-11-25,667.815185546875,668.9924864834618,657.3876457131933,661.4933747936815,81077100
2025-11-26,672.4254760742188,674.4239350690651,669.4970476879164,670.3973686817876,71879600
2025-11-28,676.0958251953125,676.3728052050843,673.2366572287348,673.5928002628821,49212000
2025-12-01,673.0091552734375,675.7000943604489,671.4954567492206,671.5647168500374,61201200
2025-12-02,674.2556762695312,676.5212120744054,672.0791460292079,674.6414676887413,62953800
2025-12-03,676.5905151367188,677.5995871066391,672.4353317565424,673.3059439079583,57238500
2025-12-04,677.085205078125,678.0547257643626,674.0677712084201,677.9854656605314,61970300
2025-12-05,678.3712768554688,681.0424704296607,677.2731389541586,678.1535936302283,79241000
2025-12-08,676.3333129882812,679.3111955598065,674.2953027143022,679.2617413091358,55231500
2025-12-09,675.7495727539062,678.0745263345831,675.3044241214166,675.8584445640498,58310100
2025-12-10,680.231201171875,681.6162219852988,674.0380078724895,675.2746659471688,85671300
2025-12-11,681.8141479492188,681.8933109790751,674.8888622374254,677.82719343181,86173700
2025-12-12,674.4832763671875,681.5272765513724,671.9208940415416,680.8248329648462,113160300
2025-12-15,673.4642333984375,678.4405748577324,672.0000494482242,678.4207690042323,90811000
2025-12-16,671.6240844726562,673.8105178026394,667.7755898483048,671.9802275249427,122030600
2025-12-17,664.2338256835938,673.1773153631458,664.035948310003,672.6331978735437,110625200
2025-12-18,669.2496337890625,673.4740770479272,667.6964444022054,670.3675775068244,108650100
2025-12-19,675.3153686523438,675.8114935895343,671.2272434527378,671.3463691548195,103599500
2025-12-22,679.5224609375,680.0483218496023,675.3153313921905,678.639344063116,69556700
2025-12-23,682.628173828125,682.8663040830753,678.569845619967,678.6194459960617,64840000
2025-12-24,685.0294799804688,685.4760045408373,682.4694583215327,682.6183200290311,39445600
2025-12-26,684.9600219726562,686.2995351048382,683.9281038851597,685.2874813951044,41613300
2025-12-29,682.51904296875,683.8586166189733,680.7528697076866,682.2114479341877,62559500
2025-12-30,681.685546875,683.2235219572843,681.2588867271484,682.1221392108215,47160700
2025-12-31,676.635009765625,682.0328514439952,676.4266760541103,681.8145855439083,74144800
2026-01-02,677.8753051757812,681.5466416904673,674.5512924418268,680.3956585252009,89377200
2026-01-05,682.3900756835938,684.0868448237256,681.0604947255163,681.2192280630002,71927200
2026-01-06,686.4483642578125,686.9544213697425,682.4496288665487,682.5984300063299,69273800
2026-01-07,684.2356567382812,688.5817158514149,683.9776620917838,686.8254142672773,75588300
2026-01-08,684.1661987304688,685.2675815209567,682.1618346683338,683.4815439165204,64019200
2026-01-09,688.6908569335938,689.9212370510019,683.8387406584166,685.2775150455628,80125500
2026-01-12,689.7723999023438,690.6952455853734,685.2775394384523,685.3271398200249,63976000
2026-01-13,688.3931884765625,690.6952153647912,685.9919002674054,690.0998291255927,78309700
2026-01-14,685.0095825195312,686.3590277621203,680.7230559588451,685.6446369497345,94676700
2026-01-15,686.8750610351562,690.0602050162862,685.8927433241695,689.1870202593807,77862000
2026-01-16,686.2994995117188,688.869453251486,684.7515921796883,688.2839991969948,79289200
2026-01-20,672.32861328125,679.4628915199756,671.3264313278333,676.2082832182709,111623300
2026-01-21,680.0880737304688,683.402154325963,672.8743979165272,674.3826370735425,127844500
2026-01-22,683.6403198242188,685.7736813437502,681.5962874434288,684.5035723961656,77112200
2026-01-23,683.8883056640625,685.6049389887335,681.8343413244536,682.8167194920136,63059600
2026-01-26,687.3612670898438,688.7504412014587,684.5730472396109,685.1386369609629,60473800
2026-01-27,690.0997924804688,691.1317710154308,688.1946898528689,688.799947686109,55506100
2026-01-28,690.0303344726562,692.4316225777728,688.5618241580821,691.6477064811113,61172200
2026-01-29,688.6610717773438,691.657685737667,679.5224893166136,690.9928952881424,97486200
2026-01-30,686.607177734375,688.8298685233847,681.7947896393288,686.4285800085149,101835100
2026-02-02,690.0204467773438,691.5286859406688,684.0768798206813,684.2356737126761,79286500
2026-02-03,684.18603515625,691.5584439188771,678.7286612443456,690.8142565672537,107904600
2026-02-04,680.8719482421875,686.0911923060062,676.4762885369656,684.9996810996682,105204600
2026-02-05,672.3683471679688,678.3913111024622,670.5525129616972,675.6626239798336,113610800
2026-02-06,685.267578125,686.9444827733389,675.5732778299765,676.1785962582386,89127600
2026-02-09,688.57177734375,690.4768800480663,683.0052703670985,684.0768565720822,73885200
2026-02-10,686.7559204101562,691.1416475283962,686.2994637039938,689.5640042757049,65185700
2026-02-11,686.5972290039062,691.7370759669038,683.8387453470867,690.9928885783248,76353900
2026-02-12,675.9901123046875,689.9609473653614,675.097063165144,688.8595645054852,118829000
2026-02-13,676.46630859375,680.96122930703,672.2691112734435,676.4067760275798,96267500
2026-02-17,677.5578002929688,679.6316291710169,670.5426469985775,674.8688419019007,81354700
2026-02-18,680.9711303710938,683.8090109802145,677.53798463666,678.7187643851827,73570300
2026-02-19,679.1751708984375,680.8620077880265,676.2678860499572,678.5401770095443,58649400
2026-02-20,684.0868530273438,684.71197532004,676.4465165538227,677.0319706522042,100034000
2026-02-23,677.1013793945312,684.6523861034582,675.0970153480879,682.4992209190492,90558100
2026-02-24,682.0228881835938,683.0151380016027,674.7298762460771,676.6151751251432,73798700
2026-02-25,687.7780151367188,688.3038760705598,684.7516046120257,684.8310015582731,56369500
2026-02-26,683.957763671875,687.926762805978,679.0461151309984,687.9069589925494,71671000
2026-02-27,680.6734619140625,681.5367144347911,676.35719931042,677.795973699009,83308900
2026-03-02,681.0604248046875,683.2830546740443,672.765230984366,673.4399535831263,87477200
2026-03-03,675.057373046875,677.3196712649806,664.4700232973693,669.8281968363514,105003100
2026-03-04,679.8201904296875,681.7650220692323,674.3528836974749,676.3473157204403,79182200
2026-03-05,676.0297241210938,680.2170498641997,670.3738880206191,676.7937758642711,106606500
2026-03-06,667.1688842773438,670.869956423512,664.569194806431,668.1908700160953,100687000
2026-03-09,673.0133056640625,674.650481531912,657.2563736570586,661.2253729422058,102667700
2026-03-10,671.9317626953125,678.0638596518006,669.5305349566006,672.4675558251363,81505300
2026-03-11,671.08837890625,674.8093159596237,668.1215614523004,672.3286912573745,68441700
2026-03-12,660.89794921875,666.4446526664856,660.7094193200438,665.9583993556241,108882200
2026-03-13,657.1571655273438,667.1293254881115,656.2343803863124,664.0831110227487,97200200
2026-03-16,663.844970703125,666.8613885560293,661.9497395049242,663.1999840519829,82023100
2026-03-17,665.5912475585938,669.2129836950214,664.5097291491037,667.1788836379297,87128000
2026-03-18,656.3037719726562,664.5295009374192,656.0656417127632,663.1800557566115,82062600
2026-03-19,654.6864013671875,657.8417484417536,650.0922799802194,651.8783174953539,111272500
2026-03-20,645.301025390625,653.380093364961,641.4703940766159,653.2010079047443,163617500
2026-03-23,652.07666015625,659.2801583045331,650.6439158314106,654.7531040433624,134802700
2026-03-24,649.8877563476562,653.7183875512989,646.604401549905,648.0371459178807,96457500
2026-03-25,653.5093994140625,657.5588924447279,650.9423865337293,655.3500504609481,90653800
2026-03-26,641.8385620117188,651.5493174066021,641.5699034672713,648.773401781548,96494400
2026-03-27,630.8939819335938,639.4207325687934,629.9188801961861,639.2615657472361,103649400
2026-03-30,628.78466796875,637.1423539459004,626.108284608157,636.8836547011163,99275900
2026-03-31,647.0620727539062,648.255975728372,634.7643255692599,635.719508676349,152534100
2026-04-01,651.9373779296875,655.2008748639518,649.7086779392242,650.6041659517412,97841500
2026-04-02,652.5244140625,654.8824636102106,641.858414876014,643.161809607987,68358700
2026-04-06,655.6088256835938,656.3948220300638,652.2160396308291,652.5542919409455,39105800
2026-04-07,655.8972778320312,656.285326673986,647.7784337275787,653.3402849463747,69980400
2026-04-08,672.6027221679688,673.6673363432215,668.0756676404139,672.980811715349,93606100
2026-04-09,676.4829711914062,677.7266707213284,670.3739652533407,671.438579338256,57134400
2026-04-10,676.0353393554688,678.5923930707559,675.0304203424645,677.885949822129,42253500
2026-04-13,682.641845703125,682.8408497944083,673.1698703787699,673.9956432299357,54185800
2026-04-14,690.959716796875,691.0791070995066,684.193942434314,684.2238203737314,63480500
2026-04-15,696.412109375,696.7504224001667,690.7010502942645,691.7557051691649,58240400
2026-04-16,698.1234130859375,699.2378238459212,695.0092450197437,697.5264615426626,49972400
2026-04-17,706.5607299804688,708.7993894133457,702.2028014262665,702.5808909886877,70661900
2026-04-20,705.1477661132812,706.3317705126415,702.5808139687996,705.20752199003,43546800
2026-04-21,700.53125,707.6949720613851,699.098505587723,706.7000123508461,58941400
2026-04-22,707.6253051757812,707.8640857857167,704.6503246823615,705.5756906371417,42518500
2026-04-23,704.8792114257812,708.7694771316526,698.7403270820959,705.9239069650033,56174000
2026-04-24,710.341552734375,710.8688498134599,705.4364085481575,707.1676287635845,45182000
2026-04-27,711.5653076171875,712.023010938504,708.7097781525541,709.5753882284523,33135900
2026-04-28,708.1028442382812,709.2868486650957,705.6751402340362,708.2321938525355,43117400
2026-04-29,707.993408203125,708.6102783309316,704.7995658491443,707.4163145996059,41859200
2026-04-30,715.0377197265625,716.1620290590424,706.8691393587039,711.0280636665188,67240900
2026-05-01,717.0177001953125,721.216400793299,716.8385540170647,717.6146516977453,43049800
2026-05-04,714.3909912109375,718.4802608161392,711.3861936216806,716.4406056700121,51950600
2026-05-05,720.1220092773438,721.3855668152729,717.8534719876392,718.1320898558575,36933200
2026-05-06,730.1312866210938,730.8874657022126,724.1515691652952,724.489821452625,53288900
2026-05-07,727.8926391601562,732.4196936796947,726.0718458933673,731.3451201928577,51724600
2026-05-08,733.9021606445312,734.359863963193,730.8675457398152,731.2257166531052,47227100
2026-05-11,735.5736694335938,737.0561496205491,732.7380586745534,732.7380586745534,44024000
2026-05-12,734.4593505859375,735.1160580011854,728.1413807257971,733.1758744234386,54185300
2026-05-13,738.5685424804688,740.1604537310201,731.7629913201908,734.7478704606156,44200200
2026-05-14,744.3989868164062,745.7521781705404,739.8122371427646,739.9018102364839,45307600
2026-05-15,735.4443969726562,739.712813256131,734.2405345152865,738.0511867146383,60410800
2026-05-18,734.927001953125,737.682999009625,729.6935042484962,736.1010471042457,47843900
2026-05-19,730.0317993164062,733.9320852676053,727.8429364442825,731.0765556379026,54255900
2026-05-20,737.5138549804688,738.1307251173267,730.1909663879147,732.0018002736176,45768000
2026-05-21,738.9764404296875,741.1156280791548,733.3151780259534,734.9170485709385,43332200
2026-05-22,741.8817749023438,745.1651298094138,740.7275876279662,742.4787264390759,41762000
2026-05-26,746.8068237304688,748.3390397979183,744.5979816306177,746.2297301040182,41123600
2026-05-27,746.677490234375,747.5928361692701,744.4487294597059,747.0953563113346,42106300
2026-05-28,750.7965698242188,751.3438462445121,745.4536410614309,746.4685193943138,41562600
2026-05-29,752.6671142578125,754.2590862562773,750.8861582097875,752.0900813404212,55075700
2026-06-01,754.7167358398438,756.4480167905853,750.8861651495049,751.5527711685265,43634900
2026-06-02,755.7415771484375,756.5674107365072,752.9357833937803,753.2144012702464,31581900
2026-06-03,750.4384155273438,754.9754294579049,749.7718095132926,754.3287420712209,51402500
2026-06-04,753.2740478515625,754.4878695071194,747.6823186029123,748.3091480570178,49923000
2026-06-05,733.83251953125,749.0255736853693,731.82274221843,748.5181345185488,93989400
2026-06-08,735.4940795898438,741.5832888174093,734.4693026781229,739.6132273185567,49319100
2026-06-09,733.3350219726562,743.1354112835509,718.9479438267383,739.881873688386,87683500
2026-06-10,721.7736206054688,734.6583610930755,721.6741489247238,729.69352181897,60341300
2026-06-11,734.04150390625,736.2702039965386,720.7587550057447,725.0868662900759,86330500
2026-06-12,738.0113525390625,740.6877965432628,731.3252525489901,736.9766163198905,57079500
2026-06-15,751.0254516601562,752.8661028247,747.9709180763429,748.0604304424444,60176400
2026-06-16,746.5481567382812,751.6323864215939,746.100412710964,750.7468576807364,67093100
2026-06-17,737.225341796875,748.3589429763433,735.4940609532621,747.5032315039188,85945200
2026-06-18,744.8902587890625,746.3765582049119,742.0173878962117,745.907751654771,80875700
2026-06-22,742.546142578125,748.321778689857,741.2892538871644,745.8479411927095,46628100
2026-06-23,731.7628784179688,737.7978798883457,730.4860198600484,731.9922892059834,66846800
2026-06-24,731.4237060546875,738.1171068570358,729.0296875445486,733.3489180103626,57439500
2026-06-25,732.4810791015625,737.5385276888334,727.7927091295785,737.0796452204372,53934400
2026-06-26,727.1842651367188,734.7056273477464,714.8050317832251,727.144386135875,71034000
2026-06-29,739.1644897460938,739.7231001504891,730.27658724538,734.7055914816465,58035200
2026-06-30,744.9202270507812,746.1671307285668,739.0547872797607,739.4537599262709,55626000
2026-07-01,743.9127197265625,747.5835968507926,740.541087308444,743.1545925484338,47100900
2026-07-02,742.9351806640625,749.4489739445169,738.1969465958291,745.5486859530862,57447800
2026-07-06,749.4190673828125,750.5462122974698,745.5585975722108,746.885320136641,50673300
2026-07-07,745.85791015625,749.0998597580657,743.364102770238,748.3616416292718,43721500
2026-07-08,743.5536499023438,744.3017921335774,737.6782249675691,741.3191472958572,43767400
2026-07-09,749.8480224609375,750.1073272936331,743.7431866839036,745.4987759890873,41441700
2026-07-10,753.0799560546875,753.5487626123848,746.2468873823584,750.187115173852,42191300
2026-07-13,747.3142700195312,752.0425191788765,746.1471851864706,750.6060836597362,44013600
2026-07-14,749.9677124023438,751.4739818301254,746.8055207475287,749.0499474324819,35143100
2026-07-15,752.9403076171875,753.7084197839658,748.3417413555546,752.3717122204262,43844800
2026-07-16,748.8604125976562,752.7009125511715,746.0274814662645,750.8953984161742,46409800
2026-07-17,741.4487915039062,745.438883195828,738.9649691671198,740.241827732839,62651000
2026-07-20,740.2518310546875,746.8753371556621,739.6732506975046,745.2094908804986,50422300
2026-07-21,746.426513671875,747.1845799829406,742.3366329839115,744.4413918284653,34324300
2026-07-22,745.55859375,748.1621748950539,744.5211918106933,744.7705725456777,32836200
2026-07-23,736.3515014648438,740.7206569606348,733.3888874570794,737.5385562389782,55437300
2026-07-24,737.099609375,741.8777222786117,735.4636571620507,736.6806667930385,44782000
2026-07-27,737.25927734375,743.6833276942111,734.0472217265344,743.0648074406847,41461200
2026-07-28,739.0248413085938,740.9500533043114,734.156924420905,737.3589950224286,47322200
2026-07-29,727.6531372070312,740.8403618199718,727.2939826612791,738.1370526174048,70697200
2026-07-30,739.852783203125,740.6109103701467,732.7703947650456,734.2267392747757,66811300
2026-07-31,745.1796264648438,747.0449895804718,735.8527500027326,742.835410914187,62445900
2026-08-03,755.793212890625,756.7009928898597,746.9451890027125,747.5836183167282,59927500
2026-08-04,769.4193725585938,771.494176400126,758.6361522059436,758.7458651152236,69154800
2026-08-05,767.8831787109375,774.9256883846499,767.6039039413469,773.928165423025,44689100
2026-08-06,766.65625,769.9081846177485,765.5589990885744,768.3021872511085,38416900
2026-08-07,771.3446044921875,772.0029428489042,767.703621378493,769.1101628301597,43586300
2026-08-10,771.1151733398438,773.1301282404592,769.7086319253093,770.6861849056471,39249500
2026-08-11,768.6513061523438,772.6912620504304,767.2946895097219,772.6115040483734,36740600
2026-08-12,770.5764770507812,772.9805414027246,769.369513273419,772.7910096110111,33179100
2026-08-13,775.9531860351562,777.4394855444215,772.1925048911166,772.9506321027081,35634500
2026-08-14,774.4169921875,776.8708596736758,773.509212209858,776.6114939657781,31367900
2026-08-17,770.7560424804688,774.8559080861019,770.5964655970525,774.2573577843602,34356600
2026-08-18,765.5490112304688,767.5939211307613,765.0202948350139,766.7959149360092,43920900
2026-08-19,767.1549682617188,770.5564946026684,766.1973243479778,768.4517358705159,40306000
2026-08-20,760.7109985351562,766.2472997692572,760.1523881029335,764.0627220124634,45520300
2026-08-21,763.8232421875,765.9479709365374,762.2770937955632,764.1524418077088,39188700
2026-08-24,761.5787963867188,763.3244615010249,760.1922857963137,762.8856098637509,32430900
2026-08-25,764.0127563476562,764.8806573052586,761.159855395616,764.262137078792,27422300
2026-08-26,764.182373046875,765.449185749943,762.0376744224566,762.8356805789958,28751600
2026-08-27,769.18994140625,770.4468300957561,765.2596984507333,766.5964060257239,34557100
2026-08-28,767.4442749023438,773.3795487683207,766.4068729286823,769.8483393622295,36744300
2026-08-31,765.1499633789062,766.097622354185,762.8257178677422,765.4292990280279,38810800
2026-09-01,759.89306640625,762.7758614763637,757.5987149009983,760.1224772031874,41126300
2026-09-02,763.2646484375,764.5315220914426,759.8431519587122,760.5614001563074,29566200
2026-09-03,771.2548217773438,772.112737807933,765.5490195828438,765.99791709853,43531600
2026-09-04,768.2822265625,770.9555808433835,767.0951717806925,770.0977256925568,34054200
2026-09-08,764.0626831054688,767.7934091111229,763.2447069992287,767.1649647963771,44746100
2026-09-09,760.5115356445312,762.5763546117217,759.055130192088,762.1873669257697,32812400
2026-09-10,755.9528198242188,758.2271404471661,754.7657651010062,756.1523365872063,42740400
2026-09-11,762.3967895507812,764.4816392943262,761.7084962835214,762.8257171109622,45512700
2026-09-14,758.9952392578125,761.6287143614769,756.0525344863368,757.119891309806,43992400
2026-09-15,755.513916015625,758.4665449596201,754.2769973083872,758.2371341657202,46195000
2026-09-16,752.1821899414062,759.7833101686804,747.7432005092232,757.6187023523285,59217700
2026-09-17,760.7109985351562,761.6786274833105,758.0775841455181,761.2596848801362,49652800
2026-09-18,761.6900024414062,762.0,757.969970703125,761.3099975585938,65395100
2026-09-21,773.5,774.8900146484375,766.030029296875,766.25,50484700
2026-09-22,773.3800048828125,775.1400146484375,772.5700073242188,774.030029296875,34802300
2026-09-23,767.8099975585938,773.0499877929688,766.5,772.7899780273438,54931700
2026-09-24,767.1799926757812,768.9500122070312,763.25,764.0700073242188,43983700
2026-09-25,771.3499755859375,772.280029296875,766.2899780273438,768.780029296875,36629600
