Price,Close,High,Low,Open,Volume
Ticker,VEA,VEA,VEA,VEA,VEA
Date,,,,,
2012-01-03,20.30396842956543,20.381439159786872,20.174848904029616,20.181305003443914,8276700
2012-01-04,20.187759399414062,20.239406958995353,20.058639884773363,20.20067159715312,2609200
2012-01-05,19.897241592407227,19.916609889488164,19.748755008911647,19.864962328647312,2095900
2012-01-06,19.664827346801758,19.839138329896524,19.580900520520025,19.839138329896524,2044000
2012-01-09,19.710025787353516,19.768129465325227,19.57445012829439,19.761673364286665,1652200
2012-01-10,20.03282356262207,20.06510283661934,19.974719884326692,20.0392796636966,1861100
2012-01-11,19.968263626098633,19.968263626098633,19.781040390536916,19.86496847246988,2770400
2012-01-12,20.026363372802734,20.078010939478798,19.877876772530932,20.03281947255913,1348500
2012-01-13,19.832685470581055,19.832685470581055,19.580903719230115,19.80040620090152,2378000
2012-01-17,20.026363372802734,20.168393873318134,20.019907273046336,20.078010939478798,3998200
2012-01-18,20.387897491455078,20.400809691697418,20.142571843726603,20.16839501283609,1866200
2012-01-19,20.62676429748535,20.639675263865698,20.452453321913655,20.52992404569555,1633000
2012-01-20,20.723608016967773,20.730065349068262,20.594489696590042,20.62677020021595,1565300
2012-01-23,20.826900482177734,20.89146148111058,20.723605346635484,20.788166345568325,2783900
2012-01-24,20.723608016967773,20.762344621318867,20.542842122163886,20.588033595864857,2025200
2012-01-25,20.930200576782227,21.001216461059236,20.542844342408745,20.639683401002117,2568900
2012-01-26,20.981843948364258,21.18197934646182,20.92374028199724,21.156154947465314,2016100
2012-01-27,21.00120735168457,21.05285614066526,20.910824433718176,20.923736630963347,2982600
2012-01-30,20.75588607788086,20.794620212624846,20.63322141719109,20.671958014685256,2543200
2012-01-31,20.885005950927734,21.00121329627807,20.74297666652772,21.00121329627807,3781600
2012-02-01,21.201345443725586,21.311095440310964,21.130329581111457,21.15615397892571,2322500
2012-02-02,21.246540069580078,21.31755594275993,21.181981528189574,21.252994938618933,1954800
2012-02-03,21.54996109008789,21.57578301756014,21.349825759994193,21.362737955105022,2508400
2012-02-06,21.453126907348633,21.478951304852085,21.336919581333195,21.362743978836647,1808200
2012-02-07,21.60161781311035,21.640354417101946,21.3821153159925,21.466043393265657,2560600
2012-02-08,21.6855411529541,21.730732616363127,21.556421630606867,21.666174086564535,1521700
2012-02-09,21.724281311035156,21.782384982482295,21.62098616876807,21.769472781855104,1628800
2012-02-10,21.32400894165039,21.38856994012929,21.25945040592177,21.3433784725692,1582300
2012-02-13,21.569334030151367,21.614525493981596,21.491863301120986,21.575788898091368,1317300
2012-02-14,21.420848846435547,21.504776911666372,21.27881711492957,21.453128113755024,1543600
2012-02-15,21.440216064453125,21.608072196090507,21.414391665316565,21.588702665362963,2220300
2012-02-16,21.724281311035156,21.730736179973526,21.356292212786755,21.388571482979508,5507700
2012-02-17,21.81466293334961,21.85985440143643,21.698455597483413,21.827575133195886,1660500
2012-02-21,21.82756996154785,21.963144333686415,21.795288238205575,21.905040679519928,1694300
2012-02-22,21.775930404663086,21.846946285718364,21.717826725867926,21.788842606923204,1183700
2012-02-23,21.950241088867188,21.96315329092014,21.698459305711477,21.808209329035463,1184400
2012-02-24,22.09872817993164,22.15683185900818,22.027712298532453,22.034169631069165,1556600
2012-02-27,21.956687927246094,22.027703781185924,21.74364282817643,21.801746484786307,2218700
2012-02-28,22.176198959350586,22.182656291895523,21.976065979971647,22.02125745678307,2970700
2012-02-29,21.905048370361328,22.273037488366466,21.8921361690409,22.24075821644069,3514000
2012-03-01,22.137451171875,22.16973042645378,22.00187682499457,22.00833169081062,2787100
2012-03-02,21.917951583862305,21.988967430628136,21.859847933122037,21.982510101240567,1786600
2012-03-05,21.795291900634766,21.879219962478256,21.737188236704675,21.879219962478256,1902100
2012-03-06,21.110965728759766,21.317556017231688,21.059316925266536,21.298188947296975,2094600
2012-03-07,21.369199752807617,21.395024151405924,21.201346087419036,21.259449752890124,2088000
2012-03-08,21.82756996154785,21.91149554653855,21.646801669280045,21.711362653214877,2949100
2012-03-09,21.743640899658203,21.81465674729939,21.67908238148418,21.704904311104023,2388300
2012-03-12,21.69845199584961,21.724276391255685,21.5564202838661,21.65326053526393,1788200
2012-03-13,22.053531646728516,22.059986515034474,21.756558449650107,21.788837716680334,2105600
2012-03-14,21.853397369384766,22.04062057559405,21.801751032042745,21.982516906865317,1519900
2012-03-15,22.066444396972656,22.092268796341617,21.859854127521498,21.93086999441101,1108400
2012-03-16,22.221385955810547,22.292401822981688,22.202018887582156,22.221385955810547,1529100
2012-03-19,22.331125259399414,22.382771565149643,22.137447303025592,22.156814359838325,1270100
2012-03-20,22.05998992919922,22.10518386533633,21.93087284109522,22.0147984558127,1373700
2012-03-21,21.930870056152344,22.00834079172706,21.840487120856796,22.001885923241787,1716900
2012-03-22,21.776521682739258,21.828184745453324,21.673193093763246,21.70548281590302,1941300
2012-03-23,21.912145614624023,21.931518960167843,21.64736588348157,21.750694498962808,1850500
2012-03-26,22.20920753479004,22.228580873755412,22.080046193409622,22.086505615429868,1535000
2012-03-27,22.08650779724121,22.247958874028722,22.080048374582873,22.247958874028722,1340600
2012-03-28,21.944433212280273,22.118800695873535,21.8281882232181,22.105884312250154,1086100
2012-03-29,21.79589080810547,21.82172356624053,21.621523386014935,21.744225291835352,14453700
2012-03-30,21.976715087890625,21.989631466899343,21.834639845889527,21.957341751151247,5777800
2012-04-02,22.228586196899414,22.280251731243148,21.828188159928562,21.879853694272295,7654700
2012-04-03,21.828184127807617,22.10588016473826,21.71839858292927,22.099423205912164,3212100
2012-04-04,21.350296020507812,21.447165209954186,21.227591598241215,21.40195909550285,2625400
2012-04-05,21.221126556396484,21.343828468388015,21.163004079443123,21.182377417245068,2475400
2012-04-09,21.104890823364258,21.169470286617642,20.995102779575173,21.014478589390077,2964700
2012-04-10,20.68510627746582,21.09842054212162,20.665732941168624,21.046757490813313,2672500
2012-04-11,20.936979293823242,21.111346792675718,20.93052233322063,21.079057062565667,4270600
2012-04-12,21.343830108642578,21.363205911481067,21.046760742961446,21.066134082252212,1696900
2012-04-13,20.924060821533203,21.16300772863367,20.90468501684271,21.16300772863367,2546500
2012-04-16,21.0532169342041,21.15008855422265,20.917598637016244,21.066133314443082,1973000
2012-04-17,21.395498275756836,21.460077723739264,21.19529804533446,21.279253298550042,1232000
2012-04-18,21.27279281616211,21.382580828522038,21.227586712116228,21.25341947544185,2162800
2012-04-19,21.15654754638672,21.389037485942815,21.046761999122932,21.26633555719837,1814600
2012-04-20,21.369659423828125,21.427781895874876,21.2921636156149,21.317993909321093,1421600
2012-04-23,20.943431854248047,20.988637954296564,20.788437751547644,20.956348234768722,2028100
2012-04-24,21.117799758911133,21.201755002362184,21.014471176028206,21.033844515460085,1358400
2012-04-25,21.389039993286133,21.421329718999026,21.26633805015788,21.36966665056803,1380400
2012-04-26,21.524656295776367,21.55694601475792,21.285706955508076,21.311539716112375,2366700
2012-04-27,21.576322555541992,21.640902003089217,21.479450920673145,21.576322555541992,1880700
2012-04-30,21.4536190032959,21.511741487128194,21.382580138217783,21.505282064731368,5269800
2012-05-01,21.563405990600586,21.64090181971018,21.414871291662205,21.421328250943006,3097500
2012-05-02,21.395498275756836,21.42132857682099,21.208214427640552,21.285710257929072,3384600
2012-05-03,21.208213806152344,21.376121844115076,21.16300770117976,21.350291543807856,1830900
2012-05-04,20.86594009399414,21.12426036401896,20.859480670703324,21.09197063820938,2010500
2012-05-07,21.008010864257812,21.046760005028464,20.853019228270487,20.87239256688199,1503300
2012-05-08,20.71094512939453,20.78844096093495,20.478455171225214,20.775524578420203,2216700
2012-05-09,20.459075927734375,20.562404494498796,20.207212700217806,20.30408307758774,2303700
2012-05-10,20.55594825744629,20.685108362282215,20.51720034917289,20.659276834024546,2600000
2012-05-11,20.413877487182617,20.60116012274277,20.31054888167892,20.31054888167892,1183900
2012-05-14,20.052223205566406,20.194300941200314,20.039308055596564,20.11034569163956,2709900
2012-05-15,19.787443161010742,20.026391291614512,19.755153439041504,19.935979084681488,2643400
2012-05-16,19.593708038330078,19.884320547285828,19.574333460474932,19.780990697166,3236300
2012-05-17,19.354753494262695,19.587243425219544,19.341838345033672,19.567868853715176,2881300
2012-05-18,19.19330406188965,19.432252203701008,19.161014338405895,19.399962480217255,2807700
2012-05-21,19.632450103759766,19.632450103759766,19.309547959843407,19.3353807226082,1608000
2012-05-22,19.56140899658203,19.774524324457307,19.46453738518751,19.6389048075692,2453400
2012-05-23,19.39350128173828,19.39350128173828,19.05122459972832,19.309546042861403,3130500
2012-05-24,19.257883071899414,19.406417757892264,19.13517991610042,19.374128037206475,5180800
2012-05-25,19.199766159057617,19.283721428034138,19.15456004427376,19.15456004427376,1631800
2012-05-29,19.425796508789062,19.516208731580388,19.28371998272067,19.425796508789062,2358900
2012-05-30,18.980188369750977,19.135181257097695,18.947898646802315,19.12872429792714,2361500
2012-05-31,19.05768585205078,19.122266531154608,18.844570473249952,19.07060223422635,3914400
2012-06-01,18.57978630065918,18.812274964680174,18.56686992160976,18.72186277488166,4209200
2012-06-04,18.728328704833984,18.812282739806033,18.599167324504755,18.74770328141563,2550900
2012-06-05,18.825193405151367,18.870399505000844,18.7024902542929,18.715406634756707,2254100
2012-06-06,19.36766815185547,19.393500911562594,18.999559948445413,19.012476328298973,2505000
2012-06-07,19.406421661376953,19.658286214127916,19.374131934196278,19.651828022336954,1695300
2012-06-08,19.33538246154785,19.380588568677954,19.070602778265226,19.115808885395328,2236700
2012-06-11,19.1610164642334,19.561415731433993,19.148100080697287,19.55495753966594,2914900
2012-06-12,19.496829986572266,19.50328817666458,19.180386062691813,19.341837119678196,2660400
2012-06-13,19.348295211791992,19.5226626591808,19.296630919799814,19.341838253095116,1729400
2012-06-14,19.451614379882812,19.554942907305907,19.29016340181257,19.32891129165293,2574000
2012-06-15,19.75515365600586,19.780985187510165,19.56141285851475,19.58078619919949,2179300
2012-06-18,19.709943771362305,19.774524435396394,19.61307339119803,19.664737676070555,1419000
2012-06-19,20.019929885864258,20.155548174484846,19.890768555181445,19.916601314027503,4881000
2012-06-20,20.162010192871094,20.28471335714317,19.9811857737059,20.103887706204002,4201200
2012-06-21,19.632450103759766,20.14909427309029,19.61953372237737,20.103886938251907,2831700
2012-06-22,19.826194763183594,19.85202629760631,19.68411701264934,19.819736571634394,1765200
2012-06-25,19.374130249023438,19.483917036372198,19.335382333422118,19.471000653913748,2299200
2012-06-26,19.483915328979492,19.548496003838448,19.322464257719066,19.477457138316204,3863700
2012-06-27,19.67119598388672,19.70348693400671,19.50974492860817,19.54849406875216,2758800
2012-06-28,19.69057846069336,19.716411231162475,19.44517330010821,19.50975276273242,3389500
2012-06-29,20.388038635253906,20.420329584695644,20.252420342919923,20.3234579681442,3631700
2012-07-02,20.530118942260742,20.555950473302953,20.368667869981653,20.459080076290284,6516100
2012-07-03,20.743227005004883,20.75614338263228,20.517196555393244,20.543028078874475,4443000
2012-07-05,20.42679214477539,20.471999486391756,20.31054839022707,20.41387699323054,2699300
2012-07-06,20.20722007751465,20.258884379758577,20.090975089522274,20.226593420997293,2081100
2012-07-09,20.1684627532959,20.174920942430834,20.026386287648183,20.1103402828551,2444700
2012-07-10,20.007017135620117,20.278254993836306,19.974727412979078,20.23950708031227,3495500
2012-07-11,20.09096908569336,20.1620067101916,19.974724132438727,20.078052706048677,4070000
2012-07-12,19.864946365356445,19.92306886830603,19.709953434749,19.813282055153962,1699100
2012-07-13,20.15555191040039,20.194301055851792,19.884315282884373,19.884315282884373,1568100
2012-07-16,20.149093627929688,20.21367306922603,20.000557710336,20.10388629453881,1762800
2012-07-17,20.220129013061523,20.271793299422534,19.968265771023322,20.213670823294677,1439000
2012-07-18,20.368667602539062,20.394499133242103,20.142635857961366,20.142635857961366,1637200
2012-07-19,20.536579132080078,20.588243434066445,20.433250528107344,20.48491483009371,1856100
2012-07-20,20.084516525268555,20.200761511104968,20.065141950371117,20.18138693620753,1255500
2012-07-23,19.664737701416016,19.716401986355134,19.470995709064038,19.542034562770468,1506900
2012-07-24,19.438711166381836,19.65828474375463,19.316007995079616,19.632451978522987,1623000
2012-07-25,19.554954528808594,19.65182492686614,19.464541089750803,19.61307701399791,1359700
2012-07-26,20.149093627929688,20.181383348577857,20.04576504372688,20.09097114534387,1253000
2012-07-27,20.594697952270508,20.66573681674572,20.29762857678126,20.317001916711664,1409500
2012-07-30,20.54303550720215,20.61407437806681,20.46553967696253,20.471997868111497,2518000
2012-07-31,20.4397029876709,20.588237660254542,20.42032964971794,20.536573372757022,2702900
2012-08-01,20.452627182006836,20.620536488471824,20.42679441250103,20.56887218123446,2299200
2012-08-02,20.1684627532959,20.388036256789224,20.007011720243373,20.213668845466824,1568100
2012-08-03,20.8465576171875,20.8917637115655,20.58177924036974,20.588236198046292,1630000
2012-08-06,20.97572135925293,21.05967660000484,20.898225540469134,20.930515259666745,1260400
2012-08-07,21.163005828857422,21.25987498942224,21.13717306728771,21.150089448072563,2101800
2012-08-08,21.169458389282227,21.195291145484894,21.02092373643773,21.02738315726201,2169500
2012-08-09,21.15654754638672,21.221129453790006,21.07259476208425,21.0919681025313,1398800
2012-08-10,21.19529914855957,21.19529914855957,20.956352222329652,21.001558330979957,1979400
2012-08-13,21.098421096801758,21.188835750176153,21.02092528602826,21.1500866130157,1600900
2012-08-14,21.14363670349121,21.19529977337962,21.091971170054574,21.150093663396678,878200
2012-08-15,21.072593688964844,21.14363255171688,21.059677308141953,21.07905064760242,862600
2012-08-16,21.31153678894043,21.36320230305269,21.124252995604447,21.182375467207088,1486700
2012-08-17,21.382577896118164,21.38903485429011,21.272789898814548,21.382577896118164,1634600
2012-08-20,21.31153678894043,21.33736954599656,21.208208224263217,21.2857040318843,3678200
2012-08-21,21.434242248535156,21.60215273373222,21.38903614795465,21.47944834911566,2521800
2012-08-22,21.408418655395508,21.466541154851413,21.240508117612464,21.266340887048084,2091300
2012-08-23,21.29216766357422,21.389036826370198,21.24696156155987,21.356747105438203,2020500
2012-08-24,21.26633644104004,21.376121992866576,21.11134232037837,21.16300784844825,5756200
2012-08-27,21.29216766357422,21.395496248685273,21.279251282491863,21.343830724355847,869600
2012-08-28,21.26633644104004,21.30508558709245,21.169464807683,21.195297571717937,2531500
2012-08-29,21.208213806152344,21.2792526749801,21.182381042297166,21.227587147269748,1616700
2012-08-30,20.911148071289062,21.111345867325433,20.904688647421086,21.111345867325433,2153700
2012-08-31,21.111347198486328,21.22113523922909,20.982188275563377,21.18884550849835,4279000
2012-09-04,20.9821834564209,21.066136244329016,20.89822820496481,21.040305943806196,2790700
2012-09-05,20.936979293823242,21.008018178194455,20.88531621835686,20.98218787223551,1904600
2012-09-06,21.4536190032959,21.492365683485545,21.098424677905314,21.098424677905314,5047900
2012-09-07,21.770065307617188,21.770065307617188,21.660279744264283,21.660279744264283,3006600
2012-09-10,21.595693588256836,21.744228272573714,21.56986329012832,21.699022171414132,1610900
2012-09-11,21.84756088256836,21.879850605200286,21.673193424098457,21.679650383205672,1914500
2012-09-12,21.963802337646484,22.028384243360016,21.899222895480754,22.002551481074605,1737300
2012-09-13,22.338363647460938,22.402943071261287,21.879843333255966,21.950882177564615,2335100
2012-09-14,22.538570404052734,22.71293539209142,22.48690487904288,22.55148432175737,2774400
2012-09-17,22.409404754638672,22.538566078829003,22.357739239543598,22.499816942507696,1982600
2012-09-18,22.338363647460938,22.36419640239992,22.241492048213303,22.273784223660584,1609500
2012-09-19,22.390029907226562,22.441695424519605,22.28670133618794,22.35774019069214,2096600
2012-09-20,22.24795913696289,22.26733247807102,22.054218335237763,22.118797781296824,1444000
2012-09-21,22.286706924438477,22.415868286510012,22.28024996493153,22.40941132700307,1709700
2012-09-24,22.233335494995117,22.318998577534742,22.081772319379052,22.114722365917274,4354600
2012-09-25,22.06199836730957,22.371710622553323,22.04881885498697,22.266277037707464,2958500
2012-09-26,21.837947845458984,21.910433893620365,21.745693789157052,21.910433893620365,2871900
2012-09-27,22.088359832763672,22.16743440170223,21.89726065357153,21.96974672248822,2226700
2012-09-28,21.666627883911133,21.877495100623147,21.62050083736385,21.864315585361705,2942300
2012-10-01,21.837947845458984,22.06199448807847,21.798411829177873,21.8774863754746,3551700
2012-10-02,21.91702651977539,22.0619986434033,21.844542971696413,22.02905111905195,2683200
2012-10-03,21.831369400024414,21.903855481563493,21.778651335728483,21.903855481563493,2950000
2012-10-04,22.075185775756836,22.094953794444134,21.93021360208774,21.956572636161365,1830000
2012-10-05,22.121309280395508,22.31240847617439,22.06200272011018,22.23992240096616,2176800
2012-10-08,21.976337432861328,22.00269646307041,21.91044237107409,21.976337432861328,1190800
2012-10-09,21.660032272338867,21.87089944429693,21.646852759874616,21.818183908174902,1828400
2012-10-10,21.587549209594727,21.699573824235827,21.52824265213422,21.65344678107047,1519500
2012-10-11,21.72593116760254,21.877491799637603,21.72593116760254,21.82477374654621,1325700
2012-10-12,21.73252296447754,21.87090410423397,21.679807417123637,21.785241025566943,3246400
2012-10-15,21.92361831665039,21.956565842179607,21.758878175269253,21.844543752633264,2301600
2012-10-16,22.292640686035156,22.312408701751636,22.14766853415304,22.174027564265327,1565200
2012-10-17,22.503503799438477,22.529860311013277,22.358531673969548,22.404658711394205,2130100
2012-10-18,22.431018829345703,22.562811448579506,22.358532763080355,22.431018829345703,1059100
2012-10-19,22.127899169921875,22.37171389926335,22.094949127421817,22.351943371016255,1499200
2012-10-22,22.266277313232422,22.312404350064835,22.134484702110548,22.28604532509346,1726400
2012-10-23,21.80500030517578,21.851127333279916,21.673207718992032,21.818179815167603,1957200
2012-10-24,21.831369400024414,21.969750548197748,21.81818988395043,21.94339151604978,1802700
2012-10-25,21.956565856933594,22.101537985841638,21.877491292863333,22.08835847287408,1053400
2012-10-26,21.930212020874023,21.963162067958212,21.83136942082845,21.910444003612042,1822200
2012-10-31,21.897262573242188,22.062002739318704,21.844547027240136,22.055414238719237,2785000
2012-11-01,22.154254913330078,22.154254913330078,22.002694275301018,22.0356418029186,2581800
2012-11-02,21.94338607788086,22.127896743454194,21.91702705226538,22.127896743454194,3043400
2012-11-05,21.870899200439453,21.930205748999832,21.81818366490519,21.884078712756754,2742000
2012-11-06,22.101533889770508,22.127892910820506,21.956561787730106,21.976329796650305,2229200
2012-11-07,21.758874893188477,21.85112895624882,21.646850306804712,21.85112895624882,2486400
2012-11-08,21.54801368713379,21.758880893343942,21.54801368713379,21.68639481988382,2653600
2012-11-09,21.554607391357422,21.6666320356781,21.442585260772734,21.46894429634654,7928100
2012-11-12,21.541425704956055,21.594143770796443,21.488710152851404,21.56778473787625,3214600
2012-11-13,21.429397583007812,21.587546708757962,21.31078448182768,21.337143507364384,2138800
2012-11-14,21.21194076538086,21.515064551195493,21.178993238195737,21.515064551195493,2577800
2012-11-15,21.2778377532959,21.383271345654514,21.198760673725594,21.310785279582632,1928500
2012-11-16,21.264657974243164,21.304196513534116,21.073558804939537,21.304196513534116,2968700
2012-11-19,21.72593116760254,21.72593116760254,21.534831995748934,21.554600008790644,3157400
2012-11-20,21.752283096313477,21.752283096313477,21.587542985723072,21.640261027704607,2747900
2012-11-21,21.798419952392578,21.80500845298314,21.73252237780972,21.765469908233428,1746500
2012-11-23,22.266277313232422,22.266277313232422,22.11471669024951,22.134484702110548,1667300
2012-11-26,22.213563919067383,22.213563919067383,22.088362294814623,22.141077842071127,2927100
2012-11-27,22.08176612854004,22.2135587365367,22.07517762932092,22.154252188624948,2183200
2012-11-28,22.259685516357422,22.266276529235682,21.923616757877863,21.949975781921133,1862600
2012-11-29,22.457382202148438,22.503509250747033,22.338769073256163,22.417843654605807,1739000
2012-11-30,22.490318298339844,22.556213330333637,22.437600261757336,22.48372728689986,2341600
2012-12-03,22.516687393188477,22.608944008793504,22.48373985876884,22.569405459248493,2555700
2012-12-04,22.575992584228516,22.622122146086483,22.536456550829676,22.59576311466353,3555200
2012-12-05,22.622114181518555,22.720956743951742,22.516678092947622,22.56280763856476,2164400
2012-12-06,22.655061721801758,22.68800924264114,22.569396156631598,22.674829731558443,2714700
2012-12-07,22.655061721801758,22.674829731558443,22.543037134466207,22.63529119831036,2640100
2012-12-10,22.66824722290039,22.701194752446057,22.5957611496587,22.628708679204365,3461500
2012-12-11,22.793445587158203,22.83957262468509,22.767086561789974,22.78026607447409,2795000
2012-12-12,22.879106521606445,23.017487606115875,22.846156489712715,22.872515509733898,2795400
2012-12-13,22.80663299560547,22.90547560435357,22.75391492661777,22.84616903361035,2039100
2012-12-14,22.892288208007812,22.977951260618955,22.819802152925508,22.8593381729815,1694000
2012-12-17,23.00431251525879,23.01749202780118,22.872519903569895,22.89229042925097,2836200
2012-12-18,23.215185165405273,23.2679032280121,23.076804021665726,23.116342568620848,8275400
2012-12-19,23.274494171142578,23.445825378856814,23.274494171142578,23.43264586182219,5469200
2012-12-20,23.478132247924805,23.478132247924805,23.32507216129137,23.3849654594179,5461600
2012-12-21,23.33172607421875,23.33172607421875,23.145389977035396,23.191973366680152,4488300
2012-12-24,23.265169143676758,23.318408736927143,23.218585768884434,23.29178894030195,1600300
2012-12-26,23.251855850219727,23.41157206804622,23.165345331725074,23.41157206804622,2220900
2012-12-27,23.338361740112305,23.39825498607864,23.185301786776638,23.39825498607864,3250800
2012-12-28,23.105453491210938,23.238547385897743,23.09879727331461,23.158690541364997,3604600
2012-12-31,23.444852828979492,23.484782530501572,23.15204263362942,23.211935916610564,3964300
2013-01-02,23.830829620361328,23.857446879748,23.677769589822397,23.830829620361328,4903500
2013-01-03,23.59125328063965,23.7443132901898,23.564633486299627,23.6711101250564,3764100
2013-01-04,23.724349975585938,23.750967231616425,23.538013951752482,23.56463374638631,3242400
2013-01-07,23.60455894470215,23.64448609044856,23.491426108347316,23.531355792696584,5281800
2013-01-08,23.478132247924805,23.564645353797477,23.398275363290967,23.531371863417093,2269900
2013-01-09,23.59125328063965,23.64449033071638,23.54466990984627,23.55132358912962,2957000
2013-01-10,23.917335510253906,23.943955303073647,23.75762183054179,23.85744224571107,2827200
2013-01-11,23.9572696685791,23.977233247616418,23.86410291493343,23.9572696685791,3513500
2013-01-14,23.990543365478516,23.99719958428747,23.890722930777194,23.957269887244742,2356400
2013-01-15,23.9572696685791,23.9572696685791,23.804209639217838,23.810863319362397,1850300
2013-01-16,23.810863494873047,23.864103090836515,23.744316538522376,23.784246235494976,2203000
2013-01-17,24.010509490966797,24.0637465484371,23.93065009685585,23.99054337313723,2186700
2013-01-18,23.997196197509766,24.023813453178033,23.890719559026774,24.01050609464555,2375100
2013-01-22,24.010509490966797,24.01716317117421,23.87075682057447,23.950616214685418,2694500
2013-01-23,23.963926315307617,24.00385601692894,23.890725670241125,23.92399915229025,3155200
2013-01-24,24.103673934936523,24.15691098730357,24.017160868911223,24.037124446223437,3211400
2013-01-25,24.36986541748047,24.36986541748047,24.236768972412467,24.329938260982548,2500800
2013-01-28,24.230112075805664,24.30996891680347,24.176875028008197,24.30996891680347,2437700
2013-01-29,24.4097900390625,24.443063508762798,24.296657195757863,24.309967091358587,4171300
2013-01-30,24.436418533325195,24.522929077636213,24.409798732643075,24.44307221419377,3510700
2013-01-31,24.343257904052734,24.456388277554773,24.329948000357575,24.40314866277413,2690100
2013-02-01,24.536230087280273,24.60277956487139,24.436409678798096,24.509612834846827,3148600
2013-02-04,24.090360641479492,24.303313898137183,24.050430953880028,24.263384210537716,4194100
2013-02-05,24.19684410095215,24.263391060468763,24.13695082194568,24.15691440207991,2887100
2013-02-06,24.19684410095215,24.210154000576225,24.037127844066976,24.057093962804984,3290300
2013-02-07,24.010509490966797,24.190186781207267,23.877413039385548,24.14360340394438,5710000
2013-02-08,24.1768741607666,24.196837735649144,24.097014784030208,24.097014784030208,14154900
2013-02-11,24.156909942626953,24.17687605767915,24.063743201061097,24.1502562633451,3617100
2013-02-12,24.25673484802246,24.316628120777224,24.136948302512938,24.136948302512938,3053400
2013-02-13,24.343257904052734,24.43642469131431,24.29667197181739,24.396494980228827,4879300
2013-02-14,24.203495025634766,24.21680492374337,24.10367459772547,24.130291855339184,2586400
2013-02-15,24.11698341369629,24.24342363214938,24.05709014419675,24.236767414091997,2875300
2013-02-19,24.416446685791016,24.44306648022855,24.32327994386299,24.34989973830052,3127800
2013-02-20,24.190187454223633,24.489653843962245,24.190187454223636,24.476343944573447,2820400
2013-02-21,23.817514419555664,23.910681153179134,23.724347685932194,23.9040249358614,3494100
2013-02-22,24.170225143432617,24.170225143432614,23.95061813849694,24.04378490050625,2084300
2013-02-25,23.60455894470215,24.343241604245044,23.57793915513597,24.323275492768982,3597300
2013-02-26,23.777585983276367,23.91733609106899,23.651145772216836,23.85744282507169,4811200
2013-02-27,24.077051162719727,24.123634529757908,23.737655158752286,23.77093116829651,2074500
2013-02-28,24.063751220703125,24.216811281228726,24.037131417497587,24.083714803805197,4837100
2013-03-01,24.010509490966797,24.050436649418607,23.81751976310417,23.91734019783736,5763100
2013-03-04,24.11698341369629,24.11698341369629,23.91068381017489,23.95726718216305,2535400
2013-03-05,24.349912643432617,24.396496039085218,24.30332924778002,24.329949056325695,2735800
2013-03-06,24.4097900390625,24.4763369784631,24.316623308460454,24.4763369784631,2391500
2013-03-07,24.48299217224121,24.529575535595175,24.456372382152402,24.476335955417557,3122200
2013-03-08,24.536230087280273,24.542886304340886,24.403133670701042,24.502956617786214,9391600
2013-03-11,24.60279083251953,24.616100734133454,24.469694354984437,24.516277741331095,3205600
2013-03-12,24.496307373046875,24.62940127511249,24.443067781337863,24.589474119934188,2856400
2013-03-13,24.443065643310547,24.51626880620565,24.329935328729555,24.429755746547507,2813700
2013-03-14,24.709259033203125,24.729222609475762,24.542889127989053,24.562852704261687,2777300
2013-03-15,24.729232788085938,24.789126080159352,24.682649398540427,24.749196372575632,3222300
2013-03-18,24.456382751464844,24.64271628388463,24.403143148714054,24.443072850777146,2564200
2013-03-19,24.38317108154297,24.562850870391614,24.230111084805923,24.542887295609464,3268100
2013-03-20,24.549537658691406,24.596121019293637,24.489644403831,24.582811125035462,2445200
2013-03-21,24.343257904052734,24.483008084945098,24.316638096662412,24.3632214902932,2447100
2013-03-22,24.564498901367188,24.584550737587065,24.43749968893034,24.477603361370093,2410600
2013-03-25,24.243650436401367,24.58454431217621,24.1768067500944,24.564492481197078,3754300
2013-03-26,24.384017944335938,24.39738668137333,24.26370186082529,24.337228639618004,2256900
2013-03-27,24.263702392578125,24.290439867238874,24.069859526026583,24.12333447534808,2961400
2013-03-28,24.350601196289062,24.430811081269255,24.29044314509735,24.350601196289062,4782100
2013-04-01,24.063175201416016,24.23696367816956,24.00970025482982,24.230280584759182,5633900
2013-04-02,24.31717872619629,24.43080917523419,24.27707251192205,24.303809988104877,2991400
2013-04-03,24.203556060791016,24.470925837117896,24.183504220006004,24.430819605720718,2245400
2013-04-04,24.417438507080078,24.437492887545044,24.23028128824618,24.28375623638493,2236100
2013-04-05,24.31049156188965,24.31049156188965,24.04980755997513,24.089913771741173,2280900
2013-04-08,24.390705108642578,24.397388202665063,24.25702027975866,24.31049268141661,2044900
2013-04-09,24.490964889526367,24.57117476061061,24.290438936902845,24.377334451309174,3858600
2013-04-10,24.83855628967285,24.898714359245318,24.698188310612778,24.698188310612778,1716600
2013-04-11,25.032392501831055,25.152708608581804,24.97223444845568,24.998971927695038,1433200
2013-04-12,24.998966217041016,24.998966217041016,24.818492098141604,24.925439440842094,2269400
2013-04-15,24.477598190307617,24.765019681263425,24.470915096255034,24.765019681263425,3318400
2013-04-16,24.831865310668945,24.84523149981821,24.651391159238937,24.7650216157914,1813100
2013-04-17,24.3238582611084,24.56449041189087,24.196859092562406,24.56449041189087,2413100
2013-04-18,24.263702392578125,24.384018478725572,24.156755043761056,24.384018478725572,2315700
2013-04-19,24.43080711364746,24.457544587574052,24.337228504730245,24.410755283115446,1520000
2013-04-22,24.551124572753906,24.57786204817932,24.32386113128988,24.43080848316554,1852000
2013-04-23,24.89202308654785,24.9187580143777,24.738283864938605,24.751652603766637,2573600
2013-04-24,25.105918884277344,25.17276003145635,25.012337708469893,25.052443926673085,3129400
2013-04-25,25.246294021606445,25.353241417482053,25.219556535180782,25.226242181700723,3408800
2013-04-26,25.25966453552246,25.279716376833818,25.17945207062257,25.199506461761157,1797800
2013-04-29,25.55376625061035,25.59387247834128,25.36660895418654,25.373292050561563,4281400
2013-04-30,25.620609283447266,25.620609283447266,25.500293153274956,25.580503056780877,5729000
2013-05-01,25.426769256591797,25.62061221626177,25.386663025334414,25.61392656947196,2074900
2013-05-02,25.506969451904297,25.567127500958424,25.359915876477285,25.386653353796046,2532100
2013-05-03,25.814449310302734,25.87460737454808,25.714187569778368,25.734239407917876,1953800
2013-05-06,25.794387817382812,25.80775655441421,25.694123564560307,25.754281606288636,1554700
2013-05-07,25.861234664916992,25.881289049806607,25.754287294869297,25.867920309822342,1565800
2013-05-08,26.128597259521484,26.135280352782996,25.994912445859594,26.001598088946842,1968700
2013-05-09,25.881290435791016,26.021658388403086,25.7877118007163,25.99492090700272,3591600
2013-05-10,25.8946590423584,25.934762714424647,25.767657281277803,25.827815339203728,2628400
2013-05-13,25.8946590423584,25.921393973793712,25.82113224380154,25.8946590423584,1862900
2013-05-14,25.988231658935547,26.014966584179938,25.86122992726434,25.88128430848009,2218800
2013-05-15,26.07512855529785,26.081814199985335,25.921391875228284,25.948129354325516,2242900
2013-05-16,25.861234664916992,26.035025734886016,25.84118282985381,25.96149893988577,2524300
2013-05-17,26.07512855529785,26.081814199985335,25.8746025617213,25.8946569459574,1845800
2013-05-20,26.208810806274414,26.235548282724626,26.068442879649947,26.08181161787505,5275200
2013-05-21,26.248924255371094,26.315765415092503,26.05508132242148,26.11523938610147,2587400
2013-05-22,26.014972686767578,26.516288987718585,25.928079697144526,26.282342400538738,2732800
2013-05-23,25.620609283447266,25.64066112186703,25.219554666263953,25.359922634856026,3575300
2013-05-24,25.420072555541992,25.42675819942446,25.226232229993244,25.30644210780052,2178500
2013-05-28,25.466861724853516,25.72086264465829,25.426758061081095,25.613915291555124,3104800
2013-05-29,25.246294021606445,25.299766444630727,25.11929478582512,25.279714604725,2423100
2013-05-30,25.36660385131836,25.433445000930227,25.246287742155868,25.266339577074145,2531100
2013-05-31,24.858598709106445,25.105916540195157,24.851915614943056,25.072493419899978,4598500
2013-06-03,25.025707244873047,25.07918220418034,24.75165445298917,24.85860182177736,6012600
2013-06-04,25.079177856445312,25.239597606903963,24.952178674846714,25.206177038043908,2536600
2013-06-05,24.5177001953125,24.805121636928604,24.5177001953125,24.79175290129232,3667600
2013-06-06,24.658071517944336,24.678123349269683,24.404070605244133,24.51101795535591,3508800
2013-06-07,24.945491790771484,24.958860527615943,24.591229188783775,24.678122153533998,3204300
2013-06-10,24.9588680267334,25.025709181212882,24.86528939053148,25.025709181212882,2707500
2013-06-11,24.64470100402832,24.78507146266552,24.54443930480263,24.604597344268353,3146100
2013-06-12,24.63134002685547,24.945499059678927,24.597919449918766,24.93881596422222,2009500
2013-06-13,25.012338638305664,25.039076118101764,24.644707215501782,24.718234010027842,1923700
2013-06-14,24.718231201171875,24.94549465396079,24.638021320724647,24.825178558376887,2461100
2013-06-17,25.072494506835938,25.2262337273456,24.925443480431767,25.15270693923042,1925200
2013-06-18,25.22623634338379,25.28639439900513,25.152709547643653,25.166078287762446,2252400
2013-06-19,24.765018463134766,25.2663346366793,24.738280988587505,25.212862237410693,4551500
2013-06-20,23.842599868774414,24.230285663303913,23.79581055561759,24.183496350147088,5257800
2013-06-21,23.922815322875977,24.143393177033253,23.708920564372765,24.143393177033253,3486600
2013-06-24,23.512155532836914,23.66826942154437,23.30174239943963,23.464642722763077,3556500
2013-06-25,23.851543426513672,23.878694353957393,23.580041919841324,23.74973133248215,3814000
2013-06-26,23.96013641357422,24.01443825002847,23.844748894990047,23.966925437758036,2472300
2013-06-27,24.218074798583984,24.306314024048728,24.16377294006564,24.177348404695227,2158600
2013-06-28,24.16377067565918,24.29952271997848,24.08910951107571,24.18413516532275,3390200
2013-07-01,24.408124923706055,24.496364144828338,24.353825657115035,24.42170038766756,4226100
2013-07-02,24.285938262939453,24.49635398317498,24.19091264388274,24.360601989127993,2563900
2013-07-03,24.279150009155273,24.319876381093906,24.041583390060524,24.09588521931203,1982800
2013-07-05,24.380970001220703,24.489573695119184,24.184132279166143,24.489573695119184,2945800
2013-07-08,24.509931564331055,24.550655353594525,24.42169237216995,24.475994210193445,2432700
2013-07-09,24.65925407409668,24.733915202493794,24.50992663879519,24.720339745716057,4859600
2013-07-10,24.706775665283203,24.890037923826753,24.61174743404176,24.65247381885952,5634600
2013-07-11,25.38553237915039,25.412680712219082,25.09366643731263,25.181903050981187,3517300
2013-07-12,25.24299430847168,25.256569771234204,25.127606758872385,25.20227050943888,2449000
2013-07-15,25.392316818237305,25.39910325365717,25.270140266645605,25.31086664692759,3215700
2013-07-16,25.358388900756836,25.399112706941537,25.290511575023626,25.3515998735559,1956000
2013-07-17,25.453413009643555,25.555227697384154,25.385538277319863,25.534863206282996,2503200
2013-07-18,25.602737426757812,25.616312889429253,25.27693409040756,25.494136314641064,3698800
2013-07-19,25.575593948364258,25.609531320297158,25.460203776685788,25.507719204498457,2084200
2013-07-22,25.71134376525879,25.71813020334662,25.60274263106652,25.636680000016238,2801900
2013-07-23,25.74526596069336,25.826716116019373,25.684177696885406,25.765627852211423,2275400
2013-07-24,25.718130111694336,25.860668614328358,25.629890881335303,25.847095738201066,2000800
2013-07-25,25.74526596069336,25.779203309641385,25.494126471373452,25.521274796979622,2455200
2013-07-26,25.602737426757812,25.609523863466155,25.399108075940998,25.52807367669228,3521600
2013-07-29,25.378738403320312,25.426251213490293,25.3244391585206,25.385527427204,1932200
2013-07-30,25.371971130371094,25.507723228775404,25.297307346785928,25.487358730998412,1841600
2013-07-31,25.419475555419922,25.58237594813446,25.30408540376332,25.30408540376332,7629300
2013-08-01,25.77242660522461,25.81315040363489,25.677400956594308,25.7452756801146,14871200
2013-08-02,25.976049423217773,25.976049423217773,25.792784590417444,25.792784590417444,3388300
2013-08-05,25.94890785217285,25.948907852172848,25.80636934949771,25.881033114495718,2521900
2013-08-06,25.89459800720215,26.00319909669725,25.819934272689103,25.989623636853587,2554700
2013-08-07,25.74526596069336,25.79956520115945,25.71132861174533,25.75205239478146,3540900
2013-08-08,25.976049423217773,26.00998677982798,25.79957102603775,25.881023789007454,2302700
2013-08-09,25.98963165283203,26.043930919699992,25.908178868647575,25.95569428738268,1902700
2013-08-12,25.94890785217285,25.97605878294581,25.867457649109237,25.867457649109237,1942900
2013-08-13,26.145742416381836,26.15931787875682,25.88781380976656,26.02356584426169,2590300
2013-08-14,26.15253257751465,26.19325897043974,26.118595211371275,26.159321604296366,2501700
2013-08-15,25.928543090820312,25.95569401860064,25.657038991527017,25.840303870161744,4027900
2013-08-16,25.976049423217773,26.050713161312835,25.94889850222787,25.989624883712725,2628200
2013-08-19,25.79278564453125,25.989625945871108,25.79278564453125,25.95568858787393,1931200
2013-08-20,25.752058029174805,25.819935331175753,25.657032395627795,25.684183316428175,3442200
2013-08-21,25.446617126464844,25.67739475565906,25.35837793579391,25.589155564988125,2878300
2013-08-22,25.71134376525879,25.745281134208508,25.636680000016238,25.64346643810407,1832600
2013-08-23,25.935325622558594,25.942114648108817,25.79278715705911,25.85387544073812,2294500
2013-08-26,25.765640258789062,25.86066591730145,25.745278357466407,25.826728552012025,2567900
2013-08-27,25.331228256225586,25.555219461364263,25.31086636094179,25.46019124178001,2686000
2013-08-28,25.30408477783203,25.405899462701385,25.168335317012883,25.188697218284755,2618200
2013-08-29,25.30408477783203,25.39911043610743,25.236210047422457,25.25657194869433,2381800
2013-08-30,25.0122127532959,25.181902127712437,24.991850856927314,25.181902127712437,3510100
2013-09-03,25.480566024780273,25.61631808979893,25.378751328702457,25.5959535970302,3378600
2013-09-04,25.71134376525879,25.75206757229634,25.439839635150474,25.473777004100192,2401800
2013-09-05,25.704547882080078,25.731698805700358,25.609522238663693,25.63667316228397,2481400
2013-09-06,25.853878021240234,25.921752747989515,25.650251251737544,25.819940657865594,4463500
2013-09-09,26.22040557861328,26.240767477093183,26.00320336397889,26.03714072453027,2250700
2013-09-10,26.505477905273438,26.512266929755942,26.40366584132355,26.430814171491008,4615300
2013-09-11,26.580156326293945,26.593731793506084,26.403680431047402,26.424042337237797,2449100
2013-09-12,26.45118522644043,26.559786341850494,26.430820737188345,26.47833356335182,7005100
2013-09-13,26.54621124267578,26.55978670594499,26.396883735969325,26.457972026053344,4754500
2013-09-16,26.783781051635742,26.905957657690273,26.763419147045123,26.899171219245204,2349200
2013-09-17,26.79734992980957,26.797349929809574,26.715899742215743,26.722686178992404,2177400
2013-09-18,27.503259658813477,27.550772486084913,26.73626280688834,26.824502024358814,3735400
2013-09-19,27.381078720092773,27.53040620447064,27.33356590038245,27.53040620447064,3071000
2013-09-20,27.1570987701416,27.333577250278367,27.1570987701416,27.333577250278367,2825000
2013-09-23,27.17344856262207,27.21434257502462,27.05076912532621,27.207525606334972,5032300
2013-09-24,27.118932723999023,27.227980851618593,27.05077601929152,27.139378435455054,3806900
2013-09-25,27.132558822631836,27.187081575951,27.050770792785173,27.098479176906423,4180900
2013-09-26,27.234779357910156,27.302936022916494,27.15299395981348,27.214333658363717,2848400
2013-09-27,27.180265426635742,27.23478817638405,27.112108739560643,27.1530027518057,2742700
2013-09-30,26.975797653198242,27.030320397060823,26.85993259763409,26.907640973480653,6128000
2013-10-01,27.132558822631836,27.187081575951,26.962170993652535,27.003062408663926,7047900
2013-10-02,27.10529136657715,27.11892270248133,26.887195191933202,27.009874615159358,4647700
2013-10-03,26.934907913208008,27.084850032433565,26.88719952980204,27.057587356226755,7443500
2013-10-04,27.009870529174805,27.03713059694785,26.900822458349346,26.92808252612239,2133300
2013-10-07,26.737255096435547,26.846303191912643,26.65546967480564,26.669101011729236,2536800
2013-10-08,26.560054779052734,26.798596692166726,26.53960647227735,26.78496535428709,3944100
2013-10-09,26.64864730834961,26.709987012124785,26.471445164060857,26.63501857409837,3424500
2013-10-10,27.146175384521484,27.18706677727455,26.880368332073918,26.900816628360975,2571600
2013-10-11,27.296125411987305,27.29612541198731,27.132554577708735,27.15300028201567,3102900
2013-10-14,27.377906799316406,27.39835510052505,27.152996285310522,27.173441986608015,1715300
2013-10-15,27.234779357910156,27.323381722462933,27.20751669190762,27.296119056460398,2943500
2013-10-16,27.466501235961914,27.47331820103232,27.309744838177785,27.330190533568203,2155700
2013-10-17,27.800472259521484,27.80728662711616,27.57555913022722,27.602821800428583,3721200
2013-10-18,27.96404266357422,27.97085963097849,27.834548881917286,27.889071621594994,2437800
2013-10-21,28.004940032958984,28.004940032958984,27.902706308902243,27.95041468681896,2215100
2013-10-22,28.270742416381836,28.32526775831881,28.127617293664382,28.15487996463287,8545300
2013-10-23,27.96404266357422,27.991305333368718,27.882257254102015,27.98449096587574,2865800
2013-10-24,28.15488052368164,28.16169489160337,28.052646805475543,28.11398651641691,2246700
2013-10-25,28.079917907714844,28.079917907714844,27.998132468541534,28.07310093783493,2544000
2013-10-28,28.039020538330078,28.100360260359817,27.97768081630034,28.025389200111032,2391500
2013-10-29,28.086721420288086,28.107169722110957,28.02538171464194,28.079907052954617,2652700
2013-10-30,28.02537727355957,28.161687997829354,27.882252183036165,28.161687997829354,3053800
2013-10-31,27.841365814208984,28.00493924813338,27.82092010993526,27.93678516727994,3825400
2013-11-01,27.705066680908203,27.732326762186055,27.55512453427431,27.705066680908203,4260900
2013-11-04,27.82773780822754,27.82773780822754,27.698241411331598,27.759581125673993,3206400
2013-11-05,27.58919906616211,27.63690745393175,27.47333658155359,27.575567726811904,3421600
2013-11-06,27.854990005493164,27.9163297024921,27.793650308494232,27.854990005493164,2109600
2013-11-07,27.384723663330078,27.73913055064981,27.350646627992077,27.73913055064981,3235900
2013-11-08,27.548307418823242,27.54830741882324,27.323396799970205,27.330211170275657,4894600
2013-11-11,27.58238410949707,27.589198479071094,27.51422741419641,27.561935800950828,1952600
2013-11-12,27.521039962768555,27.58237967872964,27.43925194154599,27.514222994377505,2732800
2013-11-13,27.596012115478516,27.602826484229492,27.289313523449167,27.309759229613867,7775400
2013-11-14,27.725507736206055,27.752770412818364,27.56193427644413,27.59601392216549,1856700
2013-11-15,27.977685928344727,27.977685928344727,27.87545477289024,27.916346195107078,2559800
2013-11-18,27.998123168945312,28.161693992961766,27.943597827665577,28.148062657641834,3023700
2013-11-19,27.916337966918945,28.01175472385119,27.882260925144802,27.909523598528768,2304000
2013-11-20,27.725507736206055,28.00494367170238,27.657353644587218,27.95723528758681,3792100
2013-11-21,27.889080047607422,27.88908004760742,27.759586226827054,27.800480243873942,2725200
2013-11-22,27.970855712890625,27.984487045878428,27.8618076488991,27.889067714963787,2345400
2013-11-25,27.889080047607422,27.950419773221714,27.841371661008754,27.943605403669938,3176600
2013-11-26,27.88225746154785,27.916334499088865,27.807286419010833,27.848180424006838,3171300
2013-11-27,27.977685928344727,28.018579950473963,27.92316316541815,27.977685928344727,2515200
2013-11-29,28.02537727355957,28.161687997829354,28.02537727355957,28.113979634321552,3048200
2013-12-02,27.834548950195312,27.9572283646602,27.814103247754932,27.93678266221982,3005100
2013-12-03,27.609630584716797,27.71186427734223,27.521030824346276,27.684601612654006,2755700
2013-12-04,27.4528865814209,27.480149258441873,27.262053042098046,27.30976142692876,5513100
2013-12-05,27.302946090698242,27.425625533035962,27.268866445672966,27.37791454998295,2103500
2013-12-06,27.636905670166016,27.66416834710681,27.50059488537401,27.514226223844407,2557700
2013-12-09,27.64371681213379,27.670976883416262,27.582377101903237,27.60963717318571,2660800
2013-12-10,27.555116653442383,27.602825031924382,27.50740827496038,27.555116653442383,2741000
2013-12-11,27.330204010009766,27.57556287532209,27.30294393601748,27.56874850680194,4804800
2013-12-12,27.1257381439209,27.21434053084859,27.05076709343682,27.207523562670993,3794100
2013-12-13,27.09847068786621,27.13255032291562,27.009870916488904,27.125733355941286,2611300
2013-12-16,27.296125411987305,27.371096460994792,27.268862739637033,27.302942380030643,4917900
2013-12-17,27.193893432617188,27.241601807769275,27.112105418146648,27.241601807769275,3148200
2013-12-18,27.596012115478516,27.670980571386337,27.091663030817838,27.377913316770716,4402500
2013-12-19,27.58238410949707,27.602829818131227,27.446073318807834,27.493781705562252,3711800
2013-12-20,27.72831916809082,27.77627997414985,27.64609840313142,27.659801863957988,3157800
2013-12-23,28.002376556396484,28.016080015271832,27.879048040185875,27.920158416811923,4007500
2013-12-24,28.050344467163086,28.064047929512643,27.947572420043716,27.981829769083507,1492800
2013-12-26,28.214773178100586,28.22847663548471,28.173662805948215,28.194219298858023,2428100
2013-12-27,28.35865592956543,28.461430554451596,28.34495247200279,28.461430554451596,2871500
2013-12-30,28.5094051361084,28.51625556136891,28.42033392571043,28.454591279350097,2218000
2013-12-31,28.557355880737305,28.694387860628428,28.543652421381427,28.577909762937303,3160100
2014-01-02,28.07774543762207,28.24218433727719,28.009230754071893,28.24218433727719,4919500
2014-01-03,28.084596633911133,28.173665193956545,28.036633222167683,28.139407854426196,2613700
2014-01-06,28.029796600341797,28.13257128320195,28.022946174529874,28.118867817909347,2922600
2014-01-07,28.194225311279297,28.228482655211362,28.139411470053744,28.16681839066652,2195900
2014-01-08,28.18736457824707,28.24217840450671,28.132553365654527,28.21477149137689,3068400
2014-01-09,28.153114318847656,28.201075122044358,27.995528449248816,28.201075122044358,3564500
2014-01-10,28.406618118286133,28.427174612472566,28.255885305034276,28.276439185553297,2911100
2014-01-13,28.166812896728516,28.3518056542802,28.118852101844812,28.296991823746087,2572300
2014-01-14,28.379209518432617,28.406616433277215,28.15995942701036,28.255883628966448,2298700
2014-01-15,28.516244888305664,28.516244888305664,28.358659029609626,28.379212911366807,3691100
2014-01-16,28.468280792236328,28.48883728528095,28.358655746111655,28.454577334762337,2871900
2014-01-17,28.399778366088867,28.49569999610626,28.35181755108017,28.447739181097564,2209600
2014-01-21,28.516244888305664,28.571058724548237,28.40661982948809,28.571058724548237,2855100
2014-01-22,28.543657302856445,28.57106422625527,28.47514260802746,28.529953841157035,2904100
2014-01-23,28.33125877380371,28.440883858400476,28.20793022692383,28.440883858400476,3645400
2014-01-24,27.5501708984375,27.92015642061663,27.5501708984375,27.913305998502505,5200000
2014-01-27,27.419998168945312,27.59128751087001,27.262412288014747,27.563880588881755,5212800
2014-01-28,27.694063186645508,27.70776664944018,27.550180747803843,27.570737248829996,2944800
2014-01-29,27.36519432067871,27.515929833005483,27.296679604349574,27.37204736051296,3117900
2014-01-30,27.509071350097656,27.5638825843743,27.38574280589005,27.51592177425669,3562600
2014-01-31,27.070560455322266,27.248702795143725,26.9335311030502,26.9609354053042,4159900
2014-02-03,26.54985237121582,27.0774239448776,26.52929848317327,27.0431665935839,4690100
2014-02-04,26.823917388916016,26.83761823899936,26.64577497381093,26.714292292569986,3388500
2014-02-05,26.851318359375,26.892428745511598,26.707435928399114,26.789654087004173,3977200
2014-02-06,27.378883361816406,27.378883361816406,27.077415109663576,27.077415109663576,3659200
2014-02-07,27.68035888671875,27.687209310427935,27.41314531603747,27.467959160382744,4494500
2014-02-10,27.557031631469727,27.604992440667097,27.515921246299946,27.604992440667097,3818300
2014-02-11,28.009231567382812,28.064042793080993,27.72831717480188,27.72831717480188,3055800
2014-02-12,28.07774543762207,28.105152356509198,27.988674258072727,28.029784636403416,3213200
2014-02-13,28.12571144104004,28.15996878915145,27.79683619456788,27.817390080701102,9339400
2014-02-14,28.249042510986328,28.283299862160764,28.091456604649228,28.11886353105612,3600500
2014-02-18,28.481992721557617,28.509399644657673,28.3586641812754,28.447735374516565,3290900
2014-02-19,28.262739181518555,28.53680315238219,28.262739181518555,28.406621590071484,3287500
2014-02-20,28.365509033203125,28.406616792322346,28.18051627616477,28.228477070915385,2497100
2014-02-21,28.434024810791016,28.584760236522992,28.434024810791016,28.47513518517266,2395000
2014-02-24,28.673839569091797,28.817724626663928,28.516253661911247,28.55051101326904,4067200
2014-02-25,28.619020462036133,28.769755902973994,28.564206623997762,28.70123860542603,2448400
2014-02-26,28.529949188232422,28.598466485555054,28.440878008546825,28.584763026090528,2406000
2014-02-27,28.64642333984375,28.646423339843746,28.406616752757387,28.46828100501762,2437800
2014-02-28,28.680694580078125,28.824577033877393,28.584772944211945,28.701248469572718,2975600
2014-03-03,28.098304748535156,28.26959410417128,28.00923616544544,28.214782869475155,4448300
2014-03-04,28.653284072875977,28.673837959803414,28.584769374005703,28.625877147860578,3837000
2014-03-05,28.591611862182617,28.653276119516857,28.550501486070623,28.598464898368366,2607300
2014-03-06,28.91364288330078,28.982157578024474,28.872532498265727,28.91364288330078,1679100
2014-03-07,28.762897491455078,28.8793755686865,28.62586553563401,28.8793755686865,2783700
2014-03-10,28.571060180664062,28.591614063468768,28.39977085417767,28.564207143950696,2519800
2014-03-11,28.37236785888672,28.619024941329492,28.34496093557795,28.536806785071256,3545000
2014-03-12,28.249042510986328,28.290152900596667,28.043495790271344,28.125713955823667,2744300
2014-03-13,27.748876571655273,28.32440893102152,27.673508834384847,28.297002005892594,3214000
2014-03-14,27.68035888671875,27.796834385450527,27.57758423540534,27.604991157577977,3779100
2014-03-17,28.016080856323242,28.064041656993,27.885901913600716,27.906455795697006,2565900
2014-03-18,28.194225311279297,28.24218611551775,28.029786401270446,28.050340284896123,3984600
2014-03-19,27.84478759765625,28.18051576853015,27.666647879458242,28.159959275673547,3662300
2014-03-20,27.735164642333984,27.783125439834418,27.52276495792675,27.58442921380837,3439400
2014-03-21,27.687204360961914,27.947564847723065,27.646093985051998,27.879047554539873,3039700
2014-03-24,27.735164642333984,27.8859000708596,27.58442921380837,27.879047034835285,3915700
2014-03-25,28.053009033203125,28.108409975741722,27.879885050263514,27.983760496692216,3100700
2014-03-26,28.0599422454834,28.288464584464254,28.059942245483402,28.260766748171072,4167800
2014-03-27,28.219226837158203,28.267701371312224,28.12920157015902,28.198452791567615,3578600
2014-03-28,28.4200496673584,28.510072287152276,28.39927298138273,28.43389991078757,2386900
2014-03-31,28.579317092895508,28.697040173138067,28.558543053244055,28.662415893164564,6154800
2014-04-01,28.787073135375977,28.787073135375977,28.697047869968618,28.72474835804226,7648200
2014-04-02,28.835540771484375,28.842467212678017,28.738591728079875,28.780142450251795,3399800
2014-04-03,28.73859405517578,28.821692864585202,28.669345487611853,28.814769064494218,4195800
2014-04-04,28.662416458129883,28.918639304980097,28.6277921774739,28.87709122485823,3420900
2014-04-07,28.530847549438477,28.662420892954355,28.468522777949126,28.64857065021631,2687300
2014-04-08,28.510068893432617,28.5654698605546,28.392345800793663,28.413119842632653,2752400
2014-04-09,28.90479278564453,28.911716585369017,28.634717046448635,28.738592533959626,2668600
2014-04-10,28.385421752929688,28.79399463606519,28.378495311268154,28.745517469424904,2923800
2014-04-11,28.226139068603516,28.426963565874722,28.219215270132707,28.226139068603516,2953400
2014-04-14,28.385421752929688,28.42696983624495,28.246921977997342,28.350794827948988,4446200
2014-04-15,28.246919631958008,28.350792473282524,27.962996305676437,28.31616819284102,4349000
2014-04-16,28.62087059020996,28.620870590209957,28.406195806888686,28.510068656885313,2406100
2014-04-17,28.724740982055664,28.787065743385526,28.579317419507074,28.64856598024547,3289300
2014-04-21,28.773218154907227,28.79399483837432,28.690119346029352,28.78706839666412,2740400
2014-04-22,28.890945434570312,28.925569719983073,28.835544464578977,28.84939470707681,1607400
2014-04-23,28.814777374267578,28.870175715962116,28.77322663674846,28.863251913874404,2762600
2014-04-24,28.807851791381836,28.842478727847997,28.627803873413857,28.807851791381836,11458700
2014-04-25,28.669343948364258,28.75936655303138,28.586242501753006,28.75936655303138,6941800
2014-04-28,28.752445220947266,28.82169379073642,28.558547112206757,28.77321926355129,4456200
2014-04-29,28.93942642211914,28.987900960849853,28.863251392209666,28.863251392209666,3115400
2014-04-30,29.029434204101562,29.057134681108387,28.884010662310082,28.932485176240576,6180200
2014-05-01,29.126399993896484,29.209498823539782,29.02944827737111,29.209498823539782,3738800
2014-05-02,29.084848403930664,29.14717318474851,28.994823133490648,29.07099815911958,4478900
2014-05-05,29.050222396850586,29.064072640843595,28.814773532297355,28.987897619714026,3945900
2014-05-06,29.008668899536133,29.084843913404093,28.974044613686242,29.057143428058712,2362600
2014-05-07,29.0363712310791,29.050221474632423,28.870170950103102,28.987896699474405,3857600
2014-05-08,29.029434204101562,29.167933947472786,28.987886130254218,29.064061121191532,2218300
2014-05-09,28.987899780273438,29.036374317029953,28.89095070676041,28.98097333692872,2356900
2014-05-12,29.209491729736328,29.209491729736325,29.09869243656587,29.126392920274366,4526600
2014-05-13,29.25104522705078,29.257969027802222,29.17487021046604,29.22334474071746,2214200
2014-05-14,29.209491729736328,29.292590539198287,29.17486744593247,29.25796625539443,1857800
2014-05-15,29.077922821044922,29.167945444306067,28.97404731215723,29.140247598044752,2453500
2014-05-16,29.126399993896484,29.133323795673356,29.022524475594235,29.091773060019623,2251700
2014-05-19,29.077922821044922,29.105620667306237,28.97404731215723,28.980971113306577,1741000
2014-05-20,28.88400650024414,28.994805750642826,28.821681756790973,28.98095551413518,3152400
2014-05-21,29.11948013305664,29.133330381405468,28.980980291233134,29.008680787930786,3071400
2014-05-22,29.188705444335938,29.2094794775717,29.126380702966227,29.154078533393108,1934300
2014-05-23,29.257970809936523,29.28567129795711,29.16102174352841,29.167945544701585,1349000
2014-05-27,29.438013076782227,29.451863318147453,29.334140229038173,29.438013076782227,2434500
2014-05-28,29.347991943359375,29.396466469738858,29.306441217178293,29.361842185419736,2137800
2014-05-29,29.541889190673828,29.541889190673828,29.431089899073267,29.486490865705292,2265000
2014-05-30,29.541889190673828,29.548812990671088,29.465714182386538,29.500338465699812,3623200
2014-06-02,29.590364456176758,29.62498874035654,29.534966129821814,29.618064940186002,2275600
2014-06-03,29.528045654296875,29.548819700669547,29.479571118317914,29.479571118317914,1947700
2014-06-04,29.541889190673828,29.562663232329093,29.431089899073267,29.486490865705292,2165500
2014-06-05,29.742717742919922,29.76349178737649,29.507268886311348,29.631918436378466,1800000
2014-06-06,29.89508056640625,29.89508056640625,29.76350714750679,29.78428120268428,2453600
2014-06-09,29.860445022583008,29.888145513504725,29.763495946021198,29.79119643694292,1822900
2014-06-10,29.805030822753906,29.81888106084487,29.70808179777995,29.76348010848101,5378800
2014-06-11,29.666528701782227,29.728853447356535,29.631904430165964,29.71500321037751,2294100
2014-06-12,29.673460006713867,29.791185729988438,29.6180616864448,29.770411690095443,1940400
2014-06-13,29.666528701782227,29.728853447356535,29.604203956207915,29.67345249944044,1817500
2014-06-16,29.687313079833984,29.72193736351376,29.611138070740367,29.611138070740367,1748500
2014-06-17,29.65268898010254,29.659615421879572,29.54881348675531,29.562663728645845,4111900
2014-06-18,29.908912658691406,29.915839100655504,29.59036501159649,29.680390265484565,4192700
2014-06-19,30.054346084594727,30.109744425266523,30.012795347842705,30.102820623306634,3755200
2014-06-20,29.992015838623047,30.019713683082927,29.936614866375773,30.012789882383895,2036000
2014-06-23,29.915843963623047,29.929694208139068,29.798118206068878,29.888143474591004,2168900
2014-06-24,29.742725372314453,29.917929933664254,29.721701680443502,29.882889556076183,2402500
2014-06-25,29.770774841308594,29.777784524662128,29.58856317528004,29.61659388846151,5235400
2014-06-26,29.756752014160156,29.77777838647564,29.532490314470824,29.74273532375328,2811600
2014-06-27,29.81281852722168,29.81281852722168,29.658637607441882,29.700687678311912,2383200
2014-06-30,29.84786605834961,29.861882751993587,29.749751876252727,29.77778526354068,10264200
2014-07-01,30.11417579650879,30.149216191476413,29.98802823589674,30.009051938195157,6175100
2014-07-02,30.149211883544922,30.15621889217293,30.065114412956916,30.100154802917718,2255200
2014-07-03,30.198266983032227,30.240317052272754,30.12818620770823,30.1562169137917,4219100
2014-07-07,29.96698760986328,30.009037667874654,29.92494022526141,29.981004295867073,2093100
2014-07-08,29.665660858154297,29.81283216339904,29.595577374648556,29.81283216339904,2498700
2014-07-09,29.777782440185547,29.805813151404834,29.62360149813129,29.651634882761282,3775400
2014-07-10,29.427364349365234,29.448388044843153,29.224126381712356,29.252159757956182,2299100
2014-07-11,29.462417602539062,29.469424612955823,29.32926034392099,29.371310426654762,3952200
2014-07-14,29.672653198242188,29.728717283914516,29.65162950029134,29.728717283914516,1752600
2014-07-15,29.581544876098633,29.714702086923946,29.469414035798966,29.6866687084965,2678000
2014-07-16,29.798803329467773,29.819827029250646,29.742736565499506,29.80581033825858,2076100
2014-07-17,29.406341552734375,29.728717398470597,29.385317854702517,29.62359623490108,2813100
2014-07-18,29.65162467956543,29.68666506159009,29.462403408540535,29.462403408540535,4361000
2014-07-21,29.53249740600586,29.546514099778516,29.39934282528211,29.441390233189093,2327000
2014-07-22,29.686674118041992,29.742738211702846,29.67265742627413,29.71470750157772,2002000
2014-07-23,29.749746322631836,29.798803404522406,29.707696249549727,29.798803404522406,1678700
2014-07-24,29.798803329467773,29.83384372024271,29.756753256491574,29.819827029250646,1950800
2014-07-25,29.693681716918945,29.777781869196303,29.58155085395979,29.777781869196303,2174800
2014-07-28,29.707698822021484,29.749748898744826,29.553517880779914,29.714708504847387,2267800
2014-07-29,29.679656982421875,29.833837879740514,29.665642967583754,29.819821191492462,2171600
2014-07-30,29.65162467956543,29.749738818598388,29.539493853040653,29.71469843657373,3327000
2014-07-31,29.14003562927246,29.378311361924194,29.119009255548086,29.364297343988635,4850300
2014-08-01,28.978843688964844,29.147041304007836,28.915769917500022,29.03491045178264,4252500
2014-08-04,29.07695770263672,29.13302178660437,28.90876010391349,29.05593133191498,3471500
2014-08-05,28.71953582763672,28.943797487055843,28.663471749486867,28.90175009679592,3859900
2014-08-06,28.656465530395508,28.72654897831088,28.49527761030543,28.509294299888502,3524700
2014-08-07,28.418193817138672,28.726555713443446,28.341103343062482,28.691512644564586,2774700
2014-08-08,28.600414276123047,28.600414276123047,28.334102401392805,28.411192891978775,2313500
2014-08-11,28.67049217224121,28.74758265500311,28.663485161722452,28.663485161722452,2046800
2014-08-12,28.67049217224121,28.712542255587095,28.607418383927943,28.663485161722452,1848800
2014-08-13,28.866718292236328,28.90176136232541,28.79663749887997,28.859711282265053,2646100
2014-08-14,28.999860763549805,29.006867769950187,28.929777332498293,28.992851083739886,1956000
2014-08-15,28.985841751098633,29.18206999547561,28.747563451465453,29.118996249295964,6917300
2014-08-18,29.14704132080078,29.161058011513305,29.06995085858709,29.104991248663204,1904500
2014-08-19,29.21711540222168,29.224125082676004,29.161051325636027,29.161051325636027,1584400
2014-08-20,29.118995666503906,29.161045720918516,29.04891491588883,29.062931600693698,2419700
2014-08-21,29.23112678527832,29.25916015518895,29.168053039684057,29.18206972463937,2362100
2014-08-22,29.10499382019043,29.16806759726438,28.99286295799348,29.147043896043275,3894100
2014-08-25,29.301219940185547,29.35728402521485,29.217119802526316,29.25216286325609,2291700
2014-08-26,29.294214248657227,29.40634510739866,29.294214248657227,29.322247631695223,1840000
2014-08-27,29.378305435180664,29.41334849318157,29.322241354517182,29.39232212369903,1704000
2014-08-28,29.23814582824707,29.245152836264136,29.147038683564272,29.17507206245285,2932600
2014-08-29,29.21711540222168,29.238141770174863,29.10498457564059,29.20309871472282,4019100
2014-09-02,29.245145797729492,29.287195855942016,29.154038674973773,29.266169490131,2178900
2014-09-03,29.43438148498535,29.511471959477475,29.385324396383243,29.483438573587463,2032600
2014-09-04,29.30823516845703,29.476432817540225,29.224137680620906,29.413359033310396,2379600
2014-09-05,29.301219940185547,29.301219940185547,29.1400320197873,29.210112794426472,1906400
2014-09-08,29.00686264038086,29.13301012055614,28.94378890029322,29.104976753092952,2090700
2014-09-09,28.894744873046875,28.943801951523557,28.803637724414358,28.943801951523557,2097000
2014-09-10,29.062946319580078,29.062946319580078,28.873724988997377,28.922782073954675,2737000
2014-09-11,28.901752471923828,28.915766487555562,28.79662864081529,28.866709412614263,2944300
2014-09-12,28.845691680908203,28.89474876599427,28.789627586557252,28.86671538211348,2108700
2014-09-15,28.803638458251953,28.831671839070058,28.747574370026076,28.796631449752592,2298500
2014-09-16,28.922775268554688,28.957815653363536,28.663473212877218,28.67048022047499,3501400
2014-09-17,28.7125301361084,28.894741740207337,28.656463381979506,28.8176512899851,2500300
2014-09-18,28.908763885498047,28.92978758555978,28.845690111902357,28.866713811964093,2900100
2014-09-19,28.803638458251953,28.964829061250903,28.78962444125324,28.964829061250903,2261200
2014-09-22,28.70551872253418,28.79662585578961,28.614414262688573,28.79662585578961,2475000
2014-09-23,28.44622230529785,28.593393544971704,28.41818892438559,28.516303084168158,3965200
2014-09-24,28.602622985839844,28.637850042276355,28.391274084456217,28.4687693087012,2384600
2014-09-25,28.2010555267334,28.46172173506714,28.15878736453086,28.46172173506714,3858200
2014-09-26,28.30672836303711,28.39126736609628,28.215142875379247,28.278547799535236,1921300
2014-09-29,28.060165405273438,28.130614152326345,27.96857988414671,28.01084805739948,4002500
2014-09-30,28.003801345825195,28.109477142863774,27.91221583422157,27.98971106039024,6953500
2014-10-01,27.658599853515625,27.88404176385623,27.623375478834994,27.841770901770957,6636300
2014-10-02,27.35565948486328,27.538827788110954,27.12317384762353,27.496556939309176,7207900
2014-10-03,27.390893936157227,27.41907182495592,27.271127830834022,27.334532783664503,5705000
2014-10-06,27.54587745666504,27.595192113720795,27.390889686252912,27.51065308554625,3748600
2014-10-07,27.10205078125,27.390894980165385,27.10205078125,27.390894980165385,4012400
2014-10-08,27.51769256591797,27.54587044317024,27.017496948576593,27.10908244012453,3992500
2014-10-09,26.777969360351562,27.306342891188738,26.756835279101036,27.25702824330634,4950400
2014-10-10,26.376401901245117,26.728650871180022,26.376401901245117,26.658202152171587,5080900
2014-10-13,26.362316131591797,26.742745729215212,26.355272333464026,26.672296998150205,4661600
2014-10-14,26.404584884643555,26.630024031074825,26.341179956744348,26.53139474044197,10333000
2014-10-15,26.25664520263672,26.291869571077203,25.770542468285115,26.235511119061837,9320100
2014-10-16,26.045299530029297,26.256648454292968,25.615555194472982,25.678960140496823,10828900
2014-10-17,26.46799087524414,26.559576371986108,26.334137216503358,26.44685679424473,4924800
2014-10-20,26.69343376159668,26.714567845549944,26.460950775769508,26.460950775769508,3739000
2014-10-21,26.982275009155273,27.00341177830055,26.78501641344477,26.799106697059347,4426100
2014-10-22,26.792068481445312,27.03159800193522,26.763890592965282,26.94705896159985,3789700
2014-10-23,27.073867797851562,27.18658740966818,26.99637256083123,27.052733710463304,6064500
2014-10-24,27.18657875061035,27.18657875061035,27.031588325934884,27.11613002345605,3854700
2014-10-27,27.10205078125,27.165455736497172,26.918879716114724,26.982284671361892,3595600
2014-10-28,27.433155059814453,27.433155059814457,27.278167305203283,27.320435471257706,2611400
2014-10-29,27.271114349365234,27.588138956796598,27.165441271852337,27.51064375415267,3550700
2014-10-30,27.461326599121094,27.630407270083456,27.1513485043772,27.1513485043772,3121200
2014-10-31,27.90515899658203,27.92629307113602,27.743124820961025,27.813573527771585,4484600
2014-11-03,27.70791244506836,27.78540498107991,27.60223665172533,27.743136813700346,3592600
2014-11-04,27.531787872314453,27.545875469788033,27.369750939450647,27.49656081628933,2532600
2014-11-05,27.538835525512695,27.5881501859137,27.440206204710677,27.56701609929825,2920400
2014-11-06,27.42611312866211,27.574057094819665,27.36270818781642,27.510652153973975,3392900
2014-11-07,27.433155059814453,27.433155059814457,27.235896451701887,27.341572241731892,2691000
2014-11-10,27.559968948364258,27.588149521471106,27.461339629937665,27.538834862257808,3480300
2014-11-11,27.722000122070312,27.75018069203555,27.567012362155644,27.644507585836514,2407100
2014-11-12,27.489519119262695,27.545877575807072,27.419067689273145,27.447248261268967,3523400
2014-11-13,27.602237701416016,27.6726864413591,27.50360839051683,27.524742475010324,2743200
2014-11-14,27.644508361816406,27.6515521607819,27.440203255004207,27.4472470539697,4583200
2014-11-17,27.52474021911621,27.559964586200806,27.412020631977335,27.447244999061933,3885400
2014-11-18,27.820636749267578,27.862904923806298,27.707917138085143,27.707917138085143,3588600
2014-11-19,27.72904396057129,27.827673258584912,27.616324378920464,27.764268325940897,3301400
2014-11-20,27.588144302368164,27.637458952252157,27.45429063660403,27.482468516932837,2576700
2014-11-21,27.820636749267578,27.926309873061886,27.722004737966373,27.91221958573314,3276300
2014-11-24,27.95448112487793,27.96152492246943,27.869942116546806,27.940390842248302,3461300
2014-11-25,28.01788330078125,28.04606386327231,27.92629781640848,27.9826589413906,4900400
2014-11-26,28.130603790283203,28.137647587414904,28.024928021182586,28.053108584602278,2281300
2014-11-28,27.90515899658203,27.9615174245413,27.876978438879448,27.919249275433323,3534000
2014-12-01,27.862890243530273,27.926295159379364,27.771304767871346,27.926295159379364,3846200
2014-12-02,27.940397262573242,27.947441061783316,27.86290203402627,27.926306976705863,4755300
2014-12-03,27.898120880126953,27.933347931542784,27.834715950003844,27.841762435265693,3647600
2014-12-04,27.855854034423828,27.961527131323848,27.75722473567174,27.86289783257176,5216900
2014-12-05,27.912216186523438,27.975621128057437,27.82767716029383,27.912216186523434,3671000
2014-12-08,27.665637969970703,27.78540134513688,27.630413605948107,27.75017698111428,4564600
2014-12-09,27.51064682006836,27.524737102796298,27.3274785194984,27.404973730778757,5376500
2014-12-10,27.151350021362305,27.447237852770506,27.116125663448887,27.447237852770506,6748500
2014-12-11,27.12317657470703,27.3345254650725,27.080905721655157,27.214762079262616,5566600
2014-12-12,26.62298583984375,27.10204479875332,26.615939353345187,27.031593371003574,7999800
2014-12-15,26.214374542236328,26.763884906277447,26.129835519863487,26.728657850128954,9766400
2014-12-16,26.411640167236328,26.735708712245977,26.2143788328173,26.270739981922024,9788000
2014-12-17,26.679340362548828,26.883645441741493,26.475037970802948,26.482081768816208,10407100
2014-12-18,27.158405303955078,27.17249559056884,26.92592229344648,26.98228075245414,7255000
2014-12-19,27.214752197265625,27.292247389331166,27.038627738006106,27.130210521859954,14181700
2014-12-22,27.356536865234375,27.363624697588147,27.24311261784246,27.335270663925694,12524300
2014-12-23,27.22893714904785,27.314004667590506,27.19349257500905,27.278560093551704,9966400
2014-12-24,27.349451065063477,27.377805100832756,27.22184843923522,27.228936272115646,3178100
2014-12-26,27.434511184692383,27.498312480406074,27.391976086134303,27.441599015661975,5031800
2014-12-29,27.25729751586914,27.335277211676317,27.236028605218447,27.25729751586914,8090100
2014-12-30,27.016265869140625,27.1013333841207,27.002087499269358,27.072976644378162,9794600
2014-12-31,26.853225708007812,27.136785066988093,26.831956795504308,27.09425265047759,9431100
2015-01-02,26.718523025512695,26.96664041881365,26.683078456254645,26.902839112450238,5970800
2015-01-05,26.123048782348633,26.406610785231393,26.066338004320684,26.406610785231393,8787700
2015-01-06,25.83240509033203,26.18685632611498,25.740249716087252,26.094700951870205,5413000
2015-01-07,26.108871459960938,26.158494401680723,25.882020249495124,26.009622872273862,4906100
2015-01-08,26.5058536529541,26.57674549771604,26.27191732585813,26.27900515821064,5459800
2015-01-09,26.378257751464844,26.5483955179563,26.257745641063106,26.512950938676262,4844500
2015-01-12,26.34989356994629,26.427873244903992,26.193936924278173,26.385340843470548,8086700
2015-01-13,26.477502822875977,26.718529740351265,26.286101559930515,26.654728417953454,4597400
2015-01-14,26.406618118286133,26.442062702427435,26.208126283696096,26.356995159638622,5792400
2015-01-15,26.55548667907715,26.739802841222005,26.498775885973775,26.697267718208177,7711100
2015-01-16,26.84612274169922,26.888657842767966,26.527116244301105,26.569651345369852,5464400
2015-01-20,26.966644287109375,27.080068547553935,26.85322002666481,27.065890176967404,6848000
2015-01-21,27.165138244628906,27.165138244628906,26.909932962107156,26.98082482072314,6008900
2015-01-22,27.264379501342773,27.32109297858146,27.030443168351763,27.10133231065269,7247800
2015-01-23,27.101329803466797,27.28564588319374,27.101329803466797,27.221844579326287,9728400
2015-01-26,27.462873458862305,27.53376259985048,27.250200627403014,27.271469533097374,4562700
2015-01-27,27.48415184020996,27.569219387943857,27.35654916648483,27.420350503347393,4023000
2015-01-28,27.122596740722656,27.55502751155331,27.10842107658644,27.462872173431595,4185300
2015-01-29,27.491235733032227,27.505414106329216,27.250208795479804,27.32110066196475,6399900
2015-01-30,27.044633865356445,27.31401489228927,27.037543325345823,27.236035177664466,7730300
2015-02-02,27.399072647094727,27.4274266814557,27.150955240642293,27.25020112152429,8519700
2015-02-03,27.788976669311523,27.83859962462963,27.48414839850129,27.547949727374323,4602600
2015-02-04,27.590476989746094,27.810237682422592,27.562122952181177,27.633012102465084,7436300
2015-02-05,27.881135940551758,27.902402149671694,27.68973194572722,27.803156234780833,15631300
2015-02-06,27.547948837280273,27.72517444461816,27.477056971796227,27.611750164091838,4267400
2015-02-09,27.420337677001953,27.49831735271857,27.356536369983573,27.370714738681805,3846500
2015-02-10,27.654273986816406,27.68972126066887,27.46996060232126,27.590472679828217,3006900
2015-02-11,27.50540542602539,27.562118901315404,27.38489334740513,27.498317593737813,3083500
2015-02-12,27.930744171142578,27.93783200236262,27.689717345957195,27.70389571264421,10545900
2015-02-13,28.129243850708008,28.136331683932358,28.015819589384495,28.015819589384495,3733100
2015-02-17,28.19304084777832,28.263929986153002,28.029993666118727,28.107973340879248,4627600
2015-02-18,28.384445190429688,28.448246497618733,28.23557637507102,28.29937497801274,3877300
2015-02-19,28.398624420166016,28.49077976337405,28.356089312667944,28.38444605099999,3234700
2015-02-20,28.682188034057617,28.760167724155423,28.285204454283804,28.34900577306857,5727500
2015-02-23,28.568763732910156,28.604208309025555,28.483696209383634,28.54040699031871,4540200
2015-02-24,28.73889923095703,28.767255971325184,28.49787234632292,28.575852030211546,3910200
2015-02-25,28.76725959777832,28.79561363747323,28.660923160116578,28.724724481864033,29699200
2015-02-26,28.68928337097168,28.7672630741139,28.63256987623251,28.731815787777784,4267000
2015-02-27,28.710548400878906,28.816884847025868,28.67510382024597,28.74599298151184,4726400
2015-03-02,28.753084182739258,28.760172017329907,28.646747734142004,28.72472743588023,4683400
2015-03-03,28.59002685546875,28.696360562293425,28.519135013338367,28.696360562293425,4558800
2015-03-04,28.462425231933594,28.49077926552277,28.278109140243465,28.462425231933594,4400900
2015-03-05,28.554584503173828,28.639654728390685,28.497873723943655,28.590031782471385,10852400
2015-03-06,28.17177963256836,28.398628160608602,28.143422890501387,28.37027141854163,3938100
2015-03-09,28.18594741821289,28.235573055078028,28.11505828711471,28.178859586801877,4775500
2015-03-10,27.59757423400879,27.796066066438858,27.58339585965687,27.796066066438858,5425000
2015-03-11,27.6684513092041,27.725164781825523,27.547939236254404,27.718074245624237,3745400
2015-03-12,28.008729934692383,28.14342310842961,27.81023814718209,28.107978532695313,5309800
2015-03-13,27.838590621948242,27.866947359887845,27.67554343516659,27.810233884008642,4263000
2015-03-16,28.150510787963867,28.200133734570127,28.029998690276603,28.051264894751352,4533000
2015-03-17,28.12215805053711,28.157605335373216,27.97328918951883,28.05126888936121,5497100
2015-03-18,28.70345687866211,28.76016765953903,28.115066639608134,28.21431253432861,6198700
2015-03-19,28.3560791015625,28.448237115831578,28.30645617947448,28.40570202365052,4467100
2015-03-20,28.96575355529785,29.072087296635228,28.73890499534701,28.866507648350378,3652900
2015-03-23,29.100433349609375,29.17841302048503,29.001187479130227,29.08625498179133,4152000
2015-03-24,29.07208251953125,29.21386352226521,29.07208251953125,29.185506780868877,3463000
2015-03-25,28.916141510009766,29.215199040288944,28.901900287200924,29.215199040288944,7283000
2015-03-26,28.681177139282227,28.759502538650015,28.510287828149448,28.738142053817572,3268800
2015-03-27,28.745258331298828,28.78086004107589,28.624211974809548,28.68117416720558,3159100
2015-03-30,28.76661491394043,28.837818317118035,28.7381324661751,28.787975391646565,6397800
2015-03-31,28.360754013061523,28.51740206800535,28.303789108546567,28.303789108546567,4832100
2015-04-01,28.56012725830078,28.560127258300778,28.360755514416443,28.517403577652868,9692100
2015-04-02,28.77373504638672,28.83069994365684,28.62420626540636,28.723892119393266,4242100
2015-04-06,29.05143165588379,29.21520165850903,28.859179205088306,28.95886505744839,4333000
2015-04-07,29.05143165588379,29.26504458468907,29.044312401959107,29.17248070248943,3437200
2015-04-08,29.186721801757812,29.35761105757693,29.079913979694055,29.322009355634258,3776700
2015-04-09,29.229442596435547,29.236564566526262,29.101274297160007,29.21520137248985,14238800
2015-04-10,29.28641700744629,29.293536263614335,29.144007437955835,29.20809160841471,3095500
2015-04-13,29.1297550201416,29.30064698113492,29.079912097400964,29.30064698113492,4847600
2015-04-14,29.350500106811523,29.371860590772762,29.265052738493527,29.329136906613765,3423500
2015-04-15,29.485790252685547,29.5427551698312,29.322020190246924,29.443066564826307,7418700
2015-04-16,29.556983947753906,29.642431295328755,29.40033590967173,29.521382244382313,3700700
2015-04-17,29.200963973999023,29.25080962245683,29.08703688374423,29.25080962245683,4674300
2015-04-20,29.250816345214844,29.400345176246425,29.20809265796151,29.243694372554263,2958100
2015-04-21,29.50001335144043,29.556975517340724,29.42880996500629,29.43592921715567,10277800
2015-04-22,29.56411361694336,29.57835484524772,29.378980365223267,29.528511904300746,3325400
2015-04-23,29.69227409362793,29.742117021377663,29.37897258636007,29.435937484494534,3015200
2015-04-24,29.856046676635742,29.898770353921712,29.68515468372796,29.806203744586824,3020300
2015-04-27,29.96997833251953,30.112387895599902,29.94861784874025,30.01270201631459,3479600
2015-04-28,30.01980972290039,30.026928976009057,29.82043804103231,29.96996680243337,3743900
2015-04-29,29.756366729736328,29.8916543270237,29.642439617221534,29.799087699281486,5476400
2015-04-30,29.457307815551758,29.621077878109574,29.393223641834634,29.549874447862436,7966300
2015-05-01,29.70650863647461,29.70650863647461,29.49289303275335,29.613942055944413,4214100
2015-05-04,29.73499870300293,29.83468728698185,29.670914542848855,29.74212067426237,3197600
2015-05-05,29.28641700744629,29.62819834448141,29.257934550300877,29.60683785974066,4727200
2015-05-06,29.350500106811523,29.49290695486848,29.22945102647929,29.45730524285424,3258500
2015-05-07,29.250816345214844,29.286418059807595,29.115526027030988,29.229453143469822,5227300
2015-05-08,29.884523391723633,29.934366314205032,29.663788509137735,29.70651217822275,2906700
2015-05-11,29.621068954467773,29.74923726329004,29.60683044569724,29.670911883872442,2838500
2015-05-12,29.621068954467773,29.69227507950011,29.53562432066491,29.585467250069573,4218800
2015-05-13,29.83468246459961,30.005571719897695,29.799078046529743,29.941487570101977,3101600
2015-05-14,30.19071388244629,30.20495239442037,30.05542357256361,30.112388485406115,2807400
2015-05-15,30.226314544677734,30.24767502813326,30.041181300608365,30.112387439187525,2733500
2015-05-18,30.126623153686523,30.155102887669905,30.041175803028523,30.091018732794378,2412300
2015-05-19,30.012697219848633,30.091019886601067,29.977092797591276,30.026935729268306,4747400
2015-05-20,30.069652557373047,30.183579620434056,29.9770859698124,30.019809637048567,2924700
2015-05-21,30.23344612121582,30.269047846895667,30.083917243617925,30.112399710656828,2587000
2015-05-22,30.048309326171875,30.126634736270308,30.026946122176028,30.098152275100514,2664900
2015-05-26,29.542747497558594,29.799081409433676,29.464422114942856,29.777720929169764,3414800
2015-05-27,29.791967391967773,29.806208620059234,29.528511462867066,29.549871946885993,3807100
2015-05-28,29.72787857055664,29.74923905123215,29.492902418181668,29.61395147989377,2596500
2015-05-29,29.443058013916016,29.642432449786334,29.329130928948388,29.592589519877745,5768600
2015-06-01,29.371854782104492,29.535624797971547,29.257927696447588,29.521383572734937,4166400
2015-06-02,29.471529006958008,29.621057738553453,29.378962437583958,29.428808064350683,4704000
2015-06-03,29.642423629760742,29.770591901742684,29.54273779960482,29.57121752519569,2620500
2015-06-04,29.300657272338867,29.64243859813302,29.22233187588336,29.42882560904124,4941700
2015-06-05,28.98023223876953,29.094159330888722,28.82358146851709,28.93750856063628,3548000
2015-06-08,28.951744079589844,28.973104556327733,28.852058233165568,28.951744079589847,3368800
2015-06-09,28.787982940673828,28.873427590140118,28.66693386404652,28.823584651598413,2786200
2015-06-10,29.386093139648438,29.46441851268829,29.172480214417025,29.20095994587502,2575500
2015-06-11,29.471529006958008,29.549854356717976,29.329119527052143,29.50001144618616,3293700
2015-06-12,29.2365665435791,29.31488920622322,29.0585553065739,29.13687796921802,4435800
2015-06-15,29.05143165588379,29.07279485012935,28.859179205088306,28.894783623418988,5339700
2015-06-16,29.044309616088867,29.051428869330685,28.85917643697566,28.901900105133056,3377700
2015-06-17,28.965986251831055,29.0371896541139,28.681167210228303,28.944625774393337,4701700
2015-06-18,29.243688583374023,29.457301544879694,29.037194876882864,29.037194876882864,7921900
2015-06-19,29.17959976196289,29.265044389668454,29.151117313982454,29.222323433933543,3451000
2015-06-22,29.685152053833008,29.87740451023353,29.663791575200452,29.699393278333325,4391200
2015-06-23,29.791967391967773,29.82756910407816,29.73500247960193,29.770606907948846,2975100
2015-06-24,29.54987335205078,29.713643408535436,29.528512867016115,29.656681209697435,5702500
2015-06-25,29.542747497558594,29.68515432096607,29.521384301058635,29.67091309537811,3495900
2015-06-26,29.516075134277344,29.62422013810276,29.41514126416919,29.56654206933142,5510400
2015-06-29,28.62928581237793,29.040232288135257,28.593238406656205,28.94650958330693,6779100
2015-06-30,28.586036682128906,28.975352604916367,28.48510007226699,28.946516323768655,8670600
2015-07-01,28.773488998413086,28.960937228752446,28.6725551243656,28.924889809484316,8379000
2015-07-02,28.845582962036133,28.91046941484742,28.75906860836832,28.91046941484742,4504900
2015-07-06,28.254392623901367,28.477890986285683,28.1534587667734,28.2471842413528,7686800
2015-07-07,28.247180938720703,28.290439479678373,27.699250420887594,28.052521629772702,10381300
2015-07-08,27.562273025512695,27.807399291443986,27.51901447849844,27.778560260101152,8466600
2015-07-09,28.009262084960938,28.218340900068092,27.958795164106235,28.16066559776597,4590200
2015-07-10,28.859996795654297,28.89604695697106,28.68696812239501,28.816741002460063,3625300
2015-07-13,28.98256492614746,29.025820724763186,28.92488686100447,28.989773309169575,9134000
2015-07-14,29.184431076049805,29.213270107062357,29.025819155722136,29.076288835114788,3326500
2015-07-15,29.069074630737305,29.17000847837497,28.989768678953116,29.141169450409613,3046300
2015-07-16,29.314191818237305,29.393497745538586,29.28535279917498,29.335819707413933,5037800
2015-07-17,29.27094078063965,29.299779807082437,29.227684991216407,29.292571425592207,2328200
2015-07-20,29.33583641052246,29.393514481487596,29.249322054316554,29.343047544514,3222300
2015-07-21,29.25652313232422,29.306990051951445,29.213264593969093,29.263731513596316,6341700
2015-07-22,29.011396408081055,29.04023268290597,28.932090464270726,28.968137870482472,3813700
2015-07-23,28.917675018310547,29.07628692823614,28.8816276070296,29.07628692823614,6613800
2015-07-24,28.607654571533203,28.881619773394263,28.586026680679062,28.85278075209511,3634300
2015-07-27,28.427419662475586,28.60765945097708,28.376952741714437,28.564400911649994,4463100
2015-07-28,28.780698776245117,28.80232942904718,28.499525041995728,28.65092861064242,3684000
2015-07-29,28.881624221801758,28.975346930098702,28.70138443628182,28.75905973752295,4959300
2015-07-30,28.867204666137695,28.867204666137695,28.650917473882572,28.802318233437074,2922300
2015-07-31,29.00419807434082,29.126762609829406,28.946522749001854,29.126762609829406,7070100
2015-08-03,28.917675018310547,29.03302838455429,28.831160681188035,29.01860886999367,4785500
2015-08-04,28.946510314941406,29.04023302213861,28.8888322641362,28.989766102804474,4030000
2015-08-05,29.09792709350586,29.20606937294469,29.07629918766656,29.119554999345155,3435300
2015-08-06,28.968137741088867,29.09069947170952,28.896042928987402,29.06186319701341,3139200
2015-08-07,28.939298629760742,28.96092652327846,28.802317387080564,28.87441219896681,6327600
2015-08-10,29.292579650878906,29.29978803439323,28.99698642244081,29.02582270673982,3204200
2015-08-11,28.83116340637207,28.92488613451317,28.72301841206594,28.888838719824943,6032800
2015-08-12,28.64370346069336,28.658122972091835,28.30485181843063,28.470674824392816,5319300
2015-08-13,28.636503219604492,28.694178531351138,28.53556936136683,28.586036290485662,5826800
2015-08-14,28.686962127685547,28.708590019763086,28.52114187119634,28.58602829766956,5182300
2015-08-17,28.62928581237793,28.62928581237793,28.391370734421944,28.46346554586539,4422800
2015-08-18,28.405792236328125,28.50672607951476,28.362533696287727,28.45625915792144,4500500
2015-08-19,28.175079345703125,28.31206056710231,28.02367586387835,28.189496105648004,5641000
2015-08-20,27.482969284057617,27.91554653841233,27.482969284057617,27.886707504740357,8959600
2015-08-21,26.790843963623047,27.468544626636753,26.776424449485596,27.410869320328047,11455700
2015-08-24,25.8896484375,26.48804597856921,25.312881545665597,25.702200228994375,30085700
2015-08-25,26.149187088012695,27.16573931681633,26.141975956822474,27.05038596993935,16331900
2015-08-26,26.82689666748047,27.31714924392888,26.214082322040777,27.30994086055831,12509400
2015-08-27,27.180164337158203,27.230631264754223,26.920618566526503,26.971085494122526,10178800
2015-08-28,27.10806655883789,27.180164133607477,26.985504807091495,27.050391249263487,16730900
2015-08-31,26.90620231628418,27.043183600631753,26.8268963489413,26.956669250003895,5561300
2015-09-01,26.026622772216797,26.29337962310359,25.954527961309456,26.185234656501837,8833200
2015-09-02,26.43036460876465,26.46641201932577,26.15639933806608,26.459203637309997,12515100
2015-09-03,26.466407775878906,26.68269495480873,26.41594085913664,26.524085823721897,6449000
2015-09-04,25.87523078918457,26.01942321011183,25.75266901905349,25.932908857652144,5774100
2015-09-08,26.62502670288086,26.63223508564841,26.430367365259887,26.531301225454147,7679900
2015-09-09,26.524089813232422,27.028761806803942,26.48804240302898,27.02155067461859,9047300
2015-09-10,26.697124481201172,26.79084996898331,26.48083722113924,26.560143191551685,6462000
2015-09-11,26.689908981323242,26.689908981323242,26.451991133521798,26.473621778929836,4743200
2015-09-14,26.495248794555664,26.516876689004743,26.379895440425738,26.495248794555664,3850100
2015-09-15,26.689908981323242,26.711536876490285,26.42315485671274,26.466410647046825,12290600
2015-09-16,27.0720157623291,27.1008547886318,26.884567591843414,26.898987104994763,5132900
2015-09-17,27.086437225341797,27.403658286784378,26.92782531949995,26.94224483368931,6130000
2015-09-18,26.437562942504883,26.711528109075942,26.415935054436673,26.5817552801865,5019400
2015-09-21,26.437562942504883,26.56733577139433,26.31500124313157,26.545707883326116,6297200
2015-09-22,25.817550659179688,25.932904024374032,25.651730368602895,25.875225966656277,9546600
2015-09-23,25.694976806640625,25.868008166555583,25.59404299262363,25.85358865737599,7533800
2015-09-24,25.60846519470215,25.673351617713475,25.32008048126505,25.514739750299025,11915400
2015-09-25,25.844532012939453,26.047292906260758,25.735912769519242,25.99660337352352,8630000
2015-09-28,25.34488868713379,25.699718344198068,25.294199130749416,25.67799227548073,7232700
2015-09-29,25.294198989868164,25.359371670909887,25.13488737790536,25.279715864928487,10210400
2015-09-30,25.80832290649414,25.822806023247292,25.540392152491002,25.728667145537838,11450200
2015-10-01,25.8807430267334,26.011085575614562,25.663498999728844,25.953155860819884,11944100
2015-10-02,26.3079833984375,26.3079833984375,25.70694642371887,25.801085310847448,6594200
2015-10-05,26.836624145507812,26.836624145507812,26.633863106750713,26.648346235402958,5477300
2015-10-06,26.86557960510254,26.95247835102511,26.785926564900446,26.785926564900446,5664300
2015-10-07,27.184207916259766,27.285587043152074,26.988689844807162,27.18420791625977,4639600
2015-10-08,27.408681869506836,27.4159248122019,27.024888777866234,27.16971724566166,4215500
2015-10-09,27.466617584228516,27.546273388980666,27.37972159830507,27.50282401483215,4267800
2015-10-12,27.415925979614258,27.452132407511524,27.357993485079927,27.38695973234709,2732600
2015-10-13,27.090065002441406,27.292823226517722,27.061098752609468,27.119031252273345,7393700
2015-10-14,27.133516311645508,27.227652486750213,27.046617555954334,27.126273367484334,7472100
2015-10-15,27.63316535949707,27.654888662227897,27.365234497115203,27.39420074233843,4211400
2015-10-16,27.618684768676758,27.625927711833114,27.495582358753094,27.54627191135383,8056300
2015-10-19,27.502824783325195,27.51006772707246,27.401445669852812,27.488341658204334,3950100
2015-10-20,27.408681869506836,27.48109748459118,27.365235262829493,27.423164992523706,3867600
2015-10-21,27.386953353881836,27.58971151278253,27.365230054677543,27.575231154894826,3019500
2015-10-22,27.712818145751953,27.799714109619977,27.502817034229093,27.502817034229093,4527000
2015-10-23,27.96626853942871,28.024201029143885,27.843166142343694,27.922821934515483,4939500
2015-10-26,27.864892959594727,27.930065637558407,27.835926711083424,27.922825456617332,3311300
2015-10-27,27.618684768676758,27.69834056915604,27.575238159232377,27.67661726443385,3714700
2015-10-28,27.770751953125,27.937306488403514,27.531787326738655,27.712822222814758,4545600
2015-10-29,27.567995071411133,27.604201499882603,27.45213284287838,27.466615966741653,3988600
2015-10-30,27.546268463134766,27.72006040390404,27.53178534100848,27.618681311393114,8679000
2015-11-02,27.814197540283203,27.814197540283203,27.66212891122814,27.683852211843746,4404600
2015-11-03,27.814197540283203,27.879370204502933,27.611439368209787,27.654885969440997,4448600
2015-11-04,27.63316535949707,27.835923551313275,27.567992688931408,27.821440428701663,4603200
2015-11-05,27.596956253051758,27.734541760935574,27.539023768233573,27.70557551852648,6804600
2015-11-06,27.466617584228516,27.48834089011598,27.292822850008044,27.41592802890871,4523000
2015-11-09,27.176963806152344,27.329035252343715,27.08282762800282,27.321792307948268,5023500
2015-11-10,27.169719696044922,27.169719696044922,27.00316790988985,27.0755807691317,5948300
2015-11-11,27.30006217956543,27.415924399583353,27.25661281116875,27.386958153985567,3887400
2015-11-12,26.974205017089844,27.176963258090883,26.966964835214316,27.0973074455908,5813200
2015-11-13,26.76420021057129,26.872822260624336,26.699027533014156,26.858339136459033,6452400
2015-11-16,27.08281898498535,27.09005916469631,26.7569556505317,26.78592189412159,9150400
2015-11-17,27.11902618408203,27.256611701510366,27.068336637536163,27.169715730627896,6153500
2015-11-18,27.379714965820312,27.401438266445506,27.155230730659277,27.198680094282583,5392100
2015-11-19,27.524538040161133,27.611436759158174,27.48833162176536,27.539021159993972,5082700
2015-11-20,27.466617584228516,27.654892680791573,27.459374640683635,27.611446069016644,4761300
2015-11-23,27.30006217956543,27.459371005606812,27.242129688369857,27.40144127678446,6850700
2015-11-24,27.336271286010742,27.365237534449,27.111787004174477,27.140753252612736,6010700
2015-11-25,27.379714965820312,27.43040450886104,27.2928162385737,27.3579889028222,4139500
2015-11-27,27.372478485107422,27.41592785898664,27.34351223585461,27.386961609733827,1730400
2015-11-30,27.336271286010742,27.4086841447329,27.307305037572487,27.372477715371822,6409600
2015-12-01,27.63316535949707,27.640405539616285,27.502820018365746,27.54626938620058,6266900
2015-12-02,27.343503952026367,27.560747993233903,27.300057353683044,27.524538811450828,6458600
2015-12-03,27.21316146850586,27.517298707225756,27.097296506281815,27.510058528273124,7369500
2015-12-04,27.408681869506836,27.46661436157431,27.111784753594183,27.11902769628925,7851700
2015-12-07,27.184207916259766,27.292827225484086,27.068345662329413,27.292827225484086,27559000
2015-12-08,26.771438598632812,26.8366112651007,26.655576387398014,26.74971253489484,7716100
2015-12-09,26.713510513305664,27.003167470304774,26.561441853949194,26.807649438686397,8952800
2015-12-10,26.706268310546875,26.86557713869917,26.684542244874045,26.807647409109222,8758600
2015-12-11,26.22833251953125,26.373158203810608,26.1776429775589,26.373158203810608,13250700
2015-12-14,26.286264419555664,26.37316038980039,26.011090624345428,26.33695396572951,17119500
2015-12-15,26.387643814086914,26.5252320944542,26.336954267332587,26.409369878676713,17785300
2015-12-16,26.923511505126953,26.995924362749218,26.59040794026702,26.713510350699558,13682200
2015-12-17,26.612125396728516,26.909022467530438,26.60488521750679,26.901782288308713,14836400
2015-12-18,26.329713821411133,26.525231826505543,26.329713821411133,26.47454228026326,13327600
2015-12-21,26.498014450073242,26.672871973604256,26.35230031034174,26.62187244158814,14329900
2015-12-22,26.694732666015625,26.723876054776163,26.483447266401527,26.570877432683133,12726000
2015-12-23,27.131877899169922,27.131877899169922,26.862305694815646,26.913305240662822,12581600
2015-12-24,27.05901336669922,27.131871829658447,26.993442139669003,27.04444167410737,6669200
2015-12-28,26.978870391845703,27.022585469531748,26.891443015739792,27.022585469531748,11549900
2015-12-29,27.263010025024414,27.328581248496405,27.182869889017343,27.212010493353535,8858600
2015-12-30,27.095439910888672,27.197441754146514,27.07358376268073,27.182870062252537,8108800
2015-12-31,26.753013610839844,26.971583420358186,26.745726375605212,26.964296185123555,11420100
2016-01-04,26.352293014526367,26.352293014526367,26.031724219281596,26.3085807301952,12529400
2016-01-05,26.32316017150879,26.330444627954513,26.1337309527267,26.286732330747956,6913600
2016-01-06,25.84230613708496,25.92973351309755,25.71844814007314,25.769447674352662,10205400
2016-01-07,25.35415267944336,25.623721921279632,25.32500930755162,25.4270111091727,31307000
2016-01-08,25.040876388549805,25.514446605824464,25.00444855166694,25.492590459547905,15695200
2016-01-11,25.150157928466797,25.33958431204107,24.924300935624345,25.31772816989238,12922300
2016-01-12,25.252166748046875,25.368737516780282,25.033596904080028,25.346881366163505,9926200
2016-01-13,24.87331199645996,25.463453098850763,24.800456305468412,25.419738016695955,12504800
2016-01-14,25.164737701416016,25.29588015497302,24.778594797379878,24.97530847771538,15388200
2016-01-15,24.29045867919922,24.52360023075619,24.14474451465948,24.3341737623411,21773800
2016-01-19,24.501741409301758,24.720311242664458,24.341455567844875,24.713024006634843,17414400
2016-01-20,23.94074249267578,24.086456633726765,23.4744594647255,24.013598173568237,14011600
2016-01-21,24.12288475036621,24.26131165735321,23.671173409275795,23.8460281571261,18334300
2016-01-22,24.82230567932129,24.866020749539942,24.65473541238168,24.70573493800392,14333900
2016-01-25,24.465307235717773,24.72758930031883,24.450735546695686,24.662018089352188,17822600
2016-01-26,24.90973663330078,24.93159556119574,24.58916774325781,24.618311127607015,6704400
2016-01-27,24.74945640563965,25.11374041382738,24.647457328029713,24.858739940536115,8531000
2016-01-28,24.844161987304688,25.019019490057342,24.640163883481357,25.0117350346061,10151300
2016-01-29,25.274023056030273,25.288594749620973,24.93159798408113,24.94616967767183,10950700
2016-02-01,25.2230224609375,25.317737075674142,24.975309238810613,25.0627393966904,12162500
2016-02-02,24.65473747253418,24.90973512195302,24.581881795347634,24.902450665940737,7540900
2016-02-03,24.87331199645996,24.90245538456316,24.363313821719736,24.79316906880938,10571000
2016-02-04,24.92430305480957,25.033589333375613,24.71301773185683,24.778588943143355,11076300
2016-02-05,24.5527400970459,24.86602453311754,24.46531272257148,24.829596692025376,10073200
2016-02-08,24.108308792114258,24.188451695391613,23.897023461522252,24.173880005771583,13906800
2016-02-09,23.846019744873047,23.948018775014148,23.620162764371234,23.634734451429264,14142400
2016-02-10,23.795026779174805,24.10102673308704,23.76588339703728,23.955312601665305,12716300
2016-02-11,23.481739044189453,23.598309776966467,23.277740956646056,23.503595188064676,27173800
2016-02-12,23.85331916809082,23.85331916809082,23.438032822870795,23.53274744751863,11300000
2016-02-16,24.312307357788086,24.319594592371644,24.057309732677037,24.268595067349434,9176700
2016-02-17,24.74945640563965,24.78588425060514,24.479884238508905,24.479884238508905,9328500
2016-02-18,24.632883071899414,24.87330904707588,24.603739687251924,24.82230951357584,8859800
2016-02-19,24.589168548583984,24.611024697928656,24.377883174031524,24.458026093983573,11576300
2016-02-22,24.887880325317383,24.909736473806294,24.756737875851744,24.764025111525438,9063600
2016-02-23,24.472591400146484,24.74216069569199,24.443448022448194,24.70573286320186,6969700
2016-02-24,24.399742126464844,24.44345442519686,23.97717137694735,24.08645768230979,9894700
2016-02-25,24.691160202026367,24.698447435796705,24.428875371601354,24.523589955758244,8416200
2016-02-26,24.603742599487305,24.829599688339854,24.574599211390243,24.78588460619426,5811100
2016-02-29,24.49445343017578,24.713023256907658,24.48716897363338,24.5745963484729,10145300
2016-03-01,25.12830924987793,25.150165398518286,24.793165888217878,24.836880964764692,6417000
2016-03-02,25.303152084350586,25.310439316643812,25.05543899241198,25.099154048376953,9564000
2016-03-03,25.572729110717773,25.58001634523258,25.361446557304305,25.376018247068274,6772000
2016-03-04,25.769447326660156,25.90058977854269,25.69659164417703,25.747591177768445,7626100
2016-03-07,25.747591018676758,25.83501839296953,25.492593352295284,25.514449501051946,12654200
2016-03-08,25.463443756103516,25.623726773329057,25.43430037869326,25.60915786388937,7501500
2016-03-09,25.572729110717773,25.645587559537624,25.507157896412725,25.565444655468607,5706800
2016-03-10,25.550870895385742,25.937010915413317,25.354157268409786,25.798584042770422,28665000
2016-03-11,26.2138729095459,26.228444601169578,26.002587549901527,26.031730933148886,5780600
2016-03-14,26.15558433532715,26.221155546501276,26.09001312415302,26.148297101160296,5980900
2016-03-15,25.88996124267578,25.93386555075245,25.7875141351978,25.882641997013458,5866600
2016-03-16,26.16070556640625,26.189976955874712,25.736278793533575,25.736278793533575,8075400
2016-03-17,26.402196884155273,26.468053339566985,26.131440651694977,26.160712048416205,6595400
2016-03-18,26.358293533325195,26.44610494448864,26.314386432006255,26.387564934204487,6833000
2016-03-21,26.307056427001953,26.35827995641873,26.226561511783302,26.292420734101018,5915700
2016-03-22,26.277793884277344,26.329017430932016,26.10948754648715,26.13143969748946,5297800
2016-03-23,25.992401123046875,26.226566672594487,25.963129731485036,26.19729528103265,5261300
2016-03-24,25.8240909576416,25.831407408704187,25.65578466847079,25.707008200328293,5802700
2016-03-28,25.98508071899414,26.087530584885428,25.91922148665788,26.04362349950345,5374900
2016-03-29,26.29243278503418,26.29243278503418,25.83141801750763,25.904596515553106,4990000
2016-03-30,26.489999771118164,26.63635391622397,26.438776239052103,26.519271158433952,5391300
2016-03-31,26.25583839416504,26.446096858761248,26.241202698200166,26.387556866375327,5447900
2016-04-01,25.963136672973633,25.99972452647126,25.68506396173791,25.72165460670983,5803600
2016-04-04,25.90459442138672,26.065581521123786,25.87532302453487,26.036312915745984,8759600
2016-04-05,25.421627044677734,25.49480274390975,25.370400705446528,25.458214894293743,5392100
2016-04-06,25.831418991088867,25.831418991088867,25.472854107311743,25.524077662137046,5042600
2016-04-07,25.465518951416016,25.692367974967148,25.399659737576822,25.61918951988325,6946300
2016-04-08,25.9484920501709,26.04362266973087,25.88263281993297,25.9484920501709,5736200
2016-04-11,25.97045135498047,26.226569075932687,25.97045135498047,26.13143844037595,9456200
2016-04-12,26.365602493286133,26.43146173080659,26.043625549560375,26.18997972088068,6381000
2016-04-13,26.782711029052734,26.819301666802275,26.665628246085927,26.70953533650113,4354800
2016-04-14,26.811988830566406,26.899800240909475,26.78271742996058,26.870531631778054,5240600
2016-04-15,26.738813400268555,26.833941266021107,26.738813400268555,26.804672656583477,5351600
2016-04-18,26.98028564453125,27.002240582949725,26.680260873230626,26.694896568351805,4375000
2016-04-19,27.448623657226562,27.49253075368293,27.331540858150362,27.368131500934396,5620200
2016-04-20,27.45594596862793,27.587664481233123,27.37545101187204,27.43399381368521,4809800
2016-04-21,27.294950485229492,27.44862112141893,27.229091242366323,27.433988215426105,4594500
2016-04-22,27.272994995117188,27.35348992559023,27.177864368969633,27.28031144721768,5629500
2016-04-25,27.155920028686523,27.177872182772905,27.068108620866674,27.163236482890543,4449500
2016-04-26,27.258365631103516,27.294953483051774,27.17055422813286,27.280317783977637,5341500
2016-04-27,27.302274703979492,27.33154331277154,27.13396833965915,27.185191894388193,4544200
2016-04-28,26.951017379760742,27.192499373569287,26.89247459855052,26.99492167419496,9761000
2016-04-29,26.863201141357422,27.03150743717882,26.76075407359424,26.987603146122165,10557400
2016-05-02,27.090057373046875,27.119328769135766,26.972974580165282,27.082738128287666,12828100
2016-05-03,26.636363983154297,26.855893888045433,26.59977333944395,26.833938943524384,8450300
2016-05-04,26.314376831054688,26.453414538765404,26.24120114702946,26.40950745346622,9979400
2016-05-05,26.29243278503418,26.394879890823574,26.189985679244785,26.336339883861466,7024000
2016-05-06,26.35095977783203,26.365595470212877,26.14606566744597,26.18265350266164,6479000
2016-05-09,26.263164520263672,26.416835197288002,26.233893117552007,26.39488304099156,6645700
2016-05-10,26.650991439819336,26.65099143981934,26.44609727602545,26.48268512077813,4971200
2016-05-11,26.46073341369629,26.59976834266559,26.453416961213133,26.519276199456208,6016200
2016-05-12,26.438783645629883,26.68758492456716,26.321700855040216,26.65099428443533,6321900
2016-05-13,26.146066665649414,26.336327882391306,26.09484313609729,26.241197274020358,5473200
2016-05-16,26.46804428100586,26.497315667709096,26.24851446367775,26.24851446367775,4569600
2016-05-17,26.314376831054688,26.53390667460379,26.277788989042076,26.446095295478834,9874200
2016-05-18,26.29243278503418,26.555869795049354,26.189985679244785,26.29243278503418,10720900
2016-05-19,26.11680030822754,26.175343091257634,26.01435322939841,26.109483856085546,20024200
2016-05-20,26.358293533325195,26.394881388687093,26.292434277084002,26.343657832885548,10857900
2016-05-23,26.27047348022461,26.33633271480074,26.211930697724263,26.27047348022461,7097100
2016-05-24,26.592458724975586,26.650998734307787,26.409516659666586,26.42415235986823,12342500
2016-05-25,26.855880737304688,26.92173995566962,26.73879799259734,26.73879799259734,8883600
2016-05-26,26.9144287109375,27.009559341613397,26.8558887169264,26.951019347602298,6272900
2016-05-27,26.877845764160156,26.936388560314175,26.833938667044645,26.899797916980834,4320300
2016-05-31,26.782711029052734,27.046147988596488,26.716851789166796,26.99492444551562,14875800
2016-06-01,26.768083572387695,26.782716480697566,26.621729366020226,26.68026937368263,8542300
2016-06-02,26.775390625,26.775390625,26.58513217755904,26.62172001843538,4733700
2016-06-03,26.987607955932617,27.002243652717667,26.77539453976003,26.899793775222335,14495400
2016-06-06,27.17055320739746,27.23641245501981,27.053470410677065,27.068106109201373,9932900
2016-06-07,27.37544059753418,27.441299828782192,27.36080490264869,27.38275704924024,4908800
2016-06-08,27.463254928588867,27.543749863378256,27.433986327143913,27.47057417255536,4654100
2016-06-09,27.119333267211914,27.192508978097266,27.04615476485213,27.141285422182634,6600600
2016-06-10,26.387557983398438,26.63635924238626,26.307063047920956,26.63635924238626,5918400
2016-06-13,26.00703239440918,26.27046929070171,25.955808863627084,26.058255925191276,10385200
2016-06-14,25.637615203857422,25.815652606536066,25.496665861062212,25.771144670793152,13060100
2016-06-15,25.808229446411133,25.96401284431233,25.756301647110735,25.860157245711534,14624200
2016-06-16,25.815637588500977,25.82305746004401,25.23701212162576,25.429886333966884,10151400
2016-06-17,26.060449600219727,26.112377395936562,25.785970874456304,25.926920174132825,9513300
2016-06-20,26.66874122619629,26.861615435071478,26.668741226196293,26.861615435071478,13512400
2016-06-21,26.8764591217041,27.054499292334892,26.750349574473862,26.839368244863003,9676800
2016-06-22,26.83194923400879,27.061917205579192,26.824532190343177,26.943224697961185,14039300
2016-06-23,27.536697387695312,27.581208155656075,27.202873702623712,27.37349689821314,7340800
2016-06-24,25.281532287597656,25.90466589666027,25.281532287597656,25.38538788910809,20033400
2016-06-27,24.791921615600586,24.977378849097967,24.487771865858992,24.940287968369052,16229100
2016-06-28,25.4521484375,25.4521484375,25.16283281375203,25.34087297991598,19627400
2016-06-29,25.912086486816406,25.978851208182256,25.748883205732557,25.80081100792233,12729900
2016-06-30,26.231069564819336,26.238486608460224,25.86757216965871,25.95659367246494,15905200
2016-07-01,26.29041862487793,26.357183347776516,26.238490821496033,26.253327741012725,10763000
2016-07-05,25.77114486694336,26.00852995889067,25.719214225092212,25.993693036912273,7082700
2016-07-06,25.778554916381836,25.778554916381836,25.34829278534744,25.496659135009395,10036700
2016-07-07,25.667280197143555,25.912085105721406,25.578261516684712,25.85273743218029,6562500
2016-07-08,26.02336883544922,26.0604597282543,25.882419480994695,25.941767173365808,5240300
2016-07-11,26.379432678222656,26.475868383016216,26.32750488953313,26.32750488953313,8942000
2016-07-12,26.75035285949707,26.854208459346932,26.691005185381233,26.728096066777205,10073600
2016-07-13,26.72809410095215,26.854206484246433,26.676166304846454,26.787441770703023,8674400
2016-07-14,26.95806884765625,27.024833577969307,26.90614103850758,26.95806884765625,6508900
2016-07-15,26.824533462524414,26.9061350959792,26.75776874695711,26.876461260204234,6603800
2016-07-18,26.883880615234375,26.935808411912024,26.757768230551022,26.817115900955585,8629700
2016-07-19,26.66874122619629,26.720669006656987,26.609393574325896,26.698415052131487,4204200
2016-07-20,26.861629486083984,26.920977168998476,26.772610791565523,26.81712155375139,6348100
2016-07-21,26.79486656188965,26.906142059920107,26.742938750769692,26.809703483617273,8032800
2016-07-22,26.809694290161133,26.861622083474252,26.75034945345435,26.861622083474252,7760000
2016-07-25,26.76519012451172,26.861625851419067,26.7058424496276,26.854208806985,3846900
2016-07-26,26.891292572021484,26.972894188464654,26.802273913107186,26.87645565722708,4521600
2016-07-27,27.00999641418457,27.076761143897905,26.802285179455684,27.024833335215682,5256500
2016-07-28,27.00999641418457,27.039670256246794,26.869049909169018,26.98774244756457,4251200
2016-07-29,27.32155990600586,27.380904746831472,27.17319355916279,27.239958273749536,5422100
2016-08-01,27.165775299072266,27.314141654728424,27.136104291823322,27.2770507732776,10705200
2016-08-02,27.03223991394043,27.150932406378335,26.92838433678879,27.150932406378335,7383400
2016-08-03,26.928388595581055,26.93580846932378,26.780022249106104,26.824533002004394,7072300
2016-08-04,27.08417320251465,27.10642999488987,26.972900560049794,27.03966527746983,7456400
2016-08-05,27.180614471435547,27.195451391216725,27.054504898075184,27.09159578260158,4473600
2016-08-08,27.269630432128906,27.28446735042575,27.232539551313202,27.254796343684873,4865100
2016-08-09,27.4921875,27.566369278153747,27.3660750813145,27.410585846118813,7133900
2016-08-10,27.588619232177734,27.69989471307401,27.573782312734696,27.69989471307401,4781100
2016-08-11,27.796340942382812,27.855685806672717,27.699902354326177,27.722156324703164,3871100
2016-08-12,27.72214698791504,27.840839506373154,27.68505610649429,27.82600258783428,3882600
2016-08-15,27.84084129333496,27.90760601611874,27.803750409533535,27.826004373843784,6785800
2016-08-16,27.774080276489258,27.85568192965245,27.759243355018366,27.78891719796015,6848000
2016-08-17,27.774080276489258,27.82600808671067,27.573786081412354,27.70731554479696,6099900
2016-08-18,27.915019989013672,27.915019989013672,27.75181673896809,27.78149057167682,4580100
2016-08-19,27.70730972290039,27.72956651535681,27.558946199072654,27.64054500523678,5043300
2016-08-22,27.729570388793945,27.75182435450611,27.57378413924912,27.633131820952524,4844400
2016-08-23,27.8482723236084,27.96696489723125,27.840852445963996,27.929873998571768,7786300
2016-08-24,27.76667022705078,27.87794575119386,27.729579328954465,27.855688948452766,9368300
2016-08-25,27.677640914916992,27.744405637884775,27.647967075852854,27.670221040224433,4531800
2016-08-26,27.484764099121094,27.959534210060088,27.380908491084828,27.73698607428907,8167800
2016-08-29,27.588619232177734,27.603456151620772,27.432835822805377,27.447672742248415,4362900
2016-08-30,27.529281616210938,27.64797417308279,27.484770846188823,27.61088327965792,4919800
2016-08-31,27.43283462524414,27.536690226958637,27.35123298679621,27.514436263692076,5791700
2016-09-01,27.662799835205078,27.670216878929146,27.499596574749344,27.58119820497721,5829300
2016-09-02,27.944692611694336,27.989203363337516,27.826000103831795,27.915021607118156,5723200
2016-09-06,28.211753845214844,28.219173719375185,28.041133527613997,28.063390320242174,5048700
2016-09-07,28.211753845214844,28.32302931879719,28.15982604550384,28.308192400329354,5116800
2016-09-08,28.152406692504883,28.28593611791223,28.12273285800267,28.19691461440559,8884200
2016-09-09,27.55894660949707,27.91502416572164,27.55152673528349,27.91502416572164,7267600
2016-09-12,27.774080276489258,27.78891719796015,27.306729984496567,27.358657794717978,6300300
2016-09-13,27.18900489807129,27.449866029223465,27.07720970741359,27.42005284112457,11134200
2016-09-14,27.174095153808594,27.338064826201887,27.129378219986258,27.174095153808594,9598400
2016-09-15,27.412601470947266,27.464773134921987,27.1219299593331,27.159195027437555,9381500
2016-09-16,27.077207565307617,27.14428296851057,27.025033068691076,27.114472625912107,7787700
2016-09-19,27.25609016418457,27.41260517727037,27.218825091041694,27.382794824641763,7653400
2016-09-20,27.37533950805664,27.516947920173333,27.367887630847456,27.494589445403005,5993200
2016-09-21,27.897056579589844,27.941776368312933,27.584023744813276,27.680915198808705,10972100
2016-09-22,28.172822952270508,28.351699273227243,28.13555788132113,28.292072885194106,4444200
2016-09-23,27.90450096130371,28.016298981512477,27.90450096130371,27.94922073801557,4717600
2016-09-26,27.658552169799805,27.73308229558501,27.6287389822289,27.68836535737071,9302800
2016-09-27,27.792707443237305,27.815065911356974,27.539301046360638,27.56165951448031,5045600
2016-09-28,28.03866195678711,28.03866195678711,27.718177280007374,27.859788507461154,5659800
2016-09-29,27.69580841064453,28.031199556128694,27.613823592510496,27.993934505106267,6147200
2016-09-30,27.882137298583984,27.9715739921991,27.72562237397223,27.79270060496887,5468900
2016-10-03,27.82997703552246,27.882148698390452,27.762898777100414,27.837428911728292,6687000
2016-10-04,27.74799346923828,27.971586726640524,27.658556734905893,27.91941506135142,7483400
2016-10-05,27.897056579589844,27.934321648621157,27.815071721835444,27.852336790866758,5694900
2016-10-06,27.74799346923828,27.78525853828157,27.66600861145754,27.755448188932455,3518100
2016-10-07,27.569128036499023,27.658564796900688,27.375345071961505,27.64365819630985,5814300
2016-10-10,27.680910110473633,27.762894953157492,27.569114923930012,27.569114923930012,3996500
2016-10-11,27.278440475463867,27.546753470819574,27.203910351483717,27.546753470819574,5274900
2016-10-12,27.24117660522461,27.31570957560742,27.166646477983907,27.263537917910508,6390900
2016-10-13,27.166641235351562,27.226264757009528,26.883421688836954,26.965406518865517,4618700
2016-10-14,27.18900489807129,27.405146247075123,27.18900489807129,27.345519870877332,8612700
2016-10-17,27.1442813873291,27.21881434733834,27.099564454465273,27.16664269690273,9982600
2016-10-18,27.434951782226562,27.502030015166632,27.38278013917777,27.479668708759068,4969200
2016-10-19,27.531848907470703,27.591475285564993,27.464770653685726,27.464770653685726,4518800
2016-10-20,27.531848907470703,27.584020566732107,27.420053713257204,27.449866902304347,10378900
2016-10-21,27.47222328186035,27.47222328186035,27.308253597721478,27.34551865962341,4023500
2016-10-24,27.434951782226562,27.539295068324154,27.367873549286497,27.502030015166632,4953800
2016-10-25,27.412601470947266,27.45732125855808,27.323164738868087,27.412601470947266,5510300
2016-10-26,27.278440475463867,27.367880036010426,27.218816944908145,27.278440475463867,5511400
2016-10-27,27.248632431030273,27.360427626433914,27.21881924166575,27.360427626433914,10445200
2016-10-28,27.233720779418945,27.308250895848815,27.16664253737538,27.211359469976625,6561100
2016-10-31,27.21135902404785,27.26353351646378,27.121922317169318,27.21135902404785,18429300
2016-11-01,27.13683319091797,27.33061322692274,27.047396469926696,27.33061322692274,6305300
2016-11-02,26.93559455871582,27.13682928433325,26.905781374963233,27.114470818089654,5851600
2016-11-03,26.920690536499023,27.06975362634878,26.89088019304264,27.05484703304961,7686200
2016-11-04,26.69709587097168,26.846158952712397,26.689643996298457,26.779080708086166,6716500
2016-11-07,27.062297821044922,27.062297821044925,26.943047935112027,27.010126173645627,4577600
2016-11-08,27.129379272460938,27.20390939381738,26.94305112592794,26.965409593706497,5014900
2016-11-09,27.084659576416016,27.20390947683537,26.846159775577302,26.846159775577302,9636800
2016-11-10,26.995220184326172,27.13682853854668,26.80889205570579,27.084656889984306,6318300
2016-11-11,26.779081344604492,26.883424651360613,26.65237672701358,26.846159590825124,5972100
2016-11-14,26.659828186035156,26.6747347770555,26.548030174953308,26.59274994801435,8338300
2016-11-15,26.823802947998047,26.823802947998047,26.592755007932453,26.630020071003145,9805200
2016-11-16,26.577848434448242,26.659833279151844,26.548035246712008,26.592755028316358,12684400
2016-11-17,26.756723403930664,26.81634693333346,26.67473856325263,26.69709703138594,9553200
2016-11-18,26.518226623535156,26.592756754571756,26.47350683902785,26.585302035582743,7158200
2016-11-21,26.749271392822266,26.75672611171574,26.622569603055375,26.630021478806633,7021900
2016-11-22,26.83125114440918,26.838703018744734,26.712001253048584,26.83125114440918,8564700
2016-11-23,26.734359741210938,26.734359741210938,26.54057973376853,26.57784479176034,9165900
2016-11-25,26.78653335571289,26.816346541549684,26.741816420099585,26.816346541549684,3040500
2016-11-28,26.68964958190918,26.771631593039057,26.674742986301275,26.756727840573554,8419500
2016-11-29,26.838699340820312,26.890873826586006,26.652371233407077,26.69709100271712,6618100
2016-11-30,26.801443099975586,26.920693014202424,26.771629910633322,26.920693014202424,9457100
2016-12-01,26.734359741210938,26.83870304084467,26.71200127504419,26.80889270033623,11308100
2016-12-02,26.80889129638672,26.861062943471417,26.682186694079927,26.682186694079927,5816100
2016-12-05,27.0175838470459,27.09211397557399,26.89833393551566,26.950505594113753,8858000
2016-12-06,27.20391082763672,27.22626929659371,27.039941140240035,27.047395858653722,6882900
2016-12-07,27.56166648864746,27.6212928762436,27.285901553871938,27.30826002764917,7037000
2016-12-08,27.58401870727539,27.61383189431281,27.47967539578643,27.539301769861265,7522300
2016-12-09,27.66600799560547,27.673462715133695,27.54675807143597,27.591477859177957,14272300
2016-12-12,27.576570510864258,27.673461960090403,27.53930544366724,27.613835578061273,7630400
2016-12-13,27.867237091064453,27.919408744549656,27.76289378409405,27.785252251832887,9579900
2016-12-14,27.412601470947266,27.84488422175778,27.3678845264789,27.800164434146964,9630300
2016-12-15,27.367874145507812,27.405139199477173,27.29334119442772,27.300795911106416,15570100
2016-12-16,27.37533950805664,27.457324373071536,27.32316783816403,27.345526312934354,8161000
2016-12-19,27.35296630859375,27.45730959220873,27.345511592254827,27.37532477132803,10052500
2016-12-20,27.412601470947266,27.45732125855808,27.35297793060863,27.382791122349172,12220200
2016-12-21,27.412601470947266,27.442414662687806,27.323164738868087,27.434962786323897,13280800
2016-12-22,27.337453842163086,27.412596876531165,27.329937818812464,27.405083719703562,9488900
2016-12-23,27.39756965637207,27.39756965637207,27.33745579788167,27.359998136500167,7653400
2016-12-27,27.359994888305664,27.42762476265532,27.359994888305664,27.40508242671306,10197000
2016-12-28,27.307395935058594,27.390054994149278,27.269824417250938,27.382538970673906,8027600
2016-12-29,27.40507698059082,27.442648488535745,27.359989451143523,27.375018627625956,8605900
2016-12-30,27.457685470581055,27.61548756872249,27.405084771200578,27.60797441160662,10007300
2017-01-03,27.630516052246094,27.638029209172377,27.54034383651542,27.592944534568566,10866500
2017-01-04,27.968660354614258,27.976173510173286,27.77328391180911,27.77328391180911,8637100
2017-01-05,28.216636657714844,28.239181859065635,28.02126306731867,28.04380540214672,8102200
2017-01-06,28.103919982910156,28.1414914936114,28.058832450155148,28.103919982910156,8368600
2017-01-09,28.03629493713379,28.073866454294457,27.95363587946651,28.02126575696492,9042000
2017-01-10,28.06635093688965,28.15652601952842,28.05132462297292,28.06635093688965,5933000
2017-01-11,28.26172637939453,28.26172637939453,28.01374921101874,28.028778390907238,10396500
2017-01-12,28.284265518188477,28.321837030400463,28.179064137385858,28.321837030400463,13565600
2017-01-13,28.389463424682617,28.396979446118785,28.269232880404516,28.31432040945466,5351700
2017-01-17,28.3143253326416,28.359412869531397,28.28426697471507,28.35189684678837,13265500
2017-01-18,28.186586380004883,28.276761478211448,28.103930173100878,28.23918995388716,6247700
2017-01-19,28.133983612060547,28.179071157861532,28.036298229276774,28.126470454355392,6868800
2017-01-20,28.269243240356445,28.269243240356445,28.171557858065377,28.21664253711561,6399500
2017-01-23,28.329355239868164,28.344384419217786,28.19409549224444,28.254209343120063,10408100
2017-01-24,28.449586868286133,28.457100024979486,28.284268755802763,28.284268755802763,11370900
2017-01-25,28.727617263793945,28.750159598618446,28.577328343077536,28.577328343077536,5481800
2017-01-26,28.637453079223633,28.735141335029848,28.599881555151565,28.71259612736777,5924900
2017-01-27,28.5698184967041,28.622419195070066,28.51721779833814,28.607390014605066,5153300
2017-01-30,28.3669376373291,28.389479981739974,28.246707022931183,28.351908452213866,7074400
2017-01-31,28.464618682861328,28.49467417893961,28.336872075066506,28.44958950156057,21455200
2017-02-01,28.562305450439453,28.637451360597385,28.48716240680489,28.629935336319907,8474200
2017-02-02,28.607389450073242,28.652476990578496,28.524730392408458,28.62241863024166,8355700
2017-02-03,28.727617263793945,28.750159598618446,28.62241587924928,28.667503415421024,6353400
2017-02-06,28.5172176361084,28.52473079303662,28.41952939690317,28.464616938041672,9355600
2017-02-07,28.494674682617188,28.502190706662038,28.434560822874804,28.464619186007635,10453700
2017-02-08,28.53976058959961,28.562302927394033,28.42704603410439,28.49467304748765,5720000
2017-02-09,28.644973754882812,28.66751896846155,28.547288339964034,28.592373034072917,6141900
2017-02-10,28.750164031982422,28.765193213023885,28.62993345017392,28.644962631215382,5006500
2017-02-13,28.855371475219727,28.90045615678314,28.80277076904674,28.862884633305796,5487200
2017-02-14,28.840343475341797,28.840343475341797,28.667512167038947,28.802771950323546,6902300
2017-02-15,28.945533752441406,28.953046907944206,28.712585800539454,28.735131000092874,6229600
2017-02-16,29.00564956665039,29.005649566650394,28.92299338441396,28.953048874989616,7128700
2017-02-17,28.9079647064209,28.922993885230316,28.817789633564388,28.847847991183226,6862100
2017-02-21,29.03570556640625,29.035705566406254,28.907961858893497,28.915475014296756,5225000
2017-02-22,29.013160705566406,29.035703036334404,28.885414142662576,28.915472494701387,8044300
2017-02-23,29.06577491760254,29.148433990923426,29.02068736855745,29.1258887831391,8303800
2017-02-24,28.817790985107422,28.862878523650267,28.750161110554604,28.772706313087472,5977900
2017-02-27,28.832826614379883,28.847855797256116,28.73514122546966,28.765196724698598,5032400
2017-02-28,28.765188217163086,28.877905622135994,28.727616704346346,28.810275752456786,8058800
2017-03-01,29.043224334716797,29.118367361944976,28.930506927351786,28.94553610610197,7916300
2017-03-02,28.862878799438477,28.95305101086288,28.840336463213106,28.938021831204992,6527900
2017-03-03,29.00564956665039,29.013165589186336,28.832818313118878,28.877905848766417,8626800
2017-03-06,28.9079647064209,28.922993885230316,28.832818812373805,28.9079647064209,6501700
2017-03-07,28.832826614379883,28.877914163008583,28.77271274939848,28.832826614379883,6354000
2017-03-08,28.682538986206055,28.832827955435008,28.675025827680255,28.817798771859746,6088200
2017-03-09,28.80276107788086,28.825303411077826,28.70507285648978,28.765186700522538,14453500
2017-03-10,29.028200149536133,29.05074248827788,28.922998746710338,28.99814178686498,13367400
2017-03-13,29.163454055786133,29.17096721168283,29.08079500830916,29.08079500830916,7891900
2017-03-14,28.945533752441406,28.99062128502574,28.900446219857074,28.968076085472315,5433600
2017-03-15,29.396408081054688,29.40392410575666,28.990631609377708,29.020687108614997,12069200
2017-03-16,29.516637802124023,29.56172534942798,29.464037096864462,29.539183009037725,13666800
2017-03-17,29.561723709106445,29.636866750586723,29.509123006765595,29.57675289070716,7982100
2017-03-20,29.546701431274414,29.636873675424702,29.486587557348873,29.569243775680995,6544100
2017-03-21,29.373857498168945,29.787149878584774,29.373857498168945,29.764607543850936,8359800
2017-03-22,29.41143226623535,29.441490626888548,29.261143329492423,29.29871771357044,8815000
2017-03-23,29.49408531188965,29.554202020940203,29.366341604940907,29.381367915681086,9725400
2017-03-24,29.56952667236328,29.629871147679044,29.516724177391932,29.54689497628973,11122000
2017-03-27,29.637413024902344,29.660041841179947,29.479005555919368,29.516721208888665,7904900
2017-03-28,29.77320098876953,29.810916653533887,29.667595976421023,29.68267994031015,9109100
2017-03-29,29.80336570739746,29.80336570739746,29.644958221225885,29.6675899174791,5715100
2017-03-30,29.690214157104492,29.780732295596223,29.660040485100666,29.720387829108315,5419200
2017-03-31,29.644962310791016,29.690222832021014,29.546899286886312,29.57707296770631,9458800
2017-04-03,29.614782333374023,29.62986917057631,29.396030387740804,29.59969837369171,11709700
2017-04-04,29.59969711303711,29.59969711303711,29.433744788399867,29.479005298079073,8516000
2017-04-05,29.44129180908203,29.6600466603753,29.43374982827069,29.584615342180545,10772700
2017-04-06,29.463924407958984,29.50164006821021,29.403577049540676,29.45637954939648,8593100
2017-04-07,29.426206588745117,29.48655394863705,29.403577767545894,29.418664607518878,8311800
2017-04-10,29.426206588745117,29.456380268691085,29.37340408759993,29.403577767545894,6221100
2017-04-11,29.546894073486328,29.546894073486325,29.335684100054433,29.516723275510394,7078900
2017-04-12,29.52426528930664,29.55443896483707,29.411118322347647,29.509178451541427,7282700
2017-04-13,29.335683822631836,29.463920503517112,29.328141842589194,29.441288808349093,6970200
2017-04-17,29.57706642150879,29.57706642150879,29.441287765390832,29.501635113674343,9615100
2017-04-18,29.40357208251953,29.411116939807513,29.252706589479256,29.358311571351464,8820200
2017-04-19,29.267797470092773,29.46392350139734,29.252710630952397,29.448836662256962,7136600
2017-04-20,29.531808853149414,29.59215332404648,29.501635178940905,29.52426399583731,8640900
2017-04-21,29.546894073486328,29.554438931120366,29.46392078215242,29.524265255624357,8488500
2017-04-24,30.195615768432617,30.210702607209566,30.11263959391955,30.135271290845104,7876000
2017-04-25,30.391740798950195,30.421914475515173,30.29367778887411,30.331393445820243,8824000
2017-04-26,30.27858543395996,30.41436407624388,30.27858543395996,30.323845940561153,9383900
2017-04-27,30.323848724365234,30.361564377902123,30.248414539771538,30.361564377902123,5931300
2017-04-28,30.30121421813965,30.34647472469549,30.286130260140684,30.331387889176877,8718400
2017-05-01,30.38419532775879,30.45962951764863,30.361566509551896,30.361566509551896,7222300
2017-05-02,30.565237045288086,30.587865865374948,30.474718887420284,30.482260868275787,7157200
2017-05-03,30.467178344726562,30.52752571020022,30.414375838697495,30.482265186094978,14817900
2017-05-04,30.68592643737793,30.693468417632687,30.527518954346895,30.565234610660934,8104300
2017-05-05,30.995197296142578,31.025370970131195,30.693466311296284,30.71609800554771,8788500
2017-05-08,30.85187530517578,30.882046100318593,30.7990728167761,30.882046100318593,6294800
2017-05-09,30.799074172973633,30.859418643436257,30.74626880472893,30.844331806440618,6998300
2017-05-10,30.844335556030273,30.84433555603027,30.76135938122723,30.82170673654591,6317900
2017-05-11,30.783994674682617,30.79153665621843,30.66330282746528,30.738734152905884,10625300
2017-05-12,30.919775009155273,30.919775009155277,30.799083155510377,30.814167119385317,10749400
2017-05-15,31.100797653198242,31.100797653198246,31.01782150082726,31.032908335578302,9291400
2017-05-16,31.259212493896484,31.274299332215218,31.206409998540998,31.244125655577747,8947800
2017-05-17,30.882055282592773,31.130983839794506,30.866968441775636,31.085723317343103,10037700
2017-05-18,30.942386627197266,30.95747346020405,30.761347508635033,30.806608007655385,7409200
2017-05-19,31.29693031311035,31.319559131311145,31.13851995314444,31.153606791118342,7657400
2017-05-22,31.37990379333496,31.417622327255327,31.319559318598614,31.364819832790975,9855800
2017-05-23,31.349727630615234,31.455332601474343,31.327095938631395,31.44778774497318,7562800
2017-05-24,31.417619705200195,31.417619705200195,31.274296194312637,31.31201184756519,5689000
2017-05-25,31.41007423400879,31.470421580049074,31.364816601998413,31.432703050013977,6054300
2017-05-26,31.32709503173828,31.32709503173828,31.24411887774546,31.26675056907413,5719700
2017-05-30,31.274301528930664,31.304475207687545,31.22904388831573,31.244127850173783,5553500
2017-05-31,31.334640502929688,31.44778745171519,31.289379996903715,31.440245472804,11459500
2017-06-01,31.545848846435547,31.545848846435547,31.417615068796774,31.447785860434475,11354200
2017-06-02,31.84758186340332,31.870210677989682,31.696716385281686,31.757060850018544,12526000
2017-06-05,31.711807250976562,31.71934923095728,31.651459901050735,31.704262393475823,6422400
2017-06-06,31.636367797851562,31.636367797851562,31.53830768682375,31.583565314215186,8859300
2017-06-07,31.61374282836914,31.719347808483395,31.508137848254886,31.681632155231146,6071400
2017-06-08,31.568492889404297,31.576037749093253,31.470432733614686,31.50814839949691,6673900
2017-06-09,31.4553279876709,31.560932943040086,31.34972303230171,31.440241154401125,7002900
2017-06-12,31.357276916503906,31.41762427249683,31.266758760034836,31.379905736241096,5699500
2017-06-13,31.628828048706055,31.628828048706055,31.515678217212212,31.576025561347528,5147900
2017-06-14,31.591129302978516,31.81742620954641,31.49306625504129,31.81742620954641,9200000
2017-06-15,31.251678466796875,31.274307291273743,31.10081292273563,31.1234417472125,10635600
2017-06-16,31.530773162841797,31.530773162841797,31.342191980196187,31.387452499938508,5207500
2017-06-19,31.643924713134766,31.696727216893404,31.613751031695358,31.628837872415062,7286500
2017-06-20,31.357276916503906,31.57603176569778,31.319561257768488,31.54585808770132,7489100
2017-06-21,31.328264236450195,31.38168613600395,31.26721188464955,31.320633784203306,6565600
2017-06-22,31.389324188232422,31.435112731103665,31.32063846264994,31.366427005521185,4580100
2017-06-23,31.458017349243164,31.4961754477468,31.328276320799237,31.374067785769384,5949100
2017-06-26,31.519060134887695,31.679325846607746,31.503796317875015,31.648801123857798,7147000
2017-06-27,31.511428833007812,31.587745004739627,31.458006930540474,31.541956466210674,20451000
2017-06-28,31.793807983398438,31.81670225685486,31.61064506191944,31.641172700711916,16558100
2017-06-29,31.473278045654297,31.70985997965042,31.351170395801972,31.70985997965042,8548100
2017-06-30,31.534324645996094,31.61064082146387,31.358795113399815,31.587746551078634,10787500
2017-07-03,31.473278045654297,31.572488509657052,31.473278045654297,31.511436140368897,5231100
2017-07-05,31.488534927368164,31.48853492736816,31.30537493165249,31.396954929510326,7208700
2017-07-06,31.297739028930664,31.41221620042653,31.24431712523937,31.297739028930664,7132800
2017-07-07,31.351167678833008,31.381692405193732,31.198532401926343,31.2824819497888,6872900
2017-07-10,31.404592514038086,31.450381063481732,31.3053791381168,31.343537233078514,4998300
2017-07-11,31.50379753112793,31.51143089556595,31.31300417803481,31.374059448436864,6251000
2017-07-12,31.786176681518555,31.824334773353442,31.67932994859476,31.68696331372721,7592300
2017-07-13,31.877758026123047,31.893021845754717,31.77854465415516,31.83196656722804,5408300
2017-07-14,32.106712341308594,32.14487043812896,31.969340863734338,31.98460468471772,5368800
2017-07-17,32.05329895019531,32.114354250370525,32.03040466826808,32.05329895019531,7084200
2017-07-18,32.121971130371094,32.121971130371094,32.03039113009303,32.0761796745942,5403000
2017-07-19,32.27460479736328,32.27460479736328,32.167760983815,32.19065525492518,5468400
2017-07-20,32.38145065307617,32.419608744424806,32.29750110534372,32.35092301548696,5468100
2017-07-21,32.297508239746094,32.297508239746094,32.152506296080574,32.259350139968475,5023400
2017-07-24,32.23644256591797,32.24407301821563,32.10670158665613,32.19828157060406,13680400
2017-07-25,32.25934600830078,32.38908411318356,32.25934600830078,32.37382029297217,6288900
2017-07-26,32.46540451049805,32.50356260691206,32.282241571924175,32.335663489159025,5841300
2017-07-27,32.34329605102539,32.52645607376903,32.251713128377496,32.52645607376903,6910300
2017-07-28,32.37382125854492,32.37382125854492,32.23645269509734,32.26697742515452,7022400
2017-07-31,32.442508697509766,32.48066970681597,32.32803440341995,32.411983965851576,9722100
2017-08-01,32.625667572021484,32.70961712397586,32.595139932897006,32.67908948485138,12099500
2017-08-02,32.61040115356445,32.65619260860181,32.52645160830046,32.62566497191024,7917600
2017-08-03,32.564613342285156,32.64856289694253,32.53408861345374,32.57987716233886,10051200
2017-08-04,32.61040115356445,32.6332954254453,32.480663064538774,32.61040115356445,7841900
2017-08-07,32.63329315185547,32.64092651613437,32.54934652371578,32.55697697671922,4860600
2017-08-08,32.46540451049805,32.61803980743024,32.45014068967721,32.587512165788574,5742600
2017-08-09,32.38145065307617,32.39671447187078,32.23644874144105,32.28223728654911,5456800
2017-08-10,31.915910720825195,32.2135478751061,31.90828026793805,32.2135478751061,6088200
2017-08-11,31.908273696899414,31.984589855156383,31.847218441273977,31.923537510805772,7542000
2017-08-14,32.12961196899414,32.22119491014946,32.114351056744916,32.12961196899414,6936600
2017-08-15,32.09908676147461,32.11435058477617,31.999873365652775,32.09145339418552,5740700
2017-08-16,32.297508239746094,32.312772061912426,32.17540057369187,32.19066439585819,7648800
2017-08-17,31.931184768676758,32.23645538492942,31.931184768676758,32.19829437444057,6265500
2017-08-18,32.022762298583984,32.12197567784158,31.9617099268474,32.00749847783081,6275100
2017-08-21,32.030391693115234,32.08381360348945,31.961705963880416,32.04565551197584,5113600
2017-08-22,32.19065475463867,32.20591857223343,32.10670521350526,32.1143385779404,7009300
2017-08-23,32.20592498779297,32.221188808428344,32.07618396803031,32.07618396803031,5024600
2017-08-24,32.16777420043945,32.25935423378282,32.152510376336096,32.23645995326617,4743800
2017-08-25,32.35857009887695,32.41962248866266,32.25172332201722,32.28988434081991,6432900
2017-08-28,32.35857009887695,32.40435866339699,32.32040908007426,32.389094838131314,4691200
2017-08-29,32.22118377685547,32.2822361385871,32.13723423210828,32.160128503848185,4998600
2017-08-30,32.175392150878906,32.21355024066758,32.13723406109024,32.1906559690495,6580600
2017-08-31,32.45014572143555,32.47304000057874,32.28987994488,32.312774224023194,8558300
2017-09-01,32.511199951171875,32.610413351893655,32.488305670727144,32.60278289550433,5650200
2017-09-05,32.27460479736328,32.44250097096391,32.175391437093204,32.41197624657553,9332100
2017-09-06,32.511199951171875,32.556991423338104,32.419619918116176,32.450147566226995,8755800
2017-09-07,32.77830505371094,32.785935508365625,32.69435549612888,32.77067168778015,8976500
2017-09-08,32.77066421508789,32.839349936422074,32.755400397983024,32.839349936422074,4412400
2017-09-11,33.0148811340332,33.06830595223683,32.938564955929024,32.98435640955688,3838200
2017-09-12,33.08358383178711,33.11411148320069,33.04542572315867,33.07595337457225,5504600
2017-09-13,32.93094253540039,33.06068065207934,32.90804534736341,33.03778637531865,4154700
2017-09-14,33.022518157958984,33.022518157958984,32.8775162389826,32.8775162389826,4668500
2017-09-15,33.03778839111328,33.068316036174366,32.97673310099112,33.053052213643824,5258300
2017-09-18,33.0911979675293,33.20567222688166,33.03014270018773,33.152250323595474,8944100
2017-09-19,33.2514762878418,33.2591096547921,33.17516008599769,33.236212465217676,5868100
2017-09-20,33.166412353515625,33.37331962639918,33.01315030541183,33.27369695650276,8169300
2017-09-21,33.112762451171875,33.15874280902019,33.05912016199159,33.097435665222434,4991400
2017-09-22,33.18940734863281,33.250711589403544,33.15875376660421,33.22005800737494,9814700
2017-09-25,33.04378890991211,33.15107347377231,32.96715791380772,33.097431191842205,6579000
2017-09-26,32.92118453979492,32.99781847542694,32.84455352744864,32.97482683309447,12621700
2017-09-27,32.9671745300293,33.00549004739341,32.890540572014494,32.89820542945927,6196000
2017-09-28,33.0744514465332,33.1051050226014,32.982493641614525,32.982493641614525,5278200
2017-09-29,33.26601791381836,33.296671476987655,33.105091092106576,33.16639529516049,9159800
2017-10-02,33.22771072387695,33.273688156834275,33.151076796805725,33.16640358221997,6474500
2017-10-03,33.357994079589844,33.357994079589844,33.25070947260612,33.258374329268555,5919600
2017-10-04,33.296688079833984,33.33500359125866,33.266034501379785,33.296688079833984,5822800
2017-10-05,33.26601791381836,33.28900662455299,33.212375639914434,33.22770242149908,7337700
2017-10-06,33.22771072387695,33.23537265494137,33.09743450949858,33.143414865741306,5228100
2017-10-09,33.243038177490234,33.29668046587562,33.212384606045596,33.289015611371724,3604100
2017-10-10,33.5495719909668,33.57256363590029,33.426960603370446,33.457614181091046,11610600
2017-10-11,33.66452407836914,33.67985086842801,33.56490140462963,33.587893051361085,4630300
2017-10-12,33.66452407836914,33.718166381932036,33.60321691813366,33.64919728831027,5523200
2017-10-13,33.83309555053711,33.87907296984731,33.810103917597466,33.84841940811748,5178700
2017-10-16,33.802459716796875,33.85610201631497,33.77180613899051,33.82544843850861,4093100
2017-10-17,33.725826263427734,33.73349111963399,33.641533308161804,33.71050239758747,4890600
2017-10-18,33.78713607788086,33.81012480173584,33.72582891655245,33.76414735402588,6325300
2017-10-19,33.725826263427734,33.725826263427734,33.59555294078266,33.63386845195556,7668800
2017-10-20,33.67985916137695,33.702847890482595,33.62621684460577,33.702847890482595,5360500
2017-10-23,33.59555435180664,33.71050381343937,33.58789241856471,33.69517702366925,5933300
2017-10-24,33.672183990478516,33.733491147033845,33.626206546348136,33.672183990478516,5581100
2017-10-25,33.53424835205078,33.68751333176425,33.41163695293727,33.67985139825743,6246900
2017-10-26,33.495941162109375,33.62621745039135,33.495941162109375,33.60322579758449,5499400
2017-10-27,33.62621307373047,33.63387500814413,33.449959349349434,33.511263594518766,5806800
2017-10-30,33.70283508300781,33.71049993865497,33.51125461783158,33.51125461783158,6782700
2017-10-31,33.85608673095703,33.88674029492391,33.75646410970705,33.81010638500671,7383200
2017-11-01,33.93273162841797,34.08599658779905,33.93273162841797,34.02469235801819,6043300
2017-11-02,34.00169372558594,34.02468536490348,33.909735938171806,33.92506272328839,22398300
2017-11-03,33.97104263305664,34.001693279602414,33.871419992748244,34.001693279602414,8057800
2017-11-06,34.0323486328125,34.06300220424991,33.90973727034831,33.917399201564926,6684900
2017-11-07,33.91740798950195,34.01703066084287,33.83311503113712,33.97871514826136,7343500
2017-11-08,34.06300354003906,34.085992257875894,33.95571895908639,34.00169639476006,4444500
2017-11-09,33.83309555053711,33.84841940811748,33.62618839378758,33.76412649828727,13268200
2017-11-10,33.748802185058594,33.78711767838015,33.67983312776589,33.77179089639458,5202800
2017-11-13,33.618534088134766,33.626198942614025,33.39630300408907,33.44228043782279,6368500
2017-11-14,33.587890625,33.60321449066559,33.472941169505475,33.564898979929445,15887300
2017-11-15,33.426963806152344,33.46527932033124,33.26603689262917,33.31967919713689,5290300
2017-11-16,33.748802185058594,33.77179089639458,33.63385278180917,33.67216827513072,5634600
2017-11-17,33.618534088134766,33.66451444515394,33.56489179992179,33.633860873807826,15984200
2017-11-20,33.67985916137695,33.76415506581366,33.67985916137695,33.710512749042486,4444100
2017-11-21,33.94039535522461,33.994037650730775,33.90207984747533,33.90974177971084,6224700
2017-11-22,34.05534362792969,34.108985926191515,33.94805903140604,34.07833527238905,6459600
2017-11-24,34.26991271972656,34.323555013254115,34.26224786448791,34.30056337082391,2766800
2017-11-27,34.05534362792969,34.2315973112594,34.047681695300575,34.2315973112594,5874700
2017-11-28,34.22392272949219,34.23924951237166,34.093649459944096,34.16261852125924,8238400
2017-11-29,34.078330993652344,34.25458465485236,34.02468870212563,34.24691979989961,6059800
2017-11-30,34.14730453491211,34.24692427603326,34.09366223637425,34.20860876611851,10494700
2017-12-01,34.047672271728516,34.11664133944561,33.87141863718155,34.04000741793484,12404600
2017-12-04,33.90974044799805,34.17028998306098,33.90207851606343,34.13197447681644,9098100
2017-12-05,33.86375045776367,34.01701536244847,33.86375045776367,33.96337308430153,8701000
2017-12-06,33.710506439208984,33.81012619554491,33.70284158208378,33.710506439208984,7545900
2017-12-07,33.81011962890625,33.89441550119267,33.71049989191857,33.81011962890625,7165700
2017-12-08,34.00169372558594,34.009358579786905,33.89440915305523,33.98636694046935,5064100
2017-12-11,34.07066345214844,34.08599023755975,34.00935923378859,34.07066345214844,5710800
2017-12-12,34.09367370605469,34.11666243508013,34.009377801912066,34.09367370605469,6777900
2017-12-13,34.23926544189453,34.308234535296954,34.13964276847186,34.170296348492116,6202800
2017-12-14,34.078330993652344,34.23925786823249,34.06300420703248,34.20860429499275,6137800
2017-12-15,34.05534362792969,34.108985926191515,33.986374541123624,34.06300848384481,10562900
2017-12-18,34.43851089477539,34.530471642925306,34.384868586664545,34.400195378022865,8428900
2017-12-19,34.33121871948242,34.4078526594007,34.2699144908337,34.36953422779861,7037600
2017-12-20,34.308231353759766,34.40785401794403,34.27757777658214,34.40785401794403,6628800
2017-12-21,34.41810989379883,34.48775097235341,34.332992692035596,34.37168152417288,6751600
2017-12-22,34.50322723388672,34.510963819637716,34.394897322760556,34.41811003178225,6891300
2017-12-26,34.510948181152344,34.55737652992563,34.472259366391626,34.49547501666194,5914900
2017-12-27,34.59607696533203,34.65798145115647,34.52643589466371,34.59607696533203,15495000
2017-12-28,34.704402923583984,34.766307402380086,34.67345363595395,34.758567866646565,5982900
2017-12-29,34.71213912963867,34.85915782502497,34.71213912963867,34.85915782502497,7046100
2018-01-02,35.013916015625,35.0216525988396,34.812732382600316,34.85142120220878,9308000
2018-01-03,35.23057556152344,35.23831509646067,35.04486804777799,35.06034416588473,10178700
2018-01-04,35.54783248901367,35.57104814459533,35.431766018177505,35.49366754560319,9883400
2018-01-05,35.718074798583984,35.741287507560024,35.59426876443062,35.640697134151395,8111400
2018-01-08,35.70259475708008,35.71033429373516,35.64069322268127,35.68711863553828,8245900
2018-01-09,35.73355484008789,35.73355484008789,35.59427266742168,35.702602590213395,7721300
2018-01-10,35.64070129394531,35.72581555404777,35.594272918805665,35.71034238077026,10860500
2018-01-11,35.872833251953125,35.88056983772616,35.69486226148625,35.7258115563471,7529600
2018-01-12,36.21329879760742,36.22103833508249,35.94247402135365,36.00437556231079,8460100
2018-01-16,36.17460632324219,36.36805341587984,36.13591749506833,36.32936458770599,16171900
2018-01-17,36.3680534362793,36.49185945756611,36.190082465165034,36.29067577988818,8804800
2018-01-18,36.28293991088867,36.32162874299513,36.17461000028312,36.24425107878221,8192100
2018-01-19,36.44542694091797,36.46864259660535,36.344836589422144,36.460903060786876,7359800
2018-01-22,36.63887405395508,36.6466135897825,36.45316651884975,36.48411875862332,9186700
2018-01-23,36.75495147705078,36.77042760030599,36.62340885703452,36.677573812543415,7836800
2018-01-24,36.87101745605469,37.01029960047659,36.723995774849115,36.97934735687874,11007800
2018-01-25,36.739471435546875,37.0257723058127,36.631141536082424,37.018035720894545,14271300
2018-01-26,37.04897689819336,37.056713480800724,36.886479145763666,36.886479145763666,7027900
2018-01-29,36.70852279663086,36.79363999792985,36.64662125590256,36.78590341225207,9953000
2018-01-30,36.42995071411133,36.5924455314395,36.36030965643243,36.56922987770134,11411900
2018-01-31,36.36033248901367,36.56925284147475,36.31390410415029,36.56925284147475,13972600
2018-02-01,36.453163146972656,36.49185196722692,36.27519221238881,36.306141497531556,10588800
2018-02-02,35.66389846801758,36.08174480692505,35.61747011310528,36.08174480692505,12300600
2018-02-05,34.209197998046875,35.354404929190274,34.11634417978381,35.20738613762627,24899300
2018-02-06,34.87464141845703,34.959758610997476,34.0621642245345,34.10859258912975,36830300
2018-02-07,34.40262985229492,34.80500015458571,34.379417146010105,34.541911993540516,13805700
2018-02-08,33.55146026611328,34.49548291152022,33.528247562297715,34.48774337573634,25921100
2018-02-09,33.78360366821289,33.9228858255988,32.90922189168329,33.79907979145229,41241300
2018-02-12,34.23240280151367,34.309780466879275,33.86098174280636,34.00026390187942,19705000
2018-02-13,34.100860595703125,34.17050168211666,33.96157842287606,34.01574338433447,11755700
2018-02-14,34.7740592956543,34.7740592956543,33.9151564124858,33.94610571374129,11178000
2018-02-15,34.998443603515625,35.02939584318712,34.68119052630294,34.98296748367988,9923900
2018-02-16,35.122249603271484,35.27700784982934,35.0139197162114,35.02939583604398,9084000
2018-02-20,34.76631546020508,34.99071482019819,34.696674381302685,34.85916924815203,8778500
2018-02-21,34.634761810302734,35.114512664968686,34.627025226348515,34.89011335731216,10894000
2018-02-22,34.78178787231445,34.975234965095105,34.70440726414116,34.78952445724759,9645000
2018-02-23,35.1300048828125,35.14547805781145,34.88239275805815,34.94429431336206,9922500
2018-02-26,35.40855026245117,35.41628979821251,35.11451284241674,35.26153155243396,6249500
2018-02-27,34.86690139770508,35.230579886674164,34.8591618618177,35.21510376666747,7921200
2018-02-28,34.50322723388672,34.95202300166207,34.49549064813572,34.936549830160075,7700200
2018-03-01,34.05442810058594,34.433585736689494,33.81455557222633,34.31751628945386,14945600
2018-03-02,34.1550178527832,34.16275738939946,33.737171428555996,33.876453569965065,11738000
2018-03-05,34.294281005859375,34.33296981221407,33.876434812988606,33.89965045821479,7697900
2018-03-06,34.580596923828125,34.66571410630369,34.487743157385694,34.63476186690021,7502100
2018-03-07,34.54191589355469,34.57286813994139,34.28656724028608,34.379421027677516,8727500
2018-03-08,34.64250564575195,34.712146717055624,34.51096008805907,34.66571835226372,9444800
2018-03-09,34.89785385131836,34.9133299727288,34.66571793369847,34.73535900416127,5860500
2018-03-12,34.9520263671875,35.0061942797351,34.85917257039115,34.92881365593066,6268200
2018-03-13,34.73535919189453,35.09130113095334,34.65024199956126,35.0680884245964,8971800
2018-03-14,34.78953170776367,35.013931090580904,34.696677910372365,34.99071837917533,8914200
2018-03-15,34.78178787231445,34.93654613689265,34.71214680084268,34.820476700516906,9127100
2018-03-16,34.73535919189453,34.828212969090664,34.696670364043506,34.696670364043506,12060400
2018-03-19,34.449066162109375,34.627037172133754,34.27883173870821,34.611561047118286,9602300
2018-03-20,34.480010986328125,34.54191252128952,34.38715425623345,34.441319206237814,7377000
2018-03-21,34.565120697021484,34.69666623819466,34.410365404019636,34.43357810761631,8314200
2018-03-22,33.93062210083008,34.28656702854158,33.915148929500965,34.20144982738815,15901500
2018-03-23,33.51277542114258,34.023475628091795,33.49729929950553,33.99252338481769,13756700
2018-03-26,34.11237716674805,34.13567998653352,33.70073055902859,34.01917477615791,13566600
2018-03-27,33.83278274536133,34.30656347107527,33.716277491079,34.26772937393173,12650100
2018-03-28,33.99587631225586,34.25218363759396,33.89490532331627,34.058010254245126,13320700
2018-03-29,34.36868667602539,34.492957514984006,34.174513304974404,34.25218146825459,8230000
2018-04-02,33.85606002807617,34.31430917954822,33.65412107991802,34.228872445110255,15016300
2018-04-03,34.120155334472656,34.1667580242689,33.910447674666656,34.07355264467641,12164900
2018-04-04,34.19781494140625,34.21334916744096,33.63859761841013,33.661897476036856,20156300
2018-04-05,34.45412826538086,34.52403080727675,34.32208881386598,34.353157268675474,6644000
2018-04-06,34.17451095581055,34.524023592246856,34.065774349552655,34.39975276183065,12728900
2018-04-09,34.469661712646484,34.694900597790244,34.39199057738065,34.50849579885397,8316300
2018-04-10,34.850242614746094,34.90461093223336,34.72597175151075,34.78810866455397,9749500
2018-04-11,34.6871337890625,34.89684140289043,34.6871337890625,34.718202242114955,6022200
2018-04-12,34.81917190551758,34.86577162046874,34.702666692438385,34.73373514430626,6036100
2018-04-13,34.850242614746094,34.958979249720635,34.74150597977155,34.943447984310914,6468300
2018-04-16,34.912376403808594,34.97451034844094,34.85023949632542,34.96674471643095,11688300
2018-04-17,35.09101867675781,35.16092122244263,34.94344795269034,34.99781627012842,5740100
2018-04-18,35.30073928833008,35.331807756242554,35.207536847444835,35.23860235250513,5022700
2018-04-19,35.13761901855469,35.316258187204156,35.05218225031996,35.28518973278228,6195100
2018-04-20,34.96675109863281,35.03665365088472,34.912382776087036,35.01335378775121,6645200
2018-04-23,34.92790603637695,34.990039972836406,34.83470068741213,34.95897152318146,4742700
2018-04-24,34.772579193115234,35.02112095358596,34.65607394664705,35.02112095358596,10248400
2018-04-25,34.69490432739258,34.74927560934884,34.53956796586443,34.65607023701054,9085100
2018-04-26,34.951210021972656,34.9822784752986,34.826939171519676,34.90460734198374,7172100
2018-04-27,34.99003982543945,35.013342644007714,34.85800335923781,34.95897137591539,4644300
2018-04-30,34.80363464355469,35.052176311115296,34.80363464355469,34.95120533277805,5684200
2018-05-01,34.772579193115234,34.84248174842584,34.562871527183404,34.84248174842584,5858000
2018-05-02,34.7259635925293,34.966739629723996,34.69489514330732,34.90460273128005,6324700
2018-05-03,34.795860290527344,34.88129703014451,34.52401881251811,34.78032606851969,7903900
2018-05-04,34.92790603637695,34.966740117020414,34.53955930424148,34.57839338488494,7123500
2018-05-07,34.92015075683594,35.013356141337965,34.83471396913487,34.904616526085604,12361700
2018-05-08,34.92015075683594,34.92791935363689,34.72597731673407,34.811414104435144,6713700
2018-05-09,35.02888107299805,35.06771812427459,34.88131035184069,34.904610212325785,5192400
2018-05-10,35.27742385864258,35.28519245427267,35.09878467621495,35.16092158985123,13671900
2018-05-11,35.347312927246094,35.44051826216163,35.33178166761016,35.40168418737181,5637000
2018-05-14,35.40946578979492,35.52597102956788,35.386165926980865,35.48713397440934,5169600
2018-05-15,35.11431884765625,35.22305548349221,35.013350807437774,35.12208744327374,7081500
2018-05-16,35.22305679321289,35.261893847042224,35.12208874924006,35.1686884732733,5840000
2018-05-17,35.269657135009766,35.33179404672421,35.176454730289116,35.23858867915254,5153000
2018-05-18,35.1453857421875,35.19198842526758,35.09878305910742,35.16868560230205,4018200
2018-05-21,35.370628356933594,35.370628356933594,35.28519158421596,35.33179426829405,4164300
2018-05-22,35.347312927246094,35.47935233695144,35.30071322263831,35.432749669493674,5238700
2018-05-23,35.01333999633789,35.021105626706465,34.826932276139864,34.9123690244452,6443800
2018-05-24,34.8968391418457,34.96674167525921,34.67159731608547,34.95120744973948,6320100
2018-05-25,34.70268249511719,34.75705082921853,34.625014292930125,34.7104481301951,4372300
2018-05-29,34.0036506652832,34.267726652882565,33.87161415290925,34.190058464762764,13770600
2018-05-30,34.492958068847656,34.51625792563574,34.182279485037206,34.25218201825203,7097700
2018-05-31,34.30655288696289,34.43082670004451,34.151216546312426,34.40752387866632,8894400
2018-06-01,34.562870025634766,34.609472714767726,34.44636478422803,34.57063565906458,8203500
2018-06-04,34.718204498291016,34.86577521560398,34.69490167556195,34.82694112819014,6324800
2018-06-05,34.67936325073242,34.733731554456725,34.57839227402286,34.72596296086734,14417000
2018-06-06,34.97451400756836,34.982282603241934,34.74150650583025,34.80364341981435,5836700
2018-06-07,34.772579193115234,35.01335531981878,34.71821086819048,35.01335531981878,7713000
2018-06-08,34.8347053527832,34.873542401478495,34.663834782497396,34.78033704003079,7188900
2018-06-11,35.059940338134766,35.12207723360761,34.935669510039325,34.96673795777575,5298100
2018-06-12,34.842472076416016,35.005577005913565,34.795869398195,34.9822771482284,6875900
2018-06-13,34.858009338378906,34.97451159980198,34.71043565925172,34.93567751266095,5963500
2018-06-14,34.772579193115234,34.93568416788949,34.749279328962196,34.850247382193025,6612000
2018-06-15,34.53179931640625,34.562867773804065,34.3842285880434,34.53956791218129,5549800
2018-06-18,34.291015625,34.298781255533854,33.87936609829975,34.16674479650659,8370700
2018-06-19,33.918216705322266,33.949285168298125,33.747346084658446,33.81724864492828,13129700
2018-06-20,33.98811721801758,34.16675938794083,33.92598325866075,34.09685683188219,7888000
2018-06-21,33.75510025024414,33.879371097073246,33.70850053446491,33.87160546539361,9282400
2018-06-22,34.11687469482422,34.2505723915843,34.03822634367609,34.20338638102325,7828100
2018-06-25,33.63713836669922,33.90453682484494,33.5427633226856,33.85734780277385,14761700
2018-06-26,33.67646026611328,33.755105634268624,33.558489213751784,33.70791961342681,11488200
2018-06-27,33.36973190307617,33.83374667500702,33.35400223282606,33.73937165363419,11752800
2018-06-28,33.487709045410156,33.51130205502996,33.27536295844679,33.354008323931716,13981600
2018-06-29,33.739376068115234,33.87307378254252,33.67645737888247,33.74723940420522,14208600
2018-07-02,33.37759780883789,33.38546414463272,33.1967110872217,33.22030709447812,10628700
2018-07-03,33.44839096069336,33.63714408091418,33.424797945714154,33.61355106593498,5607100
2018-07-05,33.66073989868164,33.73152194964204,33.582094508783115,33.715792271636474,11226200
2018-07-06,33.88880157470703,33.95171726032102,33.70791485339073,33.73937419626176,6931200
2018-07-09,34.19552230834961,34.21911531519114,34.09328094515628,34.16406296580889,7613500
2018-07-10,34.2348518371582,34.250581511576215,34.12474711636078,34.16406980234148,6864500
2018-07-11,33.63713836669922,33.920266498868635,33.5427633226856,33.82588845472646,7643900
2018-07-12,33.920257568359375,33.943850573119086,33.76296386966318,33.833745884070076,6812800
2018-07-13,34.0146369934082,34.0146369934082,33.849479938442066,33.89666595407344,5308200
2018-07-16,34.022491455078125,34.05395079071215,33.94384611612044,34.03035778905032,8143800
2018-07-17,34.06183624267578,34.10902227248369,33.90454247634829,33.9360018296396,4972400
2018-07-18,34.07754898071289,34.116871652716746,33.95957796457376,34.00676697105492,5268500
2018-07-19,33.93598937988281,34.0146347341302,33.81801834838378,33.84947769013392,9086100
2018-07-20,34.14048385620117,34.164076872646476,33.98319007959755,33.98319007959755,5343000
2018-07-23,34.085418701171875,34.11687804472009,34.014636678252465,34.10114837294598,8638000
2018-07-24,34.297767639160156,34.45506136993171,34.226985610319375,34.352819994910945,6523800
2018-07-25,34.55729675292969,34.61234910391416,34.18765996776649,34.3134943414636,6210800
2018-07-26,34.41572952270508,34.51010754434034,34.384273182287835,34.47078486872291,5301700
2018-07-27,34.50223922729492,34.64380325148839,34.43932354994653,34.58875090876067,6977600
2018-07-30,34.4786491394043,34.64380618155594,34.455056133419184,34.580890498886326,20543500
2018-07-31,34.51011657714844,34.620221297747634,34.46292755397937,34.588761948968255,8507300
2018-08-01,34.39213943481445,34.55729648649453,34.36854642746818,34.48651446432763,5964600
2018-08-02,34.13262176513672,34.14048510419617,33.959598304534985,33.99105766103155,6967000
2018-08-03,34.179786682128906,34.179786682128906,34.00676632855535,34.03822266548758,5908900
2018-08-06,34.0146369934082,34.06968934506358,33.90453229009744,33.97531431367267,6910900
2018-08-07,34.22698211669922,34.38427583141547,33.975313373204436,33.975313373204436,6163800
2018-08-08,34.21912384033203,34.27417920355846,34.10901911413672,34.20339716527165,5502400
2018-08-09,34.15620422363281,34.28990194721878,34.13261121361845,34.258445600575776,5627700
2018-08-10,33.511295318603516,33.62140000820057,33.43264696880006,33.58994066827918,10333800
2018-08-13,33.34614562988281,33.4955730272344,33.251767589328544,33.424790996882926,11000500
2018-08-14,33.393314361572266,33.44836668999622,33.29893937000647,33.393314361572266,7920200
2018-08-15,32.88212966918945,33.000097715760894,32.69337659449547,32.960775033570414,15658500
2018-08-16,33.11020278930664,33.22031050082802,33.07088010668462,33.07874644328605,9928200
2018-08-17,33.33042526245117,33.4012073125653,33.06302673981219,33.102349434291305,6512200
2018-08-20,33.47197723388672,33.511299914117004,33.40905854541571,33.432651553528245,7384300
2018-08-21,33.69218063354492,33.80228531860142,33.62926195629683,33.7000439681371,6822600
2018-08-22,33.857357025146484,33.91240939916081,33.79444131204271,33.83376400774874,6437700
2018-08-23,33.60568618774414,33.74725028402868,33.58209317173978,33.67646823588641,5393000
2018-08-24,33.857357025146484,33.89667972085252,33.731522598809555,33.77871163373442,6412100
2018-08-27,34.32136154174805,34.32922787856191,34.069692766016665,34.12474512319987,7969900
2018-08-28,34.242713928222656,34.40000765276917,34.22698425575518,34.40000765276917,7737200
2018-08-29,34.431461334228516,34.4393276699179,34.211251936974016,34.26630428628764,6574500
2018-08-30,34.1247444152832,34.21911945419255,34.03823271289614,34.17193343480208,7994100
2018-08-31,33.912391662597656,34.06968536328478,33.77082763199202,33.95958067284214,10313700
2018-09-04,33.574214935302734,33.574214935302734,33.409057881540484,33.49556957640494,7757000
2018-09-05,33.322532653808594,33.416910646311145,33.19669833059877,33.385451315476956,9421000
2018-09-06,33.20458221435547,33.33041660407771,33.04728847717053,33.251768235421,11412000
2018-09-07,32.937198638916016,33.0394370641581,32.85068689438051,32.913602617596425,7552100
2018-09-10,33.11806869506836,33.21244373215914,33.086609349328654,33.18098438641943,7660000
2018-09-11,33.165252685546875,33.17311902156496,32.913583935275064,33.000095630705026,9174700
2018-09-12,33.30682373046875,33.37760576886225,33.17312599135256,33.19671900410747,7249700
2018-09-13,33.51917266845703,33.62927740409075,33.4326609475651,33.6214140658865,7189600
2018-09-14,33.58995056152344,33.67646227172363,33.4955755140908,33.645002922536534,9603800
2018-09-17,33.621395111083984,33.78655212142366,33.589935775744806,33.72363645087265,5925300
2018-09-18,33.96745300292969,34.014642025670554,33.849484946270415,33.86521462051737,8703700
2018-09-19,34.085418701171875,34.12474138054307,33.99890700647836,34.00677334242948,5705100
2018-09-20,34.45505905151367,34.49438173152851,34.313495003357694,34.400006699467255,5950600
2018-09-21,34.462928771972656,34.51798113421792,34.40787640972739,34.43933575961861,6237700
2018-09-24,34.31349563598633,34.47078935907386,34.30562929976142,34.44719335052738,7657800
2018-09-25,34.4786491394043,34.59662016958571,34.46291946870492,34.573024163472674,7012200
2018-09-26,34.49285888671875,34.71386479550883,34.43760740952123,34.461285753754545,6888800
2018-09-27,34.39813995361328,34.56389437294131,34.3586720348385,34.41392350794784,6565900
2018-09-28,34.15346908569336,34.29554523067139,34.09821758608867,34.137682512809036,8478500
2018-10-01,34.24028015136719,34.350783106751074,34.20081524029862,34.295531629059134,8653900
2018-10-02,34.019283294677734,34.066643011344134,33.90878030010357,33.96403179739065,7640600
2018-10-03,33.96401596069336,34.09820025652383,33.916659277089146,34.090305468603546,7127000
2018-10-04,33.5299072265625,33.75091318688603,33.38783110607441,33.71934305754009,9168500
2018-10-05,33.3641471862793,33.49832849379446,33.214179311236485,33.458863580465284,8283200
2018-10-08,33.1826057434082,33.1826057434082,32.8984535535763,32.977383379205236,11331700
2018-10-09,33.06420135498047,33.11945282402267,32.78004922220385,32.835300691246054,11610000
2018-10-10,32.314353942871094,33.04841256613695,32.26699726458235,32.94580442252533,16517000
2018-10-11,31.86445426940918,32.33014744202487,31.6750214936555,32.19596614344765,33864500
2018-10-12,32.02231979370117,32.23543394376258,31.69081090092562,32.15650411528648,34798700
2018-10-15,31.967063903808594,32.10913998425944,31.84866616643971,31.927598995012147,18358700
2018-10-16,32.51958465576172,32.566941346288374,32.306470515452325,32.369613773147805,13520700
2018-10-17,32.32224655151367,32.43274947471199,32.18017050426474,32.416962912686685,11655400
2018-10-18,31.8091983795166,32.2196400180175,31.690803663839723,32.14860198421967,13088800
2018-10-19,31.974950790405273,32.140708199563974,31.93548588764523,31.93548588764523,13201100
2018-10-22,31.824993133544922,32.014428942747706,31.73027673443355,31.990747584734834,9708400
2018-10-23,31.50137710571289,31.619774866955932,31.09093534731186,31.2803711631047,18121600
2018-10-24,30.63313865661621,31.359302801833937,30.593670726609766,31.319837882807814,17447900
2018-10-25,30.972543716430664,31.114616828858924,30.735748170095853,30.84625416350964,15142600
2018-10-26,30.712059020996094,30.901494789259164,30.293725588596864,30.538409817669898,20149700
2018-10-29,30.585771560668945,31.08303785105217,30.34108430423094,31.027786375562876,20833400
2018-10-30,30.964637756347656,30.964637756347656,30.625234140740886,30.69627217682089,19149100
2018-10-31,31.21722412109375,31.359300226705205,31.16986742654331,31.23301068960392,17049400
2018-11-01,31.627668380737305,31.643454950500967,31.35930271671563,31.485592263844634,14964300
2018-11-02,31.71449089050293,31.98285653659849,31.517163298108553,31.943391620315634,16380700
2018-11-05,31.698694229125977,31.78551882389191,31.60397785800821,31.690802452774143,10887600
2018-11-06,31.86445426940918,31.86445426940918,31.690808060131584,31.73027297083196,9456900
2018-11-07,32.25911331176758,32.274899880158756,32.02232080786003,32.13282377561821,10109900
2018-11-08,31.93548583984375,32.180173054156285,31.84866124731417,32.10124023777527,11523800
2018-11-09,31.70658302307129,31.76183749625335,31.548723423050095,31.71447780965967,12446100
2018-11-12,31.16196060180664,31.509255941962,31.138282263676178,31.493472390527632,11566700
2018-11-13,31.280359268188477,31.50925690271305,31.154069776010473,31.25667791835704,18233600
2018-11-14,31.311931610107422,31.525045707874433,31.122498863856222,31.49347559081871,18431300
2018-11-15,31.41455078125,31.493483621464737,30.98043069849888,31.122506799905427,21519900
2018-11-16,31.44612693786621,31.47770007698484,31.17776127731844,31.225120985996377,17132900
2018-11-19,31.185651779174805,31.430339080850814,31.083043597712734,31.422447301884556,14276700
2018-11-20,30.609447479248047,30.869921281044988,30.53840944339246,30.751523550959224,20991700
2018-11-21,31.059356689453125,31.17775442965378,30.94096196023208,30.980426869972426,18226000
2018-11-23,30.854143142700195,30.93307297699388,30.79099686648111,30.80678343553588,6264100
2018-11-26,31.272470474243164,31.343508515393065,31.177754089703157,31.225113787462952,16424000
2018-11-27,31.177762985229492,31.185654764951323,31.02779508267122,31.1304032739572,17083200
2018-11-28,31.635555267333984,31.651338822174,31.0830375075671,31.201432234744573,18897800
2018-11-29,31.485584259033203,31.611873774054697,31.390867875511965,31.46979769328307,15866500
2018-11-30,31.37508201599121,31.398760359659615,31.22511415445863,31.311935751569315,14300400
2018-12-03,31.793424606323242,31.880249239338365,31.675029843013924,31.856570888872596,16144100
2018-12-04,30.988317489624023,31.66712475132041,30.948852581358313,31.6276598430547,20493400
2018-12-06,30.696271896362305,30.712058461011335,30.12007583607975,30.42790631928748,40213600
2018-12-07,30.37265968322754,30.85413944323723,30.277943291235736,30.72784991692156,39750900
2018-12-10,30.112186431884766,30.270046068854676,29.80435291344247,30.2305811596122,31901800
2018-12-11,30.143756866455078,30.396335901411494,29.99378900538083,30.396335901411494,63207200
2018-12-12,30.61734962463379,30.80678242511758,30.601563056096797,30.62524140341225,31096300
2018-12-13,30.562084197998047,30.743625136885445,30.522616289170553,30.656800555030884,23093100
2018-12-14,30.143756866455078,30.333192648162193,30.135865088916265,30.206903130683983,29362600
2018-12-17,29.883277893066406,30.167429982537527,29.749093623714476,30.14374863442908,40511500
2018-12-18,29.914867401123047,30.120086794263955,29.82804276945482,30.017475592203287,34008500
2018-12-19,29.591249465942383,30.270053909281053,29.504424836532227,30.041156171994693,36605200
2018-12-20,29.480737686157227,29.74121152323156,29.35444816208536,29.638600343991996,52253900
2018-12-21,28.90453338623047,29.441264464791118,28.880855048081266,29.283401851512295,57168100
2018-12-24,28.588653564453125,29.04332777588716,28.58865356445313,28.94760769002912,29000600
2018-12-26,29.314533233642578,29.322508638509674,28.508883455070922,28.756160563472136,54247600
2018-12-27,29.33847427368164,29.362406583666825,28.764150563124296,28.963569236638474,56908400
2018-12-28,29.529924392700195,29.681481524306243,29.442179669127366,29.657552251654806,46759800
2018-12-31,29.59373664855957,29.73731836950622,29.505994968326096,29.70541368709776,48032600
2019-01-02,29.553844451904297,29.577776759982985,29.194890259596303,29.226797975109733,16891700
2019-01-03,29.314533233642578,29.51395182706872,29.210834713052837,29.4581148643403,17809700
2019-01-04,30.21592140197754,30.271758392931357,29.72136084940401,29.76124702256056,12485600
2019-01-07,30.31163787841797,30.47117342319765,30.16008078446535,30.23984703541148,15899600
2019-01-08,30.527021408081055,30.614766141473734,30.415347399358925,30.598812276957926,11334300
2019-01-09,30.901914596557617,30.98965624441339,30.74237907183314,30.8141699058148,19657300
2019-01-10,31.0295467376709,31.045497553770808,30.766312628710356,30.774291079647778,16334500
2019-01-11,30.838104248046875,30.901919685600845,30.750359542853932,30.82215038865838,33654600
2019-01-14,30.678571701049805,30.782270275785248,30.574876169202202,30.574876169202202,18893100
2019-01-15,30.870018005371094,30.909901140200176,30.678574698148104,30.79024869282479,11882000
2019-01-16,30.96573257446289,31.013594153392216,30.901920178778052,30.901920178778052,14810700
2019-01-17,31.069429397583008,31.149195648435757,30.782266025893243,30.79024143382355,21667100
2019-01-18,31.404451370239258,31.42838367985654,31.276823542867643,31.372546695561923,19598500
2019-01-22,30.91786766052246,31.109310912701794,30.84607682131612,31.069427789339883,30300000
2019-01-23,31.07740592956543,31.197058353059735,30.925848830308507,31.157175226190812,11262900
2019-01-24,31.11728858947754,31.197057884905874,31.005614618765357,31.08538391419369,12446700
2019-01-25,31.50815773010254,31.55601931829687,31.4283914593335,31.43636686925513,9600800
2019-01-28,31.356592178344727,31.356592178344727,31.205032044538328,31.25289361988046,31278200
2019-01-29,31.444337844848633,31.587919546295335,31.436362436051706,31.508153286775055,15471300
2019-01-30,31.795316696166992,31.93091994595673,31.492199432730025,31.595898004437785,21287500
2019-01-31,31.80329132080078,31.86710676116677,31.667688074354572,31.731500471832884,22931200
2019-02-01,31.787336349487305,31.85115178762243,31.691616235172184,31.77138553284109,11993900
2019-02-04,31.89901351928711,31.91496433600986,31.675662527630013,31.73947796607135,11355000
2019-02-05,32.15427017211914,32.15427017211914,32.03461774282063,32.06652546301859,9177000
2019-02-06,31.94687271118164,32.090454407735166,31.922943442718605,32.05854668785935,8225900
2019-02-07,31.540058135986328,31.74745221758828,31.45231343277061,31.699593683388777,9575700
2019-02-08,31.428380966186523,31.428380966186523,31.22098386281062,31.32468241449857,8842200
2019-02-11,31.36457061767578,31.460290734724534,31.324687489146108,31.42838605763339,15304300
2019-02-12,31.77936363220215,31.803292902085335,31.67566505789528,31.6995973706663,11663000
2019-02-13,31.787336349487305,31.954850353148228,31.787336349487305,31.8910349150131,13952800
2019-02-14,31.787336349487305,31.922942634080666,31.71554550302907,31.787336349487305,12063700
2019-02-15,32.21809387207031,32.234047737766076,32.02665356949866,32.04260439230568,7194400
2019-02-19,32.377620697021484,32.42548228111643,32.11438654883117,32.1383188623226,10200500
2019-02-20,32.5052490234375,32.61692301174797,32.409528896726805,32.409528896726805,7913900
2019-02-21,32.42546844482422,32.481305414331466,32.345699172037705,32.44939770521686,14204700
2019-02-22,32.54513168334961,32.62490099019003,32.50524855137336,32.52917782198153,7491700
2019-02-25,32.64883041381836,32.76848285319582,32.62490114309804,32.72859667814471,11415400
2019-02-26,32.784427642822266,32.8721723431781,32.67275367614661,32.68870753465561,7349500
2019-02-27,32.68073272705078,32.76847742901812,32.62489574268747,32.72859126056938,6379100
2019-02-28,32.54513168334961,32.672759531406356,32.54513168334961,32.62490099019003,8353800
2019-03-01,32.744544982910156,32.8163358257763,32.63287101464892,32.76049884164568,7584200
2019-03-04,32.616912841796875,32.78442377203269,32.48130962481179,32.76847295829434,8081600
2019-03-05,32.64085006713867,32.70466550920617,32.553108398627494,32.60096693729036,8698000
2019-03-06,32.54513168334961,32.68073798353436,32.52917782198153,32.672759531406356,13048000
2019-03-07,32.13033676147461,32.43345400721142,32.106407493588506,32.41750014765815,9295200
2019-03-08,32.090450286865234,32.090450286865234,31.899010077969276,31.914960892971223,7386300
2019-03-11,32.385589599609375,32.385589599609375,32.12235854719323,32.12235854719323,7616000
2019-03-12,32.40155792236328,32.44941951820848,32.36167478060329,32.40155792236328,9305900
2019-03-13,32.64085006713867,32.672757788172426,32.49727140826231,32.52120067759374,5589900
2019-03-14,32.608943939208984,32.66478092709167,32.55310695132629,32.59299007940141,6084800
2019-03-15,32.93598937988281,32.95194323916814,32.74454611134649,32.81633695668667,8872000
2019-03-18,33.04766845703125,33.06362231878104,32.928016015351794,32.97587760060118,8404000
2019-03-19,33.13541030883789,33.26303814890782,33.047665598248365,33.24708428853811,9600600
2019-03-20,33.10350799560547,33.28697285549477,32.880159999720796,33.01576327068271,8245600
2019-03-21,33.13541030883789,33.13541030883789,32.92003775817843,32.92003775817843,13446200
2019-03-22,32.49727249145508,32.80038672271578,32.47334017843818,32.744549730489446,13786300
2019-03-25,32.49727249145508,32.545131031713154,32.36964464595376,32.43345704726049,10398000
2019-03-26,32.696693420410156,32.80038895996744,32.62490256223846,32.75253041644502,6809200
2019-03-27,32.64883041381836,32.79241212391614,32.46536557155741,32.75252899175296,9081600
2019-03-28,32.6287956237793,32.66084035032422,32.48459741028047,32.62078597011973,5665300
2019-03-29,32.74095916748047,32.773003903868286,32.59676090968956,32.76499424774846,10436600
2019-04-01,33.16554260253906,33.18156191396619,33.00532198468081,33.04537637515685,10483400
2019-04-02,33.1895751953125,33.19758485116355,33.037367286509365,33.1254857246875,7091400
2019-04-03,33.445919036865234,33.5260278002009,33.36581027352956,33.41387430914959,6524600
2019-04-04,33.3818244934082,33.40585956350825,33.30972845096697,33.34177011784542,6496000
2019-04-05,33.453922271728516,33.46193498009668,33.341768802197045,33.36580387134868,6636700
2019-04-08,33.47795867919922,33.47795867919922,33.3738148579198,33.45392360908675,8791500
2019-04-09,33.2776985168457,33.37382967210795,33.25366343606439,33.36582001581707,9074300
2019-04-10,33.413875579833984,33.42989794430111,33.29371243026084,33.349789177919014,7879800
2019-04-11,33.34979248046875,33.42189159973386,33.27769336120364,33.38183415662247,6652200
2019-04-12,33.5981330871582,33.614155453962006,33.52603396451811,33.58211072035441,7984600
2019-04-15,33.614158630371094,33.638193710825014,33.55007221305397,33.62217134250716,6677100
2019-04-16,33.670230865478516,33.75034269629896,33.646198844209316,33.73432033013487,9451500
2019-04-17,33.726314544677734,33.81443604869878,33.678250492269534,33.80642639194892,6838600
2019-04-18,33.6622200012207,33.72630640762119,33.60614324963762,33.64619763563214,6382900
2019-04-22,33.63018035888672,33.67023475094218,33.52603649477913,33.59813562286065,5444200
2019-04-23,33.71029281616211,33.71029281616211,33.54205947692217,33.566094557358895,6280000
2019-04-24,33.413875579833984,33.51801942089355,33.3577988321758,33.51000976663676,7732900
2019-04-25,33.38984298706055,33.39785264117963,33.285699147791455,33.317743876174795,5055200
2019-04-26,33.51803207397461,33.51803207397461,33.381843452569484,33.44593293463183,5774000
2019-04-29,33.64619827270508,33.678243004488955,33.5180224015234,33.55807678827634,5154900
2019-04-30,33.670230865478516,33.71829796397078,33.526032625955594,33.63017647804523,9859300
2019-05-01,33.445919036865234,33.75834749220915,33.43790938291304,33.71829311054132,10312700
2019-05-02,33.3818244934082,33.50199067604953,33.317738103698346,33.50199067604953,9772300
2019-05-03,33.71029281616211,33.742334496820604,33.52603710861578,33.55007218905251,7104500
2019-05-06,33.38984298706055,33.4138750053713,32.973270685937685,33.02934743263177,12393600
2019-05-07,32.82907485961914,33.10144895884493,32.70891170334389,33.08542659348415,11427200
2019-05-08,32.87715148925781,32.973282653344405,32.77300761219048,32.837097092217945,8012200
2019-05-09,32.63681411743164,32.69289087084676,32.3484176393231,32.46858080123241,11418700
2019-05-10,32.85309982299805,32.893157255772714,32.43653063690972,32.66083759187314,10374500
2019-05-13,32.11610412597656,32.30836950055156,32.04400499250524,32.268312049547355,9748100
2019-05-14,32.42051315307617,32.52465393729105,32.308359658719525,32.332391677237794,7504400
2019-05-15,32.5647087097168,32.59675037979977,32.19620047220647,32.2202355447103,8211100
2019-05-16,32.764984130859375,32.89315998087935,32.6368082808394,32.66884995137941,9826100
2019-05-17,32.58073425292969,32.72493249173994,32.54067986569436,32.55670223177926,6324900
2019-05-20,32.4365348815918,32.53266600973408,32.34841340748076,32.42051251757584,6632200
2019-05-21,32.66083908081055,32.684871096808465,32.524650526264885,32.60476233951328,5243400
2019-05-22,32.53266143798828,32.59674782909273,32.50061671445955,32.51663907622391,6691900
2019-05-23,32.20421600341797,32.28432476957443,32.084049798229735,32.17217127457397,9943600
2019-05-24,32.54068374633789,32.54869645831283,32.412507858326904,32.53267409031718,4992000
2019-05-28,32.26028823852539,32.58873902335065,32.252275529458394,32.55669429898889,7649300
2019-05-29,32.04399490356445,32.06001726773065,31.88377431785593,32.02797253939825,15917200
2019-05-30,32.16416549682617,32.16416549682617,32.04399927715527,32.100076031413984,10201300
2019-05-31,31.915822982788086,31.931845348930537,31.7315703560807,31.7636150883656,11501200
2019-06-03,32.04399490356445,32.12410366844197,31.90780939208198,31.979905446899647,13251800
2019-06-04,32.46056365966797,32.46857331289975,32.19619926372174,32.28432072903715,6741800
2019-06-05,32.444541931152344,32.59674979315533,32.38846518957475,32.59674979315533,6745200
2019-06-06,32.58073425292969,32.636814062203776,32.468580746289234,32.55670223177926,5489700
2019-06-07,32.965267181396484,33.03736630573213,32.837091299905794,32.837091299905794,4747500
2019-06-10,33.05337905883789,33.12547816886835,32.997302312809026,33.013324676810626,8921800
2019-06-11,33.213600158691406,33.341776016741235,33.14951375764324,33.33376636259278,5219200
2019-06-12,32.949241638183594,33.125481548273946,32.93321927254742,33.069404796524225,5131800
2019-06-13,32.965267181396484,33.04537596134539,32.901177712674105,33.0133312269842,5483300
2019-06-14,32.74095916748047,32.789026272062195,32.716927143166735,32.773003903868286,11293100
2019-06-17,32.7652473449707,32.84624795503,32.71664512495,32.7490466049638,11016600
2019-06-18,33.21885681152344,33.226958726784304,32.943450402184894,33.00825336437058,7667300
2019-06-19,33.40517044067383,33.486171069574546,33.226965349121144,33.275567580447124,9811200
2019-06-20,33.72917938232422,33.84258150999192,33.631978000034216,33.83448268229118,7468800
2019-06-21,33.60767364501953,33.68867427040649,33.575272158874434,33.59957172849536,7400100
2019-06-24,33.65627670288086,33.7210796827161,33.64007595792205,33.68057936530715,6369800
2019-06-25,33.47808074951172,33.69678312111148,33.461880001619754,33.68058546319622,9371500
2019-06-26,33.51856994628906,33.60767248512501,33.494267287531095,33.575271000098176,6432400
2019-06-27,33.59957504272461,33.640075359413004,33.5752754707068,33.59957504272461,5449200
2019-06-28,33.785884857177734,33.81018752340532,33.721084957182995,33.75348336219205,13621200
2019-07-01,33.93978500366211,34.10988819025903,33.850682451641966,34.10988819025903,9976600
2019-07-02,34.045082092285156,34.06128283571185,33.96408146512756,34.01268369540764,8552800
2019-07-03,34.223289489746094,34.247589061538186,34.134186939873665,34.198989917954,4425200
2019-07-05,33.98838806152344,34.012690726675366,33.78588336179085,33.97218731474765,5966800
2019-07-08,33.785884857177734,33.834487099656265,33.729183785941096,33.74538453343394,5973000
2019-07-09,33.62388610839844,33.640086858606914,33.494283196707755,33.51858586700905,4815400
2019-07-10,33.769676208496094,33.866880670709946,33.70487632366277,33.82637726646622,5333700
2019-07-11,33.77777862548828,33.8587792552233,33.68867607879418,33.8587792552233,5383500
2019-07-12,33.81827926635742,33.81827926635742,33.712975974706026,33.76967703406232,4566900
2019-07-15,33.850677490234375,33.88307897530654,33.79397643634593,33.88307897530654,6409900
2019-07-16,33.6967658996582,33.81826990176237,33.67246633522742,33.777769597719356,5385200
2019-07-17,33.63197326660156,33.769674947967296,33.63197326660156,33.769674947967296,5296700
2019-07-18,33.72917938232422,33.74538012770192,33.478075553910365,33.50237512698881,6102800
2019-07-19,33.68058395385742,33.793986094042545,33.6562812881202,33.74538385254468,6632100
2019-07-22,33.71297836303711,33.7534786811642,33.656277299663934,33.72108028064825,7009900
2019-07-23,33.907386779785156,33.915485608032455,33.8182842191827,33.88308720506683,5734700
2019-07-24,33.91547775268555,33.91547775268555,33.79397681725895,33.818276386349126,4641700
2019-07-25,33.57527542114258,33.8506819001836,33.550972759184546,33.8506819001836,7144900
2019-07-26,33.6724739074707,33.69677347736595,33.62387167770437,33.69677347736595,7172300
2019-07-29,33.66437530517578,33.72917518865357,33.615773075085556,33.72917518865357,4483000
2019-07-30,33.307952880859375,33.348453179384435,33.24315302121421,33.34035435566931,6246300
2019-07-31,33.09736633300781,33.397072402721115,32.854361328105774,33.32417059225288,10458000
2019-08-01,32.96776580810547,33.38897595528735,32.8462617520039,33.09736869262478,10101500
2019-08-02,32.708553314208984,32.854356915563145,32.56274971285483,32.854356915563145,11014100
2019-08-05,31.874223709106445,32.20633113893793,31.712222496486262,32.20633113893793,19670400
2019-08-06,32.09294509887695,32.16584691699309,31.849940068482038,32.109145846233496,12852600
2019-08-07,32.22254180908203,32.26304521469516,31.833733217008874,31.92283576539614,13397200
2019-08-08,32.55464553833008,32.60324776540266,32.287341014370014,32.31164058291848,9269800
2019-08-09,32.319740295410156,32.46554387671084,32.23873658914564,32.416941652952126,9542000
2019-08-12,32.044334411621094,32.263039787241006,31.979531445522383,32.16583533809294,9166400
2019-08-13,32.36024856567383,32.42504845665377,31.9390384593875,31.98764069510461,9306400
2019-08-14,31.485431671142578,31.801338526609214,31.469230923429333,31.760838202314435,12302500
2019-08-15,31.550230026245117,31.63933258058759,31.420627153558673,31.574529599256255,15610100
2019-08-16,31.922836303710938,31.955237792757423,31.728430459408084,31.74463120393133,15206500
2019-08-19,32.117244720458984,32.23064685122861,32.117244720458984,32.18204461376607,7340000
2019-08-20,32.028133392333984,32.141535492047765,31.987633083861276,32.13343357636794,7429200
2019-08-21,32.29544448852539,32.376448211971095,32.26304608912321,32.36024746728195,8014700
2019-08-22,32.18204116821289,32.31164403092751,32.07673787663977,32.27114371569969,7855800
2019-08-23,31.785139083862305,32.32785019688313,31.76893833705887,32.09294400319807,11896900
2019-08-26,32.060543060302734,32.10914220688738,31.930937096140326,32.076740715846775,9964200
2019-08-27,32.052433013916016,32.22253616377588,32.02813344678617,32.20633542236416,8188100
2019-08-28,32.060543060302734,32.1334417801797,31.8742360318074,31.939039013888603,6669200
2019-08-29,32.3116455078125,32.36834656971831,32.2144441288277,32.31974742521397,8436700
2019-08-30,32.47364807128906,32.562750617923825,32.31974563890463,32.54654987399242,7499400
2019-09-03,32.34404373168945,32.37644521807152,32.214440876137004,32.25494118912668,10164000
2019-09-04,32.79765319824219,32.81385085043369,32.66805035088086,32.70044874523948,7377400
2019-09-05,33.064964294433594,33.14596493140153,33.02446397594962,33.056865466727295,6302100
2019-09-06,33.13785934448242,33.2107611388741,33.10545786031377,33.12165860239809,6155200
2019-09-09,33.202667236328125,33.25126637981211,33.15406500286809,33.23506563532543,6446800
2019-09-10,33.29986572265625,33.3241652922889,33.12166063874803,33.17026286798913,10696500
2019-09-11,33.50236892700195,33.50236892700195,33.372766077940994,33.388966820320576,7106400
2019-09-12,33.68058395385742,33.729183105378716,33.46997733067656,33.50237882500847,9438000
2019-09-13,33.83448028564453,33.94788240527946,33.802078797184265,33.83448028564453,7986300
2019-09-16,33.59148025512695,33.69678047318507,33.59148025512695,33.65628015162606,7072300
2019-09-17,33.7210807800293,33.7210807800293,33.51047417868758,33.5347768419047,15503100
2019-09-18,33.63197326660156,33.712973892113666,33.453768182503985,33.65627283626004,6214700
2019-09-19,33.769676208496094,33.89118024127545,33.75347546479379,33.834479183305326,4483100
2019-09-20,33.6967658996582,33.874970945417616,33.66436751040887,33.81826990176237,5914500
2019-09-23,33.64817428588867,33.65627311251604,33.48616994355891,33.510469513416844,10087500
2019-09-24,33.5054817199707,33.75010617643238,33.48102020749515,33.75010617643238,13552600
2019-09-25,33.448394775390625,33.481012191261044,33.21192317618206,33.334236930412146,15322500
2019-09-26,33.52178192138672,33.60332234931643,33.464702999722334,33.5870136416169,7247500
2019-09-27,33.375022888183594,33.554415649523655,33.3016352231417,33.52995102079672,9373000
2019-09-30,33.497318267822266,33.52993257056269,33.375004523200516,33.399466027897766,7563800
2019-10-01,33.195621490478516,33.448401851095674,33.130389755506485,33.42394033930224,14038800
2019-10-02,32.535125732421875,32.81236751915,32.45358220069732,32.804211610693706,10410200
2019-10-03,32.763458251953125,32.763458251953125,32.404675859528915,32.53514246682583,13239800
2019-10-04,33.0162239074707,33.03252950434672,32.76344360794202,32.76344360794202,6326500
2019-10-07,32.9754524230957,33.114074888817925,32.94283811695641,32.9754524230957,8294300
2019-10-08,32.66559982299805,32.83683661334807,32.641135202542046,32.796066393345924,8200700
2019-10-09,32.9265251159668,32.96729532625174,32.82052008077182,32.88575490568186,6044000
2019-10-10,33.1385383605957,33.16299986929232,32.87760523260426,32.918375450621376,10763600
2019-10-11,33.7011833190918,33.85611141648869,33.61963975948653,33.62779567073143,7568500
2019-10-14,33.57887268066406,33.63595162245058,33.50548502542868,33.546255253766326,5466900
2019-10-15,33.953956604003906,34.0599616638012,33.676714754927566,33.72564088496517,6674500
2019-10-16,33.97841262817383,34.0599561650719,33.89687220184363,33.92948961660286,6163000
2019-10-17,34.06812286376953,34.19043666373852,33.99473520590197,34.14966643393857,24813100
2019-10-18,34.02734375,34.0844226789314,33.90503309253342,33.97841762067237,6687100
2019-10-21,34.239356994628906,34.280127217509204,34.20673957209722,34.25566259532613,8354000
2019-10-22,34.15780258178711,34.36981265029043,34.149649784029734,34.26380761603877,9853600
2019-10-23,34.320892333984375,34.320892333984375,34.17411706499825,34.18226986413385,8436500
2019-10-24,34.37797546386719,34.45951590746778,34.29643502026659,34.426901596368666,6605900
2019-10-25,34.40243911743164,34.42690374049032,34.25566382135451,34.27197253320405,5005800
2019-10-28,34.557369232177734,34.57367794351167,34.443211363408814,34.483981586459336,5521500
2019-10-29,34.516597747802734,34.55736796936341,34.41059268329016,34.426901394028135,6772500
2019-10-30,34.65522003173828,34.65522003173828,34.345360722848184,34.50844473334659,6277800
2019-10-31,34.57366943359375,34.57366943359375,34.41873826934023,34.55736072627402,7087200
2019-11-01,34.88352584838867,34.90799046486781,34.785676714175814,34.793829512623596,8396500
2019-11-04,35.071075439453125,35.16077178575812,35.030305221287655,35.1281574775667,6367900
2019-11-05,35.062931060791016,35.09554848738413,34.98139060487724,35.07108386215479,7276200
2019-11-06,35.03030776977539,35.11185132260697,34.98138474864493,35.071077990906936,5552000
2019-11-07,35.185237884521484,35.283087034346465,35.15262046439036,35.242316814466754,7658500
2019-11-08,35.11185073852539,35.12815944882041,34.9569195460069,35.03030718705028,6063800
2019-11-11,35.07923889160156,35.087391692760235,34.93246358619398,34.96508101196654,4169100
2019-11-12,35.08738708496094,35.16077472802721,35.030308152639236,35.1036957957055,5746000
2019-11-13,34.973228454589844,35.01399867527434,34.850917792536364,34.87537930283337,5703000
2019-11-14,34.94877243041992,34.94877243041992,34.801997124460755,34.842767351545206,7432900
2019-11-15,35.1607666015625,35.16892251033402,35.03845596509988,35.03845596509988,5645100
2019-11-18,35.20155334472656,35.23417077399453,35.07108673822397,35.12001288212591,10439700
2019-11-19,35.13630676269531,35.29939072961407,35.09553654860761,35.29939072961407,5124800
2019-11-20,34.924312591552734,35.02216176336289,34.81015159544362,34.96508282059287,6732300
2019-11-21,34.87538528442383,34.89984679891631,34.761227402700285,34.89984679891631,4532600
2019-11-22,34.9161491394043,35.0058454902645,34.850917409140415,35.0058454902645,4475100
2019-11-25,35.185237884521484,35.20154348401866,35.079232824379524,35.08738562412811,6874500
2019-11-26,35.2097053527832,35.23416686673691,35.12000898752772,35.15262641317861,7781600
2019-11-27,35.30754089355469,35.315696802104405,35.234153269445834,35.25861788452726,4917900
2019-11-29,35.03847122192383,35.12001168173745,35.02216250784727,35.07924145183064,3377400
2019-12-02,34.88352584838867,35.0303011049919,34.73675059178544,35.0303011049919,11767300
2019-12-03,34.75306701660156,34.761222927428356,34.467672349035325,34.56552150497681,10085700
2019-12-04,35.05477523803711,35.05477523803711,34.91615274224883,34.956922966691714,7314200
2019-12-05,35.02216339111328,35.08739513849551,34.94877573120251,35.08739513849551,7073100
2019-12-06,35.323856353759766,35.33201226386883,35.25046871561971,35.28308613491936,6943400
2019-12-09,35.13630676269531,35.30754352820443,35.13630676269531,35.25862051552636,6856800
2019-12-10,35.16892623901367,35.24231387289907,35.06292118771963,35.12815602253693,8596400
2019-12-11,35.364620208740234,35.39723762217038,35.16892194929484,35.19338345408357,6129000
2019-12-12,35.641876220703125,35.65003213259825,35.32386408931104,35.372790228974814,9972100
2019-12-13,35.845726013183594,36.01696281486235,35.72341534508531,35.81310859079661,9039000
2019-12-16,36.20450973510742,36.261588666315134,36.16373640375752,36.19635382461006,7567800
2019-12-17,36.074031829833984,36.13926354047847,36.041414419228005,36.074031829833984,7978200
2019-12-18,35.98435592651367,36.04143487218182,35.951738497397805,36.00881744306595,6963000
2019-12-19,36.0169563293457,36.02511223875813,35.91095439152851,35.9598774057309,7447100
2019-12-20,36.074031829833984,36.13111074311072,36.057723124530995,36.10664612987249,9037800
2019-12-23,36.12345504760742,36.12345504760742,36.049330186206504,36.074037426068195,6372700
2019-12-24,36.090518951416016,36.11522619742864,36.024631914776805,36.11522619742864,4369000
2019-12-26,36.25523376464844,36.25523376464844,36.10698403557091,36.15640165920208,5075400
2019-12-27,36.354068756103516,36.44466616904485,36.28818172784742,36.436431468693925,7340400
2019-12-30,36.090518951416016,36.39525317223273,36.08228425001735,36.39525317223273,10412900
2019-12-31,36.288169860839844,36.288169860839844,36.049322785160115,36.13168232900096,6629100
2020-01-02,36.58467483520508,36.60114737626769,36.44466294889679,36.527022512393906,8229000
2020-01-03,36.139923095703125,36.37053235058832,36.082270781981826,36.139923095703125,9697300
2020-01-06,36.26346206665039,36.29640714325891,36.08227042893437,36.09050512717879,8579400
2020-01-07,36.205814361572266,36.296411762868736,36.18934182117147,36.28817706357625,7884600
2020-01-08,36.25523376464844,36.387010952515574,36.14816381768889,36.16463635889928,9948100
2020-01-09,36.403480529785156,36.403480529785156,36.28817589251641,36.37053545004674,5887100
2020-01-10,36.27994918823242,36.43643679411777,36.23053469527216,36.39525386089529,8841400
2020-01-13,36.494075775146484,36.50231047368741,36.25522867385761,36.34582606688549,8656500
2020-01-14,36.5187873840332,36.5599671652983,36.395244898421986,36.41171743929121,8757200
2020-01-15,36.494075775146484,36.55996278892051,36.45289285699523,36.45289285699523,10091400
2020-01-16,36.691749572753906,36.691749572753906,36.551737668161564,36.5846796127727,7171400
2020-01-17,36.78235626220703,36.79059096498166,36.6835241198257,36.76588371484062,14186000
2020-01-21,36.48584747314453,36.634097220161884,36.47761277245084,36.61762467695814,10533700
2020-01-22,36.57643508911133,36.68350502033785,36.55172785183426,36.65879464124525,6945800
2020-01-23,36.48584747314453,36.518792559552026,36.255238151924814,36.428195142839606,8803200
2020-01-24,36.3458366394043,36.62586359848499,36.24700137727008,36.62586359848499,7747400
2020-01-27,35.57988357543945,35.75284058572951,35.53870378372516,35.596356120488515,9721700
2020-01-28,35.884605407714844,35.909312645844786,35.66223083909848,35.711648457173986,11134400
2020-01-29,35.89284896850586,36.00815362057573,35.83519350065479,35.96697069470838,5853100
2020-01-30,35.810489654541016,35.82696219808685,35.47281036639262,35.546935241440636,8248600
2020-01-31,35.20101547241211,35.481042383077835,35.09394552785336,35.481042383077835,12227700
2020-02-03,35.324562072753906,35.48104967198315,35.29985482732468,35.29985482732468,21044700
2020-02-04,35.89284896850586,35.95050129454079,35.8187241004872,35.84343134255471,12679100
2020-02-05,36.23876190185547,36.27170698489301,36.12345725304014,36.24699660170683,18014500
2020-02-06,36.362308502197266,36.370543202979356,36.27994578529435,36.34583595881668,12988200
2020-02-07,36.008148193359375,36.13168752689296,35.975203114357484,36.10698028854937,12778600
2020-02-10,36.090518951416016,36.09875679463131,35.94226919170699,35.95874173632095,7295500
2020-02-11,36.33759689331055,36.41172176512036,36.25523732099577,36.32936219280559,7231200
2020-02-12,36.48584747314453,36.50232001634828,36.41172259963586,36.50232001634828,6518500
2020-02-13,36.222293853759766,36.34583635956812,36.14816897863804,36.20582131019756,6793000
2020-02-14,36.19758605957031,36.271710933566254,36.123461185574364,36.271710933566254,8702600
2020-02-18,35.950504302978516,36.04109857874593,35.901086672891964,35.92579391702704,8124600
2020-02-19,36.0987548828125,36.139934671258175,36.05757195255036,36.082282339070936,6371400
2020-02-20,35.8351936340332,35.99991591266732,35.6540019551702,35.91755634425834,9327600
2020-02-21,35.670475006103516,35.777541818199424,35.596350136751475,35.71988949112742,9270700
2020-02-24,34.278568267822266,34.52565006964318,34.23738849115471,34.295040806852406,17685000
2020-02-25,33.69381332397461,34.49271433048405,33.65263353990854,34.45976924650474,21171600
2020-02-26,33.71852111816406,34.19621541823745,33.69381387568309,33.95736826820076,22686100
2020-02-27,32.68901443481445,33.50438808756419,32.68077973367483,33.183181332237986,25284800
2020-02-28,32.5078125,32.5325197374576,31.667731866470568,31.931286205403463,51134100
2020-03-02,32.936092376708984,32.98550685656095,32.19484376077086,32.42545304492234,37864100
2020-03-03,32.67253875732422,33.5373299594252,32.43369474538273,33.18317814987167,36357600
2020-03-04,33.570274353027344,33.61145728323153,32.96080594452956,33.22436036039073,23674800
2020-03-05,32.68901443481445,33.05963882242797,32.55723722386482,32.845502032816015,20231100
2020-03-06,32.21131896972656,32.37604124711579,31.90658479873696,32.15366664391275,27329500
2020-03-09,29.59225082397461,30.56410901230026,29.551071031279477,30.086414619949743,50500700
2020-03-10,30.69587516784668,30.860597421059982,29.724017329885438,30.802945103707675,67138600
2020-03-11,29.098079681396484,29.938157294090377,28.9086470275561,29.86403242922727,52331500
2020-03-12,25.844829559326172,26.899048822134002,25.507150258526064,26.890814120960776,67385000
2020-03-13,27.475563049316406,27.689699744319505,25.86129057203119,27.500270283635764,65979800
2020-03-16,24.502347946166992,25.3918448844016,23.719919400195007,24.115252594561234,60833000
2020-03-17,25.614219665527344,25.729524330334726,24.469403005722263,24.90591599106316,51271700
2020-03-18,24.090543746948242,24.757666057009427,23.439892409661383,23.975239082986814,57760500
2020-03-19,24.44468879699707,24.930617704406036,23.777566672094583,23.99170339690157,63671400
2020-03-20,24.222314834594727,25.44949075253932,24.18113505670103,25.078868038772548,54786300
2020-03-23,23.80950164794922,24.429971620496786,23.685406391090314,24.256239207656364,57178400
2020-03-24,25.927370071411133,26.059736862573402,25.356537298313462,25.555087485056866,42462300
2020-03-25,26.86221694946289,27.26758893672842,25.87773738943594,26.21692754762443,48337300
2020-03-26,28.00387954711914,28.04524674066524,26.953219735572407,27.03594781091704,38425000
2020-03-27,27.143495559692383,27.63987030021238,26.771212926365568,27.002854051158415,42774800
2020-03-30,27.697784423828125,27.730876919353236,27.060768086403094,27.23449895409881,39894300
2020-03-31,27.58195686340332,27.83841890499227,27.23449206009335,27.342041065388493,35151700
2020-04-01,26.357561111450195,26.936666966245557,26.32446862697663,26.671933402203052,28504800
2020-04-02,26.86221694946289,27.002855308672707,26.357567484771135,26.390658399309654,33085500
2020-04-03,26.33274269104004,26.60574938597699,26.142465632312952,26.506475084874406,38093100
2020-04-06,27.74741554260254,27.82187205913763,27.201402139969627,27.275858656504717,30789300
2020-04-07,27.904600143432617,28.748439612934323,27.871507656972184,28.657436853104745,36819800
2020-04-08,28.169334411621094,28.293429660943076,27.78050873176723,28.01214983090343,35234700
2020-04-09,28.773250579833984,28.93043827532685,28.500245520927763,28.558155780570672,25835100
2020-04-13,28.541608810424805,28.74016052116813,28.293421538899935,28.68224710713569,34969000
2020-04-14,29.05453109741211,29.261354360375208,28.93043903315777,28.98007459651049,21511100
2020-04-15,28.111425399780273,28.326523420818837,28.020422633638837,28.177610377291657,22435900
2020-04-16,28.14451789855957,28.301702486394944,27.879784300166616,28.21897442034968,36469000
2020-04-17,28.938718795776367,28.980082828944848,28.607803374555075,28.79808045182884,27888500
2020-04-20,28.516796112060547,28.963532018069923,28.508521413207387,28.54161389687414,28400300
2020-04-21,27.92941665649414,28.32652016416118,27.863234842465012,28.070058139599773,22139300
2020-04-22,28.450613021850586,28.508523294151754,28.318246234323183,28.44234147832463,17123200
2020-04-23,28.40097999572754,28.94699343772445,28.343066562359994,28.533346795124565,22064600
2020-04-24,28.70707130432129,28.74843532829537,28.39269904154736,28.599522317290493,14562000
2020-04-27,29.104171752929688,29.170353560427216,28.864255994521553,28.93871250037674,19673500
2020-04-28,29.335819244384766,29.724648099747725,29.327547700086456,29.658463121867456,16352900
2020-04-29,30.113475799560547,30.221021650678935,29.898377785577118,29.964562760917655,19368500
2020-04-30,29.517824172973633,29.80737555558438,29.352364887536044,29.732919034931133,17964300
2020-05-01,28.864255905151367,29.079353879566032,28.740163833025438,28.996622675609334,20722600
2020-05-04,28.889074325561523,28.905620566717793,28.549884271539963,28.640887019963056,28930800
2020-05-05,28.96354103088379,29.244820917833376,28.922176991365244,29.11245409784968,14919900
2020-05-06,28.789812088012695,29.20345882248378,28.78154054190789,29.1703663263163,13380600
2020-05-07,29.228267669677734,29.377177529022386,29.095897739819687,29.186900488660683,18120900
2020-05-08,29.699825286865234,29.73291461433443,29.526091327255628,29.57573005226879,12044700
2020-05-11,29.69155502319336,29.766011543898397,29.47646016108624,29.50954949349807,12319200
2020-05-12,29.294452667236328,29.807373577772925,29.294452667236328,29.75773800454649,16592300
2020-05-13,29.046268463134766,29.493007605546552,28.89735541566417,29.484732905201792,16110600
2020-05-14,28.83116340637207,28.84770964715354,28.227239819275752,28.400973769544816,18021700
2020-05-15,28.839439392089844,28.946988384034007,28.657433891241702,28.748436641665773,17247600
2020-05-18,29.98937225341797,30.07210029383704,29.550907958626492,29.55917950031942,18536800
2020-05-19,29.666732788085938,29.98110506792655,29.658458089318263,29.865281376289445,12690600
2020-05-20,30.204469680786133,30.361657389484154,30.11347009075426,30.179651897674958,14971700
2020-05-21,29.87356185913086,30.187934199839766,29.766012845437956,30.08865673064315,13381500
2020-05-22,29.790821075439453,29.807367314996153,29.575726272947378,29.716364575370562,10603200
2020-05-26,30.676034927368164,30.841491051065177,30.651213984115,30.767034533052215,13114000
2020-05-27,30.99867820739746,31.023495994313485,30.634667167971994,31.0069497510784,21634900
2020-05-28,31.205503463745117,31.544693581573938,31.197228763673966,31.337870262022864,14323500
2020-05-29,31.16413688659668,31.21377562037731,30.808403673392657,31.180683131190225,18711700
2020-06-01,31.842514038085938,31.85078558082158,31.362682506724724,31.404046532148627,12729000
2020-06-02,32.18997573852539,32.24788600547302,32.01624493768251,32.05760896323469,10213400
2020-06-03,32.934532165527344,33.02553173547491,32.553975025202504,32.60361373634193,11180100
2020-06-04,32.752540588378906,32.96763544935657,32.66981252397366,32.727722800232,10505400
2020-06-05,33.3978271484375,33.62119670149607,33.31509908695207,33.422648091581735,30764900
2020-06-08,33.794921875,33.81146811570588,33.35645754184879,33.56328081686317,17157300
2020-06-09,33.3564567565918,33.47227728293363,33.14963348644633,33.21581844771175,10378900
2020-06-10,33.298553466796875,33.579833299335185,33.149640428636985,33.45573804891084,16997600
2020-06-11,31.47023582458496,32.48780613811533,31.412325549854447,32.363710888908074,18307100
2020-06-12,32.007972717285156,32.39680153050127,31.577779875314224,32.31407347299164,20129400
2020-06-15,32.10725402832031,32.206528340425926,31.26341448573892,31.36268879784453,14497100
2020-06-16,32.537445068359375,32.8518142314305,32.173434018253204,32.777357712624536,15073100
2020-06-17,32.61189270019531,32.79389819326341,32.537439350346816,32.7773519524506,11290100
2020-06-18,32.462989807128906,32.57881036178641,32.33062300810984,32.36371234095954,11393400
2020-06-19,32.31407928466797,32.82700027639721,32.26444054771081,32.82700027639721,12600500
2020-06-22,32.68659210205078,32.73648056952372,32.39556229666484,32.5036592627769,9297600
2020-06-23,32.84457015991211,33.10233881446213,32.819625931777225,33.04413350084627,9750200
2020-06-24,32.03800964355469,32.56186069300167,31.938229548596414,32.4953416870135,15271900
2020-06-25,32.46208572387695,32.478716270988,31.904973497490648,32.054645249537565,13131700
2020-06-26,31.971481323242188,32.395548982234274,31.929906560117647,32.395548982234274,13671100
2020-06-29,32.26252746582031,32.304102254239254,31.954870225176492,32.146116789466056,11590700
2020-06-30,32.25420379638672,32.37061443671963,31.99643511282668,32.04632674666309,12988200
2020-07-01,32.36229705810547,32.46208032417394,32.195997958562025,32.20431164475839,7967300
2020-07-02,32.68659210205078,32.96930504822296,32.6616446963619,32.81963330189931,8687600
2020-07-06,33.235382080078125,33.301901083282715,33.06907981413882,33.185490448710766,8462200
2020-07-07,32.77804946899414,33.077392907935945,32.74479155396315,32.911093816925465,8054600
2020-07-08,33.04413986206055,33.04413986206055,32.703221600130775,32.79468484488319,7949500
2020-07-09,32.6616325378418,32.994236999624995,32.42881131776429,32.96929277517419,9278800
2020-07-10,32.969303131103516,32.985930504659365,32.66164279713248,32.761426070180924,8127700
2020-07-13,32.794681549072266,33.36842422457723,32.73647623010103,33.17717772339291,8718300
2020-07-14,33.252017974853516,33.29359275504067,32.78637218968111,32.81131642340292,10325900
2020-07-15,33.626190185546875,33.842384092036276,33.5347269487497,33.71765659429608,12277400
2020-07-16,33.418312072753906,33.55135325252786,33.34347621088406,33.418312072753906,7141400
2020-07-17,33.584617614746094,33.60956184715064,33.40168478524015,33.50978174558023,5077100
2020-07-20,33.7758674621582,33.80081486897538,33.5347324572442,33.61788202142799,6749000
2020-07-21,33.90890121459961,34.08352033612709,33.867326441646156,34.00036761826832,6861700
2020-07-22,34.0003776550293,34.03363875199133,33.85070589065293,33.88396698761497,5506500
2020-07-23,33.71765899658203,34.05026356628498,33.626192581316104,33.91722237279425,7814100
2020-07-24,33.55135726928711,33.651140545027545,33.459894024453504,33.53472989528268,6137500
2020-07-27,34.017005920410156,34.06689756250466,33.84238993100827,33.89227840115019,5819400
2020-07-28,33.8590087890625,34.02530786139345,33.80911716419233,33.8922667003578,5727300
2020-07-29,34.21656036376953,34.27476567834022,33.95047801946014,34.025310705092394,9348200
2020-07-30,33.75923538208008,33.809127021496536,33.17718211531682,33.4848392951706,8765500
2020-07-31,33.10234069824219,33.601244321041534,32.88614680226443,33.57630009148713,19441900
2020-08-03,33.67608642578125,33.68440011319026,33.32685445945848,33.40168716199696,7887100
2020-08-04,33.94216537475586,33.94216537475586,33.56798604039408,33.58461658547151,8223100
2020-08-05,34.12510299682617,34.34961062901021,34.10015558972622,34.19993887422085,10052800
2020-08-06,34.1999397277832,34.24982819932305,33.95048785422599,34.04195110936659,6296400
2020-08-07,34.0585823059082,34.0585823059082,33.82576097574729,33.900596856435115,5767500
2020-08-10,34.19161605834961,34.19993291658499,34.00868641254769,34.10846650770801,6542300
2020-08-11,34.33296585083008,34.77366407284776,34.29970476978501,34.757033532325224,10322500
2020-08-12,35.01481628417969,35.14785749010298,34.898405625490874,34.931663548007286,9029700
2020-08-13,34.865135192871094,35.06469536233029,34.75703825077554,34.923340506626005,11250600
2020-08-14,34.64894485473633,34.723780718930335,34.557481618012126,34.599056393241675,8767200
2020-08-17,34.915035247802734,34.94829316943812,34.8318825138331,34.840199373206296,7215100
2020-08-18,34.90671920776367,35.064704648085524,34.765364314626105,35.03976041328537,7639400
2020-08-19,34.71546173095703,35.064693595893395,34.69051750401916,35.03974936895552,6273000
2020-08-20,34.607364654541016,34.657256280166806,34.31633810160273,34.357912870315126,6993800
2020-08-21,34.42444610595703,34.43275979359191,34.199938476384624,34.24151325846413,9278000
2020-08-24,34.84020233154297,34.93166558874715,34.707161117847285,34.92335190062049,5248100
2020-08-25,34.915035247802734,35.03975959082848,34.707158170807354,35.03144590340775,9096600
2020-08-26,35.17279052734375,35.19773792622948,34.906708200207326,34.93165242714151,9328000
2020-08-27,34.815250396728516,35.18111606578792,34.67389551328453,35.18111606578792,7424800
2020-08-28,35.056392669677734,35.073023217672855,34.8485155776678,35.0231315736875,12329500
2020-08-31,34.815250396728516,35.03144432334586,34.7570450715513,34.964922139170575,18615200
2020-09-01,34.865135192871094,34.93997104940622,34.69883293702063,34.84019096467662,11476400
2020-09-02,35.289215087890625,35.30584563639951,34.94829677334048,35.0896548496896,10019000
2020-09-03,34.490962982177734,35.197746921472344,34.349608097490226,35.14785528290198,13320200
2020-09-04,34.55747604370117,34.73209197467,33.933844999996914,34.648939265671856,14064200
2020-09-08,34.13340759277344,34.424437337101786,34.00036642083674,34.10846336427022,14936300
2020-09-09,34.723777770996094,34.86513580111817,34.58242291282577,34.648941913155404,12640400
2020-09-10,34.341285705566406,34.97323367116615,34.341285705566406,34.91502835485457,10540900
2020-09-11,34.657257080078125,34.82355933071759,34.49927168654401,34.74040661942205,10533900
2020-09-14,34.89007568359375,35.03974738063096,34.85681460159629,34.96491153211236,4914400
2020-09-15,35.10627746582031,35.2642628830282,35.048072145167296,35.25594919662866,10679000
2020-09-16,35.10627746582031,35.372359837934695,35.056385831566836,35.231001793525884,5253700
2020-09-17,35.15617752075195,35.164494381846026,34.84852027128678,34.86515082152181,5816800
2020-09-18,34.90671920776367,35.106282602022496,34.78199486181038,35.056390960469656,6698700
2020-09-21,34.054927825927734,34.08836175636212,33.67040733290995,34.071643196775334,10459600
2020-09-22,34.04655838012695,34.07999549088233,33.745630760805334,34.07999549088233,8189600
2020-09-23,33.69548797607422,34.230469147096514,33.6620508557005,34.213750586909654,8206300
2020-09-24,33.64532470703125,33.871020435540714,33.41127129468303,33.603529910360294,13238300
2020-09-25,33.770713806152344,33.79579004753614,33.27752753025904,33.394554241701734,8351500
2020-09-28,34.322418212890625,34.33077589826841,34.18867292567178,34.24718628953382,5801100
2020-09-29,34.27225875854492,34.39764634657171,34.13851348606113,34.29733500065475,6711100
2020-09-30,34.18865966796875,34.40599447964394,34.07162979688741,34.19701735010559,12413000
2020-10-01,34.389278411865234,34.40599696608507,34.1886621387036,34.35584130342557,7829500
2020-10-02,34.314048767089844,34.38928067165364,33.93788924427087,33.962968671617716,10670800
2020-10-05,34.84903335571289,34.857394228598615,34.59826137769912,34.614979934731856,5014000
2020-10-06,34.48959732055664,34.91591261446766,34.414365397439354,34.85739925079189,7800200
2020-10-07,34.81560516357422,34.86575765419251,34.690217559550035,34.78216804400254,7758800
2020-10-08,35.07472610473633,35.08308697690984,34.932623165170966,34.9827756432583,10005300
2020-10-09,35.30878448486328,35.34221840903731,35.175039221951394,35.24191025903804,5498600
2020-10-12,35.48433303833008,35.52612784510586,35.342226868805184,35.37566398972156,3945200
2020-10-13,35.091453552246094,35.225198842266394,35.024582501605565,35.225198842266394,5947300
2020-10-14,35.01621627807617,35.25863057568667,34.98277916349429,35.20011721953775,8043500
2020-10-15,34.6317024230957,34.66513954095692,34.33913561365774,34.33913561365774,9745300
2020-10-16,34.74036407470703,34.89082788434934,34.68185072526151,34.73200320265002,6077700
2020-10-19,34.589908599853516,34.957707340527115,34.556471481045236,34.915912536386344,7366300
2020-10-20,34.782169342041016,34.96607031780904,34.76545078163125,34.83232183453095,6592600
2020-10-21,34.665138244628906,34.94098648482072,34.665138244628906,34.75708872093916,5414700
2020-10-22,34.698570251464844,34.74872592360426,34.45615914130458,34.614980653304585,7877400
2020-10-23,34.890830993652344,34.89918867771576,34.690211500004885,34.890830993652344,6575500
2020-10-26,34.238826751708984,34.49795965088248,34.038210407420536,34.431085410293456,9573600
2020-10-27,33.97968673706055,34.22209781383722,33.95460731007526,34.18030302051285,9328900
2020-10-28,32.98496627807617,33.34440738032817,32.97660859165291,33.277536322723385,11666400
2020-10-29,33.14378356933594,33.26081028539592,32.84285590590235,33.01003829544755,10035800
2020-10-30,32.97659683227539,33.04346786603412,32.70910631976359,32.993315387899685,13759900
2020-11-02,33.37783432006836,33.40291056042706,33.1521385906243,33.3443972070977,16347500
2020-11-03,34.23046875,34.355853166837946,33.98805441321166,34.0298492188243,8549600
2020-11-04,34.581539154052734,34.882466771257974,34.22209818780629,34.3558434411488,8979800
2020-11-05,35.41746520996094,35.484339463903396,35.225206512986276,35.358951832131254,8847400
2020-11-06,35.49269485473633,35.62644016522738,35.417462918288884,35.55120822877993,6321200
2020-11-09,36.46234130859375,37.0976337883063,36.420546505945595,37.0976337883063,11723900
2020-11-10,36.729835510253906,36.930455047071824,36.62952733621463,36.74655407071701,9152400
2020-11-11,37.03911590576172,37.064192146541934,36.88865208360311,36.99731791947649,5697600
2020-11-12,36.5041389465332,36.84686464558925,36.41219164906129,36.754914159378046,7226600
2020-11-13,37.022403717041016,37.07255620722793,36.73819458060473,36.74655226605614,5989700
2020-11-16,37.49886703491211,37.51558559256064,37.298247531868554,37.44871136196652,7570700
2020-11-17,37.482147216796875,37.56573681348972,37.26481235215225,37.3734781901052,6727800
2020-11-18,37.281532287597656,37.66605277021029,37.281532287597656,37.53230748587432,6703900
2020-11-19,37.50722885131836,37.532308284923424,37.18122491310512,37.248099151066384,6344000
2020-11-20,37.632606506347656,37.699477537894886,37.490500382610016,37.52393749275279,5001500
2020-11-23,37.65768814086914,37.88338388356722,37.532303742973845,37.81651284243748,9744200
2020-11-24,38.25953674316406,38.284612980596435,37.95860913902263,37.98368537645501,7320200
2020-11-25,38.18430709838867,38.251178131739074,37.925174270902126,38.02548560403535,9436700
2020-11-27,38.45180892944336,38.46852748988749,38.276268827889,38.30134507418552,3124300
2020-11-30,37.69112777709961,38.32641705965343,37.674409218514114,38.29298313122144,11957400
2020-12-01,38.501956939697266,38.535390865184844,38.28461888596504,38.31805600019134,13034000
2020-12-02,38.56047821044922,38.58555445689693,38.3347824262017,38.36821954729156,13378800
2020-12-03,38.694217681884766,38.85303920004703,38.618985765126034,38.71093623991325,6177100
2020-12-04,39.07037353515625,39.07037353515625,38.953343640131116,38.953343640131116,6514000
2020-12-07,38.786163330078125,38.93662714487171,38.710931422681334,38.83631580918365,6780200
2020-12-08,38.87811279296875,38.90319222267163,38.677496487777795,38.685854171852974,5952700
2020-12-09,38.92826843261719,39.16232185139969,38.68585414102749,39.12888792638696,8296900
2020-12-10,39.01184844970703,39.09544121356108,38.72764261881694,38.736000300833396,6701600
2020-12-11,38.87811279296875,38.894831349857775,38.66077793088877,38.80288088133747,8139600
2020-12-14,38.886478424072266,39.220840036550435,38.869759865137496,39.18740610741997,6756700
2020-12-15,39.31279373168945,39.337873166512374,39.01186602372908,39.08709795071917,6568500
2020-12-16,39.446533203125,39.50504656117645,39.24591688658826,39.37130128723901,6429000
2020-12-17,39.70567321777344,39.8143422689007,39.66387841002893,39.76418658636363,6391800
2020-12-18,39.471614837646484,39.680592039135526,39.42145916134306,39.680592039135526,6865600
2020-12-21,39.02886962890625,39.11320360461564,38.45541146213131,38.55661223298258,10377000
2020-12-22,38.90237045288086,38.96140262276135,38.79273790152623,38.92766903511193,7715600
2020-12-23,39.34089660644531,39.39149376983375,39.21439726395038,39.24813085088395,8928100
2020-12-24,39.442100524902344,39.45896732109516,39.332467958155284,39.43366551829972,4133400
2020-12-28,39.68666458129883,39.85532611063478,39.66136277828847,39.846894320972964,7216800
2020-12-29,39.998687744140625,40.201082843242716,39.914356989016774,40.19265105453517,7617300
2020-12-30,40.08301544189453,40.32757911691632,40.066148648753874,40.209514781943554,4801100
2020-12-31,39.81315994262695,40.099889040657196,39.745695975626404,40.06615544865072,10270300
2021-01-04,40.04085159301758,40.60587792521447,39.84688829002819,40.58057612603361,16916400
2021-01-05,40.496253967285156,40.59745153444642,40.18422625861388,40.19265804878871,16523300
2021-01-06,40.934776306152344,41.13717141703125,40.52998286738225,40.563713241187216,14076700
2021-01-07,41.0528450012207,41.10344539280111,40.8757484562082,40.90947883358252,8094800
2021-01-08,41.440765380859375,41.474498970114105,41.02754017203137,41.398600002797025,8202400
2021-01-11,40.90104293823242,41.03597408522445,40.707079615494656,40.73237820023932,9392400
2021-01-12,41.095001220703125,41.13716659577678,40.774538579521916,40.8673043348911,8035600
2021-01-13,41.01910400390625,41.12030155179081,40.951640044320555,41.027539009486986,12509300
2021-01-14,41.33112716674805,41.457626500631584,41.15403067292045,41.15403067292045,11554400
2021-01-15,40.6649055480957,40.86730061684038,40.43720868299923,40.808268453705544,10321000
2021-01-19,40.95164489746094,41.01067707547378,40.791411942558284,40.97694348317717,9083200
2021-01-20,41.263671875,41.28897046028176,40.98537456885121,41.05284175228572,6967100
2021-01-21,41.35643005371094,41.373296846474055,41.094999591400224,41.33112825606037,7764900
2021-01-22,41.069705963134766,41.12873813641817,40.91790802697396,40.951641616567954,9665900
2021-01-25,41.04439163208008,41.06125842172785,40.57213438998722,40.82512980068142,10653300
2021-01-26,41.0612678527832,41.13716681512525,40.91790493336597,41.111868233348545,7378100
2021-01-27,40.099884033203125,40.50467743569524,39.96495289903908,40.34444771919169,17187600
2021-01-28,40.41191864013672,40.63118378156188,40.18422492582893,40.22639030932991,10340200
2021-01-29,39.52642822265625,40.03242241815163,39.34933170188835,39.931221648845245,18440200
2021-02-01,40.08301544189453,40.14204760938092,39.87218535315406,40.066148648753874,11963300
2021-02-02,40.529991149902344,40.56372153060029,40.243262003385695,40.34445957950541,7982700
2021-02-03,40.63961410522461,40.681782704216744,40.44565077450805,40.589016933653944,6294300
2021-02-04,40.65648651123047,40.66492151899774,40.43722456447466,40.496256750794025,5971400
2021-02-05,40.96007537841797,40.99380896963684,40.74081346951998,40.867309611072244,7702400
2021-02-08,41.221492767333984,41.32269029177517,41.120292025881504,41.2046259770919,10370400
2021-02-09,41.45763397216797,41.49979935205767,41.221505271175815,41.27210244023855,5571600
2021-02-10,41.364871978759766,41.64316930203515,41.17934364692208,41.59256891134528,8471300
2021-02-11,41.63473129272461,41.64316629907094,41.41546938290506,41.60100091837629,7432400
2021-02-12,41.828697204589844,41.83713221145787,41.48293591428906,41.49980271101257,6961000
2021-02-16,42.081687927246094,42.25034942834774,41.98892217143303,42.15758688954661,7636800
2021-02-17,41.82026672363281,41.87086711538707,41.58413799613823,41.752799534627144,7865500
2021-02-18,41.55039978027344,41.58413337102432,41.238372108358455,41.47450080959008,8100900
2021-02-19,41.744361877441406,41.91302660923755,41.67689469791808,41.73593008850708,7278800
2021-02-22,41.617862701416016,41.862426402710376,41.54196373263543,41.55883052758803,6601600
2021-02-23,41.63473129272461,41.75279564547455,41.128740290364206,41.51666693997467,17006500
2021-02-24,41.786529541015625,41.837129928424936,41.27210352856418,41.34800250117197,11151700
2021-02-25,41.07814025878906,41.98049292491469,41.00224128607698,41.90459395220261,11129200
2021-02-26,40.48780822753906,40.97693557034989,40.454077858768365,40.96006877745864,16625600
2021-03-01,41.2720947265625,41.33112689077754,40.993800697693274,41.01066748989924,10026300
2021-03-02,41.2552375793457,41.37330515239026,41.086576051878325,41.23837400020891,11181300
2021-03-03,41.00223159790039,41.3142624214401,40.95163443938922,41.15402950745711,12733000
2021-03-04,40.589012145996094,41.20463565791891,40.32758166133898,41.02753914428605,13340100
2021-03-05,40.917903900146484,40.96006927438025,40.26854684250859,40.88417031395473,12050700
2021-03-08,40.715511322021484,41.00224041092356,40.59744697076986,40.707079532794495,12981200
2021-03-09,41.238372802734375,41.37330395099762,41.103441654471126,41.18777241575603,10888700
2021-03-10,41.415470123291016,41.46606729422418,41.196204992539315,41.42390191277574,9633200
2021-03-11,41.71905517578125,41.786519125165015,41.508225106313205,41.5925558472958,7169600
2021-03-12,41.82026672363281,41.82869851375221,41.45763862525891,41.49980400988114,9072700
2021-03-15,41.92145919799805,41.92989420410549,41.550399354576776,41.79496305949664,7494600
2021-03-16,41.98892593383789,42.04795810791541,41.90459195871843,42.03109131289152,10017400
2021-03-17,42.208187103271484,42.284086071056876,41.761228302430915,41.811828686625226,8627500
2021-03-18,41.803401947021484,42.27566264185083,41.79497015649453,42.0142320973361,7024200
2021-03-19,41.94676208496094,42.031092846144496,41.601000816888615,41.83712952181244,7464000
2021-03-22,41.96454620361328,42.08316140652411,41.85440536206573,41.930658454225814,8220500
2021-03-23,41.32910919189453,41.693429200297246,41.278275946457455,41.64259595486017,10888000
2021-03-24,41.151187896728516,41.45620030876468,41.142716766181884,41.26980311651539,7748500
2021-03-25,41.41382598876953,41.44771373299285,40.97325299365246,41.1172847946604,9722100
2021-03-26,41.98149490356445,41.998440395564515,41.55786729962935,41.59175828362947,6866200
2021-03-29,41.77815246582031,41.84593119693497,41.56633867905144,41.69342501189963,7404800
2021-03-30,41.727317810058594,41.778154284624165,41.52397514381836,41.6002282396557,14968100
2021-03-31,41.608707427978516,41.81204688578381,41.600233065223556,41.62565292146603,8259500
2021-04-01,42.15094757080078,42.235671800747284,41.82898967936413,41.87982615654535,9224300
2021-04-05,42.7863883972168,42.8118050194433,42.422068395866845,42.49832149456851,9219800
2021-04-06,42.41359329223633,42.4813720224978,42.30344921953685,42.354285691249345,10604800
2021-04-07,42.48984909057617,42.5406823335051,42.37123064902386,42.43054148581104,5940200
2021-04-08,42.73554992675781,42.77791527118815,42.58304373647021,42.67624232298174,7075100
2021-04-09,42.83723068237305,42.84570181358984,42.667778969833854,42.684724464290035,6944600
2021-04-12,42.608455657958984,42.735541971526835,42.549148065223044,42.71859648331351,5710200
2021-04-13,42.89653015136719,42.9050012809754,42.684716358920014,42.72707847100505,5454000
2021-04-14,42.93889617919922,43.09140238223051,42.89653406325103,42.913479556034765,6699800
2021-04-15,43.269317626953125,43.286263116767735,43.15070243027256,43.19306453879823,5908900
2021-04-16,43.523502349853516,43.54892220574912,43.328634025439854,43.40488712908193,9082500
2021-04-19,43.39640808105469,43.59974749898727,43.30320950115985,43.557385389586464,15499900
2021-04-20,42.67624282836914,43.02361732546641,42.59998973232232,42.989729574351635,11657400
2021-04-21,43.065982818603516,43.091399440032575,42.540682274241234,42.574573257494684,11195800
2021-04-22,42.888057708740234,43.176124608638666,42.828750102763095,43.14223362464541,9660600
2021-04-23,43.37947082519531,43.455723929399866,43.07445840837711,43.09140390175838,16386300
2021-04-26,43.44723892211914,43.506546518412044,43.379460197222215,43.39640568645185,11905100
2021-04-27,43.31169128417969,43.354053404000865,43.20155041904914,43.26932916435851,12910100
2021-04-28,43.430301666259766,43.5573912435644,43.26085320588319,43.269324336093135,10869700
2021-04-29,43.472660064697266,43.61669187939972,43.19306433212658,43.59127526081027,7707500
2021-04-30,42.87958526611328,43.24390525283283,42.76097005779009,43.184597648671236,9882200
2021-05-03,43.32862854003906,43.379465013372005,43.1252891107512,43.21001333428415,7245300
2021-05-04,42.80333709716797,43.0066765542631,42.52374130363417,42.92195231914386,9581500
2021-05-05,43.31169128417969,43.37947326151163,43.18460492471616,43.18460492471616,4117800
2021-05-06,43.66753387451172,43.66753387451172,43.210015289874804,43.36252148475378,8396400
2021-05-07,44.17589569091797,44.192841186627234,43.70990587099298,43.73532249854547,7410100
2021-05-10,43.94712448120117,44.34533544279539,43.92170786051114,44.34533544279539,11723400
2021-05-11,43.42182922363281,43.52349894319025,43.12529119491441,43.193069930612,8673600
2021-05-12,42.6592903137207,43.24389836450852,42.56609497347044,43.04055573118634,9505700
2021-05-13,42.955833435058594,43.04055765070881,42.65929221623951,42.65929221623951,8009700
2021-05-14,43.642120361328125,43.68448571318906,43.320165664938465,43.32863679609711,4776100
2021-05-17,43.5743408203125,43.582811951316465,43.34558149893543,43.39641798102673,7209900
2021-05-18,43.72684097290039,43.9386547708842,43.71836661104868,43.9132381493732,6291400
2021-05-19,43.33711624145508,43.531984601181996,42.981267282632444,43.18461000653437,9117900
2021-05-20,43.93865203857422,43.97254301982942,43.591277560763025,43.599748690065894,10651300
2021-05-21,43.9301872253418,44.040331322349765,43.76920987742443,44.03186019120572,6317300
2021-05-24,44.2013053894043,44.26061623110049,44.00643706732981,44.05727354648842,4771000
2021-05-25,44.2013053894043,44.36228595739537,44.12505551869988,44.33686933382723,7082300
2021-05-26,44.2013053894043,44.26908736161576,44.108110025647015,44.141997779730424,4419300
2021-05-27,44.28602981567383,44.36228291316793,44.184360096355725,44.269084323783794,7097800
2021-05-28,44.413116455078125,44.57409701310348,44.379228703092586,44.413116455078125,7663600
2021-06-01,44.65034866333008,44.8452169670224,44.59951218896694,44.83674260528421,8252800
2021-06-02,44.777442932128906,44.84522490995188,44.64188220850555,44.692718691872784,7365200
2021-06-03,44.54021072387695,44.59951833613065,44.40465000557957,44.54868508678317,6215600
2021-06-04,44.963836669921875,44.98078216307019,44.81133046360944,44.887583566765656,6039600
2021-06-07,45.06549835205078,45.082443842174115,44.946883153209214,45.03161060382588,10276700
2021-06-08,45.04010009765625,45.11635321829203,44.9384303474829,45.0994077212593,6909800
2021-06-09,44.86216354370117,45.02314086837881,44.84521805183688,45.00619537651452,5873300
2021-06-10,45.00619888305664,45.08245198637598,44.87911253220598,44.92994577973731,7050200
2021-06-11,45.08244705200195,45.09939254333179,44.929940862055425,45.06550156067212,4867400
2021-06-14,45.150230407714844,45.15870153762963,45.023140834838365,45.0655029484565,4623500
2021-06-15,45.158714294433594,45.19260528771074,45.06551567893295,45.158714294433594,7736600
2021-06-16,44.86216354370117,45.26884565237793,44.71812847886572,45.22648353872824,7192800
2021-06-17,44.531734466552734,44.692711790992334,44.33686615843466,44.59104207197901,6041500
2021-06-18,43.684486389160156,43.913245718254245,43.6251787740642,43.79462725603972,8868100
2021-06-21,44.2857780456543,44.31994336327819,43.83309899078173,43.90996932634349,6778700
2021-06-22,44.32848358154297,44.40535391235287,44.046624615845396,44.149117304197325,5644600
2021-06-23,44.08932113647461,44.33701473893726,44.02953347493993,44.28576677554331,6192300
2021-06-24,44.456600189208984,44.482225805835064,44.35410749725646,44.42243487249683,7565000
2021-06-25,44.60179901123047,44.60179901123047,44.48222366667228,44.5932560533713,5942400
2021-06-28,44.3114013671875,44.45659907229033,44.225988077553026,44.45659907229033,6246800
2021-06-29,44.302852630615234,44.3711832534103,44.23452526600359,44.354100597711536,7136400
2021-06-30,44.00391387939453,44.106406554420914,43.84163353908748,43.96120886964882,9424200
2021-07-01,44.13203430175781,44.14057725966098,43.90996626903241,43.98683659924193,8125000
2021-07-02,44.2943115234375,44.30285122192364,44.0295352558008,44.17473619553168,7998700
2021-07-06,44.029537200927734,44.31139613617192,43.83309154523487,44.31139613617192,7103900
2021-07-07,44.18327713012695,44.26869040829451,43.961209123258136,44.1747374314019,8151000
2021-07-08,43.54269027709961,43.63664324983084,43.312079323536565,43.45728026089845,13796500
2021-07-09,44.2943115234375,44.31139417859309,43.9526649366923,44.00391290215908,7099500
2021-07-12,44.456600189208984,44.47368284756506,44.22598918867786,44.285776863832155,4810100
2021-07-13,44.20890426635742,44.396810240467545,44.17474220957866,44.319939910893744,5872700
2021-07-14,44.3199348449707,44.44805313234392,44.260147179712106,44.44805313234392,4406700
2021-07-15,43.961219787597656,44.07225218887517,43.798936148803406,43.961219787597656,7503400
2021-07-16,43.61956024169922,43.96120682010354,43.551232880928296,43.96120682010354,5953800
2021-07-19,42.76544952392578,42.94481252176527,42.54338151586499,42.91065046849829,13735600
2021-07-20,43.149803161621094,43.218130529551914,42.63733324031381,42.70566386642821,7918500
2021-07-21,43.773311614990234,43.79039427391964,43.363337575236805,43.3804202341662,12997700
2021-07-22,43.833091735839844,43.97829268261676,43.69643374614693,43.97829268261676,6642400
2021-07-23,44.09786605834961,44.15765372254917,43.97829072995047,44.08078340312354,5845200
2021-07-26,44.149112701416016,44.16619535739102,43.97829265803298,43.97829265803298,5525000
2021-07-27,43.98683166503906,43.9953713638005,43.773303355985476,43.969749009332766,7594500
2021-07-28,44.18327713012695,44.26014745138605,43.909961156357596,44.01245383197525,6511000
2021-07-29,44.51638412475586,44.601797409361076,44.49930146783481,44.5334667816769,8559800
2021-07-30,44.225990295410156,44.42243598414508,44.14058025967637,44.30286063084417,6454500
2021-08-02,44.439517974853516,44.661589277517315,44.37973029910187,44.58471894323892,8113600
2021-08-03,44.75554275512695,44.772622155654744,44.439518456234744,44.627424443880486,8327900
2021-08-04,44.62742614746094,44.875119820961274,44.62742614746094,44.79824948291579,3984800
2021-08-05,44.858036041259766,44.91782371844814,44.806788064448,44.84949308269912,4226500
2021-08-06,44.678672790527344,44.78970518579878,44.61888511363225,44.75554312627589,4736400
2021-08-09,44.62742614746094,44.69575678491653,44.58472112814325,44.67867412555263,4695800
2021-08-10,44.72136306762695,44.72136306762695,44.593244797548046,44.6188704064736,5559200
2021-08-11,45.00322723388672,45.028852847671416,44.875112197697504,44.969065179146405,5065000
2021-08-12,44.90073776245117,44.92636011988358,44.7726194589215,44.90073776245117,5579600
2021-08-13,45.131343841552734,45.131343841552734,44.96052054150111,45.011768508971635,3832100
2021-08-16,44.87510681152344,44.883646509637636,44.63595290794447,44.781153841351326,8101300
2021-08-17,44.37972640991211,44.49930175093649,44.19182369895252,44.43097438100128,7431900
2021-08-18,44.26869201660156,44.584713011844215,44.25160936034743,44.4053500084511,5289100
2021-08-19,43.78184127807617,43.90141986316775,43.611021244311935,43.67934860618097,11441800
2021-08-20,43.92704772949219,43.952670086135804,43.559778746076454,43.602483759877046,5806100
2021-08-23,44.38827896118164,44.44806664461577,44.18329029070433,44.18329029070433,5915700
2021-08-24,44.60179901123047,44.65304372565039,44.430975694068586,44.47368070881311,4677000
2021-08-25,44.635955810546875,44.661581422922225,44.48221842721171,44.56762844664051,7273400
2021-08-26,44.35410690307617,44.5249302261646,44.28577627056724,44.473682251782904,4918700
2021-08-27,44.8153190612793,44.84094141375425,44.36263686572827,44.3711798220087,5045800
2021-08-30,44.806785583496094,44.858033557470264,44.7384582097144,44.79824588359233,5765000
2021-08-31,44.806785583496094,44.91782123134819,44.7384582097144,44.89219887345304,8926100
2021-09-01,45.19968032836914,45.31925894326574,45.10573058965512,45.13989265001289,6914500
2021-09-02,45.4132080078125,45.47299894346524,45.32779797090982,45.35342033034381,9103400
2021-09-03,45.63526916503906,45.68651713069072,45.430280560615785,45.47298882775049,11074000
2021-09-07,45.52424240112305,45.65236071111172,45.52424240112305,45.618195394023545,8765400
2021-09-08,45.191131591796875,45.421742558567466,45.09717861368477,45.3534119351465,6414000
2021-09-09,45.139888763427734,45.31925504123698,45.07156139041111,45.156971421227844,5085500
2021-09-10,45.01177215576172,45.47299412581362,45.0032291980661,45.43882881139858,6200600
2021-09-13,45.35342025756836,45.45591621150798,45.19967958484299,45.45591621150798,5902300
2021-09-14,45.15696334838867,45.50714962522758,45.122801297079526,45.49006697048139,6409500
2021-09-15,45.336326599121094,45.34486629683842,45.071550355321584,45.14842066750963,7809500
2021-09-16,45.208221435546875,45.22530409411818,44.96907073191655,45.08864608373172,7100200
2021-09-17,44.64450454711914,45.037395900449134,44.50784654343115,44.97760822747213,7350300
2021-09-20,43.79568099975586,43.89856734965301,43.41842559896951,43.66707060936086,16987500
2021-09-21,44.172935485839844,44.39585646762299,44.09576990162678,44.29297011223833,9486100
2021-09-22,44.413002014160156,44.76453337163345,44.3701329746045,44.38728124456638,8370300
2021-09-23,44.953163146972656,45.04747700077044,44.79883198088504,44.833128522393004,6789300
2021-09-24,44.541622161865234,44.627360259760366,44.45588079327133,44.49875311291767,4791000
2021-09-27,44.541622161865234,44.60163948453158,44.387290969094984,44.43873579025133,5785600
2021-09-28,43.55561065673828,43.88999376356913,43.418427759815415,43.8642729924893,11391900
2021-09-29,43.418418884277344,43.67563635459037,43.36697735263329,43.615619053873914,11145200
2021-09-30,43.28982162475586,43.589908196551335,43.18693199668456,43.4955943395018,10238600
2021-10-01,43.418418884277344,43.52130521826304,43.0154427760118,43.29838428284444,11817400
2021-10-04,43.01544952392578,43.34983588555587,42.81824932339405,43.29839107514399,12540200
2021-10-05,43.26409149169922,43.40127437245011,42.99830150001191,43.058318805921814,6756900
2021-10-06,42.946861267089844,42.95543376711944,42.39812968564597,42.54388508103653,12693500
2021-10-07,43.30695724487305,43.469864152016896,43.161201876057625,43.161201876057625,7009400
2021-10-08,43.31554412841797,43.44415126260202,43.229802768263475,43.401282217874005,5801100
2021-10-11,43.18692398071289,43.54703107072593,43.1783514819806,43.384124158532856,5570700
2021-10-12,43.16978454589844,43.33269149142532,43.101194729912166,43.20408108924077,6540300
2021-10-13,43.64991760253906,43.684214139015744,43.32410704740605,43.44414165437671,6880900
2021-10-14,44.121482849121094,44.155779385067234,43.98429997603423,44.06146554656419,5690800
2021-10-15,44.4730224609375,44.49017073210907,44.3186912910917,44.3701361046064,4982100
2021-10-18,44.31011199951172,44.34440853659827,44.10433604769019,44.1729291218633,7051200
2021-10-19,44.61878967285156,44.678806998093265,44.50732752424601,44.53304830057848,5152900
2021-10-20,44.77311325073242,44.81598229422212,44.60163380607529,44.65307862068194,5728700
2021-10-21,44.55018615722656,44.63592750944952,44.47302057557497,44.49874461659094,5191900
2021-10-22,44.755958557128906,44.884565669144045,44.57590663788898,44.721662018979046,6568100
2021-10-25,44.72166061401367,44.7988261870777,44.57590523750262,44.70451234547747,6111200
2021-10-26,44.807403564453125,45.004607038741334,44.7388137535383,44.987458768338094,5467100
2021-10-27,44.56734085083008,44.85028244789689,44.56734085083008,44.773116855123995,6153700
2021-10-28,45.02175521850586,45.047479261276784,44.755965185227204,44.78168595729975,5770000
2021-10-29,44.687374114990234,44.73024316061145,44.541618705738394,44.63593256852419,9654900
2021-11-01,45.10749435424805,45.1332151250534,44.86742510486954,44.927442417214166,8588800
2021-11-02,45.00461196899414,45.07320178742297,44.944591380658466,44.99603619750397,8353400
2021-11-03,45.31327438354492,45.34757093062564,44.850284080750235,44.93602217775328,7539300
2021-11-04,45.278968811035156,45.287541310127985,45.10748939289792,45.24467227326814,9112600
2021-11-05,45.373294830322266,45.38187060303241,45.20181862450708,45.28755672741467,7741600
2021-11-08,45.399009704589844,45.476175289894464,45.347564890820664,45.399009704589844,5451300
2021-11-09,45.287540435791016,45.441871582065176,45.14178505914198,45.416150814585414,7963000
2021-11-10,44.71310043334961,45.184666500567275,44.66165561356818,45.073204359723526,8018800
2021-11-11,44.86742401123047,44.97031036264224,44.83312747052716,44.936013821938936,5638800
2021-11-12,45.17608642578125,45.193234697408435,44.9703137076518,45.03890352346215,6222600
2021-11-15,45.098915100097656,45.29611856336751,45.06462183190539,45.27039452385085,9023800
2021-11-16,44.99603271484375,45.13321561178206,44.97888444388918,45.073198298790196,6965700
2021-11-17,44.88457489013672,44.93601970793023,44.80740929879574,44.89315066178492,8688300
2021-11-18,44.91886520385742,44.936013474076326,44.67879596218902,44.85884789344032,7590700
2021-11-19,44.57590866088867,44.738812318446776,44.524463851329145,44.67021923903407,9985200
2021-11-22,44.33584213256836,44.67880103448563,44.327269631834746,44.56733890075774,9573300
2021-11-23,44.258670806884766,44.39585369573195,44.04432233864242,44.21580176737591,10284600
2021-11-24,44.02717208862305,44.02717208862305,43.649919978934335,43.70993728568713,7906100
2021-11-26,42.82682418823242,43.19550381164322,42.67249303095823,43.15263477255551,11942100
2021-11-29,43.03260040283203,43.20407984390249,42.82682769010612,43.1955073436632,14177300
2021-11-30,42.61248016357422,43.03260136940009,42.25237300216796,42.90399423873229,31057400
2021-12-01,42.38956069946289,43.42700998679317,42.38098819806125,43.238382248969714,18127800
2021-12-02,42.98115158081055,43.09261041853638,42.63819275675235,42.67248929329772,21570800
2021-12-03,42.766815185546875,43.14406738176598,42.50959763036573,43.11834660745746,22553900
2021-12-06,43.178348541259766,43.25551410738583,42.878258774903976,43.041165676002045,14646200
2021-12-07,44.10434341430664,44.12149168571414,43.74423952684413,43.75281202719871,14200900
2021-12-08,44.16435623168945,44.19865277101209,44.001452575953955,44.11291469340351,14731500
2021-12-09,43.77853775024414,43.9242931567557,43.75281370679621,43.89857238400624,21544500
2021-12-10,43.83855438232422,43.90714419881749,43.692795707391085,43.864275154671894,13967300
2021-12-13,43.3927001953125,43.692786713257476,43.34983115999147,43.6670659462044,24679900
2021-12-14,43.16978454589844,43.392708806925214,42.99830837058356,43.221229360911934,15722000
2021-12-15,43.70137023925781,43.70137023925781,43.032600740898964,43.28124576886958,15986100
2021-12-16,43.70993423461914,43.98429998082274,43.5984721281309,43.93285844759561,22374700
2021-12-17,43.20407485961914,43.55560620144456,43.1869265904206,43.418423318554105,19758900
2021-12-20,42.99424743652344,43.04648619359047,42.75916306556417,42.924591331919565,22904100
2021-12-21,43.53406524658203,43.55147927124693,43.194500069080384,43.25544749471475,21469100
2021-12-22,43.97810745239258,43.98681612466568,43.48181941715573,43.52535613575061,15062100
2021-12-23,44.24802780151367,44.31768390670724,44.00423807610799,44.02165210240638,14463100
2021-12-27,44.58759307861328,44.58759307861328,44.265441895068314,44.300269947718014,12630800
2021-12-28,44.58759307861328,44.72690196782618,44.56147369981896,44.63983515758783,13668700
2021-12-29,44.578887939453125,44.63983537118878,44.48311245490112,44.56147391304495,11380800
2021-12-30,44.47439956665039,44.67465585433412,44.44827687077139,44.5788803860103,13691400
2021-12-31,44.456993103027344,44.657249424764316,44.413456376287456,44.474407129446114,15518400
2022-01-03,44.726905822753906,44.753028525185606,44.50053010379177,44.674667060662905,15874300
2022-01-04,44.892337799072266,45.06647143600275,44.8052676592208,44.961990589567215,15991500
2022-01-05,44.50052261352539,45.101291526154704,44.483108588630756,45.049052772856456,13855400
2022-01-06,44.25672912597656,44.46569076408479,43.943283347428874,44.32638189821752,17111300
2022-01-07,44.439571380615234,44.50051880183316,44.100006227719525,44.23931509355842,12525300
2022-01-10,44.03035354614258,44.04776757089507,43.62113226792305,43.95199209544917,20436400
2022-01-11,44.552757263183594,44.587585309764926,43.98681645247089,44.091297270829564,17097500
2022-01-12,45.03164291381836,45.075176319389364,44.84009194364279,44.8662113227082,17788600
2022-01-13,44.7094841003418,45.20577218311139,44.648536674134,45.19706683138983,13837900
2022-01-14,44.60500717163086,44.70948800835027,44.335094745270965,44.491817661043044,15200500
2022-01-18,43.951995849609375,44.19578557419634,43.8388063397429,44.10871876438268,17386800
2022-01-19,43.943294525146484,44.28285976448551,43.90846646947423,44.19578962530486,14141500
2022-01-20,43.66466522216797,44.335086849659604,43.63854252660086,44.09129716693538,17594000
2022-01-21,43.063899993896484,43.59501616386508,43.046485967836844,43.58631081152819,26963600
2022-01-24,42.58502960205078,42.61985765719606,41.44443570643913,42.23675569337033,39855600
2022-01-25,42.358646392822266,42.63726414192264,41.74046014820685,42.080028643721896,30779500
2022-01-26,42.158390045166016,42.94200460121907,41.96684240365313,42.84622911976972,26780200
2022-01-27,41.879764556884766,42.41088062240448,41.76657839183498,42.24545238944965,24165900
2022-01-28,42.07133102416992,42.080039699396714,41.43573390945788,41.66210964455797,30790600
2022-01-31,42.74174499511719,42.79398706862686,42.10614804698451,42.10614804698451,19645900
2022-02-01,43.16838455200195,43.16838455200195,42.715629834395244,43.01166163739248,20287500
2022-02-02,43.51665115356445,43.568893227477105,43.29027547604746,43.52535982657602,15146400
2022-02-03,42.82010269165039,43.211909905168454,42.81139401946928,43.081306393534014,17215100
2022-02-04,42.93329620361328,43.133552504536375,42.637264428034456,42.750450605913436,15226400
2022-02-07,43.01165771484375,43.22061936767571,42.907173567042186,42.95941564094297,17679600
2022-02-08,43.220619201660156,43.281566626950834,42.88105402607335,42.9681208275213,11582900
2022-02-09,43.908451080322266,43.925865102055084,43.743022855938065,43.803970271310405,12497200
2022-02-10,43.3947639465332,44.00424163066546,43.298988454848484,43.33381651025859,19594700
2022-02-11,42.79398727416992,43.56018442767855,42.68950312664873,43.38605082458105,21576900
2022-02-14,42.54148483276367,42.689499045523476,42.26286710878089,42.65467432106457,22676500
2022-02-15,43.24674606323242,43.27286876529675,42.93330353093588,43.01166499435656,16078800
2022-02-16,43.42958450317383,43.525359978321475,43.09001932502169,43.133552726074555,16225300
2022-02-17,42.76786422729492,43.16838014675051,42.7330394997912,43.11613807341659,14998000
2022-02-18,42.54148483276367,42.86363595335903,42.428295344462775,42.77656916013388,21103000
2022-02-22,42.09743881225586,42.437007303458905,41.79270169098,42.193214285052704,23406500
2022-02-23,41.70564270019531,42.48054865772468,41.63598659006919,42.47183998326585,22238900
2022-02-24,41.165809631347656,41.226757054904866,40.12970010948959,40.26030362933246,42537400
2022-02-25,42.20193099975586,42.22805038044659,41.487972475529304,41.575039292089166,25452200
2022-02-28,41.60986328125,42.010375912506056,41.357364887959335,41.45314036964792,26278400
2022-03-01,40.79140853881836,41.56631751409563,40.54761889167508,41.427008669815926,26696700
2022-03-02,41.2877082824707,41.383483762994935,40.90460968175955,41.02650454010465,28569200
2022-03-03,40.63468551635742,41.20062956232949,40.48667132298971,41.20062956232949,23595500
2022-03-04,39.58987808227539,39.67694488000104,39.25031292120578,39.598583433493786,37019400
2022-03-07,38.42316436767578,39.389621083458046,38.257732805026514,39.38091241101052,46667200
2022-03-08,38.65824890136719,39.34608456590984,38.2490276502531,38.74531569797703,47835600
2022-03-09,40.13840866088867,40.35607899705702,39.52022570330315,39.78142944242801,36557900
2022-03-10,39.6856575012207,39.94686124177213,39.485397868032656,39.624706751085796,29302200
2022-03-11,39.3112678527832,40.10358782041609,39.29385382563471,40.06005109185183,33712300
2022-03-14,39.56376647949219,40.07746870144013,39.48540501101245,39.824973588682205,22373000
2022-03-15,39.91204071044922,39.9729881506814,39.52023336510917,39.694370332081014,29380000
2022-03-16,41.2615966796875,41.27901070864471,40.32126236570275,40.634704922773395,23392300
2022-03-17,41.63597869873047,41.696926122846286,41.07003453607156,41.12227660876462,20850500
2022-03-18,41.992958068847656,42.02778611745637,41.24417163068792,41.296413703601,20866400
2022-03-21,41.7688102722168,41.97813549043887,41.56820874027269,41.83858645399465,23460700
2022-03-22,42.15257263183594,42.21362512735619,41.92580336809374,41.92580336809374,14341300
2022-03-23,41.62053298950195,41.890907324876416,41.61180930487713,41.725193915223976,17635500
2022-03-24,41.951961517333984,41.97812924516332,41.67286348596821,41.78624810093273,14647800
2022-03-25,42.013023376464844,42.03919111013196,41.70776087627948,41.91708611005782,21845800
2022-03-28,41.8822021484375,41.890922509112364,41.559495569674894,41.73392940006849,15933100
2022-03-29,42.70204544067383,42.7892656686384,42.35317451015003,42.71948948626674,18522100
2022-03-30,42.54505157470703,42.728212386507096,42.405502539642626,42.57993966525099,15181800
2022-03-31,41.89091110229492,42.44910719262758,41.86474670028281,42.274673409731975,16292800
2022-04-01,42.25722885131836,42.25722885131836,41.95196308074698,42.152567917433565,14885300
2022-04-04,42.440391540527344,42.475279631819646,42.17873751005808,42.23106631988503,13711700
2022-04-05,41.93452453613281,42.41422411231862,41.79497218091092,42.25723103980526,14409500
2022-04-06,41.393775939941406,41.61182154012287,41.175730339759944,41.43738439455534,16650900
2022-04-07,41.4373893737793,41.56821808045362,41.079794679596674,41.41122496328932,24601700
2022-04-08,41.42865753173828,41.58565060539588,41.219332324491056,41.28910850261057,18270700
2022-04-11,40.9925651550293,41.34143938081019,40.96640075258465,41.26294284636505,16789600
2022-04-12,40.722190856933594,41.19317010284953,40.643694315947606,41.11467356186354,17089800
2022-04-13,41.2018928527832,41.228057256813436,40.765801707685256,40.783242425631144,16348900
2022-04-14,41.00128936767578,41.31527553497167,40.966404603507414,41.236778993147695,14869800
2022-04-18,40.82685470581055,41.088508730676985,40.74835816563947,40.81813101961852,17165800
2022-04-19,41.010005950927734,41.01872630868154,40.60007926716914,40.63496735240624,16475900
2022-04-20,41.315269470214844,41.428654086674726,41.175720452691536,41.315269470214844,17473500
2022-04-21,40.82685470581055,41.72520141112617,40.74835816563947,41.66414891622772,17545200
2022-04-22,40.07677459716797,40.70474354759104,40.0506068675299,40.69602318911916,21819900
2022-04-25,39.84128189086914,39.90233437675212,39.29180619081132,39.63195670561966,30691900
2022-04-26,38.75977325439453,39.5447385142879,38.75105289688942,39.501130072540676,29718900
2022-04-27,38.93421173095703,39.18714536002718,38.68127810188688,38.89060328766137,23657100
2022-04-28,39.544742584228516,39.61451543278292,38.86444150704498,39.169703957803954,19231400
2022-04-29,39.04759979248047,39.8936176409718,39.003991345334896,39.658128033852215,20646400
2022-05-02,38.91676712036133,39.10864826059552,38.471955681858574,38.8818823625004,37477200
2022-05-03,39.23075485229492,39.361583512791015,39.056317747337154,39.14353796337156,31942100
2022-05-04,39.90233612060547,39.98955301078968,38.80338799957342,39.239479104716644,28158800
2022-05-05,38.62895584106445,39.38775352963636,38.31496967279704,39.37903317034517,28388900
2022-05-06,38.28007888793945,38.49812445310394,38.02714523384194,38.36729911027202,31821800
2022-05-09,37.09392166137695,37.634677221491096,36.997981051449855,37.61723317176687,30821800
2022-05-10,37.277069091796875,37.73932459807991,37.00669140913658,37.67827210959389,31894600
2022-05-11,37.085201263427734,37.89633127568519,37.05031316401376,37.38174345422199,36278700
2022-05-12,36.94564437866211,37.2770745987709,36.614214158553324,36.81481569708687,27679000
2022-05-13,37.98353576660156,38.018423854598055,37.486392157540756,37.51255655998253,22443000
2022-05-16,38.035865783691406,38.219023244822104,37.70443562037562,37.817820236504105,14542900
2022-05-17,38.76850128173828,38.76850128173828,38.445794784127244,38.6463963003239,13134000
2022-05-18,37.84398651123047,38.48940282678973,37.76548997727206,38.41962665122173,18732400
2022-05-19,38.23646545410156,38.47195503302354,37.80037438064106,37.80909473818149,18538100
2022-05-20,38.45451736450195,38.69872734144111,37.96609408351223,38.66384257838652,15988900
2022-05-23,39.117374420166016,39.195870959439794,38.77722385901679,38.881888129456094,19729700
2022-05-24,38.977813720703125,39.073754276335286,38.68127169743573,38.916761244775465,14828700
2022-05-25,38.96037673950195,39.143537527579525,38.68127870552119,38.690002390583025,15217300
2022-05-26,39.38774490356445,39.47496178582166,39.00398596367763,39.03015036293263,14358900
2022-05-27,39.87617492675781,39.88489528563329,39.63196162579665,39.67557340150814,11412600
2022-05-31,39.69301223754883,39.954669570968036,39.61451570294531,39.84128494829379,19971500
2022-06-01,39.335418701171875,39.98083503924036,39.20459335808604,39.911058861238885,14072700
2022-06-02,40.163997650146484,40.163997650146484,39.50114050995333,39.63196586976307,15791200
2022-06-03,39.544742584228516,39.73662374019769,39.44880200624393,39.6406831622131,9930300
2022-06-06,39.69301223754883,40.059330508068996,39.605795344483234,39.99827801750084,12516000
2022-06-07,39.788944244384766,39.82383232493949,39.27435670108935,39.31796846533799,11364000
2022-06-08,39.291805267333984,39.58834733198639,39.23947646758471,39.44879832080355,10542400
2022-06-09,38.47196960449219,39.178435281725,38.47196960449219,39.09121836484336,19332800
2022-06-10,37.582332611083984,37.852710301491484,37.46022763061323,37.80909852808521,23876000
2022-06-13,36.30022048950195,36.771199653395165,36.21300360453398,36.61420659876409,29997600
2022-06-14,35.96879959106445,36.41361110106459,35.680977834449735,36.28278242494673,28145600
2022-06-15,36.605491638183594,36.80609316487511,35.8641346982074,36.31766988655355,19690800
2022-06-16,35.724586486816406,35.99496419967541,35.523984955512546,35.724586486816406,24268300
2022-06-17,35.60248565673828,35.89030744862114,35.37571969440694,35.74203470904492,24727400
2022-06-21,36.15034866333008,36.32708044871655,36.09732811645061,36.16802217895657,17640600
2022-06-22,35.81455612182617,36.11499912486195,35.58480717638855,35.68200982014692,18550400
2022-06-23,35.6820068359375,35.80571805550968,35.35505190320768,35.726188932802145,23782200
2022-06-24,36.74239730834961,36.76006745197694,36.14151129867399,36.17685495680686,18522800
2022-06-27,36.67170715332031,36.89262105183429,36.57450449863359,36.71588925884739,22587600
2022-06-28,36.47730255126953,37.122370742933285,36.45079396161498,36.95447739032337,16572100
2022-06-29,36.25638961791992,36.521489005068446,36.229881027556566,36.42428634589782,15456000
2022-06-30,36.05314636230469,36.11500198215778,35.48760734028868,35.620157023333014,18882600
2022-07-01,36.13267517089844,36.13267517089844,35.46993350343257,35.59364474201899,17836500
2022-07-05,35.35505294799805,35.35505294799805,34.83369609948138,35.045774889928,23089900
2022-07-06,35.35505294799805,35.443420515216644,35.05460996121085,35.31087084982776,18464700
2022-07-07,35.92942810058594,35.95593668366261,35.66433215718584,35.66433215718584,16530900
2022-07-08,36.01779556274414,36.13267171797301,35.71735256736887,35.85874067896017,14027500
2022-07-11,35.416908264160156,35.6378221030208,35.38156124093181,35.575963126932365,17740500
2022-07-12,35.381561279296875,35.64665721204157,35.28435865075237,35.355049326408036,15331700
2022-07-13,35.33738708496094,35.50528042669195,34.89555930799452,34.93090296828423,18153200
2022-07-14,34.81603240966797,34.86021451602691,34.3035105374441,34.60395357991497,32470600
2022-07-15,35.346214294433594,35.36388780608613,34.922060127405715,35.05460640848323,27153200
2022-07-18,35.56713104248047,35.98245017308603,35.5141105031868,35.84106543918085,21591100
2022-07-19,36.48612976074219,36.51263834223457,36.150339788035765,36.18568681061067,17778000
2022-07-20,36.30940246582031,36.50380774291492,36.132670702177755,36.38893159091556,17571900
2022-07-21,36.715885162353516,36.733558676768176,36.21220179960929,36.265222342853285,14812500
2022-07-22,36.59217834472656,37.05167966228131,36.45079358323884,36.83076576177683,12127700
2022-07-25,36.89261245727539,36.936794552509745,36.69820719319089,36.88377738657964,14863100
2022-07-26,36.38893127441406,36.67170074543149,36.38893127441406,36.56566303651945,12278900
2022-07-27,37.219581604003906,37.28143724075211,36.62753383201985,36.74241003064339,13570900
2022-07-28,37.458160400390625,37.520016022812364,36.98098556666981,37.20189946699849,14879600
2022-07-29,37.96183776855469,37.97951128226749,37.4228073983875,37.47582793952591,11109300
2022-08-01,37.96183776855469,38.13856953480463,37.793944444600186,37.93532918342452,13528600
2022-08-02,37.36979675292969,37.78511259962182,37.36979675292969,37.67023979674881,11511500
2022-08-03,37.634891510009766,37.696747131305955,37.34328354886039,37.54652729983764,7989700
2022-08-04,37.82046890258789,37.87348946597847,37.65257550817027,37.69675762555602,10103600
2022-08-05,37.55535125732422,37.5995333493338,37.29025533438921,37.31676391541944,13178000
2022-08-08,37.67023849487305,37.99719011715138,37.608382873654946,37.838131842339536,20765600
2022-08-09,37.44048309326172,37.70557907264123,37.38746591991278,37.661396971224356,13738900
2022-08-10,38.33298110961914,38.447853911299084,38.09439369163379,38.24461352654385,11472300
2022-08-11,38.33298110961914,38.65109766693294,38.27112548690575,38.536221494374374,12981800
2022-08-12,38.651092529296875,38.651092529296875,38.28879391404272,38.37715811449371,7878100
2022-08-15,38.37716293334961,38.42134503912286,38.218104655863016,38.27996027812129,12669200
2022-08-16,38.412506103515625,38.474361719553634,38.17391871127834,38.18275378319309,9898700
2022-08-17,38.0855598449707,38.28880362513692,37.873484361748865,38.00603069604276,17144600
2022-08-18,37.96183776855469,38.0678788508315,37.83812654344315,38.03253182340589,14228700
2022-08-19,37.39630889892578,37.61722282359849,37.325618195887586,37.5995493051192,10859400
2022-08-22,36.7954216003418,37.05168255393745,36.70705738159516,36.99866200016215,12118700
2022-08-23,36.866111755371094,37.131207754325956,36.68937996577502,36.73356207045441,13577100
2022-08-24,36.9102783203125,37.03398950968208,36.68052607930292,36.733546605122925,10950700
2022-08-25,37.34328842163086,37.34328842163086,36.95448112690972,37.034010274793474,9667100
2022-08-26,36.35358428955078,37.3962979792038,36.327075705011836,37.33444236802761,12140600
2022-08-29,36.265220642089844,36.42427889348412,36.15034448922108,36.20336502997852,15570300
2022-08-30,35.964778900146484,36.55682645685225,35.88524977169127,36.49497084259577,24526700
2022-08-31,35.75270080566406,36.123837869399715,35.74386573382955,36.008961710281746,17199100
2022-09-01,35.2755241394043,35.30203609524673,34.89555539502861,35.26668906804218,29945900
2022-09-02,35.05461120605469,35.796881942660015,34.93973842090822,35.52295090174969,18682000
2022-09-06,34.904396057128906,35.22251261116736,34.79835832940895,35.151818545435,22467800
2022-09-07,35.204837799072266,35.21367287152435,34.603951745976254,34.603951745976254,19051900
2022-09-08,35.25785446166992,35.284363046983906,34.771841258392875,34.8425353137343,15072500
2022-09-09,36.16802215576172,36.18569567137688,35.77921492486358,35.911761235659604,12474400
2022-09-12,36.62751770019531,36.78657594488807,36.530315065007755,36.5833356035313,15353900
2022-09-13,35.37272644042969,36.141509105823744,35.33738278444126,35.94710382893632,14117200
2022-09-14,35.53178787231445,35.67317262156318,35.31971243388052,35.514114357298574,12421200
2022-09-15,35.187156677246094,35.55829368669983,35.10762755885442,35.231338771713084,20644000
2022-09-16,34.95741271972656,35.089959021919846,34.771842503250824,34.860210075591226,18248300
2022-09-19,35.090362548828125,35.12581712378972,34.452193724056855,34.576281355288074,18253800
2022-09-20,34.505374908447266,34.66491711150498,34.28378889099314,34.62946253724009,22548200
2022-09-21,34.062198638916016,34.77127313039,34.04447135398743,34.50537061872899,18719200
2022-09-22,33.90266418457031,34.221748623759574,33.76971120786323,34.1774320919021,28673100
2022-09-23,32.794734954833984,33.184725180331604,32.546559664165926,33.184725180331604,31810500
2022-09-26,32.271785736083984,32.7504123198857,32.112243541483416,32.493371741792096,32371100
2022-09-27,32.0767936706543,32.59973685601958,31.88180025622181,32.42247073037815,31473800
2022-09-28,32.794734954833984,32.901095310672474,31.91725272104589,32.04134374751467,28402900
2022-09-29,32.38701629638672,32.395878250254235,31.917251594177277,32.298379852038416,27942200
2022-09-30,32.22746658325195,32.670638558530705,32.192012013757534,32.26292115274638,28723800
2022-10-03,32.94541931152344,33.087237659633466,32.466795911194154,32.59088358465491,45906400
2022-10-04,34.25720977783203,34.29266098144256,33.76085573479637,33.805172275161006,23839400
2022-10-05,33.84947967529297,34.0356145043797,33.45062753857635,33.689937468152564,18149600
2022-10-06,33.282222747802734,33.68107829861857,33.24676816970029,33.50380878924101,22262300
2022-10-07,32.75927734375,33.17586015550075,32.617462422046366,33.113816338576314,20593100
2022-10-10,32.537696838378906,32.75042094759736,32.35156535602214,32.70610441100789,24846100
2022-10-11,32.156558990478516,32.69722936729759,32.076787895847275,32.3249665131078,29437000
2022-10-12,32.0767936706543,32.26292851239318,31.979298654005362,32.11224824823643,21121500
2022-10-13,32.74155807495117,32.87451107585747,31.394314298232725,31.48295075921535,29001700
2022-10-14,32.18314743041992,33.01630945861032,32.16542014712223,32.91881109103977,24741200
2022-10-17,33.0340461730957,33.184723052443886,32.945409731301595,32.972002354407095,24153900
2022-10-18,33.25563049316406,33.55698761747462,32.99858989690093,33.5126710894272,17318100
2022-10-19,32.87450408935547,33.08722816937029,32.64405610204608,32.9099586662137,23946100
2022-10-20,32.78587341308594,33.29995129038447,32.69723696449323,32.91882301427281,16865200
2022-10-21,33.3974494934082,33.4240387372595,32.39587960768047,32.51110529959405,23168300
2022-10-24,33.34427261352539,33.48608757050855,33.06064269955907,33.25563953333665,27063800
2022-10-25,34.08878707885742,34.11537969619559,33.56584401965746,33.583571304171635,14526600
2022-10-26,34.43446731567383,34.7003732535399,34.10652094174264,34.10652094174264,14273100
2022-10-27,34.204017639160156,34.65605162508109,34.17742839914548,34.35469450742237,18451300
2022-10-28,34.46992111206055,34.47878644639398,34.02674906715129,34.07993092974878,20741600
2022-10-31,34.18629455566406,34.25720371260126,34.07106886620846,34.14197802314566,28799200
2022-11-01,34.478782653808594,34.913089316611696,34.32810241692404,34.913089316611696,19183000
2022-11-02,33.955848693847656,34.96628057582009,33.94698335810549,34.53197041509664,23466200
2022-11-03,33.68107986450195,33.84948404661593,33.46835576713209,33.477221102637195,26424500
2022-11-04,34.96628189086914,35.0371876737986,34.46106593088223,34.70037928789735,21966700
2022-11-07,35.116947174072266,35.258762074145594,34.97513227399893,35.13467445922317,25080700
2022-11-08,35.542388916015625,35.77284022266248,35.28535175555609,35.35625750912414,20492000
2022-11-09,35.046043395996094,35.56898650354467,35.03717806235246,35.32967321217829,16061000
2022-11-10,36.996009826660156,36.996009826660156,36.27806977968258,36.40215743150057,19421500
2022-11-11,37.68735885620117,37.77599193095896,37.208732137784935,37.359412422235266,15765300
2022-11-14,37.25303649902344,37.580986206934185,37.244174546898215,37.359400211329934,20750500
2022-11-15,37.483497619628906,37.91780439103134,37.164413161623536,37.82030598651471,17109500
2022-11-16,37.341678619384766,37.54553736068669,37.244180225472,37.465766254861194,17159400
2022-11-17,37.297359466552734,37.32394870624634,36.81873286526235,36.88077667863693,16831200
2022-11-18,37.359413146972656,37.47463547016597,37.2353221063154,37.46577351497231,12737900
2022-11-21,37.058040618896484,37.12008442298407,36.88077115816034,37.01372071786215,14394300
2022-11-22,37.607582092285156,37.6164440459769,37.2619084190197,37.315086903439266,12701700
2022-11-23,38.041893005371094,38.068485631636264,37.65190275854288,37.65190275854288,9269900
2022-11-25,38.20143127441406,38.28120238266219,38.059616346543464,38.07734363516911,6450600
2022-11-28,37.669620513916016,38.13938175836194,37.625303989538224,37.953250327294775,13708700
2022-11-29,37.76712417602539,37.97984487523051,37.67848773374446,37.749396887569205,11598200
2022-11-30,38.47620391845703,38.60029157299532,37.696220028471366,38.086213664031696,15610500
2022-12-01,38.804141998291016,38.98141148712753,38.6091486035917,38.90164038620781,14977000
2022-12-02,38.7686882019043,38.883910487946096,38.405287295704206,38.44073848618335,16482500
2022-12-05,38.18370056152344,38.71550560097206,38.0862021820266,38.63573450694137,13694300
2022-12-06,37.926666259765625,38.307794507418485,37.793713287371546,38.21915806544425,11702200
2022-12-07,37.926666259765625,38.10393576257955,37.80257862213624,37.93552821339578,16632000
2022-12-08,38.13939666748047,38.17485125329593,37.86463208024915,37.962130500673965,13719300
2022-12-09,38.16598129272461,38.44961115749081,38.13052671434516,38.210297825131576,14430200
2022-12-12,38.26347732543945,38.26347732543945,38.01530203247677,38.13938967895811,13482000
2022-12-13,38.759822845458984,39.3448097521937,38.64459717835144,39.26503865667833,15123500
2022-12-14,38.742095947265625,39.07004566607322,38.45846613395869,38.80413975760564,18377500
2022-12-15,37.731666564941406,38.2811989383546,37.59871360277863,38.21029317136626,13943700
2022-12-16,37.439170837402344,37.64302954507612,37.27962865206914,37.439170837402344,14511200
2022-12-19,37.358463287353516,37.636455965354955,37.250854652985815,37.582649937762696,17846500
2022-12-20,37.53781509399414,37.69922976370344,37.385366385572254,37.439172415747684,15525100
2022-12-21,37.914451599121094,38.00412832685699,37.699234294189715,37.74407094764897,14202600
2022-12-22,37.58265686035156,37.77994224371227,37.25086151445918,37.770972860386365,17651300
2022-12-23,37.770973205566406,37.80684389756298,37.46607916523052,37.555755895221935,10668100
2022-12-27,37.842708587646484,37.98618791205924,37.71716460638744,37.75303187187793,14392000
2022-12-28,37.41227340698242,38.013092053802616,37.41227340698242,37.914449369502655,14592500
2022-12-29,38.00413131713867,38.09380463111295,37.77097522749729,37.7978799583437,13008000
2022-12-30,37.63645935058594,37.94135335939895,37.58265331815407,37.78890464458389,15892900
2023-01-03,37.842708587646484,38.237275874577335,37.69025988124841,38.02205859836666,11990000
2023-01-04,38.40767288208008,38.51528155649034,38.138646064827284,38.42560481046672,13229500
2023-01-05,37.97721862792969,38.13863329591207,37.905480675946926,38.03999061872096,9324500
2023-01-06,39.02641677856445,39.05331808489197,38.066898083621574,38.255214069548565,10441400
2023-01-09,39.19680404663086,39.58240546632876,39.19680404663086,39.358218753519175,12426200
2023-01-10,39.295433044433594,39.304402425476106,39.04434510830832,39.17885503659691,11492000
2023-01-11,39.59136962890625,39.60033559107632,39.34924760050655,39.501692903118965,14000500
2023-01-12,40.165287017822266,40.228059015507135,39.492726967640984,39.932130951435056,12836700
2023-01-13,40.37153244018555,40.39843374358926,39.95902982418344,40.00386647012857,9144300
2023-01-17,40.48811721801758,40.6674638317499,40.39844049033403,40.47914783484053,12862000
2023-01-18,40.30876541137695,41.00822675247131,40.29979602859422,40.95442071822666,13196900
2023-01-19,40.26393508911133,40.3715437536987,40.04871433911881,40.23703035735116,13017200
2023-01-20,40.67642593383789,40.67642593383789,40.174246611152405,40.24598798045752,19859800
2023-01-23,40.84680938720703,40.89164603572351,40.49707873963469,40.53294942677467,14611000
2023-01-24,40.83784484863281,40.90061684290628,40.50604611225349,40.62262413911156,8094300
2023-01-25,41.044090270996094,41.07099157300978,40.613652334694024,40.6943596615517,9955200
2023-01-26,41.16964340209961,41.187578747705054,40.81094333162556,41.1248067484947,15609000
2023-01-27,41.124794006347656,41.21446728577301,40.90060738696793,40.936478067064606,11993400
2023-01-30,40.78403854370117,41.097901933789714,40.78403854370117,40.927517875484845,13995000
2023-01-31,41.03512954711914,41.04409893022709,40.58675617460735,40.67643290160012,14919700
2023-02-01,41.402793884277344,41.564208565452546,40.70333254639628,41.02616190874669,13761800
2023-02-02,41.393829345703125,41.58214533994381,41.13377197033228,41.53730868714612,10567100
2023-02-03,40.927520751953125,41.277251433954525,40.85578279142795,40.954422059547895,13632600
2023-02-06,40.48811721801758,40.61366121595715,40.290831837931165,40.53295387145066,8634900
2023-02-07,40.86474609375,40.936487470422776,40.24599211362431,40.335665413648165,11438000
2023-02-08,40.62261962890625,40.88267695963274,40.55088168090876,40.82887093302206,9659000
2023-02-09,40.65849304199219,41.223444386460784,40.5777857070681,41.205509043053546,9026200
2023-02-10,40.54191589355469,40.58675254263011,40.353599914947694,40.54191589355469,7798500
2023-02-13,40.89164733886719,40.89164733886719,40.506045991866436,40.55985202429112,6772900
2023-02-14,40.927520751953125,41.14274147516333,40.57779006995172,40.67643275888901,10336600
2023-02-15,40.72126388549805,40.72126388549805,40.37153325095892,40.38946859386053,10172200
2023-02-16,40.53295135498047,40.78403933527094,40.335665987142434,40.389472020412036,8804700
2023-02-17,40.59571838378906,40.63158906824724,40.23701838084084,40.326695091986274,6358700
2023-02-21,40.08457565307617,40.416370953379364,40.06664030970614,40.31772827525266,8322800
2023-02-22,39.85142135620117,40.09354337107992,39.77071401790826,40.021805415273505,8127400
2023-02-23,40.08457565307617,40.16528298783284,39.73484500940295,40.075606270982675,9051200
2023-02-24,39.456851959228516,39.54652525444544,39.28647132998958,39.429950654826825,9836900
2023-02-27,39.896263122558594,40.01283773330048,39.770715708131746,39.87832777764047,8274000
2023-02-28,39.60929870605469,39.86935606091842,39.60929870605469,39.77968276239434,8185300
2023-03-01,39.86038589477539,40.03076651232561,39.70793719838481,39.959028565236935,11018400
2023-03-02,39.92316436767578,39.95903505745645,39.56446431150361,39.591369039247745,11802200
2023-03-03,40.50605010986328,40.532954839219414,40.039744798044836,40.12941810705205,8819600
2023-03-06,40.407405853271484,40.55985114394025,40.34463386054705,40.42534119702376,8510200
2023-03-07,39.67206954956055,40.33566009215043,39.61826352415461,40.308758789855794,9698400
2023-03-08,39.87832260131836,40.012832539518584,39.70793855712119,39.797615270071496,9292500
2023-03-09,39.48374557495117,40.05766276254112,39.45684427578798,39.93211880535785,8120200
2023-03-10,39.09815216064453,39.645168158724616,39.071250856088774,39.546525480930896,13449600
2023-03-13,38.87396240234375,39.20576109590035,38.64080979953598,38.73048308811973,16105800
2023-03-14,39.33130645751953,39.367177142546744,39.03537843727023,39.20576248074109,10302700
2023-03-15,38.15657424926758,38.21934624928821,37.68129955744929,37.95032290336875,19880800
2023-03-16,38.74843215942383,38.74843215942383,37.95032797746578,38.00413402217071,17464100
2023-03-17,38.300045013427734,38.51526569443024,38.15656569969829,38.45249370847465,9922500
2023-03-20,38.8851318359375,38.984145450752614,38.6240965666396,38.68710460630729,8755300
2023-03-21,39.389190673828125,39.45220213841088,39.16416101098165,39.380190998133536,6731100
2023-03-22,39.23617172241211,39.929263488445464,39.21816893753954,39.44319859792647,8479300
2023-03-23,39.26317596435547,39.848254481380096,39.09215465082655,39.61422170109813,11507200
2023-03-24,39.1281623840332,39.155164847219055,38.75911384121123,38.97514041405897,10299900
2023-03-27,39.470211029052734,39.51521971944396,39.25418442337119,39.36219772621196,24343300
2023-03-28,39.52421569824219,39.60522652621121,39.41620240551038,39.45220798098121,7671400
2023-03-29,39.974266052246094,40.001268510903515,39.830247216606686,39.89325524259394,10685100
2023-03-30,40.46934127807617,40.48734406649783,40.343325192805345,40.44233881228408,7170900
2023-03-31,40.658363342285156,40.72137481540309,40.523347586496904,40.54135037400479,9553300
2023-04-03,40.99140548706055,41.000405163035914,40.703367784325174,40.7393699219069,9184100
2023-04-04,40.98240280151367,41.12642165437175,40.847387058404394,40.99140591126247,7943900
2023-04-05,40.66736602783203,40.847390467348745,40.52334716295477,40.75737653075009,7993800
2023-04-06,40.80238342285156,40.90139359823825,40.55034784513148,40.604356204717305,9567400
2023-04-10,40.83838653564453,40.84738964596365,40.56835159863979,40.5773547089589,8281400
2023-04-11,41.01840591430664,41.09941672878814,40.92839542429612,40.96439756009227,7648300
2023-04-12,41.252437591552734,41.459464460047435,41.13542121068877,41.36945053873669,7301700
2023-04-13,41.85552215576172,41.86452183250265,41.58548721568646,41.630492466752244,14720200
2023-04-14,41.64849090576172,41.918525817645,41.47746959609435,41.819512215429086,7888800
2023-04-17,41.61248779296875,41.61248779296875,41.37845843782873,41.540480081264285,10834000
2023-04-18,41.774505615234375,41.855516429541986,41.68449512541707,41.79250839993386,7959700
2023-04-19,41.61248779296875,41.68449893835361,41.540480081264285,41.54947975759719,8441900
2023-04-20,41.630489349365234,41.72950295450392,41.51347295841221,41.53147574422654,12788400
2023-04-21,41.7655029296875,41.8015050628117,41.45946247921287,41.65748622927539,9023200
2023-04-24,41.84652328491211,41.85552296182636,41.711504095433966,41.76551245796135,8234700
2023-04-25,41.189430236816406,41.61248712496013,41.189430236816406,41.61248712496013,9776700
2023-04-26,41.19843292236328,41.45946816698388,41.135424888652146,41.45946816698388,9787100
2023-04-27,41.72050094604492,41.72050094604492,41.3154502724114,41.40546077017876,6714400
2023-04-28,41.72950744628906,41.74751023404123,41.39646445707571,41.41446381114721,8602400
2023-05-01,41.69350051879883,41.89152774397057,41.675497731630436,41.783511020960226,10213800
2023-05-02,41.252437591552734,41.34244807918347,41.00940515453373,41.34244807918347,8907300
2023-05-03,41.33345031738281,41.68449950538877,41.33345031738281,41.39646178729192,10310100
2023-05-04,41.270442962646484,41.4414677212459,41.17143278528112,41.27944607293093,10408900
2023-05-05,41.93653106689453,42.00853877857677,41.495471385749376,41.52247728210057,6775300
2023-05-08,41.95452880859375,42.06254207996972,41.89152078081777,42.05354240472172,5574100
2023-05-09,41.79250717163086,41.85551519938715,41.594479979436805,41.63948522302273,8259800
2023-05-10,41.72950744628906,41.88252599166145,41.45947249736795,41.88252599166145,14545200
2023-05-11,41.54048156738281,41.55848092069256,41.26144351955442,41.468470419421735,10105500
2023-05-12,41.450462341308594,41.63048675455077,41.306443497450864,41.63048675455077,7703600
2023-05-15,41.81051254272461,41.81051254272461,41.558476982425375,41.61248533827811,7863200
2023-05-16,41.37846374511719,41.68450428489547,41.37846374511719,41.63049591892959,7124300
2023-05-17,41.594486236572266,41.62149213373036,41.27944605039873,41.45947048550382,8317500
2023-05-18,41.51347351074219,41.53147629679604,41.28844383558947,41.495470724688325,10261300
2023-05-19,41.7655029296875,41.85551341301775,41.639483445873374,41.72049425434253,7726700
2023-05-22,41.801513671875,41.89152760742355,41.7295059571167,41.756508420940996,9103700
2023-05-23,41.216434478759766,41.54047774742537,41.216434478759766,41.47746971559375,8717800
2023-05-24,40.63135528564453,40.86538805735585,40.60435282493943,40.84738527232574,10880600
2023-05-25,40.541351318359375,40.63136182431488,40.38832933781817,40.62236214719161,11789700
2023-05-26,40.919395446777344,40.973403805125145,40.703368880746865,40.703368880746865,7929900
2023-05-30,40.5683479309082,40.865388738334715,40.46033465260775,40.85638562882956,8594300
2023-05-31,40.17229461669922,40.24430232014868,39.89325661084254,40.16329150771803,12619800
2023-06-01,40.79336929321289,40.82937485654391,40.361312834279246,40.38831528993775,11813400
2023-06-02,41.39645767211914,41.41445702324051,41.25243882738746,41.342449317714724,8823900
2023-06-05,41.13542556762695,41.360455244218265,41.1264224577023,41.33344934812465,12685300
2023-06-06,41.49546813964844,41.53147370951312,41.18942766315891,41.225433233023594,6659300
2023-06-07,41.09941482543945,41.49546577029641,41.08141204153505,41.342447257628926,10547500
2023-06-08,41.5224723815918,41.540475165807756,41.22543159254846,41.32444518889624,7142700
2023-06-09,41.50447082519531,41.61248410000641,41.4414627954155,41.522473609943845,7001100
2023-06-12,41.69350051879883,41.71150330596722,41.52247919121995,41.630492480549734,8055900
2023-06-13,42.09855270385742,42.188563201866586,41.999539095839104,42.07155024119076,7878000
2023-06-14,42.206565856933594,42.42259585863625,41.963533392648245,42.30557946464396,7759000
2023-06-15,42.60261917114258,42.638621309082396,42.13455704112191,42.17055917906173,10366800
2023-06-16,42.476600646972656,42.80064393164262,42.467600970700886,42.80064393164262,13952700
2023-06-20,41.90610885620117,42.078710264157756,41.80618044855092,42.033289205790716,9203200
2023-06-21,41.96969985961914,42.11504932850612,41.77892933146836,41.851602333209506,10583100
2023-06-22,41.715335845947266,41.77892948763993,41.64266284393447,41.68808390336805,10160900
2023-06-23,41.043094635009766,41.15210586750598,40.97950446060326,41.00675640237616,9829000
2023-06-26,41.170284271240234,41.25204358040726,41.07944213456816,41.10669408248871,9830200
2023-06-27,41.50639343261719,41.52456254826006,41.14302151597313,41.270201860068774,7898400
2023-06-28,41.515472412109375,41.579062572958726,41.37012297796744,41.442795962336476,7297900
2023-06-29,41.460968017578125,41.460968017578125,41.279280345654,41.306535748955284,6635400
2023-06-30,41.9515266418457,41.98786487186636,41.778925247354096,41.83342912698073,8137100
2023-07-03,42.02419662475586,42.08779025543666,41.95152363532711,41.987861862743536,6362600
2023-07-05,41.569984436035156,41.742589305392194,41.506394262715574,41.71533389868056,12565800
2023-07-06,40.83415222167969,40.99767079201877,40.61612630609279,40.988584501775286,8980700
2023-07-07,41.179351806640625,41.3701222859978,40.879566654447515,40.9068185899546,8873700
2023-07-10,41.28836441040039,41.30653352315417,41.07942481183778,41.097593924591564,7842700
2023-07-11,41.688087463378906,41.69717375528438,41.3883056731932,41.479147799817966,7134000
2023-07-12,42.48749923706055,42.51475117420003,42.17863124299833,42.24222140659314,10422000
2023-07-13,43.141578674316406,43.18699973018218,42.950804695033064,42.968973810460255,7276700
2023-07-14,42.87812805175781,43.1415750049382,42.85087264823299,43.11431960141338,7349800
2023-07-17,42.85996627807617,42.91447362905661,42.64194033955917,42.714616807533076,6808700
2023-07-18,43.1688346862793,43.19608662928818,42.88721856870342,42.9235568029851,6484700
2023-07-19,43.15974044799805,43.27783795496582,43.05072923063002,43.196078675588765,7538100
2023-07-20,42.90538787841797,43.15066576281306,42.841797700841994,43.05982364210589,12248800
2023-07-21,42.95989227294922,43.01439615545985,42.8417947518353,42.987144214204534,10494700
2023-07-24,42.91447067260742,43.032564726822244,42.83271138447167,42.87813244112387,6201900
2023-07-25,43.041656494140625,43.096160382896706,42.878137897062544,42.878137897062544,5737500
2023-07-26,43.096160888671875,43.232427542971145,42.78729280894451,42.78729280894451,11708800
2023-07-27,42.91447067260742,43.395940110848805,42.887215266292515,43.395940110848805,8082000
2023-07-28,43.268760681152344,43.40502385399077,43.15066315903539,43.24150527426101,7776900
2023-07-31,43.268760681152344,43.432279260882105,43.250591565026305,43.29601262263912,7654200
2023-08-01,42.787288665771484,43.01439742400892,42.69644654863836,42.90538619036825,8343900
2023-08-02,41.96060562133789,42.305811844090414,41.91518457067667,42.260390793429195,15392900
2023-08-03,41.833431243896484,41.960611590000205,41.6335778994783,41.66082984067066,14960900
2023-08-04,41.9515266418457,42.38757500588056,41.906105587022054,42.02419963648267,9944600
2023-08-07,42.28764724731445,42.296733537659584,42.033286564121184,42.214974251575406,8266900
2023-08-08,41.96969985961914,42.01512091888294,41.65174551396316,41.78801215715925,9403500
2023-08-09,42.006038665771484,42.169553788269084,41.91519308060089,42.06962884268854,8666400
2023-08-10,42.13321304321289,42.6510206763202,42.08779198977272,42.40574282925817,8764800
2023-08-11,41.89702224731445,42.042371712228636,41.79709384042259,41.86977030558198,7614200
2023-08-14,41.72441864013672,41.751670580431934,41.37921237964487,41.50639272156176,7069900
2023-08-15,41.14302444458008,41.47914444438746,41.088517093771564,41.470061618621735,7750600
2023-08-16,40.81598663330078,41.18844486116552,40.81598663330078,41.00675716004511,8465200
2023-08-17,40.54345703125,41.0158436705287,40.49803597207804,40.97950543702926,10996300
2023-08-18,40.54345703125,40.60704720717168,40.216419860564386,40.243671802986626,11576400
2023-08-21,40.67062759399414,40.716048642233616,40.434432598502724,40.634289369241024,10914300
2023-08-22,40.57979202270508,40.861408135768805,40.54345725441032,40.84323901891908,10252400
2023-08-23,41.01584243774414,41.097601727958164,40.734226334694824,40.7796473925016,10161700
2023-08-24,40.49803924560547,40.97950874947471,40.47987012738711,40.86141121375784,10026700
2023-08-25,40.75239181518555,40.90682409103186,40.39810274433411,40.761474639774754,10748200
2023-08-28,41.179351806640625,41.206603742147706,40.98857786187964,41.024916086158285,7763400
2023-08-29,41.70624923706055,41.71533206196148,41.03400583604649,41.07943035676433,8886700
2023-08-30,41.69715881347656,41.87884300162116,41.61539954264999,41.74257986051271,10957300
2023-08-31,41.5609016418457,41.75167216194725,41.43372129511134,41.7425893366396,9141700
2023-09-01,41.62449264526367,41.97878175120429,41.50639512148193,41.942443518439966,8335600
2023-09-05,41.25202941894531,41.515476376422825,41.25202941894531,41.50639008663163,9567800
2023-09-06,41.08851623535156,41.30654216862592,40.96133588486013,41.20661376026703,8972300
2023-09-07,40.92499542236328,41.052175765926584,40.825067019447985,40.97041647857811,10296300
2023-09-08,40.87049865722656,41.03401379498946,40.834160419765894,40.89775060261954,9008900
2023-09-11,41.33379364013672,41.36104558195898,41.124854000221944,41.252034349265315,6083200
2023-09-12,41.15210723876953,41.306542999906135,41.07034794532185,41.10668617916631,8404700
2023-09-13,41.07033920288086,41.21568864191417,40.98857992683688,41.10667742899018,6672100
2023-09-14,41.62449264526367,41.65174458713461,41.37013194672264,41.40647017948696,7694300
2023-09-15,41.53364562988281,41.82434452690037,41.49730740140457,41.697164192630716,9970200
2023-09-18,41.3781623840332,41.4421866685559,41.231820663829645,41.38730721508138,7494900
2023-09-19,41.387306213378906,41.53364793004054,41.27755079814812,41.460478816240595,9230400
2023-09-20,41.250099182128906,41.762296809001064,41.23180952497355,41.56107568968328,11025000
2023-09-21,40.56413650512695,40.92999258305848,40.55499167325663,40.84767513997699,11630500
2023-09-22,40.60986328125,40.93912950086236,40.564128663553056,40.81108094505842,11652600
2023-09-25,40.454376220703125,40.48181420208223,40.207423921106034,40.30803450491171,11703700
2023-09-26,39.87815856933594,40.22572149092207,39.84157575316537,40.11596606428617,13497100
2023-09-27,39.78669357299805,40.06108386534428,39.53059643201648,40.03364588282822,12446100
2023-09-28,40.11595916748047,40.23486289451345,39.768396305647954,39.8324205842669,13567400
2023-09-29,39.9879150390625,40.4909644935239,39.89644928157559,40.4909644935239,16047800
2023-10-02,39.365970611572266,39.75926473370157,39.24706684488923,39.740971578130136,16236200
2023-10-03,38.87205505371094,39.109859031793555,38.71656850824571,39.00925193776048,16168000
2023-10-04,38.890350341796875,38.945229796245485,38.57022542443951,38.936081475973104,14106100
2023-10-05,39.24705505371094,39.28364135386202,38.97266478070103,39.10071334216821,12624600
2023-10-06,39.65864562988281,39.75010789909115,38.90864385737633,39.15559617111314,11812900
2023-10-09,39.63121032714844,39.67694146484535,39.28364740034001,39.301940553231205,9131700
2023-10-10,40.134254455566406,40.28974100076591,39.969619590613,40.01535072219746,14448500
2023-10-11,40.308040618896484,40.41779605012248,40.07938143522266,40.36292007904061,8211200
2023-10-12,39.960472106933594,40.39949725964097,39.79583723853561,40.39949725964097,9695900
2023-10-13,39.60376739501953,39.951330309030254,39.50315680235364,39.84157488478656,10924200
2023-10-16,39.91474151611328,39.95132781826755,39.62205807700275,39.686082361241816,12284000
2023-10-17,39.92388916015625,40.106813689706534,39.54888829207936,39.56717795378499,15063700
2023-10-18,39.24705505371094,39.649493888188026,39.19217560348431,39.60376275752998,10263400
2023-10-19,38.92694091796875,39.347672981074936,38.853768304004745,39.13730694952184,17765500
2023-10-20,38.561073303222656,38.881194670998894,38.54278015519812,38.780587590455816,12890300
2023-10-23,38.57937240600586,38.83546953975566,38.250102668863676,38.39644438658667,14594500
2023-10-24,38.771446228027344,38.82632568194705,38.57022505271696,38.66169080924979,9538600
2023-10-25,38.43302917480469,38.744005748852636,38.39644287454925,38.60680886742556,12721300
2023-10-26,38.14949035644531,38.40559096766148,38.03059011490876,38.323273537103,16776800
2023-10-27,38.03059387207031,38.43303274508018,37.93912811293492,38.4147395932531,13817400
2023-10-30,38.55193328857422,38.570222949821755,38.295832673307046,38.4604675370282,14858800
2023-10-31,38.634254455566406,38.67998559122984,38.44217810328081,38.570226678763206,13692100
2023-11-01,39.02754211425781,39.04583526497663,38.65254124717643,38.744007000770516,13871800
2023-11-02,39.90559768676758,39.914742518004786,39.62205907154767,39.72266966046641,11560700
2023-11-03,40.41779708862305,40.536700844125996,40.28060366833103,40.289748500725565,12317000
2023-11-06,40.28974151611328,40.545842136573086,40.198279251774466,40.545842136573086,10769500
2023-11-07,39.9879150390625,40.07937730748752,39.850718147363075,39.96047356728548,10388600
2023-11-08,39.896446228027344,40.07022940942071,39.76839766640799,39.93303252822191,10982000
2023-11-09,39.87815856933594,40.33547691755796,39.869013737558824,40.22572149092207,12652000
2023-11-10,40.088523864746094,40.10681352637724,39.60376409403905,39.878154376308814,7520400
2023-11-13,40.143402099609375,40.21657470652198,39.83242549835466,39.887304953539115,7893800
2023-11-14,41.2318229675293,41.28669893500801,40.83852891830906,40.83852891830906,13479000
2023-11-15,41.19523239135742,41.40559838602295,41.15864609079081,41.25925667281816,17284700
2023-11-16,41.103759765625,41.268394601579075,40.98485954226123,41.0854666184011,9361200
2023-11-17,41.615966796875,41.63425994822039,41.39645246979217,41.45133192382835,6926500
2023-11-20,41.798885345458984,41.86290961612262,41.58851938626976,41.59766421533838,9554400
2023-11-21,41.634254455566406,41.82632728576075,41.57937500877028,41.80803413682871,7205700
2023-11-22,41.71657943725586,41.73487258950129,41.497065099372634,41.67084830117328,8971500
2023-11-24,41.990966796875,42.000111627825135,41.817187096328155,41.817187096328155,4556000
2023-11-27,41.88120651245117,41.926937640010244,41.771447619435754,41.87205819350253,10489700
2023-11-28,41.954376220703125,42.08242477533033,41.75315855874384,41.81718283605745,8909000
2023-11-29,42.054988861083984,42.21047889152393,41.93608513063716,42.064137180613066,9916700
2023-11-30,42.03670120239258,42.100725491213296,41.85377316759249,42.05499435477879,9636900
2023-12-01,42.466575622558594,42.48486877238681,41.945233064169905,41.98181936382634,14005700
2023-12-04,42.091575622558594,42.22876901544453,41.9635270602404,42.04584449159662,10810000
2023-12-05,41.954376220703125,42.10986624350861,41.88120711337105,41.98181768888141,9365600
2023-12-06,42.03670120239258,42.42999525604104,42.03670120239258,42.356826135558244,9458700
2023-12-07,42.237918853759766,42.36596742068201,41.97267339995696,42.155601419443784,17301000
2023-12-08,42.33852767944336,42.420845110338426,42.109868536852794,42.128161686947436,9501400
2023-12-11,42.45743179321289,42.4757249449757,42.2562141019458,42.329383219935124,13939100
2023-12-12,42.466575622558594,42.475720452941914,42.2104785030867,42.37511336247908,11187100
2023-12-13,43.15255355834961,43.17084670839742,42.283648120917455,42.466576132333955,12136100
2023-12-14,43.52755355834961,43.69218841649075,43.36291870020847,43.40864982990067,16856900
2023-12-15,43.079383850097656,43.40865359493906,43.079383850097656,43.35377763017339,18248300
2023-12-18,43.22765350341797,43.32031586673599,43.11645442562525,43.30178268710387,10386200
2023-12-19,43.64463424682617,43.66316742500333,43.46857435640666,43.54270706911528,9253400
2023-12-20,43.19058609008789,43.79289850664074,43.17205291090807,43.68170296640433,15779900
2023-12-21,43.922630310058594,43.922630310058594,43.60757333692056,43.718768876015616,13337700
2023-12-22,44.0245475769043,44.13574662579724,43.87628571322203,44.01528275691738,12007600
2023-12-26,44.21915054321289,44.284014897031646,43.92262677294368,44.061620301908654,7301600
2023-12-27,44.46934127807617,44.50640409667875,44.2654798689729,44.3025462224175,9921200
2023-12-28,44.39521789550781,44.62687735092892,44.367419892006964,44.534214982697584,11909200
2023-12-29,44.38594436645508,44.55273942442936,44.2932784815571,44.423007185572196,10489500
2024-01-02,43.89482498168945,44.11721957550737,43.848493805639684,43.959689335127564,17117300
2024-01-03,43.54270935058594,43.690971248929216,43.33884791479799,43.45931181184018,12564000
2024-01-04,43.64463424682617,43.85776402844229,43.52417389093812,43.53343871260555,14931900
2024-01-05,43.67243957519531,44.06162574619597,43.55197567400066,43.5890420335748,9963100
2024-01-08,44.12648010253906,44.14501327812381,43.6909628482437,43.73729401978468,8156500
2024-01-09,43.7280387878418,43.83923787472239,43.6539095980976,43.76510515013533,13219400
2024-01-10,43.96895217895508,44.024548169308005,43.820690313277765,43.885554658583985,10542900
2024-01-11,43.922630310058594,44.0894253861224,43.51490744197264,44.033825849153644,12648200
2024-01-12,44.08015060424805,44.35814117888803,43.99675307837185,44.21914765898901,7138500
2024-01-16,43.292510986328125,43.55196839026965,43.19984510289043,43.51490203689457,14475600
2024-01-17,42.81991958618164,42.83845276103762,42.54192903302526,42.69945925188026,10354600
2024-01-18,43.2091178894043,43.218382711277094,42.93112728026952,43.00525645977902,9243700
2024-01-19,43.34811019897461,43.35737855542731,42.95892406417577,43.10718595383851,9932800
2024-01-22,43.45930862426758,43.598302155420875,43.37591109163871,43.45930862426758,11607500
2024-01-23,43.38517761230469,43.412975612655615,43.181316183484896,43.292515254573345,8069900
2024-01-24,43.653900146484375,43.950423910945815,43.63536696935027,43.93189073381171,11566400
2024-01-25,43.76509475708008,43.783627933825706,43.55196852676843,43.75582993612828,13899200
2024-01-26,43.9504280090332,44.043090368501765,43.88556365043672,43.978226009905285,8717100
2024-01-29,44.20988464355469,44.25621582245073,43.867029677913166,43.92262921349383,9572100
2024-01-30,44.15428924560547,44.19135206832286,43.95969263583771,44.12648771001441,8228500
2024-01-31,43.90409469604492,44.46007589552662,43.83923034060013,44.33034718463704,14542800
2024-02-01,44.36741256713867,44.37667738849512,43.95968973061143,44.05235561838679,12761000
2024-02-02,44.05235290527344,44.09868407888656,43.83922667877947,44.061617726059275,11569700
2024-02-05,43.76509475708008,43.85776064080821,43.54270370581663,43.783627933825706,13406300
2024-02-06,44.03382110595703,44.043085927032614,43.737297343749276,43.7650953418181,12103700
2024-02-07,44.061622619628906,44.135755333516805,43.96896026211138,44.052357797814096,8819300
2024-02-08,43.98749542236328,44.00602860167024,43.8207003434432,43.97822706528854,10014100
2024-02-09,44.145023345947266,44.16355652575874,43.89483072075627,43.99676144229808,11254800
2024-02-12,44.2562141418457,44.40447602958828,44.11722061043579,44.13575378825889,8598000
2024-02-13,43.468570709228516,43.75582964460883,43.2925108335811,43.728028112254606,19980800
2024-02-14,44.00602340698242,44.01528822812098,43.74656246215561,43.78362881639402,10455600
2024-02-15,44.49714660644531,44.50641142891179,44.182089619946034,44.19135444241251,9979700
2024-02-16,44.534210205078125,44.738068100285794,44.395213132799924,44.49714384782495,9886800
2024-02-20,44.69173812866211,44.830735204695856,44.589807410883026,44.784404024298766,9318000
2024-02-21,44.71953582763672,44.728804184558975,44.51567792829907,44.59907546638707,10143000
2024-02-22,45.192115783691406,45.23844695632064,45.01605591376356,45.090185083001955,17006300
2024-02-23,45.26625442504883,45.32185396474344,45.15505888050224,45.247724779993256,7736300
2024-02-26,45.16432189941406,45.266249074542365,45.07165601087623,45.266249074542365,9505300
2024-02-27,45.247718811035156,45.27551680979411,45.14578810246278,45.201384099980686,8633700
2024-02-28,45.006797790527344,45.08093051146154,44.94193342713127,44.97899978759837,7449500
2024-02-29,45.10872268676758,45.2940509303177,44.91412962171895,45.238451396799995,17630500
2024-03-01,45.590572357177734,45.60910553406212,45.13651836061547,45.303313417732866,11199500
2024-03-04,45.4701042175293,45.553501738279564,45.38670669677902,45.433037867231015,9774600
2024-03-05,45.35891342163086,45.6461688292307,45.22918471692872,45.49790694745082,13584600
2024-03-06,45.905635833740234,46.04462937790952,45.78517193425281,45.8685694746914,13323300
2024-03-07,46.43381118774414,46.489407182027406,46.192883429710115,46.21141660608519,15544900
2024-03-08,46.304080963134766,46.66546905344309,46.22994826007571,46.6191378814521,10492500
2024-03-11,46.07242202758789,46.0909552035374,45.85002745103572,46.00755767918557,7569700
2024-03-12,46.4245491027832,46.4245491027832,45.97049859221127,46.137293667274314,8307400
2024-03-13,46.43381118774414,46.54500671115264,46.34114530586876,46.38748001422743,8727300
2024-03-14,46.12802505493164,46.49868156076159,45.94270033685908,46.48014838198585,12369600
2024-03-15,46.087947845458984,46.19978817769131,45.948144763663535,46.134547687610784,13766700
2024-03-18,46.097259521484375,46.25570322759434,46.059978231183266,46.237062582443784,12116700
2024-03-19,46.17183303833008,46.29299192749705,45.966789448446946,46.05067059382274,10424900
2024-03-20,46.675113677978516,46.72171351800021,46.11590493169851,46.153186225851826,15166000
2024-03-21,46.70307159423828,46.852193211435214,46.68443094767119,46.75898997859976,8951600
2024-03-22,46.54462814331055,46.69374976136362,46.498028304295175,46.67511267002933,9289600
2024-03-25,46.479393005371094,46.647155289400395,46.42347461425481,46.432793160994116,7858000
2024-03-26,46.54462814331055,46.72171250904469,46.5353095976434,46.703071862370585,12502400
2024-03-27,46.852195739746094,46.852195739746094,46.591233784403975,46.637833625666495,7233200
2024-03-28,46.75899124145508,46.82423528387189,46.69375075437816,46.69375075437816,8336000
2024-04-01,46.57258987426758,46.79627051879412,46.46074599666456,46.69374874199456,9987800
2024-04-02,46.28366470336914,46.28366470336914,46.13454309013986,46.255705511932305,15614500
2024-04-03,46.535316467285156,46.60055696260558,46.162510589448175,46.17183269183129,17859100
2024-04-04,46.162498474121094,46.87082874504233,46.11589864045666,46.842866000572144,17525700
2024-04-05,46.33026885986328,46.432790645141864,46.01338495779313,46.125228844646145,13240900
2024-04-08,46.553958892822266,46.64715858816706,46.4514370947387,46.58191809035761,14126200
2024-04-09,46.563270568847656,46.80559542952886,46.33026780952956,46.74967348737013,9098900
2024-04-10,45.864261627197266,46.06930519013882,45.6871808126004,45.873583728425466,14335600
2024-04-11,46.03202438354492,46.1159055187878,45.54737821940165,46.07862422415987,12987500
2024-04-12,45.23049545288086,45.75242292465842,45.16525496332617,45.612619843989776,14173500
2024-04-15,45.07205581665039,45.78970476564031,44.98817467831806,45.74310492330903,20120000
2024-04-16,44.59672927856445,44.811094958176255,44.44760764623027,44.68993252086092,16484100
2024-04-17,44.624691009521484,44.86701232327642,44.410328890146715,44.811093934516094,12166200
2024-04-18,44.57809066772461,44.885652468481204,44.48488742860137,44.689930999332454,13900800
2024-04-19,44.606048583984375,44.78312940023573,44.4755676082897,44.624689231275035,13900300
2024-04-22,45.0906982421875,45.24913842342779,44.77381432436671,44.86701401270332,9371200
2024-04-23,45.5473747253418,45.593974562381945,45.165250373069135,45.22117231072111,7996300
2024-04-24,45.41689682006836,45.58465908898986,45.23981600524674,45.56601844184971,7247700
2024-04-25,45.22118377685547,45.305064926932225,44.68061557517401,44.79245947883673,8433500
2024-04-26,45.556697845458984,45.63125687532383,45.398254129569104,45.416894775870254,9166200
2024-04-29,45.80834197998047,45.90154165765705,45.65922036249406,45.845619717847214,8218500
2024-04-30,45.165252685546875,45.724461424679326,45.146612038708476,45.60329899789965,10083400
2024-05-01,45.10934066772461,45.659227383386515,44.978856121437424,45.11865921478923,12336400
2024-05-02,45.77105712890625,45.85493825443086,45.35165150128319,45.62193552301133,18096900
2024-05-03,46.19047164916992,46.358233932516924,45.920187575406395,46.283671337544824,11883000
2024-05-06,46.553958892822266,46.57259954295932,46.39551514432753,46.4514370947387,8654000
2024-05-07,46.61919021606445,46.73103053953634,46.53530908462559,46.637830862533065,7874700
2024-05-08,46.57258987426758,46.58190841973129,46.33958712893759,46.37686486613218,6547600
2024-05-09,46.91743850708008,46.91743850708008,46.55395475010419,46.55395475010419,7109200
2024-05-10,46.93607711791992,47.085198743932104,46.88015517491285,47.06655809626308,8819900
2024-05-13,46.9267578125,47.05724235395796,46.86151731944113,46.97336121211938,6602000
2024-05-14,47.25296401977539,47.25296401977539,47.04792043772893,47.085201735435604,9694300
2024-05-15,47.72828674316406,47.72828674316406,47.35548444288683,47.49528397223824,8035100
2024-05-16,47.45800018310547,47.67236584979802,47.448681637107505,47.65372520246215,7410800
2024-05-17,47.62575912475586,47.64439977078875,47.38343783700764,47.46731896648581,7276900
2024-05-20,47.64440155029297,47.793523168786066,47.62576090356385,47.66304219702208,5731000
2024-05-21,47.56984329223633,47.61644313214695,47.467321511229024,47.49528070410742,6900100
2024-05-22,47.12248229980469,47.30888167475676,47.00131986181369,47.28092247958198,7250000
2024-05-23,46.86151123046875,47.53256027798431,46.74967090766274,47.49527898526905,12745600
2024-05-24,47.24364471435547,47.32752586149087,47.038604675511515,47.038604675511515,7106300
2024-05-28,47.25296401977539,47.52324809513841,47.11316093104549,47.50460744628508,7894200
2024-05-29,46.44211196899414,46.693751821849375,46.42347132149746,46.600552139705954,7938700
2024-05-30,46.86151123046875,46.96403300776582,46.70307106943855,46.74967090766274,9017300
2024-05-31,47.271610260009766,47.29025091106796,46.8801636984691,47.12248860688491,10547800
2024-06-03,47.39276123046875,47.55120496028674,47.187721213811436,47.46732382222782,9064800
2024-06-04,47.25296401977539,47.3275230598485,47.03860189097238,47.24364191767861,8275300
2024-06-05,47.57916259765625,47.58848469899113,47.20636031707981,47.476640815012246,7634500
2024-06-06,47.7003288269043,47.72828802245596,47.532566542913855,47.57916638728004,5781400
2024-06-07,47.1131591796875,47.420724541323935,47.10384063327736,47.30888065236154,6722400
2024-06-10,47.17839813232422,47.23432007498208,46.79627374584548,46.898795529714896,6424900
2024-06-11,46.647151947021484,46.749673730509045,46.414149186491564,46.67511469591626,13418500
2024-06-12,47.21567916870117,47.569844359580244,47.131798032844024,47.4580004748774,8405000
2024-06-13,46.553958892822266,46.87084283447125,46.36755594679219,46.861520731732476,5741300
2024-06-14,46.13454818725586,46.15318883538647,45.836304927846264,46.03202640020754,8666400
2024-06-17,46.30231475830078,46.320955408159776,45.86426837496543,46.02271212109668,8490400
2024-06-18,46.488712310791016,46.516671504667194,46.30230938915647,46.30230938915647,11838700
2024-06-20,46.488712310791016,46.572593447759566,46.33026858303265,46.41414972000119,8700500
2024-06-21,46.17921447753906,46.24506354884895,46.0475163349193,46.16980900528276,7126500
2024-06-24,46.58372116088867,46.80008292267435,46.536686619371004,46.536686619371004,7928200
2024-06-25,46.649574279785156,46.70601788760157,46.48024704484173,46.583725198252246,9191200
2024-06-26,46.33913040161133,46.414388530071115,46.18861773319683,46.263875861656615,8628400
2024-06-27,46.452022552490234,46.58372070284697,46.34854440906553,46.44261349117592,8564500
2024-06-28,46.489654541015625,46.64957630919969,46.29210728782292,46.480249066889954,9419000
2024-07-01,46.52727508544922,46.85652403558721,46.414391474104484,46.68719682431745,10764400
2024-07-02,46.63075637817383,46.65897638579229,46.33913647492936,46.40498914021502,10081100
2024-07-03,47.1857795715332,47.24222318362873,46.85653413890781,46.85653413890781,7160900
2024-07-05,47.48679733276367,47.61849548457097,47.20458649481867,47.61849548457097,7272900
2024-07-08,47.279842376708984,47.56205681111664,47.25162236867046,47.524427741394874,8229600
2024-07-09,47.11992263793945,47.26102985042609,46.99762995968474,47.26102985042609,17483700
2024-07-10,47.77841567993164,47.80663568625769,47.46798125632348,47.52442485748098,8188600
2024-07-11,47.96656036376953,48.21114214007427,47.928931294028615,48.0888494576691,7567600
2024-07-12,48.44631576538086,48.61564298135001,48.27698854941172,48.30520855590478,6815000
2024-07-15,48.079444885253906,48.352250263228136,48.02300127958507,48.352250263228136,6455700
2024-07-16,48.36165237426758,48.371057846972306,47.92892885974168,47.98536887298089,6099100
2024-07-17,48.08884811401367,48.286398930380884,48.01359356514014,48.10766264835843,7751700
2024-07-18,47.61849594116211,48.21114121848306,47.51501779560545,48.18292121096962,6991400
2024-07-19,47.33628463745117,47.50561185788646,47.261030088649655,47.4491682549062,10485600
2024-07-22,47.79723358154297,47.816048116587844,47.562057276240466,47.69375543304896,7532100
2024-07-23,47.552642822265625,47.65612095902579,47.5056082842397,47.59027188808845,5498100
2024-07-24,46.96000671386719,47.47739749813332,46.93178670327301,47.42095388843904,6900700
2024-07-25,46.66838455200195,47.09170260068528,46.42379919564915,46.56490640804542,8841400
2024-07-26,47.279842376708984,47.35510051615252,46.97881699594605,47.05407513538958,5992700
2024-07-29,47.091705322265625,47.20458894560326,46.875343548991125,47.20458894560326,9552900
2024-07-30,47.1951789855957,47.32688073024003,47.02585534806424,47.2234025822723,8415500
2024-07-31,47.891300201416016,48.126476494604766,47.75960205139119,47.928929269567526,7592900
2024-08-01,46.66838455200195,47.48679705378606,46.43320825701182,47.35509890275247,8740300
2024-08-02,45.849971771240234,46.10395901039935,45.50190827304872,46.01929540117782,13257200
2024-08-05,44.77756881713867,45.05978326516519,44.025005328914766,44.09085440985275,22549300
2024-08-06,44.85281753540039,45.11621380380549,44.32602141008516,44.40127953734663,13854100
2024-08-07,45.06918716430664,45.8499742231599,45.04096715589217,45.69946153077328,8239300
2024-08-08,45.84056091308594,45.87818997982174,45.27613926607017,45.50190648947435,8135100
2024-08-09,46.000484466552734,46.02870447346482,45.61479548856388,45.72767910471769,6351100
2024-08-12,46.01929473876953,46.15099647561152,45.859376583933795,46.01929473876953,5173900
2024-08-13,46.77186584472656,46.80949132719383,46.3015132230813,46.31091869657169,5785200
2024-08-14,46.95059585571289,46.98822492452725,46.7812686345538,46.85652677218251,5432900
2024-08-15,47.52442932128906,47.637312945701446,47.32688208144096,47.34569661692731,5473500
2024-08-16,47.806640625,47.85367516990421,47.57146431197324,47.59027884763607,5669100
2024-08-19,48.36165237426758,48.418095976012204,48.05122153593567,48.09825607647015,5242900
2024-08-20,48.22995376586914,48.39928098098438,48.13588109719102,48.305208312306256,4840200
2024-08-21,48.65327835083008,48.73794196978071,48.39928749397818,48.51217112307707,5308700
2024-08-22,48.31462097167969,48.79437905789948,48.276991901406,48.78497358458388,5982500
2024-08-23,49.24591827392578,49.29295640710795,48.68149656079709,48.75675470308398,5857000
2024-08-26,49.04836654663086,49.21769376278192,48.991926533584106,49.151844688557105,5216400
2024-08-27,49.23651123046875,49.3211748435891,49.057778530994966,49.11421854740478,5473200
2024-08-28,48.9919319152832,49.24591917890455,48.822604680531775,49.16125556152884,5682900
2024-08-29,49.123626708984375,49.43405755906678,49.08599763973027,49.19888125898701,6437400
2024-08-30,49.28354263305664,49.405835308327525,48.99192633084082,49.33998623437522,5128900
2024-09-03,48.42750549316406,49.029556274699,48.314621868752695,49.001336265722585,9777700
2024-09-04,48.27699279785156,48.521578170666565,48.11707462897736,48.11707462897736,9505500
2024-09-05,48.286399841308594,48.47453801129442,48.1170726175169,48.37105986469887,9941700
2024-09-06,47.38331985473633,48.3052105188611,47.29865624331132,48.27699051122128,8885200
2024-09-09,47.891300201416016,48.070032892377505,47.75960205139119,47.7972311195427,6081100
2024-09-10,47.70315933227539,47.82545201177902,47.29865581342188,47.75960293554757,6381000
2024-09-11,47.97596740722656,47.99478194271283,47.157554850355474,47.703162025434295,8049200
2024-09-12,48.408695220947266,48.41810428377186,47.825458923533915,47.96656615785448,6521300
2024-09-13,48.54039001464844,48.719126310817515,48.45572639764881,48.502764531486434,4772200
2024-09-16,48.92607879638672,48.93548785851202,48.60623886573609,48.73794061594992,7249300
2024-09-17,48.69090270996094,48.94489356094492,48.5215790644774,48.907268077785126,8026200
2024-09-18,48.521575927734375,49.142441216056625,48.42750325465188,48.719123158449285,8496600
2024-09-19,49.4528694152832,49.54693849481803,49.05777497503051,49.37761486935642,5994800
2024-09-20,49.00386047363281,49.19251897869094,48.80577066258453,49.19251897869094,5783800
2024-09-23,49.20195388793945,49.24911761806755,49.06045909919319,49.10762642768325,8026800
2024-09-24,49.50381088256836,49.53210840371878,49.230256183573296,49.38118229364604,6856300
2024-09-25,49.19252395629883,49.56040609928788,49.173657744047844,49.56040609928788,7740300
2024-09-26,50.286739349365234,50.37163550577122,49.984887148446624,50.154675862896525,7675600
2024-09-27,49.97545623779297,50.35277331828247,49.899994980712485,50.19241229964761,7370200
2024-09-30,49.815093994140625,49.98488630408441,49.51324179832101,49.98488630408441,8297500
2024-10-01,49.4660758972168,49.84339295206605,49.21138742494787,49.8056605269087,9508300
2024-10-02,49.38118362426758,49.513247122706815,49.183093774152326,49.37175231641741,18025500
2024-10-03,48.91897201538086,49.05103191017028,48.74917969397668,48.94726953616081,10946000
2024-10-04,49.21139144897461,49.23969256933787,48.94727164800027,48.99443538412248,7660500
2024-10-07,48.93783950805664,49.12649804770026,48.74918096841303,49.09819692781819,9049400
2024-10-08,48.862369537353516,48.89067065427268,48.70201213438011,48.852938230621774,7346600
2024-10-09,48.88124084472656,48.92840458002572,48.58881992849202,48.60768614228416,7445600
2024-10-10,48.79634475708008,48.82464227863074,48.50392384039467,48.69258238024454,9757000
2024-10-11,49.04159927368164,49.098194313707815,48.768044585681245,48.78691079847736,6439400
2024-10-14,49.14535903930664,49.1830914656611,48.85294173096515,48.89067415731961,5569400
2024-10-15,48.44732666015625,49.013298656377,48.3907280211893,48.96613492308564,9881600
2024-10-16,48.63597869873047,48.6737075213094,48.53221634032453,48.588811373373794,7796500
2024-10-17,48.61711883544922,48.777476247839815,48.56052019664903,48.76804494055421,7427300
2024-10-18,48.89067840576172,48.90954102221582,48.71145116418488,48.824644854722195,6601800
2024-10-21,48.33413314819336,48.673714188086066,48.23980208292132,48.63598536033946,5380900
2024-10-22,48.08887481689453,48.136038549211804,47.96624623417992,48.022844871977924,7385200
2024-10-23,47.62666702270508,47.78702443838488,47.40027606122283,47.67383075682489,5952300
2024-10-24,47.79645538330078,47.928518875541634,47.57006802189807,47.91908396977189,10057900
2024-10-25,47.645530700683594,47.97568404361284,47.54177192264995,47.87192166721685,6463300
2024-10-28,47.99454879760742,48.07001005191514,47.796455358529926,47.81532157169741,6096600
2024-10-29,47.83418655395508,47.99454756257106,47.76815660874912,47.87191897931909,10640200
2024-10-30,47.59836196899414,47.83418421846204,47.49459960349035,47.53233202701208,6885100
2024-10-31,47.258785247802734,47.40971136873737,46.881471744647435,47.381413845550426,11686300
2024-11-01,47.36254119873047,47.63609588026363,47.305946160042275,47.532333511519184,8733500
2024-11-04,47.42856979370117,47.777589314707065,47.390840968436244,47.63609452528716,11765000
2024-11-05,47.92852020263672,47.94738641633637,47.532336911668686,47.532336911668686,9292200
2024-11-06,47.31538391113281,47.334250126052375,46.87203685642949,47.249353958095625,9072500
2024-11-07,48.03227233886719,48.08887097214007,47.76815258031739,47.824751213590275,12732500
2024-11-08,47.40027618408203,47.541770985170466,47.16445391450949,47.522904771801194,9223900
2024-11-11,47.38140869140625,47.541769701534186,47.3248100528266,47.49460237020339,7435600
2024-11-12,46.60791778564453,46.994666201740934,46.36266418451424,46.97579998652128,20244700
2024-11-13,46.34379196166992,46.46641694715767,46.07023727399019,46.46641694715767,11300900
2024-11-14,46.38151931762695,46.70223772788736,46.33435558636908,46.63620778445393,11520100
2024-11-15,46.24946975708008,46.372098364420005,46.136276057115516,46.372098364420005,10970600
2024-11-18,46.56074523925781,46.645641392505844,46.23059193291018,46.268324356211956,12142200
2024-11-19,46.504150390625,46.589046550785184,46.136268229384946,46.20229817635817,10521400
2024-11-20,46.37208938598633,46.37208938598633,46.070237178949384,46.30605944059463,9005500
2024-11-21,46.485286712646484,46.532454047367395,46.20230069613316,46.37209302571364,12278500
2024-11-22,46.692806243896484,46.739969974975494,46.40038535382741,46.46641529701042,8174700
2024-11-25,46.91919708251953,47.07955448749054,46.76827098439775,47.02295585130911,9054400
2024-11-26,46.63621139526367,46.78713750599155,46.494720190535084,46.7588399847183,8338900
2024-11-27,46.8814697265625,46.966365890831405,46.73054361212471,46.824871084262426,8229600
2024-11-29,47.44744110107422,47.466307314913784,46.99466276401173,47.0229602855899,5491000
2024-12-02,47.49460983276367,47.59837222061555,47.164460051746545,47.4663123082087,9293000
2024-12-03,47.69269561767578,47.81532060323744,47.48517087539889,47.66439449931665,10515400
2024-12-04,47.70213317871094,47.82476177871155,47.64553453293466,47.74929691767652,8881800
2024-12-05,47.91908264160156,48.013413704873315,47.834186483838046,47.909651334455454,9564000
2024-12-06,47.85305404663086,48.07001010073395,47.76815788647206,48.060578793321746,6815900
2024-12-09,47.73986053466797,48.14547512370944,47.73986053466797,48.07001027069603,8655500
2024-12-10,47.390846252441406,47.70212978616605,47.38141134630172,47.64553114441504,8813900
2024-12-11,47.73042297363281,47.777590303323414,47.56063066216037,47.68325924230426,10432000
2024-12-12,47.26821517944336,47.65496354853061,47.249348966516884,47.48517123055453,10216500
2024-12-13,47.14558410644531,47.353108839322005,47.03239043322257,47.32480772224482,10514700
2024-12-16,46.9474983215332,47.14558816632174,46.89089968086692,46.98523074864406,27011200
2024-12-17,46.83430099487305,46.98522709321217,46.777702358610114,46.87202982068631,11807500
2024-12-18,45.67405319213867,46.92862933163539,45.626889460221506,46.86259938727894,12065600
2024-12-19,45.56085968017578,45.94760804067065,45.53256216059585,45.88157809607607,21518700
2024-12-20,45.544578552246094,45.89882378086875,45.08501628618194,45.13288667076183,21038900
2024-12-23,45.81266403198242,45.860538077620966,45.42969723281236,45.59245730069733,23194300
2024-12-24,45.99457931518555,46.052022329649894,45.71692590435084,46.052022329649894,12487500
2024-12-26,46.176490783691406,46.23393745354582,45.97543291761692,46.10947149499991,15281600
2024-12-27,46.06159591674805,46.17648559126051,45.898832196601575,46.052019646710484,22394000
2024-12-30,45.77437210083008,45.956281065226854,45.56373797721913,45.84139138520137,17423400
2024-12-31,45.783939361572266,46.01372234701191,45.678622312090624,45.93712680110647,14787400
2025-01-02,45.68819808959961,45.98499669609627,45.53501065171458,45.89882853401865,13721300
2025-01-03,45.95627975463867,45.98500126075669,45.70735151296958,45.89883309012566,13622400
2025-01-06,46.40626525878906,46.70306386764765,46.33924598244831,46.41583787586204,11852500
2025-01-07,46.25307846069336,46.77966006164416,46.17648291394147,46.71264078437461,11744600
2025-01-08,46.19563293457031,46.272228483202355,45.88925804459572,46.032872872142406,10278100
2025-01-10,45.50628662109375,45.94670371164244,45.40096957014247,45.94670371164244,14645500
2025-01-13,45.38182830810547,45.39140092617683,45.037155621104226,45.123323792854535,13679300
2025-01-14,45.55416488647461,45.630756788271434,45.324381876530055,45.51586710943768,16618600
2025-01-15,46.119041442871094,46.243507394208606,45.946708747843054,46.20520961652366,9213400
2025-01-16,46.2722282409668,46.42541568515215,46.09031564005641,46.20520531012624,20460100
2025-01-17,46.50200653076172,46.73178951798801,46.4349872537117,46.50200653076172,8939500
2025-01-21,47.40198516845703,47.4211340562457,47.03816725730314,47.11475915618089,17207900
2025-01-22,47.29666519165039,47.52644450863022,47.29666519165039,47.52644450863022,7315700
2025-01-23,47.622196197509766,47.65091770344369,47.31581764101444,47.37326430515924,9509900
2025-01-24,47.8902702331543,48.033881405827294,47.804102068639814,47.83282357271907,8032400
2025-01-27,47.804107666015625,47.823256555069506,47.612622427753934,47.631771316807814,17764500
2025-01-28,47.7562370300293,47.79453115566788,47.497732507513945,47.74666075941181,8915200
2025-01-29,47.7562370300293,47.89984821879752,47.5934733000261,47.775385918987155,9510800
2025-01-30,48.27323532104492,48.493445685525344,48.043455991909,48.19664342875848,12208500
2025-01-31,47.81367111206055,48.40727560202529,47.765800724747635,48.19664151511674,14215900
2025-02-03,47.22007369995117,47.497727079695444,46.79880914784989,46.92327143343729,14542000
2025-02-04,47.79452896118164,47.87112451349617,47.48815405647742,47.497730326655216,8354100
2025-02-05,48.254093170166016,48.32111244980228,48.00516128670833,48.07218056634459,11821800
2025-02-06,48.45515060424805,48.57961654493702,48.349833550763286,48.39770394263542,9964500
2025-02-07,48.07217788696289,48.56046535684225,47.96686083846826,48.46472092535776,13414400
2025-02-10,48.37855911254883,48.41685689016897,48.254096813699,48.29239093904205,7178100
2025-02-11,48.57004165649414,48.63706093747646,48.27323937480322,48.29238826255201,7684800
2025-02-12,48.6657829284668,48.79024521231961,48.13919768033315,48.2062169569544,10303500
2025-02-13,49.297691345214844,49.307263964225264,48.847701553899945,48.86685044419818,10109000
2025-02-14,49.316829681396484,49.59448307344741,49.307257063725736,49.537040062869195,8277000
2025-02-18,49.65192794799805,49.690225721855406,49.50831312217133,49.61363017414069,10253100
2025-02-19,49.22108459472656,49.30725275534152,49.04874827349664,49.21151197789226,7659600
2025-02-20,49.412574768066406,49.46044516160221,49.18279176590687,49.3455554866609,6989700
2025-02-21,49.058326721191406,49.47001500432676,48.95300966995436,49.47001500432676,8430500
2025-02-24,49.01045227050781,49.31682715213511,48.914711489603036,49.23065898841014,12448900
2025-02-25,49.36470031738281,49.546609258779036,49.1349173341085,49.53703664176939,10265100
2025-02-26,49.4412956237793,49.824266071585036,49.335978568018874,49.508314904303774,13514600
2025-02-27,48.85727310180664,49.30726288325636,48.83812421192822,49.26896510349951,12252100
2025-02-28,48.895565032958984,48.91471392054693,48.436002687678894,48.713656079288796,13025300
2025-03-03,49.2593879699707,49.872137780811244,48.99130718852024,49.76682072227109,13698800
2025-03-04,49.12535095214844,49.64235633865051,48.42643294888495,48.86684643275886,14522700
2025-03-05,50.2838249206543,50.389141969090566,49.76681594775441,49.76681594775441,18658400
2025-03-06,49.814697265625,50.37957675202493,49.76682686554584,49.996609899114205,21122800
2025-03-07,50.341270446777344,50.389140835277615,49.776391097010475,49.891280759866426,12723900
2025-03-10,49.18278884887695,49.69979783386443,48.84769246172398,49.57533189623189,14215500
2025-03-11,49.04875183105469,49.30725633164917,48.6753576587327,49.26895855698107,16648900
2025-03-12,49.412574768066406,49.54661333087742,49.077474708761955,49.4221473858628,12650500
2025-03-13,49.0391845703125,49.28811282829319,48.91471861518355,49.16364687316423,13255900
2025-03-14,49.977455139160156,49.99660402739841,49.46044611355811,49.46044611355811,14118700
2025-03-17,50.57105255126953,50.6380718293078,50.10191760500169,50.13063910922474,15984600
2025-03-18,50.504032135009766,50.58062768091394,50.23595502889843,50.494459517910066,11004100
2025-03-19,50.733821868896484,50.8870093288047,50.36042401136039,50.40829806005688,13407700
2025-03-20,50.341270446777344,50.389140835277615,50.006170422722384,50.044468194433215,8143200
2025-03-21,50.06426239013672,50.14121210618516,49.862274889256184,50.025787532112496,8198000
2025-03-24,50.131587982177734,50.20853769273884,49.94883792334135,50.04502139237857,10202000
2025-03-25,50.400909423828125,50.50670977446257,50.27586797596021,50.4586180388716,10177500
2025-03-26,49.79494094848633,50.2181533386864,49.698753812647176,50.121969872011306,15041900
2025-03-27,49.85265350341797,49.97769127694857,49.66028289984863,49.737228939777914,11063900
2025-03-28,49.28516387939453,49.66028455078523,49.227451595655886,49.650664002246685,11998600
2025-03-31,48.89080810546875,49.035083317931175,48.43873770092484,48.640725199870865,18049300
2025-04-01,49.063934326171875,49.208213198093375,48.69843421052191,48.99660516438561,13168500
2025-04-02,49.19859313964844,49.23706432306588,48.602243932129426,48.66957308956482,11739200
2025-04-03,48.16941833496094,48.83309308107253,48.07323119621451,48.708051635284264,17045400
2025-04-04,45.120357513427734,46.51503994854568,45.03379091623657,46.37076106350558,36603400
2025-04-07,44.13926696777344,45.735936773960326,43.42750048926106,43.744908873147885,51925000
2025-04-08,43.908424377441406,45.7070816379458,43.417879153290336,45.7070816379458,36120600
2025-04-09,47.188331604003906,47.35184423636662,43.72567165649689,43.975754548440555,33572600
2025-04-10,46.25533676147461,46.524653413337454,45.24539564782474,46.41884939463014,27617300
2025-04-11,47.52497482299805,47.6115414086895,46.47655891591893,46.58236292833781,17136400
2025-04-14,48.0732307434082,48.28483877749302,47.659635223604674,47.87124325768949,9952700
2025-04-15,48.40026092529297,48.64072327236583,48.29445690551463,48.29445690551463,8984100
2025-04-16,48.294456481933594,48.756143743964415,48.09246899276339,48.45797278447437,9296800
2025-04-17,48.8138542175293,49.08317085976937,48.63110416303268,48.64072104204237,9870700
2025-04-21,48.583011627197266,49.17936089758019,48.25598268411009,49.035082019773036,13408400
2025-04-22,49.535240173339844,49.74684819869824,49.18897382972211,49.265923536821155,15400300
2025-04-23,49.67952346801758,50.28548595420033,49.54486146859043,49.98731498552243,10911000
2025-04-24,50.3143424987793,50.32395937816809,49.79494295184352,49.91998439888307,8252300
2025-04-25,50.42975997924805,50.458614284622946,50.0931141859943,50.23738938203278,7631800
2025-04-28,50.776031494140625,50.814506351336796,50.45861942601868,50.49709428321486,18104800
2025-04-29,50.92992401123047,51.0068700515596,50.73755340666149,50.79526568878142,11431000
2025-04-30,50.85297775268555,50.97801920451547,50.295106997658195,50.58366108951126,10984700
2025-05-01,50.6413688659668,51.05496437281938,50.57403970616885,51.026106397788816,9317900
2025-05-02,51.56474685668945,51.709022065010764,51.42046797920387,51.497417692306655,9884400
2025-05-05,51.660926818847656,51.805205686530336,51.660926818847656,51.73787652672216,8481300
2025-05-06,51.65131378173828,51.795588990988044,51.5936014965398,51.641693232956385,17269100
2025-05-07,51.468563079833984,51.68017113553528,51.31466731273245,51.56475022750026,10961000
2025-05-08,51.29542922973633,51.68978732902452,51.29542922973633,51.68978732902452,12892300
2025-05-09,51.632076263427734,51.73788028485856,51.46855995689893,51.73788028485856,11729400
2025-05-12,51.88215255737305,51.88215255737305,51.47817759204466,51.7186399292632,12161700
2025-05-13,51.96872329711914,52.093764749827805,51.75711891849414,51.8052106559469,9975800
2025-05-14,51.757118225097656,52.161093217285945,51.70902281912487,52.1418557887297,11755400
2025-05-15,52.30536651611328,52.31498339478316,51.98795448254816,52.09375849373653,9895900
2025-05-16,52.42079162597656,52.44964593347299,52.141854422963696,52.28613329877428,10793700
2025-05-19,52.84400177001953,52.84400177001953,52.34383966959466,52.36307709682224,9975100
2025-05-20,53.094085693359375,53.11332312096325,52.89209820726492,52.930569393308524,14531300
2025-05-21,52.80553436279297,53.334550807326586,52.77667638530487,53.15179707017117,16508100
2025-05-22,52.74781799316406,52.90171374091653,52.51697253695333,52.56506793932177,12009200
2025-05-23,52.93056869506836,53.02675583181886,52.37269797857182,52.37269797857182,12360500
2025-05-27,53.67118835449219,53.76737548267203,53.575004895476106,53.738517509636196,12582300
2025-05-28,53.18064880371094,53.33454454530933,53.0940822197391,53.25759483992818,12534800
2025-05-29,53.39225769042969,53.498061709734024,53.161415893005874,53.44035309496018,11628800
2025-05-30,53.459590911865234,53.53653695517823,53.07484968780756,53.41149550698484,14170800
2025-06-02,54.07516860961914,54.08478548814959,53.459585647081816,53.594243961491365,11474800
2025-06-03,53.68081283569336,53.74814199577134,53.42111307432228,53.62310055455622,16827000
2025-06-04,53.959747314453125,54.113643064391354,53.81547211279084,53.873180725790114,12306100
2025-06-05,53.959747314453125,54.21944708044216,53.86356384667827,54.19059277394253,14319000
2025-06-06,54.13288116455078,54.20021032666278,53.98860596109542,54.08478943006566,9887400
2025-06-09,54.15211868286133,54.3444892902881,54.0463146653184,54.075172641389116,11053500
2025-06-10,54.277156829833984,54.37334029312057,54.132877965740185,54.34448598796738,10078900
2025-06-11,54.26753616333008,54.51761903799058,54.219444431791956,54.41181502710836,16068500
2025-06-12,54.69075393676758,54.72922879088063,54.48876645642011,54.565712495482174,9588500
2025-06-13,54.027076721191406,54.32525134331073,53.89241839802917,54.036697269511066,12588200
2025-06-16,54.29639434814453,54.73884415067332,54.25791949509926,54.498381822886294,13452500
2025-06-17,53.613487243652344,54.10402882389,53.55577495867439,54.065553967238024,12149200
2025-06-18,53.75776290893555,54.04631699794757,53.6423420071636,53.84432950255558,18749600
2025-06-20,53.32245635986328,53.84598681899951,53.32245635986328,53.82659639106714,14499600
2025-06-23,53.729644775390625,53.729644775390625,52.96374320549535,52.973436570383086,25964800
2025-06-24,54.437381744384766,54.495549329641086,54.117445232091164,54.19500694356088,22023200
2025-06-25,54.165916442871094,54.224087723241105,54.01079672689683,54.15622307864897,12783800
2025-06-26,54.75731658935547,54.80579081164903,54.48585798583465,54.582806430421776,15078700
2025-06-27,55.09664535522461,55.30993268000436,54.85427053743462,55.06755786221438,11093400
2025-06-30,55.271148681640625,55.30023617299842,54.96090922836163,55.03847094085438,15742500
2025-07-01,55.23236846923828,55.300233114743335,55.07724875117733,55.13541633398406,14596800
2025-07-02,55.406883239746094,55.416576604907824,54.9415203483687,55.03847249171653,10927900
2025-07-03,55.47474670410156,55.562001782074844,55.35840413457316,55.38749162612828,7279700
2025-07-07,54.786399841308594,55.174201012514516,54.65067054089034,55.07725256888607,15994700
2025-07-08,55.183895111083984,55.242066397041945,54.883352712833116,54.989998221249664,14520300
2025-07-09,55.56200408935547,55.581394518415415,55.271151351802494,55.41657772057898,9479400
2025-07-10,55.60078048706055,55.6395613446489,55.33901894420449,55.465051183847436,8208900
2025-07-11,55.13542175292969,55.23237389771278,55.048166671797986,55.20328640510477,9424800
2025-07-14,55.20328903198242,55.23237652597458,54.94152377613108,54.98030463588972,10144900
2025-07-15,54.65066909790039,55.26145463200149,54.62158530524899,55.23237083935009,9655900
2025-07-16,54.91242980957031,54.92212687188705,54.46646109998753,54.650664602203285,15045300
2025-07-17,55.03847122192383,55.05786165014604,54.699144275554175,54.78639935338111,12344500
2025-07-18,54.91242980957031,55.30992430260639,54.85426222905252,55.30992430260639,7999000
2025-07-21,55.271148681640625,55.51352348566147,55.11602895500113,55.212981095617074,9228500
2025-07-22,55.53291702270508,55.57169788112254,55.13542246979165,55.271151775906546,12246600
2025-07-23,56.715702056884766,56.73509248429546,56.14369739247979,56.19217161183359,12462600
2025-07-24,56.318206787109375,56.5605815789805,56.29881635995819,56.4442427144192,9123800
2025-07-25,56.25034713745117,56.25034713745117,55.87224302028405,55.959498101041554,7312300
2025-07-28,55.41657638549805,55.78498713206897,55.31962794088017,55.71712248116723,11187700
2025-07-29,55.397186279296875,55.4844413592992,55.29054077058891,55.47474799411944,11933800
2025-07-30,54.98029708862305,55.38748866350005,54.78639651479332,55.2420623085413,13314900
2025-07-31,54.505245208740234,54.844568443184244,54.38890264406296,54.844568443184244,19166500
2025-08-01,54.31134796142578,54.39860304110876,53.981718071328565,54.34043175520474,14943600
2025-08-04,55.06755447387695,55.07725153706577,54.86396052706371,54.902741383126994,12578700
2025-08-05,55.16450500488281,55.26145344386703,54.96090736566254,55.16450500488281,8942400
2025-08-06,55.591087341308594,55.64925862792079,55.290541241331496,55.44566097395119,8019200
2025-08-07,55.988582611083984,56.17278614021798,55.726817365464385,56.153395711096586,10237700
2025-08-08,56.25034713745117,56.35699264708213,56.09522740480963,56.16309205669367,7640800
2025-08-11,56.02735900878906,56.15339124052499,55.95949436144021,56.046749436366724,10040100
2025-08-12,56.657535552978516,56.667232616674625,56.15339549282039,56.23095720900449,8588100
2025-08-13,56.91929626464844,56.96777048423002,56.78356697048163,56.851431617565034,8893500
2025-08-14,56.82234573364258,56.84173616043056,56.59936137309944,56.61875179988742,9971200
2025-08-15,57.07441329956055,57.15197500591661,56.9968552915502,57.12288751686023,8013600
2025-08-18,57.01625061035156,57.02594397530494,56.85143381937586,56.99686018209877,12094000
2025-08-19,56.948387145996094,57.21984575049338,56.89990922518205,57.1422840358678,13533800
2025-08-20,57.093807220458984,57.142281440725434,56.91929706882301,57.05502636490745,10937400
2025-08-21,56.82234573364258,56.92899123180359,56.696309808693584,56.82234573364258,9940100
2025-08-22,57.74337387084961,57.850015676585194,57.0356398963537,57.055026625872195,8334100
2025-08-25,57.025943756103516,57.58825507823486,57.025943756103516,57.51069336552184,11252100
2025-08-26,57.04533386230469,57.0647242903735,56.86113034316998,56.8999075009616,10959900
2025-08-27,56.97746658325195,56.996857010425735,56.59936249922779,56.63813965522952,8263400
2025-08-28,57.21014404296875,57.268315324215884,57.06472138736962,57.19075731423218,9558600
2025-08-29,56.91929626464844,57.00655133923365,56.79326403340548,56.88051540964481,13976400
2025-09-02,56.415157318115234,56.48302196648998,56.04675028360833,56.13400535985386,13307700
2025-09-03,56.541194915771484,56.58966913770347,56.32790390125546,56.405465615023495,14512900
2025-09-04,56.89021301269531,56.90960344038122,56.58966693108259,56.66722864182623,8704900
2025-09-05,57.16167449951172,57.53008524751647,56.996861403350664,57.38465888167756,12146000
2025-09-08,57.714290618896484,57.743378112002574,57.42344157625916,57.568867946750935,8503300
2025-09-09,57.559165954589844,57.66581145737309,57.433133722524104,57.53977552696144,11960500
2025-09-10,57.59794616699219,57.830627597590116,57.530081520223185,57.7336754605302,10548400
2025-09-11,58.237815856933594,58.25720628447168,57.772456691057315,57.772456691057315,11815900
2025-09-12,57.995445251464844,58.10209076145845,57.879106376174626,57.96636145722883,9183400
2025-09-15,58.46080780029297,58.47050486449131,58.208739606331704,58.35416228418946,22308900
2025-09-16,58.392940521240234,58.518976461732436,58.19903992779367,58.518976461732436,15148200
2025-09-17,58.1893424987793,58.67409209937058,57.91788390591888,58.29598800264473,12221000
2025-09-18,58.37354278564453,58.43171406590126,58.034219563344614,58.23781349672456,16783200
2025-09-19,58.107608795166016,58.24398816745696,58.02967560182308,58.2050215707855,15449000
2025-09-22,58.419334411621094,58.44855750123276,58.07838226322838,58.22450514340514,10972500
2025-09-23,58.33165740966797,58.750539006864905,58.24398443081142,58.750539006864905,13985500
2025-09-24,57.922523498535156,58.17580267911643,57.86407731536983,58.04916308882579,10955300
2025-09-25,57.53286361694336,57.601053302041656,57.29906775656412,57.55234691497989,14587900
2025-09-26,57.873809814453125,57.88354960506687,57.64975746974711,57.65949726036085,10880300
2025-09-29,58.166053771972656,58.19528057690181,58.02967440250031,58.06864099836644,12227500
2025-09-30,58.37062454223633,58.429074437753904,58.07838249676687,58.09786579527273,14228100
2025-10-01,58.808990478515625,58.90640697271806,58.64338801246043,58.65312780385103,13793900
2025-10-02,58.93562698364258,59.10122944104527,58.6239016506006,59.062266561459346,14710400
2025-10-03,59.481143951416016,59.5688169273631,59.24734811020417,59.305797999521836,10005900
2025-10-06,59.598045349121094,59.7344247203453,59.49088906714231,59.60778514018318,9944100
2025-10-07,59.08175277709961,59.46166781325335,59.052525970892894,59.442184514468636,9942700
2025-10-08,59.26683807373047,59.315544462278226,59.1109754007421,59.19864838655176,10158000
2025-10-09,58.76028060913086,59.32528509386244,58.61415773451157,59.30580179617593,12014800
2025-10-10,57.64976119995117,58.68235372659404,57.57182800576262,58.60442053240549,14102800
2025-10-13,58.253726959228516,58.321916644204165,57.94200162332293,58.0004515173274,10517200
2025-10-14,58.429073333740234,58.63364239009761,57.76665606129422,57.82510595570739,14567200
2025-10-15,58.83821487426758,58.98433403549595,58.4680396435826,58.7505418911069,10995400
2025-10-16,59.091495513916016,59.403220877891044,58.896666232416756,59.188908296635915,13762200
2025-10-17,59.140193939208984,59.18890032400828,58.770022441887164,58.90640180574878,10372100
2025-10-20,59.656490325927734,59.70519670934142,59.3934713962232,59.3934713962232,7678300
2025-10-21,59.12071228027344,59.35450813627093,59.0914891917959,59.32528504779339,8757200
2025-10-22,59.140193939208984,59.32528340392885,58.877175002022035,59.179160533472,10557400
2025-10-23,59.44218444824219,59.54934073340909,59.237615385319515,59.237615385319515,6856700
2025-10-24,59.63701248168945,59.72468546627317,59.53959598989688,59.63701248168945,8572200
2025-10-27,60.07537078857422,60.09485408599223,59.92925163202765,60.05589120721522,16256400
2025-10-28,60.065635681152344,60.20201505765277,59.8708064078406,59.96822290252612,13252500
2025-10-29,59.72468185424805,60.14356345347504,59.44217961922352,60.094853352495036,16800300
2025-10-30,59.45191955566406,59.69545519692575,59.33502348835497,59.38372987339551,13562000
2025-10-31,59.40321731567383,59.490890301288054,59.16942516474204,59.490890301288054,10372700
2025-11-03,59.54933547973633,59.58829835776561,59.29605633422177,59.58829835776561,9490600
2025-11-04,58.76028060913086,59.09148923768339,58.73105752063063,58.8089869953176,13680200
2025-11-05,59.13045883178711,59.2181318177931,58.7505437977809,58.760283589088566,9545100
2025-11-06,58.85769271850586,59.15967825515646,58.682350473420534,59.091488572051325,14435400
2025-11-07,59.04278564453125,59.04278564453125,58.39985165469854,58.61416050726995,14800600
2025-11-10,59.76364517211914,59.81235527345741,59.34476356981122,59.52010952966379,10063100
2025-11-11,60.13382339477539,60.221496379083774,59.91951082956397,59.95847742615862,7046900
2025-11-12,60.52348327636719,60.59167296389672,60.27994761631621,60.27994761631621,11640200
2025-11-13,59.81235885620117,60.50399923034927,59.73442566223896,60.42606603638706,13987900
2025-11-14,59.73442459106445,59.89028726013467,59.31554297117714,59.373992865600655,11976300
2025-11-17,58.96485137939453,59.54933917884864,58.76028232181222,59.32528682301194,11612500
2025-11-18,58.36088180541992,58.5459675577951,57.961483496356294,58.243985736343966,21744000
2025-11-19,58.166053771972656,58.516745702649594,57.91277833096104,58.24398696370491,14901100
2025-11-20,57.37700271606445,58.701833578824456,57.35751941742779,58.54597090579038,19243500
2025-11-21,58.22450256347656,58.370621721119576,57.591308398846365,57.84458755112206,16449300
2025-11-24,58.50700759887695,58.50700759887695,58.01993628468202,58.117349061097315,24632500
2025-11-25,59.0622673034668,59.07200709447087,58.39985003341578,58.60441908903353,16452800
2025-11-26,59.695457458496094,59.8026137392803,59.26683605141837,59.26683605141837,10988000
2025-11-28,59.97795867919922,59.98770218604522,59.67597313997716,59.75390633050893,5615400
2025-12-01,59.67597579956055,59.95847805373996,59.646752709838275,59.75390899356558,10104700
2025-12-02,59.87080383300781,59.91951022022623,59.656494986034936,59.90003063818618,16957100
2025-12-03,60.1922721862793,60.22149527516001,59.909769940235385,59.909769940235385,10039700
2025-12-04,60.348140716552734,60.523486698990055,60.2409844255011,60.47478030743735,11295900
2025-12-05,60.43580627441406,60.708565006408584,60.34813329397882,60.60140872853673,15165000
2025-12-08,60.30916976928711,60.56244521673861,60.22149678438866,60.56244521673861,13577000
2025-12-09,60.2409782409668,60.5039971876204,60.22149494313403,60.34813452101742,13739000
2025-12-10,60.92287826538086,61.02029103762933,60.279944306787414,60.31890718605136,16608700
2025-12-11,61.17615509033203,61.29305116289319,60.942362945209695,61.02029242156409,17012900
2025-12-12,60.86442947387695,61.283311091032296,60.572187435783704,61.23460470402661,20951400
2025-12-15,61.21512222290039,61.44891808613036,61.07874285104089,61.390468191308074,19714700
2025-12-16,60.84494400024414,61.13718602788776,60.708564635081046,61.049513047988775,26297300
2025-12-17,60.41632843017578,60.95210615183551,60.41632843017578,60.83521007272378,16268800
2025-12-18,60.89365005493164,61.224858675412094,60.77675398772059,60.98132303435467,15461500
2025-12-19,61.26018524169922,61.49793665251611,61.0917772050934,61.0917772050934,18315900
2025-12-22,61.54747009277344,61.5870921807312,61.359249114518754,61.37906204796297,20034300
2025-12-23,61.95362091064453,61.99324677441782,61.82483874284654,61.90409047039311,27124800
2025-12-24,62.09231185913086,62.13193772558717,61.96352968261315,62.02296848229762,9490500
2025-12-26,62.22108840942383,62.22108840942383,62.05268038167778,62.18146254655061,12049000
2025-12-29,62.131935119628906,62.23099600268423,61.99324837177927,62.122026763965096,15346900
2025-12-30,62.20127868652344,62.42912174140189,62.191370330828896,62.320152502344705,13309600
2025-12-31,61.88427734375,62.16165083142934,61.844651480101426,62.16165083142934,14361400
2026-01-02,62.6074333190918,62.61733789569205,62.26071267519625,62.55790287822969,19524300
2026-01-05,63.35040283203125,63.38012034149573,62.330057586228214,62.84518249755206,23987200
2026-01-06,63.53861999511719,63.58815421610985,63.37021573631975,63.46927662044407,22562900
2026-01-07,63.28105926513672,63.498993965431865,63.231528823202844,63.498993965431865,19224200
2026-01-08,63.340492248535156,63.36030518045815,63.082931691397036,63.142370487166005,14891800
2026-01-09,63.92496109008789,63.9843961074621,63.617870089840025,63.66739675169827,15461400
2026-01-12,64.3113021850586,64.3410196929908,64.08346291900463,64.11318042693684,16176200
2026-01-13,63.954681396484375,64.2320549001789,63.81599464463712,64.21224574614119,21135800
2026-01-14,64.26177215576172,64.28158130739122,64.03392534379121,64.1528029271489,41203100
2026-01-15,64.3509292602539,64.56886773300891,64.31130339631112,64.49952436057421,22070600
2026-01-16,64.52924346923828,64.54906018063146,64.22215246339242,64.53915182493488,18227000
2026-01-20,63.667396545410156,64.10327349237096,63.55843486653074,63.746648273559536,22693500
2026-01-21,64.40045928955078,64.57877188676142,63.73673555901885,63.9942998789587,31394500
2026-01-22,64.74717712402344,64.86605470994385,64.52923866209952,64.70755126204996,19657800
2026-01-23,65.16323852539062,65.20286438808618,64.49952233042622,64.62830071579138,22542400
2026-01-26,65.46043395996094,65.7179907513212,65.43071645002406,65.5793039997084,18359000
2026-01-27,66.53030395507812,66.6392656295416,66.12414453316877,66.13405288825109,22799000
2026-01-28,66.09443664550781,66.29255842882677,65.7179946761956,66.21330669235455,22542200
2026-01-29,66.44114685058594,66.7581462066721,65.61892717272279,66.69871118923744,31529800
2026-01-30,65.57929992675781,66.2529244889806,65.31183479607641,66.14395525407245,28904500
2026-02-02,65.83686828613281,65.88640250788777,65.39109052178276,65.42080803169128,20450700
2026-02-03,66.09443664550781,66.24303176192781,65.51987289287665,65.96565068427508,24292500
2026-02-04,66.1736831665039,66.83739940195935,65.89630211071295,66.71852180662036,27908400
2026-02-05,65.2821273803711,65.85669115182854,65.18306648546576,65.44062330064725,23248900
2026-02-06,66.73834228515625,66.75815143990039,66.05480929963177,66.11424432172558,13752000
2026-02-09,67.72895812988281,67.80820229716706,67.05533358187355,67.09495944444592,21223400
2026-02-10,67.8973617553711,68.12520101574921,67.8676442481792,68.10539186357477,16400400
2026-02-11,68.402587890625,68.53136628540359,67.81811582046753,68.41248868862722,18412400
2026-02-12,67.85773468017578,68.74929766929759,67.65961293053107,68.65023679447523,19882000
2026-02-13,68.11531066894531,68.22427991727409,67.38224344239505,67.76859376874538,23531700
2026-02-17,67.93699645996094,68.10540072787404,67.19402845202049,67.61999707888748,19239900
2026-02-18,68.16483306884766,68.50164914928718,67.99642880755844,68.10539804906584,11508400
2026-02-19,68.14501953125,68.15492788652995,67.65961593258093,67.79830267505781,13326800
2026-02-20,68.86817169189453,68.90779755569476,68.125203750827,68.14502046165747,15188800
2026-02-23,68.53136444091797,69.00686725736446,68.34314347388653,68.78892878140402,13441400
2026-02-24,68.8087387084961,68.98705132193606,68.41248761664495,68.50164770229541,19624000
2026-02-25,69.60123443603516,69.67057780383729,69.25451759702449,69.34367011654427,12223300
2026-02-26,69.65076446533203,69.7795504102408,69.06629998812049,69.71020703908246,19692700
2026-02-27,69.58142852783203,69.88852711107943,69.42293261590623,69.65077190639859,30903000
2026-03-02,68.36296081542969,68.65024266749366,67.84783212970777,67.92708385948976,18858300
2026-03-03,65.98545837402344,66.30245771870206,64.31130156982609,65.14342957327028,28277900
2026-03-04,66.74824523925781,66.89684035715268,65.96565133901566,66.17368903878548,33681900
2026-03-05,65.17314910888672,66.05480379989139,64.49952453575116,65.7080869367762,22636200
2026-03-06,64.66793060302734,64.98492996645939,63.80609259881009,64.03393187616322,18824900
2026-03-09,65.29203033447266,65.50996126208642,63.10274846048562,63.6773084054688,37065500
2026-03-10,65.35145568847656,66.53030047216187,65.26229561312437,65.69817251960163,24941300
2026-03-11,65.24250030517578,65.50996547226367,64.74718828194054,65.08399682996689,15587100
2026-03-12,63.9645881652832,64.58867853311033,63.71693217772088,64.58867853311033,22399400
2026-03-13,63.221622467041016,64.49952831557741,63.122561580040156,64.2617806752031,14972800
2026-03-16,64.57878112792969,64.76699454901946,64.10327828137055,64.21224752625157,16653400
2026-03-17,64.79671478271484,65.20286666326056,64.69764634358881,65.07408827340183,16693500
2026-03-18,63.67730712890625,64.6184044284215,63.62778046547558,64.49952683203801,14904900
2026-03-19,63.558433532714844,63.93486789673349,62.42911910386797,62.52817998304545,28759300
2026-03-20,61.562896728515625,63.309360192602895,61.20566461906656,63.309360192602895,23701300
2026-03-23,63.17043685913086,63.91467293726473,62.515512592905345,62.86281948205479,30015800
2026-03-24,62.664363861083984,63.051364068020085,62.08882237409904,62.25751700438688,21374700
2026-03-25,63.47805404663086,63.83528615175267,63.130743373157465,63.70628104279502,11955800
2026-03-26,61.99951171875,63.17043750756053,61.98959028697011,62.67428264061916,14445600
2026-03-27,61.572818756103516,62.23766825186974,61.3545131868309,61.731588163465986,23786200
2026-03-30,61.55297088623047,62.19797372011386,61.25527872650012,62.118587125326464,13374700
2026-03-31,63.58720779418945,63.61697587406173,62.08881801793285,62.31704879612958,20633100
2026-04-01,64.63905334472656,65.08558968207589,64.30167168019102,64.47036251245879,22523000
2026-04-02,64.14289855957031,64.46043736151978,62.962051376405796,63.02158753592063,16486000
2026-04-06,64.61921691894531,64.74821446751996,64.27190243227297,64.3314461683807,14882000
2026-04-07,64.58943176269531,64.6688183520104,63.51774308982887,64.18258874121867,14707200
2026-04-08,67.29844665527344,67.56636695551335,66.7824489185911,67.56636695551335,12954500
2026-04-09,67.03052520751953,67.35798166426858,66.3359038549386,66.57405607004404,12114500
2026-04-10,67.21906280517578,67.51675876935943,66.921374411715,67.44729738714629,10904000
2026-04-13,67.6854476928711,67.71521577429907,66.52444709284426,66.56414039165577,17884500
2026-04-14,68.36021423339844,68.43960082591428,67.95337119551853,68.05260065080225,8838100
2026-04-15,68.17167663574219,68.23122036869295,67.92359919882796,68.16175898918587,8517400
2026-04-16,68.10221862792969,68.45945076043031,67.90375969686177,68.39991459525451,7285500
2026-04-17,69.09452819824219,69.63037639523675,68.94568778579057,69.19376523417381,15122100
2026-04-20,68.79682922363281,68.79682922363281,68.27090632524788,68.63805604713531,9018800
2026-04-21,67.29844665527344,68.51899097368812,67.21906005863845,68.42967915979311,11404800
2026-04-22,67.82437133789062,67.95337645339114,67.5862191126383,67.90375793654898,9559400
2026-04-23,67.16944885253906,67.83429456264555,66.44505940982664,67.57629190994658,18912900
2026-04-24,67.61598205566406,67.71521151108423,67.16944572091221,67.40759792806506,9533300
2026-04-27,67.54652404785156,67.91368137900804,67.45721980473711,67.78467626687933,8949300
2026-04-28,67.20914459228516,67.3877606551467,66.9213738481903,67.22898745672632,11367700
2026-04-29,66.56414031982422,67.02060189958007,66.27636958179328,66.96106573678837,10743700
2026-04-30,68.27091217041016,68.40983492637878,67.37783190295305,67.51675465892167,13300000
2026-05-01,68.1915283203125,68.69760842069677,68.17167788539085,68.29075778275265,12750000
2026-05-04,67.38775634765625,68.19152479379414,67.18928986231693,67.95337258210927,15206300
2026-05-05,68.44953155517578,68.60829718227134,68.0029876143538,68.12206751271755,14930100
2026-05-06,70.32499694824219,70.39445833012606,69.92807152145316,70.0471438499839,9893100
2026-05-07,69.13421630859375,70.5730699436362,69.08460536507512,70.46391526888394,14924700
2026-05-08,70.2853012084961,70.29521885504748,69.84868249711336,69.87845057821262,9468500
2026-05-11,70.27537536621094,70.45399142194053,70.17614590652173,70.26545014902527,9789400
2026-05-12,69.4319076538086,69.57083039961503,68.82659815962832,69.46167573209256,9068200
2026-05-13,70.08683013916016,70.10668057241158,69.46167776473746,69.63036859376425,9963600
2026-05-14,70.01737213134766,70.24560670038241,69.9181426724848,70.14637724151956,10071200
2026-05-15,68.54875946044922,68.8166797622748,68.36021818500588,68.72737551857381,9970600
2026-05-18,68.98536682128906,69.25329467914938,68.38006487103459,69.19375851994583,12279300
2026-05-19,68.4594497680664,68.92583657711069,68.13199329362331,68.38998838612723,11695500
2026-05-20,69.6601333618164,69.78913845965256,68.48920768946725,68.52890098336132,9111400
2026-05-21,70.14637756347656,70.38452977998497,69.09452409667973,69.28306536889022,13456600
2026-05-22,69.91814422607422,70.29521920642068,69.83875762893098,70.12652836553326,8708200
2026-05-26,71.22798919677734,71.32721865283087,70.93030082861681,71.05929836441415,8763600
2026-05-27,70.86083984375,71.2279895902484,70.65244814294756,71.158528213555,8579600
2026-05-28,71.10891723632812,71.28752571569166,70.33490930547492,70.50360770941089,8369800
2026-05-29,71.21806335449219,71.67453247562945,71.14860197879254,71.46614077780838,11897300
2026-06-01,71.31729888916016,71.66460576039624,70.69213895021322,70.99976009678403,10528400
2026-06-02,71.76383972167969,71.76383972167969,71.24784199067444,71.32722101571355,7565100
2026-06-03,71.11884307861328,71.5455366046193,71.01961361062371,71.47607521995428,8234700
2026-06-04,71.28752899169922,71.41653410479762,70.84099263132539,70.96007252709562,7337000
2026-06-05,68.6380615234375,70.36468588735912,68.4792959049946,70.31506737306438,14225600
2026-06-08,69.32276153564453,69.74945504202189,69.17391355514587,69.62045749664186,13037900
2026-06-09,69.30290222167969,70.4242169698176,68.07244037726392,70.2059076358183,11879900
2026-06-10,68.28083038330078,69.42198809170225,68.25106230259229,68.86629706321699,11334000
2026-06-11,70.76160430908203,70.85091612141308,68.88613952807684,69.12429931381132,16157700
2026-06-12,70.99976348876953,71.24784091875024,70.2852992791095,70.59291286965443,15850800
2026-06-15,71.83329772949219,72.24014833563677,71.73406827480784,72.14091131023032,10650500
2026-06-16,71.76383972167969,72.28976266983574,71.69437834306893,72.16076512976505,7907100
2026-06-17,71.44629669189453,72.66684092483209,71.29744872630869,72.31952648155776,20840100
2026-06-18,72.13159942626953,72.33111056670101,71.97199812449618,72.18147911402036,8922200
2026-06-22,72.2114028930664,72.38098165218088,72.06177144243587,72.18147812505465,9433800
2026-06-23,69.99687957763672,70.61535269610279,69.88715035322222,69.98690972856035,13265900
2026-06-24,70.10661315917969,70.34601893161229,69.74750069524464,70.1465153896805,9889800
2026-06-25,70.98444366455078,71.36350342059032,70.56547406931853,71.31362373217135,8494400
2026-06-26,70.38591766357422,70.87471425498431,70.16645921201409,70.2362938198486,14441800
2026-06-29,70.74503326416016,70.7550107243774,69.78740256875611,70.50562749295221,11260000
2026-06-30,71.07421875,71.1440457482087,70.63530184093275,70.71510629904898,24041500
2026-07-01,70.18641662597656,70.60537862444201,70.13653693591402,70.3160931653381,9515600
2026-07-02,70.63529968261719,71.39342679041219,69.9968792583388,70.92458512652017,17603000
2026-07-06,71.71263885498047,71.74256362398967,71.34354894586566,71.43333086346526,10960200
2026-07-07,70.60537719726562,71.20389541305704,70.3559939731382,71.05427156703821,8613000
2026-07-08,70.16645812988281,70.2063603577849,69.16892526404605,69.59786470077873,27524100
2026-07-09,70.55550384521484,70.75500737668682,70.30612062558893,70.42581970024337,12647700
2026-07-10,70.81485748291016,70.96448893800215,70.25624150184343,70.60537649001013,12687400
2026-07-13,69.58789825439453,70.14651425119497,69.46819156483494,70.00686025199487,9119200
2026-07-14,70.42581939697266,70.86473629700718,70.3859171687357,70.4756990849118,13284600
2026-07-15,70.64527893066406,70.76498561721115,69.97693372122974,70.64527893066406,9670200
2026-07-16,69.85723114013672,70.24626838106322,69.66769744460808,69.85723114013672,8242900
2026-07-17,69.52803802490234,69.7973761618393,68.80982075107143,68.95944459317882,11115300
2026-07-20,69.0592041015625,69.72754929950092,69.01930187339981,69.59786515532922,11088100
2026-07-21,70.296142578125,70.37594703427533,69.557970385164,69.80735360270492,7458400
2026-07-22,70.31609344482422,70.57545413515037,70.28616867489663,70.30612359522983,6017500
2026-07-23,69.60784149169922,69.91707424175495,69.2387592056512,69.53801449618432,9653300
2026-07-24,69.53801727294922,70.05673864083474,69.44824296537597,69.78740049697095,8584500
2026-07-27,69.82730102539062,70.35599222974852,69.38838412641947,70.27618777346798,6613400
2026-07-28,69.42829132080078,69.7175767875816,68.90957753901705,69.01930677160883,9062600
2026-07-29,68.77989196777344,70.01683827138665,68.49061411752832,69.24873365907835,13347400
2026-07-30,70.91461181640625,70.95451404657996,69.84725189361934,69.97693604432695,14299300
2026-07-31,70.4457778930664,70.90464212523104,69.88715427995848,70.86473989496817,10263900
2026-08-03,70.86473846435547,70.9046406938128,70.29614501308974,70.56547554871158,7602400
2026-08-04,72.04182434082031,72.15155356422635,71.46325345569247,71.56300521954202,7536100
2026-08-05,72.17150115966797,72.58049328682024,72.15155385104745,72.52063613981517,6292000
2026-08-06,71.94207763671875,72.35106218043767,71.83234840559537,71.95204748640467,14125500
2026-08-07,72.71017456054688,72.93961048278847,72.39096432780136,72.87975333188025,7979100
2026-08-10,72.32113647460938,72.51067016420178,72.28123424466506,72.38098601423974,10633100
2026-08-11,72.51066589355469,72.83984595270626,72.34107952363642,72.73012434003688,14878300
2026-08-12,73.1191635131836,73.29871973690268,72.95955459851244,73.18899051070925,9404200
2026-08-13,73.35857391357422,73.47828060714744,73.1690402180597,73.18899513894145,6415200
2026-08-14,73.39847564697266,73.70770842339074,73.26879149383808,73.52815218953486,5085200
2026-08-17,73.5082015991211,73.85733659087978,73.4483444501253,73.4483444501253,6582700
2026-08-18,72.2114028930664,72.93960522716341,72.20142543353857,72.7999512360607,8180000
2026-08-19,72.65032196044922,72.96953217975079,72.4607882766048,72.93960741084314,13529200
2026-08-20,72.66029357910156,73.06928572565769,72.4907148107807,72.64034626953469,13159700
2026-08-21,73.23886108398438,73.3984699953765,73.14908677925514,73.31866553968044,11326800
2026-08-24,72.87975311279297,73.04933949418881,72.69022703210811,72.99945980367728,10570100
2026-08-25,73.60795593261719,73.63788070287222,73.08923454628876,73.37852000970803,7627500
2026-08-26,73.26879119873047,73.67778335608855,73.22889657854306,73.52815189338261,6987200
2026-08-27,73.23886108398438,73.34859030792352,72.98947786786302,73.25881600319428,9048200
2026-08-28,72.87975311279297,73.69772980740518,72.73012926240288,73.46830149642555,7603700
2026-08-31,72.74009704589844,73.12913426700673,72.56054081995829,73.0692847285507,9795500
2026-09-01,71.93209838867188,72.53061660955976,71.76251962135852,72.37101530225662,8210800
2026-09-02,72.4109115600586,72.45081379043052,72.07175401775561,72.10167878789149,8690200
2026-09-03,73.25881958007812,73.37851865889479,72.73012835377882,73.01940620130051,7973500
2026-09-04,73.5780258178711,73.68775504121739,73.04933462024177,73.04933462024177,8599800
2026-09-08,73.26879119873047,73.72766304718131,73.22889657854306,73.61793381523512,18325000
2026-09-09,72.64034271240234,73.1989586797854,72.59046302506952,73.11916183485337,8543700
2026-09-10,71.74256134033203,72.28122999706711,71.65278703616205,72.08172646964157,7647100
2026-09-11,72.51066589355469,72.77999641660082,72.43086143836629,72.77999641660082,7568400
2026-09-14,71.54306030273438,72.02187182944792,71.28369961959754,71.56300761194244,10372200
2026-09-15,71.35353088378906,71.54306458017157,71.08420033523139,71.51313980928433,8427200
2026-09-16,71.08419799804688,71.95204676753278,70.63530361778005,71.75254322779566,10197500
2026-09-17,71.97200012207031,72.18148111740861,71.90217312362421,72.05180458045787,7062500
2026-09-18,71.37999725341797,71.44000244140625,71.05000305175781,71.33999633789062,7434000
2026-09-21,72.30000305175781,72.43000030517578,71.93000030517578,72.2300033569336,10291000
2026-09-22,72.70999908447266,72.87999725341797,72.20999908447266,72.41999816894531,8849600
2026-09-23,71.41999816894531,72.0199966430664,71.22000122070312,72.0,7699800
2026-09-24,71.05000305175781,71.38999938964844,70.70999908447266,71.13999938964844,10042700
2026-09-25,71.83999633789062,71.91000366210938,71.30000305175781,71.62000274658203,6580800
