Price,Close,High,Low,Open,Volume
Ticker,XLF,XLF,XLF,XLF,XLF
Date,,,,,
2012-01-03,8.281912803649902,8.362621046887295,8.238454911282783,8.244663181620943,103362023
2012-01-04,8.25708293914795,8.288125031773655,8.163958118954033,8.219832573765423,69833891
2012-01-05,8.368829727172852,8.412287617884008,8.145329816991607,8.18257943760117,89935260
2012-01-06,8.31916618347168,8.375040636858623,8.263291730084736,8.375040636858623,83878617
2012-01-09,8.362621307373047,8.399871659403626,8.306746872589187,8.350204766309968,69189586
2012-01-10,8.511621475219727,8.542662826012258,8.455745586110579,8.492995935902911,86035082
2012-01-11,8.610957145690918,8.617165417737722,8.443332342744188,8.474373702978207,80938989
2012-01-12,8.64200210571289,8.69166829858685,8.53645998817221,8.648209650980375,94107119
2012-01-13,8.579915046691895,8.586122589362686,8.43091507271507,8.468164701788549,95008949
2012-01-17,8.511621475219727,8.67303795702348,8.480579395585899,8.586120717121801,89019642
2012-01-18,8.64200210571289,8.65441865393138,8.455750967068507,8.493001340565735,118473902
2012-01-19,8.722704887390137,8.753746240919648,8.685455263154726,8.72891315809604,131377244
2012-01-20,8.778581619262695,8.79099816289043,8.666831997771594,8.691665085027063,114827311
2012-01-23,8.809621810913086,8.871704515688531,8.753745918932518,8.784788729002907,99325943
2012-01-24,8.797204971313477,8.809621511847054,8.679246378561881,8.7227042704294,80650073
2012-01-25,8.81583023071289,8.840663313043692,8.716496443706998,8.747538525461845,103761975
2012-01-26,8.741331100463867,8.902748351211427,8.69166492685675,8.859289720463723,104215475
2012-01-27,8.772372245788574,8.803413600959647,8.67924745143396,8.691663993502388,103542364
2012-01-30,8.69166374206543,8.710288554629285,8.617163762968634,8.673038929501576,71714490
2012-01-31,8.728918075561523,8.759960175420066,8.666835333527981,8.747543627013357,82584343
2012-02-01,8.865496635437012,8.92758007178647,8.803413199087553,8.803413199087553,87912357
2012-02-02,8.908952713012695,8.946202326870178,8.84687002325022,8.896535446219042,65660186
2012-02-03,9.151077270507812,9.151077270507812,9.045535970444078,9.05795250823497,106830735
2012-02-06,9.107625007629395,9.113833280355335,9.051749824254333,9.095208462177514,55279655
2012-02-07,9.101410865783691,9.132452211881919,9.033119904367592,9.070369519685464,56189611
2012-02-08,9.169703483581543,9.169703483581543,9.082787705714738,9.113829054952882,66141999
2012-02-09,9.132452964782715,9.225579197278499,9.082787535772203,9.206953659242844,95860801
2012-02-10,9.045537948608398,9.057954489114659,8.995871057742052,9.033121408102138,79561623
2012-02-13,9.126249313354492,9.157290675241175,9.10141549500359,9.144874130486501,57901562
2012-02-14,9.039327621459961,9.08899450502927,8.952411850685769,9.082786964529456,99205059
2012-02-15,8.983458518981934,9.107625437038191,8.958624698065703,9.064166797066012,93529534
2012-02-16,9.126249313354492,9.126249313354492,8.933790683132392,8.964832773860632,96074380
2012-02-17,9.182125091552734,9.194541638101578,9.132458176515698,9.151083725180625,75672648
2012-02-21,9.175914764404297,9.231789206929442,9.13866440721276,9.188331307187662,78483021
2012-02-22,9.057958602905273,9.163499973982786,9.051750329832576,9.132457879777656,91890457
2012-02-23,9.138666152954102,9.138666152954102,9.02691578887348,9.057957880603244,63968915
2012-02-24,9.107625007629395,9.169707734888798,9.082791916725633,9.157291189436917,63090473
2012-02-27,9.175914764404297,9.200747849971028,8.989663707288052,9.02691406447959,76146583
2012-02-28,9.2007474899292,9.225581303365578,9.132455049610213,9.194538489939045,64479411
2012-02-29,9.163496971130371,9.287663849578477,9.13866388697731,9.206955597239629,115620690
2012-03-01,9.262832641601562,9.29387473436436,9.182124366564853,9.188333368190698,81546487
2012-03-02,9.231790542602539,9.287665722053251,9.219373998022725,9.262831904052076,58846847
2012-03-05,9.194538116455078,9.206955387089582,9.144871949282592,9.206955387089582,63542127
2012-03-06,8.971038818359375,9.07658015140539,8.93999746418154,9.051747068063122,115379168
2012-03-07,9.082786560058594,9.095203098187694,8.989660337566846,9.008285873601663,82887662
2012-03-08,9.169703483581543,9.18832902196569,9.095204245409995,9.144870404191026,84296787
2012-03-09,9.244205474853516,9.293872373351665,9.182122033941182,9.200747576403876,91179308
2012-03-12,9.219372749328613,9.250414835415281,9.15108103454768,9.24420583512479,69292990
2012-03-13,9.573246955871582,9.585664227375803,9.281456016771763,9.293872559434552,226592263
2012-03-14,9.585659980773926,9.622909592260111,9.48632695463632,9.591868249354958,160538280
2012-03-15,9.753287315368652,9.771912854966162,9.54220394027442,9.62291218239261,162857361
2012-03-16,9.790657997131348,9.815570369177307,9.734603697691004,9.79688535897437,102174477
2012-03-19,9.840483665466309,9.946363457978627,9.753290348637389,9.79065964416123,139045389
2012-03-20,9.890307426452637,9.915220529518793,9.759516742821289,9.778201021744557,108827047
2012-03-21,9.846710205078125,9.9339049640046,9.821797834623945,9.927676140222633,93343529
2012-03-22,9.715923309326172,9.784433091055263,9.672326640787778,9.75329261352784,130459287
2012-03-23,9.796883583068848,9.809339766833864,9.634952462955303,9.697233381780384,90967946
2012-03-26,9.95258903503418,9.95258903503418,9.852938816798911,9.890307374448964,95005010
2012-03-27,9.859167098999023,9.971273505269657,9.84671091287656,9.940133039963502,104557816
2012-03-28,9.88408088684082,9.908993260810815,9.771973741638792,9.8591677817023,129709978
2012-03-29,9.784429550170898,9.83425502735221,9.697235513479978,9.809341923177307,126585577
2012-03-30,9.840483665466309,9.852940584753316,9.74706152340959,9.846712490694108,73690122
2012-04-02,9.9152193069458,9.95881595239118,9.778199816066435,9.796884092685882,110200843
2012-04-03,9.859167098999023,9.908992574657347,9.771973064973313,9.890307564305179,129060871
2012-04-04,9.70346450805664,9.771974271356418,9.659867851245869,9.747061164867413,104199472
2012-04-05,9.678549766540527,9.74083142078368,9.634953120388191,9.653636666142235,71652078
2012-04-09,9.529075622558594,9.578900369037855,9.466793958291015,9.491707062699149,109181083
2012-04-10,9.323545455932617,9.560215172523943,9.311089270507036,9.516618523534412,145531651
2012-04-11,9.473023414611816,9.510391979847979,9.429426755169628,9.454339131993736,91447666
2012-04-12,9.64741039276123,9.659866578780635,9.46679350197446,9.497933967022972,107650211
2012-04-13,9.423197746276855,9.628727044578861,9.404513464022653,9.628727044578861,114048334
2012-04-16,9.491703033447266,9.55398394010794,9.410737123620196,9.510386574277275,138138881
2012-04-17,9.616266250610352,9.653634797220747,9.529072244017852,9.578896972831712,81803766
2012-04-18,9.553986549377441,9.634953212485343,9.541530364643425,9.553986549377441,65399829
2012-04-19,9.510388374328613,9.610039306183221,9.441879364035026,9.610039306183221,131280980
2012-04-20,9.460564613342285,9.553986731799597,9.454336520856359,9.553986731799597,68882944
2012-04-23,9.392054557800293,9.398282650082622,9.292403618946262,9.31108862696163,91121944
2012-04-24,9.49793815612793,9.49793815612793,9.398287892853064,9.398287892853064,76151999
2012-04-25,9.578897476196289,9.603809841912348,9.491704196190085,9.56644129333826,91385378
2012-04-26,9.659866333007812,9.684777973244335,9.541531106497297,9.54775919934854,58432862
2012-04-27,9.666091918945312,9.709688557597167,9.597582184181281,9.703460466361188,59668663
2012-04-30,9.610042572021484,9.647411866958477,9.547760901238885,9.62872685390569,71007527
2012-05-01,9.709691047668457,9.78442889283515,9.597584645502641,9.610040831169016,103766530
2012-05-02,9.634955406188965,9.659867781329092,9.56021681843146,9.641182768805438,69602094
2012-05-03,9.553986549377441,9.64740939721936,9.51661799517539,9.64118057368396,104392985
2012-05-04,9.404508590698242,9.510386866442227,9.367139314385637,9.479246412155236,95088718
2012-05-07,9.460564613342285,9.491705806940328,9.34222939377286,9.34222939377286,101873252
2012-05-08,9.398283004760742,9.441880383550734,9.311088978349169,9.392054912243372,100957018
2012-05-09,9.292407035827637,9.360917538461802,9.217669900958333,9.279951577851403,116092656
2012-05-10,9.32977294921875,9.429423888557807,9.311088672280821,9.410739611619878,79928091
2012-05-11,9.223894119262695,9.311088875883122,9.118015816464178,9.130472001361838,123047067
2012-05-14,9.037050247192383,9.136701192721313,9.030822154492878,9.093103812656352,112880977
2012-05-15,8.987226486206055,9.099333638486806,8.968542935717357,9.043280062346431,122145975
2012-05-16,8.856435775756836,9.093105536716056,8.85020768187648,9.049508879553567,143225373
2012-05-17,8.67581844329834,8.856435350665098,8.669591080885455,8.84397916350226,190024423
2012-05-18,8.576168060302734,8.706959485493021,8.545026861788202,8.706959485493021,151363760
2012-05-21,8.657136917114258,8.713190508350905,8.532573543514767,8.613539517003806,106559053
2012-05-22,8.725645065307617,8.868892698768482,8.663363390172202,8.71318887651426,121446767
2012-05-23,8.75678825378418,8.775473273939232,8.563715805255782,8.644681788698152,137010300
2012-05-24,8.763015747070312,8.81284124128285,8.669593585194455,8.800384319353157,99869922
2012-05-25,8.73187255859375,8.806609679950757,8.706959453639563,8.750556107764483,51386864
2012-05-29,8.856435775756836,8.862663869637192,8.775469824143643,8.819066481306132,90323886
2012-05-30,8.650901794433594,8.769236245178282,8.650901794433594,8.756780064170227,104857811
2012-05-31,8.725645065307617,8.80038292923639,8.582397431846752,8.669592215737511,110352133
2012-06-01,8.401778221130371,8.56993891771849,8.395550859592031,8.557482732304948,124009217
2012-06-04,8.320815086364746,8.439149608406357,8.283445789657291,8.439149608406357,97012771
2012-06-05,8.457830429077148,8.476514702583183,8.295897865186765,8.302126687523696,123895103
2012-06-06,8.706958770751953,8.7131868637099,8.507657602592252,8.545026160339937,120034933
2012-06-07,8.700732231140137,8.86889223336333,8.675819123692136,8.837751763014069,114277300
2012-06-08,8.806612968444824,8.806612968444824,8.607312441401245,8.66959413029066,74612757
2012-06-11,8.644674301147461,8.924940586695417,8.632218119278871,8.918713226929345,126832761
2012-06-12,8.775466918945312,8.781694279595472,8.588622702053987,8.663359803875855,105210246
2012-06-13,8.744327545166016,8.862662776636041,8.700730893380149,8.731872090109961,118488551
2012-06-14,8.850205421447754,8.893802067475235,8.738098297897466,8.76301139822441,127557943
2012-06-15,8.974117279052734,8.98037531939557,8.836438922141841,8.89902006025445,104497005
2012-06-18,8.924049377441406,8.999146572305458,8.880243109003045,8.917792073777074,83680426
2012-06-19,9.074247360229492,9.118054380697785,8.974117972324628,8.980376013150913,79604585
2012-06-20,9.093021392822266,9.155602530094454,9.005407359830665,9.093021392822266,108411585
2012-06-21,8.89276123046875,9.15560184027154,8.873986376422714,9.111794092392179,88837454
2012-06-22,8.974117279052734,9.00540748076692,8.924052221625798,8.955342423339983,55259836
2012-06-25,8.786370277404785,8.8489513899667,8.742564012890202,8.842693352178904,62777553
2012-06-26,8.830187797546387,8.88025289418399,8.75509051993239,8.823929017617473,65826371
2012-06-27,8.93657112121582,8.967861332800023,8.823924890143749,8.873989963362945,69296314
2012-06-28,8.930313110351562,8.936571152690444,8.773861317195054,8.84269978292275,85956791
2012-06-29,9.161859512329102,9.168118287051241,9.080504257151711,9.149343432253227,76394260
2012-07-02,9.218183517456055,9.230699598767629,9.105538050967612,9.205666701460206,75570598
2012-07-03,9.268245697021484,9.293278588533573,9.180633148123544,9.199407265744531,39736188
2012-07-05,9.130568504333496,9.224439831281714,9.118052425364953,9.224439831281714,54074506
2012-07-06,9.055475234985352,9.086765446018008,9.005410162648646,9.011668939539634,55147815
2012-07-09,9.042956352233887,9.074246553583805,8.992891295389787,9.03043953700969,45911499
2012-07-10,8.974117279052734,9.136827797334975,8.936568302311473,9.111794901279389,79133604
2012-07-11,9.049215316772461,9.080505521318297,8.967859315584677,8.980376132087317,97988216
2012-07-12,8.955343246459961,9.011667084090911,8.91779573563604,8.967859328296036,66861519
2012-07-13,9.205663681030273,9.218180492919286,8.99914693778005,8.99914693778005,95969252
2012-07-16,9.18689250946045,9.224440750106172,9.143085494022896,9.211924669890932,61542737
2012-07-17,9.236957550048828,9.249474365923568,9.093021881674135,9.249474365923568,77759685
2012-07-18,9.193148612976074,9.249472435949329,9.161858416528837,9.205664691554968,68192230
2012-07-19,9.136826515197754,9.23069784185193,9.099277543725602,9.205664949309117,61045906
2012-07-20,8.999146461486816,9.074243655426093,8.986630384944268,9.06798561715482,69130498
2012-07-23,8.924049377441406,8.94908226551876,8.817661990835669,8.830178067532344,72823006
2012-07-24,8.899019241333008,8.949084294152767,8.817663989678506,8.949084294152767,55617072
2012-07-25,8.930313110351562,8.980378183747087,8.880248771640511,8.949087972052679,55276209
2012-07-26,9.067989349365234,9.093022247437386,9.011666981742566,9.067989349365234,69291513
2012-07-27,9.236957550048828,9.293280650090217,9.086763106394631,9.13057012524555,85430785
2012-07-30,9.218183517456055,9.274506618042414,9.193150620148632,9.218183517456055,45241343
2012-07-31,9.1743745803833,9.218181590500732,9.155601197024575,9.186891393762654,57458525
2012-08-01,9.130568504333496,9.24321394973453,9.130568504333496,9.21192375231317,99654866
2012-08-02,9.061729431152344,9.124311301099013,8.974116870342781,9.049214085720898,78094271
2012-08-03,9.274508476257324,9.324573546218796,9.186895154838066,9.199411238657328,98849054
2012-08-06,9.312052726745605,9.380891152743695,9.299536649291406,9.330826842926902,50850271
2012-08-07,9.349605560302734,9.42470353725491,9.330832168091394,9.337089475705529,43945346
2012-08-08,9.349605560302734,9.387154548778822,9.305799264212512,9.312058041195584,32388964
2012-08-09,9.343347549438477,9.393412618743499,9.318314647443758,9.337088772926487,32552810
2012-08-10,9.349605560302734,9.368380421883012,9.287025137316704,9.312058041195584,21702038
2012-08-13,9.355862617492676,9.368378699789178,9.293281471325832,9.33083045289967,20176829
2012-08-14,9.343347549438477,9.42470282788138,9.324573423955748,9.412186009541815,28338974
2012-08-15,9.374632835388184,9.405923762777714,9.330826565600479,9.349599946539755,24638834
2012-08-16,9.437216758728027,9.462248920328019,9.349602723759562,9.405926556728035,40100933
2012-08-17,9.468507766723633,9.474766542340648,9.4372175620601,9.468507766723633,29729389
2012-08-20,9.493536949157715,9.499795722809258,9.443472637417974,9.462246754320377,31691726
2012-08-21,9.524831771850586,9.624961170940946,9.487283522698343,9.53108981337596,50864181
2012-08-22,9.512311935424805,9.549860904445325,9.455989583920154,9.4935370835725,57712973
2012-08-23,9.418441772460938,9.506055064698034,9.40592569281052,9.49353825036344,50210028
2012-08-24,9.468507766723633,9.499798706071473,9.368378377116018,9.380894458981432,33998620
2012-08-27,9.462251663208008,9.50605869339085,9.437219494351789,9.499800651176795,22600791
2012-08-28,9.449731826782227,9.506054919030202,9.418441628135666,9.43095770759429,27816907
2012-08-29,9.468507766723633,9.49353993045446,9.4372175620601,9.468507766723633,22826310
2012-08-30,9.418441772460938,9.44973197158698,9.368376719175092,9.424699812286146,31546837
2012-08-31,9.487281799316406,9.512313960870765,9.418442620357679,9.474765718539228,64889457
2012-09-04,9.487281799316406,9.512313960870765,9.430958701134857,9.468506943466394,36182168
2012-09-05,9.487281799316406,9.518572001259354,9.455991597373458,9.487281799316406,32883211
2012-09-06,9.712573051452637,9.718831091579691,9.537346458526674,9.537346458526674,64472271
2012-09-07,9.812702178955078,9.831476298859434,9.74386300462158,9.74386300462158,57754827
2012-09-10,9.731346130371094,9.831476238615817,9.72508882512551,9.80018603896696,52705757
2012-09-11,9.812702178955078,9.818960218923197,9.712572804780988,9.73134619000115,70453823
2012-09-12,9.850252151489258,9.900316476306793,9.82521925439622,9.862768232693641,62693107
2012-09-13,10.10683536529541,10.138125572470612,9.812704479111044,9.843994686286246,172620053
2012-09-14,10.188189506530762,10.288318893049468,10.156899302832505,10.188189506530762,150418352
2012-09-17,10.094318389892578,10.188190479319008,10.069286224543854,10.150641496611565,60313214
2012-09-18,10.0442476272583,10.081795851236999,10.012957440609386,10.056763701917866,81750341
2012-09-19,10.037994384765625,10.106833562959453,10.019219529124229,10.069284586360894,80701652
2012-09-20,9.981673240661621,9.98793054706046,9.894059196128676,9.944124259478313,81109728
2012-09-21,9.947737693786621,10.067135998037969,9.941453650166759,10.067135998037969,42195603
2012-09-24,9.954018592834473,9.998007622013924,9.878610093218409,9.878610093218409,46410423
2012-09-25,9.803204536437988,10.01058021705673,9.796920491971095,9.97915925698518,88561833
2012-09-26,9.740361213684082,9.790634296109303,9.708940998253894,9.77178142911427,64955438
2012-09-27,9.828337669372559,9.878610743496,9.765496511152456,9.796916721394108,57130095
2012-09-28,9.796916961669922,9.853474079228794,9.752928666252767,9.790632919467471,56713893
2012-10-01,9.840909004211426,9.960307318044082,9.815772827714884,9.866045180707967,66024193
2012-10-02,9.859762191772461,9.903751243086145,9.815773878195898,9.903751243086145,54014310
2012-10-03,9.947737693786621,9.985442693242778,9.84090821451198,9.903749388447586,68035400
2012-10-04,10.098556518554688,10.111124606170783,9.98544299227282,10.004295123696963,95948941
2012-10-05,10.092272758483887,10.19910298169817,10.060851800823263,10.167682761774572,76084786
2012-10-08,10.085983276367188,10.104835398156713,10.029426173261985,10.041994254455002,36612525
2012-10-09,10.023148536682129,10.129978024952177,9.991727578200084,10.09227302232113,90105261
2012-10-10,10.016865730285645,10.06085404800386,9.960309321790795,10.016865730285645,76931837
2012-10-11,10.073415756225586,10.136256908029546,10.054564369742138,10.117405521546099,75143933
2012-10-12,9.93517017364502,10.048283702996025,9.903749953752246,9.985443263210481,91271141
2012-10-15,10.048282623291016,10.060850709897663,9.928884325053978,9.972874103651135,68673674
2012-10-16,10.11112117767334,10.1551102071508,10.07970096928712,10.098553094318852,94636818
2012-10-17,10.243087768554688,10.249371810379282,10.136257582063022,10.148826403448984,70444591
2012-10-18,10.261941909790039,10.299646165433307,10.205384050851405,10.21795213606583,63453495
2012-10-19,10.123693466186523,10.236807738835589,10.073420374149487,10.236807738835589,75531821
2012-10-22,10.123693466186523,10.148830381073571,10.029432064137008,10.111125377611529,129434726
2012-10-23,9.954018592834473,9.998007622013924,9.916313605289691,9.991723580379253,79617756
2012-10-24,9.954018592834473,10.035712609558706,9.941450509565128,10.016859746917941,64741983
2012-10-25,9.979156494140625,10.067134567793559,9.9100320241427,10.048281701875428,65027206
2012-10-26,9.928885459899902,9.985443331568124,9.859760975662596,9.966590461766373,69489581
2012-10-31,9.99172306060791,9.998007101915686,9.922597868485676,9.9665861576401,53059793
2012-11-01,10.117410659790039,10.117410659790039,9.985444247754728,10.004296381549173,72143001
2012-11-02,10.054567337036133,10.180248939998362,10.03571520725234,10.173964896737097,65960673
2012-11-05,10.03571605682373,10.054568188203445,9.928885099127662,10.023147969237252,54580447
2012-11-06,10.14883041381836,10.18025063535722,10.060852318035424,10.06713710008026,49350790
2012-11-07,9.809486389160156,10.016862023444725,9.790634259971627,10.004293937319039,143868817
2012-11-08,9.727792739868164,9.935168366654432,9.72150943476943,9.853475072054428,114104714
2012-11-09,9.740361213684082,9.847191421620561,9.671236739737667,9.683804825909743,95030861
2012-11-12,9.759215354919434,9.784351530545562,9.721511091480242,9.784351530545562,41658271
2012-11-13,9.69009017944336,9.822056587617594,9.6649540017862,9.683806872766144,63960298
2012-11-14,9.520418167114258,9.740361903922366,9.488997949457517,9.708941686265625,84265766
2012-11-15,9.539270401000977,9.61467965609876,9.495282099207143,9.520417533923839,85757861
2012-11-16,9.6021146774292,9.614682767723453,9.463864208718087,9.564409668809278,77888940
2012-11-19,9.784346580505371,9.796914661960063,9.734074254686599,9.740357557677303,64199481
2012-11-20,9.834620475769043,9.86604142215669,9.727791028619274,9.75921197500692,49879012
2012-11-21,9.834620475769043,9.853473338696334,9.77806410019745,9.840905255235981,32286422
2012-11-23,9.954018592834473,9.960303372205894,9.88489339711633,9.91003030139177,25337304
2012-11-26,9.916315078735352,9.922599859040616,9.853474653051299,9.9037477313354,37321089
2012-11-27,9.828337669372559,9.935167121930974,9.815769585275898,9.897462131904193,61359564
2012-11-28,9.866045951843262,9.87861477881096,9.696375271755974,9.771783807139569,58569995
2012-11-29,9.916315078735352,9.954020071882644,9.86604273818811,9.916315078735352,48775790
2012-11-30,9.9037504196167,9.947738729535756,9.866045416234734,9.91003446389085,36530910
2012-12-03,9.866045951843262,9.966591403425154,9.859761907227961,9.935171180348656,62742593
2012-12-04,9.840909004211426,9.89118209494155,9.790635913481301,9.866045180707967,48549409
2012-12-05,9.96030330657959,10.010575639325731,9.847189082427281,9.872325248800353,57255164
2012-12-06,9.99172306060791,9.998007101915686,9.935165951101226,9.9665861576401,42609219
2012-12-07,10.073415756225586,10.073415756225586,10.004291300751625,10.04827959059869,44538688
2012-12-10,10.048282623291016,10.079703577544578,10.010578363471074,10.041998579987691,59304164
2012-12-11,10.098556518554688,10.142545562948028,10.060851517969395,10.09227247474664,58723378
2012-12-12,10.142546653747559,10.230524014258927,10.117410475812049,10.142546653747559,68531370
2012-12-13,10.092272758483887,10.161397980052826,10.060851800823263,10.142545848098669,50848055
2012-12-14,10.054567337036133,10.098555639864983,10.041998512776663,10.079703510081192,43026404
2012-12-17,10.261941909790039,10.268225214660387,10.111122674006369,10.117407454350444,85069486
2012-12-18,10.412759780883789,10.425327866231928,10.280793409254597,10.318498403035882,86535115
2012-12-19,10.349918365478516,10.450464521299681,10.3436343229568,10.43789643625625,90697864
2012-12-20,10.494454383850098,10.494454383850098,10.356204690020151,10.36248799574196,76288517
2012-12-21,10.370512008666992,10.41477595826094,10.300953631230922,10.313600473972048,72313987
2012-12-24,10.351545333862305,10.376839028114926,10.313604050123246,10.319927473686402,29586100
2012-12-26,10.351545333862305,10.389485875241235,10.313604050123246,10.37051560455177,36545928
2012-12-27,10.313604354858398,10.389486182218462,10.17448754763826,10.370515910968484,54714996
2012-12-28,10.231401443481445,10.313605965065497,10.218753851646712,10.244047550595651,39480386
2012-12-31,10.364187240600586,10.376834081698416,10.193453401060339,10.218747083255998,73574162
2013-01-02,10.667717933654785,10.674042099100573,10.58551269118039,10.623453972054765,86126792
2013-01-03,10.655071258544922,10.686689116841187,10.610807296234267,10.667718104919395,59026942
2013-01-04,10.781540870666504,10.800511139636413,10.648748245517083,10.674041937476963,54822954
2013-01-07,10.756246566772461,10.768893412032908,10.693011598110209,10.762569989402685,44491664
2013-01-08,10.724629402160645,10.743599669960288,10.67404127900158,10.737276247360407,51457154
2013-01-09,10.711981773376465,10.806833847796241,10.674040498192577,10.749922306200391,59736737
2013-01-10,10.844778060913086,10.857425651839785,10.749925954304217,10.800513348570167,75427432
2013-01-11,10.81948184967041,10.825804530124248,10.749923456357715,10.81948184967041,52621188
2013-01-14,10.78786563873291,10.819482755449203,10.724630662940227,10.806835908762686,47142130
2013-01-15,10.832124710083008,10.844771551057901,10.718301656589434,10.737272660411541,51769213
2013-01-16,10.838451385498047,10.857422395017394,10.775217161633522,10.825803798365152,71678176
2013-01-17,10.832124710083008,10.870065975367455,10.800506865286009,10.844771551057901,69721255
2013-01-18,10.844778060913086,10.857425651839785,10.768896227153949,10.825807045703144,70050794
2013-01-22,10.94594955444336,10.94594955444336,10.825803052656775,10.825803052656775,52164733
2013-01-23,10.939628601074219,10.952276190189908,10.882717790674096,10.939628601074219,46065374
2013-01-24,10.996540069580078,11.059775045233597,10.945951940585243,10.97124563390261,82546675
2013-01-25,11.047127723693848,11.053451146751366,10.977569327701081,11.047127723693848,56354565
2013-01-28,11.002862930297852,11.066097160357902,10.958598226895754,11.05977447971196,38270928
2013-01-29,11.047127723693848,11.059774569808884,10.964922481586045,10.977569327701081,46096888
2013-01-30,10.996540069580078,11.04080477524557,10.97124563390261,11.021833762897446,39875044
2013-01-31,10.99021053314209,11.009180792578247,10.939622432285983,10.977563693517984,43701239
2013-02-01,11.13565444946289,11.167271559244014,11.047125799715806,11.047125799715806,71294104
2013-02-04,11.009186744689941,11.08506856581973,10.983893051766708,11.059774872896496,61435148
2013-02-05,11.116683959960938,11.15462523582864,11.047126315196765,11.066095839590657,58311731
2013-02-06,11.13565444946289,11.141977871419115,11.04080237775958,11.05344922167203,36912889
2013-02-07,11.10403823852539,11.173597375044748,11.015510318053604,11.160950529263065,62169070
2013-02-08,11.129331588745117,11.141978433295332,11.097714477369582,11.12300816647001,54945808
2013-02-11,11.179916381835938,11.198886644274802,11.110358752893433,11.129329015332297,34986990
2013-02-12,11.268451690673828,11.281098538958188,11.154628571394195,11.192569858607472,68228421
2013-02-13,11.243151664733887,11.3000631960929,11.198886975374693,11.293739775092991,49634536
2013-02-14,11.28109359741211,11.28741701878439,11.186241534468007,11.198887634852701,38606376
2013-02-15,11.230511665344238,11.312716930789529,11.192571116228079,11.306394248297115,78615969
2013-02-19,11.338008880615234,11.344331561718008,11.255803633237576,11.268450480163352,54735061
2013-02-20,11.16727066040039,11.338005266556,11.160947981313011,11.331681845108742,67902699
2013-02-21,11.07874870300293,11.148307123256128,11.034483983801685,11.148307123256128,64595863
2013-02-22,11.21786117553711,11.21786117553711,11.135655936766728,11.154626205169116,53303285
2013-02-25,10.914332389831543,11.287417994857922,10.908008967912446,11.287417994857922,88097007
2013-02-26,10.971242904663086,11.002860755804544,10.85109714893331,10.97756706877931,91502446
2013-02-27,11.141980171203613,11.167273864249312,10.945951823019175,10.952275988640691,77002374
2013-02-28,11.12300968170166,11.217861771109467,11.0977159891556,11.141979951111207,76742387
2013-03-01,11.154623985290527,11.186241835362283,10.977566697384292,11.040801655167916,63689232
2013-03-04,11.249478340148926,11.25580250533821,11.110362295545544,11.12300914120403,44648986
2013-03-05,11.344331741333008,11.413890885246337,11.300067776391959,11.319038789441107,81640166
2013-03-06,11.420211791992188,11.464477234775584,11.369624411348331,11.426535956932682,81642628
2013-03-07,11.502416610717773,11.515064197780033,11.445505809557531,11.445505809557531,58971794
2013-03-08,11.534038543701172,11.58462668276012,11.458156706292874,11.571979833585445,75238474
2013-03-11,11.622564315795898,11.641535327160964,11.508741959405805,11.540359074414146,60897570
2013-03-12,11.559328079223633,11.622562298263643,11.527710227343695,11.609915454455642,40250869
2013-03-13,11.590944290161133,11.603591132988695,11.53403275507723,11.571974025919792,29836732
2013-03-14,11.666827201843262,11.685797467893297,11.616239083349889,11.635209349399924,82792382
2013-03-15,11.70616626739502,11.718855754986718,11.610994365594186,11.668097059756832,61508885
2013-03-18,11.591958999633789,11.642717693157218,11.528510818945266,11.553890538138514,50767302
2013-03-19,11.528511047363281,11.655407411254563,11.458718121709385,11.64271792383805,80060793
2013-03-20,11.60464859008789,11.630028309507033,11.572924871892798,11.591959102809854,77461167
2013-03-21,11.46506404876709,11.585615673560666,11.46506404876709,11.541200976178054,70564736
2013-03-22,11.534854888916016,11.553889117322958,11.4714067160299,11.528509401250728,54333878
2013-03-25,11.503133773803711,11.610995170675114,11.439685586582769,11.579270704633073,61043567
2013-03-26,11.579268455505371,11.58561394337176,11.50313153946465,11.547544740488403,59791763
2013-03-27,11.52216625213623,11.53485573867568,11.458717329712934,11.496786534194307,39216336
2013-03-28,11.553889274597168,11.560234017485849,11.490441845710366,11.515820072402104,31685325
2013-04-01,11.496786117553711,11.591958008013595,11.458716914451957,11.547544806735049,27318475
2013-04-02,11.566580772399902,11.57927026038462,11.522167564453392,11.528511563582638,49287270
2013-04-03,11.376235961914062,11.572924498096889,11.331822013012399,11.572924498096889,109156340
2013-04-04,11.477751731872559,11.484096474825805,11.38257909784787,11.38257909784787,68118247
2013-04-05,11.43968677520752,11.458720265029367,11.274721173347292,11.293756152895575,73523198
2013-04-08,11.553889274597168,11.560234017485849,11.382578982013852,11.426992927097597,51458508
2013-04-09,11.585617065429688,11.661754001987566,11.541202362711198,11.585617065429688,62398898
2013-04-10,11.744236946105957,11.756926435287129,11.630030053749032,11.630030053749032,82560708
2013-04-11,11.769611358642578,11.833058779935069,11.712507934616443,11.750576387391938,60166233
2013-04-12,11.718852996826172,11.750576708338896,11.65540482893781,11.693474027615991,56836255
2013-04-15,11.47140884399414,11.756925302513917,11.458718611172483,11.69982111697423,88256176
2013-04-16,11.649059295654297,11.66174877939776,11.509473484750478,11.585611876936982,55160987
2013-04-17,11.43333625793457,11.553887847656974,11.338164381495398,11.541197618583912,97644397
2013-04-18,11.31279182434082,11.433342737519803,11.26203311387091,11.426997991818979,75975843
2013-04-19,11.47140884399414,11.477753587973416,11.338167730703164,11.350857218661712,66982034
2013-04-22,11.484098434448242,11.503133411419062,11.36989229693891,11.496787922520044,53919154
2013-04-23,11.69347858428955,11.69982258420129,11.560237454289346,11.572926943839233,92145028
2013-04-24,11.763269424438477,11.782303655369748,11.693476499494079,11.706165986781592,46441322
2013-04-25,11.833063125610352,11.902856804389506,11.782305169935574,11.807684147772964,44356254
2013-04-26,11.782303810119629,11.839407248526516,11.731545860302914,11.814027528755076,29434318
2013-04-29,11.833063125610352,11.852098103851562,11.782305169935574,11.833063125610352,36910920
2013-04-30,11.864787101745605,11.871131845942374,11.775959938127691,11.826718636564987,50558770
2013-05-01,11.731544494628906,11.858440099261806,11.725199006777416,11.845749868421821,49923082
2013-05-02,11.833063125610352,11.852098103851562,11.750580702775672,11.76961568101688,54011356
2013-05-03,11.959962844848633,12.01706630579448,11.9409278612911,11.953618098617246,50393078
2013-05-06,12.0868558883667,12.099546122935784,11.98533997071973,11.991683970709452,29340516
2013-05-07,12.150301933288574,12.188370393341,12.06147403677351,12.131267703262361,48645304
2013-05-08,12.25181770324707,12.264507189031812,12.112231869888927,12.150301072106139,77939657
2013-05-09,12.162995338439941,12.258167264094915,12.131271611509375,12.258167264094915,46510750
2013-05-10,12.213751792907715,12.213751792907715,12.137613372595636,12.175682582751676,65637289
2013-05-13,12.25181770324707,12.27719741967954,12.162990557890883,12.194715017215724,38763821
2013-05-14,12.461198806762695,12.537336480713844,12.264509505362591,12.277199738407052,42067209
2013-05-15,12.57540512084961,12.607128841745915,12.429474515000335,12.461198980759775,58081658
2013-05-16,12.49292278289795,12.619818412171512,12.461199061795343,12.550026225745778,46165208
2013-05-17,12.657886505126953,12.664232738887062,12.543681112517248,12.550025856551121,59018818
2013-05-20,12.683266639709473,12.74671407839099,12.632507199038065,12.645196686774367,40420254
2013-05-21,12.71499252319336,12.778439972673889,12.676924053505042,12.708647778245306,44609840
2013-05-22,12.58174991607666,12.911679594189398,12.530991962436632,12.740370010928025,118123067
2013-05-23,12.505610466003418,12.569057895270152,12.366023887027637,12.404093089450667,73706248
2013-05-24,12.518301963806152,12.524646707752556,12.385060851205438,12.44216354672308,62105304
2013-05-28,12.645194053649902,12.759400909221393,12.5880913707271,12.689608741204633,58804501
2013-05-29,12.645194053649902,12.708642968845568,12.550022915445231,12.575401885633143,59443390
2013-05-30,12.797472953796387,12.841886158911711,12.638852874372667,12.664231848724281,68429074
2013-05-31,12.588091850280762,12.81650557012535,12.581747107492076,12.765746138089918,73854091
2013-06-03,12.600784301757812,12.651543745740709,12.40409573928718,12.638854257176558,123404549
2013-06-04,12.48657512664795,12.68960912894391,12.45485141294372,12.619815469068676,77242788
2013-06-05,12.283541679382324,12.511955407825482,12.239128478189599,12.461196718742226,108448023
2013-06-06,12.454855918884277,12.461200663920538,12.194719137807942,12.270856078243053,87829880
2013-06-07,12.670574188232422,12.689608415384631,12.486574424505632,12.524643623672972,65529331
2013-06-10,12.676920890808105,12.746713067824611,12.63250619752607,12.734023581094338,81226304
2013-06-11,12.467543601989746,12.60078397330341,12.44850936963967,12.550026020369872,86971873
2013-06-12,12.334299087524414,12.55636730501482,12.308920118049942,12.550022562646204,79029954
2013-06-13,12.569059371948242,12.581748859292416,12.29623241459621,12.327957622682794,85934756
2013-06-14,12.404096603393555,12.58175094539389,12.385062369221346,12.550027221773545,54618855
2013-06-17,12.524643898010254,12.581746580717647,12.454850985393835,12.4992634381922,56877616
2013-06-18,12.607128143310547,12.638853352175545,12.524646473549641,12.537335961205164,42143039
2013-06-19,12.435819625854492,12.626162690306899,12.423130137881872,12.613473202334278,75429279
2013-06-20,12.169334411621094,12.36602291663938,12.118575727327862,12.321609719637864,126575852
2013-06-21,12.180167198181152,12.27572271817715,12.033648385183401,12.269351652169638,105462601
2013-06-24,11.963577270507812,12.090984414576496,11.836169378573453,12.027280468609318,96897057
2013-06-25,12.186534881591797,12.24386923172387,12.052757473456621,12.08460980710051,80205190
2013-06-26,12.307574272155762,12.352167246882397,12.23113045467949,12.30120395403274,82233016
2013-06-27,12.466833114624023,12.485944815929049,12.371277599560656,12.390388553000243,52961682
2013-06-28,12.390388488769531,12.447722096656515,12.320314245322205,12.422240825535827,63374219
2013-07-01,12.42861557006836,12.74076501058647,12.422245997501669,12.479578881393596,73513720
2013-07-02,12.441353797912598,12.568761669923203,12.38402018072127,12.434983479098625,74272877
2013-07-03,12.403130531311035,12.434982871690583,12.320315642909042,12.358538301791397,30829533
2013-07-05,12.626096725463867,12.626096725463867,12.46046691189053,12.543281818677197,46578332
2013-07-08,12.72164535522461,12.766237567777022,12.677051646941726,12.708903227336306,58673522
2013-07-09,12.829946517944336,12.836318332628938,12.708908962097537,12.798094923177059,93151001
2013-07-10,12.753499984741211,12.817203160760602,12.68342499538905,12.791721890352845,71055905
2013-07-11,12.874537467956543,12.9255000085862,12.77898120854511,12.9255000085862,74407918
2013-07-12,12.963725090026855,12.97009540916622,12.874540622075752,12.906392217772575,53045513
2013-07-15,13.021058082580566,13.052909674912863,12.944612765252023,13.046539356446404,32258971
2013-07-16,12.970093727111816,13.05927967922784,12.91276086229287,13.021057769348543,44604916
2013-07-17,13.027423858642578,13.065645756114117,12.963719200459504,12.995572277416297,46074484
2013-07-18,13.199426651000977,13.205796968577303,13.059278168590952,13.06564848616728,57946248
2013-07-19,13.20579719543457,13.20579719543457,13.122981569788834,13.193056560063049,40687012
2013-07-22,13.29498291015625,13.29498291015625,13.193057817469784,13.212168772348496,32787439
2013-07-23,13.244019508361816,13.333205454432811,13.231278872598946,13.333205454432811,37173861
2013-07-24,13.14846420288086,13.294983020565423,13.122982929497631,13.294983020565423,45179670
2013-07-25,13.161205291748047,13.167575609588749,13.04016775704381,13.116611571132243,46240669
2013-07-26,13.14846420288086,13.14846420288086,13.014687517618913,13.097501656114403,37870484
2013-07-29,13.052913665771484,13.122987190327141,13.001949606726788,13.122987190327141,35602736
2013-07-30,13.046540260314941,13.129354406116303,13.008318346868158,13.091132492669521,29564312
2013-07-31,13.052913665771484,13.173951249371838,13.033802704529032,13.052913665771484,56247221
2013-08-01,13.263128280639648,13.275868914307088,13.161203211300137,13.173943844967576,41956665
2013-08-02,13.256758689880371,13.269499324245617,13.212166469602014,13.25038837269775,38756558
2013-08-05,13.231276512145996,13.275868729360816,13.205795245166097,13.244017145635944,25892854
2013-08-06,13.110241889953613,13.218538794235581,13.097501253653496,13.205798157935462,31125712
2013-08-07,13.021058082580566,13.059279993379322,12.95735340218494,13.052909674912863,47522016
2013-08-08,13.052913665771484,13.129357510741292,12.957357363827732,13.091135588256389,53167013
2013-08-09,13.008316040039062,13.084759853376466,12.982834768926594,13.021056675595297,25617110
2013-08-12,12.957354545593262,12.995577955496035,12.91276231239305,12.95098422656466,33403185
2013-08-13,13.021058082580566,13.059279993379322,12.893650217520348,12.989204994517237,37451082
2013-08-14,12.970093727111816,13.065649997541056,12.9637234087986,13.001945318677897,37419446
2013-08-15,12.778983116149902,12.874539389825662,12.73439088644237,12.874539389825662,76359915
2013-08-16,12.753499984741211,12.84268443116836,12.728018714333453,12.75349998474121,40227972
2013-08-19,12.587869644165039,12.740758755210488,12.58149932686026,12.72801812060093,47041926
2013-08-20,12.708907127380371,12.740760213280334,12.56238981260282,12.613352356873273,52458696
2013-08-21,12.619722366333008,12.75987085538081,12.562389505430636,12.651573955723213,57591843
2013-08-22,12.766244888305664,12.785355847501181,12.657947957133072,12.67068859659675,39774718
2013-08-23,12.778983116149902,12.804464390268492,12.715279930853427,12.791723753209197,31125096
2013-08-26,12.69616413116455,12.829942280736784,12.69616413116455,12.798090696488789,36845430
2013-08-27,12.390388488769531,12.587870583551169,12.364907217648843,12.54327761122453,89691891
2013-08-28,12.409501075744629,12.492315212797996,12.326686190825772,12.358537782000145,63150423
2013-08-29,12.441353797912598,12.524167942494268,12.371279543093321,12.38402018072127,33458334
2013-08-30,12.384014129638672,12.473200045187367,12.345791487565632,12.447718034516944,32457777
2013-09-03,12.485945701599121,12.600612178235751,12.415870704952441,12.530537929454564,52539203
2013-09-04,12.581503868103027,12.638836744540104,12.466836619497572,12.49868896538382,38645768
2013-09-05,12.613353729248047,12.689799049702161,12.581502135613455,12.606983410521128,37273449
2013-09-06,12.613353729248047,12.689799049702161,12.473205969390296,12.68342723524415,48118067
2013-09-09,12.759872436523438,12.759872436523438,12.632464567443943,12.664316160781047,40325837
2013-09-10,12.912762641906738,12.931873599480223,12.855428273455075,12.86180008837744,45371583
2013-09-11,12.925500869750977,12.931871187754108,12.85542587598561,12.88727896173219,39921576
2013-09-12,12.829946517944336,12.931873116930769,12.817205880037426,12.912762160070402,42265400
2013-09-13,12.868170738220215,12.887281696284763,12.810836368295329,12.849059780155665,36197555
2013-09-16,13.008316040039062,13.065648900042115,12.982834768926594,13.021056675595297,48338416
2013-09-17,13.072019577026367,13.072019577026367,13.001944583810618,13.027427351354198,42906382
2013-09-18,13.186687469482422,13.26313128882513,13.008317061951777,13.046538971623132,62847843
2013-09-19,13.135725021362305,13.256762579072157,13.110243745156266,13.244021940969139,49697070
2013-09-20,13.066012382507324,13.174734869363846,13.04682606129735,13.168339428960522,54032652
2013-09-23,12.88054084777832,13.002055709903383,12.861354527700072,12.989264829851217,62269273
2013-09-24,12.797402381896973,12.912521824276,12.784611499591499,12.86775223457708,49559198
2013-09-25,12.86775016784668,12.90612280859995,12.75263224558687,12.81658664684232,48181217
2013-09-26,12.86775016784668,12.950892391108285,12.810191206716775,12.886937989852834,35533800
2013-09-27,12.82298469543457,12.854961902567137,12.765425722595952,12.791007488302004,60591420
2013-09-30,12.73344898223877,12.797404908020379,12.656703673256906,12.669494558087218,49069260
2013-10-01,12.82298469543457,12.848566461140623,12.739843956889898,12.752634839742925,50421391
2013-10-02,12.816588401794434,12.829379283796955,12.701468962142009,12.733446167148314,46893960
2013-10-03,12.720653533935547,12.80379575713575,12.618326492002394,12.784609436773286,57469112
2013-10-04,12.82298469543457,12.829380136861083,12.714260689554019,12.727051572407046,36588767
2013-10-07,12.675890922546387,12.759031679991061,12.663100036785668,12.714263579828543,35878480
2013-10-08,12.515999794006348,12.695073645424502,12.496813470814732,12.675887322232887,90449818
2013-10-09,12.560769081115723,12.611933362269875,12.45844126962231,12.547978198530908,96983596
2013-10-10,12.918919563293457,12.925315005583741,12.720657849034637,12.72705329132492,94071174
2013-10-11,12.989265441894531,13.002056322549391,12.848564253061499,12.886938396655646,47829520
2013-10-14,13.053221702575684,13.072409527917872,12.886940230401493,12.906125052484118,45458737
2013-10-15,12.957291603088379,13.091597386450621,12.93170983513937,13.053223232897155,57169733
2013-10-16,13.232295036315918,13.245085916834212,13.040428825282415,13.046825767171113,92827371
2013-10-17,13.347414016723633,13.366601840648327,13.142758410613702,13.142758410613702,65763713
2013-10-18,13.37299919128418,13.404976399676059,13.289856947835407,13.385790074640932,51511564
2013-10-21,13.347414016723633,13.404974485238377,13.334623135193617,13.379392722178343,35925381
2013-10-22,13.37299919128418,13.456139933103067,13.35381286624905,13.404976399676059,38892953
2013-10-23,13.26427173614502,13.328226136318639,13.23229453605821,13.309039816266553,44094297
2013-10-24,13.283458709716797,13.309040471044815,13.219504306396749,13.309040471044815,34263777
2013-10-25,13.341017723083496,13.341017723083496,13.26427094581847,13.296248143999978,34527334
2013-10-28,13.309039115905762,13.341017815939253,13.2834573571825,13.334620874629021,26414798
2013-10-29,13.347414016723633,13.360204898253649,13.302645931368575,13.334623135193617,27109328
2013-10-30,13.296250343322754,13.38578801467074,13.251482258463586,13.36660169258824,43636119
2013-10-31,13.155548095703125,13.289853841183437,13.149152655519755,13.277062960816695,60161063
2013-11-01,13.187527656555176,13.206715482168521,13.117177801948852,13.155550449915937,41068991
2013-11-04,13.193922996520996,13.219504758724339,13.155548851586364,13.206713877622667,23064878
2013-11-05,13.123573303222656,13.174736834079143,13.104386979151473,13.149155068650899,31916014
2013-11-06,13.187527656555176,13.219506364824218,13.155550449915937,13.187527656555176,35278244
2013-11-07,13.04042911529541,13.245086211398684,13.034035176523616,13.22589989019455,55046504
2013-11-08,13.341017723083496,13.341017723083496,13.040427555289103,13.053218434561707,78709894
2013-11-11,13.347414016723633,13.372997281413335,13.28985504983856,13.341020077588295,28828050
2013-11-12,13.219507217407227,13.328229726992621,13.181133065335423,13.315438843511986,35299294
2013-11-13,13.334623336791992,13.38578836531526,13.142758609311386,13.161944931896478,52414257
2013-11-14,13.449747085571289,13.4561425284832,13.302650396967191,13.33462761152674,43016187
2013-11-15,13.513696670532227,13.526487550349678,13.43694988999804,13.462531649632945,45884171
2013-11-18,13.507303237915039,13.603236363096867,13.475326030064382,13.564863713676079,52683107
2013-11-19,13.526494026184082,13.596843898860206,13.488121368360742,13.513703140242969,35699492
2013-11-20,13.488118171691895,13.596840676424248,13.443348579878153,13.558468027695183,39271362
2013-11-21,13.679986000061035,13.69917232874964,13.520098426025816,13.526493868922019,45735589
2013-11-22,13.743934631347656,13.750330071546037,13.667189348967096,13.692771109760615,34106702
2013-11-25,13.763120651245117,13.820679611772984,13.737538891010509,13.788702411479726,34048598
2013-11-26,13.75032901763916,13.820678854429312,13.743933577930965,13.769515336763748,34307478
2013-11-27,13.788708686828613,13.807896517366604,13.750336029013004,13.782313243859345,19686029
2013-11-29,13.737541198730469,13.839869758488211,13.731145757597469,13.839869758488211,14792804
2013-12-02,13.731145858764648,13.833472917646551,13.692773211683935,13.756727623485125,37823829
2013-12-03,13.59044361114502,13.692772163825857,13.52009376354733,13.660794960372362,34143508
2013-12-04,13.622422218322754,13.686376631819936,13.50730277239802,13.5328860394267,53872745
2013-12-05,13.49450969696045,13.596838243558267,13.481718816339418,13.564861042005687,45227309
2013-12-06,13.679986000061035,13.718358657438246,13.590448297884038,13.654402726846056,37371314
2013-12-09,13.737541198730469,13.769518404395464,13.711959434198473,13.72475031646447,27234152
2013-12-10,13.68637752532959,13.769519769933641,13.68637752532959,13.705565352261221,37960839
2013-12-11,13.500909805297852,13.699170003051796,13.475326536426126,13.692774561241343,79264090
2013-12-12,13.500909805297852,13.564864223402378,13.468931094615673,13.494512861857483,48718056
2013-12-13,13.513696670532227,13.57765106961949,13.481717969359124,13.545673870075857,89187304
2013-12-16,13.596837997436523,13.62881519841027,13.571256236657526,13.571256236657526,84071637
2013-12-17,13.507303237915039,13.596840921526736,13.494512354774775,13.596840921526736,33255096
2013-12-18,13.820682525634766,13.833473408448816,13.430557596546608,13.552072484909901,122031246
2013-12-19,13.801499366760254,13.83987352563326,13.756731266643603,13.801499366760254,56205614
2013-12-20,13.885669708251953,13.92422430005637,13.821414569729157,13.827840083581437,81181865
2013-12-23,13.949928283691406,13.98205585739363,13.93065173947007,13.949928283691406,36429968
2013-12-24,13.975628852844238,13.98205436689972,13.937075768511345,13.975628852844238,9107923
2013-12-26,14.007760047912598,14.020609569273907,13.975630964090781,14.020609569273907,18352240
2013-12-27,14.001331329345703,14.020607872090777,13.975629272352274,14.014182357842419,14700479
2013-12-30,13.975628852844238,14.027032965288095,13.956352310677792,14.001330909066166,19989840
2013-12-31,14.046310424804688,14.052737447970697,13.99490630900368,14.001331823478806,22770053
2014-01-02,13.96920394897461,14.033459092336146,13.930650862957688,14.020608063663838,43679450
2014-01-03,14.065584182739258,14.110562770333308,13.982051011374171,13.988476523887606,30349074
2014-01-06,14.078437805175781,14.1748205106595,14.052735750380123,14.136267428466013,42798546
2014-01-07,14.084868431091309,14.155549107433492,14.039889818873556,14.155549107433492,58506229
2014-01-08,14.129843711853027,14.149120255401433,14.07201408120781,14.110567168304621,44270453
2014-01-09,14.181248664855957,14.200526718232906,14.091291456321443,14.174823149960634,35872817
2014-01-10,14.155539512634277,14.194092582689176,14.091284395876112,14.174816047661727,44795967
2014-01-13,13.943500518798828,14.161969493409165,13.917798463984752,14.136267438595091,52459804
2014-01-14,14.059159278869629,14.078437328003666,13.949925549690429,14.020606197982852,38581263
2014-01-15,14.226221084594727,14.23907210743583,14.116985881755198,14.123411393175749,75928326
2014-01-16,14.136266708374023,14.194096328718452,14.104139141516006,14.187672324037473,57911287
2014-01-17,14.091292381286621,14.181249595726007,14.059163296010043,14.155547534457611,70660016
2014-01-21,14.104146957397461,14.181253160585475,14.02061372858565,14.168402126720807,51099056
2014-01-22,14.11056900024414,14.14269657699586,14.07201590814208,14.129845546295172,22301904
2014-01-23,13.87924575805664,14.05273766899553,13.814990612294762,14.046310645728434,64648058
2014-01-24,13.5643949508667,13.80856602993677,13.5643949508667,13.80856602993677,86803719
2014-01-27,13.480856895446777,13.647921734272506,13.403750743076657,13.583666607297406,79350014
2014-01-28,13.660776138305664,13.673627166879053,13.538689858167634,13.551542395431863,43538500
2014-01-29,13.500138282775879,13.635075606583413,13.468010707748135,13.512989312786978,79334380
2014-01-30,13.692901611328125,13.718603664536111,13.577242371892188,13.622220965006164,56607904
2014-01-31,13.53226089477539,13.660772656445006,13.46158025563685,13.487282306232682,65974214
2014-02-03,13.191709518432617,13.551542856810983,13.172432974916243,13.519413775592797,129496030
2014-02-04,13.320223808288574,13.39090448106683,13.21098853257646,13.255968651217433,67895066
2014-02-05,13.307368278503418,13.352346873248829,13.210984066786876,13.30094276496836,58062823
2014-02-06,13.512990951538086,13.519416467322872,13.326649485088108,13.333075000872894,49232368
2014-02-07,13.680051803588867,13.692902831337861,13.525837961910204,13.57081655903168,63056129
2014-02-10,13.692901611328125,13.705752637932118,13.615795451704168,13.686476098026128,53244320
2014-02-11,13.83426570892334,13.872820301038464,13.673626352631027,13.737883000362402,46243500
2014-02-12,13.83426570892334,13.898520847963965,13.78286159769084,13.853542250635527,47764154
2014-02-13,13.885669708251953,13.892096730794972,13.712180834240403,13.712180834240403,39783458
2014-02-14,13.904947280883789,13.917798308146933,13.840690635877383,13.866392690403671,37421046
2014-02-18,13.93065071105957,13.956352768123933,13.86639405970783,13.91779968252739,26168844
2014-02-19,13.737884521484375,13.969204556334198,13.73145900686885,13.885671357641453,78908823
2014-02-20,13.776437759399414,13.808565332827367,13.67362801573903,13.750734191966117,39164019
2014-02-21,13.802139282226562,13.853543397715347,13.750733658046903,13.802139282226562,53100785
2014-02-24,13.904947280883789,13.975627930831083,13.80213755408795,13.808563067719522,51914224
2014-02-25,13.821418762207031,13.904951976315697,13.789291183200312,13.898524951823157,49380703
2014-02-26,13.802139282226562,13.866394426587544,13.731458623429484,13.853543397715347,52231699
2014-02-27,13.872819900512695,13.87924390554054,13.737882603732443,13.78286119976229,47711837
2014-02-28,13.943500518798828,14.020606683241052,13.853541818258863,13.879243873072937,69264062
2014-03-03,13.83426570892334,13.853542250635527,13.744308514266464,13.814989167211152,61089483
2014-03-04,14.116989135742188,14.116989135742186,13.969200830313929,13.994902881920492,61500268
2014-03-05,14.264774322509766,14.264774322509766,14.091284003404562,14.123411560888824,58700112
2014-03-06,14.309762001037598,14.341889578948356,14.258357876380382,14.264783391962533,53457898
2014-03-07,14.374015808105469,14.451121979763172,14.316184670671346,14.399717865324703,81544764
2014-03-10,14.380438804626465,14.45754496278412,14.29048011141862,14.341884216857057,29071542
2014-03-11,14.2840576171875,14.412569416635257,14.251930044498286,14.39971838755957,55578050
2014-03-12,14.258356094360352,14.264781609139439,14.155546349204016,14.194099437878535,39319248
2014-03-13,14.097712516784668,14.322606975752386,14.065584952459353,14.303330437157197,70116160
2014-03-14,14.007760047912598,14.161972408540455,13.994907509169263,14.046311629378549,54433958
2014-03-17,14.155539512634277,14.20694360604081,14.110560930903562,14.123411954255195,46338656
2014-03-18,14.226221084594727,14.23907210743583,14.168389973119604,14.194092018801808,44158186
2014-03-19,14.219802856445312,14.322611091831693,14.116993112367991,14.239079400580257,69971394
2014-03-20,14.444693565368652,14.47682113044238,14.194095540412487,14.194095540412487,112214267
2014-03-21,14.446633338928223,14.60786802855288,14.427285357887103,14.54337324413382,82702027
2014-03-24,14.440179824829102,14.530470376840277,14.356337083680026,14.491774425978345,68496287
2014-03-25,14.427284240722656,14.511125485408666,14.356340134783386,14.485328179351432,42096507
2014-03-26,14.278940200805664,14.517566662158593,14.278940200805662,14.511117339264757,62505872
2014-03-27,14.201553344726562,14.31119339863886,14.124161434399099,14.246698625750916,81009033
2014-03-28,14.259596824645996,14.349888898109123,14.208002219399452,14.240250361960218,48922771
2014-03-31,14.40793228149414,14.453079073650914,14.349888352797512,14.362787003618985,41048557
2014-04-01,14.43372917175293,14.478874443605061,14.395031710169688,14.44662782085354,51651775
2014-04-02,14.465977668762207,14.498224295691703,14.42083239106091,14.446629692604509,44565278
2014-04-03,14.440179824829102,14.498223751122,14.395033034541958,14.478875775691034,46626833
2014-04-04,14.298296928405762,14.549823703908856,14.285398274716574,14.517575555403928,60202301
2014-04-07,14.079012870788574,14.2918436260213,14.066114220687382,14.285394300970706,72897112
2014-04-08,14.098362922668457,14.13061106695321,13.982275054657666,14.091915110949612,56290676
2014-04-09,14.220900535583496,14.233799186591165,14.07256453471367,14.143508629537486,44907126
2014-04-10,13.891983032226562,14.233800340196277,13.88553370620003,14.233800340196277,94458692
2014-04-11,13.724300384521484,13.891984391905156,13.666256444601643,13.730749711179245,98050873
2014-04-14,13.833939552307129,13.9048821409288,13.692052860781976,13.8855341622138,69247689
2014-04-15,13.962925910949707,13.988724729877912,13.762996799940021,13.866186018525665,103855038
2014-04-16,14.072569847106934,14.079019175045389,13.943583288337843,14.027424551537752,49363100
2014-04-17,14.098362922668457,14.13061106695321,14.027420336661862,14.091915110949612,58956037
2014-04-21,14.085460662841797,14.117708798866568,14.053214041098393,14.104810150169207,37683618
2014-04-22,14.182205200195312,14.220901154903526,14.053217170219563,14.104813290778885,33032777
2014-04-23,14.214454650878906,14.227353305008867,14.149961380229104,14.169309361424046,32197667
2014-04-24,14.20799732208252,14.278941394124669,14.14995341118716,14.278941394124669,36918798
2014-04-25,14.091917037963867,14.188656941201659,14.066118216151825,14.17575828743662,35205738
2014-04-28,14.008073806762695,14.13061252772344,13.872636432467338,14.091916567719597,54068967
2014-04-29,14.143511772155762,14.149961099092604,14.027422373010618,14.040321026884303,34182162
2014-04-30,14.162858963012695,14.195105595898307,14.09191637066435,14.104815023818594,46774307
2014-05-01,14.188653945922852,14.20800192248598,14.117711365191386,14.162856643838683,33615533
2014-05-02,14.182205200195312,14.311193230171062,14.149958571271801,14.195103851764717,34600209
2014-05-05,14.124159812927246,14.137058463167708,14.001621121361303,14.053215722323152,23206197
2014-05-06,13.924227714538574,14.085460825113076,13.924227714538574,14.085460825113076,73906286
2014-05-07,14.111261367797852,14.124161533891689,13.956477546052604,13.995173501488916,50411420
2014-05-08,14.149955749511719,14.227347643494786,14.091911829024419,14.091911829024419,35858291
2014-05-09,14.143511772155762,14.16285975296629,14.053219680757987,14.143511772155762,29373014
2014-05-12,14.285395622253418,14.291844947900524,14.18220489761805,14.21445152585358,25643084
2014-05-13,14.272499084472656,14.330543023891927,14.253151104666234,14.29184706427908,28989311
2014-05-14,14.169303894042969,14.272494601547393,14.143506595737218,14.259594438113096,31432723
2014-05-15,14.008073806762695,14.124163201056131,13.904883065803872,14.104815221054212,49008449
2014-05-16,14.027420997619629,14.027420997619629,13.917780936161554,14.01452234501066,41206002
2014-05-19,14.098362922668457,14.111261574669655,13.982275054657666,13.988724380658265,24674780
2014-05-20,14.014518737792969,14.104810797097182,13.96292262635566,14.072562659593324,24000561
2014-05-21,14.104813575744629,14.162857508979634,14.059668294339623,14.066116105972887,39055814
2014-05-22,14.169303894042969,14.19510119234872,14.085461160267856,14.124158622007904,22555244
2014-05-23,14.214454650878906,14.220903977943887,14.156410707294086,14.188657342618987,20383390
2014-05-27,14.336992263793945,14.395036202862205,14.246700177628096,14.246700177628096,28444963
2014-05-28,14.31119441986084,14.349890377785849,14.278947788256666,14.304745093540005,40448075
2014-05-29,14.343439102172852,14.356337753061577,14.278945847729222,14.343439102172852,18361350
2014-05-30,14.375685691833496,14.388585856970142,14.304743112130865,14.311192437558375,33521607
2014-06-02,14.414381980895996,14.427280630697084,14.317640593106331,14.388584681293818,24982776
2014-06-03,14.43372917175293,14.43372917175293,14.349886438317556,14.375683736518774,19306758
2014-06-04,14.472423553466797,14.485322201172064,14.388582343382557,14.388582343382557,24081684
2014-06-05,14.60786247253418,14.614311797094922,14.433729195112726,14.498222440720147,38203470
2014-06-06,14.704606056213379,14.72395554906587,14.620764815740392,14.646562120501311,36753598
2014-06-09,14.76910400390625,14.788451986631713,14.698161400579547,14.711060055729858,39739634
2014-06-10,14.762654304504395,14.762654304504395,14.704608843507867,14.730407667440817,26550947
2014-06-11,14.665913581848145,14.711060390182757,14.620768287795693,14.704609548178817,25320439
2014-06-12,14.575621604919434,14.665912184421087,14.549824296490389,14.659462857313827,36993766
2014-06-13,14.582064628601074,14.646557871795029,14.536917844083945,14.614311250198051,34428485
2014-06-16,14.51112174987793,14.55626702385655,14.472425800753397,14.55626702385655,41736316
2014-06-17,14.659461975097656,14.672360628535928,14.485328639399052,14.491777966118189,30098442
2014-06-18,14.743303298950195,14.769100603310967,14.594967284593977,14.653011219405716,38125793
2014-06-19,14.723952293395996,14.762648241981164,14.672356181000971,14.749749592452774,28443117
2014-06-20,14.782227516174316,14.801652066884001,14.736902044243612,14.788702366410877,30669011
2014-06-23,14.814604759216309,14.827554462304668,14.730430168866892,14.782230501495407,23893956
2014-06-24,14.717479705810547,14.846978250282294,14.698055152181034,14.782229738183918,27761266
2014-06-25,14.730429649353027,14.749854203300501,14.633306879615658,14.646256582247307,31616881
2014-06-26,14.678631782531738,14.730430596388537,14.56855778281092,14.711006041192237,32902784
2014-06-27,14.736903190612793,14.736903190612793,14.633305578769043,14.633305578769043,22087464
2014-06-30,14.723956108093262,14.749855515660945,14.685106996741736,14.704531552417498,45984497
2014-07-01,14.814604759216309,14.87935327465811,14.756331095318687,14.756331095318687,34924332
2014-07-02,14.801656723022461,14.859930393482594,14.795181870749113,14.808131575295809,21714471
2014-07-03,14.918198585510254,14.937623133217487,14.87287312058551,14.905248887038764,27225904
2014-07-07,14.853449821472168,14.89877376993235,14.808125873011987,14.89877376993235,30418995
2014-07-08,14.723956108093262,14.840504962422997,14.691581848633657,14.827555258639155,42234379
2014-07-09,14.76280689239502,14.775756597646348,14.711008071389706,14.743382334518028,23890756
2014-07-10,14.665678977966309,14.711002930507124,14.54265530079501,14.600928954061773,31814580
2014-07-11,14.691579818725586,14.704529520720191,14.575030980499184,14.646255861744464,26102370
2014-07-14,14.782227516174316,14.840501168303375,14.762801445189861,14.834026318066813,26266093
2014-07-15,14.885828018188477,14.918203795949529,14.808129800222105,14.859928612199687,36321394
2014-07-16,14.859926223754883,14.918201398138121,14.814602270559444,14.898775326493828,32831509
2014-07-17,14.665678977966309,14.853451158767342,14.652729277240361,14.788702655137605,42034342
2014-07-18,14.834031105041504,14.846980809693527,14.71100739057203,14.71100739057203,25827980
2014-07-21,14.79517936706543,14.814603920598394,14.730429335013891,14.7563302599995,18265332
2014-07-22,14.840497970581055,14.86639736594669,14.80812372637401,14.834023121739646,15999553
2014-07-23,14.872879028320312,14.89877843555093,14.821080213859078,14.846979621089694,17625827
2014-07-24,14.905253410339355,14.931152815142031,14.879352485261686,14.91172674126503,25123971
2014-07-25,14.821078300476074,14.892301661165424,14.808128598532555,14.84697770436311,44700318
2014-07-28,14.827555656433105,14.866404768826877,14.73043135517348,14.80813110023622,51911024
2014-07-29,14.74985408782959,14.885827484672443,14.743379236564452,14.846978377081632,34997453
2014-07-30,14.814604759216309,14.87287842311393,14.723955317322712,14.808129907672129,49021005
2014-07-31,14.510285377502441,14.74985643267303,14.503810525207973,14.711007318906217,61818850
2014-08-01,14.387263298034668,14.529711584970446,14.322514767734509,14.471437907700302,61016238
2014-08-04,14.50381088256836,14.52323543993037,14.374312313213013,14.439060837753042,32232135
2014-08-05,14.35488224029541,14.477905909927548,14.296608590599783,14.432580439889579,49123055
2014-08-06,14.413159370422363,14.490859109053854,14.309561745947137,14.309561745947137,45635509
2014-08-07,14.348411560058594,14.51028437652897,14.30956244897174,14.477910117289925,49004387
2014-08-08,14.49085521697998,14.497330066770614,14.3095579025676,14.341932151520762,62985100
2014-08-11,14.50381088256836,14.568559407108388,14.490861177660355,14.516760587476366,28040580
2014-08-12,14.536182403564453,14.575031510962198,14.458484188768965,14.458484188768965,27079046
2014-08-13,14.600929260253906,14.633305033022516,14.555605306762615,14.568555007760127,27864301
2014-08-14,14.691579818725586,14.691579818725586,14.613880086483002,14.620356457755252,26959269
2014-08-15,14.62035846710205,14.756331877007847,14.536183872293641,14.756331877007847,48988876
2014-08-18,14.782227516174316,14.79517721664744,14.685103242351115,14.691578092587678,30915826
2014-08-19,14.80812931060791,14.846978418306593,14.795179608041682,14.814604161891024,24872847
2014-08-20,14.846977233886719,14.898776040019373,14.762802653646263,14.782228726220902,32671479
2014-08-21,15.021801948547363,15.047701355447597,14.85345428342072,14.879353690320954,46030414
2014-08-22,14.97000789642334,15.06065584940756,14.950583335069577,15.021806726700037,30347351
2014-08-25,15.099503517150879,15.144827484712255,15.041228324296668,15.041228324296668,33893123
2014-08-26,15.131875038146973,15.177198997496689,15.080076227461582,15.086551078797257,17016729
2014-08-27,15.099503517150879,15.170726894747327,15.073602586840506,15.170726894747327,21784145
2014-08-28,15.054171562194824,15.073596111376538,14.99589791464968,15.028272163285871,25850015
2014-08-29,15.125395774841309,15.144820323182326,15.060645760096662,15.099496377053283,28003280
2014-09-02,15.183676719665527,15.196626424785322,15.099503636386856,15.170727014545731,36352415
2014-09-03,15.157776832580566,15.254899617923666,15.125402570799533,15.241951433486518,24151728
2014-09-04,15.170721054077148,15.267843804316776,15.118922253949348,15.170721054077148,31148855
2014-09-05,15.190146446228027,15.196621296602952,15.060647918454741,15.151297343978483,30005256
2014-09-08,15.19662094116211,15.254894593173438,15.144822139374261,15.177196390491666,26755908
2014-09-09,15.04123306274414,15.164256819442269,15.015333644549962,15.164256819442269,38428619
2014-09-10,15.118927001953125,15.13835155810121,15.047702109134953,15.047702109134953,38567107
2014-09-11,15.157776832580566,15.170726537292978,15.054177674605993,15.067128899593673,36650440
2014-09-12,15.14482593536377,15.216050825949056,15.086552268746381,15.157775639056522,42971009
2014-09-15,15.138352394104004,15.177201508545584,15.093028427255495,15.144827246510934,25694294
2014-09-16,15.203100204467773,15.235474464982623,15.09302771871729,15.09950257082026,39350392
2014-09-17,15.267844200134277,15.352018772798887,15.183671147744422,15.235469949215101,54889305
2014-09-18,15.416769027709961,15.455619653505511,15.326121114828508,15.34554566758882,63655749
2014-09-19,15.376455307006836,15.525993844642803,15.337445651942938,15.499987407933537,62190612
2014-09-22,15.272435188293457,15.382964122645038,15.252930351624071,15.343954449306269,39775087
2014-09-23,15.168404579162598,15.317943154447851,15.161904494906441,15.239923824677145,39927485
2014-09-24,15.2529296875,15.259431299440044,15.135899146020886,15.200916791979653,44279193
2014-09-25,14.999367713928223,15.226925695081801,14.999367713928223,15.200919243128087,66656804
2014-09-26,15.142402648925781,15.181412321504821,15.018870492533784,15.044876940919812,49182020
2014-09-29,15.090387344360352,15.122895402944508,14.98636003033277,14.992863168607881,47184969
2014-09-30,15.06438159942627,15.155405694261505,15.031873539327382,15.122896107604266,40730589
2014-10-01,14.882336616516113,15.064383300181138,14.8563301655009,15.03187523641212,63257889
2014-10-02,14.921342849731445,14.979858877570813,14.78480748685048,14.888834793464113,69509769
2014-10-03,15.135900497436523,15.161908474077164,15.005868247025669,15.05788114719001,62092379
2014-10-06,15.090387344360352,15.239925940405751,15.070882509209858,15.239925940405751,40801003
2014-10-07,14.83681869506836,15.051374895228328,14.830318611109874,15.051374895228328,63099706
2014-10-08,15.11639404296875,15.11639404296875,14.797812010421946,14.843324819755994,72327897
2014-10-09,14.797811508178711,15.103390306703846,14.784808284969834,15.103390306703846,110277904
2014-10-10,14.68078327178955,14.934347664263269,14.674280133284668,14.76530422709468,76225243
2014-10-13,14.55074691772461,14.778304821929618,14.537743696144783,14.687280744312776,70603882
2014-10-14,14.609264373779297,14.726294918259036,14.54424825271187,14.589759537459068,78074944
2014-10-15,14.329689979553223,14.472726952291389,14.011107978126887,14.401209229201385,134405258
2014-10-16,14.329689979553223,14.440218896341387,14.069624005395049,14.082627227775049,101397347
2014-10-17,14.511737823486328,14.583257079068522,14.414213647544633,14.518240961774058,65796704
2014-10-20,14.596261978149414,14.609265203101051,14.479231427026221,14.479231427026221,60934746
2014-10-21,14.869329452514648,14.888834285609743,14.687281290510866,14.726292483259174,62988547
2014-10-22,14.732795715332031,14.908340759061119,14.732795715332031,14.895337535566986,56880817
2014-10-23,14.875829696655273,14.973353853169568,14.849823254918128,14.901836138392419,99572513
2014-10-24,15.018860816955566,15.025362424863552,14.8758239164225,14.90183034805444,32770205
2014-10-27,15.038372993469238,15.044874604556089,14.940847300608326,14.966855271513866,27325984
2014-10-28,15.200918197631836,15.207419810173093,15.077386032789471,15.077386032789471,44604546
2014-10-29,15.239924430847168,15.26593087513848,15.122893904978138,15.226921208701514,55631844
2014-10-30,15.324447631835938,15.395965357046142,15.181410654857325,15.226921934536547,41918628
2014-10-31,15.499990463256836,15.519495294633534,15.434972832109857,15.499990463256836,46879927
2014-11-03,15.558513641357422,15.597523325884039,15.493497500479727,15.539008799094113,60885014
2014-11-04,15.565009117126465,15.571510728650217,15.441478498175186,15.49999300188895,36701526
2014-11-05,15.669037818908691,15.70154587941299,15.578015249496657,15.70154587941299,30312760
2014-11-06,15.695039749145508,15.701541359374735,15.597514069149183,15.643026867311699,33192561
2014-11-07,15.701546669006348,15.740556343573209,15.623527319872625,15.701546669006348,35459694
2014-11-10,15.786064147949219,15.78606414794922,15.682036855555376,15.701541686649604,37733474
2014-11-11,15.734046936035156,15.805566163866784,15.734046936035156,15.79256141889565,47698542
2014-11-12,15.701546669006348,15.721051506289779,15.643032157156057,15.682041831722918,23048629
2014-11-13,15.695039749145508,15.747052630979319,15.630022120295314,15.714544579833188,36133543
2014-11-14,15.64303207397461,15.721051422693467,15.623527236794896,15.688543360727277,14073777
2014-11-17,15.64303207397461,15.662536911154325,15.584516035877028,15.597519260663505,19907978
2014-11-18,15.695039749145508,15.747052630979319,15.630022120295314,15.636525257082472,15630130
2014-11-19,15.662530899047852,15.68853733863816,15.597513273514231,15.669032508945428,27164231
2014-11-20,15.662530899047852,15.682035728740582,15.55850361412877,15.584510053719077,19798912
2014-11-21,15.740554809570312,15.8380805130415,15.721049974187734,15.8380805130415,25110061
2014-11-24,15.844579696655273,15.883589361442203,15.786065199474882,15.792565283714637,23038411
2014-11-25,15.83157730102539,15.877088578984557,15.779562885371057,15.877088578984557,28864242
2014-11-26,15.851085662841797,15.85758727542606,15.812075987336215,15.831580825089006,10769280
2014-11-28,15.86408519744873,15.935604445796143,15.84458036423347,15.86408519744873,9621496
2014-12-01,15.753555297851562,15.825074541728016,15.714545633859696,15.779561740512806,33654309
2014-12-02,15.903099060058594,15.916102285633121,15.740557213818471,15.740557213818471,26767603
2014-12-03,15.974616050720215,15.987619274441641,15.883591958111916,15.916100017415483,17814417
2014-12-04,15.994125366210938,16.013630207256327,15.890098020743453,15.955115684120159,20925400
2014-12-05,16.137155532836914,16.195670031094842,16.059134675268247,16.078639508020892,37209929
2014-12-08,16.215167999267578,16.2996904319718,16.111142268625393,16.117643876790527,52915889
2014-12-09,16.17616844177246,16.17616844177246,15.961613711915632,16.007124997463784,55516992
2014-12-10,15.96811294555664,16.182667643453804,15.942104973987682,16.130654753432232,63708559
2014-12-11,16.007125854492188,16.15016285757447,15.981119404215134,16.01362746706145,71819494
2014-12-12,15.695039749145508,15.98111365234733,15.67553491845783,15.883587972351004,48320689
2014-12-15,15.552009582519531,15.812077158265797,15.47399022573081,15.78607070600289,45935750
2014-12-16,15.4024658203125,15.714546196537901,15.395964209414391,15.467481929293587,45497391
2014-12-17,15.753555297851562,15.760056908516873,15.441476459358608,15.473984512685162,53873361
2014-12-18,16.11765480041504,16.130658025558155,15.90960014500823,15.99412263499696,46183796
2014-12-19,16.128108978271484,16.213063260667475,16.075830364093687,16.167319473261905,49107421
2014-12-22,16.23920440673828,16.23920440673828,16.13464563218503,16.173854597258533,19475282
2014-12-23,16.330692291259766,16.389505734422258,16.26534248672209,16.298016621812362,22928360
2014-12-24,16.304548263549805,16.38296616506702,16.298011904066684,16.38296616506702,9773278
2014-12-26,16.304548263549805,16.363361689687718,16.298011904066684,16.35682686456128,18149002
2014-12-29,16.363365173339844,16.428713438516404,16.258806414700334,16.291480547288614,22126486
2014-12-30,16.3437557220459,16.382964669224542,16.29147559145116,16.337220897516126,20298451
2014-12-31,16.160785675048828,16.41564702829783,16.141181191623108,16.402577372680685,29869969
2015-01-02,16.160785675048828,16.271879282151897,16.03662394668593,16.2457399709176,40511471
2015-01-05,15.820966720581055,16.08889764748589,15.781757765723816,16.056223518438188,50770502
2015-01-06,15.579172134399414,15.873240745303718,15.50728907124326,15.820962153917424,57454463
2015-01-07,15.74254322052002,15.781752161453744,15.618380039873594,15.709867568718948,36287049
2015-01-08,15.977804183959961,16.017014673442993,15.892851447853243,15.925525577125057,37995923
2015-01-09,15.762155532836914,16.017016844415092,15.755620706096812,16.010480483317924,36300590
2015-01-12,15.631457328796387,15.80136435693005,15.585713542010376,15.762155396827755,38356360
2015-01-13,15.579172134399414,15.840566625687284,15.468078593347135,15.736009442914698,45785445
2015-01-14,15.356989860534668,15.415803288382403,15.154407207012344,15.330849024912277,71356023
2015-01-15,15.167474746704102,15.38312702084574,15.141335449076392,15.304707593606093,58038203
2015-01-16,15.350458145141602,15.356994506792322,15.069459037162767,15.128272482804507,89499855
2015-01-20,15.285106658935547,15.455013667206183,15.232828051577467,15.39619869957147,39330942
2015-01-21,15.324315071105957,15.402734513719464,15.180547371611876,15.278571291289555,49251571
2015-01-22,15.703340530395508,15.72294500866605,15.311246361913929,15.415805113713732,97345387
2015-01-23,15.533428192138672,15.722941171213861,15.533428192138672,15.690267048737635,34069402
2015-01-26,15.61185359954834,15.618388426546328,15.468085871235482,15.507296367580535,27588310
2015-01-27,15.441944122314453,15.546501337754757,15.383130688629281,15.396198806202436,35186781
2015-01-28,15.160937309265137,15.520357192768623,15.13479801614261,15.520357192768623,85405918
2015-01-29,15.285106658935547,15.317780788534348,15.082525521066112,15.141338954343952,50409450
2015-01-30,15.036775588989258,15.285101966417828,15.030240765075684,15.10866018639496,64531113
2015-02-02,15.278569221496582,15.298173695904929,14.95835973744702,15.075988118253715,62984977
2015-02-03,15.533428192138672,15.546497841129163,15.337381922924777,15.337381922924777,66155787
2015-02-04,15.494222640991211,15.62492069389737,15.468083337281355,15.500757466918676,37523958
2015-02-05,15.651061058044434,15.677200363525358,15.526897822653064,15.539969009750505,30264135
2015-02-06,15.77522087097168,15.93205820418805,15.73601192125675,15.794825345829146,83237512
2015-02-09,15.69680404663086,15.77522349345386,15.65759662475471,15.703340407026602,37354080
2015-02-10,15.820966720581055,15.853642383985601,15.703339856009334,15.814431894771515,39742220
2015-02-11,15.820966720581055,15.866712035604682,15.716409507628414,15.801362243152434,36080733
2015-02-12,15.977804183959961,15.99740866152305,15.814432003244029,15.847106132515844,40635310
2015-02-13,15.964740753173828,16.030090571538942,15.905927297566937,15.984345238376125,23270085
2015-02-17,16.01702117919922,16.056230150251203,15.925532045720438,15.938601702737767,17869196
2015-02-18,15.918991088867188,15.997409000782563,15.879782132909499,15.997409000782563,36387868
2015-02-19,15.853644371032715,15.918992637318667,15.814433876904106,15.879783677547096,21550255
2015-02-20,15.971271514892578,15.997410821839924,15.729481391272552,15.827503792325103,40206183
2015-02-23,15.932056427001953,15.951660899672584,15.84710217773942,15.951660899672584,23616735
2015-02-24,16.010478973388672,16.06275911673609,15.938595886026738,15.971270016645798,33958612
2015-02-25,16.010478973388672,16.075828768983712,15.990874495017234,15.997409321141047,32659415
2015-02-26,15.971271514892578,16.03662131661801,15.918992900997884,16.03008648988117,33480738
2015-02-27,15.912454605102539,15.984337683536134,15.89938495447825,15.95166355697541,28937856
2015-03-02,16.030086517333984,16.04315617083004,15.886318794520298,15.918992928260439,27137641
2015-03-03,15.984341621398926,16.030086944210375,15.905923698334343,15.984341621398928,31729394
2015-03-04,15.886323928833008,15.938602559713203,15.827508934735226,15.91899807313313,47685247
2015-03-05,15.95167064666748,15.98434478775017,15.860181517278539,15.912461677368253,25112031
2015-03-06,15.834036827087402,16.115037413684025,15.807897523098301,16.01047866337073,74347599
2015-03-09,15.905924797058105,15.93859893392536,15.840574988966384,15.847109816339835,26666907
2015-03-10,15.566104888916016,15.775220821091077,15.566104888916016,15.76868599615925,49650662
2015-03-11,15.664128303527832,15.72294326617823,15.592245224502253,15.611849700600139,36531648
2015-03-12,16.003944396972656,16.01701404817117,15.775222432285082,15.79482690908285,50418806
2015-03-13,15.892848014831543,15.997405205915902,15.801358938276204,15.96473108370204,40917578
2015-03-16,16.08889389038086,16.101963538947896,15.95819587035403,15.95819587035403,39676730
2015-03-17,16.04969024658203,16.08889920523554,15.93859666270677,16.03662059369753,22247248
2015-03-18,16.141183853149414,16.19346401859582,15.951672281094824,16.01048574106976,58915168
2015-03-19,15.990878105163574,16.141180674300912,15.918995001573105,16.141180674300912,42486734
2015-03-20,16.20798683166504,16.221105269336483,16.017767945344822,16.070241696030607,47450742
2015-03-23,16.11615753173828,16.25390266535368,16.11615753173828,16.175190500394496,26417014
2015-03-24,15.984975814819336,16.103043323222757,15.978416594357181,16.103043323222757,22615686
2015-03-25,15.72916030883789,16.044005914587654,15.72916030883789,16.004650598890024,40570806
2015-03-26,15.716050148010254,15.788201591054742,15.597982610216075,15.663574831165608,40238682
2015-03-27,15.696361541748047,15.735716850749524,15.637328578245832,15.716040736332882,30154207
2015-03-30,15.925944328308105,15.96529965478194,15.80787680880182,15.814436029880794,43422048
2015-03-31,15.81442928314209,15.8931399025103,15.781633191738667,15.847225374545511,26132160
2015-04-01,15.801305770874023,15.860338716437576,15.689797555837016,15.77506890617911,32823015
2015-04-02,15.880023002624512,15.906259878286134,15.761957062147209,15.761957062147209,26472163
2015-04-06,15.90626049041748,15.945617345508785,15.716043134550452,15.748839230389594,19432443
2015-04-07,15.820991516113281,15.952177446808575,15.820991516113281,15.939059007747487,22346466
2015-04-08,15.880023002624512,15.945616731862842,15.834108470216671,15.834108470216671,22778055
2015-04-09,15.90626049041748,15.919378928753138,15.794753764564394,15.853786737074852,25595691
2015-04-10,15.899700164794922,15.939057017147396,15.873463289949424,15.912820142301896,18165005
2015-04-13,15.958739280700684,16.01121304554129,15.86034943153988,15.873467872750032,38112499
2015-04-14,15.958739280700684,15.998094604331138,15.866908652144955,15.945620839490532,32499016
2015-04-15,16.017770767211914,16.08336296712459,15.95217856729924,15.991533887246845,45762179
2015-04-16,16.044008255004883,16.096483557007577,15.925942290689136,16.011212153806063,27839065
2015-04-17,15.827552795410156,15.965297963561875,15.76851827186821,15.965297963561875,49064829
2015-04-20,15.893139839172363,15.952174343547378,15.880021402663274,15.886580620917819,19100196
2015-04-21,15.81442928314209,15.971852061962634,15.801310846580721,15.952174407120582,26714793
2015-04-22,15.925944328308105,15.96529965478194,15.775080703406958,15.827554472038738,26511555
2015-04-23,15.95217227935791,15.991527583792653,15.873460130404508,15.89969700002767,26294652
2015-04-24,15.925944328308105,15.945621991545023,15.866909798512573,15.919383567144353,23031271
2015-04-27,15.866905212402344,16.011209574515334,15.84066833566986,15.945617382684127,29486759
2015-04-28,15.958739280700684,15.958739280700684,15.775079563673897,15.840671769724652,31748721
2015-04-29,15.95217227935791,16.024323670821605,15.801308738940815,15.866900912998718,49893538
2015-04-30,15.827552795410156,15.991534845098466,15.76851827186821,15.906263440019929,42838185
2015-05-01,15.965296745300293,15.984974404951195,15.893143786495816,15.912822986231218,22565584
2015-05-04,16.122722625732422,16.129281846862238,16.00465510531097,16.03089198983023,27367961
2015-05-05,15.978410720825195,16.168629584389432,15.965292284723114,16.07680053167487,37717594
2015-05-06,15.899700164794922,16.070241391374893,15.788193446701552,16.04400451652939,36626312
2015-05-07,16.011211395263672,16.050566714837768,15.834110917095728,15.834110917095728,39290812
2015-05-08,16.240779876708984,16.240779876708984,16.096475563015446,16.096475563015446,40714217
2015-05-11,16.181745529174805,16.273576107835343,16.155508661010032,16.240780022629377,38354636
2015-05-12,16.122722625732422,16.162077952511307,15.991536663051344,16.109604183472793,48760649
2015-05-13,16.1292724609375,16.18830541675345,16.096476374373083,16.122713243624617,29430379
2015-05-14,16.273582458496094,16.28014167809698,16.175192624398363,16.207988722402796,26445450
2015-05-15,16.201433181762695,16.286704596021767,16.148959413040057,16.280145374931436,28494942
2015-05-18,16.29326057434082,16.30637901391058,16.188311517698278,16.207989177052916,19841750
2015-05-19,16.385087966918945,16.43756325988792,16.312936556702542,16.326054994923705,32513049
2015-05-20,16.33917236328125,16.424443746219698,16.31293548855687,16.417884527538604,37350263
2015-05-21,16.299819946289062,16.33917526536573,16.28670150659684,16.306379166135173,23172098
2015-05-22,16.30638313293457,16.34573846158508,16.267027804284062,16.267027804284062,16231966
2015-05-26,16.122722625732422,16.28014547293276,16.109604183472793,16.28014547293276,54832187
2015-05-27,16.299819946289062,16.319497605827397,16.14895634974401,16.168634009282346,31773341
2015-05-28,16.28014373779297,16.293262178654434,16.181753891247364,16.260466076500773,21900598
2015-05-29,16.13583755493164,16.280141928454704,16.096482236721112,16.280141928454704,31521478
2015-06-01,16.148950576782227,16.240781161884478,16.10303605427307,16.221101969296615,23062170
2015-06-02,16.175195693969727,16.23422868158041,16.070246620354894,16.135840368895938,26426862
2015-06-03,16.312931060791016,16.35884557909625,16.201422833394506,16.234218917898243,40898498
2015-06-04,16.16863441467285,16.306379574979314,16.14239753463058,16.267024254915906,37471271
2015-06-05,16.260459899902344,16.365408927013387,16.214545374328033,16.286696771659095,52402931
2015-06-08,16.162076950073242,16.306381346063603,16.155517729350258,16.286703683894647,28272131
2015-06-09,16.201433181762695,16.27358615384111,16.109604086498077,16.175196297401374,31163011
2015-06-10,16.43100357055664,16.49003654086248,16.267021557400586,16.29325843309207,53968148
2015-06-11,16.496601104736328,16.5293987500615,16.437568115303613,16.503160325784407,60034147
2015-06-12,16.42444610595703,16.490038302191756,16.37197080888481,16.457242204074394,42206558
2015-06-15,16.352294921875,16.411329444967407,16.2473473965278,16.319498820204,40678641
2015-06-16,16.444114685058594,16.457233117062078,16.30636960893844,16.35884333695237,36228207
2015-06-17,16.42444610595703,16.51627518068565,16.385089248131756,16.49659752181523,55448179
2015-06-18,16.57530403137207,16.601540900897295,16.42444049151811,16.49659188271248,70136594
2015-06-19,16.298614501953125,16.548956104077966,16.298614501953125,16.529192415501083,47071470
2015-06-22,16.548954010009766,16.614834510413957,16.529190323933733,16.53577821929241,40678518
2015-06-23,16.581884384155273,16.634589064909804,16.55553281718629,16.595060167639765,33542288
2015-06-24,16.443544387817383,16.581891722446514,16.443544387817383,16.55554014381568,26541099
2015-06-25,16.344730377197266,16.496253542017545,16.331554584327474,16.48966564558265,43711579
2015-06-26,16.39743423461914,16.443549511592526,16.35131895764576,16.417197924750592,30737208
2015-06-29,16.00215721130371,16.29202778591876,15.995570860826595,16.21956091567393,52912442
2015-06-30,16.061445236206055,16.199792586616823,16.0087420729324,16.16026521416158,77383245
2015-07-01,16.305208206176758,16.344737147978602,16.20638971871791,16.311797652158987,52375111
2015-07-02,16.23273277282715,16.33814065079687,16.166853815857007,16.298613276614784,24081438
2015-07-06,16.166847229003906,16.206374587081374,16.02849992891591,16.048263607954645,33223951
2015-07-07,16.199796676635742,16.212972470780695,15.896750317666212,16.140504056165643,63077548
2015-07-08,15.916508674621582,16.087795487918676,15.890157095163152,15.982389170084954,56789354
2015-07-09,16.04168128967285,16.16685284723407,16.008741813161322,16.140499719207444,31236625
2015-07-10,16.23273277282715,16.272260147009234,16.160265920159993,16.26567225131222,36120618
2015-07-13,16.43037223815918,16.43037223815918,16.33814169252034,16.37108117310564,41191230
2015-07-14,16.46989631652832,16.502835787423415,16.344724780309832,16.377664251204926,27691961
2015-07-15,16.608247756958008,16.634600889476456,16.489665621304464,16.548956689131234,62160945
2015-07-16,16.772947311401367,16.772947311401367,16.713656241464264,16.733419931443297,39781365
2015-07-17,16.72682762145996,16.779532327649125,16.65435923050635,16.75976709606737,22286763
2015-07-20,16.746601104736328,16.79930584176327,16.70048581330369,16.77295269984069,25354045
2015-07-21,16.72682762145996,16.819059697178016,16.68730025193107,16.7531807479632,24390172
2015-07-22,16.852001190185547,16.87176487731713,16.71365383344696,16.733417520578545,36459143
2015-07-23,16.707067489624023,16.87835434082576,16.674128008011696,16.86517854818083,36561685
2015-07-24,16.548954010009766,16.700477150076768,16.522602428575052,16.687301359359413,32149658
2015-07-27,16.43037223815918,16.47648905779619,16.37108117310564,16.43696168109383,34805048
2015-07-28,16.49625587463379,16.56213484829822,16.390847969952816,16.56213484829822,29677194
2015-07-29,16.660945892333984,16.667533786156262,16.509422787604517,16.54895015053819,33091373
2015-07-30,16.660945892333984,16.674121679978544,16.568713832005027,16.63459431704487,20597954
2015-07-31,16.608247756958008,16.680716164452836,16.562132481981628,16.641188785901655,24137571
2015-08-03,16.588478088378906,16.628006999499586,16.47648388951878,16.608241770530693,42025601
2015-08-04,16.5621280670166,16.647772244531662,16.535776488340353,16.601656981848226,30678613
2015-08-05,16.628013610839844,16.726832060889247,16.581896787332404,16.674128887529566,24771536
2015-08-06,16.568714141845703,16.667534097844907,16.50942309633643,16.64118252206301,23921408
2015-08-07,16.601661682128906,16.621423824913922,16.463314308092286,16.555544859571572,30673812
2015-08-10,16.7597713470459,16.766360790456048,16.66754079475163,16.713656070898764,30165778
2015-08-11,16.608247756958008,16.660952475177243,16.54236879270604,16.601661407350473,65448208
2015-08-12,16.456722259521484,16.483075388304222,16.206380684033768,16.469899597321575,77509300
2015-08-13,16.516010284423828,16.57530132739913,16.39083875799228,16.49624660343206,27547564
2015-08-14,16.634599685668945,16.634599685668945,16.489664427985584,16.49625232393403,33603346
2015-08-17,16.667545318603516,16.674133216984032,16.502846312272542,16.562137397697168,28771055
2015-08-18,16.654359817504883,16.693888735244318,16.614833993400175,16.64777346916857,20245642
2015-08-19,16.502832412719727,16.647767601837124,16.443539830416306,16.60823869802924,57382080
2015-08-20,16.153675079345703,16.351315026782938,16.153675079345703,16.331551341402687,67731590
2015-08-21,15.573931694030762,16.068028342919735,15.573931694030762,15.94944471407763,127715881
2015-08-24,14.908556938171387,15.435593360765223,12.20090408811326,14.618686364358524,143651668
2015-08-25,14.710915565490723,15.46852978984902,14.658210850875735,15.455353997899662,84936661
2015-08-26,15.264300346374512,15.264300346374512,14.776791503487729,15.053486171477244,146056427
2015-08-27,15.639815330505371,15.67275480763763,15.336769047253714,15.461940607173734,96219884
2015-08-28,15.567347526550293,15.620050686731254,15.468527554393656,15.580523316595533,40348364
2015-08-31,15.435590744018555,15.534409186417475,15.422414951698698,15.468530224818194,58845124
2015-09-01,14.934908866882324,15.185250515909308,14.822913063812994,15.10619574679065,86294454
2015-09-02,15.139134407043457,15.178663336261666,14.94149594822367,15.132546509976725,52533664
2015-09-03,15.224773406982422,15.382884429308383,15.15889291203652,15.185244491287968,60273576
2015-09-04,14.921730995178223,15.05349047218854,14.822911000716063,15.007373649803435,54210039
2015-09-08,15.303827285766602,15.317003074652797,15.106188905656477,15.211596763563236,49726245
2015-09-09,15.093018531799316,15.50806067107366,15.060079047765896,15.442180156189067,43741739
2015-09-10,15.165485382080078,15.277479616262983,15.033724365876767,15.079841185593203,43653476
2015-09-11,15.231367111206055,15.231367111206055,15.06008023392367,15.093019720551462,26809949
2015-09-14,15.198427200317383,15.24454248030899,15.139134579224628,15.198427200317383,31837353
2015-09-15,15.415824890136719,15.46194015677858,15.198422800579136,15.2577138576901,41048311
2015-09-16,15.514646530151367,15.540998113917025,15.34994758479845,15.429002336095426,28008328
2015-09-17,15.297239303588867,15.606873434272995,15.264299831562298,15.501465576970785,75221486
2015-09-18,15.001324653625488,15.160208946313412,14.974844197241213,15.087387691256655,85290820
2015-09-21,15.17344856262207,15.233029587084028,15.074145300803261,15.100627310501897,47097445
2015-09-22,14.981462478637695,15.034423384927477,14.868918998389827,14.94836191220658,65335941
2015-09-23,14.988082885742188,15.041043793070186,14.902019856952077,14.988082885742188,34891095
2015-09-24,14.882159233093262,14.90863968625262,14.749755412914386,14.815958100194866,51271027
2015-09-25,15.100629806518555,15.199931530368955,15.027806987979128,15.094008137212729,55416173
2015-09-28,14.74975299835205,15.021180707566415,14.703412212909246,14.994700258741956,58422891
2015-09-29,14.77623462677002,14.82257697029418,14.64383237207799,14.762994401300816,48264309
2015-09-30,15.001324653625488,15.001324653625488,14.822580018649358,14.974844197241213,49086741
2015-10-01,15.00794506072998,15.067526088757834,14.84906076494007,14.994704832279346,48512971
2015-10-02,15.027806282043457,15.027806282043459,14.551153366805048,14.683557213435005,75346063
2015-10-05,15.345568656921387,15.365428992688779,15.127103409098302,15.133723521020766,47975517
2015-10-06,15.272746086120605,15.365427644905514,15.246264086371864,15.31246675417128,36684908
2015-10-07,15.3919095993042,15.47797260956662,15.279367695460282,15.372049263331743,38597020
2015-10-08,15.48459529876709,15.49783552495239,15.299230577790839,15.332331143254091,37237011
2015-10-09,15.385289192199707,15.530933207585818,15.31908807356136,15.517692983858149,58339183
2015-10-12,15.398530006408691,15.425012009261273,15.33894899734945,15.378669670055611,25312191
2015-10-13,15.27937126159668,15.444874099994765,15.27937126159668,15.345572396955914,42452020
2015-10-14,15.153583526611328,15.312467763670353,15.133723191276667,15.28598731655747,44763838
2015-10-15,15.497834205627441,15.517694543214692,15.22640648317124,15.239648262611311,55652525
2015-10-16,15.5905179977417,15.616998448982988,15.511075089635865,15.544175653687475,36542235
2015-10-19,15.577274322509766,15.610374882534154,15.48459275444148,15.491212866446357,32690313
2015-10-20,15.669955253601074,15.689815586838346,15.564031921954058,15.57727214411224,23941473
2015-10-21,15.557412147521973,15.742776797608919,15.530930150896886,15.68981435874019,29215200
2015-10-22,15.808984756469727,15.868565777346511,15.58389934544198,15.590519458872732,61204335
2015-10-23,15.981104850769043,15.98772496237327,15.861942841892985,15.934764069539465,45903498
2015-10-26,15.914899826049805,15.98110248668037,15.855318830425608,15.98110248668037,24485698
2015-10-27,15.822222709655762,15.855323272052935,15.769261809820286,15.83546293461463,28664204
2015-10-28,16.192955017089844,16.21943547174968,15.855326111412575,15.855326111412575,112058299
2015-10-29,16.1730899810791,16.25253287637867,16.093648640161252,16.186330204565408,48479611
2015-10-30,15.941383361816406,16.14660836538129,15.921523028024477,16.133368142853335,62867662
2015-11-02,16.159854888916016,16.226057581750965,15.974490146866145,15.98111026071142,73531446
2015-11-03,16.186338424682617,16.239300899906187,16.08041502861799,16.153237849156955,42479225
2015-11-04,16.139989852905273,16.22605286224377,16.093649069467034,16.186330636343516,40100564
2015-11-05,16.206193923950195,16.232674376452422,16.113512340192397,16.139992792694624,45236788
2015-11-06,16.3716983795166,16.53058420400296,16.312117361120755,16.510722310155625,85556100
2015-11-09,16.192955017089844,16.431282217792724,16.10027342578041,16.391561535802968,59169369
2015-11-10,16.26577377319336,16.272393885210555,16.126749866450453,16.153230314519238,41119339
2015-11-11,16.212812423706055,16.33859454851561,16.19957064566015,16.33859454851561,27576370
2015-11-12,15.967863082885742,16.179708188109498,15.961242971921923,16.173088077145678,66597469
2015-11-13,15.835461616516113,16.00096596910776,15.789120833017346,15.888422511943276,53877793
2015-11-16,16.027446746826172,16.027446746826172,15.756020597791542,15.789121158115059,53560564
2015-11-17,15.994345664978027,16.139989680034308,15.961245105733814,16.09364889709241,46013180
2015-11-18,16.279010772705078,16.298871104822762,16.03406356782403,16.08702600785266,83572836
2015-11-19,16.305492401123047,16.338592957059305,16.226051066876025,16.28563206756129,35613076
2015-11-20,16.33197593688965,16.398178615673388,16.28563514980835,16.351836274210207,44189330
2015-11-23,16.26577377319336,16.37831723186748,16.24591343714177,16.325354781348125,31828859
2015-11-24,16.21943473815918,16.27239719946558,16.08041080310079,16.166473831234878,35916887
2015-11-25,16.2326717376709,16.265773852299652,16.186330953325154,16.226053180003298,24226080
2015-11-27,16.272401809692383,16.29226215541574,16.17971864193416,16.259161579210144,23191055
2015-11-30,16.259157180786133,16.325358315288614,16.232675172603017,16.325358315288614,30361138
2015-12-01,16.43790054321289,16.444520656157664,16.285636391101153,16.31873695582501,38268343
2015-12-02,16.24591064453125,16.477616079685617,16.21281009013513,16.477616079685617,43846620
2015-12-03,15.981104850769043,16.338593986160593,15.928143957935239,16.338593986160593,59308595
2015-12-04,16.40479278564453,16.431273225813,16.040682070184076,16.080402730436784,52547451
2015-12-07,16.252527236938477,16.398171199132804,16.17308436920467,16.38492942585952,31381144
2015-12-08,16.047306060791016,16.192950071318617,16.00758539093304,16.073788061744693,35697769
2015-12-09,15.861946105957031,16.15323263086545,15.769262970043894,15.97448802638769,66624798
2015-12-10,15.875181198120117,16.027445316400744,15.802359971907567,15.855320863698513,58161303
2015-12-11,15.524312019348145,15.736157138684382,15.43825057108534,15.636855467611914,89542078
2015-12-14,15.557412147521973,15.663333916496546,15.385286164175405,15.537550261457797,71948873
2015-12-15,15.921525001525879,16.007586458625045,15.703058193972087,15.71629841814119,93332943
2015-12-16,16.179718017578125,16.232678937463387,15.914910309386853,16.06717450843946,102205375
2015-12-17,15.948009490966797,16.239297605260816,15.928149149680685,16.239297605260816,70913355
2015-12-18,15.521659851074219,15.854742552950063,15.521659851074219,15.834756214411003,113598773
2015-12-21,15.67487621307373,15.728170508153806,15.534982794306174,15.648229847594196,50728156
2015-12-22,15.821434020996094,15.854741977149818,15.628244747062537,15.768139727029158,57087748
2015-12-23,16.007965087890625,16.034611461050417,15.874731657970209,15.921362810999845,40627924
2015-12-24,15.994636535644531,16.08123721936222,15.954665425192358,16.027944490920564,13844688
2015-12-28,15.981315612792969,15.987977205441899,15.848082195693058,15.928022871601527,16747016
2015-12-29,16.14784812927246,16.167832896249227,16.06124747237314,16.11454018431118,38040239
2015-12-30,16.034608840942383,16.14119431616513,16.007962472136697,16.114547947359444,19339133
2015-12-31,15.874725341796875,16.061251443822602,15.841417388599574,15.874725341796875,59154720
2016-01-04,15.568286895751953,15.581610075192305,15.388422409186575,15.548302126591425,93387476
2016-01-05,15.628240585327148,15.67487171152469,15.488345642613968,15.59493263804319,52096536
2016-01-06,15.388428688049316,15.481690982185125,15.308488014668793,15.40175187292586,77248574
2016-01-07,14.955421447753906,15.20856510490966,14.895467111958713,15.068670090599518,92006910
2016-01-08,14.722259521484375,15.101973324149087,14.688950003466754,15.088650142590385,83028242
2016-01-11,14.742247581481934,14.828848280926257,14.59569098753186,14.802201911866465,70986600
2016-01-12,14.855494499206543,14.92211198530109,14.66230676136264,14.895465616511752,80633578
2016-01-13,14.469120979309082,14.982068340202513,14.402505048331264,14.915452409224697,125524947
2016-01-14,14.595686912536621,14.715595539828188,14.362528120117016,14.502423082744624,95264013
2016-01-15,14.269270896911621,14.335886824503186,14.076083142774753,14.102727949690046,94362797
2016-01-19,14.26261043548584,14.475782984809369,14.162684972050911,14.422488674387393,83779398
2016-01-20,13.982816696166992,14.116050090851507,13.676380357628924,13.969493513110645,107682217
2016-01-21,13.922863006591797,14.176005060313907,13.876230299649444,13.996140516739453,91494814
2016-01-22,14.176005363464355,14.235961255352061,14.07608148385343,14.102726287628528,59334200
2016-01-25,13.889554977416992,14.16934499268375,13.856247014676017,14.11605225229819,78982191
2016-01-26,14.122713088989258,14.162682642139231,13.922863759118195,13.942848535693182,63973716
2016-01-27,14.069416046142578,14.31589803745355,13.969492182736152,14.076079201157235,77206350
2016-01-28,14.076082229614258,14.222637260808204,13.982818372915059,14.156021337538228,79906672
2016-01-29,14.469120979309082,14.475782572406864,14.129376603079388,14.17600775476386,100518905
2016-02-01,14.409162521362305,14.482441596560829,14.302577050704283,14.402502493567313,84561575
2016-02-02,14.0094633102417,14.222635807037364,13.976155352011293,14.202652596220194,86157444
2016-02-03,14.022788047790527,14.089405535756153,13.623089376481751,14.089405535756153,151930266
2016-02-04,14.142698287963867,14.24262373794447,13.936187359733285,13.936187359733285,97011048
2016-02-05,13.956169128417969,14.229297485798618,13.916198018569425,14.156018421177047,81506726
2016-02-08,13.603106498718262,13.802955862277441,13.416578757666798,13.756324709075306,132312804
2016-02-09,13.58311653137207,13.676380377019775,13.336636080359138,13.336636080359138,168924221
2016-02-10,13.509838104248047,13.842920786683445,13.503176513164176,13.689702627633487,80836939
2016-02-11,13.096816062927246,13.243372645420981,13.010215370252505,13.150110361002028,155436893
2016-02-12,13.649736404418945,13.649736404418945,13.349961604417006,13.409915938768865,119640644
2016-02-16,13.869573593139648,13.929529504863662,13.743003303756915,13.882896781495726,97496185
2016-02-17,14.056096076965332,14.122713565249695,14.002803337634843,14.002803337634843,79846353
2016-02-18,13.976158142089844,14.109391565730098,13.90954221233041,14.109391565730098,79491948
2016-02-19,13.976158142089844,14.036112478873335,13.84292471844959,13.862909497377421,91481888
2016-02-22,14.195998191833496,14.255952553608179,14.142705425811554,14.142705425811554,52408225
2016-02-23,13.942846298217773,14.142695596018061,13.916198369606246,14.122710822650127,71553352
2016-02-24,13.909543991088867,13.949513554055853,13.623092328248967,13.74300258127151,89023089
2016-02-25,14.102726936340332,14.11605168502253,13.909540760206166,13.909540760206166,87713797
2016-02-26,14.202653884887695,14.329224137647495,14.122713213760292,14.195990728515966,100096303
2016-02-29,14.049436569213867,14.262609098555298,14.042773412429428,14.189330015139571,70846020
2016-03-01,14.522408485412598,14.549053281200965,14.149354754323898,14.149354754323898,100224943
2016-03-02,14.682293891906738,14.688955485172098,14.515752496151272,14.535737275947355,89863616
2016-03-03,14.78221321105957,14.788874801556165,14.60901029402728,14.66896460849664,76643660
2016-03-04,14.842169761657715,14.915448832281331,14.728921142032693,14.855492944658183,70707286
2016-03-07,14.8355073928833,14.855492166336944,14.695612414586835,14.742245116766293,48251261
2016-03-08,14.595686912536621,14.762228236784576,14.57570057720058,14.702272359018014,94684581
2016-03-09,14.61567497253418,14.688952483478857,14.562380673180554,14.648982932054487,59913509
2016-03-10,14.602352142333984,14.77555510015497,14.429149184512998,14.708939179501193,94740222
2016-03-11,14.982065200805664,15.002049975911326,14.748907927118521,14.748907927118521,79284278
2016-03-14,14.935434341430664,14.975403892398106,14.842170491718855,14.935434341430664,55347853
2016-03-15,14.928772926330566,14.928772926330566,14.782216340260556,14.835509075514693,75699114
2016-03-16,14.895463943481445,14.988726223769087,14.782215324725428,14.848831239216599,72379969
2016-03-17,15.075328826904297,15.121959968131284,14.788877259696397,14.895464289479143,65859485
2016-03-18,15.209150314331055,15.26937073831236,15.128856415689318,15.169003365010187,65031268
2016-03-21,15.182388305664062,15.282757267377809,15.122167871273904,15.16231482753401,47484348
2016-03-22,15.135552406311035,15.195772849519212,15.041874590256823,15.075330392039143,43482367
2016-03-23,15.02180004119873,15.135551330235081,15.01510888131798,15.108786690712082,55912266
2016-03-24,14.928123474121094,14.928123474121094,14.787607548656183,14.887974944657143,48500785
2016-03-28,14.974960327148438,15.021798441325267,14.9013560052357,14.948194119412529,36121356
2016-03-29,15.001727104187012,15.008418264309787,14.827755369931142,14.914740451527248,44438115
2016-03-30,15.088709831237793,15.20246110663814,15.068636354001864,15.08201867215915,37636102
2016-03-31,15.055258750915527,15.148936578418372,15.021802945044477,15.048567589741317,39946073
2016-04-01,15.189079284667969,15.209152762559647,14.921429770652013,14.981651775390509,45753316
2016-04-04,15.115472793579102,15.20915058136911,15.08201700189097,15.175694789680978,38544826
2016-04-05,14.901352882385254,15.001721819936321,14.874588251321796,14.974957188872864,61644172
2016-04-06,14.98165225982666,14.995034578853833,14.82775401995066,14.874592136545765,38129610
2016-04-07,14.700623512268066,14.88797758914567,14.620329581205027,14.87459526730183,51315220
2016-04-08,14.754156112670898,14.901363257072164,14.72739146297325,14.800995820705984,55956828
2016-04-11,14.814369201660156,14.941502782033696,14.800986884890653,14.821060360044909,45423161
2016-04-12,15.001727104187012,15.02849174467812,14.800990729440032,14.834446530053919,48225902
2016-04-13,15.342977523803711,15.356359842401858,15.142241173768054,15.1556234923662,69649488
2016-04-14,15.376432418823242,15.456727896768092,15.269372305251233,15.269372305251233,52055051
2016-04-15,15.322904586791992,15.436655869955022,15.29613994865093,15.416582391349227,53901797
2016-04-18,15.436652183532715,15.450034499407419,15.235914303285869,15.249298190223717,52434076
2016-04-19,15.630703926086426,15.630703926086426,15.483496818325813,15.483496818325813,57169363
2016-04-20,15.751140594482422,15.777903656605744,15.617315857486432,15.62400701578307,74743119
2016-04-21,15.610625267028809,15.811363185558676,15.570479882811659,15.744450022360905,63436754
2016-04-22,15.75783634185791,15.791292143084272,15.624011565888773,15.624011565888773,46728145
2016-04-25,15.724380493164062,15.737762813614209,15.610627627210445,15.690923120975011,38189682
2016-04-26,15.824745178222656,15.844818655449728,15.717685061948195,15.73776011023868,41664795
2016-04-27,15.851513862609863,15.905043148885444,15.757837611627599,15.811366897903177,56916147
2016-04-28,15.68422794342041,15.84481731875279,15.63069867533071,15.717683735976472,74850832
2016-04-29,15.597246170043945,15.657466609336893,15.45673024063012,15.597246170043945,60318138
2016-05-02,15.737763404846191,15.757836886275527,15.57717241128402,15.610628213666246,43564598
2016-05-03,15.53702449798584,15.570481869385135,15.403201296643239,15.55709797818723,44142060
2016-05-04,15.416581153869629,15.49687506184767,15.342976833826365,15.356359151822705,46466680
2016-05-05,15.409887313842773,15.5102562626492,15.369740362745516,15.450035836003314,47043157
2016-05-06,15.476801872253418,15.483493031375842,15.29613900488457,15.29613900488457,38964104
2016-05-09,15.436652183532715,15.523637236718288,15.376430191033402,15.450034499407419,31989258
2016-05-10,15.657472610473633,15.664163772959634,15.503574302231371,15.510265464717373,37549070
2016-05-11,15.490188598632812,15.650778034334277,15.47680627657968,15.610629497111008,31961192
2016-05-12,15.496878623962402,15.610628353077821,15.403202376455587,15.543716747715811,35254978
2016-05-13,15.30952262878418,15.57048099894106,15.282757990011895,15.463420872788367,45538875
2016-05-16,15.389822006225586,15.456735197964198,15.296145737281288,15.309528061416186,33796243
2016-05-17,15.302828788757324,15.41658005467923,15.235915632483085,15.349666898404992,45457629
2016-05-18,15.570479393005371,15.583861711011265,15.255990206676708,15.255990206676708,96899150
2016-05-19,15.423266410827637,15.570475009576814,15.329590211158285,15.496870710202225,66203303
2016-05-20,15.530332565307617,15.617319212916495,15.47680328743358,15.503567926370598,35765351
2016-05-23,15.516945838928223,15.57047667266273,15.450034260588987,15.496872365426452,38575724
2016-05-24,15.751140594482422,15.784596385965612,15.603933540893156,15.62400701578307,47386483
2016-05-25,15.91841983795166,15.99871531001745,15.811361303281615,15.818052461698493,51504178
2016-05-26,15.824745178222656,15.9451876126485,15.804671700995586,15.925114135421428,36198417
2016-05-27,15.931805610656738,15.938498341588637,15.831438212632227,15.851511692237128,37026264
2016-05-31,15.891657829284668,16.012098688776128,15.838126987336214,16.012098688776128,40884834
2016-06-01,15.925116539001465,15.94519001925823,15.71099627413534,15.777907874991223,38452378
2016-06-02,15.958566665649414,15.958566665649414,15.831433098159629,15.884962359812974,28227076
2016-06-03,15.731071472167969,15.777909597881639,15.563790880698178,15.764527276249162,86083215
2016-06-06,15.824745178222656,15.898347928055253,15.7243777920873,15.73776011023868,46925474
2016-06-07,15.791289329528809,15.884965556272201,15.777905440359202,15.838127442900504,26503799
2016-06-08,15.80467414855957,15.844821109231004,15.76452561682448,15.76452561682448,30469958
2016-06-09,15.690926551818848,15.737766254699615,15.61063104049755,15.711000036883165,39571234
2016-06-10,15.496878623962402,15.570482960924371,15.450040500208994,15.510260945034805,47349676
2016-06-13,15.389822006225586,15.590560010377311,15.383130844158135,15.409895492427934,56062079
2016-06-14,15.162314414978027,15.409888876242501,15.082018933579118,15.329594965907031,66888232
2016-06-15,15.182388305664062,15.356360020521336,15.169005986910694,15.202461783794115,58034633
2016-06-16,15.22253704071045,15.235919361027571,14.974962543780034,15.061947625841325,71488109
2016-06-17,15.209757804870605,15.283754135117103,15.14248683427297,15.243392500437196,46524537
2016-06-20,15.297207832336426,15.532653857445501,15.290480893302707,15.451929009576425,70566829
2016-06-21,15.38465690612793,15.418291595364995,15.290478196799993,15.35774915473828,40308110
2016-06-22,15.371203422546387,15.499016824371855,15.337567152987118,15.384657298584415,54005201
2016-06-23,15.694093704223633,15.694093704223633,15.546101108567631,15.552828044733813,73745517
2016-06-24,14.85322380065918,15.196299203940304,14.799406719419837,14.873403034360758,165914672
2016-06-27,14.429426193237305,14.65141678225403,14.34197597735313,14.631235963203837,140642119
2016-06-28,14.799407005310059,14.799407005310059,14.563961021566966,14.691774420216289,109722231
2016-06-29,15.135758399963379,15.135758399963379,14.893587036342543,14.927221728586506,100009025
2016-06-30,15.377928733825684,15.377928733825684,15.108848082601162,15.182844392982688,72707045
2016-07-01,15.297207832336426,15.404840436340384,15.270300076201547,15.317388649437587,45095346
2016-07-05,15.068489074707031,15.189575546725568,14.99449117201514,15.149212336409853,59557011
2016-07-06,15.10885238647461,15.129033204145507,14.907042630301163,14.940677326419324,58561132
2016-07-07,15.12903118133545,15.256844588959794,15.05503485976909,15.155938934632308,65731461
2016-07-08,15.418294906616211,15.438475724492505,15.317389237770243,15.337570055646536,55327418
2016-07-11,15.505743026733398,15.552833174893294,15.4519275196527,15.499017667812595,42557517
2016-07-12,15.700824737548828,15.721005549283454,15.59991909941168,15.620099911146307,55059306
2016-07-13,15.700824737548828,15.734459423773204,15.61337297390143,15.687370863059076,57377156
2016-07-14,15.848822593688965,16.010272299840064,15.808462536347996,16.010272299840064,67039521
2016-07-15,15.821910858154297,15.922814914727537,15.721005222117075,15.909361040517771,62710956
2016-07-18,15.875728607177734,15.8959094213553,15.815184585180827,15.828638461299205,38953149
2016-07-19,15.88245677947998,15.889183718061927,15.781551121286453,15.801731937032294,30777585
2016-07-20,15.909363746643066,15.942998437888619,15.842094364151961,15.942998437888619,31817657
2016-07-21,15.828641891479492,15.916093684664583,15.808462652393146,15.889185926596724,36524509
2016-07-22,15.929539680480957,15.936266616668894,15.821908701473987,15.84881486676196,23484772
2016-07-25,15.895910263061523,15.93627189355385,15.848820114689518,15.90263720147691,37096308
2016-07-26,15.909363746643066,15.929544561390399,15.842094364151961,15.855548240650183,34484126
2016-07-27,15.90263557434082,15.949724138430495,15.848818493059918,15.88245476115953,50709937
2016-07-28,15.93626880645752,15.96990349201891,15.808457001324234,15.862270918758474,33001387
2016-07-29,15.909363746643066,15.983360067383282,15.875729055397514,15.875729055397514,54440606
2016-08-01,15.869007110595703,15.99009203718108,15.83537240876643,15.922822633522538,39409726
2016-08-02,15.734465599060059,15.882459855994462,15.694102380285486,15.821917397029557,39709475
2016-08-03,15.895910263061523,15.90263720147691,15.734462161627928,15.734462161627928,33511513
2016-08-04,15.855549812316895,15.909365323644192,15.821915117737333,15.882457567980543,31363295
2016-08-05,16.15826416015625,16.15826416015625,15.976636803613486,16.02372537753198,51542339
2016-08-08,16.178447723388672,16.225536300701986,16.131357566610784,16.205355481853424,45019886
2016-08-09,16.191892623901367,16.21880036744525,16.151531008585543,16.171710236779756,32239890
2016-08-10,16.064085006713867,16.205352290296553,16.037177253548453,16.17844453713114,33545242
2016-08-11,16.097715377807617,16.13807699672334,16.03717294943403,16.097715377807617,25139605
2016-08-12,16.05063247680664,16.07754023222966,15.983361508784695,15.99008844764045,28861534
2016-08-15,16.15826416015625,16.17171803841868,16.097721707975328,16.111175586237756,26275941
2016-08-16,16.117902755737305,16.158262807681922,16.077539544864035,16.13135505340929,27637427
2016-08-17,16.171716690063477,16.178445208098143,16.077539550078733,16.11790276096509,25676567
2016-08-18,16.15826416015625,16.191900435276775,16.111175586237756,16.14481028189382,26595016
2016-08-19,16.151538848876953,16.164992727179687,16.050633182141993,16.111175634504292,31510153
2016-08-22,16.151538848876953,16.164992727179687,16.084267877898824,16.124629512807022,32517481
2016-08-23,16.171716690063477,16.252441532371872,16.171716690063477,16.21207990094984,29855443
2016-08-24,16.16499137878418,16.218806887506112,16.124628167778397,16.17844525596466,24299201
2016-08-25,16.198623657226562,16.225531407576756,16.124625764299434,16.144806577062077,27249662
2016-08-26,16.218807220458984,16.339892117569065,16.11790313953392,16.245714975372337,64953346
2016-08-29,16.360076904296875,16.420619361700393,16.238990410025245,16.25917122915975,40451522
2016-08-30,16.5080623626709,16.5080623626709,16.36679512452551,16.3869759329086,39359132
2016-08-31,16.52151870727539,16.53497258154408,16.386978385124525,16.514791770141045,56386078
2016-09-01,16.45425033569336,16.575336802556002,16.32643693064192,16.561882926178402,62960480
2016-09-02,16.528247833251953,16.575336399428316,16.45424993551061,16.474432329050394,66918391
2016-09-06,16.5013370513916,16.54842560892218,16.37352367291612,16.52151786176185,60299920
2016-09-07,16.494611740112305,16.514794133867987,16.407161544849277,16.440796235335057,38671003
2016-09-08,16.48116111755371,16.54170515184466,16.447526420427923,16.494614996404028,72066064
2016-09-09,16.171716690063477,16.447524330376034,16.171716690063477,16.38698188324298,66476831
2016-09-12,16.353342056274414,16.413884484400224,16.023719010884,16.09771531192666,87153077
2016-09-13,16.064085006713867,16.205352290296553,16.003540982627424,16.16499066054843,83230864
2016-09-14,16.023717880249023,16.17171047189197,15.976629328362632,16.064079496151646,82876829
2016-09-15,16.117902755737305,16.164991325714404,15.956453071172879,15.990087764013664,68626527
2016-09-16,15.965145111083984,16.059772483721673,15.917831424765138,16.053014972691397,75235766
2016-09-19,16.066944122314453,16.1834326297259,15.95877792294875,15.95877792294875,50396100
2016-09-20,16.075267791748047,16.208396178622582,16.050307211093795,16.18343559796833,39903200
2016-09-21,16.17510986328125,16.191749716222763,16.017019357723914,16.150147703346388,64029700
2016-09-22,16.20839500427246,16.27495919288694,16.17511370347294,16.2583193359949,38355700
2016-09-23,16.125186920166016,16.233354702103963,16.100226345115104,16.150149082232126,59009500
2016-09-26,15.867247581481934,16.033658786140048,15.825645573824838,16.025338067205656,54189000
2016-09-27,15.992057800292969,16.008699240876513,15.759083980183837,15.809006714919347,47620000
2016-09-28,16.066944122314453,16.09190628540589,15.908855183781137,16.058623401283974,42936400
2016-09-29,15.842293739318848,16.14183181308518,15.759088101655491,16.05862617542182,62580800
2016-09-30,16.058622360229492,16.141827978124937,15.900533431944826,15.925494006402847,47336900
2016-10-03,15.983736991882324,16.066942607326208,15.942134977667939,16.008699152620025,33170500
2016-10-04,16.050308227539062,16.16679517667736,15.967102583719283,16.02534605828843,68471600
2016-10-05,16.308242797851562,16.341524100114615,16.091908778587424,16.11687094554635,58651900
2016-10-06,16.33319664001465,16.358158796676168,16.191747592962418,16.349838077788995,53337300
2016-10-07,16.324878692626953,16.35815998357558,16.216710926260227,16.266633656190656,55532800
2016-10-10,16.408090591430664,16.482975515787867,16.39145073147463,16.408090591430664,37997400
2016-10-11,16.258317947387695,16.408086168717134,16.150150158243022,16.35816342827399,78581200
2016-10-12,16.24167251586914,16.349838691432378,16.216710358270742,16.24167251586914,51378700
2016-10-13,16.083580017089844,16.116862889732378,15.900528978600063,16.108542171571745,73171100
2016-10-14,16.15847396850586,16.324885251149645,16.10855121851897,16.274960914147144,76176500
2016-10-17,16.083580017089844,16.200066897309277,16.041978013301396,16.166785611681462,41236100
2016-10-18,16.216711044311523,16.266633774605367,16.150146874914736,16.249993922517408,45958700
2016-10-19,16.3581600189209,16.399762029450315,16.249993839335428,16.26663369133821,49835900
2016-10-20,16.3581600189209,16.458007066012463,16.291595849864844,16.34151857990314,56238200
2016-10-21,16.34984016418457,16.366481604082523,16.200070379133116,16.225032538980045,39543100
2016-10-24,16.399765014648438,16.482970637867908,16.391445880640227,16.424727177718857,33808700
2016-10-25,16.383127212524414,16.44137067997173,16.341523602193856,16.43304995790562,36177800
2016-10-26,16.482969284057617,16.507931445077798,16.29159747728163,16.308238917961752,40419200
2016-10-27,16.524572372436523,16.5994572661557,16.449687478717347,16.574495105910945,45545800
2016-10-28,16.44969367980957,16.574501354052305,16.324886005566835,16.55785990761576,55749900
2016-10-31,16.424726486206055,16.53289426794187,16.424726486206055,16.53289426794187,38579100
2016-11-01,16.3581600189209,16.524571235068517,16.225031680808794,16.482967637524126,62758900
2016-11-02,16.249998092651367,16.333202135488243,16.17511318448587,16.324883000816865,66529900
2016-11-03,16.266633987426758,16.41640376728276,16.24167341546076,16.266633987426758,53462100
2016-11-04,16.216711044311523,16.3498393831051,16.141826155363265,16.274954494156837,64891400
2016-11-07,16.62441635131836,16.63273707065515,16.47464657728604,16.49128801595962,59001800
2016-11-08,16.63274383544922,16.715949475643185,16.466334142076867,16.574500363418117,63290400
2016-11-09,17.33998680114746,17.423192428887315,16.732588416572604,17.090371504943242,268936600
2016-11-10,17.98066520690918,18.055550101242705,17.539676561057874,17.606240735241553,241635500
2016-11-11,18.03058624267578,18.05554840077439,17.80593158083314,17.864175029381613,134954500
2016-11-14,18.471576690673828,18.579742879200822,18.18035783184947,18.20531840542449,261730900
2016-11-15,18.454933166503906,18.471574605018308,18.130433050547655,18.313484113161323,122754500
2016-11-16,18.188682556152344,18.33013165660516,18.138758223981615,18.288528046462886,117887700
2016-11-17,18.43830108642578,18.45494253338662,18.147082112674013,18.188685730076113,98536400
2016-11-18,18.43830108642578,18.50486528725341,18.355095438637314,18.42165963946494,92344300
2016-11-21,18.504854202270508,18.554776926232034,18.38004659885931,18.538137076254714,71943900
2016-11-22,18.513181686401367,18.59638731475456,18.40501548045297,18.588066593217704,98286500
2016-11-23,18.62134552001953,18.646307681449958,18.446615151052033,18.588064225127457,101948400
2016-11-25,18.646305084228516,18.679587961499816,18.571420197383024,18.662946522864168,33114800
2016-11-28,18.429969787597656,18.621341556788597,18.380047062377155,18.513175387641706,99791400
2016-11-29,18.479894638061523,18.53813967570109,18.396690615463584,18.463254785750937,74645700
2016-11-30,18.729515075683594,18.77943781626442,18.66295089257072,18.737835796949614,98843700
2016-12-01,19.054012298583984,19.095615898426182,18.804397047591053,18.82935762048131,120088300
2016-12-02,18.84600067138672,19.012411910950323,18.762795051604915,19.00409119027062,82108300
2016-12-05,19.070650100708008,19.137214260743047,18.962483935781606,19.012406659054196,95145700
2016-12-06,19.2370662689209,19.25370612297158,19.004090855044506,19.195462666256272,79142600
2016-12-07,19.53660011291504,19.553241550437267,19.220420735066835,19.286984898140922,120172500
2016-12-08,19.719655990600586,19.836142898359604,19.528282601691362,19.644771096465472,116856500
2016-12-09,19.761262893676758,19.761262893676758,19.5782117666188,19.719660869759423,95677300
2016-12-12,19.56989097595215,19.786224990999354,19.51996664300746,19.703019356440354,85143200
2016-12-13,19.619813919067383,19.73630085641143,19.453402648276892,19.619813919067383,113420700
2016-12-14,19.528289794921875,19.82782948179753,19.39516139786951,19.470046319588423,142995800
2016-12-15,19.694698333740234,19.86110960031878,19.5532492332531,19.628134144511904,110426000
2016-12-16,19.5250244140625,19.800848746196476,19.499948895060474,19.792490239862467,83096500
2016-12-19,19.533384323120117,19.583533770503404,19.374575879813822,19.55009974276642,73717600
2016-12-20,19.77577018737793,19.77577018737793,19.650395800083775,19.650395800083775,60793600
2016-12-21,19.72562026977539,19.784128209469614,19.658753825236023,19.77576970462447,37738000
2016-12-22,19.675474166870117,19.71726510395114,19.608606116785186,19.71726510395114,37796100
2016-12-23,19.708906173706055,19.708906173706055,19.61696420103922,19.675473743604858,18276700
2016-12-27,19.733978271484375,19.759052191158737,19.708902757588262,19.7506936865267,38241100
2016-12-28,19.533384323120117,19.784133154258743,19.516667309251627,19.767416140390253,30834400
2016-12-29,19.39128875732422,19.583529593138397,19.307705300033145,19.550095572533227,39251800
2016-12-30,19.433076858520508,19.49994329577021,19.366210421270807,19.466510874256166,44761200
2017-01-03,19.6503963470459,19.784129243111646,19.44143849766543,19.73397980564246,71259900
2017-01-04,19.809202194213867,19.834276112591144,19.650393802863874,19.70890173803975,45092200
2017-01-05,19.60860252380371,19.7757694299411,19.42472020243,19.75069391575396,62201100
2017-01-06,19.675474166870117,19.759056041032164,19.57517368596478,19.683831078908675,38060800
2017-01-09,19.541736602783203,19.667112582849963,19.499945672242156,19.625320058087105,34022400
2017-01-10,19.583526611328125,19.750691906235645,19.48322615900633,19.575168107449507,46212100
2017-01-11,19.708906173706055,19.708906173706055,19.47487278610958,19.608605694958413,48001200
2017-01-12,19.541736602783203,19.64203706799225,19.374571286397206,19.616961553134534,57418100
2017-01-13,19.6503963470459,19.884429712271896,19.566812888449334,19.675471862891428,72479700
2017-01-17,19.182331085205078,19.51666332318016,19.173972579977967,19.508304817953054,96657800
2017-01-18,19.341140747070312,19.366216266440425,19.098750436714283,19.28263279609548,68289100
2017-01-19,19.25755500793457,19.433078825649467,19.190686969694482,19.38292939119118,56729700
2017-01-20,19.349498748779297,19.416365204466565,19.249199862359422,19.31606631804669,74805200
2017-01-23,19.224124908447266,19.382933343203586,19.157258450795464,19.265915846646354,46651200
2017-01-24,19.466510772705078,19.541734119274658,19.2324774464412,19.3160608911227,45229500
2017-01-25,19.7924861907959,19.800844695419958,19.583528357859663,19.675470314502565,92850100
2017-01-26,19.84263801574707,19.892787455313673,19.733980630982444,19.825921004484222,70704400
2017-01-27,19.767406463623047,19.850989897826597,19.708898537946983,19.842631394984103,43944500
2017-01-30,19.60860252380371,19.650395047448942,19.433078707159048,19.642036542719897,46168800
2017-01-31,19.483232498168945,19.65875794828653,19.374575100836818,19.508308017963493,56477300
2017-02-01,19.508304595947266,19.733979451845453,19.449796654245183,19.63367898448342,72132200
2017-02-02,19.433076858520508,19.525018807571954,19.307702487955023,19.39964284278485,39396500
2017-02-03,19.825918197631836,19.842635206527973,19.59188644997275,19.767410260717064,86346600
2017-02-06,19.733978271484375,19.876069661785507,19.69218574832419,19.708902757588262,34952100
2017-02-07,19.68382453918457,19.859349923897106,19.658750622955303,19.850991420413507,50838500
2017-02-08,19.550092697143555,19.683825571451365,19.458152342445448,19.683825571451365,54341100
2017-02-09,19.81756591796875,19.84264143918929,19.49995062028632,19.550100068505184,76813700
2017-02-10,19.876073837280273,19.94294029416189,19.800848874010697,19.934581787773926,55078700
2017-02-13,20.101743698120117,20.193685658455667,19.968010807207573,20.001444827046615,76687000
2017-02-14,20.335779190063477,20.360854707576276,20.051596368472985,20.085030391823384,75954300
2017-02-15,20.494583129882812,20.53637405570817,20.28562531231277,20.43607519603866,76869400
2017-02-16,20.44443130493164,20.502940830705356,20.319056938145383,20.469506815977518,64048200
2017-02-17,20.45279312133789,20.45279312133789,20.2689107932162,20.293986308323543,54156600
2017-02-21,20.553091049194336,20.60324047899363,20.486224611388067,20.56144955319782,55216100
2017-02-22,20.569807052612305,20.628314983557672,20.43607418353102,20.469506603690565,50438900
2017-02-23,20.569807052612305,20.6199564799624,20.45278959650002,20.57816555620758,53509400
2017-02-24,20.411001205444336,20.461150639017223,20.31905924870925,20.352493267239012,61686800
2017-02-27,20.519662857055664,20.561455388934625,20.427722475366114,20.436080981741906,39655000
2017-02-28,20.51130485534668,20.519661767056473,20.37757035466003,20.444436807892355,48913000
2017-03-01,21.096384048461914,21.1381765744082,20.879067696206803,20.904143211774574,92150000
2017-03-02,20.770410537719727,21.146533709898634,20.762052032441723,21.1381767988425,69446200
2017-03-03,20.870708465576172,20.92085949496852,20.7787681001338,20.787126605032523,57652800
2017-03-06,20.711898803710938,20.77876523947328,20.619956856704626,20.74533122448132,49017200
2017-03-07,20.653390884399414,20.745332838559214,20.603241452231206,20.745332838559214,53726500
2017-03-08,20.66175651550293,20.945939386180022,20.653398008221576,20.879072922151426,104601000
2017-03-09,20.736982345581055,20.84564135051626,20.645041950123172,20.745340853208557,60804100
2017-03-10,20.720256805419922,20.853989673704344,20.58652234291396,20.837272666613405,62148600
2017-03-13,20.770410537719727,20.795484459331863,20.645036146993426,20.74533502188572,49418400
2017-03-14,20.711898803710938,20.72861421698534,20.56144892469027,20.68682329246697,49511100
2017-03-15,20.678464889526367,20.828914769280477,20.586522942071838,20.745331325614686,86455100
2017-03-16,20.711898803710938,20.870705592258016,20.70354029996295,20.7620482319773,89233700
2017-03-17,20.5089054107666,20.76893606622725,20.5089054107666,20.760547774128117,83056800
2017-03-20,20.341135025024414,20.525672581245296,20.341135025024414,20.466956158806948,78676400
2017-03-21,19.770753860473633,20.450189595544032,19.720425702295202,20.433414609420087,192257000
2017-03-22,19.728818893432617,19.821086939683482,19.48556313535375,19.628160952181847,133199500
2017-03-23,19.770753860473633,19.997232972131535,19.661709251103144,19.703649116267954,85238900
2017-03-24,19.745594024658203,19.904966819999242,19.61138291293923,19.804310486089488,97583400
2017-03-27,19.670101165771484,19.678487860425964,19.275859321060018,19.32618908840846,103963000
2017-03-28,19.938522338867188,20.014015398114857,19.602998519935188,19.602998519935188,82301100
2017-03-29,19.812698364257812,19.938519578953017,19.795921775657508,19.904966401752404,76524100
2017-03-30,20.072725296020508,20.123053452410414,19.80430632873668,19.829469606980012,92566000
2017-03-31,19.90496826171875,20.055954373422903,19.90496826171875,19.997237907738775,70540000
2017-04-03,19.863025665283203,19.988846874499924,19.62815823481611,19.93851871079393,93489100
2017-04-04,19.837858200073242,19.87979966428593,19.745590178611867,19.779141750078747,105795900
2017-04-05,19.686872482299805,20.097889239546596,19.686872482299805,20.02239780241443,104651200
2017-04-06,19.812698364257812,19.89657810745225,19.569442629264014,19.670100560962304,80802100
2017-04-07,19.728818893432617,19.86302841516451,19.628160952181847,19.661714132566672,61525700
2017-04-10,19.678485870361328,19.85463683845971,19.61138112058657,19.728815632619973,60429000
2017-04-11,19.619766235351562,19.653319404754118,19.41845201864576,19.577826373501544,83801200
2017-04-12,19.460397720336914,19.611382215834663,19.410067955267476,19.594607227381704,74023000
2017-04-13,19.20875358581543,19.602995410440325,19.20875358581543,19.384904562752908,120159300
2017-04-17,19.54427146911621,19.552659760722204,19.20035951278563,19.259075954124555,86681200
2017-04-18,19.359745025634766,19.5023428654211,19.242312075188593,19.41007320441113,74890400
2017-04-19,19.301025390625,19.561056138287658,19.2758605054046,19.485563082530163,55583800
2017-04-20,19.628158569335938,19.6701000397253,19.36812785253592,19.443620899333265,85720400
2017-04-21,19.42684555053711,19.65332470537766,19.418457255924096,19.577831653764143,94675300
2017-04-24,19.863025665283203,19.9720702866301,19.787532619772474,19.871413959218113,98770600
2017-04-25,20.039175033569336,20.139832960861508,20.014011751673902,20.039175033569336,71026100
2017-04-26,20.02239418029785,20.2069317930548,19.98045272291922,20.014005888822123,71691200
2017-04-27,19.930131912231445,20.064341425452913,19.812698988138557,20.064341425452913,68871800
2017-04-28,19.737199783325195,19.955290574289922,19.737199783325195,19.93851399039192,64091900
2017-05-01,19.863025665283203,19.963681992695186,19.75397944403283,19.83786078347847,69086600
2017-05-02,19.837858200073242,19.888186357225198,19.72881359292679,19.863023078600854,76511500
2017-05-03,19.99723243713379,19.99723243713379,19.753976745956606,19.77075333153502,78115400
2017-05-04,20.03078842163086,20.190162819933093,19.946908675064687,20.123058062737986,64482800
2017-05-05,19.99723243713379,20.097888750797736,19.930127694723407,20.08950205791179,46881500
2017-05-08,19.980457305908203,20.055950346602838,19.94690573221246,20.022398772907096,45893000
2017-05-09,19.90496826171875,20.09789424893908,19.837863500950647,20.030789488170978,65737900
2017-05-10,19.97207260131836,19.97207260131836,19.837863082612348,19.871416262240682,51192700
2017-05-11,19.846242904663086,19.93012421801923,19.686868569276704,19.89657105271558,77266700
2017-05-12,19.762367248535156,19.77075554226232,19.653322629888844,19.753978954807987,55787200
2017-05-15,19.913354873657227,19.955296345532062,19.795921952214808,19.804310246589775,52192100
2017-05-16,19.97207260131836,19.988849191132527,19.854639672426515,19.955297611407858,51529600
2017-05-17,19.34296226501465,19.70365089769411,19.267469220969947,19.552664809604714,141192800
2017-05-18,19.41845703125,19.53589155456985,19.292635813317776,19.317800696865657,101656900
2017-05-19,19.58621597290039,19.695260580929226,19.4436181932299,19.452006486140313,69775600
2017-05-22,19.636539459228516,19.6952558957304,19.502330004394803,19.6952558957304,79181900
2017-05-23,19.78753089904785,19.84624735158277,19.561051782210303,19.653321407567084,65577800
2017-05-24,19.779146194458008,19.829474362918717,19.69526484708774,19.812699373367565,59441200
2017-05-25,19.812698364257812,19.904966401752404,19.762368598456895,19.82108505865442,49362400
2017-05-26,19.80430793762207,19.863024391497575,19.762366470637154,19.762366470637154,42601700
2017-05-30,19.670101165771484,19.770757500661173,19.628159692981118,19.74559421689055,46584200
2017-05-31,19.50233268737793,19.678482021116874,19.376511506149665,19.67009532895103,115877900
2017-06-01,19.745594024658203,19.762369013707442,19.477173401123842,19.61138291293923,81187600
2017-06-02,19.670101165771484,19.770757500661173,19.561054936420128,19.602996409210494,83704500
2017-06-05,19.703645706176758,19.82946687979874,19.67848083149115,19.67848083149115,44055800
2017-06-06,19.619766235351562,19.670095989455394,19.510721634599612,19.552661496449627,60397300
2017-06-07,19.770753860473633,19.821082018652067,19.619767786035034,19.653320958089523,83049100
2017-06-08,19.99723243713379,20.139830214743764,19.753976745956606,19.77075333153502,77987000
2017-06-09,20.374698638916016,20.408250211858764,20.106278055857317,20.123054642280362,133216200
2017-06-12,20.416641235351562,20.559239039210116,20.29920831449283,20.416641235351562,86644400
2017-06-13,20.525693893432617,20.592798674452872,20.466977410027916,20.525693893432617,94978600
2017-06-14,20.559236526489258,20.584401406413466,20.240487780396077,20.349533993497612,117605800
2017-06-15,20.475357055664062,20.584403278683983,20.39147571485724,20.408252302999305,59547700
2017-06-16,20.452625274658203,20.519986674406656,20.393682644608656,20.469464420078477,53818800
2017-06-19,20.66313362121582,20.705233901484643,20.562090700138796,20.587351831913736,58041300
2017-06-20,20.486303329467773,20.612605741886668,20.47788295450354,20.5957649919582,45689600
2017-06-21,20.317899703979492,20.519985497658407,20.309480934763368,20.519985497658407,51938200
2017-06-22,20.19159698486328,20.30106025530085,20.166337465548718,20.242119235537086,58380200
2017-06-23,20.115808486938477,20.284212720815304,20.048447114592104,20.275792348519282,85352600
2017-06-26,20.225278854370117,20.30948100100725,20.090556062159653,20.157917458264883,60302300
2017-06-27,20.326322555541992,20.47788611625475,20.250540775185613,20.30106303277157,75943400
2017-06-28,20.64628791809082,20.67996781302876,20.444203730396094,20.46104287485388,90097600
2017-06-29,20.789426803588867,21.067292705196017,20.637863292526415,21.067292705196017,119176700
2017-06-30,20.77259063720703,20.94941370175702,20.73049036641581,20.940994932416686,72754900
2017-07-03,21.07571792602539,21.210440721061662,20.865213358028413,20.890472878333714,61454400
2017-07-05,21.109397888183594,21.159918534975535,20.983095468192538,21.134659014590767,78100200
2017-07-06,20.94940948486328,21.193595503162985,20.94940948486328,21.100972998839364,97648100
2017-07-07,21.092557907104492,21.13465978598646,20.94941473095073,21.05887801002138,59432400
2017-07-10,21.067291259765625,21.11781189131287,20.991509509433797,21.05887088683743,55022500
2017-07-11,20.882051467895508,21.058876131380497,20.823110448741282,21.050455756355277,49857200
2017-07-12,20.94940948486328,20.96625023219886,20.823107091890567,20.882048101543027,47818600
2017-07-13,21.07571792602539,21.07571792602539,20.93257475554655,20.949413900409283,48875900
2017-07-14,20.98309898376465,21.016778885261306,20.705232970820852,20.814694658213334,61742300
2017-07-17,20.915733337402344,20.966253982423623,20.83153119168531,20.924153712576285,43257000
2017-07-18,20.882051467895508,20.915732967996387,20.74732867953662,20.77258980461228,63210700
2017-07-19,20.890472412109375,20.983094933888104,20.814690640839938,20.924153913127956,48259400
2017-07-20,20.882051467895508,20.999935112226275,20.839951198791724,20.907312592971167,40163500
2017-07-21,20.882051467895508,20.94941286207495,20.823110448741282,20.823110448741282,39108400
2017-07-24,20.974672317504883,20.999933440569684,20.87363103729006,20.87363103729006,26364800
2017-07-25,21.23569679260254,21.31989892733104,21.176755780099235,21.21043727639949,75786800
2017-07-26,21.092557907104492,21.294643713693013,21.042037258468593,21.260962210587437,56086500
2017-07-27,20.974672317504883,21.143076592559176,20.882049805622803,21.134656218204242,67826200
2017-07-28,20.974672317504883,21.033613331967228,20.856790288580193,20.94099242610734,43735800
2017-07-31,21.126239776611328,21.202021553890724,21.02519687156464,21.050457999331933,43039300
2017-08-01,21.277799606323242,21.29464035522,21.16833634451653,21.269379231874865,60987500
2017-08-02,21.311477661132812,21.328318408577967,21.202016014783453,21.303057287410237,43341500
2017-08-03,21.23569679260254,21.311478553255974,21.202016902324424,21.277798662977858,40816800
2017-08-04,21.378847122192383,21.463049285209127,21.336746843695348,21.429369383616034,50792900
2017-08-07,21.345163345336914,21.38726361619055,21.3114818438361,21.378843240815346,39486800
2017-08-08,21.286224365234375,21.547249602810346,21.2778039890516,21.311483887760172,52736500
2017-08-09,21.286224365234375,21.303063511577392,21.109399677441107,21.109399677441107,46567000
2017-08-10,20.907312393188477,21.202019092165806,20.907312393188477,21.151498448519558,71130300
2017-08-11,20.82310676574707,21.016770539006764,20.77258613055368,20.90730889508408,50477800
2017-08-14,21.109397888183594,21.168338910444593,20.983095468192538,20.991515843661595,49472900
2017-08-15,21.126239776611328,21.311483228837353,21.126239776611328,21.28622370709255,48535000
2017-08-16,21.084136962890625,21.252539642983315,21.050455463258707,21.218859749373696,35084100
2017-08-17,20.72207260131836,21.06730000456473,20.71365222489496,21.033618498871135,76613100
2017-08-18,20.730485916137695,20.882047822063253,20.61260229238843,20.621022665943524,71725900
2017-08-21,20.67154884338379,20.738910243862378,20.587348297302405,20.713650722446953,45047200
2017-08-22,20.89889144897461,20.915732198405397,20.73048877273351,20.75574829085743,42644000
2017-08-23,20.831533432006836,20.949415485074866,20.730492131097815,20.747331277234306,36612700
2017-08-24,20.831533432006836,20.92415596285887,20.78943315763183,20.92415596285887,31067200
2017-08-25,20.890472412109375,20.983094933888104,20.865212892367804,20.873633267622452,37177300
2017-08-28,20.755746841430664,20.91573073780655,20.705226202688547,20.90731036367917,36486900
2017-08-29,20.688386917114258,20.722068416005072,20.503143491281577,20.519984240726984,42814200
2017-08-30,20.77259063720703,20.86521316017458,20.705229240327647,20.72206999105309,35176100
2017-08-31,20.7978458404541,20.865207218150214,20.73048446275799,20.83994609925595,44225200
2017-09-01,20.856792449951172,20.974674491091875,20.77259030369823,20.82311094904105,42132600
2017-09-05,20.4105224609375,20.730490299600085,20.351581439610808,20.69680879825776,96579200
2017-09-06,20.46103858947754,20.56208146517358,20.393677207687517,20.486299709907055,77593900
2017-09-07,20.107393264770508,20.511563208391014,20.031613106740263,20.49472245948553,87667800
2017-09-08,20.29263687133789,20.368418630089867,20.082132342809533,20.124232606106364,68639500
2017-09-11,20.64628791809082,20.705228938748988,20.48630400057411,20.528404270752123,73305700
2017-09-12,20.890472412109375,20.907313162618667,20.705228974574283,20.72206972508357,66350600
2017-09-13,20.924156188964844,20.93257656513534,20.781013006111497,20.856794785623418,51049400
2017-09-14,20.882051467895508,20.983094362175834,20.839951198791724,20.93257371804683,47163200
2017-09-15,20.943775177001953,20.96068616138218,20.825399899060596,20.850766375630936,59250200
2017-09-18,21.18897819519043,21.19743368745858,21.002962203451865,21.019873187988164,44010400
2017-09-19,21.349634170532227,21.400365522940035,21.155162642368445,21.188983006400115,58443300
2017-09-20,21.476463317871094,21.552561152701237,21.265080801725276,21.366545119072338,70595500
2017-09-21,21.527189254760742,21.577922207032096,21.408815591568,21.42572657565845,51050100
2017-09-22,21.5018253326416,21.52719019716748,21.383451664266754,21.44263849845418,42306600
2017-09-25,21.476463317871094,21.552561152701237,21.332723142383113,21.476463317871094,39774600
2017-09-26,21.468008041381836,21.5441058769836,21.408821194296156,21.510285512672056,46811000
2017-09-27,21.730121612548828,21.840039802787217,21.645568290131344,21.73857549334214,65919100
2017-09-28,21.763940811157227,21.814672156809227,21.654022626791154,21.80621827646756,37718900
2017-09-29,21.86541175842285,21.86541175842285,21.73012705376781,21.763947423571125,42740800
2017-10-02,22.051416397094727,22.051416397094727,21.82312297152071,21.82312297152071,52774000
2017-10-03,22.127521514892578,22.127521514892578,21.992236835654154,22.03451269314594,48062900
2017-10-04,22.026052474975586,22.13597226123168,22.01759859546688,22.06832993612033,39283800
2017-10-05,22.254343032836914,22.33044084028075,21.992229258708157,22.051416083893358,61260400
2017-10-06,22.27971839904785,22.372725613153595,22.161343088708588,22.3135387643443,66077800
2017-10-09,22.195165634155273,22.33890581896149,22.14443427855329,22.33890581896149,31340200
2017-10-10,22.296619415283203,22.296619415283203,22.16978866716818,22.228977102224505,35822500
2017-10-11,22.254343032836914,22.27970950622487,22.161334243134437,22.245887541707596,33748600
2017-10-12,22.08524513244629,22.32199250912588,22.059878650921814,22.31353701528439,53834800
2017-10-13,22.093698501586914,22.169796331676373,21.8907714922552,21.97532481599021,69561400
2017-10-16,22.237438201904297,22.245893695372576,22.102153531852778,22.110609025321057,42000700
2017-10-17,22.127521514892578,22.32199303970774,22.076790163358314,22.313537545665266,37844200
2017-10-18,22.24588966369629,22.27971163143977,22.127516002034476,22.220524800608864,52201500
2017-10-19,22.262802124023438,22.27125761652007,22.051419649768476,22.085241619755013,34671600
2017-10-20,22.524919509887695,22.541830497560714,22.42345680929067,22.49955464109871,56083800
2017-10-23,22.508005142211914,22.575647465179035,22.45727219044643,22.533370005374465,43555200
2017-10-24,22.668655395507812,22.710932856700325,22.567192714086264,22.584102085843025,61259200
2017-10-25,22.53337287902832,22.761666352926415,22.406543708880623,22.736299873808715,68653500
2017-10-26,22.660200119018555,22.761664414126393,22.617924270143774,22.617924270143774,41832600
2017-10-27,22.643291473388672,22.68556732361946,22.499551324795558,22.61792499561801,56694400
2017-10-30,22.55028533935547,22.6517496497392,22.491098496931833,22.61792767537112,48157500
2017-10-31,22.491092681884766,22.634832810344243,22.46572620766718,22.550279509005712,39890800
2017-11-01,22.524919509887695,22.685570667340293,22.49955464109871,22.58410635402272,40921900
2017-11-02,22.736297607421875,22.77011957620738,22.440363444149853,22.550281617262286,51098300
2017-11-03,22.643291473388672,22.67711183102924,22.575649145387224,22.6602008458488,42387000
2017-11-06,22.61792755126953,22.660203406277166,22.541829722079395,22.58410557708703,33642100
2017-11-07,22.30507469177246,22.702474717038527,22.24588786572519,22.63483239973878,70325500
2017-11-08,22.195165634155273,22.271263473918605,22.11906779439194,22.262807979198154,55844900
2017-11-09,22.119062423706055,22.195160244992227,21.89076895984754,22.051420095087273,94577000
2017-11-10,22.051416397094727,22.178245540395828,22.0345054145959,22.135969696868813,53209600
2017-11-13,22.08524513244629,22.135976482774694,21.899227493374553,21.91613848105754,50579200
2017-11-14,22.076786041259766,22.08524153372346,21.924590402353815,22.00068822180679,54101800
2017-11-15,22.135976791381836,22.21207462429563,21.86540743556415,21.88231681076233,64952300
2017-11-16,22.14443016052246,22.288170318598414,22.127519174226368,22.237437359710135,53648100
2017-11-17,22.119062423706055,22.16979376699006,22.009144244470654,22.034509109752495,41938700
2017-11-20,22.22052001953125,22.254340367277592,22.093689280502915,22.161331588715434,35232400
2017-11-21,22.288171768188477,22.321992130259872,22.2374388060006,22.296627261886456,35972400
2017-11-22,22.178245544433594,22.347352144012554,22.178245544433594,22.288165317975935,30959400
2017-11-24,22.1697940826416,22.30507874180534,22.1528847097864,22.2628028905868,12172500
2017-11-27,22.152891159057617,22.2712648671074,22.13598016855884,22.152891159057617,42346400
2017-11-28,22.72784996032715,22.753216445672173,22.16134468938791,22.178255679617926,86507000
2017-11-29,23.116785049438477,23.26898067271421,22.88849161452487,22.947678442972073,135340600
2017-11-30,23.268983840942383,23.57337351621843,23.150608555210265,23.319715184701668,135241700
2017-12-01,23.319711685180664,23.42962984895074,22.787028623845515,23.302800702225237,148119600
2017-12-04,23.67483901977539,23.843945657861955,23.67483901977539,23.708660992480873,99820400
2017-12-05,23.548002243041992,23.801660505535697,23.48881542264145,23.776295646918268,77706200
2017-12-06,23.463455200195312,23.59873985791755,23.395812871334194,23.463455200195312,60299100
2017-12-07,23.539554595947266,23.6241079158582,23.319716609267015,23.539554595947266,59625500
2017-12-08,23.683292388916016,23.683292388916016,23.488820901461935,23.657925911661895,55001600
2017-12-11,23.624103546142578,23.717110729392807,23.55646122526962,23.683290375316396,43278400
2017-12-12,23.860857009887695,23.953865829819062,23.641019007235737,23.717116839412206,69517100
2017-12-13,23.564922332763672,23.886223030299877,23.54801134533531,23.835491680735323,97335300
2017-12-14,23.412723541259766,23.683292853058514,23.387357063508517,23.649470882723513,76970000
2017-12-15,23.623384475708008,23.784781662073645,23.470482048646844,23.555428021481898,111826100
2017-12-18,23.83575439453125,23.954679433506687,23.77629268514856,23.818766492000528,61275500
2017-12-19,23.733814239501953,23.988650532568883,23.733814239501953,23.97166101430852,57366300
2017-12-20,23.691349029541016,23.971669701586055,23.67436112533391,23.929197510752957,69680300
2017-12-21,23.89521598815918,23.96317245858306,23.793282092628388,23.818766376616114,46123500
2017-12-22,23.827253341674805,23.997145283803285,23.716824713438037,23.96316624729373,43020300
2017-12-26,23.75930404663086,23.903711754881673,23.66586490849925,23.827260519913,33710100
2017-12-27,23.78478240966797,23.793277169239445,23.708331193734402,23.776287650096492,29421000
2017-12-28,23.878219604492188,23.88671436280421,23.784778883269453,23.84424057124411,28129700
2017-12-29,23.70833969116211,23.954682946398915,23.70833969116211,23.954682946398915,55169800
2018-01-02,23.716829299926758,23.861236992599416,23.606400650334702,23.861236992599416,55436100
2018-01-03,23.844249725341797,23.86123924848832,23.682852495870026,23.75930372981928,56906200
2018-01-04,24.065109252929688,24.243496009901545,23.9376910666413,23.98016325533405,62247000
2018-01-05,24.133058547973633,24.19252024253915,23.980156121828216,24.19252024253915,37989500
2018-01-08,24.09908676147461,24.150053708694013,24.014140769302244,24.10757990250281,44252100
2018-01-09,24.285964965820312,24.413383135147704,24.15854679649292,24.201018979532076,51418700
2018-01-10,24.489831924438477,24.591767421885393,24.319939968763542,24.36241376778716,64670900
2018-01-11,24.60875701904297,24.6342413002153,24.472844093210295,24.591769118471294,42361700
2018-01-12,24.829614639282227,24.84660415918159,24.6002609812702,24.753163419944883,44537500
2018-01-16,24.761659622192383,25.084454038242995,24.625746695500514,25.041980236020603,67563800
2018-01-17,24.948537826538086,25.016494280936087,24.625743452990317,24.829612816184323,54312000
2018-01-18,24.914562225341797,25.0419803923848,24.880584803561618,25.03348563188728,49247400
2018-01-19,25.09294891357422,25.101442053847695,24.948541225776708,24.999508168467038,60727800
2018-01-22,25.296815872192383,25.30531063185896,25.06746222182399,25.101439640280564,46868900
2018-01-23,25.322301864624023,25.364775668548525,25.11843246641628,25.237355876984974,60862000
2018-01-24,25.492189407348633,25.55165110229385,25.28832004458947,25.44122247171126,66371000
2018-01-25,25.441226959228516,25.59412779311045,25.356280971376357,25.59412779311045,45423700
2018-01-26,25.62810516357422,25.636599923825973,25.39875149740643,25.51767652072113,33871900
2018-01-29,25.526174545288086,25.76402301722079,25.509186641743735,25.645099591359518,41037700
2018-01-30,25.194887161254883,25.500692110764412,25.194887161254883,25.339294874055472,67316900
2018-01-31,25.262840270996094,25.39025844291285,25.1778942829816,25.262840270996094,49504500
2018-02-01,25.500686645507812,25.52616930569876,25.203376521671373,25.211871281804964,60824200
2018-02-02,24.94005012512207,25.51768096107658,24.9230606016622,25.4497228672371,73086000
2018-02-05,23.682846069335938,24.81262312864389,23.444999290666683,24.40488440503117,147871500
2018-02-06,24.116069793701172,24.17553149015102,23.07973343506595,23.139195131515798,159006400
2018-02-07,24.133058547973633,24.472840817069194,23.97166136257462,24.07359685340812,102699400
2018-02-08,23.07124137878418,24.218008125371863,23.05425185774794,24.175534322781267,135270500
2018-02-09,23.51296043395996,23.691345553538522,22.731460247737246,23.41951968358453,149504900
2018-02-12,23.844249725341797,24.082098188762824,23.538444789544776,23.75080896824602,83571800
2018-02-13,23.946178436279297,23.997145371019222,23.640373587420463,23.70833004047691,43365500
2018-02-14,24.515317916870117,24.523812677268417,23.84424642729348,23.929192411066584,57379700
2018-02-15,24.651233673095703,24.75316756915882,24.37940778998064,24.719190143874467,66976000
2018-02-16,24.617250442504883,24.829614580111468,24.49832704391233,24.53230446342029,47508200
2018-02-20,24.540802001953125,24.81262786963315,24.46435077414187,24.566286284626866,58236100
2018-02-21,24.574779510498047,24.974023526188766,24.523812568544095,24.549295229416135,44578800
2018-02-22,24.37091064453125,24.770154668774335,24.31144894094291,24.634241740512437,47602700
2018-02-23,24.736181259155273,24.736181259155273,24.43887107277835,24.447365834698854,41187300
2018-02-26,25.10993766784668,25.10993766784668,24.7531658164675,24.91456303071783,55124200
2018-02-27,24.87209701538086,25.28833067518142,24.8551074896232,25.126933420904354,72752100
2018-02-28,24.523815155029297,25.09295119753883,24.523815155029297,24.999510443926656,65254700
2018-03-01,24.09908676147461,24.727684511214044,23.9631722018728,24.532308243154596,82467900
2018-03-02,24.158552169799805,24.22650864990318,23.691349951405083,23.929198441872046,78991200
2018-03-05,24.49833106994629,24.634244010733532,23.963172447912722,23.971667209238184,58952100
2018-03-06,24.600263595581055,24.65123216069566,24.345427250847894,24.63424263899079,49746100
2018-03-07,24.55779457092285,24.60876152238446,24.268979145623454,24.294463431459345,41530200
2018-03-08,24.63424301147461,24.66822205539813,24.3709119019073,24.61725348951285,50803000
2018-03-09,25.228858947753906,25.245846846562657,24.795635934041478,24.897569807732808,54595700
2018-03-12,25.1439208984375,25.322306043730617,25.101447087503267,25.228866900095746,51784500
2018-03-13,24.863597869873047,25.288326217686897,24.80413616041272,25.26284193354244,47049400
2018-03-14,24.583276748657227,24.974026043371726,24.50682551791569,24.974026043371726,57278900
2018-03-15,24.591766357421875,24.727679267994876,24.51531514269835,24.676710711372728,47451600
2018-03-16,24.61308479309082,24.85179741853108,24.61308479309082,24.6471858998218,61278200
2018-03-19,24.434045791625977,24.664234332584854,24.203857250667095,24.578979136736276,52145000
2018-03-20,24.49372100830078,24.59602755629163,24.43404286618421,24.527823733000204,37146500
2018-03-21,24.485200881958008,24.809170335670135,24.39994730308324,24.536354980612206,53291400
2018-03-22,23.58149528503418,24.25500949210037,23.49624009569438,24.16122862121584,85160300
2018-03-23,22.865352630615234,23.641171707484926,22.82272585210443,23.607070609897754,89289500
2018-03-26,23.607072830200195,23.67527665789664,23.104068991148605,23.325731837688927,84145000
2018-03-27,23.14670181274414,23.786113474013913,22.959141644170533,23.683808518831196,78827400
2018-03-28,23.189327239990234,23.41951417250048,22.890934844682604,23.206376979581847,84244500
2018-03-29,23.504772186279297,23.666756927582508,23.18933001365023,23.29163496786747,58290000
2018-04-02,22.984716415405273,23.530348789904924,22.63517151395332,23.5047717387836,74363900
2018-04-03,23.300159454345703,23.351311928825606,22.925037513908116,23.129649037935568,75160400
2018-04-04,23.547399520874023,23.615603362579563,22.865359477710786,22.882410844664136,70327000
2018-04-05,23.734960556030273,23.905470979648307,23.65823102801295,23.760537607405354,45378300
2018-04-06,23.16375160217285,23.615603064078044,22.95061439627362,23.462144015653344,88521000
2018-04-09,23.2916316986084,23.760534488963064,23.249004911352383,23.2916316986084,54633200
2018-04-10,23.641178131103516,23.77758581073069,23.487719084995994,23.66675518082404,67801500
2018-04-11,23.359838485717773,23.538874592253638,23.30016032557512,23.42804232961051,52480800
2018-04-12,23.769054412841797,23.92251342205411,23.521816162749957,23.53886752513075,63289100
2018-04-13,23.410987854003906,24.075976463253287,23.28310586694648,24.05892509801691,70103900
2018-04-16,23.513290405273438,23.68380077631334,23.445086582078957,23.54739312992438,44633600
2018-04-17,23.513290405273438,23.743478918345083,23.428035219753486,23.71790187485687,50750100
2018-04-18,23.4024658203125,23.66675549988972,23.351311720181815,23.572974609091293,66795500
2018-04-19,23.760534286499023,23.81168675599191,23.428039169526045,23.445090534726233,76142000
2018-04-20,23.769054412841797,23.90546368578073,23.66674949077187,23.803157137603385,49800400
2018-04-23,23.74348258972168,23.862838892240838,23.666753073500033,23.837261844797734,45689200
2018-04-24,23.59001922607422,24.01629351521462,23.428034540890803,23.87136019186259,69592900
2018-04-25,23.572967529296875,23.69232543431325,23.334254971478806,23.564441848502323,51819000
2018-04-26,23.58149528503418,23.709377255990137,23.46213899562295,23.555918240399993,33456200
2018-04-27,23.615602493286133,23.675280649318236,23.504770238276972,23.538872970928345,47185200
2018-04-30,23.4024658203125,23.803163181355888,23.393940136957386,23.675281183244834,41731400
2018-05-01,23.410987854003906,23.42803921924028,23.163749562507242,23.351309701784288,46372400
2018-05-02,23.14670181274414,23.41951719470864,23.11260070305255,23.325737923475806,45430300
2018-05-03,22.950613021850586,23.069969329651865,22.55843974090566,23.035868224326244,68947900
2018-05-04,23.24900245666504,23.376884431038686,22.73747293306291,22.814202442908606,40575600
2018-05-07,23.4024658203125,23.496245085003096,23.24048108878099,23.334261979579416,36873600
2018-05-08,23.564449310302734,23.7264340444778,23.410990259621922,23.41951594311617,47718500
2018-05-09,23.913990020751953,23.973669794774423,23.590022235167837,23.675277429092365,43817000
2018-05-10,24.110076904296875,24.161229369041006,23.837259964743936,23.87136269197838,41445500
2018-05-11,24.093027114868164,24.255011827600445,24.04187464678184,24.127128218223167,25894000
2018-05-14,24.075977325439453,24.203859317076468,24.033350536929696,24.16123252856671,31292900
2018-05-15,24.03334617614746,24.161228144580654,23.93956530711297,24.041871857524,54655800
2018-05-16,24.075977325439453,24.14418116271971,23.95662101672594,24.007773488159195,31984900
2018-05-17,24.024822235107422,24.110077428941178,23.87136321142817,24.05039765498225,45070400
2018-05-18,23.828744888305664,24.033356450492434,23.820219203284363,24.024830765471133,33266100
2018-05-21,23.99924659729004,24.09302747862056,23.956619810925805,23.965145493420184,29647900
2018-05-22,24.161231994628906,24.297639666174955,24.016298640347767,24.016298640347767,52841400
2018-05-23,24.00777244567871,24.07597627999738,23.752008473510624,23.99924676312542,44968500
2018-05-24,23.820209503173828,23.948091474200705,23.581495298111502,23.93104011110179,43245200
2018-05-25,23.74348258972168,23.78610937601919,23.632650343575893,23.70937985979754,39312500
2018-05-29,22.950613021850586,23.44509124488011,22.78010261689927,23.410988513446753,126469700
2018-05-30,23.368358612060547,23.462139484900778,23.112594664814946,23.172272810765087,65843700
2018-05-31,23.172283172607422,23.351317690515874,23.10407931443636,23.317216574484465,66686900
2018-06-01,23.42804527282715,23.555927292928086,23.35984142036611,23.45362232729058,62934300
2018-06-04,23.504772186279297,23.590027398865615,23.462145393040103,23.538874921756996,44196900
2018-06-05,23.4024658203125,23.46214397769047,23.283107879448732,23.428041244270013,44996800
2018-06-06,23.828744888305664,23.845794632240118,23.513301046950133,23.538878102014035,61960000
2018-06-07,23.905467987060547,24.024824292986896,23.74348326751214,23.931043409126072,65166100
2018-06-08,23.939573287963867,23.965150340620234,23.752013113474504,23.879895124540344,47713400
2018-06-11,23.88841438293457,24.101551552747818,23.88841438293457,24.016296359601007,47319600
2018-06-12,23.828744888305664,24.016305080449833,23.709386924115602,23.956626911408875,55517200
2018-06-13,23.74348258972168,24.024823607165168,23.717905542278576,23.837261844797734,61095800
2018-06-14,23.52182388305664,23.82874200221758,23.453620037255092,23.786113582274144,70635500
2018-06-15,23.520957946777344,23.598019827270154,23.212712057957468,23.37539679841885,63387600
2018-06-18,23.4781494140625,23.512398235646057,23.238401130371326,23.31546302037379,49824600
2018-06-19,23.4182186126709,23.47815529030709,23.22984433078347,23.238406946610354,50214700
2018-06-20,23.3582763671875,23.632273475727853,23.332588525829994,23.632273475727853,42833600
2018-06-21,23.289779663085938,23.42677823249159,23.12709324948481,23.28121704835411,75190900
2018-06-22,23.178464889526367,23.478149841305957,23.16133966184717,23.452461999787158,61389400
2018-06-25,22.930156707763672,23.118529321709666,22.776032917648006,23.075717883633835,80746100
2018-06-26,22.85310173034668,22.972975099766046,22.70754051041509,22.947287249253822,56387800
2018-06-27,22.57053565979004,23.015780180026233,22.561973045322766,22.84453279013592,78099200
2018-06-28,22.767471313476562,22.86165844120399,22.52772300342118,22.570536076548077,78544800
2018-06-29,22.767471313476562,23.178467016584293,22.733220854975045,23.050031063507095,77149900
2018-07-02,22.878780364990234,22.887342978989736,22.561971812766892,22.579097040765895,66202800
2018-07-03,22.673282623291016,23.007218038061716,22.62190857223077,22.93871875893084,30717800
2018-07-05,22.72466278076172,22.844536134549433,22.647600872426203,22.793162073376408,40668500
2018-07-06,22.835973739624023,22.930160880311874,22.579101798123308,22.66472468985556,41285000
2018-07-09,23.3582763671875,23.383962575393415,22.930155476805297,22.95584168501121,73447400
2018-07-10,23.272661209106445,23.452471271368438,23.20416190446108,23.375409349498373,51260600
2018-07-11,23.16133689880371,23.281211845105965,23.109962855046405,23.14421330631888,46023700
2018-07-12,23.204158782958984,23.324032141674543,23.067160192097766,23.306906909528884,64876800
2018-07-13,23.101402282714844,23.17846417173318,22.86165563523695,23.109964896289274,64146900
2018-07-16,23.512401580810547,23.529526810614556,23.15278155383716,23.169905150489363,55812000
2018-07-17,23.538087844848633,23.632274969293878,23.409651896247105,23.538087844848633,55502200
2018-07-18,23.91484260559082,23.95765405820942,23.598032303495565,23.632282772112234,59109200
2018-07-19,23.55521011352539,23.8035193651986,23.520959660521367,23.794958385099083,61765100
2018-07-20,23.5980224609375,23.666521736448072,23.42677508873685,23.5123979582614,51562300
2018-07-23,23.92339515686035,23.95764397791443,23.589459760961702,23.59802237451311,81516200
2018-07-24,23.99189567565918,24.137456847274663,23.93195901084427,24.01758188449321,63133700
2018-07-25,24.043275833129883,24.086087280827854,23.846340560675944,23.9747765369219,44197200
2018-07-26,24.034711837768555,24.197398269359038,24.009025623884547,24.103211130045818,40056800
2018-07-27,24.086082458496094,24.205957427723643,23.94908389350894,24.02614579045818,63149400
2018-07-30,24.103208541870117,24.283020185509933,24.068959715985063,24.103208541870117,56474100
2018-07-31,23.93196678161621,24.18027613549777,23.880591080963065,24.171713518722246,84500100
2018-08-01,23.93196678161621,24.20596398582434,23.87202846418754,24.086088984119165,64046900
2018-08-02,23.940523147583008,23.983336223202826,23.7007764567194,23.77783835968323,38330700
2018-08-03,24.07752227783203,24.07752227783203,23.906273249327757,23.906273249327757,34894300
2018-08-06,24.205957412719727,24.265894080720493,24.060396233367136,24.111770286917547,38230100
2018-08-07,24.317270278930664,24.45426885591548,24.25733360564379,24.27445883605486,44608600
2018-08-08,24.37721061706543,24.42002369952958,24.265899868962858,24.283025101948517,47522000
2018-08-09,24.231643676757812,24.377204856433817,24.231643676757812,24.317268188299884,29357800
2018-08-10,23.9490909576416,24.034715494302706,23.829217586207378,23.914842122868478,83301400
2018-08-13,23.7179012298584,24.009023605855063,23.70933861489946,23.949085301142492,74413500
2018-08-14,23.940523147583008,23.983336223202826,23.73502528406341,23.803524571903278,43659000
2018-08-15,23.75214195251465,23.87201525473642,23.640831262330327,23.7435793404772,55681100
2018-08-16,24.068952560424805,24.137451824982257,23.863454766752447,23.863454766752447,49534200
2018-08-17,24.120336532592773,24.154585362398503,24.000463178544766,24.000463178544766,43193100
2018-08-20,24.19739532470703,24.240206764738492,24.086082967582435,24.120333426129005,30053700
2018-08-21,24.291580200195312,24.41145352768991,24.163142625706417,24.214518308762614,47940000
2018-08-22,24.205957412719727,24.30014290537019,24.17170695491831,24.18883218381902,27323300
2018-08-23,24.09464454650879,24.223082127385773,24.06039572258616,24.19739428458004,31767800
2018-08-24,24.18027114868164,24.2316452055875,24.137459706785393,24.188833763691253,22064500
2018-08-27,24.50564956665039,24.591272469940176,24.26590119124328,24.2744638082027,52254500
2018-08-28,24.479955673217773,24.59126639991023,24.43714423214032,24.57414280337032,28896800
2018-08-29,24.471393585205078,24.539892872294768,24.351520241086078,24.479956200235268,34015300
2018-08-30,24.28301429748535,24.454261651690977,24.240201234070412,24.360076178480867,43264100
2018-08-31,24.257335662841797,24.274460894705207,24.12033707423851,24.19739898447186,34107800
2018-09-04,24.37721061706543,24.40289846654392,24.14602650436746,24.20596318666516,43145600
2018-09-05,24.39433479309082,24.522770768614166,24.34296072951189,24.360085961755548,32727700
2018-09-06,24.28301429748535,24.428575446793392,24.20595241648984,24.360076178480867,38328900
2018-09-07,24.257335662841797,24.351522804938558,24.15458590481333,24.334397573075147,43644300
2018-09-10,24.231643676757812,24.3515186461774,24.205957466501395,24.317268188299884,29927200
2018-09-11,24.257335662841797,24.325834957143442,24.07752562773198,24.163148520745036,32065200
2018-09-12,24.034711837768555,24.308709006877613,24.01758660641125,24.257334945957652,47963400
2018-09-13,24.000457763671875,24.214518209406243,23.949082080826482,24.094643249251913,44977100
2018-09-14,24.171709060668945,24.19739690625784,24.026147868635597,24.034710483831894,34151000
2018-09-17,24.068952560424805,24.240199905242793,24.043264723784027,24.171700640685337,26907900
2018-09-18,24.188831329345703,24.21451917178934,24.026144926839322,24.12889466346221,36405600
2018-09-19,24.599824905395508,24.676886792983293,24.1717040335307,24.1717040335307,75551800
2018-09-20,24.813886642456055,24.89094853408462,24.71970115625017,24.77963782014981,78555500
2018-09-21,24.717565536499023,24.94117627929902,24.683164767051355,24.898174907390143,64710000
2018-09-24,24.44235610961914,24.72616946745578,24.425154902381184,24.691767052979866,47985100
2018-09-25,24.34775161743164,24.554161187394907,24.33915101363349,24.536961620196053,32964400
2018-09-26,24.055335998535156,24.416553131273425,23.995133416478335,24.38215235883981,60288100
2018-09-27,23.969329833984375,24.167138758402032,23.94352802803538,24.08113437896915,57492200
2018-09-28,23.71991539001465,23.88332353375545,23.68551462524641,23.87472293246415,66454900
2018-10-01,23.81452178955078,23.98652890448365,23.73711801369202,23.857523158184733,49855000
2018-10-02,23.81452178955078,23.857523158184733,23.625311830608446,23.78011938232597,47629500
2018-10-03,24.038137435913086,24.141341397919184,23.900531059640027,23.969334247776555,79591400
2018-10-04,24.201539993286133,24.382149357622588,24.01233166719772,24.029532871495885,94700800
2018-10-05,24.08113670349121,24.347748829111488,24.020934124196042,24.26174444137671,58148700
2018-10-08,24.244537353515625,24.32194111442024,23.995124870512583,24.012326070801773,56594900
2018-10-09,24.14994239807129,24.253148002169606,23.977933604706568,24.13274119065533,47963500
2018-10-10,23.401697158813477,24.20153494755295,23.401697158813477,24.14133238545803,101604400
2018-10-11,22.705068588256836,23.41030152698254,22.636265414732307,23.26409457819328,178628200
2018-10-12,22.730871200561523,23.152290858411867,22.386855320724216,23.11788845022958,137933000
2018-10-15,22.627660751342773,22.90287339604042,22.627660751342773,22.739466913499164,82196400
2018-10-16,23.006080627441406,23.023281829082407,22.627662393323767,22.782469927299026,75137300
2018-10-17,23.23829460144043,23.38450155141296,22.842675120174786,22.95448130330517,79472100
2018-10-18,22.85127830505371,23.281298601770256,22.782475123194953,23.109291467321988,81706000
2018-10-19,22.93728256225586,23.117890298460775,22.72227241511825,22.834076969855023,73614300
2018-10-22,22.447052001953125,23.01467846477337,22.447052001953125,22.963076506443354,58645800
2018-10-23,22.26644515991211,22.39545253065856,21.86222676737756,21.99123249772715,93698200
2018-10-24,21.707416534423828,22.232041631699236,21.621412178090647,22.232041631699236,98050700
2018-10-25,22.042835235595703,22.223444576742864,21.784823765839093,21.81062556897352,72439400
2018-10-26,21.724620819091797,21.948231521156504,21.518211318815965,21.776222784061535,115308900
2018-10-29,21.913829803466797,22.300848653845467,21.681618493239593,21.99123357354253,97946100
2018-10-30,22.292247772216797,22.309448974327644,21.879428763937966,22.034236302141757,82719100
2018-10-31,22.60186767578125,22.88568100963753,22.472860272794264,22.5072626843634,93781100
2018-11-01,22.705068588256836,22.79967356700196,22.550261037727378,22.6620672199529,62346600
2018-11-02,22.6878662109375,23.05768386464689,22.51585910622411,22.928678126012606,73034200
2018-11-05,23.04908561706543,23.117888794056185,22.7824735112759,22.7824735112759,58705800
2018-11-06,23.169496536254883,23.169496536254883,22.920083949966063,23.031890157749817,51010900
2018-11-07,23.470508575439453,23.496308743380798,23.066288446787745,23.29849980064333,59990800
2018-11-08,23.539302825927734,23.668308537878477,23.25548960347745,23.332891718330593,46730100
2018-11-09,23.324298858642578,23.547907942953998,23.203892074324443,23.479104769228087,47051200
2018-11-12,22.859878540039062,23.375903215875955,22.816877167218166,23.27269762454969,47135500
2018-11-13,22.988887786865234,23.212498568334922,22.87708321632913,22.894284424226214,69820600
2018-11-14,22.679269790649414,23.203893405251918,22.42985724633904,23.169492636614333,104274200
2018-11-15,23.01468276977539,23.03188397256852,22.38685363139902,22.524459972950087,93998000
2018-11-16,23.040485382080078,23.143689321664628,22.76527104892817,22.894278434004427,80518300
2018-11-19,23.031885147094727,23.135089088322488,22.825475624242134,23.023284545259568,65491300
2018-11-20,22.52446174621582,22.8598770251029,22.455658570023672,22.76527204268978,103778300
2018-11-21,22.541662216186523,22.86847854653574,22.47285903722835,22.653468407241796,48618000
2018-11-23,22.361053466796875,22.550261790203734,22.300850893003652,22.421256040590098,24252300
2018-11-26,22.81687355041504,22.902876282424163,22.58466223703769,22.593262838317997,50168800
2018-11-27,22.83407974243164,22.90288293225406,22.722275174119254,22.773877156386707,47174300
2018-11-28,23.272695541381836,23.272695541381836,22.705068940889383,22.90287786279495,61375300
2018-11-29,23.074886322021484,23.229693872959658,22.980281343026586,23.100688127310196,43664100
2018-11-30,23.19529151916504,23.28989649837715,22.971680794007266,23.006083201137873,45435200
2018-12-03,23.341501235961914,23.625314566849095,23.178094703909803,23.530711216818204,65332700
2018-12-04,22.3266544342041,23.22969809882289,22.214849871741368,23.221097495495396,110918600
2018-12-06,22.017038345336914,22.025638947660067,21.440811112863116,21.827828375021923,134687100
2018-12-07,21.595619201660156,22.275050397822035,21.492413611657273,21.96543690860779,86740000
2018-12-10,21.294607162475586,21.569819914107356,20.89898760170687,21.50961732973758,101121800
2018-12-11,21.088193893432617,21.69022127174803,21.010790115586804,21.561215522137378,92308200
2018-12-12,21.208600997924805,21.51821613787611,21.10539704487254,21.380609773541586,86748900
2018-12-13,21.053791046142578,21.311804180378836,20.97638726991141,21.199997996757336,67232900
2018-12-14,20.847381591796875,21.13979549399148,20.804380222814114,20.847381591796875,66817000
2018-12-17,20.64097023010254,21.045188639899152,20.54636525828755,20.726974600807353,101180400
2018-12-18,20.56356430053711,20.984983868288694,20.434558578228952,20.761373184102734,90844000
2018-12-19,20.30555534362793,20.97638583797492,20.142147200472937,20.520565453948777,129331700
2018-12-20,20.12494659423828,20.425961085685685,20.013142055333425,20.107745391207686,107016900
2018-12-21,19.722536087036133,20.484090036468224,19.679264944632127,20.103312236439525,118502300
2018-12-24,19.307140350341797,19.687918130199844,19.281179316899916,19.462913153493965,71752700
2018-12-26,20.181198120117188,20.189852348374128,19.082135890864382,19.35906624321077,108133500
2018-12-27,20.42351531982422,20.42351531982422,19.65330536939747,19.84369512485435,98005000
2018-12-28,20.414857864379883,20.68313234485093,20.328317230175422,20.518705304924985,76348400
2018-12-31,20.613901138305664,20.700441776585258,20.35428087409227,20.527360500026074,56435400
2019-01-02,20.7869815826416,20.830251074736378,20.25043096728966,20.311008916472474,62945000
2019-01-03,20.319664001464844,20.683133362506823,20.26774027863753,20.631209639679508,65729700
2019-01-04,20.99467658996582,21.037946078915844,20.61389881482984,20.665822531694914,64638400
2019-01-07,21.020639419555664,21.211027483131996,20.82159547737903,20.95140559575495,48167000
2019-01-08,21.037946701049805,21.245643225277284,20.795634914763703,21.21102796321866,90114700
2019-01-09,21.141799926757812,21.219686344916706,20.94275759174089,21.08987619819374,61037100
2019-01-10,21.150449752807617,21.21968192668648,20.951405808608815,21.020639633112904,48630500
2019-01-11,21.202373504638672,21.245642994398047,20.925444808678122,21.046600700504555,44961600
2019-01-14,21.349498748779297,21.41873094439271,20.968720847592664,20.994683539932346,50610600
2019-01-15,21.539884567260742,21.574501486673043,21.202377856118627,21.26295581446459,59156500
2019-01-16,21.99854850769043,22.128358652240767,21.730273988869662,21.790851946284782,72982400
2019-01-17,22.119699478149414,22.197585877594936,21.7821928476356,21.912002963169744,55771300
2019-01-18,22.5004825592041,22.526445248689924,22.093743661012923,22.275477535536993,58400200
2019-01-22,22.240861892700195,22.42259576416704,22.12835855744645,22.310094079538832,79651700
2019-01-23,22.266815185546875,22.353355801648146,22.015849214540644,22.327393121630276,44072000
2019-01-24,22.318744659423828,22.379322606673092,22.119700710515186,22.18893288603224,25496900
2019-01-25,22.5004825592041,22.647601165039305,22.41394191154359,22.47451986971828,63140000
2019-01-28,22.431243896484375,22.457206578476143,22.249508423792182,22.284125333114538,66894900
2019-01-29,22.353357315063477,22.50913010446724,22.344703087804927,22.422589482506808,29442100
2019-01-30,22.483169555664062,22.621633903686803,22.26681880555038,22.42259160973227,62076800
2019-01-31,22.448549270629883,22.483164524577052,22.25815959673344,22.292776501305468,64021500
2019-02-01,22.543746948242188,22.6475960320228,22.457207970821063,22.483169003797325,42920300
2019-02-04,22.638940811157227,22.64759503864478,22.43124430333126,22.552400186906794,30362500
2019-02-05,22.578367233276367,22.699523140268703,22.49182659229951,22.682214681948246,39094900
2019-02-06,22.55240249633789,22.673560042945425,22.47451609159922,22.509133005094313,51542800
2019-02-07,22.32740020751953,22.543750991121954,22.14566634159373,22.48317303581335,80395700
2019-02-08,22.21489715576172,22.310092022873842,21.929314205050733,22.20624292687649,54911100
2019-02-11,22.284128189086914,22.327397680660265,22.171626520621025,22.284128189086914,53115700
2019-02-12,22.61298370361328,22.699524349199116,22.439904063067136,22.448558292688272,37671300
2019-02-13,22.673564910888672,22.87260725434336,22.664910680656863,22.716834411422077,42969600
2019-02-14,22.39662742614746,22.56970867490155,22.266817314894457,22.500476505524936,47630100
2019-02-15,22.87260627746582,22.87260627746582,22.39663353879872,22.578369064653597,46880800
2019-02-19,22.90721893310547,22.97645111347964,22.690868163108014,22.760100343482183,23868300
2019-02-20,23.05433464050293,23.062988868295932,22.846638125346395,22.898561841479236,27509100
2019-02-21,22.933181762695312,23.088954582164625,22.855295352960656,23.01106817242997,46619900
2019-02-22,22.898563385009766,23.002412474900808,22.81202440249673,22.93318029851521,26343700
2019-02-25,22.993759155273438,23.210109921357116,22.96779811974362,23.002413383991826,33835900
2019-02-26,22.92452621459961,23.09760748196694,22.81202454624855,22.82933135248505,35659700
2019-02-27,23.011072158813477,23.054341660328465,22.855299312358447,22.881262003642842,42542400
2019-02-28,22.950485229492188,23.062986879851202,22.941831002445337,23.019717395241976,39835900
2019-03-01,23.097610473632812,23.313961260551675,23.028378287843797,23.149534200318197,82657300
2019-03-04,22.950485229492188,23.313954512334824,22.7600955357115,23.158181726741546,76611900
2019-03-05,22.86394500732422,23.00240934123212,22.690863764626812,22.99375511403474,39868100
2019-03-06,22.716833114624023,22.94183813592965,22.699524655148466,22.86395171891518,43158900
2019-03-07,22.483169555664062,22.630288131766378,22.353359435720897,22.630288131766378,62622100
2019-03-08,22.474517822265625,22.49182628034602,22.223551782601533,22.23220601164173,55826400
2019-03-11,22.708179473876953,22.777411662949344,22.483174446735283,22.587023555656668,63343500
2019-03-12,22.760101318359375,22.837987730944576,22.70817759351106,22.74279451049357,32521100
2019-03-13,22.915868759155273,23.002409380652285,22.77740442501008,22.846636592082678,42817500
2019-03-14,23.002410888671875,23.08895151584242,22.87260077322864,22.881255001008213,37665700
2019-03-15,23.163326263427734,23.232911858330144,22.98936310569743,23.006759919185892,70020400
2019-03-18,23.398181915283203,23.46776752103145,23.20682191423845,23.20682191423845,43980700
2019-03-19,23.215517044067383,23.57214343054928,23.15462985501703,23.528651396190835,45029300
2019-03-20,22.73711395263672,23.172024329138885,22.7110203918395,23.16332592252267,65860300
2019-03-21,22.667530059814453,22.76321088072163,22.423981292489344,22.58054764617625,104914100
2019-03-22,22.041263580322266,22.519664451673073,21.945582742431366,22.397890046395087,121855900
2019-03-25,21.945581436157227,22.206528707858542,21.81510862983244,22.01516704346723,72835600
2019-03-26,22.20652961730957,22.258718410166487,21.98907437817864,22.119547189846834,51171500
2019-03-27,22.110843658447266,22.26741165979539,22.006464437864707,22.154334032576667,73148100
2019-03-28,22.30220603942871,22.31090444700567,22.049958855903316,22.154336428723617,52089300
2019-03-29,22.363094329833984,22.510963947788834,22.276113567903113,22.49356879083367,50234400
2019-04-01,22.911083221435547,22.92848003805042,22.537059959474515,22.54575836778195,62485300
2019-04-02,22.893686294555664,23.015460692169768,22.81540227921753,22.8501959122797,41002400
2019-04-03,22.963275909423828,23.154637606560744,22.867596719907397,23.050258348208605,52030900
2019-04-04,23.102441787719727,23.19812261408869,22.963270581574857,22.963270581574857,54378900
2019-04-05,23.137235641479492,23.22421806092016,23.06765003773729,23.145934049328726,37088800
2019-04-08,23.163326263427734,23.172024670171965,23.02415507362291,23.076345514088306,34998000
2019-04-09,22.97196388244629,23.0589462817127,22.86758633056762,23.0589462817127,65954800
2019-04-10,23.041555404663086,23.076349036951655,22.858893812303208,22.971969799137653,48232700
2019-04-11,23.18072509765625,23.26770751362967,23.058950710724417,23.128536311692834,62205000
2019-04-12,23.6069393157959,23.772205755675692,23.398182493393303,23.519958550750292,84627600
2019-04-15,23.459070205688477,23.6243366491833,23.40688141370919,23.61563824067812,40030400
2019-04-16,23.789602279663086,23.815695845235084,23.49386303680111,23.511259853216924,56093400
2019-04-17,23.850488662719727,23.885280635310245,23.659128665842708,23.876583886451368,58834000
2019-04-18,23.780902862548828,23.87658368972483,23.746109231193316,23.806998086065462,52495700
2019-04-22,23.711318969726562,23.780904578406723,23.633034952579912,23.711318969726562,39324100
2019-04-23,23.859188079833984,23.885281645617667,23.606939216913432,23.702620048924917,54250300
2019-04-24,23.833091735839844,23.937470971228343,23.72871415950301,23.780902947671425,39505200
2019-04-25,23.876585006713867,23.9722641801157,23.659129775902453,23.72001697508137,44532300
2019-04-26,24.094038009643555,24.111433165620678,23.84178916888194,23.876582798939378,41527900
2019-04-29,24.33758544921875,24.468058236676093,24.120130250439342,24.181017440649335,61643200
2019-04-30,24.372379302978516,24.4071712723985,24.163622509304044,24.372379302978516,38800300
2019-05-01,24.172325134277344,24.476761141266785,24.154928317006,24.398477122597555,67969500
2019-05-02,24.198413848876953,24.311491479414588,24.024450688201977,24.154923473471076,50972900
2019-05-03,24.415868759155273,24.459360793105212,24.259300755038403,24.30279278898834,34598900
2019-05-06,24.250608444213867,24.337590874927386,23.94617242529436,23.989662811125186,42517000
2019-05-07,23.850488662719727,24.259303880205405,23.68522223052268,24.02445350282732,60090800
2019-05-08,23.798297882080078,23.998356270120148,23.69391865494309,23.754805846168196,44254200
2019-05-09,23.746112823486328,23.798303278414927,23.398184752555213,23.51126241251527,56468300
2019-05-10,23.90267562866211,23.946167664898777,23.406878028924925,23.61563482570629,63453600
2019-05-13,23.20682144165039,23.476465451052302,23.12853742939634,23.424276662566825,54962500
2019-05-14,23.38948631286621,23.58954640506085,23.232918266388626,23.25901349381886,52398400
2019-05-15,23.302507400512695,23.415583410303665,23.067655312040646,23.15463775136941,49061700
2019-05-16,23.537349700927734,23.66782248533397,23.36338654140324,23.380781696019664,44872600
2019-05-17,23.38078498840332,23.606938620777484,23.267709001742087,23.302502633977358,62711500
2019-05-20,23.406879425048828,23.511258659191075,23.29380344219207,23.29380344219207,44357300
2019-05-21,23.650428771972656,23.650428771972656,23.502559164887366,23.502559164887366,36851400
2019-05-22,23.511259078979492,23.580844683299546,23.44167347465944,23.52865423577075,25867600
2019-05-23,23.18072509765625,23.293802736137174,22.980666702253497,23.285104328634674,51832900
2019-05-24,23.36338996887207,23.372088376982095,23.19812353288505,23.267709138713524,30582000
2019-05-28,23.093738555908203,23.363384163157864,23.093738555908203,23.29379857462115,35177700
2019-05-29,23.050254821777344,23.093745204990174,22.80670436225087,22.91108360463415,39700600
2019-05-30,22.97196388244629,23.232909421194243,22.85888792473585,23.102436651820266,40641200
2019-05-31,22.624040603637695,22.789307030373795,22.60664378839145,22.676229390324817,49259200
2019-06-03,22.771909713745117,22.867590536441188,22.545756097678133,22.589246475784577,63329300
2019-06-04,23.38948631286621,23.415581540296444,22.989369446580746,23.050256651532717,45454400
2019-06-05,23.537349700927734,23.554746514595625,23.232912097945537,23.43297213702333,46599700
2019-06-06,23.624338150024414,23.720018990608146,23.415581309793275,23.54605412755625,37297600
2019-06-07,23.58954429626465,23.70262028691671,23.554750662801396,23.624336270676146,33054800
2019-06-10,23.789602279663086,23.963565466666072,23.728715081259455,23.728715081259455,37081400
2019-06-11,23.798297882080078,24.0157530844849,23.728712283672596,23.920072264530287,34273400
2019-06-12,23.56344985961914,23.81569707446109,23.51126106672974,23.77220669022856,36866000
2019-06-13,23.641735076904297,23.720019099732607,23.546054235880383,23.606941440513094,31020000
2019-06-14,23.693920135498047,23.772204145979615,23.485163327231078,23.66782491232031,29724100
2019-06-17,23.476465225219727,23.754807639866975,23.450370001702176,23.685222036205165,40981600
2019-06-18,23.789602279663086,23.885281451846623,23.424277430189566,23.424277430189566,46237400
2019-06-19,23.746112823486328,23.99836171181883,23.72001925507394,23.833095255982084,58118500
2019-06-20,23.850488662719727,23.94616949068407,23.589543061610005,23.876583886451368,50583800
2019-06-21,23.797157287597656,24.024463183908864,23.762188047590744,23.867097435116133,65322300
2019-06-24,23.700990676879883,23.919553846773635,23.674762496190958,23.75344537075308,48377800
2019-06-25,23.62230682373047,23.735958933664975,23.50865304629138,23.700989695033044,47748500
2019-06-26,23.578598022460938,23.788418499759793,23.56985529413537,23.67476636653726,31448000
2019-06-27,23.788415908813477,23.858357727800218,23.666021060596172,23.666021060596172,59459800
2019-06-28,24.129379272460938,24.21680489197266,23.81464770922073,24.06818183905423,76728100
2019-07-01,24.417877197265625,24.52278658325021,24.28673963103258,24.40913447051614,48971100
2019-07-02,24.35668182373047,24.4615912185285,24.225542578975784,24.382908338677595,56626800
2019-07-03,24.54901885986328,24.557761588071617,24.36542657000287,24.43536672816468,23706800
2019-07-05,24.618961334228516,24.715129686063058,24.505309191837284,24.627704063259387,40683100
2019-07-08,24.496559143066406,24.592725798660634,24.426618999223077,24.48781641664792,26286700
2019-07-09,24.540271759033203,24.58398539228594,24.312965868632798,24.330451321933893,25895800
2019-07-10,24.452848434448242,24.680154345990893,24.417879192098088,24.549016769044492,36566700
2019-07-11,24.59272575378418,24.627696659394314,24.44410273995024,24.487816371962904,40907500
2019-07-12,24.758834838867188,24.758834838867188,24.56649985572086,24.627697274562664,31109900
2019-07-15,24.618961334228516,24.785069850804984,24.54902116948659,24.767584392743238,28346100
2019-07-16,24.557758331298828,24.706381356120865,24.505303636510074,24.662667720876335,47287700
2019-07-17,24.34794044494629,24.549018185701403,24.3129695330733,24.470335301492035,35062600
2019-07-18,24.531536102294922,24.575249748145794,24.286746355550388,24.312972875555825,46369800
2019-07-19,24.426624298095703,24.636444775142092,24.409138841465605,24.59273113356685,29338500
2019-07-22,24.47907829284668,24.522790265653384,24.33045525079706,24.374167223603763,26683300
2019-07-23,24.732608795166016,24.767578034807705,24.531529414083927,24.540272140870506,45307600
2019-07-24,24.986143112182617,24.986143112182617,24.662668866367625,24.68015432127757,36374200
2019-07-25,24.811290740966797,25.012370128043923,24.758836046188048,24.97739921985497,34180400
2019-07-26,25.08230972290039,25.099793509104003,24.8112901929363,24.86374655406108,33642800
2019-07-29,24.88997459411621,25.10853777636435,24.863748079449476,25.038597624745137,35955100
2019-07-30,24.820039749145508,24.84626793692471,24.645190166466133,24.697644874519433,30726100
2019-07-31,24.697643280029297,24.942434680982714,24.653931304057792,24.820038146753507,64485400
2019-08-01,24.138120651245117,24.846264961427817,24.103149738394166,24.68015646039561,107976300
2019-08-02,24.129379272460938,24.251774139274353,23.80590498051906,24.09440835765425,66036400
2019-08-05,23.325063705444336,23.70973538347773,23.15021248792785,23.596081591840576,85527900
2019-08-06,23.700990676879883,23.718474463167848,23.246378883299762,23.473684780089823,53445000
2019-08-07,23.38625717163086,23.491168217878478,22.940388143211372,23.25511961444972,82354600
2019-08-08,23.83213233947754,23.84087506787578,23.49991533036431,23.613569132036446,66653200
2019-08-09,23.75344467163086,23.875839509567488,23.517396054891982,23.700989979301532,53782700
2019-08-12,23.2988338470459,23.56111065445917,23.22889369856996,23.47368505198808,56837600
2019-08-13,23.58734130859375,23.75344981569792,23.167700344072127,23.25512596189037,72255900
2019-08-14,22.713083267211914,23.18518049488136,22.695597814149064,23.062783990945995,92067300
2019-08-15,22.826740264892578,22.97536330188459,22.660631772370955,22.826740264892578,59504500
2019-08-16,23.228891372680664,23.290088788031383,22.940388080666924,22.940388080666924,48451800
2019-08-19,23.464942932128906,23.63105141437145,23.42123096351468,23.587337778252508,38297700
2019-08-20,23.15020751953125,23.37751338651737,23.12398100978575,23.33380142527192,40579300
2019-08-21,23.255123138427734,23.333806018160576,23.193925713636585,23.298835108277196,44913500
2019-08-22,23.41248893737793,23.47368636227229,23.22889499519009,23.377518027435574,43896700
2019-08-23,22.817995071411133,23.421229881958332,22.660629323659286,23.246378680566362,86245300
2019-08-26,23.036558151245117,23.054043604818332,22.82673771088045,22.966618004456897,34175500
2019-08-27,22.896678924560547,23.1939249791371,22.75679862446625,23.123984829089952,54240800
2019-08-28,23.106496810913086,23.141466048304284,22.756796099478503,22.77427988442184,51870400
2019-08-29,23.456201553344727,23.53488443537739,23.272609273605052,23.316321244732173,49818300
2019-08-30,23.53488540649414,23.657280264704287,23.44745979312766,23.587340107512077,40561000
2019-09-03,23.290088653564453,23.368771520705238,23.08901095642889,23.34254500999464,59997200
2019-09-04,23.517398834228516,23.56111247258963,23.412489437171445,23.46494413569998,43945700
2019-09-05,23.998239517211914,24.199317256739285,23.84087374975402,23.84961647766889,68639200
2019-09-06,23.9894962310791,24.09440562860663,23.90207062146962,24.02446547442001,35660800
2019-09-09,24.35668182373047,24.452848491044534,24.103147729209827,24.15560242660884,67797700
2019-09-10,24.444101333618164,24.5490123769082,24.21679713024794,24.435360275223086,77540100
2019-09-11,24.583988189697266,24.610214705128616,24.243028481546563,24.46159167016672,53285900
2019-09-12,24.715129852294922,24.811296537271215,24.435369191445574,24.514052085747586,72872200
2019-09-13,24.9074649810791,25.003633333913083,24.793812837506735,24.9074649810791,56248700
2019-09-16,24.820039749145508,24.855010666184445,24.662673957480497,24.697644874519433,36693600
2019-09-17,24.84626007080078,24.84626007080078,24.64518236400177,24.732607961415777,40868800
2019-09-18,24.93368911743164,24.994886543835857,24.680155016608687,24.750095170714193,57268900
2019-09-19,24.820039749145508,25.06483116590276,24.811297019885775,24.916208103497482,42335000
2019-09-20,24.67416763305664,24.955354461193128,24.656593037296684,24.858697536524772,82921100
2019-09-23,24.718107223510742,24.78840394413052,24.507217061651417,24.55115355954254,35827300
2019-09-24,24.480857849121094,24.841128766664713,24.410561125600537,24.788404967019726,61659700
2019-09-25,24.682952880859375,24.726887690604496,24.436913588672237,24.533572181318178,53544400
2019-09-26,24.5687198638916,24.674165754417203,24.533572351053447,24.64780386278441,53107500
2019-09-27,24.665382385253906,24.858699602669684,24.533576258110497,24.770828292572133,73386900
2019-09-30,24.6038761138916,24.753256857337615,24.58630151442594,24.726894958139123,30608000
2019-10-01,24.08543586730957,24.73568092853941,24.08543586730957,24.718106330018234,54786200
2019-10-02,23.59335708618164,23.94484065043642,23.540634970544883,23.93605335182932,78141700
2019-10-03,23.69001579284668,23.69001579284668,23.241875262367014,23.55820965588172,81128700
2019-10-04,24.12937355041504,24.146948151021338,23.698805891597686,23.716380492203985,40697200
2019-10-07,24.006351470947266,24.226028920975708,23.97999124958765,24.032713368312816,36922900
2019-10-08,23.53184700012207,23.777884650073315,23.514272403409613,23.769097351717086,60008900
2019-10-09,23.75152587890625,23.865757412489213,23.663654565993106,23.681229163776912,45131000
2019-10-10,23.99755859375,24.173301183324913,23.81303038310133,23.81303038310133,54305400
2019-10-11,24.296327590942383,24.595089081076715,24.28754029111419,24.375411613390064,78702500
2019-10-14,24.33147430419922,24.38419642177546,24.19088087332531,24.21724109411048,35821000
2019-10-15,24.682952880859375,24.832333580400572,24.37540418462684,24.472062777272782,65130200
2019-10-16,24.621444702148438,24.7444635163615,24.559935295041907,24.68295410925497,44595200
2019-10-17,24.63902473449707,24.823552996537114,24.57751363781104,24.753256276330525,32013600
2019-10-18,24.700531005859375,24.797187936315918,24.56872320577225,24.56872320577225,40523700
2019-10-21,25.043228149414062,25.078377344282018,24.90263472195396,24.911422020670948,44145400
2019-10-22,24.972929000854492,25.139884308187625,24.893844996118045,24.999290894435205,50423000
2019-10-23,25.078378677368164,25.078378677368164,24.911423344882287,24.92021064406638,30615400
2019-10-24,25.043228149414062,25.148674058012066,24.946569539533044,25.104737564427126,33469600
2019-10-25,25.166250228881836,25.24533425154013,24.805979314996765,25.01686948341685,28330200
2019-10-28,25.298051834106445,25.412283352094697,25.25411534564507,25.262902643337345,50104600
2019-10-29,25.359560012817383,25.482578822535423,25.2189666085666,25.245326824360134,48458100
2019-10-30,25.34198760986328,25.412284318067943,25.166245001348766,25.35956220591588,51106700
2019-10-31,25.218975067138672,25.262909892200913,25.016870514236395,25.254122591987237,56795500
2019-11-01,25.588029861450195,25.614390082546798,25.359565114579414,25.412287232778542,42302300
2019-11-04,25.807708740234375,25.85164356183536,25.73741202006919,25.807708740234375,37319100
2019-11-05,25.90436553955078,26.02738605616332,25.842856119247514,25.886790940605273,39516100
2019-11-06,26.036170959472656,26.036170959472656,25.851642703666883,25.886790224579716,40179900
2019-11-07,26.2294864654541,26.387654489174352,26.13282785629043,26.194337270847004,61738600
2019-11-08,26.220699310302734,26.2294866090026,26.044956688317132,26.203124712903005,53808800
2019-11-11,26.150400161743164,26.203122273027336,26.02738134341152,26.062528858932403,19702400
2019-11-12,26.1855525970459,26.26463661683344,26.08889565419914,26.15919237445406,44640600
2019-11-13,26.018596649169922,26.106466284767958,25.878003221006026,25.983447454126015,43495400
2019-11-14,26.071321487426758,26.071321487426758,25.895578845872425,25.948302643942352,46158400
2019-11-15,26.141616821289062,26.18555164134263,26.06253280438788,26.159191419712872,30097000
2019-11-18,26.1943359375,26.20312323570448,26.062529816444282,26.141613824278867,25440500
2019-11-19,26.247058868408203,26.334928495568036,26.176762161076912,26.25584449031962,30770900
2019-11-20,26.124040603637695,26.194337316969822,25.939512359643054,26.14161520097219,46719500
2019-11-21,26.097681045532227,26.220699877981996,26.00980973263701,26.176765059537335,37192700
2019-11-22,26.290992736816406,26.31735462962006,26.13282473200578,26.13282473200578,35195000
2019-11-25,26.45795440673828,26.493101929596293,26.317360963294135,26.3261465870041,50094100
2019-11-26,26.43159294128418,26.457954840864776,26.299786795393352,26.457954840864776,33516200
2019-11-27,26.53703498840332,26.54582061097448,26.414014484331272,26.501885794095354,31012300
2019-11-29,26.49309539794922,26.57217939988982,26.440373288657362,26.484308100399637,19444200
2019-12-02,26.326147079467773,26.589761047861312,26.299786855832675,26.537038924585037,52427800
2019-12-03,25.957094192504883,26.027390925432194,25.790138823300158,26.01860362431549,66912000
2019-12-04,26.203126907348633,26.273423626828876,25.965874850600567,25.98344944947213,41793900
2019-12-05,26.326147079467773,26.370083578869735,26.211915533034826,26.308574155713067,44933500
2019-12-06,26.67763328552246,26.765502935327564,26.607336560074692,26.616123860256433,40811300
2019-12-09,26.616121292114258,26.73035283144258,26.60733399278039,26.62490691544215,21627500
2019-12-10,26.624908447265625,26.677632246302213,26.475527702007444,26.54582442471682,37362100
2019-12-11,26.563392639160156,26.660051238153294,26.537032421984332,26.616116425523142,24490200
2019-12-12,27.081829071044922,27.16091306756951,26.58096487705956,26.59853947095514,68427500
2019-12-13,26.98517608642578,27.213640826512172,26.827009736525234,27.055474476611625,48135700
2019-12-16,27.081829071044922,27.257571657989672,27.055468856207074,27.204847876302935,45914900
2019-12-17,27.187284469604492,27.275155793817746,27.090625845369303,27.09941314539124,30911900
2019-12-18,27.07305145263672,27.275156002676646,27.07305145263672,27.275156002676646,39079700
2019-12-19,27.06426239013672,27.14334640978371,27.037902167591728,27.081836989170718,36946900
2019-12-20,27.096054077148438,27.272689662303318,27.06072594939475,27.202035091333794,97416000
2019-12-23,27.03423309326172,27.175542243329573,26.998904963475784,27.16671021088309,38293100
2019-12-24,27.096054077148438,27.10488610908686,27.025399506178914,27.087222045210016,12315900
2019-12-26,27.246198654174805,27.246198654174805,27.122551876130824,27.122551876130824,15891300
2019-12-27,27.175537109375,27.29918217119108,27.157873047819095,27.29035014041313,19417400
2019-12-30,27.096054077148438,27.34334423327284,27.069557981333173,27.299185758118583,18819300
2019-12-31,27.184370040893555,27.19320207196415,27.043060912839366,27.07838735258407,15788100
2020-01-02,27.449323654174805,27.449323654174805,27.202031843042548,27.281518436458715,28843300
2020-01-03,27.157875061035156,27.272688100584386,27.016565927187912,27.096052525544206,51363600
2020-01-06,27.140216827392578,27.157880894051843,26.901756981106878,26.91058901443651,27956100
2020-01-07,26.963577270507812,27.122548793574396,26.963577270507812,27.078390317923322,39627500
2020-01-08,27.140216827392578,27.29035802492008,26.99007562986508,26.99007562986508,47966600
2020-01-09,27.30802345275879,27.361013970839796,27.228536833368178,27.33451955406839,27705300
2020-01-10,27.104887008666992,27.334514793073485,27.069558879740807,27.32568276084194,33458200
2020-01-13,27.290353775024414,27.3168498708871,27.096054125644933,27.166708696740912,27542700
2020-01-14,27.23736572265625,27.449329455047824,27.20203759165532,27.290356234619644,37575400
2020-01-15,27.087228775024414,27.193211500079002,26.998910118235305,27.104892843289893,41457300
2020-01-16,27.325685501098633,27.325685501098633,27.157880240947325,27.219702788229892,34444000
2020-01-17,27.405168533325195,27.46699107252883,27.299185834306204,27.405168533325195,38819400
2020-01-21,27.175537109375,27.396332825210926,27.175537109375,27.272686078857223,41276500
2020-01-22,27.255027770996094,27.325682343230767,27.219699642609818,27.26385980309266,27391000
2020-01-23,27.184370040893555,27.246192573850053,26.92824619345928,27.11371547686646,43072300
2020-01-24,26.83993148803711,27.19320604431621,26.67212792679626,27.19320604431621,58924900
2020-01-27,26.42483139038086,26.54847645243911,26.27469023593686,26.310018359117862,50289300
2020-01-28,26.733951568603516,26.84876462494102,26.521987836838743,26.566146315921323,34257900
2020-01-29,26.689788818359375,26.91941659331815,26.645630343556387,26.82226761184401,41167500
2020-01-30,27.02540397644043,27.043068043239078,26.433671214990703,26.45133528178935,51210000
2020-01-31,26.46016502380371,26.831101995377505,26.363016027715442,26.795775547128525,58958800
2020-02-03,26.645631790161133,26.91058602243923,26.627967725465812,26.645631790161133,40168200
2020-02-04,26.901752471923828,27.157876341938152,26.892922124612426,27.00773516957682,79273300
2020-02-05,27.44049835205078,27.46699445119923,27.202038513328887,27.26386274467528,51086900
2020-02-06,27.405168533325195,27.617132246825317,27.352176341546773,27.590636150936106,37044400
2020-02-07,27.30802345275879,27.387510072149396,27.193210382826905,27.255032934677782,27982500
2020-02-10,27.387508392333984,27.387508392333984,27.210871096847097,27.219703130075253,17723700
2020-02-11,27.484655380249023,27.608300459753053,27.45815928412479,27.45815928412479,27997400
2020-02-12,27.502317428588867,27.71428114141651,27.466990985386516,27.625964191141712,26964200
2020-02-13,27.493484497070312,27.555308718592777,27.334512981054495,27.4139995813313,22758700
2020-02-14,27.528812408447266,27.546476471601306,27.396335303867495,27.46698987194589,22080200
2020-02-18,27.290353775024414,27.519981552220813,27.131380568923998,27.44932698112483,37768900
2020-02-19,27.493484497070312,27.56413906570105,27.352175359808832,27.3875034863931,25643300
2020-02-20,27.44049835205078,27.625967677013826,27.255030711625793,27.396339871341418,50344300
2020-02-21,27.175537109375,27.369836732877072,27.025395955225065,27.30801420196903,51128200
2020-02-24,26.2923583984375,26.548480593297512,26.168711632556004,26.318852810418047,70455400
2020-02-25,25.40034294128418,26.354180501102622,25.27669786199556,26.30118999348434,111826900
2020-02-26,25.214876174926758,25.806608903907478,25.214876174926758,25.568150753362676,95015700
2020-02-27,24.137392044067383,25.073565580378315,24.119727979250325,24.676134229222114,143536200
2020-02-28,23.483842849731445,23.713470697829106,22.936268491261888,23.316037559864238,192063500
2020-03-02,24.68496322631836,24.68496322631836,23.280702252253725,23.52799239113351,127115500
2020-03-03,23.757625579833984,24.949923128176597,23.51916573325784,24.60548225059202,256525000
2020-03-04,24.543659210205078,24.5524895588305,23.66930645693677,24.075571559767692,124408000
2020-03-05,23.36019515991211,23.79295470439087,23.095239202276947,23.731132152970787,130265700
2020-03-06,22.565326690673828,22.82145058871203,22.10607277602901,22.300372444358047,160606600
2020-03-09,20.14540672302246,21.090412402567893,19.889284491290006,20.313211989388083,134165700
2020-03-10,21.32887077331543,21.34653483897948,20.17190142492843,21.0815805921708,149282300
2020-03-11,20.17190170288086,20.88727952675204,19.889283386513878,20.6753157894768,146915400
2020-03-12,17.990440368652344,19.615495712079007,17.928616137051172,18.493854462781123,161437500
2020-03-13,20.357372283935547,20.392700420857093,18.458528722397897,19.34171193097711,160945700
2020-03-16,17.566513061523438,18.847129357301267,16.718658010043846,17.08959501620073,110661600
2020-03-17,18.520347595214844,18.71464894057534,17.257397273061372,17.972775058106784,122295100
2020-03-18,16.948284149169922,17.707820469168624,16.144587663478337,17.35454756631596,145056400
2020-03-19,17.319225311279297,17.56651556087602,15.994450341450612,16.595015263965774,105652800
2020-03-20,16.700990676879883,17.593005724067233,16.489026955449905,17.504687085670263,157840900
2020-03-23,15.729269981384277,16.566502275302124,15.57785564842916,16.423994867676402,144547900
2020-03-24,17.679841995239258,17.77781477364729,16.54868799042101,16.66447461902041,158551100
2020-03-25,18.16080093383789,18.908965524921047,17.270128963388604,17.938132941225568,162949600
2020-03-26,19.300865173339844,19.43446565340963,18.374565340387736,18.401286115930603,129753900
2020-03-27,18.713014602661133,19.300857851010978,18.303304693883636,18.51706741948506,109305600
2020-03-30,19.069293975830078,19.176175400257765,18.34784988211666,18.739746173254705,67297200
2020-03-31,18.543794631958008,19.104919060213756,18.38347336674208,18.891156240710934,83819900
2020-04-01,17.41263771057129,17.760000961531905,17.252318170307273,17.56405202539461,79185000
2020-04-02,17.849071502685547,17.99157891717697,17.243414141685815,17.305760923173015,68398300
2020-04-03,17.492795944213867,17.93813190368018,17.243408894158726,17.67983793057709,68418100
2020-04-06,18.748647689819336,18.90006202013751,18.232057921467145,18.365660100259035,69015100
2020-04-07,18.935688018798828,19.790732372806477,18.926781094425152,19.77292022288124,70950900
2020-04-08,19.76401710510254,19.888710672706058,19.00694537574736,19.220706505420154,80003400
2020-04-09,20.82390785217285,21.073296590690667,20.24497146867907,20.280599159390952,147845500
2020-04-13,20.066835403442383,20.779372133300942,19.88870037156696,20.761558290349086,66236300
2020-04-14,20.15591049194336,20.61015350323054,19.781828111990528,20.54780672304212,96169000
2020-04-15,19.283048629760742,19.470090634792555,19.185075864098398,19.35430232243428,63482000
2020-04-16,18.944591522216797,19.274139170423588,18.75754954178926,19.238513178184228,68907600
2020-04-17,19.94214630126953,20.057934617050993,19.523531056789228,19.68385229474997,88698600
2020-04-20,19.59477996826172,19.915422365910754,19.372112014076926,19.55024705695343,59063100
2020-04-21,18.962406158447266,19.336486737257232,18.89115077335369,18.998032152172172,71957900
2020-04-22,19.167261123657227,19.4077429622901,19.122726506046348,19.354301421157047,47507800
2020-04-23,19.08710289001465,19.470092155098584,19.06038211611734,19.220703361856863,71740200
2020-04-24,19.363210678100586,19.443371300638205,18.998035263794616,19.2919569801585,33825300
2020-04-27,20.022306442260742,20.129187831290366,19.523530590707264,19.559156587835773,109435100
2020-04-28,20.236066818237305,20.7793772708474,20.191533898668798,20.627962965963704,46452300
2020-04-29,20.82390785217285,21.073296590690667,20.645774495078808,20.85953554288474,70064400
2020-04-30,20.298416137695312,20.627963833535148,20.200441671937604,20.40529582868367,56745700
2020-05-01,19.648221969604492,19.870889948358737,19.514621522116315,19.81745010912784,37534300
2020-05-04,19.470096588134766,19.496815669293422,19.096014162510553,19.38993594701368,50177200
2020-05-05,19.40774154663086,19.844170574451276,19.40774154663086,19.737289198803374,65123000
2020-05-06,18.9891300201416,19.63932028377161,18.971316169373633,19.585880430290022,63738400
2020-05-07,19.434465408325195,19.755107915506944,19.238518153282048,19.238518153282048,61339000
2020-05-08,19.85308074951172,19.879799823684245,19.60369196469477,19.80854612785399,42218300
2020-05-11,19.470096588134766,19.639323098214785,19.363215167032465,19.57697631041451,54994900
2020-05-12,18.962406158447266,19.62150318116588,18.944592312173874,19.55024949489419,62202700
2020-05-13,18.40128517150879,18.828807365319005,18.25877777357205,18.80208828996973,86848300
2020-05-14,18.873340606689453,18.891152756010378,17.893601043512053,18.080641352547214,103763100
2020-05-15,18.748647689819336,18.908968945311788,18.525979656929216,18.695207837595945,70285000
2020-05-18,19.710569381713867,19.861983680211853,19.30976802603467,19.443368477927738,79548500
2020-05-19,19.2296142578125,19.692764241416494,19.220707331340595,19.594789749048047,56673200
2020-05-20,19.657133102416992,19.77292142750686,19.532439551233036,19.550253401065664,50402600
2020-05-21,19.59477996826172,19.781820234342543,19.487898602771484,19.59477996826172,49939900
2020-05-22,19.52353286743164,19.612600418872542,19.32758561331945,19.5858796437936,37584500
2020-05-26,20.538898468017578,20.752659571465287,20.2449767384242,20.26279058841707,108349200
2020-05-27,21.4295711517334,21.46519885266669,20.966422931356625,21.456291927433366,121521200
2020-05-28,21.091114044189453,21.678957450925978,21.028767273599534,21.67005052672426,101590100
2020-05-29,20.85063362121582,21.03767564467152,20.63687252213945,20.84172669640153,86969000
2020-06-01,21.091114044189453,21.189088511586238,20.788285416619477,20.93079280620275,52619200
2020-06-02,21.260345458984375,21.411759795934145,21.108931122034605,21.27815761129079,52572800
2020-06-03,22.053037643432617,22.15101210136715,21.678955357199406,21.73239519842646,77622900
2020-06-04,22.53400230407715,22.53400230407715,21.839279188666683,22.017412580311003,97575100
2020-06-05,23.371234893798828,23.896731550574184,23.29107427165871,23.852198626639524,135859300
2020-06-08,23.816564559936523,23.870004394132852,23.48701693376717,23.75421780357052,80298400
2020-06-09,23.308887481689453,23.51374164428775,23.086219470476838,23.255447634668613,92833100
2020-06-10,22.436025619506836,23.299976750270066,22.418211773803222,23.17528322798844,110848900
2020-06-11,20.601240158081055,21.696767878664325,20.565614165712994,21.3761254532427,233116600
2020-06-12,21.224712371826172,21.429566511366534,20.681401941998153,21.429566511366534,127502900
2020-06-15,21.518634796142578,21.589888486242838,20.449827745816684,20.49436236389308,92469500
2020-06-16,21.857093811035156,22.373683553084238,21.33159714426531,22.373683553084238,108121300
2020-06-17,21.527545928955078,21.919442150543443,21.491918227527812,21.919442150543443,56320900
2020-06-18,21.50082015991211,21.705675997902144,21.25143310312376,21.313779867320847,61206500
2020-06-19,21.358318328857422,21.919442749924468,21.117836434114402,21.910535824324093,99903900
2020-06-22,21.252546310424805,21.40492651429326,21.091204073675037,21.225656792462715,47929500
2020-06-23,21.351144790649414,21.709685927545404,21.333217306389866,21.575233214916782,47218900
2020-06-24,20.59821128845215,21.082243193393925,20.535466791809913,21.073279449636562,90217500
2020-06-25,21.144983291625977,21.189800291431013,20.490645520382326,20.526498778294563,110208900
2020-06-26,20.239667892456055,20.8491887246097,20.18588714540106,20.78644423476902,123959100
2020-06-29,20.463754653930664,20.598207365364946,20.284483232245634,20.454790911880515,69107100
2020-06-30,20.741621017456055,20.885037451570454,20.338262937631338,20.356188709651573,60653100
2020-07-01,20.56235122680664,20.92985605109418,20.499606750902732,20.83125661201161,60500300
2020-07-02,20.58924102783203,21.091200261409465,20.5444240328899,21.0194920437068,50841900
2020-07-06,20.983640670776367,21.207729103150875,20.867115438191608,21.04638515829578,60271700
2020-07-07,20.553388595581055,20.82229399530281,20.49960785756847,20.81333025402424,43810900
2020-07-08,20.76851463317871,20.8222953747542,20.47271799002508,20.54442621534539,53046100
2020-07-09,20.329301834106445,20.804368192618586,20.158994155379595,20.75955119226577,71163700
2020-07-10,21.028457641601562,21.055348868923115,20.320339085391197,20.320339085391197,94440600
2020-07-13,21.118091583251953,21.431815703693275,20.99260261893899,21.2973629976924,102487100
2020-07-14,21.22565460205078,21.288399083699417,20.840222260884694,21.028455705830606,102468300
2020-07-15,21.646942138671875,21.745541595612313,21.41388996477751,21.736577853194177,90561800
2020-07-16,21.646942138671875,21.871030570148104,21.378036704764025,21.45870867686819,74678500
2020-07-17,21.46767234802246,21.70968655387252,21.458708605634083,21.69176077875481,47033200
2020-07-20,21.369070053100586,21.49455901055196,21.288398091979328,21.351142570705015,40127600
2020-07-21,21.790361404418945,21.897924617630558,21.48560096158853,21.512492192306254,46491300
2020-07-22,21.790361404418945,21.808288891564093,21.61109166194529,21.682799900866605,44437400
2020-07-23,21.808286666870117,21.933775644766296,21.673833946315767,21.745542177922026,49916100
2020-07-24,21.75450325012207,21.942736693859878,21.682795027318303,21.826211472925838,41245600
2020-07-27,21.57522964477539,21.67382908222826,21.386996220174876,21.655901600935245,43060200
2020-07-28,21.521451950073242,21.620051401451512,21.422852498694972,21.494560724335816,35370500
2020-07-29,21.924808502197266,21.951699726001713,21.449742182597163,21.48559543801093,36491600
2020-07-30,21.53041648864746,21.575233490209182,21.25254560805591,21.512489004159164,53994600
2020-07-31,21.539384841918945,21.566274364748725,21.25255015767933,21.521457353592833,50115900
2020-08-03,21.602123260498047,21.772430932336466,21.47663258719973,21.629012775758547,42982100
2020-08-04,21.51248550415039,21.548340467293507,21.395960293252756,21.51248550415039,30754400
2020-08-05,21.808286666870117,21.862067413160037,21.62901523302492,21.65590646099943,34860700
2020-08-06,21.799318313598633,21.888954011563047,21.646938139956756,21.736573837921167,33115400
2020-08-07,22.265426635742188,22.283354120536178,21.646942087621834,21.691760799606815,63302800
2020-08-10,22.42676544189453,22.50743739532757,22.29231275605902,22.390910480520443,45436100
2020-08-11,22.686710357666016,23.054215216662243,22.632929617477494,22.848054287890488,73758600
2020-08-12,22.623966217041016,23.09903427323796,22.462622284383222,23.090070531461535,58793600
2020-08-13,22.48055076599121,22.64189470581209,22.34609805269348,22.453659539468063,35222500
2020-08-14,22.5701847076416,22.677746185978922,22.346096299836834,22.37298581459173,28276900
2020-08-17,22.193714141845703,22.507438226824313,22.184750401171033,22.48951074547497,53397000
2020-08-18,22.05030059814453,22.265425273533875,22.03237311444735,22.211644532101275,35502500
2020-08-19,22.041337966918945,22.355062108791834,21.978593480476174,22.13097368026249,59847200
2020-08-20,21.835168838500977,21.96065776434943,21.772424375576747,21.790350143799106,45586100
2020-08-21,21.790361404418945,21.98756034369702,21.718653165497628,21.799325147991517,35349200
2020-08-24,22.310245513916016,22.310245513916016,21.862068614337733,21.915851073241747,51010900
2020-08-25,22.372987747192383,22.561222915030942,22.22957129058159,22.498478428971094,55236900
2020-08-26,22.265426635742188,22.372988125188044,22.18475466382827,22.319207380465116,30646600
2020-08-27,22.641889572143555,22.74945103453038,22.247493554188424,22.247493554188424,66463900
2020-08-28,22.73152732849121,22.812199287437654,22.543292187729925,22.803235546481517,49170600
2020-08-31,22.462621688842773,22.713601322951785,22.462621688842773,22.713601322951785,52259000
2020-09-01,22.525365829467773,22.606037792438435,22.274387908811363,22.346096130378747,42036100
2020-09-02,22.848052978515625,22.928724939004717,22.45365691719771,22.516403105090518,48432500
2020-09-03,22.49847984313965,23.314161632506327,22.35506337751424,22.982509987210616,98405500
2020-09-04,22.668785095214844,23.0273262206548,22.310242260115945,22.901835544506607,111105500
2020-09-08,22.086156845092773,22.498480477638456,22.00548486719599,22.44469972892699,84687600
2020-09-09,22.310245513916016,22.47158947130967,22.148901556522365,22.29231973727387,52321200
2020-09-10,21.99652099609375,22.534331857595312,21.951702284529265,22.381951657594126,55515300
2020-09-11,22.14889907836914,22.2654260166309,21.960665622243376,22.03237384976638,69285700
2020-09-14,22.453659057617188,22.65085796190375,22.283353088935666,22.346097573150853,51021000
2020-09-15,22.14889907836914,22.516405667790924,22.130973303732638,22.498478183495422,48459900
2020-09-16,22.39988136291504,22.650861043580857,22.14890168224922,22.193720398256975,62119900
2020-09-17,22.166826248168945,22.301278959159635,22.032373537178255,22.095118021663314,47334200
2020-09-18,22.12200927734375,22.346097699181254,22.07719056718086,22.166826277847658,61707200
2020-09-21,21.567716598510742,21.784024453971337,21.234240913595222,21.657845301384828,72307300
2020-09-22,21.38745880126953,21.720934480080846,21.207203117882923,21.51363967060835,84561500
2020-09-23,20.9097843170166,21.585747149863312,20.9097843170166,21.432528838988897,54282500
2020-09-24,20.954849243164062,21.25227284107873,20.67545173459271,20.918797064477438,56512300
2020-09-25,21.171154022216797,21.24325664984768,20.756564343104777,20.80162784072574,46026600
2020-09-28,21.67587661743164,21.82909494573093,21.46858173769219,21.46858173769219,62803500
2020-09-29,21.405485153198242,21.64883213383054,21.288319043483813,21.612779965264856,53250800
2020-09-30,21.693897247314453,21.874154665494892,21.486602419750447,21.495615462565684,66732200
2020-10-01,21.729949951171875,21.92823174078049,21.558705571609508,21.784026490326553,65766100
2020-10-02,21.901193618774414,22.027374508020536,21.38746217552612,21.441540436229715,63368100
2020-10-05,22.261709213256836,22.333811844172505,22.054412645194763,22.108490907678252,58911700
2020-10-06,22.036388397216797,22.60419640389861,21.95527272211049,22.450978097482512,88404900
2020-10-07,22.405914306640625,22.51406739266987,22.243682958534446,22.243682958534446,53815200
2020-10-08,22.712352752685547,22.766429300074396,22.478018755250602,22.53209530263945,57646300
2020-10-09,22.739389419555664,22.86557031806618,22.559133694495827,22.838531185729128,52031600
2020-10-12,22.99174690246582,23.063849528164106,22.72136076680061,22.72136076680061,45931400
2020-10-13,22.550119400024414,22.991748222667802,22.47801677018595,22.919645592829337,60377800
2020-10-14,22.333810806274414,22.649258727456996,22.306771676289234,22.56814477562593,48982200
2020-10-15,22.505050659179688,22.514063701381446,22.090461032271016,22.12651148201602,41637200
2020-10-16,22.523082733154297,22.667288008606917,22.414929636096073,22.550121866950093,40103600
2020-10-19,22.180587768554688,22.613203441508418,22.144535602944273,22.604190400105814,42989000
2020-10-20,22.36084747314453,22.62222056378409,22.31578397706428,22.324797020092767,67293900
2020-10-21,22.243682861328125,22.469003795143745,22.243682861328125,22.324798535026734,44307200
2020-10-22,22.685314178466797,22.71235331235874,22.225659216678736,22.23467226130938,39511800
2020-10-23,22.75741195678711,22.90161720195861,22.57715454079167,22.829514579372862,45092700
2020-10-26,22.243682861328125,22.469003795143745,22.036388014792703,22.432951620583342,54015100
2020-10-27,21.83810806274414,22.234673452424232,21.820081972517187,22.234673452424232,46083300
2020-10-28,21.27931022644043,21.567720755982954,21.153129330468808,21.3784502715567,89288300
2020-10-29,21.44154167175293,21.5947582620551,20.95484761174946,21.225232054598703,60908400
2020-10-30,21.50463104248047,21.540681498932475,21.153129207464914,21.315360559154808,66221600
2020-11-02,21.910207748413086,22.009349512222318,21.594758088252913,21.865144247988354,65136000
2020-11-03,22.39689826965332,22.622219174339847,22.28874347901647,22.315782606441203,79834200
2020-11-04,22.135528564453125,22.532093898402465,21.80205453743168,22.00033634487518,87397400
2020-11-05,22.676298141479492,22.838529485298167,22.32479804258054,22.32479804258054,65942300
2020-11-06,22.49604034423828,22.811489983294553,22.42393771694504,22.784452572473484,60783500
2020-11-09,24.34367561340332,24.73122792196163,24.028225939991035,24.316636480575152,162966800
2020-11-10,24.469850540161133,24.559979248187087,24.145389597954665,24.370710508488493,85851200
2020-11-11,24.370710372924805,24.623068691119173,24.226503409448163,24.605042605801827,65062400
2020-11-12,23.965137481689453,24.127368848200515,23.74882956602887,24.07329057998849,62733800
2020-11-13,24.3617000579834,24.460840100205022,24.127366079806485,24.190455666419055,45031800
2020-11-16,24.902467727661133,24.992596440941725,24.659122436584433,24.974570354473162,67556100
2020-11-17,24.866418838500977,24.911482338445772,24.451827418947065,24.623071813049485,63679700
2020-11-18,24.63208770751953,25.181871409596564,24.623074662675027,24.983587861142535,71578400
2020-11-19,24.713199615478516,24.74023874588001,24.35268647210328,24.50590477292054,47194800
2020-11-20,24.49689292907715,24.68616169396937,24.442816384688278,24.58702164910017,39974700
2020-11-23,24.956554412841797,25.02865706399696,24.686168181712848,24.81234911053148,51870500
2020-11-24,25.830795288085938,25.85783442274637,25.326076807862314,25.38916640300745,60983200
2020-11-25,25.740665435791016,25.758691524778563,25.434228799252583,25.686588887890842,45204600
2020-11-27,25.659543991088867,25.767698781659327,25.560403962049865,25.740659654251193,26981200
2020-11-30,25.127792358398438,25.578434272221713,25.0827288546411,25.506331634772486,72524200
2020-12-01,25.515342712402344,25.74967669581354,25.497318343726363,25.596458388162464,53972100
2020-12-02,25.79473876953125,25.839802264319296,25.434223934978345,25.479289148828524,57471800
2020-12-03,25.803754806518555,25.956973123471553,25.650536489565557,25.8127678509349,49566000
2020-12-04,26.11920166015625,26.164266877364366,25.95697031633156,25.974996403214806,52713100
2020-12-07,25.93894386291504,26.01104648558842,25.78572557485134,25.96598127200373,34631600
2020-12-08,25.929933547973633,25.99302313456697,25.695599569868165,25.695599569868165,31628500
2020-12-09,25.86684226989746,26.09216318960367,25.76770051512683,26.074137103452244,47589600
2020-12-10,25.911911010742188,25.938950145441996,25.587448270594617,25.668563955631512,41298300
2020-12-11,25.650535583496094,25.713626892181907,25.443240726429867,25.62349817026456,48216300
2020-12-14,25.353111267089844,25.99302362693432,25.335086898480544,25.99302362693432,38302900
2020-12-15,25.78572654724121,25.857829172633608,25.407187334165567,25.551392584950367,38604200
2020-12-16,25.830795288085938,25.84882137785956,25.704616097795668,25.830795288085938,55602800
2020-12-17,25.902894973754883,25.947960193049006,25.758689710138366,25.875855842178407,38510900
2020-12-18,25.677576065063477,25.93894920045186,25.524357745471576,25.93894920045186,56080100
2020-12-21,26.023704528808594,26.150562205473218,25.5797069811891,25.97839932675295,77688100
2020-12-22,25.769996643066406,26.078076904188045,25.751873868110323,26.041831354275878,42317900
2020-12-23,26.195877075195312,26.340855849217437,25.91498091656286,25.924042305974655,52681400
2020-12-24,26.232118606567383,26.259301042347325,26.01464875062956,26.25023965432633,16071000
2020-12-28,26.358972549438477,26.56737927299951,26.268360404499752,26.41333914508855,32824800
2020-12-29,26.268362045288086,26.47676878186673,26.241177881623603,26.46770739397857,23607000
2020-12-30,26.386159896850586,26.46770893602917,26.295547740972786,26.35897573160231,16616700
2020-12-31,26.71235466003418,26.748600204772455,26.277418492871057,26.349907854064913,26239300
2021-01-04,26.34991455078125,26.821096382431463,26.123385023443625,26.812034993943982,47086300
2021-01-05,26.46770668029785,26.585502991384644,26.204933351758736,26.34085070985021,35265400
2021-01-06,27.6366024017334,27.85407054110716,26.975136595102814,26.975136595102814,102254900
2021-01-07,28.035289764404297,28.325247230922198,27.98092144322007,28.044351151268334,64342700
2021-01-08,28.01717185974121,28.180273395073428,27.64566357516589,28.171212006634622,54266400
2021-01-11,28.1077823638916,28.153087575139807,27.62753917455868,27.745335489056863,56590400
2021-01-12,28.397737503051758,28.53365485378058,28.18933078338204,28.27088153947591,60546600
2021-01-13,28.379619598388672,28.45210897976798,28.171212842958557,28.35243716054842,55394700
2021-01-14,28.5064754486084,28.651455938962975,28.352437026155304,28.461170233567273,49828800
2021-01-15,28.035289764404297,28.261819251156762,27.82688132309708,28.089656357305696,68732700
2021-01-19,28.1077823638916,28.252761113825496,27.935619450238967,28.180271738858547,97457200
2021-01-20,27.989988327026367,28.19839680926284,27.8903165085131,28.19839680926284,56113100
2021-01-21,27.690967559814453,28.02623200403457,27.690967559814453,27.971865404098324,43713800
2021-01-22,27.49162483215332,27.600358042405258,27.364768844098325,27.41007406032276,37928000
2021-01-25,27.292278289794922,27.328522115562258,26.94795243944796,27.219788909977108,68321500
2021-01-26,27.074806213378906,27.437254811183667,27.05668516611507,27.401009260089992,55504600
2021-01-27,26.27742576599121,26.730484830922094,26.223059162118794,26.703300664844296,84059200
2021-01-28,26.76673126220703,27.07480984642798,26.531140333334232,26.61269110595494,62985900
2021-01-29,26.232118606567383,26.766728401824846,26.114322290577476,26.694237297656873,78260700
2021-02-01,26.576444625854492,26.612690180551432,26.2955484900859,26.522078022092256,41947400
2021-02-02,27.219785690307617,27.355703045353753,26.875459880688943,26.884521268129745,54263000
2021-02-03,27.373828887939453,27.38289027696784,27.12917829730598,27.18354490319306,46195200
2021-02-04,27.980926513671875,27.989987902177933,27.455378078302306,27.46443946680837,63061800
2021-02-05,27.989988327026367,28.207456469623274,27.926560334804332,28.18027403197564,38461900
2021-02-08,28.352432250976562,28.352432250976562,28.080595821663586,28.080595821663586,48756300
2021-02-09,28.361494064331055,28.45210621431879,28.162148716984447,28.261822254799256,33572000
2021-02-10,28.361494064331055,28.542718364306523,28.225576703490958,28.506472812998226,38899600
2021-02-11,28.27088165283203,28.48834976052669,28.080595978422398,28.379614842537915,31909500
2021-02-12,28.560840606689453,28.58802304138013,28.216514788821712,28.24369895179537,38271800
2021-02-16,29.05014991760254,29.186065569831865,28.723946821745724,28.850802813119703,71330600
2021-02-17,29.19512176513672,29.231363856531683,28.859857359631953,28.959529159958084,60460900
2021-02-18,29.022960662841797,29.177002532086348,28.787371485637692,28.98671683876542,45188200
2021-02-19,29.367286682128906,29.466960223462216,29.17700271589231,29.213248268480083,54361800
2021-02-22,29.639116287231445,29.747852926188443,29.2585484205786,29.267608078875575,65930200
2021-02-23,29.820341110229492,29.856586657214528,29.512260873987916,29.847523542185463,94331400
2021-02-24,30.40025520324707,30.48180595344741,29.84752272484095,29.865645497837193,66000600
2021-02-25,29.84752655029297,30.663034156817076,29.765975789640557,30.6449113814981,92189400
2021-02-26,29.27667236328125,29.892832849056397,29.16793571998045,29.80221897963906,103105700
2021-03-01,30.19184684753418,30.373071111020472,29.77503346111144,29.77503346111144,67590700
2021-03-02,30.08311653137207,30.327768791847177,30.055930642497735,30.155604169717108,49987000
2021-03-03,30.31871223449707,30.771771305986505,30.164673809342535,30.200919364637627,72541700
2021-03-04,29.97438621520996,30.527115312274812,29.53944651723758,30.23715781800388,101311800
2021-03-05,30.545242309570312,30.626793082140985,29.702552145195515,30.481814314967174,109299800
2021-03-08,30.934873580932617,31.33356778548879,30.64491604483712,30.771772034808087,90538200
2021-03-09,30.653972625732422,31.107031611345498,30.373074810288642,30.6902147175915,117224600
2021-03-10,31.27920150756836,31.396997844528173,30.744591617140557,30.798959954945097,73269300
2021-03-11,31.188579559326172,31.433231831435076,30.934867628205453,31.116091917534174,50904800
2021-03-12,31.505722045898438,31.668823556061884,31.40604851673569,31.551027252818123,68126000
2021-03-15,31.324508666992188,31.63258902049339,31.034551093881277,31.623529358581706,57836400
2021-03-16,30.998302459716797,31.197649567678507,30.753650133554675,31.161404010491545,67373600
2021-03-17,31.20669937133789,31.387923643462265,30.880499829392612,31.22482214420688,64051100
2021-03-18,31.369810104370117,31.97691107620353,31.261076891715813,31.523851990816343,96690500
2021-03-19,31.007356643676758,31.15233537408778,30.681153636110565,31.12514948574687,98510500
2021-03-22,30.607820510864258,30.844453924657373,30.49860188429466,30.780744795102027,68170600
2021-03-23,30.18004035949707,30.635107315142008,30.07082526227018,30.425776932171576,70441900
2021-03-24,30.289262771606445,30.762532936398568,30.289262771606445,30.39848136709506,63357100
2021-03-25,30.798948287963867,30.844454313664865,30.03443525177058,30.2710686685481,60532600
2021-03-26,31.281312942504883,31.3359222469339,30.899058227161575,31.117488501104436,53779900
2021-03-29,31.008275985717773,31.208506646999336,30.68973036266701,30.844451530466838,71777800
2021-03-30,31.226701736450195,31.372323051315686,31.135686244730508,31.172092441418382,55011400
2021-03-31,30.99006462097168,31.29041053282394,30.97186152280918,31.162992317572428,51138300
2021-04-01,31.372318267822266,31.372318267822266,30.94455420167807,30.94455420167807,51690100
2021-04-05,31.618059158325195,31.772780283910276,31.517943855000286,31.709071176682777,51790700
2021-04-06,31.55435562133789,31.699980447457378,31.44514047363522,31.545255805648896,41336800
2021-04-07,31.709075927734375,31.7818848589524,31.490642190307366,31.64536681096118,38660800
2021-04-08,31.718183517456055,31.754589727932782,31.372334933589098,31.590765252674824,39927400
2021-04-09,31.991214752197266,32.00941437879442,31.75457794380182,31.936605456747692,40133700
2021-04-12,32.12773132324219,32.13683460801319,31.982110013879122,32.05492240450359,44435500
2021-04-13,31.827390670776367,31.982111801673437,31.654462969319557,31.9457056043261,39950900
2021-04-14,32.01851272583008,32.246046213948894,31.699967231217943,31.745473234464605,44065300
2021-04-15,31.991214752197266,32.12773278299214,31.69086883505367,32.09132658602576,55483500
2021-04-16,32.218753814697266,32.337068767350544,32.07313247368146,32.273359647649045,39115700
2021-04-19,32.12773132324219,32.30065901503237,32.01851620919136,32.20964352675178,31172300
2021-04-20,31.527042388916016,31.954806495989807,31.41782727694098,31.936603398679665,50227700
2021-04-21,31.963912963867188,31.991219351460735,31.32681831290683,31.417833818407757,39680000
2021-04-22,31.608959197998047,31.973014253491694,31.554349898108104,31.927508239526567,43611200
2021-04-23,32.20055389404297,32.337071961795104,31.554355874556425,31.608965184789465,50437700
2021-04-26,32.32796096801758,32.628303390732675,32.291554773783695,32.31885768351622,43749700
2021-04-27,32.582801818847656,32.628307831891114,32.30066245484648,32.37347138133877,50852400
2021-04-28,32.71022415161133,32.80123966101348,32.61011229909898,32.71022415161133,35771700
2021-04-29,33.292701721191406,33.32000462882229,32.937746562562424,32.96505294207881,48573000
2021-04-30,33.0014533996582,33.228986872681425,32.94684758813921,33.11067196646675,43940900
2021-05-03,33.16529083251953,33.34731837696491,33.037872592973756,33.283609257192026,33317300
2021-05-04,33.42922592163086,33.42922592163086,32.8012346266311,33.01966487189791,66939700
2021-05-05,33.702266693115234,33.82968491948155,33.529342453316126,33.529342453316126,38954200
2021-05-06,34.20284652709961,34.2119463419018,33.63856079653848,33.83879144105285,43332900
2021-05-07,34.384864807128906,34.39396809228453,33.72957062325081,33.81148283022132,64616700
2021-05-10,34.35756301879883,34.8217298922176,34.33026010621129,34.566893449704246,56341100
2021-05-11,33.747764587402344,34.32114640911664,33.620342932914085,34.01170076341532,82723700
2021-05-12,33.401920318603516,34.13912667685877,33.2653988223932,34.01170846540161,97911900
2021-05-13,33.93890380859375,34.14823424968604,33.25630318559815,33.274506285504394,66882600
2021-05-14,34.47587585449219,34.56688786299868,34.093617780616626,34.13002397277346,44850200
2021-05-17,34.539588928222656,34.57599512456762,34.23014320306243,34.366661231527075,40376700
2021-05-18,34.057212829589844,34.630598225355996,34.03901320473376,34.51227983247727,40299200
2021-05-19,33.84789276123047,33.866095863531044,33.30181357976022,33.66586868199823,63573900
2021-05-20,33.8660888671875,34.102725676321796,33.62945552993925,33.902495064267555,59216100
2021-05-21,34.20284652709961,34.384870598236375,33.984412781094235,34.00261588258523,44950300
2021-05-24,34.36665725708008,34.44856945344024,34.17552995620155,34.34845763289833,29159600
2021-05-25,34.020816802978516,34.676111055210065,33.97531078811174,34.41217478022824,38755900
2021-05-26,34.12092590332031,34.27564702006048,33.87518930153968,34.14822881288958,38601900
2021-05-27,34.51228713989258,34.60330264287254,34.230147760370805,34.43037839504027,39789500
2021-05-28,34.57600021362305,34.667012245995046,34.321160273585775,34.667012245995046,39265000
2021-06-01,34.78533172607422,35.02196510058746,34.69431621904098,34.92184977879419,35710700
2021-06-02,34.83993148803711,34.93094697921217,34.648804164398456,34.89454078274215,37537500
2021-06-03,34.921844482421875,35.13117490902063,34.62150203447968,34.73071715446902,54877500
2021-06-04,35.01285171508789,35.04015462067215,34.70340605488706,34.96734224326713,27250900
2021-06-07,34.78533172607422,35.06747111816078,34.72162260709425,35.06747111816078,37401800
2021-06-08,34.69430160522461,34.803520167659826,34.339349957022996,34.59418632560156,47747700
2021-06-09,34.36665725708008,34.603294034069705,34.27564524862904,34.55778802984418,40776200
2021-06-10,33.96620559692383,34.748921507522624,33.938902683912396,34.65790948289373,53775500
2021-06-11,34.18463134765625,34.20283444271582,34.02080696400553,34.02990677559262,40416700
2021-06-14,33.829681396484375,34.175533311952115,33.62945426385435,34.120927490273885,50613400
2021-06-15,33.89339828491211,34.06632252869262,33.67496455476472,33.83878898440367,51315100
2021-06-16,33.85699462890625,34.084528190294215,33.43833370920519,33.78418222275653,84961100
2021-06-17,32.85584259033203,34.048119618953606,32.75573074666951,34.02991651868231,97659900
2021-06-18,32.06402587890625,32.52819624242801,32.01851986551238,32.41897764401919,180960000
2021-06-21,32.8123893737793,32.83066458432187,32.32810849414097,32.382930640128706,89831400
2021-06-22,32.86720657348633,32.99512952882637,32.556535045243756,32.88548177934049,42576400
2021-06-23,32.9311637878418,33.08649778903377,32.848927114964084,32.89461338086534,48094900
2021-06-24,33.34235382080078,33.42459051012607,32.96772078846097,33.12305482072021,42942800
2021-06-25,33.74440002441406,33.835772580186834,33.324080690835984,33.515965149342556,56845000
2021-06-28,33.497684478759766,33.70784411127912,33.30580005154284,33.68043304614499,70250700
2021-06-29,33.37889099121094,33.85403578111195,33.28751846784619,33.67128724874413,61051200
2021-06-30,33.52509307861328,33.598193894447476,33.2692471944711,33.278383053630996,42414100
2021-07-01,33.790077209472656,33.808352412837316,33.51595613028008,33.68956533378636,36615600
2021-07-02,33.7535400390625,33.82664088118734,33.61648118853844,33.79009046012492,27018400
2021-07-06,33.22356033325195,33.68956582612567,33.00426137530988,33.67129062249394,49225300
2021-07-07,33.269256591796875,33.342357428279335,32.94944914628545,33.02254649712818,43747100
2021-07-08,32.60222244262695,32.93116918808033,32.4468849303232,32.739284748445606,75084200
2021-07-09,33.54336929321289,33.58905556166639,32.97685189598406,33.07736377796506,70546500
2021-07-12,33.87230682373047,33.93626827935962,33.19614186832567,33.34233997914059,62953400
2021-07-13,33.5068244934082,33.81749605079438,33.378901526067914,33.76267391372822,44476200
2021-07-14,33.351497650146484,33.744405983506276,32.98600039123127,33.52510693102911,69632700
2021-07-15,33.46113967895508,33.671299346714235,33.02254513506994,33.02254513506994,53977600
2021-07-16,33.004268646240234,33.634751110696534,32.931171301248455,33.634751110696534,56160700
2021-07-19,32.081390380859375,32.53826007358448,31.889505946468223,32.364647359539894,89972200
2021-07-20,32.8763427734375,33.09564176031526,31.98087859116167,32.044840069492864,70635800
2021-07-21,33.4428596496582,33.60733301561054,33.11391640339261,33.141327469171635,59975000
2021-07-22,33.077362060546875,33.40630875335489,32.94029977666398,33.32407208015289,35292300
2021-07-23,33.13218307495117,33.48854430397323,33.04081054585129,33.3971682892348,36766900
2021-07-26,33.324073791503906,33.38803526443034,33.049949209660504,33.06822441415932,25396000
2021-07-27,33.31493377685547,33.46113192426879,32.91288974287853,33.06822374953821,38988400
2021-07-28,33.269256591796875,33.47941626822434,33.04082170624879,33.433729988242675,42908200
2021-07-29,33.63475036621094,33.78094853859794,33.34235402143694,33.488552193823935,41434200
2021-07-30,33.36975860595703,33.79007783419928,33.28752193211497,33.54336781267308,52385300
2021-08-02,33.37889099121094,33.98195870807793,33.33320472952857,33.598189927179995,47589900
2021-08-03,33.7535400390625,33.79922980821053,33.00427383548294,33.49769406290558,42169600
2021-08-04,33.47026824951172,33.82662598382916,33.2875197103227,33.43371784454622,52346400
2021-08-05,33.90886688232422,33.90886688232422,33.67129270604949,33.680432051250236,37168200
2021-08-06,34.59417724609375,34.65813873079746,34.219544198983655,34.22868006009583,58081000
2021-08-09,34.685543060302734,34.85001641348035,34.356596353947516,34.548484256413936,48015600
2021-08-10,35.0510368347168,35.15154870603917,34.62157828838973,34.658128693532134,40907400
2021-08-11,35.453086853027344,35.46222619868372,34.987081308085365,35.151554673509374,48372100
2021-08-12,35.51704788208008,35.56273415286848,35.27033783705588,35.489636816734844,44566400
2021-08-13,35.252071380615234,35.590154017694175,35.16983468666203,35.544467740084514,43077200
2021-08-16,35.16068649291992,35.19723690006696,34.71295620510403,35.023627694576525,48011800
2021-08-17,34.91398239135742,35.178967659632754,34.56676392152002,34.923121737512716,52414800
2021-08-18,34.48452377319336,35.0236301161513,34.457109223118266,34.776920079308965,39550400
2021-08-19,34.228675842285156,34.48452523521259,34.009380346220574,34.109892234266454,48961300
2021-08-20,34.43882751464844,34.493653118806115,34.100745003105075,34.22866792716807,33898600
2021-08-23,34.722103118896484,34.86830130839256,34.61245534818437,34.61245534818437,28807400
2021-08-24,34.93225860595703,35.014495295531205,34.75864936602905,34.78606043400732,37677300
2021-08-25,35.34343719482422,35.562732679780446,34.95052900816886,35.02362982691353,47904800
2021-08-26,35.169830322265625,35.54446332919807,35.1332799104578,35.49877357161872,38484300
2021-08-27,35.63583755493164,35.64497341549521,35.20637891001892,35.21551825622177,38511100
2021-08-30,35.13327407836914,35.67238036330658,35.11499887549889,35.65410516043633,30096500
2021-08-31,35.087589263916016,35.35257100238795,34.95966283853805,35.10586098190276,49876200
2021-09-01,34.88656997680664,35.133280028882396,34.76778288085036,35.11500482291688,43976200
2021-09-02,35.00535202026367,35.13327495791938,34.868289738124766,34.96880161360814,29611500
2021-09-03,34.786048889160156,35.01448367487076,34.70381222687881,34.94138635597523,34847500
2021-09-07,34.575904846191406,34.904851643175896,34.575904846191406,34.904851643175896,39214900
2021-09-08,34.493656158447266,34.65812949977571,34.31090761412248,34.493656158447266,32523900
2021-09-09,34.59417724609375,34.92312401636397,34.420564514206966,34.447979068822484,33421000
2021-09-10,34.338321685791016,34.82260235875079,34.329182341600166,34.786051953264405,39350500
2021-09-13,34.731224060058594,34.78604966468118,34.48451755335268,34.58502593336999,40357300
2021-09-14,34.265235900878906,34.97795169221237,34.155588121975306,34.8500287025515,45670600
2021-09-15,34.59417724609375,34.676413938661305,34.21040485223199,34.24695526795968,36371300
2021-09-16,34.493656158447266,34.89570016745094,34.33832216143627,34.722090967443606,42630200
2021-09-17,34.338321685791016,34.667264878252915,34.24694567207506,34.44796941661165,82987200
2021-09-20,33.54176712036133,33.67024391988529,33.06456507875075,33.57847577757681,95008800
2021-09-21,33.495887756347656,33.881318209083645,33.413295016371265,33.75284139150499,45837600
2021-09-22,34.05567169189453,34.29427091940595,33.84460220197646,33.91801600246858,58347800
2021-09-23,34.890785217285156,35.055970696278266,34.3309903718897,34.38605336513096,71805000
2021-09-24,35.07432174682617,35.19361963659483,34.81736463646437,34.863252210238876,48066100
2021-09-27,35.551513671875,35.65245720349957,35.322089871335805,35.38632825542843,58794500
2021-09-28,34.96419143676758,35.716701343753506,34.9091319562315,35.54234048750602,96152700
2021-09-29,34.991722106933594,35.14772862463066,34.826536676001595,35.07431482239959,49882500
2021-09-30,34.44110107421875,35.20278980016964,34.4319256621831,35.19361088740448,73319300
2021-10-01,35.01008224487305,35.24868151764717,34.40440339781383,34.53288019859453,70444000
2021-10-04,34.70724105834961,35.41386696311662,34.6521780720078,34.95501924579235,69772700
2021-10-05,35.38634490966797,35.56070581987645,34.83572542879256,34.96420225744418,56058400
2021-10-06,35.423038482666016,35.450571723174995,34.80818428940025,35.065137862618194,63405900
2021-10-07,35.63410568237305,36.010360567860985,35.588218122580194,35.790112183334955,53295600
2021-10-08,35.808475494384766,35.93695229229975,35.505634327244984,35.67081978191574,38607500
2021-10-11,35.450565338134766,36.157191037942866,35.43221101467789,35.89105859891204,50748300
2021-10-12,35.340450286865234,35.579053064596174,35.24868214203354,35.404692189123814,58527700
2021-10-13,35.13855743408203,35.3679812823055,34.63382566813642,35.331272626414524,72105100
2021-10-14,35.725887298583984,35.73506271357166,35.193622210302514,35.53317207726716,51893500
2021-10-15,36.258140563964844,36.441680328166925,35.95530292865176,36.07460430049259,58411100
2021-10-18,36.26731872558594,36.478388224786436,36.08377896518949,36.184726008444024,56312700
2021-10-19,36.62521743774414,36.62521743774414,36.2948465862719,36.432502274628526,33082600
2021-10-20,36.918888092041016,36.918888092041016,36.46004036009808,36.56098742124239,44670200
2021-10-21,36.762882232666016,36.99230610293813,36.57016352108231,36.90971336961095,35067600
2021-10-22,37.27678298950195,37.34102138196645,36.90052804761141,36.93723670065679,41458200
2021-10-25,37.23090362548828,37.41444341316476,37.13913548201518,37.36855934142821,33121000
2021-10-26,37.25843048095703,37.49703323666448,37.203370999432245,37.32266887655596,41586900
2021-10-27,36.64357376098633,37.331845238839975,36.63439484753961,37.16665980409672,62449500
2021-10-28,37.093238830566406,37.11159315491466,36.76287149448615,36.790401230643816,44566600
2021-10-29,36.946414947509766,37.212547451407566,36.87300113651767,37.13913364041548,42092000
2021-11-01,36.96476745605469,37.28596292793507,36.81793634056734,37.20337020667782,37503800
2021-11-02,37.056541442871094,37.1666639112927,36.85464733348968,36.95559438818039,31436800
2021-11-03,37.194190979003906,37.33184668018127,36.86382009676214,36.93723740425138,42946800
2021-11-04,36.70780944824219,37.14830274153355,36.42332266475569,37.05653461820475,48279700
2021-11-05,36.726165771484375,37.15748367620455,36.60686440408162,37.00147365718099,57866300
2021-11-08,36.92806625366211,37.19419527220421,36.83629460870767,36.95559599678329,32864600
2021-11-09,36.726165771484375,36.85464255142748,36.487563036678864,36.735341184024726,48420400
2021-11-10,36.66192626953125,36.891350084108126,36.57015464326274,36.689456007047006,60695100
2021-11-11,36.762882232666016,36.8821801246816,36.560988106592816,36.71699465802724,31438900
2021-11-12,36.8454704284668,36.85464584182633,36.51509953584332,36.81793718692816,39218800
2021-11-15,36.8454704284668,37.03818561558715,36.77205311867046,36.94641397834174,30081100
2021-11-16,36.80876541137695,37.02901036107273,36.70781835079541,36.89135814269546,32599500
2021-11-17,36.38662338256836,36.75369943579767,36.28567633019303,36.75369943579767,53557200
2021-11-18,36.20307922363281,36.496741430963944,36.03789379441785,36.42332412876633,42990100
2021-11-19,35.808475494384766,36.01954501963513,35.5331675701769,35.89106822172014,71858100
2021-11-22,36.31320571899414,36.67110635522888,35.99201373794503,36.285675977969944,81965800
2021-11-23,36.882164001464844,36.909697234357914,36.3957867293439,36.551796713308235,61571200
2021-11-24,36.79957962036133,36.94641072629983,36.661927427704434,36.808758533642944,40410300
2021-11-26,35.57905197143555,35.79929691255676,35.17526724555984,35.64329037099009,76492200
2021-11-29,35.689170837402344,36.12048876290291,35.423038351424125,35.99201197676994,79316500
2021-11-30,34.83571243286133,35.40468603424243,34.780652955826184,35.257851426869465,121263700
2021-12-01,34.45028305053711,35.67999491570975,34.45028305053711,35.45057108639194,101946500
2021-12-02,35.47810363769531,35.67081882942185,34.64300097281688,34.771477767301235,98076400
2021-12-03,34.89996337890625,35.6157683444501,34.62465539249599,35.523996681826034,97178200
2021-12-06,35.43222427368164,35.771770632871515,35.17527065058991,35.45057860400684,69716600
2021-12-07,36.06542205810547,36.166369094135874,35.670812826748175,35.84517716197505,115475500
2021-12-08,35.87270736694336,36.230607953372974,35.78093924247971,36.0837768537934,53033200
2021-12-09,35.799293518066406,35.982833285417655,35.569869684059825,35.69834997171662,45521100
2021-12-10,35.83601379394531,36.056262286343326,35.606589885532436,36.04708336959744,38900900
2021-12-13,35.450565338134766,35.76258183544316,35.3312639860297,35.753402923350095,44343000
2021-12-14,35.66164016723633,35.927772646270576,35.36797794924329,35.39550768820208,51734400
2021-12-15,35.7625846862793,35.87270713506978,35.31291247756307,35.75340577345453,70424900
2021-12-16,36.21226501464844,36.469222145255536,35.992020046391666,36.17555635302876,71156600
2021-12-17,35.413856506347656,36.019535174345705,35.193608126744174,35.97365111630767,97654400
2021-12-20,34.72598648071289,34.91040559431108,34.311044354492466,34.86430169528704,85242300
2021-12-21,35.44521713256836,35.601974610155565,35.07638242310215,35.07638242310215,57667900
2021-12-22,35.61118698120117,35.638852129160675,35.28845623418473,35.34378301260241,49702700
2021-12-23,35.79561233520508,36.118343138812534,35.777170072498656,35.81405459791149,39057300
2021-12-27,36.16444778442383,36.16444778442383,35.72184406587551,35.90625964381105,36120300
2021-12-28,36.18288803100586,36.41341100809114,36.09067672967086,36.0998996185551,34055200
2021-12-29,36.13677978515625,36.35808338573642,36.09067589430663,36.2566527153664,27150500
2021-12-30,36.072235107421875,36.45029265582846,35.96158506136426,36.24743482430643,30089100
2021-12-31,36.0077018737793,36.182901653526116,35.93393632244074,35.99848249892553,28497800
2022-01-03,36.450294494628906,36.58860969730464,36.25665602488426,36.275098286407804,49884400
2022-01-04,37.40927505493164,37.52914800911306,36.8560212190979,36.87446348262597,74210200
2022-01-05,36.97588348388672,37.71355981192052,36.94822185271095,37.519917841185865,76288400
2022-01-06,37.519920349121094,37.5475854996475,37.021993367167305,37.363166405311965,57725200
2022-01-07,37.9625244140625,38.05473572082891,37.47381679945644,37.60290911142773,62185500
2022-01-10,37.833431243896484,38.229931060243814,37.436931427549155,38.2022694275922,73620000
2022-01-11,38.16539001464844,38.183832278052115,37.62135555549717,37.97175152516292,60706300
2022-01-12,38.19304275512695,38.414346346923274,38.008627199048156,38.26681179155948,51560600
2022-01-13,38.04552459716797,38.45124743740858,37.91643224527424,38.248386017288276,51659600
2022-01-14,37.649017333984375,37.68589833998314,37.19719071485729,37.43693308260721,81135500
2022-01-18,36.80990982055664,37.43693264269052,36.57938682763982,37.40005163712514,82526700
2022-01-19,36.19211959838867,37.1049924429664,36.164457957417504,37.086550176484735,85975100
2022-01-20,35.961585998535156,36.76380500898664,35.88781695423994,36.293539662860354,80314000
2022-01-21,35.22391128540039,35.91548021043769,35.07637672209249,35.81404953863199,117914300
2022-01-24,35.325340270996094,35.399105790378215,33.95142185780358,34.61532911974909,169153300
2022-01-25,35.472869873046875,35.73105443107763,34.35713620976939,34.92883561326721,97364900
2022-01-26,35.565086364746094,36.155224652180046,35.14092491034065,35.860155508463066,106682000
2022-01-27,35.24235916137695,36.27510126909987,35.01183614963064,35.90626304330497,91498900
2022-01-28,35.703399658203125,35.71261902954499,34.66143482149897,35.10403851343932,79753600
2022-01-31,36.01691818237305,36.04457981938071,35.242360688639145,35.454441446536244,58740900
2022-02-01,36.51484298706055,36.60705430057702,35.878600752555634,36.063019862086634,64601500
2022-02-02,36.7638053894043,36.82835154507969,36.265878405265774,36.496401394821234,46649400
2022-02-03,36.35808181762695,36.8836738891472,36.302755040492784,36.75458159333538,50677000
2022-02-04,36.97588348388672,37.28939486805066,36.404187495411804,36.42262975536279,77792400
2022-02-07,37.08654022216797,37.32628258707555,36.80990981669543,37.02199406555817,52710400
2022-02-08,37.60291290283203,37.69512421889587,37.252520454295585,37.34472825285738,56921200
2022-02-09,37.842655181884766,38.09162043515394,37.71356286926409,37.80577065899266,67505300
2022-02-10,37.51070022583008,38.16538465597939,37.35394276765961,37.66745416649896,67260800
2022-02-11,36.98511505126953,37.84266099395808,36.76381139742961,37.3908343128901,77962800
2022-02-14,36.57016372680664,37.095755815665704,36.26587523628362,36.96666351559525,71521600
2022-02-15,37.068092346191406,37.26173078669174,36.88367327630962,37.01276556997651,55439600
2022-02-16,37.09576416015625,37.261741016868534,36.8375795019381,36.883683402691034,41168800
2022-02-17,36.173667907714844,36.828352368489405,36.07223722724238,36.70848294384173,59107800
2022-02-18,36.16444778442383,36.46873630201882,35.98002868898661,36.13678263373216,47816500
2022-02-22,35.98003005981445,36.33042600274498,35.67573801312435,35.998472321810986,60719700
2022-02-23,35.353004455566406,36.358084791968196,35.260796670300806,36.247434746149175,64169800
2022-02-24,34.9288444519043,35.03949450227417,33.93298344607044,34.1819486975289,143075700
2022-02-25,36.05378723144531,36.14599852004935,35.1501377081317,35.159360595742605,99127100
2022-02-28,35.51898193359375,35.74950491848143,35.15014375077283,35.19624764425004,107370200
2022-03-01,34.2096061706543,35.27923257416124,33.97908320854072,35.17780542553232,129873100
2022-03-02,35.094825744628906,35.29768360982762,34.47702222345003,34.49546448710485,88182500
2022-03-03,34.984169006347656,35.43599563137048,34.689099849496685,35.25157652896317,71952600
2022-03-04,34.32948303222656,34.37558692643551,33.93298321052666,34.36636755459438,105904100
2022-03-07,33.07543182373047,34.05285039633552,33.05698956566233,34.015965880199246,116046200
2022-03-08,32.88179397583008,33.813105161099166,32.725040055710984,33.213747591965955,114915000
2022-03-09,34.08974075317383,34.37558700845228,33.84077550284953,33.979087185806364,88716400
2022-03-10,33.803890228271484,34.02519384058083,33.4258326752651,33.52726335101099,71547300
2022-03-11,33.564151763916016,34.31104406736038,33.54570950096033,34.09896331962297,76788200
2022-03-14,33.988304138183594,34.541557808373355,33.83154670387916,34.07129254046216,70969700
2022-03-15,34.46780014038086,34.523123409493444,34.03441577232238,34.32948493259568,51828700
2022-03-16,35.43598937988281,35.491316156095,34.79974728219799,34.91039731712118,87007600
2022-03-17,35.878597259521484,35.88781663122459,35.002609212659294,35.23313219775452,58266400
2022-03-18,35.961585998535156,36.05379378640254,35.52820165705485,35.86937821066777,82342500
2022-03-21,35.92640686035156,36.23188592706772,35.74126621290267,36.12080295110404,46828600
2022-03-22,36.50959777832031,36.74102272158588,36.305946229506404,36.35223051190663,61053100
2022-03-23,35.83384704589844,36.361495776552445,35.81533262168501,36.27818263322469,42142600
2022-03-24,36.120811462402344,36.15784030687021,35.824587769189336,36.083782617934475,30421500
2022-03-25,36.583656311035156,36.657710458355126,36.18560511680495,36.241148375743286,48613100
2022-03-28,36.48183059692383,36.50960046215246,36.065264962171064,36.47257515226917,44761000
2022-03-29,36.56514358520508,37.0372489486247,36.352233046308804,36.92616595686678,67968600
2022-03-30,36.30595397949219,36.583663264438705,36.09304340999102,36.56514884127358,47405300
2022-03-31,35.472816467285156,36.40777525369946,35.463561022933575,36.259659893957796,66619600
2022-04-01,35.380245208740234,35.78755182326855,35.130305855075946,35.71349768029262,68422500
2022-04-04,35.222877502441406,35.5098457183667,34.97293812688026,35.29693518316971,134312400
2022-04-05,35.00070571899414,35.463555553002855,34.91739260762201,35.08401883036627,56165700
2022-04-06,34.76002883911133,34.908140674618615,34.63043142445054,34.72299999741833,55835100
2022-04-07,34.72300338745117,34.889629660072806,34.232383546545826,34.73226236441074,53346900
2022-04-08,35.07476806640625,35.23213888306352,34.76928894071186,34.86185751667627,44672300
2022-04-11,34.917396545410156,35.32470317401655,34.86185328781021,34.982195246977895,54435500
2022-04-12,34.5378532409668,35.213613523135535,34.38974144667315,34.88961654537438,67215400
2022-04-13,34.5378532409668,34.556367656661465,34.14905757390615,34.213856263205635,57445600
2022-04-14,34.14906311035156,34.70448507744878,34.13980766663554,34.4638011656607,68544200
2022-04-18,34.35272216796875,34.51008944823801,33.92690108237164,33.93615652716084,52748400
2022-04-19,34.824825286865234,34.880368545800856,34.43603306810929,34.445288512299655,41519100
2022-04-20,35.06550216674805,35.31544148485182,34.98218906071345,35.093272025004985,54635800
2022-04-21,34.51008987426758,35.472818582405324,34.44529116614915,35.30619232402515,54998100
2022-04-22,33.48256301879883,34.46380616444272,33.44553770730013,34.45455071938425,73170900
2022-04-25,33.53810501098633,33.61216269370463,32.70497726799343,33.2048525012833,91392800
2022-04-26,32.69572067260742,33.51033758549794,32.6772062505798,33.15857062950307,81457500
2022-04-27,32.667945861816406,33.0011983453552,32.54760390247975,32.649431442590426,81603000
2022-04-28,33.08451843261719,33.204856886028274,32.51058190955526,33.001205294189816,62680000
2022-04-29,31.945903778076172,33.038230003537755,31.871849618201104,32.91789155233264,74631700
2022-05-02,31.95516014099121,32.205099531245146,31.32568394285495,32.09401300362243,104408800
2022-05-03,32.371726989746094,32.6957205458106,32.06624432437249,32.17732732484247,73896300
2022-05-04,33.362213134765625,33.41775284859809,32.31617163866979,32.42725459759833,87794900
2022-05-05,32.390235900878906,33.038222902760445,31.992184724714924,32.973424202572296,101093900
2022-05-06,32.158809661865234,32.30692147505616,31.69595980423557,32.260633664281855,99281900
2022-05-09,31.390487670898438,31.918136402048784,31.24237580831703,31.72374024452294,85922800
2022-05-10,31.112775802612305,31.881104922832197,30.7239799883778,31.677453335628464,107581200
2022-05-11,30.825803756713867,31.77927698670822,30.779519471280654,31.149800817275594,110212200
2022-05-12,30.59437370300293,30.881341874919688,30.00192647309069,30.566603842620804,114304100
2022-05-13,31.03871726989746,31.29791564944492,30.76100799941408,30.964663112358874,64036200
2022-05-16,30.779523849487305,31.057233132853714,30.53884341224045,30.918380256803072,55662200
2022-05-17,31.603391647338867,31.695963749144912,31.205340437734396,31.381225665533577,62859300
2022-05-18,30.733232498168945,31.353449637517006,30.61289054155502,31.307165356131442,74279300
2022-05-19,30.529573440551758,30.75174290599472,30.270378673588183,30.31666294893684,71525400
2022-05-20,30.474037170410156,30.899861782424395,29.835305549285792,30.74249097268193,77984600
2022-05-23,31.464534759521484,31.695959687483864,30.89985737029101,31.057224626298634,78189300
2022-05-24,31.39974021911621,31.50156777735427,30.75175308717403,31.27940176962125,77871200
2022-05-25,31.649667739868164,31.84406733770684,31.23310574899713,31.325674295576537,72192600
2022-05-26,32.38097381591797,32.492056786819866,31.964408260955874,31.99218165212933,50803200
2022-05-27,32.92714309692383,32.99194180336164,32.46429317593107,32.51983643770548,43862500
2022-05-31,32.834571838378906,33.08451119901422,32.48280493845538,32.658686622784955,64778900
2022-06-01,32.30691909790039,32.83456761427249,32.001436519335535,32.75125450477879,48642400
2022-06-02,32.751258850097656,32.77902871319199,32.08475388571862,32.33469324736076,45334700
2022-06-03,32.279151916503906,32.58463455383196,32.24212660725638,32.44577816754383,36699400
2022-06-06,32.371726989746094,32.880861234103854,32.36246801313573,32.547608701428985,32829600
2022-06-07,32.621673583984375,32.64944345741031,32.12179467472343,32.149564548149364,32031400
2022-06-08,32.047733306884766,32.46429901698062,31.927394848285633,32.37173042863278,38251800
2022-06-09,31.242366790771484,32.02921017151481,31.22385237188449,32.01069928389215,49715100
2022-06-10,30.113014221191406,30.677691680267813,30.08524435640555,30.566608689859788,74190900
2022-06-13,29.215084075927734,29.71496103067494,29.039202391911743,29.35393868748906,104065100
2022-06-14,28.96514892578125,29.539081839505002,28.742979409775305,29.335428509737273,75592200
2022-06-15,29.28914451599121,29.705710180728616,28.78926748393878,29.270631859717014,87858800
2022-06-16,28.548580169677734,28.705949196361146,28.307898025007095,28.696691987070107,100838500
2022-06-17,28.63189697265625,28.95589227701306,28.3541859550794,28.61338255169132,116937700
2022-06-21,29.20330238342285,29.389429945986286,29.026483151535974,29.287059609072,58065800
2022-06-22,29.138160705566406,29.408045516346704,28.83105144418711,28.868277669830242,48035800
2022-06-23,29.02648162841797,29.212607406170765,28.551857966325915,29.156769850349313,69348900
2022-06-24,30.09671401977539,30.124631913318385,29.10093558240904,29.14746658834343,65489300
2022-06-27,29.994340896606445,30.329369788422618,29.854747891741617,30.329369788422618,47244800
2022-06-28,29.69654083251953,30.589948922383112,29.677927720219685,30.301454556955928,42459900
2022-06-29,29.529027938842773,29.836138982954573,29.426659365849687,29.72446207827354,64507500
2022-06-30,29.268451690673828,29.52902817863867,28.710070712822585,29.063710992936663,75294300
2022-07-01,29.668622970581055,29.76168676270282,28.979953748950713,29.175387889910837,77308400
2022-07-05,29.56624984741211,29.58486295798129,28.86827417646306,29.203301291488735,51536800
2022-07-06,29.491806030273438,29.73377119874256,29.212614632019374,29.501112587719675,48001700
2022-07-07,29.919893264770508,30.003650491253847,29.715152588902786,29.74307048103456,33120100
2022-07-08,29.85474967956543,30.09671303254027,29.73376622803397,30.003651023724117,29062200
2022-07-11,29.612783432006836,29.83613722823303,29.529026202183033,29.68723410573421,30564300
2022-07-12,29.426660537719727,29.9664284192444,29.370821195633404,29.389434309662178,38211000
2022-07-13,29.16607666015625,29.361508994759678,28.803129881581928,29.110239103847256,51441600
2022-07-14,28.607702255249023,28.70076605355084,28.263368509089908,28.570477800954883,57782300
2022-07-15,29.575559616088867,29.743072304280037,28.942727988330716,29.01717866365261,59650200
2022-07-18,29.463882446289062,30.199084411536735,29.33359420942759,29.99434372498974,38671600
2022-07-19,30.347986221313477,30.441048234744287,29.770992152804162,29.85475115997132,40568000
2022-07-20,30.459659576416016,30.51549891128076,30.189774783035165,30.282840341143068,38507700
2022-07-21,30.655092239379883,30.655092239379883,30.143244089817163,30.37590266235368,40561800
2022-07-22,30.478271484375,30.859831382328544,30.245612923425572,30.701625264925127,25741200
2022-07-25,30.673704147338867,30.813300705417248,30.45035391451899,30.664399366841348,24699300
2022-07-26,30.2456111907959,30.70162350617264,30.17115875151492,30.524800737924167,26357800
2022-07-27,30.7109317779541,30.85983312335884,30.264227741739887,30.366598082347164,44817200
2022-07-28,30.934289932250977,30.943594714487023,30.245618893859497,30.738854004407926,40974600
2022-07-29,31.371681213378906,31.474051553780843,30.980816513758544,31.0087344065634,38724000
2022-08-01,31.111099243164062,31.287918449794248,30.89705381932095,31.073873025951137,35131300
2022-08-02,30.766773223876953,31.166946282739236,30.729546997450615,30.962205587482714,36806900
2022-08-03,31.23209571838379,31.306544633816323,30.822614258193525,30.999437088762576,27314900
2022-08-04,31.12972068786621,31.287926828255284,31.07388134709384,31.204169592140946,24505800
2022-08-05,31.35306167602539,31.501962990615812,30.934279169424894,31.045954267845868,34366100
2022-08-08,31.33444595336914,31.688087877295988,31.30652806861523,31.585717566415553,24369100
2022-08-09,31.492664337158203,31.57642156478714,31.334454662708858,31.390293997824166,26425400
2022-08-10,32.19994354248047,32.32092698867639,31.976593311136533,32.041737424452506,45366000
2022-08-11,32.581504821777344,32.78624550092005,32.46052492054581,32.497747593954244,46985200
2022-08-12,33.093360900878906,33.10266568294086,32.57220435319589,32.73971883101942,36370300
2022-08-15,33.08404541015625,33.17711096108142,32.69318074653388,32.75832485713761,25366000
2022-08-16,33.32600784301758,33.474909154529804,32.93513968149343,32.93513968149343,41300800
2022-08-17,33.158504486083984,33.3074058472724,32.92584588734655,32.94445900125616,33158000
2022-08-18,33.19572067260742,33.24225522332617,32.97237044954372,33.130576561706526,15966200
2022-08-19,32.53497314453125,33.00029027834922,32.423298026439575,33.00029027834922,33587400
2022-08-22,31.818382263183594,32.06965392511481,31.734625042539854,32.060349145082284,36810100
2022-08-23,31.688098907470703,32.01382306002357,31.688098907470703,31.781164472523656,23244000
2022-08-24,31.855607986450195,31.957978315649466,31.56711010871477,31.63225776827698,20682200
2022-08-25,32.34884262084961,32.37676406038352,31.836994530504988,31.92075174893139,26402600
2022-08-26,31.380990982055664,32.497749346470016,31.353069537883524,32.488444565138145,38230600
2022-08-29,31.157636642456055,31.380990441544803,30.971509068230134,31.14833186128445,34872100
2022-08-30,30.990123748779297,31.362378916067467,30.803996165135214,31.260008567558803,41870700
2022-08-31,30.757457733154297,31.26000102267342,30.71092673599605,31.14832591947612,39768200
2022-09-01,30.850528717041016,30.897059722403487,30.2549197781017,30.627174921177755,40604600
2022-09-02,30.608562469482422,31.464747896996734,30.459661119056655,31.204167871185476,43208800
2022-09-06,30.53411865234375,30.841226185557638,30.22700756904105,30.76677727299532,45877100
2022-09-07,31.13901710510254,31.19485643087543,30.3945105119013,30.441041508334976,35023000
2022-09-08,31.688098907470703,31.706712020481294,30.850530122524,30.98081836350982,50760900
2022-09-09,31.976600646972656,32.060357890463585,31.81839094256147,31.82769927522087,41327100
2022-09-12,32.23716354370117,32.40467795992838,32.032422912737424,32.10687534221051,41969600
2022-09-13,31.036653518676758,31.716019704381388,30.934286724341334,31.604341028598352,60771600
2022-09-14,30.94359588623047,31.25070696297851,30.664406257425085,31.101802040854313,39233200
2022-09-15,31.04595947265625,31.446132488347825,30.897058133102732,30.980815358482083,47653000
2022-09-16,30.766773223876953,30.822609013428114,30.441049067779,30.738851779013025,53893300
2022-09-19,31.1157169342041,31.134427956866002,30.404715916865285,30.404715916865285,36491400
2022-09-20,30.657320022583008,30.928624592310516,30.376661722655612,30.863137774619588,42193600
2022-09-21,30.021154403686523,30.96603802518963,30.00244337757831,30.853775437303682,49644600
2022-09-22,29.51596450805664,30.133414033971547,29.459833219622965,30.08663825767373,52299500
2022-09-23,29.048202514648438,29.291440501379206,28.627215132691912,29.225953694255857,56801000
2022-09-26,28.589794158935547,29.10433669102432,28.38397821672908,28.833032154842318,49969700
2022-09-27,28.468175888061523,28.964005606042665,28.178162111093148,28.81432096087307,60630400
2022-09-28,29.02949333190918,29.197887214405174,28.477530550202033,28.552372870549696,46088700
2022-09-29,28.664630889892578,28.833026529928883,28.309130371001462,28.72076395949227,41860000
2022-09-30,28.40268898010254,29.038849612052505,28.32784665777794,28.683347242724363,37984300
2022-10-03,29.169824600219727,29.319509251900065,28.34655723159605,28.68334859006772,47086100
2022-10-04,30.255035400390625,30.28310015380167,29.58145455280198,29.61887481881056,53441800
2022-10-05,30.021154403686523,30.18955006989711,29.684363071265352,29.78727193047886,41766800
2022-10-06,29.60016441345215,30.058575618422967,29.534677608279637,29.852757905730368,34717900
2022-10-07,28.898515701293945,29.431767415637793,28.739475559789504,29.338215860714087,36380700
2022-10-10,28.76754379272461,29.179177439304276,28.59914812892467,29.05755755572359,31011700
2022-10-11,28.40268898010254,28.87980945406501,28.281069091086493,28.580438380384894,50431900
2022-10-12,28.337203979492188,28.711415614996,28.234295110585453,28.412046306592952,48265700
2022-10-13,29.506610870361328,29.581453183295157,27.682327039074696,27.76652486417294,83086100
2022-10-14,29.01078224182129,30.11470601842217,28.945295434709045,29.768560956719845,60886900
2022-10-17,29.740495681762695,29.936956099663554,29.544033479480206,29.62823131126104,47222200
2022-10-18,30.217613220214844,30.554404534753424,29.87146817750047,30.516982484523997,48150700
2022-10-19,29.721784591674805,30.208260555493915,29.553388928477297,29.955667060697653,35205700
2022-10-20,29.24466323852539,29.983730889958416,29.160465409524196,29.68436162434597,43124400
2022-10-21,30.114700317382812,30.142768635662517,29.113685589679353,29.32885699642291,54487300
2022-10-24,30.51698112487793,30.65731202260445,30.198900849625733,30.29245597103107,40117200
2022-10-25,30.881839752197266,30.93797282972233,30.301812226158013,30.357945303683078,33950300
2022-10-26,30.95669174194336,31.302836886288706,30.891204919195975,30.97540277255178,38012100
2022-10-27,31.209274291992188,31.555419314224373,31.15314121996957,31.24669634000727,41232200
2022-10-28,31.985761642456055,32.023183689865505,31.237338538081442,31.293471609195613,36421300
2022-10-31,31.789302825927734,32.00447425607703,31.742527048723634,31.779949097992134,40083800
2022-11-01,31.873504638671875,32.1354518787858,31.733173720745995,32.05125404178297,38946100
2022-11-02,31.471227645874023,32.369335561314905,31.443162888755126,31.80801900635526,58039800
2022-11-03,31.153148651123047,31.39638845247964,30.947334475471823,31.078308106003632,40828100
2022-11-04,31.72382354736328,31.892219240243353,31.274769555937727,31.602203642780147,41825600
2022-11-07,32.04190444946289,32.06061547885294,31.751888847063096,31.957706601589656,30060300
2022-11-08,32.22901153564453,32.388049934095626,31.892220140378694,32.05125853882979,34839600
2022-11-09,31.6863956451416,32.13544955374593,31.62090883985117,32.01383324035697,42126200
2022-11-10,33.28615951538086,33.332935302193555,32.56580097842127,32.64999882218964,67677700
2022-11-11,33.55744934082031,33.7071339500746,33.332924211320176,33.45454050281501,46076100
2022-11-14,33.0803337097168,33.49196552962941,33.052268958220886,33.46390077813351,38002700
2022-11-15,33.155181884765625,33.566817368396,32.81839408283677,33.4358437395186,57802100
2022-11-16,32.99613952636719,33.22066470062832,32.88387693923662,33.13646686808957,32852400
2022-11-17,32.818389892578125,32.83709734966027,32.519017047814685,32.612572177041784,35706900
2022-11-18,33.089691162109375,33.30486260824606,32.81839020666253,33.25808682756649,39455400
2022-11-21,33.19260025024414,33.25808705740076,33.005493557469514,33.042915609777104,24630900
2022-11-22,33.529388427734375,33.56681047651984,33.370346504777636,33.370346504777636,29582300
2022-11-23,33.66971969604492,33.75391752235535,33.47325572214523,33.47325572214523,27916900
2022-11-25,33.78199005126953,33.828765839151025,33.641659118861185,33.70714593564805,11266500
2022-11-28,33.20195388793945,33.73520558387205,33.145820815665466,33.59487468756855,34196600
2022-11-29,33.39842224121094,33.47326278663575,33.127117680422955,33.16453973751725,31489600
2022-11-30,33.96908950805664,33.97844323612732,32.874517748106406,33.35163996126216,58607000
2022-12-01,33.77262496948242,34.13748459590889,33.51067776270109,34.13748459590889,58157600
2022-12-02,33.61358642578125,33.64165117813301,33.31421717148575,33.417126021792896,40483300
2022-12-05,32.78096389770508,33.417124424873265,32.603210957936916,33.36099135408919,53402000
2022-12-06,32.4909553527832,32.930655579644636,32.22900810380887,32.743548872335715,45102200
2022-12-07,32.3599739074707,32.72482993572397,32.28512981513016,32.3599739074707,37775900
2022-12-08,32.38804626464844,32.61257502564204,32.27578366853343,32.45353307644582,46600900
2022-12-09,32.30385208129883,32.537734598119734,32.25707629168745,32.26643359086812,40885600
2022-12-12,32.734188079833984,32.77160655821107,32.17286807902364,32.322552698820495,72570900
2022-12-13,32.818389892578125,33.585524108423954,32.603214879737436,33.585524108423954,55659000
2022-12-14,32.40675354003906,33.05227142267967,32.26642620333345,32.7341911298785,54685100
2022-12-15,31.770593643188477,32.03254443449147,31.564779497805784,31.901567254458346,70330100
2022-12-16,31.527355194091797,31.620906747240426,31.23733966931026,31.433800072180173,59619300
2022-12-19,31.442638397216797,31.76271328836722,31.244942441548925,31.442638397216797,37456800
2022-12-20,31.574430465698242,31.790951168001545,31.452047950086243,31.565014492344133,45446400
2022-12-21,32.0639533996582,32.15809157596403,31.856845102415896,31.875673455905307,31318100
2022-12-22,31.78152847290039,31.885082611044254,31.263761373321948,31.85684187923806,25605100
2022-12-23,31.96040153503418,32.007470626550806,31.60266997545311,31.76270919597944,17116200
2022-12-27,31.950979232788086,32.101602450488826,31.819184366192538,32.02629263720885,25601100
2022-12-28,31.838008880615234,32.092186203194146,31.800352182942728,32.00746042900118,24395100
2022-12-29,32.28047180175781,32.336953267101926,31.93215267347789,32.00746608212468,26624200
2022-12-30,32.19574737548828,32.26164481527325,31.932154025207257,32.04512414295961,24735700
2023-01-03,32.3087158203125,32.657031392876064,32.073366781067136,32.43109832623967,37396500
2023-01-04,32.826480865478516,33.06182988950345,32.54406275487682,32.638200928030344,44669300
2023-01-05,32.58172607421875,32.71352097984261,32.35578938519081,32.71352097984261,45585700
2023-01-06,33.30659103393555,33.41014516711404,32.57229972191565,32.79823633895424,41229700
2023-01-09,33.184207916259766,33.60783682065291,33.09948213538114,33.41955690857367,48726600
2023-01-10,33.37248992919922,33.40073066088969,33.014758432842854,33.1277249507456,34663700
2023-01-11,33.68314743041992,33.68314743041992,33.39131697135279,33.457214403473806,32014700
2023-01-12,33.74905014038086,33.94674605880125,33.532529459388314,33.79612282023508,56642400
2023-01-13,34.00322723388672,34.05029632219142,33.193625986937306,33.31600848944253,65920900
2023-01-17,33.77729034423828,33.9373259445593,33.673736207023104,33.91849759314374,65345200
2023-01-18,33.14655303955078,33.79611859241039,33.11831230808413,33.589010318612736,53693000
2023-01-19,32.760589599609375,32.93004121613091,32.53465650500851,32.74176124320233,61169500
2023-01-20,33.278350830078125,33.29717918308948,32.704102223366924,32.85472545631663,42330100
2023-01-23,33.66432189941406,33.80553274643891,33.20303983592946,33.306593978262214,44997300
2023-01-24,33.68314743041992,33.8337706454309,33.23127778538697,33.60783761848479,34333500
2023-01-25,33.946746826171875,33.95615920767072,33.381906975424485,33.39132294806468,38458700
2023-01-26,34.1255989074707,34.182083950196954,33.80552418096882,34.03146076073372,29944200
2023-01-27,34.1255989074707,34.323291170302426,34.03146076073372,34.07852983410221,30787400
2023-01-30,33.95615768432617,34.20092268601178,33.89967262444306,33.946745303249585,31595000
2023-01-31,34.417442321777344,34.4268547025694,33.86201848537759,34.0220540968302,30282100
2023-02-01,34.417442321777344,34.71868878309846,33.984397391379794,34.05971080228062,51418700
2023-02-02,34.51157760620117,34.65278844425261,34.23857190124349,34.60571577080827,42107300
2023-02-03,34.44568634033203,34.7375204486929,34.22916565005452,34.238578031744225,43155000
2023-02-06,34.4362678527832,34.44568023280401,34.17267452737034,34.24798793209996,32273600
2023-02-07,34.8316650390625,34.93521921241002,34.219755973541055,34.219755973541055,33000500
2023-02-08,34.62454605102539,34.925792503920654,34.530407881173495,34.57747696609944,34555500
2023-02-09,34.23857116699219,34.869308347984,34.1632613551497,34.76575421445246,44329600
2023-02-10,34.35154724121094,34.37978797666707,33.956158989118464,34.06912552208431,28108900
2023-02-13,34.74693298339844,34.74693298339844,34.30447562806383,34.33271995554018,32209000
2023-02-14,34.558650970458984,34.9069701231731,34.342130292122256,34.68103347252452,33525300
2023-02-15,34.596309661865234,34.615138016427714,34.23857810746104,34.285647198296516,28510000
2023-02-16,34.24799346923828,34.51158324612695,34.182096025016115,34.26682182346481,34379100
2023-02-17,34.257408142089844,34.3044772352337,33.974989992085085,34.07854415168654,35889800
2023-02-21,33.55135726928711,34.01264294993628,33.4007340331623,33.96557386198625,36425200
2023-02-22,33.513702392578125,33.683153991364556,33.33483841214419,33.55135910145098,31065200
2023-02-23,33.54194641113281,33.81494857009517,33.231283952502764,33.65491294557039,42357600
2023-02-24,33.57018280029297,33.673736939761476,33.19362294606948,33.25010800154528,48732600
2023-02-27,33.56077575683594,33.937332079799056,33.49487831053885,33.88085060648241,31664600
2023-02-28,33.62667465209961,33.79612626163417,33.52312049170164,33.60784629646892,32531400
2023-03-01,33.513702392578125,33.664325636928126,33.381907502664546,33.47604927484668,32790300
2023-03-02,33.353660583496094,33.39131728538817,32.958272395910804,33.31600388160402,38401900
2023-03-03,33.88084411621094,33.890256496246835,33.419558489354515,33.48545592302818,33091600
2023-03-06,33.90908432006836,34.116192589044864,33.80553018558011,33.899668349038116,30111100
2023-03-07,33.03358840942383,33.814945284139235,32.9488626190435,33.78670455105947,53804400
2023-03-08,32.91120910644531,33.174802474941174,32.74175750924847,32.99593490504373,50860300
2023-03-09,31.574430465698242,32.77941649282675,31.414391238953073,32.72293142612699,107108500
2023-03-10,31.00017738342285,31.74388124881774,30.623617464170835,31.207285698125613,166569400
2023-03-13,29.77635955810547,30.42592340706279,29.531598138191193,29.898742063633275,165965900
2023-03-14,30.37885093688965,30.924858778001244,30.0022928763452,30.91544639761179,128115500
2023-03-15,29.56924819946289,29.69163068491239,29.14561928147674,29.52217911771793,132235000
2023-03-16,30.134090423583984,30.444752889637932,29.08914187499721,29.371561808981507,133892600
2023-03-17,29.16445541381836,29.851674245846862,29.089143785590178,29.851674245846862,136760600
2023-03-20,29.488954544067383,29.744393466312548,29.347044633203094,29.394347335330384,75384500
2023-03-21,30.236347198486328,30.312034407797277,30.09443728999308,30.16066179365777,115899200
2023-03-22,29.536256790161133,30.32149354293421,29.51733679229179,30.236347236833797,67874100
2023-03-23,29.337583541870117,29.895764084872567,29.129449127582685,29.593022462460883,82366300
2023-03-24,29.318662643432617,29.34704534808984,28.751021181665447,28.978077405475823,76619100
2023-03-27,29.72547149658203,29.88630320918617,29.555178882709136,29.820078704787242,61393300
2023-03-28,29.716007232666016,29.8200753303637,29.536253737865167,29.687624532071503,42980100
2023-03-29,30.151201248168945,30.160660344395904,29.90522324317512,30.03767224414014,52147200
2023-03-30,30.084972381591797,30.387713960581667,29.914681596771604,30.368792160774262,45061700
2023-03-31,30.41610336303711,30.425562459981975,30.14174263509267,30.255269843255416,49034400
2023-04-03,30.472864151000977,30.595854060990458,30.293112443296934,30.387717845464376,51213500
2023-04-04,30.189041137695312,30.595850820059695,29.99036764880974,30.548548123986613,45939300
2023-04-05,30.151201248168945,30.236345745587673,29.952525942239113,29.96198684294837,57965300
2023-04-06,30.26473045349121,30.321494057026435,30.06605693887672,30.09443783840312,36762300
2023-04-10,30.33095359802246,30.340412693889323,30.084973797910447,30.151200100354114,27900700
2023-04-11,30.595855712890625,30.728304726662,30.387719486127065,30.406641289375113,53912600
2023-04-12,30.529630661010742,30.90805589232143,30.45394344936967,30.747225981031487,63645800
2023-04-13,30.803983688354492,30.822905486534058,30.340408655365117,30.548544826376343,58550300
2023-04-14,31.106735229492188,31.3621741734903,30.955364404415356,31.125657033747434,65276200
2023-04-17,31.466232299804688,31.475695004495158,30.955358124416062,31.08780711836735,69670600
2023-04-18,31.56083869934082,31.62706319085551,31.295940733282062,31.532457805538556,49507500
2023-04-19,31.636520385742188,31.721666670999284,31.456768720850047,31.51353411400941,39478900
2023-04-20,31.541915893554688,31.62706218120742,31.418926009397634,31.428388713005713,39291800
2023-04-21,31.42839241027832,31.466232402270187,31.248637110218155,31.447314210756467,41545000
2023-04-24,31.352712631225586,31.52300526688182,31.277029020359084,31.409478046099423,32774200
2023-04-25,30.813451766967773,31.21080242666268,30.803992669602078,31.154037015573397,58534300
2023-04-26,30.52016830444336,30.89859714905088,30.387719291520206,30.728304529873988,54294200
2023-04-27,31.012121200561523,31.068886604161122,30.63369600345789,30.63369600345789,46398800
2023-04-28,31.381086349487305,31.409470854908236,30.794524965945197,30.860749463653285,54598700
2023-05-01,31.295948028564453,31.627070563324647,31.258104422030446,31.466237040037583,31950600
2023-05-02,30.586395263671875,31.18241579929586,30.302571836462594,31.172956702572453,76096700
2023-05-03,30.236347198486328,30.77560593345011,30.20796629947711,30.624235123792992,65642400
2023-05-04,29.848453521728516,30.132275088508276,29.57409465877166,29.97144340867769,76076600
2023-05-05,30.586395263671875,30.633697965218488,30.293112739739186,30.340415441285803,55019400
2023-05-08,30.63369369506836,30.860748074428034,30.595850095520316,30.756679980153063,34323600
2023-05-09,30.52016830444336,30.643158220285542,30.340416588185498,30.406641094647075,29736200
2023-05-10,30.34987449645996,30.785065072687328,30.08497290352492,30.718840576694657,39706100
2023-05-11,30.30257225036621,30.349878561523777,30.02821332958005,30.160662339305617,36693200
2023-05-12,30.17958641052246,30.501251666645206,29.980912881000172,30.501251666645206,36253000
2023-05-15,30.425559997558594,30.482325401528225,30.179581993803726,30.236345593291066,33208500
2023-05-16,30.141740798950195,30.45394150462066,30.12281899724825,30.36879520144423,31241400
2023-05-17,30.747220993041992,30.832367287842835,30.3120304235996,30.37825491855978,46818800
2023-05-18,30.97428321838379,31.012123214276027,30.576932585314506,30.690459790920816,42232500
2023-05-19,30.84183120727539,31.14457283414948,30.699923099720902,31.049967429113153,40132900
2023-05-22,30.898588180541992,31.012115357386303,30.70937381315889,30.945890870146798,35286200
2023-05-23,30.539091110229492,30.926979064653118,30.52016930648138,30.76614914624176,42217200
2023-05-24,30.141740798950195,30.34041430337364,30.075516297475712,30.31203340530305,46610700
2023-05-25,30.132280349731445,30.236346651687267,29.952526839833414,30.06605584726437,41658900
2023-05-26,30.378257751464844,30.453941348921028,30.151201545649336,30.19850424518003,44183000
2023-05-30,30.36879539489746,30.491785302261242,30.17012188920844,30.425560800364902,57900500
2023-05-31,30.04713249206543,30.217425092167822,29.791693591911837,30.18904239065667,67667900
2023-06-01,30.36879539489746,30.4350198967938,30.009290182682037,30.21742639376464,48643400
2023-06-02,31.03104019165039,31.144567379604222,30.662074124077265,30.662074124077265,65752900
2023-06-05,30.870220184326172,31.068893729038756,30.728308447265533,31.068893729038756,53591100
2023-06-06,31.25810432434082,31.305407027878022,30.822913677454665,30.84183187169759,46236100
2023-06-07,31.381086349487305,31.447314456159845,31.09726655802915,31.286480955322737,48467100
2023-06-08,31.352712631225586,31.400015339137813,31.10673638470285,31.277029020359084,36261200
2023-06-09,31.362171173095703,31.494620181245992,31.277024866575545,31.29594666902056,34021700
2023-06-12,31.352712631225586,31.475702558969594,31.116195482699183,31.39055624114148,33655200
2023-06-13,31.541915893554688,31.674364872355827,31.286477030596497,31.32432062710082,46054400
2023-06-14,31.418928146362305,31.77843511967733,31.3148600533792,31.617601628076827,57195400
2023-06-15,31.835208892822266,31.910892501923776,31.286487388734216,31.314868291026634,52241800
2023-06-16,31.768978118896484,32.00549521528268,31.73113451732322,31.977110709620487,49861100
2023-06-20,31.53139877319336,31.616927123850257,31.341335368938264,31.559907015026354,50683100
2023-06-21,31.49338722229004,31.64543722961837,31.36034391902252,31.455373814168425,35967600
2023-06-22,31.24631118774414,31.445876167349237,31.141776115048543,31.43637462672172,38690000
2023-06-23,31.11326789855957,31.217799346199236,30.90419775296308,31.008732825761324,35529600
2023-06-26,31.046735763549805,31.30332080603672,30.961211041211946,31.06574246578859,25728300
2023-06-27,31.293827056884766,31.360348718699615,31.08475690537599,31.10376361234576,34348100
2023-06-28,31.217796325683594,31.265314899745864,31.075251478971467,31.25580973487012,36663200
2023-06-29,31.759469985961914,31.759469985961914,31.341333422692635,31.379346826214665,47471000
2023-06-30,32.035064697265625,32.16810799678417,31.911526562088703,31.96854304750635,44762300
2023-07-03,32.21562957763672,32.310659478982146,31.98755273918599,32.0350676898587,19128000
2023-07-05,32.149105072021484,32.23462980055658,31.930529793016092,32.02556331109627,39831600
2023-07-06,31.873519897460938,31.911533312552624,31.597928075784406,31.883021438654463,45808400
2023-07-07,31.921030044555664,32.187116659791535,31.740471787811074,31.740471787811074,33488700
2023-07-10,32.06357192993164,32.244130149582226,31.902016785901115,31.93052502448871,27254400
2023-07-11,32.44370651245117,32.481719927413096,32.1110981944313,32.17761985803527,33744600
2023-07-12,32.65277099609375,32.88084419591952,32.56724263986955,32.70978748347112,46546000
2023-07-13,32.76680374145508,32.81431868373281,32.64326199140681,32.70028209723471,40453700
2023-07-14,32.54823303222656,33.013888180165814,32.50071808859794,33.00438301634539,47552700
2023-07-17,32.861846923828125,32.956876836354986,32.5102282721294,32.5102282721294,38568900
2023-07-18,33.232460021972656,33.26096826329068,32.890346625524984,32.93786156944097,47160800
2023-07-19,33.3750114440918,33.508054763391,33.222961418441486,33.232466584196324,45599800
2023-07-20,33.62208938598633,33.63159092499566,33.30848422130873,33.317989385476025,45591500
2023-07-21,33.508056640625,33.698120089625526,33.4225282698327,33.6791133822096,30615700
2023-07-24,33.83115768432617,33.9356927448229,33.517556127994126,33.52705766751285,32299800
2023-07-25,33.612579345703125,33.81214788752781,33.58407110765279,33.73612108585032,36218600
2023-07-26,33.81216049194336,33.916691945480736,33.527063504532464,33.574582085873466,35638700
2023-07-27,33.38451385498047,33.89768038348004,33.336998905602876,33.812155649695335,44072800
2023-07-28,33.451026916503906,33.66009336509362,33.270465080028785,33.65059182772209,32422700
2023-07-31,33.57457733154297,33.67910877027816,33.43202885802311,33.51755721710337,28627000
2023-08-01,33.57457733154297,33.60308557618363,33.39401544839671,33.508052052117634,26480300
2023-08-02,33.28948211669922,33.4130238918343,33.09942230899413,33.28948211669922,48923800
2023-08-03,33.3084831237793,33.38450993398074,32.99488159459297,33.08991148218693,31861600
2023-08-04,33.17544174194336,33.60308351106341,33.146933499054704,33.27997679941249,36195700
2023-08-07,33.64109420776367,33.69811068894695,33.375004003329956,33.38450916696567,33119300
2023-08-08,33.336997985839844,33.36550622964821,32.94736598628199,33.20395105603176,37254800
2023-08-09,33.08991241455078,33.41301911669528,33.05189900837897,33.3179892264237,38304200
2023-08-10,33.11842727661133,33.50805570485998,33.03289890820754,33.26097576567053,38097500
2023-08-11,33.1849479675293,33.24196808651697,32.93786803556649,33.01389486088339,27518700
2023-08-14,33.11842727661133,33.18494893812998,32.9663772466889,33.08991902886296,23773800
2023-08-15,32.510223388671875,32.88084506707675,32.47220997930773,32.842835282870844,57472100
2023-08-16,32.462703704833984,32.709783579347686,32.42469030101412,32.45320216645788,33566500
2023-08-17,32.3011474609375,32.614748933776816,32.206113965261046,32.56723399851718,38205400
2023-08-18,32.291648864746094,32.386682379745984,32.04456897606223,32.07307721798323,40860000
2023-08-21,32.25362777709961,32.40567773972871,31.997042785446048,32.339156107650794,32308300
2023-08-22,31.94953727722168,32.30115586497201,31.902022329599728,32.263142456811195,43133000
2023-08-23,32.263145446777344,32.27264698711903,31.95904540362482,32.00656035565019,30240500
2023-08-24,32.149105072021484,32.605255083332224,32.149105072021484,32.21562672209859,35784900
2023-08-25,32.3011474609375,32.4246855675811,32.03505729820063,32.28214076180221,40347200
2023-08-28,32.48171615600586,32.59575276249222,32.377181089577384,32.40568933490938,34905300
2023-08-29,32.776309967041016,32.78581150574134,32.405684704887,32.45320327386218,43394300
2023-08-30,32.79531478881836,32.98537819935497,32.72879313890425,32.82382665675157,33799900
2023-08-31,32.67177200317383,32.89984516322963,32.63375860144536,32.89034362537627,27999700
2023-09-01,32.96637725830078,33.070912333626524,32.84283910124187,32.87134734900029,41075700
2023-09-05,32.633766174316406,33.06140798010491,32.624264634258154,32.928364668339235,38612300
2023-09-06,32.6147575378418,32.68127918978573,32.377179173711156,32.54823588589787,35672800
2023-09-07,32.52922439575195,32.67177284332057,32.434194514144615,32.48170945494829,47632600
2023-09-08,32.59574890136719,32.66227054936761,32.43419736341128,32.55773549532182,39720800
2023-09-11,32.74779510498047,32.918851787201525,32.662266763869944,32.74779510498047,28965100
2023-09-12,32.96637725830078,33.20395565671068,32.70029061213246,32.73830402591613,48615200
2023-09-13,32.96637725830078,33.156440702060436,32.84283910124187,33.11842728827677,31994900
2023-09-14,33.27047348022461,33.31799205455186,33.032895109221364,33.19445028658586,65685500
2023-09-15,33.09941101074219,33.298975915807524,33.03288575056319,33.051892449877585,51800200
2023-09-18,33.19009780883789,33.237825146961534,32.9514574768572,33.0564598055467,32458700
2023-09-19,33.15191650390625,33.285554515348736,32.941911833717946,33.21873550962749,36112900
2023-09-20,32.92282485961914,33.37146624927923,32.91327720629028,33.26646391083874,31618000
2023-09-21,32.37871551513672,32.80826880143821,32.37871551513672,32.80826880143821,48103300
2023-09-22,32.13054275512695,32.45509383917322,32.13054275512695,32.42645815690438,41688300
2023-09-25,32.20690155029297,32.22598957289337,31.958713560136914,32.063715891251974,40141700
2023-09-26,31.77735137939453,32.11144642861426,31.72007638180132,31.968264396675632,46165400
2023-09-27,31.729623794555664,31.863261813229112,31.45280010366758,31.863261813229112,49360900
2023-09-28,31.958717346191406,32.07326370217663,31.748712659082663,31.758260312876516,63638100
2023-09-29,31.66280174255371,32.15917413655713,31.58643871959479,32.11144679203743,52860500
2023-10-02,31.395524978637695,31.634165337114858,31.223703629225106,31.55780231591087,49350600
2023-10-03,30.89914894104004,31.328702263760466,30.775058591091607,31.242791599216382,52921800
2023-10-04,31.128250122070312,31.147341788435565,30.74642407749134,30.908701420914465,40136000
2023-10-05,31.271432876586914,31.32870787699922,30.975521144531108,31.042340157663908,41407800
2023-10-06,31.53870964050293,31.720074996248208,31.03278962060248,31.13779195758866,54057800
2023-10-09,31.55780029296875,31.62461929775004,31.22370162769963,31.2523409450078,61396600
2023-10-10,31.78689956665039,31.987356622510976,31.64371751590572,31.653261529410003,44743400
2023-10-11,31.834625244140625,32.006446609096564,31.59598486407551,31.882356233244224,35746400
2023-10-12,31.634166717529297,31.930082085844425,31.414618015113444,31.930082085844425,41991200
2023-10-13,31.70098114013672,32.130534470225804,31.529159808101085,31.83461914475054,53213800
2023-10-16,32.03507995605469,32.18780962515663,31.872802634367446,31.939621637014387,45589300
2023-10-17,32.187808990478516,32.397810005501306,31.882349658297667,31.891893669332237,41925200
2023-10-18,31.634166717529297,32.05417609724923,31.567347705548954,32.025536776855475,46942100
2023-10-19,31.214160919189453,31.748713014004977,31.19506925275132,31.576895298787875,66656200
2023-10-20,30.736875534057617,31.26188353693983,30.708236218049954,31.204608546287,59921300
2023-10-23,30.54596519470215,30.889607885760597,30.51732769688681,30.670059197887213,55913700
2023-10-24,30.755971908569336,30.899153945089182,30.59369456421118,30.689152896587462,35825000
2023-10-25,30.64141845703125,30.851423123232617,30.55550778825457,30.64141845703125,59240100
2023-10-26,30.574602127075195,30.880061500253817,30.517328949774576,30.56505811475966,56046100
2023-10-27,30.020959854125977,30.574603629710783,29.935049173612093,30.536422116527707,73057300
2023-10-30,30.555513381958008,30.63188005323422,30.154599281847812,30.23096413244237,48978100
2023-10-31,30.889604568481445,30.899148579380206,30.55550592522604,30.612780914705873,41050100
2023-11-01,31.090068817138672,31.21416283592512,30.88006411478672,30.946883130741746,51764100
2023-11-02,31.8250732421875,31.844164904763772,31.31915692868431,31.376428275050827,47417000
2023-11-03,32.245079040527344,32.397808700465575,32.12098869526413,32.130532705914256,58801300
2023-11-06,32.149627685546875,32.37872037840921,31.977806345218774,32.330993037509785,40599700
2023-11-07,32.101905822753906,32.178268852951604,31.996903470039165,32.05417847370993,27442000
2023-11-08,32.14007568359375,32.16871499734831,31.939618694122878,32.09234834915243,30165800
2023-11-09,32.00644302368164,32.29281436077056,31.949171669354108,32.24508337701386,34336600
2023-11-10,32.36918258666992,32.39781826843952,31.968268476441892,32.159177876723774,35146100
2023-11-13,32.32145690917969,32.407367600297626,32.2069105348103,32.25463788735058,28327300
2023-11-14,32.93236541748047,33.11373075671524,32.645997750818346,32.674633425075825,54296300
2023-11-15,33.11373519897461,33.20919352824283,32.98009717936203,32.98964483297032,35000200
2023-11-16,33.24737548828125,33.28555517705045,33.10418982096772,33.20919215814927,33222500
2023-11-17,33.419193267822266,33.428740921058555,33.28555525341652,33.37146592572918,31336100
2023-11-20,33.552833557128906,33.62919657309534,33.304645562172034,33.37146456665366,37285400
2023-11-21,33.533748626708984,33.61965931277461,33.47647362221078,33.5051093037782,27285700
2023-11-22,33.667381286621094,33.734200293851224,33.552834937278405,33.61010629126835,32719200
2023-11-24,33.77238464355469,33.82965599927345,33.657834649391354,33.66738230291975,13168500
2023-11-27,33.6578369140625,33.71511191499792,33.58147388751175,33.648292901254834,35017000
2023-11-28,33.64828872680664,33.762835073103574,33.56237805674326,33.61965305057308,39329300
2023-11-29,33.886932373046875,34.08738940893213,33.74374669520709,33.74374669520709,36651300
2023-11-30,34.26876449584961,34.26876449584961,33.8583026973845,33.96330506090307,37334500
2023-12-01,34.5264892578125,34.56467259345456,34.154210838710696,34.21148584217378,51267600
2023-12-04,34.48830795288086,34.621945980023675,34.2878472708035,34.32603060466234,41366600
2023-12-05,34.31648635864258,34.39284938447811,34.16375666560839,34.38330537175984,39510900
2023-12-06,34.144657135009766,34.631481781510494,34.09692979968417,34.5073914379364,35616100
2023-12-07,34.30693435668945,34.326026021069545,34.14466067150266,34.230571340531746,26050900
2023-12-08,34.48830795288086,34.54557931230599,34.230575911378374,34.26875924523722,33213100
2023-12-11,34.698307037353516,34.765126047133144,34.49785000801463,34.49785000801463,31165700
2023-12-12,34.94649887084961,34.9560428841341,34.641039466659244,34.784221514106605,37245700
2023-12-13,35.50968551635742,35.54786884704588,34.88921913743984,34.956038145463225,56989000
2023-12-14,35.86287307739258,35.996511096627536,35.67196006075852,35.796054067775096,66865700
2023-12-15,35.65286636352539,35.73877703404754,35.500136687192985,35.566955693003244,69246200
2023-12-18,35.77182388305664,35.89652859585841,35.73345151324505,35.82937877838343,43434000
2023-12-19,36.04042434692383,36.05001926938989,35.65670795487715,35.75263888258418,32509000
2023-12-20,35.397705078125,36.03083458989254,35.397705078125,35.94449858104284,52985700
2023-12-21,35.743045806884766,35.752640729846576,35.416887954610424,35.55119126033943,27522200
2023-12-22,35.81978988647461,35.9636844530969,35.68549024263559,35.848567336042734,30331400
2023-12-26,35.963680267333984,36.030830081438026,35.79100827124062,35.848563163678136,17837600
2023-12-27,36.078792572021484,36.078792572021484,35.82937584803558,35.886934398045476,32640800
2023-12-28,36.18431854248047,36.26105962447849,36.011646533746564,36.02123779672481,25308000
2023-12-29,36.06919860839844,36.23227934139491,35.9636800863306,36.17472078985667,30218300
2024-01-02,36.222686767578125,36.24187295266777,35.906123862075546,35.97327368019399,31351900
2024-01-03,35.915714263916016,36.11716737283254,35.85815936941748,36.05960881894346,46909000
2024-01-04,36.05960464477539,36.347390062126415,35.99245483603982,36.04041846236664,36904200
2024-01-05,36.21309280395508,36.40495098115212,36.040420810416784,36.05960699407552,44852300
2024-01-08,36.44332504272461,36.462507567884785,36.03083122336071,36.22268575008673,39098300
2024-01-09,36.21309280395508,36.26105643340675,36.097979361393,36.25146517127256,36338100
2024-01-10,36.270652770996094,36.299430217912544,36.040422217493,36.1555356645493,37095500
2024-01-11,36.136348724365234,36.270652012410935,35.84856328304816,36.2226847226994,49043500
2024-01-12,36.06919860839844,36.443323704311375,35.92530771863844,36.30902041738883,41333900
2024-01-16,35.81978988647461,35.886939708394124,35.61834042071607,35.762231327947525,44042100
2024-01-17,35.75263977050781,35.896530676555834,35.4936317483524,35.5128179343703,38715900
2024-01-18,35.8101921081543,35.84856081413445,35.44566195591653,35.70466993308098,42064900
2024-01-19,36.38576126098633,36.433724885776186,35.829372967132,35.94449005789566,59417700
2024-01-22,36.55843734741211,36.74070060585845,36.472101349329016,36.53925116346138,51828800
2024-01-23,36.61599349975586,36.64477460636747,36.46250768225927,36.53925242070284,46255500
2024-01-24,36.7598876953125,36.961337142671866,36.73111024837274,36.769482617219424,43975500
2024-01-25,36.94214630126953,36.98051866527894,36.711919435993124,36.90377759665016,50693800
2024-01-26,37.07645034790039,37.14360015662111,36.8462198184364,36.884592183245424,38620200
2024-01-29,37.17237854003906,37.201155984678095,36.86540693258867,36.96133418764558,44175600
2024-01-30,37.642425537109375,37.68079423805983,37.19155945158685,37.21074563175692,43229300
2024-01-31,37.18196487426758,37.8438752883677,37.16278235331052,37.56568116242387,65780900
2024-02-01,37.23953628540039,37.26831373617128,36.692742764407555,37.114827899741556,63445600
2024-02-02,37.39301681518555,37.56568881408805,37.095636448322246,37.114822632577024,61778400
2024-02-05,37.17237854003906,37.297086899125226,37.00930147456426,37.18196980178867,37351300
2024-02-06,37.24912643432617,37.306681328491074,37.0764544330504,37.12441806465133,41055700
2024-02-07,37.52730941772461,37.575273039684014,37.191560404618976,37.450568354467514,39018700
2024-02-08,37.38343048095703,37.49854394227045,37.143608635242686,37.35464937108546,47331500
2024-02-09,37.48894500732422,37.50812753079206,37.23952828955976,37.335455544459805,50680400
2024-02-12,37.66161346435547,37.82469418951711,37.40260914335265,37.488945136816994,39952700
2024-02-13,37.153194427490234,37.46976097372094,36.85581406521809,37.37383005392811,62948300
2024-02-14,37.50813293457031,37.536914042698974,37.229942391525306,37.373833294605674,58722500
2024-02-15,38.150848388671875,38.22758945375403,37.6136462955373,37.62324121579124,58107900
2024-02-16,38.01655960083008,38.189231620649636,37.93981485451431,38.11248687433387,37900000
2024-02-20,37.911033630371094,38.0453332636635,37.719175443071705,37.74795289037992,39952200
2024-02-21,38.02614212036133,38.02614212036133,37.72876544524641,37.86306506102606,40242400
2024-02-22,38.467411041259766,38.60171430843159,38.170034383853945,38.23718418774492,55188200
2024-02-23,38.65927505493164,38.82235578867713,38.58253397858525,38.611311424791346,42190500
2024-02-26,38.467411041259766,38.87990478481287,38.40026123736878,38.62089683006628,38370000
2024-02-27,38.57293701171875,38.58253193287232,38.31392903142574,38.50578720120466,42599500
2024-02-28,38.716835021972656,38.85113465503077,38.48660446573693,38.49619938774997,40040800
2024-02-29,38.6976432800293,38.89909270068663,38.53456256374239,38.81275671192063,37629700
2024-03-01,38.64968490600586,38.77438961608479,38.52497653653641,38.68805727497961,40794900
2024-03-04,38.74560546875,38.85112763548456,38.57293349761888,38.58252841789832,53413200
2024-03-05,38.75520706176758,38.97584269411455,38.61131250791975,38.61131250791975,50770200
2024-03-06,38.956661224365234,39.07177468574078,38.64009463134379,38.812766653102585,58459500
2024-03-07,38.89909362792969,39.17728778273928,38.75520274948308,39.100543053389,35505100
2024-03-08,38.96624755859375,39.16770066475458,38.91828392737089,38.95665629610537,47266600
2024-03-11,39.033390045166016,39.071762406695605,38.755199572551014,38.822349375532895,36233100
2024-03-12,39.19647979736328,39.31159324912703,38.98543541963753,39.11973505659368,53199300
2024-03-13,39.48426055908203,39.49385182084185,39.244438761794264,39.27321620646393,43471400
2024-03-14,39.167701721191406,39.57060062559911,38.95665734684989,39.49385588606017,65563400
2024-03-15,39.12932205200195,39.31158528532058,38.87031409346079,38.947055159293406,67568000
2024-03-18,39.35367965698242,39.40182387058159,39.07444174884005,39.26701860323671,39140600
2024-03-19,39.546260833740234,39.56551925412966,39.36331134979289,39.38256977018231,36748300
2024-03-20,40.01808166503906,40.046967458111375,39.43071271811549,39.498115350729535,52255300
2024-03-21,40.345462799072266,40.44175121364726,40.0662212543702,40.1143654616577,49209200
2024-03-22,39.88327407836914,40.48027409199571,39.85438828431783,40.39361303667366,32033000
2024-03-25,39.72921371459961,39.921794261791675,39.72921371459961,39.85439162124971,31784000
2024-03-26,39.86402130126953,39.98919553045697,39.73884339891381,39.87364867537307,30135500
2024-03-27,40.335838317871094,40.345469364796465,39.95068092372398,40.056596727725925,36670300
2024-03-28,40.55730438232422,40.653596485111166,40.31657963510905,40.38398227047585,41490200
2024-04-01,40.335838317871094,40.63433832869884,40.258808308308936,40.59582148733368,37537700
2024-04-02,40.12399673461914,40.26843304369099,40.05659410323039,40.210657785428666,36359800
2024-04-03,40.10474395751953,40.40324029027798,39.99882448208856,40.13362975148503,39715900
2024-04-04,39.65217590332031,40.51878635870978,39.60403169428039,40.44175268571174,52657500
2024-04-05,40.027706146240234,40.13362561074308,39.6714345891406,39.80623984462869,47540300
2024-04-08,40.2010383605957,40.268441005310876,40.01808884967862,40.03734727290704,35165700
2024-04-09,39.96993637084961,40.32621164996114,39.652181606945646,40.22029217093707,51953600
2024-04-10,39.37294387817383,39.738846567141216,39.24776596583814,39.58478285702367,59492800
2024-04-11,39.09369659423828,39.411455016495815,38.852971852467924,39.353679756130425,56870800
2024-04-12,38.573734283447266,38.99740851035506,38.42929796784538,38.8337174476298,81234800
2024-04-15,38.38115692138672,39.22850911830433,38.26561006326972,39.074445416425526,71800600
2024-04-16,38.12117385864258,38.49670390360977,38.06339859281362,38.41004284145054,66751300
2024-04-17,38.21746063232422,38.467816433521484,38.06339693665215,38.29449431674438,41561900
2024-04-18,38.352272033691406,38.6892852416698,38.265610969758605,38.39078520519717,48893400
2024-04-19,38.881858825683594,38.95888882806267,38.4870704214253,38.564100423804376,55513600
2024-04-22,39.35367965698242,39.57514597807302,38.93000543487451,39.09369649574528,50701200
2024-04-23,39.60403823852539,39.70032667251612,39.430716118807425,39.536635600098215,36488600
2024-04-24,39.59440231323242,39.65217757040999,39.392194422862715,39.49811389110433,33957500
2024-04-25,39.36331558227539,39.507748240973804,39.02629869897542,39.4018287540272,50365700
2024-04-26,39.3055305480957,39.52699684160389,39.20924213288957,39.29590317584213,35796900
2024-04-29,39.247764587402344,39.46923460651353,39.103331930397154,39.295912479572536,36596100
2024-04-30,38.862606048583984,39.247763462729324,38.862606048583984,39.16110240174216,34481600
2024-05-01,38.862606048583984,39.334424523716486,38.7855723618539,38.833720252644376,54717600
2024-05-02,38.958900451660156,39.18999787408219,38.67965880424114,39.13222260018445,37085100
2024-05-03,39.045555114746094,39.27665249922255,38.85297457321044,39.18999143918992,45012600
2024-05-06,39.546260833740234,39.546260833740234,39.25739187423512,39.34405292940346,42335600
2024-05-07,39.68106460571289,39.758098284363285,39.57514513415258,39.64254776638769,42601200
2024-05-08,39.82550811767578,39.89291076209835,39.53663911684068,39.642554934384265,28390900
2024-05-09,40.12399673461914,40.12399673461914,39.71958094628664,39.72920831941307,31594800
2024-05-10,40.2780647277832,40.355094733518136,40.22028946860601,40.26843368133635,34306800
2024-05-13,40.11437225341797,40.46101648164634,40.11437225341797,40.3936138453984,29570100
2024-05-14,40.31657791137695,40.345467377561945,40.11437001392195,40.26843369862595,30638300
2024-05-15,40.615074157714844,40.65359099362677,40.40323523336688,40.41286627892868,36138300
2024-05-16,40.615074157714844,40.80765466410684,40.595815739758876,40.65359099362677,36032700
2024-05-17,40.913578033447266,40.913578033447266,40.634336456170224,40.682480669073996,29813200
2024-05-20,40.3551025390625,40.88469632786694,40.33584411561178,40.826924730683466,35719600
2024-05-21,40.615074157714844,40.65359099362677,40.41286627892868,40.43212469688465,33413400
2024-05-22,40.38398361206055,40.701742052061434,40.297322553257416,40.52841993445518,38661100
2024-05-23,39.82550811767578,40.38398769620116,39.67144440568582,40.34547452308014,51768500
2024-05-24,40.06623077392578,40.075858148403675,39.90253602245408,39.90253602245408,23477300
2024-05-28,39.62329864501953,39.97957027643584,39.4788623136291,39.97957027643584,31004900
2024-05-29,39.3055305480957,39.43070842639776,39.18998371521482,39.3055305480957,40620200
2024-05-30,39.51737594604492,39.60403700320078,39.247761727577696,39.3440538317332,32769300
2024-05-31,40.095115661621094,40.13363250499641,39.478860860289366,39.59440771724697,38664000
2024-06-03,39.844764709472656,40.13363369703074,39.49812045513557,40.0854894779658,37855000
2024-06-04,39.66181564331055,39.96031570950547,39.47886612264396,39.63292984351289,27586400
2024-06-05,39.77735900878906,39.82550322415113,39.488486370280306,39.7869863825942,23817300
2024-06-06,39.75810241699219,39.960310334715885,39.60403871684532,39.84476347789782,39040200
2024-06-07,39.94104766845703,40.16251398430958,39.690695559761785,39.76772556506496,42273300
2024-06-10,39.786991119384766,39.83513534047858,39.52700791767582,39.767732696313516,31615200
2024-06-11,39.33442306518555,39.613664659475205,39.14184620183786,39.59440623850679,54584900
2024-06-12,39.29591369628906,39.78699062238143,39.23813842779702,39.73884640188901,46399800
2024-06-13,39.26702117919922,39.305538021872515,38.99741062682269,39.29591064778834,39497900
2024-06-14,39.141841888427734,39.2188718906445,38.872227697749516,38.997405583665554,29083000
2024-06-17,39.48847961425781,39.498110659583375,38.97814440702965,39.04554703163837,36076900
2024-06-18,39.73884201049805,39.73884201049805,39.40182515795645,39.440341999361465,38900300
2024-06-20,39.95068359375,40.05659940483062,39.613666719033226,39.65218356297259,42869100
2024-06-21,39.79661178588867,39.89290020295785,39.565514442487924,39.85438336686311,42530600
2024-06-24,40.20553207397461,40.45687544539156,39.86718451866107,39.96385419511872,45252000
2024-06-25,39.905853271484375,40.25387003406091,39.78984891319622,40.12819649475004,32845400
2024-06-26,39.654510498046875,39.741514690045776,39.46116743941463,39.72218001541134,37978500
2024-06-27,39.606170654296875,39.654505490923725,39.364492783450956,39.53850114547695,25466100
2024-06-28,39.741519927978516,39.99286335592901,39.57717701578147,39.69318507887795,44045100
2024-07-01,39.82851791381836,40.1668654924155,39.66417502727687,39.905852922763984,36131100
2024-07-02,40.292537689208984,40.292537689208984,39.73184322024375,39.75117789376448,27033100
2024-07-03,40.166866302490234,40.36987485374274,40.147531627935884,40.33120919234615,21113200
2024-07-05,40.15719985961914,40.25386954239319,39.92518745816461,40.25386954239319,21421100
2024-07-08,40.05085754394531,40.45687460185601,40.00252270672428,40.21519672803915,27779300
2024-07-09,40.36021041870117,40.62122300046135,40.04119381175689,40.08953234326641,33140000
2024-07-10,40.51488494873047,40.524550442600024,40.147533490578795,40.16686816603017,28445400
2024-07-11,40.833900451660156,40.901569970043624,40.427879653647175,40.5535531968074,45836600
2024-07-12,40.96923828125,41.14324666274088,40.679225541335896,40.78556071872515,39041200
2024-07-15,41.568599700927734,41.607269050816726,41.08524389045183,41.114244059012485,46561200
2024-07-16,42.042293548583984,42.06162453743976,41.52026834437836,41.59760336293892,52243100
2024-07-17,42.36129379272461,42.43863247581145,41.92627291963957,41.993942423484874,54773300
2024-07-18,41.848941802978516,42.6416449395324,41.75226844015992,42.216289518554014,58731300
2024-07-19,41.423587799072266,41.916612747033845,41.37525295986533,41.82960856137662,47220000
2024-07-22,41.655601501464844,41.73293650908824,41.3269194217135,41.52026247233993,29071100
2024-07-23,41.732933044433594,41.94561075123743,41.66526353548904,41.76193689663244,23800400
2024-07-24,41.16258239746094,41.69427304895203,41.16258239746094,41.60726885596533,47786900
2024-07-25,41.31725311279297,41.92627873182913,41.230248926114676,41.23991441898476,44862000
2024-07-26,41.96495056152344,42.09062410254111,41.520264108952716,41.539598783548676,32636300
2024-07-29,41.906951904296875,42.09062949262399,41.69427783193073,42.06162563315979,35195700
2024-07-30,42.39030075073242,42.53530896091123,42.148622858909064,42.16795753278037,31418700
2024-07-31,42.28396224975586,42.641644468958134,42.25495839737449,42.486970777867015,38694800
2024-08-01,41.684600830078125,42.49663867620941,41.500926963918296,42.43863834358625,47060900
2024-08-02,40.65989303588867,41.35592291126822,40.40854594356673,41.21091837743227,78599800
2024-08-05,39.480499267578125,39.85751617648711,39.306490896126,39.770511990761044,107913600
2024-08-06,40.118526458740234,40.592216706990776,39.54816653748101,39.654505390417555,57668900
2024-08-07,40.166866302490234,40.949904027236904,40.10886596653929,40.56321791157413,43912600
2024-08-08,40.8145637512207,40.86289859227986,40.369873625425285,40.42787764732347,41260500
2024-08-09,40.98857498168945,41.094910164334905,40.64055820150508,40.80489741008534,23838800
2024-08-12,40.77588653564453,41.17223805619339,40.68888236344058,41.065899213753966,20509300
2024-08-13,41.11424255371094,41.14324640892187,40.71789095114067,41.01757287023996,24922000
2024-08-14,41.61692810058594,41.69426678838902,41.18190720097259,41.21091105275455,30673000
2024-08-15,42.00362014770508,42.23562886874139,41.86828111248188,42.013285641201534,33329000
2024-08-16,42.31296920776367,42.31296920776367,41.95528693113558,41.95528693113558,25338900
2024-08-19,42.54497146606445,42.55464064617703,42.32262826372752,42.32262826372752,24458600
2024-08-20,42.40963363647461,42.5353071674833,42.3226294515781,42.49663782137112,19620400
2024-08-21,42.34196853637695,42.52564610569186,42.119625304632976,42.477307574159184,19914100
2024-08-22,42.58364486694336,42.58364486694336,42.35163615010805,42.39030181110589,24738700
2024-08-23,42.95099639892578,43.05733526425636,42.6223143095913,42.70931850052431,32762500
2024-08-26,43.08633041381836,43.318342791855066,42.989660740801526,43.09599959374703,23716300
2024-08-27,43.308677673339844,43.32801234729871,43.09600363521627,43.173338643339754,21583500
2024-08-28,43.41501998901367,43.65669790115196,43.15400740137885,43.19267675237192,24726200
2024-08-29,43.80170440673828,43.94670893571052,43.26034457719037,43.56002650407241,33726600
2024-08-30,44.2173957824707,44.2560614486853,43.724370739180756,43.92737931572953,28967700
2024-09-03,43.88870620727539,44.35272731257928,43.68569397743899,43.98537588798839,39893900
2024-09-04,43.93704605102539,44.2463934897887,43.71470280989629,43.96604622099934,32006100
2024-09-05,43.45368194580078,44.140046214428814,43.26033891144751,44.120711542222324,39523500
2024-09-06,42.81565856933594,43.695365996735994,42.71898519463077,43.45368809154134,51331300
2024-09-09,43.45368194580078,43.69535981681445,43.1636692381267,43.221669567034525,41010900
2024-09-10,43.00899887084961,43.63735917140218,42.51597391077451,43.598689824001795,59115000
2024-09-11,42.80598831176758,42.87365782850374,41.935950087568905,42.844657660677406,59397500
2024-09-12,42.90265655517578,43.03799557246879,42.53530515987217,42.88332188303226,37732700
2024-09-13,43.0283317565918,43.20234013986429,42.93166207153468,43.0283317565918,32912300
2024-09-16,43.58902359008789,43.59868908291772,43.21200667862244,43.21200667862244,37063700
2024-09-17,43.8210334777832,43.966037988212726,43.63735593510947,43.68569077191931,27893300
2024-09-18,43.68569564819336,44.169051445668124,43.589025963783236,43.8403693558768,41783900
2024-09-19,44.16905212402344,44.28506017235175,43.83070453567953,44.1303864622928,46457700
2024-09-20,44.140052795410156,44.140052795410156,43.830705369407994,44.0723832764542,48699200
2024-09-23,44.0866813659668,44.30983094429735,44.00906589141469,44.135195201283615,31615300
2024-09-24,43.7180061340332,43.95085628407005,43.56277146697984,43.95085628407005,40341400
2024-09-25,43.4560432434082,43.795617892116475,43.3202133839249,43.737407210101395,32546900
2024-09-26,43.679195404052734,43.76651513331327,43.43664101178306,43.58217142649308,31445200
2024-09-27,43.80532455444336,44.08668483555936,43.708300577260005,43.77621551074521,23226100
2024-09-30,43.97026443481445,43.98966923231242,43.5045603981233,43.69860467201629,23593400
2024-10-01,43.73741149902344,43.960561104497664,43.44634325606132,43.853836575556414,32703000
2024-10-02,43.785926818847656,43.88294711058783,43.494862242540265,43.71801187441216,37709400
2024-10-03,43.55306625366211,43.708300917276794,43.33961720328455,43.62098118767564,23545700
2024-10-04,44.290435791015625,44.32924168295271,43.805326981480235,43.979966448999896,40432000
2024-10-07,43.74711227416992,44.30983656457842,43.562772260276645,44.290435469294046,26599300
2024-10-08,43.99936294555664,44.10608746467329,43.83442774407536,43.91204322092358,28763000
2024-10-09,44.406864166259766,44.49418390650318,43.9120510711848,43.999370811428214,28334300
2024-10-10,44.271034240722656,44.494183865341235,44.08669051088666,44.45537426947189,34127400
2024-10-11,45.12481689453125,45.212136622602024,44.52328304620273,44.5523883885309,52850300
2024-10-14,45.40618133544922,45.45469147351793,45.076307215061185,45.20243653490886,35850800
2024-10-15,45.503204345703125,45.97860887019466,45.44498996060599,45.71664968888687,42356800
2024-10-16,46.0659294128418,46.085334208217716,45.59052487993377,45.67784460858226,44973700
2024-10-17,46.19206237792969,46.38610664591745,46.16295703311182,46.25997731656242,45823400
2024-10-18,46.201759338378906,46.29878331538238,45.93980015209894,46.1920587912217,34279600
2024-10-21,45.83308410644531,46.23087320090749,45.74576436858354,46.12414866562235,26207400
2024-10-22,45.74575424194336,45.82336971336855,45.38677112070856,45.60022014402808,30018700
2024-10-23,45.70695495605469,45.813679491765534,45.48380533642596,45.69725070676096,20697200
2024-10-24,45.74575424194336,45.80396492024079,45.4643902932196,45.716645201708786,19617500
2024-10-25,45.241249084472656,46.007718198690704,45.13452455309017,45.93010271292215,25526500
2024-10-28,45.80397033691406,45.84277992775912,45.46439566973555,45.47409621690367,31415900
2024-10-29,45.52260971069336,45.813677962401584,45.48380381807395,45.68754863340046,27930900
2024-10-30,45.726348876953125,46.017413368057724,45.542005195087754,45.58081478085792,28704300
2024-10-31,45.09571075439453,45.80396911351124,45.09571075439453,45.66813925026779,53417100
2024-11-01,45.25094985961914,45.60022880004868,45.134524779838145,45.24124931175679,40139900
2024-11-04,44.901668548583984,45.260651719009736,44.659114152878864,45.22184212743619,41705600
2024-11-05,45.31886672973633,45.33827152737476,44.853162689674086,44.94048242850368,35221800
2024-11-06,48.074283599853516,48.20041293008731,47.24960008151802,47.57947422906954,153473400
2024-11-07,47.29811096191406,47.96755981544534,47.21079122440244,47.96755981544534,70611400
2024-11-08,47.724998474121094,47.99666189644663,47.39512436929346,47.63767874928184,60376500
2024-11-11,48.40415573120117,48.64671013250091,48.19070667370974,48.20041092237014,63654700
2024-11-12,48.25862121582031,48.45266175952456,48.113087106956,48.38474682901085,58512400
2024-11-13,48.2877311706543,48.63701010443048,48.21011198488782,48.355646107656725,31880700
2024-11-14,48.16160583496094,48.50118424919676,48.074286094281646,48.39445971046798,38252800
2024-11-15,48.38475036621094,48.520580237168296,48.13249542030247,48.16160076376865,40741500
2024-11-18,48.5302848815918,48.61760461378903,48.21981554513198,48.42356035323003,27141600
2024-11-19,48.210113525390625,48.39445724693328,47.94815431668786,48.14219858621805,27014700
2024-11-20,48.0645751953125,48.4332551755988,47.83172136994947,48.40414983533567,33932500
2024-11-21,48.675819396972656,48.89897272109869,48.181010006944106,48.30713934208344,50881800
2024-11-22,49.219139099121094,49.26764923958904,48.63701001133272,48.64671055899172,42050800
2024-11-25,49.539310455322266,49.72365046122647,49.34526620110997,49.49079661595446,47492500
2024-11-26,49.63633346557617,49.7333537474825,49.24824493577785,49.55871798026842,28418400
2024-11-27,49.73334884643555,50.082627748616524,49.68483871026289,49.70424350494918,31803700
2024-11-29,49.81097412109375,50.03412373566616,49.723654384862236,49.9079944053125,15178400
2024-12-02,49.316162109375,49.95650557375891,49.190032785774505,49.888586937138335,55483600
2024-12-03,48.94747543334961,49.60722365394255,48.94747543334961,49.60722365394255,46924300
2024-12-04,48.76313781738281,48.9377772917478,48.59820259219735,48.89897139828963,41017400
2024-12-05,48.908668518066406,49.16092346275222,48.8019439910925,48.840753582916896,33599300
2024-12-06,48.898963928222656,49.06389912821174,48.7631303680665,48.898963928222656,23439400
2024-12-09,48.229515075683594,48.98628730579742,48.21011027992822,48.93777346586583,41998300
2024-12-10,48.219818115234375,48.491477873844495,47.91904931028272,48.26832825768809,38861800
2024-12-11,48.316837310791016,48.43326239027235,48.10339194858967,48.413861294597574,35035900
2024-12-12,48.103389739990234,48.481774006746484,48.103389739990234,48.44296441500575,23107300
2024-12-13,48.0645751953125,48.316830113460284,47.957850679566356,48.297425319589536,39160400
2024-12-16,47.97726058959961,48.151900051973456,47.889940858412686,48.09368566415338,35242800
2024-12-17,47.63768768310547,47.80262661699448,47.472752450303275,47.79292236736681,46103300
2024-12-18,46.21146774291992,47.83172944319969,46.17265814862797,47.725004909440116,72399500
2024-12-19,46.37639617919922,47.0846545164742,46.36669563258935,46.73537562114164,63641000
2024-12-20,47.06525421142578,47.43393793623056,46.18235634227047,46.279380323054056,56066100
2024-12-23,47.178279876708984,47.21725497913441,46.64238522740557,46.82751510549117,43033300
2024-12-24,47.733665466308594,47.753149300517165,47.18802518671056,47.27571730813042,18350500
2024-12-26,47.850589752197266,47.87007730437424,47.4900793290995,47.51930879892971,20805600
2024-12-27,47.49981689453125,47.909044302140295,47.2464861731833,47.59725092961811,33852400
2024-12-30,47.041866302490234,47.256225628761364,46.63263891619443,47.01263683686053,34819800
2024-12-31,47.0905876159668,47.32443077763252,46.92494530265604,47.15879218119181,25170500
2025-01-02,46.973663330078125,47.519303580501315,46.71058697988499,47.33417743045583,35879100
2025-01-03,47.34391403198242,47.37314349532129,46.84699457087315,47.246480009606394,25198100
2025-01-06,47.1977653503418,47.76289316002331,47.11007323217984,47.548533822989604,54289900
2025-01-07,47.0905876159668,47.50955692369039,46.88597020342174,47.40238097610112,57682700
2025-01-08,47.24648666381836,47.25622858068014,46.7885385170401,47.10033189280012,36422000
2025-01-10,46.10648727416992,46.90545823228621,45.94084867603682,46.866483132653684,53128700
2025-01-13,46.437767028808594,46.45725457813869,45.83366786705548,45.87264296571568,36002800
2025-01-14,47.012638092041016,47.051613191834534,46.51571857871897,46.62289452784601,39353300
2025-01-15,48.21110153198242,48.337768766261995,47.753153335112856,48.01622972159937,61176900
2025-01-16,48.53263473510742,48.571606118996804,48.19160817876644,48.19160817876644,33830400
2025-01-17,48.941864013671875,49.02955613529856,48.454686386161455,48.63007062941483,43693100
2025-01-21,49.35108947753906,49.40954840731977,49.097755058923,49.107500691799714,33267500
2025-01-22,49.117244720458984,49.360833516675676,48.922372940111615,49.35109160024983,37226400
2025-01-23,49.39981460571289,49.48750673165814,49.185455249653295,49.19520088413083,32048800
2025-01-24,49.545963287353516,49.59468402365617,49.1854528833099,49.234169902742224,39088700
2025-01-27,50.09160614013672,50.120835609922445,49.32186455623483,49.45827370439556,61707400
2025-01-28,50.00390625,50.22800748959312,49.79929255952846,50.03313571524738,39885300
2025-01-29,49.964942932128906,50.41314923385991,49.857763245125206,49.86750888041872,43612200
2025-01-30,50.44236755371094,50.705443895409964,50.11108664751994,50.42288000430323,64250500
2025-01-31,50.150062561035156,50.63724015353211,50.1208293780137,50.50083102233218,40424200
2025-02-03,49.9454460144043,50.08185886484238,49.11724557953016,49.44852649685384,77416200
2025-02-04,49.828529357910156,50.07211818247317,49.69212021085415,50.00391360894516,41742700
2025-02-05,50.354679107666016,50.36442102464447,49.828526385942794,50.042885728171576,34758600
2025-02-06,50.773651123046875,50.79313867347673,50.432624565829734,50.646983903687925,34355900
2025-02-07,50.4910888671875,50.91980384004426,50.45211376505407,50.8321117186792,40601400
2025-02-10,50.09160614013672,50.646988367288586,49.877246783386695,50.57878379320822,37921500
2025-02-11,50.218265533447266,50.31569956210751,49.71160040730011,50.01365184313878,45162900
2025-02-12,50.042884826660156,50.06237237713628,49.614166149925865,49.964934624755664,45473100
2025-02-13,50.37416458129883,50.44236914794641,49.96493346454323,50.17929279793283,36372200
2025-02-14,50.47159957885742,50.68595891634258,50.422882561302664,50.44237011169861,29574300
2025-02-18,50.83210754394531,50.86134072657968,50.42288015576425,50.54954736885982,33496800
2025-02-19,50.851600646972656,50.91006330175615,50.56904044102844,50.70544958531953,31748500
2025-02-20,50.07211685180664,50.812628940246555,49.7310939932293,50.77365383730332,47078900
2025-02-21,49.44853210449219,50.17929858879503,49.35109806000003,50.09160646200387,51789900
2025-02-24,49.66288757324219,50.0916025390514,49.38032366272532,49.68237512398855,56673900
2025-02-25,49.653141021728516,50.09160161324227,49.01981236009326,49.95519247740914,50132800
2025-02-26,49.545963287353516,50.00391144713211,49.44852924848886,49.6628885942355,31250500
2025-02-27,49.818782806396484,50.471599011405026,49.68237367202873,49.72134505551227,44378600
2025-02-28,50.84185028076172,50.919796757316234,49.85774953156365,50.07210884661071,63537100
2025-03-03,50.41313934326172,51.290056787222674,50.05262524554779,50.9782634226761,76100100
2025-03-04,48.639808654785156,49.96493229028726,48.3669903946065,49.906473358460424,99342400
2025-03-05,48.9223747253418,49.15622161366597,48.289046062189584,48.65929836980342,75561700
2025-03-06,48.1136589050293,48.678782965802824,47.80186555076735,48.347502062290765,55477700
2025-03-07,47.86032485961914,48.064942269926334,47.012636903329344,47.93827505723522,87351400
2025-03-10,46.78853988647461,47.363409636770946,46.24289960448933,47.05161625188517,78221400
2025-03-11,46.38905334472656,46.84700149469032,46.0675143329979,46.720334273384765,72972200
2025-03-12,46.45725631713867,46.95417583461205,46.00905381637914,46.88597126783865,60700100
2025-03-13,46.203922271728516,46.847000278490825,46.06751313703475,46.574178292233135,49986300
2025-03-14,47.27571487426758,47.35366135769996,46.398793705214935,46.6423825058551,49535700
2025-03-17,47.83110046386719,48.06494736463231,47.08084645820335,47.090592092373356,43570500
2025-03-18,47.77263259887695,48.02596702348041,47.59724837164994,47.87007034559751,32714200
2025-03-19,48.298789978027344,48.55212442726974,47.606998634943736,47.8018704304678,44290700
2025-03-20,48.367000579833984,48.69828155847138,47.93828554972064,48.025977682797325,46326000
2025-03-21,48.19160461425781,48.366988837833354,47.772631604257356,48.12340005140843,53382800
2025-03-24,49.04139709472656,49.15874335774645,48.56222728097546,48.68935457529644,43158200
2025-03-25,49.315208435058594,49.393438037025355,48.97294693200914,49.21742050000749,24873700
2025-03-26,49.168521881103516,49.78459630542305,48.98272331583849,49.4618931415027,39729200
2025-03-27,49.07073211669922,49.33476400298322,48.6893539688569,49.080509417508075,32299800
2025-03-28,48.12217712402344,49.188082049524596,47.9363785518244,48.92405014353396,45365400
2025-03-31,48.708919525146484,48.95339311570166,47.50610990725954,47.643014521111084,38042300
2025-04-01,48.65024185180664,48.865379793412664,48.11240072816232,48.523114547187554,37959100
2025-04-02,49.051177978515625,49.21742194944305,48.180852647669994,48.25908225194058,41792100
2025-04-03,46.635780334472656,47.574561748089046,46.54776969352021,47.13450854332682,101160600
2025-04-04,43.222930908203125,45.38407652102056,43.11536193311224,45.0515922936355,128135300
2025-04-07,43.1153564453125,44.64087277626836,41.276914261397046,41.89298866644831,179993200
2025-04-08,42.94911575317383,45.19827562159218,42.28415106285278,44.78755807687283,98804200
2025-04-09,46.18594741821289,46.55754829733507,42.11790727265815,42.284151243727564,177242900
2025-04-10,44.8951301574707,45.56987592653047,43.55541592164003,45.50142361939561,93318200
2025-04-11,45.63832092285156,45.93169216971543,44.36705919779947,44.591974418123506,63647400
2025-04-14,46.10771560668945,46.567323369800675,45.833902678689206,46.30329147335608,52008900
2025-04-15,46.225059509277344,46.84113390281486,46.185942845795836,46.37174140177747,41840100
2025-04-16,45.50141525268555,46.29351088578836,45.1591537799456,46.127266934478754,47934300
2025-04-17,45.618770599365234,46.16638902007463,45.40363265958899,45.47208496217767,61866600
2025-04-21,44.64087677001953,45.52097941131699,44.142148582617295,45.38407480469544,43082300
2025-04-22,46.11750030517578,46.234846590072344,45.178722565260976,45.31562718603549,38154800
2025-04-23,46.66511535644531,47.65278691928079,46.5086524238069,46.97804122172213,50290900
2025-04-24,47.18339538574219,47.27140601339673,46.31307014025304,46.498868696248024,26817900
2025-04-25,46.9584846496582,47.16384155700195,46.64555877264754,46.9487036176681,28113000
2025-04-28,47.105167388916016,47.49632660727976,46.772686902788834,47.15406508898956,33922800
2025-04-29,47.5941162109375,47.682126851628325,46.899812117915936,47.11495006857593,42475300
2025-04-30,47.68212127685547,47.84836523666651,46.44997618161151,47.08560892677123,33759900
2025-05-01,47.67234802246094,47.985273905922305,47.36919944082053,47.50610777890931,34420200
2025-05-02,48.66001892089844,48.836040194030815,48.2395278021608,48.39599074157061,35032100
2025-05-05,48.34709548950195,48.728477420842204,48.01461126012878,48.24930754630964,24139900
2025-05-06,48.07328796386719,48.464447211207485,47.88748937308462,47.91682501100528,28949100
2025-05-07,48.35687255859375,48.6209044600174,48.17107025923788,48.22974525856667,30070100
2025-05-08,48.757808685302734,49.25653311945324,48.6306813862563,48.73825035234401,31294200
2025-05-09,48.757808685302734,48.933829951560696,48.62090408496223,48.85559661972579,22075000
2025-05-12,49.7454833984375,50.06819031711006,49.43255751204819,49.98017967841489,44274100
2025-05-13,49.950843811035156,50.18553635955511,49.784599836326954,49.87261047461464,33986100
2025-05-14,49.813934326171875,50.03884956764978,49.66725241931449,49.980178297055105,38764200
2025-05-15,50.14642333984375,50.22465668195628,49.706373846759504,49.7454867874447,34742500
2025-05-16,50.44956970214844,50.527799310412064,50.02907483291509,50.136643808352126,53401000
2025-05-19,50.47890853881836,50.625594192871084,50.10731134786143,50.18554096108405,26348400
2025-05-20,50.20509719848633,50.38111848384372,49.9801819406121,50.24421386864819,26903000
2025-05-21,49.178306579589844,50.03885090112363,49.13918991123718,49.89216899035735,40022000
2025-05-22,49.11962890625,49.40321914083079,48.86537803652383,49.07073493865312,33662800
2025-05-23,48.943607330322266,49.178303595827884,48.474218529681615,48.4937768626713,33645600
2025-05-27,49.80415725708008,49.83349289251439,49.148966132871514,49.324987406218845,38636400
2025-05-28,49.471675872802734,49.89217074646749,49.39344253334374,49.76504343503209,31730200
2025-05-29,49.72592544555664,49.735706477914896,49.24675931038584,49.63791480618657,34098400
2025-05-30,49.833492279052734,49.92150291464297,49.3445451325227,49.559683070714534,37953200
2025-06-02,49.85305404663086,49.8726123814838,49.178308280873736,49.49123417777886,30142300
2025-06-03,49.950843811035156,49.99973778111258,49.29565267481113,49.69658919803928,33705400
2025-06-04,49.66725540161133,50.0779692419184,49.6574743690111,50.01929796780078,24600500
2025-06-05,49.53034591674805,49.755261149610156,49.33476631805952,49.67702781798651,42014400
2025-06-06,50.14642333984375,50.302886293697746,49.921508076826825,50.03885435962455,34982800
2025-06-09,49.87260818481445,50.22465072180186,49.5694596156596,50.20509238859471,28322100
2025-06-10,49.9312858581543,49.95084419240875,49.755264580235014,49.862833553449114,27728600
2025-06-11,49.87260818481445,50.20509238859471,49.686809614902494,49.98017715226845,39368400
2025-06-12,49.87260818481445,49.882385486232714,49.383661045747644,49.57924064744849,25500900
2025-06-13,48.85559844970703,49.34454560087793,48.708916542578194,49.23697663076101,54921900
2025-06-16,49.41299819946289,49.7552634455542,49.19786398831171,49.20764129003055,35632400
2025-06-17,49.1294059753418,49.3640984930254,48.98272035401181,49.15874160745967,31130700
2025-06-18,49.1098518371582,49.647692944009044,49.04139953612468,49.1098518371582,45728200
2025-06-20,49.246761322021484,49.461899278240914,49.10985670638039,49.25653862440828,44456100
2025-06-23,49.866905212402344,49.88653057520232,48.90528489413474,49.2585339382239,43022700
2025-06-24,50.61265182495117,50.799087148709745,50.318275138909655,50.35752586280253,41225000
2025-06-25,50.445838928222656,50.63227425496829,50.337901307365414,50.622463445415406,33123900
2025-06-26,50.81871032714844,50.85796104935484,50.445835952497376,50.47527212257474,37866000
2025-06-27,50.96590042114258,51.25046257311781,50.73040354879813,50.779465085273614,38954100
2025-06-30,51.38783645629883,51.45652335610756,51.162150393619385,51.20140112012589,42472900
2025-07-01,51.672393798828125,51.780331415096015,51.2308325246208,51.26027243833793,33844800
2025-07-02,51.633148193359375,51.77052199380462,51.35840059246889,51.76071118369653,40791100
2025-07-03,52.19245529174805,52.27095674123827,51.711647014663384,51.76070854901721,25904800
2025-07-07,51.692020416259766,52.25133012946075,51.4368944546721,52.13358170119608,34049000
2025-07-08,51.2308349609375,51.61352016906438,51.201398788975474,51.574273187500054,53715000
2025-07-09,51.41727066040039,51.51539372261008,51.1621447096074,51.49576836153716,36634900
2025-07-10,51.72145462036133,51.77051615167601,51.29951871337623,51.29951871337623,27992600
2025-07-11,51.1817741394043,51.42708555758456,51.10327643202731,51.378024022579545,30289900
2025-07-14,51.56446075439453,51.59390067072187,51.044401731526705,51.171964720531086,27636500
2025-07-15,50.68133544921875,51.46633116063746,50.68133544921875,51.35839354847586,47704600
2025-07-16,51.034584045410156,51.0836493218919,50.3673404544881,50.956086340718464,46726500
2025-07-17,51.52520751953125,51.61351977790318,50.83833855792196,50.89721090139984,48213900
2025-07-18,51.55464553833008,51.66258315494323,51.44670792171693,51.593896261308494,29791300
2025-07-21,51.4074592590332,51.94714362057332,51.387833896757456,51.584083776359805,36871400
2025-07-22,51.692020416259766,51.760707311343744,51.48595973100784,51.51539590228524,32289100
2025-07-23,52.10414123535156,52.10414123535156,51.574271442190586,51.80976829622768,32111300
2025-07-24,52.07470703125,52.43776687844374,52.01583094393947,52.123768565764536,32371900
2025-07-25,52.43776321411133,52.486828488352344,51.996205691181245,52.10413956230879,28964700
2025-07-28,52.07470703125,52.43776687844374,51.966769409424934,52.37889453428836,29119300
2025-07-29,51.80977249145508,52.30039534410741,51.69202405490201,52.25133380747324,37883200
2025-07-30,51.71164321899414,52.035452316485674,51.45651727003246,51.79014091956744,37260100
2025-07-31,51.38783645629883,51.99621148768375,51.28971338318787,51.49577408261407,46179400
2025-08-01,50.43602752685547,50.78927281394088,50.092589306052744,50.750025833034776,63060800
2025-08-04,50.936458587646484,50.936458587646484,50.52433723526246,50.632271106252404,40053100
2025-08-05,50.73040008544922,51.11308528424962,50.396776419774895,51.073834560486745,33551000
2025-08-06,50.97571563720703,51.054213347957514,50.69115348153142,50.838341836027176,34198700
2025-08-07,50.40658187866211,51.270078994013,50.25939729490701,51.20139210629636,43119400
2025-08-08,50.87758255004883,50.99533471639667,50.534148089421514,50.70095804368196,39484400
2025-08-11,50.85796356201172,51.054209696429574,50.750025942188856,50.98552280075231,29351200
2025-08-12,51.47614288330078,51.564455136350446,51.064021531172266,51.07383234010895,37510000
2025-08-13,51.7705192565918,51.91770760251831,51.50558622297228,51.67239618807754,41154900
2025-08-14,52.01583480834961,52.055085536139345,51.544837304339005,51.72146183623741,35841500
2025-08-15,51.47614288330078,52.163015546669854,51.436892161244295,52.13357937670493,46108500
2025-08-18,51.51539611816406,51.574272204120646,51.30933543204862,51.40745849882119,25405100
2025-08-19,51.61351776123047,51.87845452599448,51.466333165131545,51.466333165131545,24870800
2025-08-20,51.87845993041992,52.01583373168511,51.52521087393494,51.65277386503348,39138800
2025-08-21,51.71164321899414,51.80976628049949,51.3682050174157,51.73126857992618,29037000
2025-08-22,52.56532669067383,52.67326430598545,51.956955464464166,51.976580825716724,47249800
2025-08-25,52.26114273071289,52.575144788776605,52.24152111129189,52.4672071661852,24756500
2025-08-26,52.6634521484375,52.68307751058244,52.10414242834945,52.10414242834945,27907000
2025-08-27,52.77138900756836,52.92838815930851,52.506452237165284,52.53589215153565,39530100
2025-08-28,52.8400764465332,52.89895253272507,52.69289184578615,52.879327170661114,28837300
2025-08-29,52.977455139160156,53.12463974312492,52.79101606705424,52.889142879519234,36062400
2025-09-02,52.58495330810547,52.69289092599556,52.123766665540536,52.69289092599556,38733100
2025-09-03,52.496639251708984,52.594762313796025,52.133579430201095,52.496639251708984,36420100
2025-09-04,53.046142578125,53.06576794081845,52.56533055002335,52.68307898302888,32730000
2025-09-05,52.07470703125,53.23257721293774,51.878457150036716,53.09520341903498,58377100
2025-09-08,52.113956451416016,52.17282879409749,51.849019679884215,52.0943310894705,49490900
2025-09-09,52.33964538574219,52.584956808858124,51.96677097452249,51.986396337550396,38884500
2025-09-10,52.16301727294922,52.39851786992693,51.937331228387876,52.17282808221058,32915900
2025-09-11,53.016700744628906,53.05595146859592,52.182643447682665,52.19245425709689,36635400
2025-09-12,52.791015625,53.055952401704275,52.702703366098575,52.94801478047418,25705900
2025-09-15,52.67326354980469,53.07557409181926,52.61438746689224,52.87932422526596,31922000
2025-09-16,52.55551528930664,52.663449160246884,52.270953169084024,52.60457682030764,28482500
2025-09-17,53.06576919555664,53.31108062029241,52.64383324555869,52.6634548655609,47976100
2025-09-18,53.114830017089844,53.47788987272949,52.97745621999134,53.09520465419645,36609100
2025-09-19,53.23257827758789,53.389577437067466,52.908765405636444,53.242389087424954,46731400
2025-09-22,53.16169738769531,53.22076729232018,52.80728547090095,52.86635537552583,32393000
2025-09-23,52.925418853759766,53.644089512923195,52.79743970008058,53.112471664560076,28698900
2025-09-24,52.77775192260742,53.12231697446619,52.66945897617256,52.99433781547717,23893400
2025-09-25,52.639923095703125,52.87619518853168,52.41349410862692,52.639923095703125,24757500
2025-09-26,53.023868560791016,53.26014065583701,52.80728267743449,52.87619568477934,30686100
2025-09-29,53.28968048095703,53.30937044923096,52.90573548830904,53.201077501463075,20713800
2025-09-30,53.033714294433594,53.397973071850664,52.59069939992461,53.22076711404707,32442200
2025-10-01,52.56116485595703,52.92541986771292,52.54147488836519,52.77775074399004,33210100
2025-10-02,52.52178192138672,52.64976482568629,52.23628679630213,52.482405743929014,32443400
2025-10-03,52.88603973388672,53.13215867716732,52.551317820806034,52.59069399756838,32111600
2025-10-06,52.86635208129883,53.23060708176102,52.47256025262598,53.09278106836869,32001300
2025-10-07,52.93526077270508,53.21091277701856,52.689141838717504,53.04355370453592,31250500
2025-10-08,52.67930221557617,53.11247400241032,52.511943120101094,53.09278403432901,26848700
2025-10-09,52.49224853515625,52.97464332202681,52.36426563162291,52.7974373803582,33922400
2025-10-10,51.35026168823242,52.84666547467281,51.35026168823242,52.630079579583004,73596200
2025-10-13,51.842498779296875,52.00001476710897,51.52746680367268,51.73420583352405,39651900
2025-10-14,52.413490295410156,52.8171252004809,51.438857655837076,51.63575355585433,62588700
2025-10-15,52.413490295410156,52.925414377787305,52.039388460925075,52.60053933491423,39526600
2025-10-16,50.95646667480469,52.29535438783351,50.73988454862217,52.265821315053444,85420100
2025-10-17,51.36994934082031,51.54715529145529,50.92693446423287,51.094297308933584,52288900
2025-10-20,51.97047805786133,52.07877099605951,51.478240160943855,51.54715316607413,39479600
2025-10-21,51.91141128540039,52.30520312884722,51.842498276118796,51.842498276118796,31213600
2025-10-22,51.616065979003906,52.00001093629352,51.31087713207973,51.96063100337225,53727500
2025-10-23,51.724361419677734,51.8621874360943,51.47824246022606,51.77358446047261,29483700
2025-10-24,52.2855110168457,52.45287010238677,51.99016902411153,52.02954520245948,31947800
2025-10-27,52.502098083496094,52.600544164805775,52.37411517341168,52.5414742627336,27154100
2025-10-28,52.16737365722656,52.5710085800774,52.118146863446114,52.50209557535729,33648000
2025-10-29,51.281349182128906,51.76374401990348,51.06476328490634,51.63576110286492,61846300
2025-10-30,51.41917037963867,52.00001124955668,51.21243136377221,51.21243136377221,48568700
2025-10-31,51.55699920654297,51.684982118560676,51.133674290657524,51.20258729971075,40425800
2025-11-03,51.340415954589844,51.52746501001891,50.84817804037701,51.51762190414465,38693200
2025-11-04,51.606224060058594,51.72436387013595,51.03522999992788,51.1435229480934,44675200
2025-11-05,51.78342819213867,52.00001408082588,51.36995013789292,51.675139003272406,38036300
2025-11-06,51.596378326416016,51.88187721968294,51.360102473769565,51.69482440765696,42625700
2025-11-07,51.96063232421875,51.9803222911799,51.28134536370626,51.46839441662144,46218700
2025-11-10,52.14768600463867,52.32489195477516,51.83265403894652,52.108306070057836,42010600
2025-11-11,52.38395690917969,52.511939815916534,52.05908184497345,52.24613089676024,29995800
2025-11-12,52.83681869506836,53.053404590495326,52.39380755329858,52.39380755329858,46052700
2025-11-13,52.15753173828125,52.92542172390808,52.05908565234664,52.738372658441335,50455300
2025-11-14,51.63575744628906,51.99016934192747,51.45855149846986,51.99016934192747,46154600
2025-11-17,50.651283264160156,51.67513905009255,50.45438734294587,51.65544908242338,70048500
2025-11-18,50.57251739501953,50.94661922540628,50.35593528730247,50.48391442875627,66043600
2025-11-19,50.759578704833984,50.84818168596382,50.39531991825714,50.58237274257431,46003900
2025-11-20,50.31656265258789,51.5766905728502,50.287029578043445,51.22227865640706,70096400
2025-11-21,50.86786651611328,51.163212282167805,50.34609550557781,50.661127484257044,68942900
2025-11-24,51.08445358276367,51.16321345698068,50.53314948515464,50.936784451823044,43789100
2025-11-25,51.724361419677734,51.8424974686809,51.10414059032588,51.301036508982676,50989800
2025-11-26,52.12799835205078,52.3248942782207,51.78342954238407,51.85234255322192,35268500
2025-11-28,52.502098083496094,52.71868021347285,52.20675232861249,52.275665336624726,16136100
2025-12-01,52.06892776489258,52.57101255781701,52.01970472286481,52.24613372057445,29296300
2025-12-02,52.01970291137695,52.31504490873622,51.82280699464502,52.16737578779521,29771500
2025-12-03,52.71868133544922,52.76790437715164,52.05908431458656,52.11815046243853,32018000
2025-12-04,52.82697296142578,53.07309191926982,52.63992390543613,52.75805995366763,33678700
2025-12-05,52.84666442871094,53.09278339354083,52.62023543172473,52.708838409282585,28532300
2025-12-08,52.6497688293457,52.87619782772358,52.452872905176164,52.86635472147993,31164200
2025-12-09,52.45287322998047,53.11247401671125,52.42334015558925,52.669459123455866,46335400
2025-12-10,53.053401947021484,53.240454758470904,52.38395808131014,52.452871089061844,45437500
2025-12-11,54.0181884765625,54.12648142021435,53.09278253572568,53.12231560927535,51786500
2025-12-12,54.096946716308594,54.352908775471974,53.86067086860015,54.30368573588023,64428900
2025-12-15,54.13632583618164,54.451357791404625,53.96896299751354,54.323374886008686,35356800
2025-12-16,53.7917594909668,54.303687380272656,53.634243506217096,54.185551330579706,37342300
2025-12-17,53.78191375732422,54.21508175535333,53.73269071864682,53.94927283992281,41112400
2025-12-18,53.69331741333008,54.16586540282252,53.51611144783571,53.919746423577855,35021600
2025-12-19,53.98865509033203,54.16586104155833,53.71300305752547,53.71300305752547,46595300
2025-12-22,54.65155029296875,54.770099239049394,54.07856057974311,54.0884380883319,37987800
2025-12-23,54.76021957397461,54.88864979218943,54.64167063256249,54.64167063256249,24732900
2025-12-24,55.05659484863281,55.21466136302666,54.74046181984514,54.83925197811517,15685800
2025-12-26,54.94792175292969,55.125747047324516,54.770096458534866,55.036834400127105,20410100
2025-12-29,54.65155029296875,55.007200899813725,54.592273935626906,54.91828824810248,34223800
2025-12-30,54.513240814208984,54.73058368222786,54.473723243914115,54.73058368222786,16160900
2025-12-31,54.108192443847656,54.592269465726844,54.088433659684846,54.55275566600397,22996200
2026-01-02,54.26626205444336,54.335415918669796,53.683391078389874,54.167471896577865,36087100
2026-01-05,55.451759338378906,55.82716492977035,54.157587246763825,54.157587246763825,58044100
2026-01-06,55.718502044677734,55.83705099061194,55.31345635818308,55.36285143827208,38950800
2026-01-07,54.938045501708984,55.659224203874665,54.868891637706994,55.55055276941356,44720900
2026-01-08,55.22454071044922,55.570310020916004,54.74045990719288,54.77997747656132,35358300
2026-01-09,55.05659484863281,55.481399312679315,55.046717340247,55.30357401291087,29544900
2026-01-12,54.621910095214844,54.69106395620361,54.17734686842795,54.36504966702563,42021600
2026-01-13,53.5747184753418,54.56263510686631,53.495687104493335,54.48360373601784,77045100
2026-01-14,53.495689392089844,53.52532568634997,53.04124485801731,53.39689546355102,59754600
2026-01-15,53.71302795410156,54.039042262075924,53.55496143864208,53.56484271569749,48490800
2026-01-16,53.78217697143555,54.09830997385994,53.633991746388105,53.71302311269287,44363200
2026-01-20,52.557167053222656,53.45617106286476,52.45837312608436,52.96221273298222,57030800
2026-01-21,52.814022064208984,53.17955393021078,52.59668296855163,52.725109416884614,49360300
2026-01-22,53.15979766845703,53.39689556017317,52.99184987393864,53.00173115111192,46919300
2026-01-23,52.428733825683594,52.86341577435603,52.24103102778925,52.843660758664214,47057500
2026-01-26,52.764625549316406,52.902933270586516,52.44849253824107,52.45837004607347,31072700
2026-01-27,52.359580993652344,52.78438544282492,52.20151448479297,52.67571401137107,38633700
2026-01-28,52.349700927734375,52.56704001141974,52.12247679928635,52.29042457658237,45450800
2026-01-29,52.90293502807617,52.98197016777201,52.34970412461682,52.675714654354955,51975400
2026-01-30,52.79426193237305,53.01160479108782,52.379338767847855,52.73498934807103,42767000
2026-02-02,53.377132415771484,53.43640876816167,52.557163601689005,52.80414275041066,48031500
2026-02-03,52.883174896240234,53.51544092329188,52.51764680596403,53.070881463935606,66887100
2026-02-04,53.30797576904297,53.52531861450971,52.75474491673131,52.863412570862145,59506400
2026-02-05,52.64607238769531,53.40676856224113,52.53740096724556,53.28821586614915,64475000
2026-02-06,53.60435485839844,53.693267506129146,53.17955417324381,53.17955417324381,53073800
2026-02-09,53.28822326660156,53.73278651717949,53.24870946435251,53.426534764583685,31699900
2026-02-10,52.90293502807617,53.60435493416378,52.47813057371824,53.05112403070443,57920800
2026-02-11,52.102725982666016,53.27834544406019,52.05332713509074,53.021485003639405,60339900
2026-02-12,51.06541061401367,52.46825422581353,50.80855394152796,52.260792632428576,94645100
2026-02-13,51.02589416503906,51.30250960853685,50.63072601552556,50.927100243359305,56449300
2026-02-17,51.56924819946289,51.77670978472246,51.19383882951498,51.19383882951498,54064700
2026-02-18,51.95453643798828,52.142239243576384,51.64828092177334,51.71743478533753,45224000
2026-02-19,51.51985168457031,51.74707204807605,51.11480603334658,51.50997040825114,47344400
2026-02-20,51.85574722290039,51.86562473133057,51.09505094127518,51.41118397148268,52934100
2026-02-23,50.11701202392578,51.835988681293344,50.02809937322396,51.55936945210823,94600400
2026-02-24,50.363990783691406,50.561574869055484,49.63293456702819,49.840396160789126,64114100
2026-02-25,51.24323654174805,51.26299532735113,50.55169412005232,50.6208517539646,47652800
2026-02-26,51.865623474121094,52.02368998539335,51.35190637033555,51.44081901846387,60884300
2026-02-27,50.80855178833008,51.430940310711925,50.393624850541244,51.25311501860283,81998700
2026-03-02,50.680118560791016,51.006132833146935,49.85026850314263,49.99845749395943,70107200
2026-03-03,50.591209411621094,50.92710121453215,49.474866339872065,49.68232792645167,94738700
2026-03-04,50.87770462036133,51.02589361698794,50.46278145957119,50.70976060821372,51472400
2026-03-05,50.6109733581543,51.19384437651756,50.294840307713535,50.62085463581989,58430700
2026-03-06,49.95893859863281,50.00833367139058,49.1488473458774,49.83050839458062,75632700
2026-03-09,49.72184371948242,49.90954651464329,48.58573813500704,49.31679430024638,78178700
2026-03-10,49.455108642578125,50.07749341600194,49.148853125700825,49.72184658916102,70834200
2026-03-11,49.040184020996094,49.51438358124371,48.62526081900559,49.37607584724688,56301200
2026-03-12,48.23997116088867,48.62525804608063,48.2004535909708,48.38815639517633,67871700
2026-03-13,48.29924392700195,48.86235611031813,48.259726356936945,48.51658679375658,47595200
2026-03-16,48.70429229736328,49.14885556372057,48.51658948205826,48.6548972163465,45720100
2026-03-17,48.961151123046875,49.58353590668259,48.911752275066874,49.0994588527437,46974000
2026-03-18,48.37828063964844,49.10933686659923,48.328881791160036,48.77344504733445,49239100
2026-03-19,48.39803695678711,48.58573975821898,47.93371493862063,48.18069409405338,58374000
2026-03-20,48.4869499206543,48.743806585799284,48.20045319401356,48.368397211877046,82914000
2026-03-23,48.92485809326172,49.51072522279646,48.87520910695705,49.35184619383661,81044800
2026-03-24,48.93478775024414,49.24261753474188,48.43829029729775,48.4581506499726,43296400
2026-03-25,48.99436569213867,49.600093152283904,48.64681901237078,49.2426144028228,40438800
2026-03-26,48.706398010253906,49.14331818089529,48.53759069921508,48.76597906660724,45035700
2026-03-27,47.4750862121582,48.497869718557645,47.33606374812615,48.44822073253361,64823900
2026-03-30,48.02123260498047,48.378711364894436,47.75312353504499,47.89214221101713,58128900
2026-03-31,49.0241584777832,49.1135281727184,48.170182234619126,48.57731000310723,85361900
2026-04-01,49.093666076660156,49.500793830694064,48.795768366777395,49.45114484370942,61558300
2026-04-02,49.18303298950195,49.461074119261,48.25954748946139,48.487939635041045,39519800
2026-04-06,49.53058624267578,49.65967285121328,49.10359813634432,49.16317540552319,27345800
2026-04-07,49.53058624267578,49.669604921393024,49.153247123318344,49.272405449650996,31750000
2026-04-08,50.841339111328125,51.119376468298135,50.60301867108605,50.83140704116497,48175400
2026-04-09,50.970428466796875,51.178956480266194,50.444138610168594,50.583157285814806,30330500
2026-04-10,50.41434860229492,50.93070637489056,50.28525821215233,50.87112532067675,35427500
2026-04-13,51.29811477661133,51.30804305859156,50.06679947244826,50.14624088018934,33635900
2026-04-14,51.41727066040039,51.546361047866654,51.07965226947106,51.149161603958746,36498400
2026-04-15,51.80453872680664,51.96342153687179,51.45699204972582,51.7052407584906,33804700
2026-04-16,51.66551971435547,52.04285880981583,51.55628967714526,51.725100767735945,25432000
2026-04-17,52.062721252441406,52.60886767245796,51.93363085891846,52.0031401966674,45183400
2026-04-20,52.26131820678711,52.39040480547617,51.89390739766547,51.973348801143,26160600
2026-04-21,51.93362808227539,52.817392861811015,51.83433011593585,52.3407558050269,34150100
2026-04-22,51.844261169433594,52.28118133582828,51.705242493935216,52.112370238455384,31838400
2026-04-23,51.4371337890625,51.80454083233424,50.940636351353454,51.715174930002455,44647900
2026-04-24,51.05979537963867,51.30804410191534,50.960497405917955,51.21867819835163,27225300
2026-04-27,51.44706726074219,51.53643695348366,50.910849104293355,50.95056980950622,25764300
2026-04-28,51.48678207397461,52.03293227839572,51.43713308847491,51.83433254842212,24337500
2026-04-29,51.55629348754883,51.93363261089743,51.33783718495747,51.76482529580525,22153100
2026-04-30,51.76482391357422,51.88398223798544,50.84133837644386,51.14916436350409,31406400
2026-05-01,51.55629348754883,52.24146239415221,51.55629348754883,52.03293437387072,39618200
2026-05-04,51.21867752075195,51.82440121319468,51.129307830395675,51.41727346556605,44456300
2026-05-05,51.228607177734375,51.40734656324415,51.02007915729796,51.20874682512496,27419600
2026-05-06,51.47685241699219,51.87405186632923,51.41727136319923,51.55629003407479,39084600
2026-05-07,51.18888473510742,51.71517459145662,51.059794341515186,51.417273100401495,36983100
2026-05-08,50.88105773925781,51.37755516385333,50.781755981553864,51.31797410923097,29627700
2026-05-11,50.821475982666016,51.099513324447216,50.603015906709544,50.90091359975721,30759200
2026-05-12,51.21867752075195,51.337835845235375,50.4540710116982,50.82147805517408,44193700
2026-05-13,50.632808685302734,50.97042708326851,50.60301626420521,50.78175563889149,33440200
2026-05-14,50.93070983886719,51.12930957844601,50.74203838167857,50.91084948611181,37059700
2026-05-15,50.74203872680664,51.13923820866589,50.682461456110246,50.960498820626725,29789800
2026-05-18,51.37755584716797,51.437133114607974,50.61294934856473,50.65266626419981,32974600
2026-05-19,50.74203872680664,51.42720764361509,50.69238973856798,51.26832860846639,35956300
2026-05-20,51.29811477661133,51.3477637624621,50.4242782313335,50.87112667994005,42148400
2026-05-21,51.36762619018555,51.46692795387472,50.85126838292671,51.099517110187215,33344200
2026-05-22,51.57615280151367,51.80454116979058,51.476854828514966,51.53643588509911,23308000
2026-05-26,51.48678207397461,51.86412118212698,51.35769546927033,51.63573281844851,24530200
2026-05-27,51.05979537963867,51.62580595136639,50.94063705357883,51.37755722908971,45239100
2026-05-28,50.91084671020508,51.139235072476644,50.66259799626101,50.83140530351509,40564600
2026-05-29,51.21867752075195,51.42720553559165,50.81154598514848,50.92077602758113,34240300
2026-06-01,51.06972885131836,51.238536168871185,50.83140840468349,50.871129110451804,34507600
2026-06-02,51.09951400756836,51.298113734913336,50.62287693472526,50.871125646912795,30988800
2026-06-03,50.513648986816406,50.80161841399133,50.166102290553496,50.781758061637035,44906700
2026-06-04,51.82440185546875,51.933631899255126,51.119376393906556,51.178957450874094,57368100
2026-06-05,51.93362808227539,52.11236745206626,51.69531144787064,52.01306948572672,42101700
2026-06-08,51.60594177246094,52.10243918019914,51.596009703040394,51.87405082719652,39102700
2026-06-09,52.09251022338867,52.33083066005186,51.67545419419663,51.814472870593974,41695100
2026-06-10,51.86412048339844,52.4400593137652,51.84426013187116,52.13222954705454,31128400
2026-06-11,52.25139236450195,52.400343119786434,51.675457272550425,51.98328327777492,41295600
2026-06-12,52.966346740722656,53.174874755188235,52.4400606695548,52.58900762789815,51023300
2026-06-15,53.18480682373047,53.59193457061746,53.10536541556968,53.38340276818279,37492400
2026-06-16,53.96927261352539,54.04871402568711,53.47277515143969,53.631654187788115,37478300
2026-06-17,53.67137145996094,54.505487294416966,53.5224245036499,53.90969189322328,49571900
2026-06-18,53.194732666015625,54.22744819689202,53.08550262879173,54.167867143504076,37816800
2026-06-22,53.510616302490234,53.82948745041152,53.38107371075848,53.43089661488795,27962800
2026-06-23,53.68998336791992,53.83945208467787,53.30135938260759,53.44086503874596,33375300
2026-06-24,53.530548095703125,53.90920522131924,53.35118259357168,53.670053752640015,30809600
2026-06-25,53.261497497558594,54.4871591739985,53.211674593880986,53.72983735362081,31634800
2026-06-26,53.38107681274414,53.749770886219785,53.012382739268496,53.37111375183686,26643000
2026-06-29,53.530548095703125,53.839452392850795,53.49068825050857,53.51061817310585,31628000
2026-06-30,53.420936584472656,53.66008805835578,53.21167809451388,53.47075949142796,27725300
2026-07-01,54.58680725097656,54.88575228795961,53.560440947816495,53.64016063801039,47809800
2026-07-02,55.42384338378906,55.443773305759315,54.81599406805023,55.0850423127827,46246100
2026-07-06,55.942012786865234,55.961942709845694,55.38399014838902,55.65303460551483,32043700
2026-07-07,55.85232925415039,56.39042576337628,55.81246940874608,56.111414448034296,27116500
2026-07-08,54.77613830566406,55.6032091648202,54.75620838359182,55.593246104406056,41648100
2026-07-09,55.3441276550293,55.493596368366646,54.77613818161069,54.875783990502256,26542000
2026-07-10,55.513526916503906,55.83239807004605,55.16476278020594,55.79254202678627,24046300
2026-07-13,55.872257232666016,55.96193998108297,55.41388043019887,55.782574484249054,33391000
2026-07-14,55.98187255859375,56.59968496519211,55.39395313580437,55.40391619665932,43208800
2026-07-15,56.360530853271484,56.61961223705467,55.98186993736319,56.10144566824436,49425400
2026-07-16,56.549861907958984,56.639544660391415,56.19113089822926,56.559824968787424,27591200
2026-07-17,56.061588287353516,56.739190460858175,55.92208262832211,56.23099073135174,42881800
2026-07-20,55.84236526489258,56.18116634270754,55.69289274773385,56.101446653224485,38162600
2026-07-21,55.91211700439453,56.14130540533178,55.523493028838146,55.792541273741165,26399000
2026-07-22,55.85232925415039,56.08151766335903,55.712823596479396,55.942012005688035,25430900
2026-07-23,55.63310623168945,55.66299921432797,55.25444531287768,55.48363371600892,24311000
2026-07-24,56.111412048339844,56.18116487419225,55.49359587472725,55.63310532767597,32212900
2026-07-27,56.67940139770508,56.92851971843889,56.39042323335532,56.559821866857234,29805900
2026-07-28,57.3968620300293,57.3968620300293,56.74915664918125,56.92852215187617,34204400
2026-07-29,56.480106353759766,57.267321164774465,56.39042360565374,57.08795566856241,49038800
2026-07-30,56.798980712890625,56.848803619933804,55.98187287340121,56.61961520653986,33184200
2026-07-31,56.73918914794922,56.91855464862323,56.490070819373535,56.609650353985565,32543500
2026-08-03,57.17763900756836,57.347037643939316,56.79897808929144,57.08795625853551,31019400
2026-08-04,57.67587661743164,57.815382273528236,56.98830759632123,57.0182043806591,31466100
2026-08-05,57.79545211791992,58.20400602394511,57.59615669519553,57.97481761824747,34275600
2026-08-06,57.60612487792969,58.174114374909635,57.3868995277816,58.174114374909635,27704200
2026-08-07,57.3968620300293,57.5861943946762,57.137780637938896,57.40682889198128,20816700
2026-08-10,57.60612487792969,57.815383366028804,57.25735692985372,57.33707662126906,26070800
2026-08-11,57.59615707397461,57.895098309405164,57.51644118510702,57.5762271514467,19797000
2026-08-12,57.71573257446289,57.79545226425209,57.47658110758333,57.626053625316075,18531700
2026-08-13,58.054534912109375,58.104361619929804,57.54633518304032,57.9847820826537,23193500
2026-08-14,57.95488739013672,58.08442998441083,57.855241579922165,58.014677157011846,28130100
2026-08-17,57.37693405151367,58.0644992554273,57.34703726786947,57.75559116606347,45636700
2026-08-18,57.636016845703125,57.775522501976965,57.36696859378471,57.5264041725611,25389400
2026-08-19,57.277286529541016,57.99474854325466,57.21749676131685,57.67587738188062,35648300
2026-08-20,56.7491569519043,57.45665210450607,56.70929710637189,57.26732354009329,30704200
2026-08-21,57.277286529541016,57.4965118784522,57.04809811988118,57.117850948854,27273100
2026-08-24,58.014678955078125,58.17411453710924,57.43672259443776,57.49651236316598,31462900
2026-08-25,58.1043586730957,58.154181577145195,57.66590799447478,57.98477914188422,23685100
2026-08-26,58.054534912109375,58.17411444938548,57.81538344004539,58.04457185129176,20054000
2026-08-27,57.67587661743164,58.024640757673126,57.52640409947441,57.70576960052547,26082100
2026-08-28,57.89509963989258,58.20400774430813,57.71573413426344,57.7755239032212,25142600
2026-08-31,57.506473541259766,57.72569888484175,57.48654361900286,57.65594605756457,25215700
2026-09-01,56.99827575683594,57.775523744936734,56.92852292719839,57.406829673817654,32396200
2026-09-02,57.45664978027344,58.02463925177962,57.11784870944134,57.17763847532133,31321800
2026-09-03,58.353477478027344,58.39333352085078,57.78548800442091,57.79545106481578,32670500
2026-09-04,57.89509963989258,58.17411476045132,57.71573413426344,57.835313672178955,26361500
2026-09-08,57.09791946411133,57.61608603747993,57.05805961971898,57.50647336602296,38239200
2026-09-09,56.858768463134766,57.127816713107485,56.529930446086766,56.92852129076724,27523000
2026-09-10,56.669437408447266,56.90859268102054,56.49007190432834,56.709297254083495,25355100
2026-09-11,57.048095703125,57.41678975511131,56.75911753748312,57.23742425928145,34701500
2026-09-14,56.82887268066406,57.36696919009422,56.55982442594899,57.13778078079858,38162400
2026-09-15,56.649505615234375,56.78901507035499,56.260881636222585,56.769085148194904,30161600
2026-09-16,55.73275375366211,56.649507394353655,55.24448014851529,56.6196144107967,53072800
2026-09-17,55.68292999267578,56.20109657342654,55.36405883548209,56.07155397792784,29191300
2026-09-18,55.66299819946289,55.78257392908079,55.264407365744674,55.46370278260378,36017900
2026-09-21,55.900001525878906,56.209999084472656,55.720001220703125,56.04999923706055,30640800
2026-09-22,54.79999923706055,56.04999923706055,54.54999923706055,56.0,69837400
2026-09-23,54.540000915527344,55.08000183105469,54.459999084472656,54.5,42703400
2026-09-24,54.529998779296875,54.81999969482422,54.25,54.61000061035156,28808000
2026-09-25,54.84000015258789,54.88999938964844,54.310001373291016,54.630001068115234,29101300
