Price,Close,High,Low,Open,Volume
Ticker,XLK,XLK,XLK,XLK,XLK
Date,,,,,
2012-01-03,10.688096046447754,10.775058883211736,10.67981451091701,10.712943022578047,53679800
2012-01-04,10.717081069946289,10.737786878895296,10.625977880108213,10.68395256547373,9488600
2012-01-05,10.750212669372559,10.770918484282706,10.654968290324112,10.704661456262388,13513800
2012-01-06,10.754353523254395,10.779200500432424,10.704661148590446,10.7584946861174,9978400
2012-01-09,10.737788200378418,10.79990405517824,10.708800854128231,10.791621730579344,8173200
2012-01-10,10.77505874633789,10.862020792151187,10.77505874633789,10.84131576881831,11466200
2012-01-11,10.808187484741211,10.83717483395489,10.746071623591037,10.75435315919064,8307600
2012-01-12,10.862019538879395,10.870301863195326,10.770916340941907,10.833032193619555,9731000
2012-01-13,10.799905776977539,10.812329265856524,10.721225260436109,10.795764614017877,11943000
2012-01-17,10.84959602355957,10.924134567240644,10.824749052486686,10.874442204786595,11066200
2012-01-18,11.006957054138184,11.01938054061108,10.87444302447763,10.878584186635262,14418800
2012-01-19,11.085640907287598,11.110487097899949,11.052512389855746,11.06493509023884,14850400
2012-01-20,11.098061561584473,11.114626212169549,11.060791887614066,11.064933050260334,26720600
2012-01-23,11.135332107543945,11.193307599285658,11.064933916736635,11.114627082537238,58044400
2012-01-24,11.127049446105957,11.147754469018645,11.073215122779375,11.085638610434586,11501800
2012-01-25,11.21401309967041,11.24714161499315,11.114627553702185,11.230577752254835,35868400
2012-01-26,11.139472007751465,11.263704513247019,11.093920799931148,11.251281025743667,17425800
2012-01-27,11.139472007751465,11.168459355413297,11.098061172586279,11.098061172586279,16520400
2012-01-30,11.172599792480469,11.1891644414094,11.035944598200535,11.044226922665,15382400
2012-01-31,11.193306922912598,11.251281621305026,11.127049899079529,11.247140458584704,16178600
2012-02-01,11.305116653442383,11.354809822818114,11.259565437181273,11.300976280020025,17944800
2012-02-02,11.334104537963867,11.379655753186649,11.305116395745225,11.346527237640029,12041000
2012-02-03,11.479040145874023,11.499745959662992,11.408641958683603,11.429347772472571,14786400
2012-02-06,11.48318099975586,11.491463325048668,11.416923977105423,11.445911325784238,13401200
2012-02-07,11.512164115905762,11.541152243772899,11.425202101841519,11.479035616760472,14776000
2012-02-08,11.582569122314453,11.594992613030186,11.499748220414808,11.537017902715816,22989800
2012-02-09,11.694376945495605,11.710941598049892,11.599132562846783,11.636402241247819,18972800
2012-02-10,11.607415199279785,11.63226138892901,11.566004356633659,11.615696735932108,12739000
2012-02-13,11.681951522827148,11.706798497546638,11.61569450326713,11.690233847733644,16844000
2012-02-14,11.702657699584961,11.71094002474942,11.607413329731695,11.66952918877313,13086000
2012-02-15,11.640543937683105,11.835173875036046,11.619838121041637,11.760634514819047,24426200
2012-02-16,11.810324668884277,11.822747365850605,11.623976315929962,11.640540965012987,20095600
2012-02-17,11.810324668884277,11.84759433947514,11.768913836022659,11.84759433947514,18570000
2012-02-21,11.860017776489258,11.913852099522328,11.789619593185545,11.82688926610198,19440800
2012-02-22,11.818608283996582,11.872441819703052,11.7937613076588,11.843454470488336,16206000
2012-02-23,11.864163398742676,11.88486921917176,11.739931635553317,11.806188681233813,11013400
2012-02-24,11.934556007385254,11.955261818096691,11.90142750009287,11.905568662235158,10992000
2012-02-27,11.955263137817383,11.988391648766765,11.81446676882101,11.87658262812035,17053000
2012-02-28,12.042222023010254,12.042222023010254,11.942836516240684,11.967682695471627,20220200
2012-02-29,11.988391876220703,12.09605894646444,11.9428398766088,12.050507736698558,20911600
2012-03-01,12.05878734588623,12.079492364766496,11.99667070955375,12.050505022395788,27944800
2012-03-02,12.042222023010254,12.087774009805148,12.009093520753732,12.050504346035835,17570800
2012-03-05,11.938697814941406,12.050506829289887,11.89314581875959,12.02980101745908,14492400
2012-03-06,11.82275104522705,11.847598026584254,11.756494007966882,11.82275104522705,28072800
2012-03-07,11.909713745117188,11.926277609293331,11.855879409390823,11.872444063413145,21582000
2012-03-08,12.029801368713379,12.054648343635847,11.94698048850977,11.971826673586254,14517800
2012-03-09,12.083636283874512,12.096058982099068,12.042225446818607,12.0463666095088,12731600
2012-03-12,12.100203514099121,12.112627005629028,12.042228799985368,12.075357320885548,11853600
2012-03-13,12.34037971496582,12.34037971496582,12.15817333017841,12.170596026050447,38024200
2012-03-14,12.385931968688965,12.439766284762072,12.30725147049913,12.348662300590933,25483600
2012-03-15,12.419062614440918,12.448049963545566,12.36522907893886,12.435627265269874,24901000
2012-03-16,12.413246154785156,12.450635514872843,12.392474640239769,12.450635514872843,18957600
2012-03-19,12.504640579223633,12.533721011560473,12.40909036086477,12.43817079320161,17861600
2012-03-20,12.49217700958252,12.508794852029618,12.396626792658715,12.429861685170575,11426200
2012-03-21,12.48802375793457,12.566956932435124,12.483869296920602,12.512950524018377,17650000
2012-03-22,12.458943367004395,12.49217826285052,12.413245088072566,12.434017393215406,15001800
2012-03-23,12.458943367004395,12.479715672147234,12.392473575312145,12.479715672147234,19023200
2012-03-26,12.641736030578613,12.645890491718992,12.512950904756668,12.542031340356871,24374400
2012-03-27,12.637577056884766,12.687429780385733,12.62926813757091,12.654194103130315,12876000
2012-03-28,12.591885566711426,12.683282143565323,12.52957022309996,12.637583855138375,12979000
2012-03-29,12.566957473754883,12.583575318526565,12.475561704657984,12.525413654208128,11474400
2012-03-30,12.529568672180176,12.620964445338448,12.492179312164863,12.608501853588335,16014600
2012-04-02,12.662507057189941,12.679124901112713,12.500487040854967,12.525413014356715,32815600
2012-04-03,12.65420150756836,12.720672108591426,12.587731698927914,12.683282742183348,13552400
2012-04-04,12.504640579223633,12.558646983223143,12.4257074111791,12.550338061874802,18419600
2012-04-05,12.533721923828125,12.546185306757783,12.450634289061883,12.463097671991543,10119800
2012-04-09,12.446483612060547,12.508799753271763,12.37170566889586,12.38001380099239,13779800
2012-04-10,12.271997451782227,12.500487263105873,12.242916224400329,12.450634522833617,28745800
2012-04-11,12.342621803283691,12.404937931216741,12.313541366185591,12.371703032764273,18613200
2012-04-12,12.496333122253418,12.508796505736447,12.35923907346989,12.371702456952919,18139000
2012-04-13,12.301077842712402,12.463097861347546,12.288614459593383,12.463097861347546,21060800
2012-04-16,12.172294616699219,12.375859290702033,12.151523099294488,12.371704828744567,40978000
2012-04-17,12.438172340393066,12.458943853965346,12.20968172918573,12.213836190376677,20538200
2012-04-18,12.34677791595459,12.400785128402083,12.305234881619704,12.36755022550462,14212800
2012-04-19,12.20968246459961,12.417400782363508,12.139058204864583,12.305233492981701,38465200
2012-04-20,12.163985252380371,12.309387444242558,12.151521867771104,12.259535490570528,23242600
2012-04-23,12.068432807922363,12.101667703937565,11.96457365882705,12.068432807922363,31060600
2012-04-24,12.043503761291504,12.13074583631195,11.997805493786402,12.055967141260775,19248800
2012-04-25,12.384169578552246,12.396632966594755,12.305237164764572,12.305237164764572,28710400
2012-04-26,12.479716300964355,12.504642276009292,12.380010816019688,12.380010816019688,18953600
2012-04-27,12.475564002990723,12.517107037808364,12.425711251873917,12.496335520399544,11353200
2012-04-30,12.388317108154297,12.467250270150036,12.371700059113364,12.458941349438422,20123600
2012-05-01,12.429862976074219,12.554493637841626,12.363393184147277,12.380010235937801,23355800
2012-05-02,12.438172340393066,12.442326801584013,12.334313187766764,12.363393623720937,12842600
2012-05-03,12.334315299987793,12.46310044943146,12.30108039715128,12.458945987529074,18397800
2012-05-04,12.076743125915527,12.247072086728767,12.072588664385629,12.226300571461794,24187200
2012-05-07,12.043503761291504,12.105819076373411,11.981188446209597,12.001959953776158,16165400
2012-05-08,12.001969337463379,12.035204250983782,11.848258159575078,11.981197813656692,20341600
2012-05-09,12.001969337463379,12.060131030411215,11.831640306623454,11.877338609857576,20923600
2012-05-10,11.910569190979004,12.026891742180199,11.885643213001089,12.01858281872671,17288600
2012-05-11,11.918880462646484,12.047665632018141,11.869027704486294,11.88564555466726,14323000
2012-05-14,11.815014839172363,11.906410588225826,11.798396998045037,11.835786348199244,28108600
2012-05-15,11.781785011291504,11.923033552031475,11.756858238890837,11.844100357527934,16883200
2012-05-16,11.686229705810547,11.84409603723375,11.67376711653873,11.835787116130986,25618800
2012-05-17,11.520057678222656,11.7236215339306,11.515903216794024,11.70285001916994,22552600
2012-05-18,11.412044525146484,11.603145796769889,11.387118547937353,11.56575643476493,25196200
2012-05-21,11.694540977478027,11.698695438864442,11.412043942261693,11.436970710580185,17104400
2012-05-22,11.657153129577637,11.765166762488766,11.59068332353734,11.731931859468618,15628600
2012-05-23,11.669614791870117,11.702849689981807,11.461896480576426,11.569910097535042,17437400
2012-05-24,11.60314655303955,11.707005722626539,11.515904438547539,11.70285126075715,16600800
2012-05-25,11.57822036743164,11.623917862413654,11.55329359666047,11.594837422229855,10010400
2012-05-29,11.73193073272705,11.781783478660682,11.648843879347687,11.698695832898803,14668400
2012-05-30,11.657153129577637,11.694542494523127,11.59068332353734,11.628072688482831,11103000
2012-05-31,11.60314655303955,11.677925281923395,11.520058900416927,11.636381455612085,23844200
2012-06-01,11.299875259399414,11.470204193303053,11.299875259399414,11.403734404091017,24028600
2012-06-04,11.36634635925293,11.391272334986034,11.233406765499735,11.337265922167228,15706600
2012-06-05,11.436973571777344,11.449436166671878,11.324805463430407,11.337268850707629,14268000
2012-06-06,11.69869613647461,11.711159521377065,11.511749324850454,11.515903786484605,17740600
2012-06-07,11.640534400939941,11.815017814809496,11.632225478283658,11.810863353481354,13362200
2012-06-08,11.769317626953125,11.777626548264069,11.598988701990523,11.632223594851949,15210200
2012-06-11,11.60314655303955,11.873180235489205,11.582374243692605,11.864871311750427,27117400
2012-06-12,11.71946907043457,11.731932456845218,11.561603471146176,11.62807328057104,16018800
2012-06-13,11.648846626281738,11.761013944413369,11.615610926233607,11.702853054094545,22709000
2012-06-14,11.707001686096191,11.748545498083352,11.58237025013471,11.657148953235138,21162400
2012-06-15,11.831704139709473,11.860897500813811,11.73578207334738,11.752464448526677,29203400
2012-06-18,11.919281959533691,11.965157687105458,11.777484979274846,11.794167351286136,17272400
2012-06-19,12.011032104492188,12.06107842292207,11.969327767169737,11.981838750182774,13112000
2012-06-20,12.031888008117676,12.069422557245327,11.935966736106765,12.027717414274665,18961600
2012-06-21,11.748292922973633,12.040228101782466,11.731610549117416,12.02354572792625,12344600
2012-06-22,11.877581596374512,11.890093380409157,11.764977926441494,11.790001494510786,28528600
2012-06-25,11.635688781738281,11.769144584968934,11.614836610780742,11.769144584968934,10928800
2012-06-26,11.681560516357422,11.710753863895224,11.59815027014165,11.669048740787337,11241000
2012-06-27,11.752459526062012,11.785823466986837,11.702413216945224,11.73160656582206,14875400
2012-06-28,11.656540870666504,11.689904818962574,11.52308428202295,11.673222447084902,21093800
2012-06-29,11.981840133666992,11.998522506889602,11.827532158654552,11.85672551633478,17999400
2012-07-02,12.048572540283203,12.05274313514813,11.956821839633696,12.015208576823415,16942800
2012-07-03,12.144484519958496,12.144484519958496,12.031880938736247,12.04022212152137,6851000
2012-07-05,12.144484519958496,12.207041799928978,12.065244874417768,12.115290380210565,14129200
2012-07-06,11.965160369873047,12.065252238005037,11.881750082033324,12.065252238005037,13804400
2012-07-09,11.940135955810547,11.965159517655838,11.869237454834359,11.935966157629068,14639400
2012-07-10,11.806676864624023,12.027713493493634,11.764971735248356,11.986008364117966,14580200
2012-07-11,11.752459526062012,11.827528592007644,11.656538295335524,11.79833524313081,15684200
2012-07-12,11.635688781738281,11.685735105679443,11.539767522598668,11.669052732545945,19515800
2012-07-13,11.789996147155762,11.819189501203018,11.656540359820164,11.660710157147568,13778800
2012-07-16,11.777483940124512,11.835870646093895,11.752461179774665,11.789995718029042,9420600
2012-07-17,11.823357582092285,11.860892113738535,11.677390047407872,11.852550929937353,16763800
2012-07-18,12.027717590332031,12.056910952200983,11.815022073981801,11.823363261789916,16260400
2012-07-19,12.131978988647461,12.173684128574713,12.086103255181545,12.102785629336198,19684800
2012-07-20,11.99435043334961,12.123635628032265,11.986009247767699,12.111124645118638,31410600
2012-07-23,11.877581596374512,11.919286747697067,11.698250002509246,11.790001494510786,13050200
2012-07-24,11.756632804870605,11.91094076861499,11.681563721769326,11.881747413066554,15751800
2012-07-25,11.710758209228516,11.785827299585646,11.644030305679813,11.673223664049951,16461200
2012-07-26,11.890088081359863,11.940133604275488,11.823360187166202,11.881746895720845,14088000
2012-07-27,12.148662567138672,12.169515538264605,11.923456047195193,11.956820005537171,18278200
2012-07-30,12.15283203125,12.24458350475294,12.127809263685306,12.165343812762066,17853000
2012-07-31,12.202872276306152,12.269600153507985,12.177849521220224,12.186189909276173,17480600
2012-08-01,12.161170959472656,12.28211577190703,12.119465824307035,12.28211577190703,18240600
2012-08-02,12.081931114196777,12.21955750150804,12.01937381004789,12.061078944633575,13260800
2012-08-03,12.319650650024414,12.357184397691974,12.236240377418184,12.290456497790714,16377200
2012-08-06,12.407227516174316,12.461443622545508,12.357181206443203,12.365522390641573,22640400
2012-08-07,12.490640640258789,12.540686166041953,12.432253132899376,12.44893550513329,15374800
2012-08-08,12.4948148727417,12.528179629051946,12.444769329195472,12.465621506429803,17118400
2012-08-09,12.536516189575195,12.557369155893214,12.486470661330607,12.515664018716505,8787600
2012-08-10,12.56571102142334,12.569881615176321,12.469789751483024,12.494812518541494,22866200
2012-08-13,12.60324478149414,12.607415374986282,12.515664704537324,12.565710235524255,10418400
2012-08-14,12.578221321105957,12.644949222375008,12.5406867772097,12.640778629113276,12665400
2012-08-15,12.582389831542969,12.611583184083244,12.561537664145401,12.582389831542969,11301600
2012-08-16,12.753382682800293,12.774234854339602,12.632438656045455,12.649120234185032,14334000
2012-08-17,12.824280738830566,12.828451332086932,12.761723430903746,12.774234415213513,16269800
2012-08-20,12.836793899536133,12.85347547889681,12.770065991174597,12.811770337305997,16192600
2012-08-21,12.753382682800293,12.911861254693372,12.71584813766205,12.886838489754329,20252400
2012-08-22,12.774234771728516,12.807598723251258,12.678313510533044,12.724189242174074,37100000
2012-08-23,12.669973373413086,12.749213063141356,12.640780012844623,12.720019702572893,14113800
2012-08-24,12.7492094039917,12.770062366598035,12.599071255062833,12.628265402711703,12511800
2012-08-27,12.761724472045898,12.811770004286497,12.736701705925599,12.80342961255266,9647400
2012-08-28,12.732528686523438,12.778403616427314,12.694994146764385,12.749210262272326,15733800
2012-08-29,12.757551193237305,12.795085732247173,12.707504876071072,12.749210007799729,9583000
2012-08-30,12.615754127502441,12.715845965620908,12.607412942127764,12.699164390330774,12042200
2012-08-31,12.71584701538086,12.757552150238004,12.582391220205427,12.711676422349218,13221200
2012-09-04,12.71584701538086,12.75338155720636,12.590732406268714,12.70333523628593,13611800
2012-09-05,12.703340530395508,12.765898656481927,12.674147162466973,12.707511125165244,17578600
2012-09-06,12.98692798614502,12.991098578787247,12.778403126789016,12.795085497357917,15790800
2012-09-07,12.96607780456543,12.991100568792614,12.920202073932815,12.949395431441086,16006200
2012-09-10,12.828450202941895,12.97858836511874,12.828450202941895,12.94105382457453,12528400
2012-09-11,12.861811637878418,12.928539520152151,12.84095947296504,12.849299861654929,10634400
2012-09-12,12.932711601257324,12.945223378921378,12.853471933636701,12.916029231038586,10383200
2012-09-13,13.107873916625977,13.157919441729463,12.936883580847047,12.945224766850721,17639000
2012-09-14,13.170431137084961,13.228817847821288,13.128726002790753,13.141237781716796,20608200
2012-09-17,13.182944297790527,13.191284689156154,13.137068565712474,13.178773704378036,7630800
2012-09-18,13.191285133361816,13.191285133361816,13.149580788751251,13.153751382304185,10617800
2012-09-19,13.203798294067383,13.23716225051863,13.157922555649618,13.182946119582654,34489800
2012-09-20,13.178770065307617,13.195451638891923,13.112042180052116,13.157917104003312,14270400
2012-09-21,13.195524215698242,13.275091230294924,13.170398084310722,13.237401633840985,17937800
2012-09-24,13.111770629882812,13.132709740323806,13.061518362315212,13.095020140275409,9361400
2012-09-25,12.927510261535645,13.153647045781444,12.923322439767809,13.141083580477938,10879600
2012-09-26,12.835378646850586,12.910757834525453,12.764187280573797,12.9023821917293,14782000
2012-09-27,13.002888679504395,13.032203431929707,12.839567624004319,12.852131089329452,9697200
2012-09-28,12.91075611114502,13.015449235886301,12.889817805694824,12.969384005401688,16246800
2012-10-01,12.881438255310059,13.032196564790285,12.847936497508332,12.961005229618502,29855000
2012-10-02,12.898194313049316,12.96101083499624,12.801876817557076,12.940071728098847,15035400
2012-10-03,12.965203285217285,12.994518047145593,12.881449218801752,12.940077145167185,10537400
2012-10-04,13.002888679504395,13.028015610154663,12.9191346402395,12.97776254759946,7925600
2012-10-05,12.935883522033691,13.074078428465839,12.90238175073939,13.061515763446247,9157800
2012-10-08,12.801877975463867,12.88144499138014,12.780939665417897,12.843755394301134,35163800
2012-10-09,12.638558387756348,12.785128971328659,12.60086878630217,12.77675332683986,30969400
2012-10-10,12.58830451965332,12.663683717771752,12.563178386528966,12.642745406625686,26970200
2012-10-11,12.538052558898926,12.684623136728751,12.538052558898926,12.680435314648426,13798800
2012-10-12,12.52967357635498,12.605052756226165,12.504547449312978,12.54223703924857,14276400
2012-10-15,12.59249210357666,12.609243391173136,12.48361113043564,12.558990327129067,10338200
2012-10-16,12.764184951782227,12.776748413684288,12.609239582049044,12.609239582049044,22450400
2012-10-17,12.697184562683105,12.73906198064616,12.634368835111179,12.659494966390888,21197000
2012-10-18,12.550612449645996,12.709746458509342,12.50454801444468,12.663681224562813,24502400
2012-10-19,12.265849113464355,12.542238949252132,12.265849113464355,12.542238949252132,25686400
2012-10-22,12.349599838256836,12.378913782868183,12.240718902025343,12.265845824902286,12177800
2012-10-23,12.215594291687012,12.332850883408279,12.198843007693181,12.265847344923321,21124000
2012-10-24,12.14440631866455,12.286789077334733,12.12346800657881,12.253287298750303,12784600
2012-10-25,12.119278907775879,12.236534721097035,12.073213667545241,12.219784232942008,10469800
2012-10-26,12.140214920043945,12.19465579342148,12.027146151101531,12.102525330396475,19385400
2012-10-31,12.0899658203125,12.152781553196942,12.052276220832757,12.136030265096888,38869000
2012-11-01,12.286787033081055,12.299350497489456,12.127653012222387,12.152779941039192,12538200
2012-11-02,12.12765121459961,12.341225285413758,12.115088550798584,12.324474800764005,18269000
2012-11-05,12.194658279418945,12.223972233177316,12.106715619398505,12.136029573156874,12036400
2012-11-06,12.249096870422363,12.337038720966143,12.219782920241103,12.249096870422363,12140800
2012-11-07,11.943391799926758,12.123464101342321,11.909890032133989,12.119276280525082,20196800
2012-11-08,11.771697044372559,12.018772921341434,11.767509222877884,11.981083326634637,18926800
2012-11-09,11.826132774353027,11.943389336818242,11.75494143263218,11.763317072539333,28790800
2012-11-12,11.809385299682617,11.888951502821367,11.767507888230798,11.872201017487752,10224000
2012-11-13,11.750754356384277,11.859635285833416,11.687938650594976,11.72144041359894,20176000
2012-11-14,11.633502960205078,11.83032579202856,11.608376029443951,11.805199660012768,30501800
2012-11-15,11.566496849060059,11.687940459212486,11.528807260005301,11.641875228424414,17899000
2012-11-16,11.583251953125,11.625129379746925,11.394803932699077,11.57906413058826,17345200
2012-11-19,11.901515007019043,11.909890649087394,11.717254875241238,11.725630517309591,21953600
2012-11-20,11.851263046264648,11.888952640302737,11.742382884316017,11.884764818882365,29239400
2012-11-21,11.888957023620605,11.914083961406845,11.838704745539243,11.855455238651176,20198200
2012-11-23,12.081584930419922,12.089960570833233,11.947577878787076,11.964328360868665,16571000
2012-11-26,12.136032104492188,12.136032104492188,12.014588442341731,12.06065289410787,16138400
2012-11-27,12.081584930419922,12.161151916856312,12.052270987718366,12.123462333741445,21487800
2012-11-28,12.152780532836914,12.161156176183713,11.93501859829201,12.002022147575778,22532200
2012-11-29,12.211410522460938,12.253287947595352,12.156970428908012,12.211410522460938,27040800
2012-11-30,12.198843955993652,12.232345727840455,12.156967340244083,12.207219598641665,12603600
2012-12-03,12.182093620300293,12.307725066595253,12.169530156172694,12.290974579837044,15813000
2012-12-04,12.161154747009277,12.190468696532799,12.09833822803577,12.1820930541703,21323600
2012-12-05,12.039713859558105,12.136031378735662,11.9643346536816,12.136031378735662,25176600
2012-12-06,12.110901832580566,12.140215782445374,11.955955642051292,12.006208698066123,19477800
2012-12-07,12.048090934753418,12.182098072778858,11.997837858621104,12.169534604059393,47442800
2012-12-10,12.07740306854248,12.136030982869395,12.01039950967017,12.018775154215566,27452400
2012-12-11,12.240720748901367,12.311912110303862,12.152778901798687,12.173717208610219,19842000
2012-12-12,12.219783782958984,12.30772563971147,12.190469830708157,12.299350795315013,13110000
2012-12-13,12.131839752197266,12.257471988845964,12.089963138726235,12.2030311133413,17561400
2012-12-14,12.014586448669434,12.089965646545505,11.981084671696221,12.052276047607469,18332200
2012-12-17,12.161154747009277,12.165341769445307,12.01039637946521,12.014584200646459,17626200
2012-12-18,12.341226577758789,12.353790041620588,12.173717719994338,12.21559513412176,22085000
2012-12-19,12.278409957885742,12.37891526519336,12.274222136904777,12.37054042197661,18421600
2012-12-20,12.299348831176758,12.320287136942106,12.21559401062504,12.28678536847045,14209600
2012-12-21,12.193218231201172,12.21006509209587,12.096345768528488,12.138464125776501,27099200
2012-12-24,12.159518241882324,12.180577009372614,12.134246756885393,12.159518241882324,5188600
2012-12-26,12.09212875366211,12.19742420071249,12.041587388948612,12.15951857884762,8450000
2012-12-27,12.079495429992676,12.113189945422393,11.923657794042347,12.083707344838967,21490400
2012-12-28,11.944713592529297,12.066855871099907,11.932077851984602,11.982620010823021,16506800
2012-12-31,12.151093482971191,12.201634842413426,11.898384275738744,11.915231931113105,30372600
2013-01-02,12.555428504943848,12.563852333257056,12.416438551137846,12.47540454598982,30083000
2013-01-03,12.475404739379883,12.580700184905796,12.437498314723316,12.547005674471123,19579400
2013-01-04,12.424860954284668,12.475403115026106,12.3827426208902,12.462767374005649,13665800
2013-01-07,12.408014297485352,12.437497695570908,12.336414169298942,12.386955530764697,15376000
2013-01-08,12.361687660217285,12.433288608021213,12.294298627383075,12.408017118202904,11130400
2013-01-09,12.382741928100586,12.408012605387265,12.357471250813905,12.37431810122491,23198600
2013-01-10,12.445923805236816,12.47540721063045,12.34062833885295,12.471195295574217,19470600
2013-01-11,12.462770462036133,12.479617317564005,12.416440203488449,12.441711691791143,10115800
2013-01-14,12.382741928100586,12.412224518825102,12.336412486965063,12.378530014662747,19463000
2013-01-15,12.302716255187988,12.327987733916427,12.25638681753309,12.327987733916427,16168400
2013-01-16,12.34483814239502,12.395380311084214,12.294296777046343,12.311143631049061,17444800
2013-01-17,12.395379066467285,12.441709316168662,12.38274332472861,12.408014004865525,12706200
2013-01-18,12.378528594970703,12.382740507925476,12.315351507329602,12.349046007627539,15481000
2013-01-22,12.412224769592285,12.412224769592285,12.319565082108868,12.386954091795056,12799000
2013-01-23,12.542793273925781,12.589122721889307,12.509098764797551,12.525945617691434,18974600
2013-01-24,12.327991485595703,12.441710764460103,12.311143827982965,12.344838339867913,26757000
2013-01-25,12.340625762939453,12.420650525622651,12.323778909571693,12.37432027301546,32417000
2013-01-28,12.382741928100586,12.424860259138617,12.332200573527226,12.357471250813905,14428400
2013-01-29,12.399590492248535,12.42907308513771,12.302718082746443,12.361684071865197,13582800
2013-01-30,12.361687660217285,12.450135464559445,12.344840000338413,12.391170261664671,11926600
2013-01-31,12.382741928100586,12.475402417052322,12.370106991127418,12.403801495289773,10834600
2013-02-01,12.521734237670898,12.551216833997943,12.44171027716621,12.488039727105635,14645000
2013-02-04,12.357476234436035,12.496466220576291,12.34905240416313,12.479618560030481,21763600
2013-02-05,12.50067138671875,12.547001624865802,12.391164062314958,12.403799800902402,19259200
2013-02-06,12.496460914611816,12.547003071448511,12.445918757775122,12.445918757775122,14869600
2013-02-07,12.496460914611816,12.521731591359998,12.378529750886416,12.509096654656073,19868600
2013-02-08,12.60597038269043,12.635452977770754,12.542793278469668,12.547005192529781,18265200
2013-02-11,12.631239891052246,12.643875632059506,12.580698533703979,12.62281606371407,12871200
2013-02-12,12.589122772216797,12.643876851856852,12.56806400518014,12.618605367404303,10737800
2013-02-13,12.584909439086914,12.635451598952491,12.547003823363205,12.605969007089396,17994600
2013-02-14,12.55121898651123,12.568066646353458,12.49225378374471,12.513312555206856,12739000
2013-02-15,12.542793273925781,12.605970378123656,12.504886850738965,12.559640126819664,10023400
2013-02-19,12.627026557922363,12.627026557922363,12.563849466668856,12.563849466668856,9237200
2013-02-20,12.454343795776367,12.63124015689918,12.450131882018633,12.622816329383712,13324400
2013-02-21,12.353262901306152,12.42065192907267,12.311144558116933,12.412228099766711,33263200
2013-02-22,12.50488567352295,12.509097587185025,12.391166414668085,12.437496661610524,17345400
2013-02-25,12.327991485595703,12.614395238288026,12.319567656789335,12.572276897596709,16158600
2013-02-26,12.399590492248535,12.424861171390626,12.302718082746443,12.361684071865197,15219000
2013-02-27,12.50488567352295,12.5680627717733,12.370107649698097,12.382742587343934,16499400
2013-02-28,12.479618072509766,12.589125451757578,12.479618072509766,12.509101477313155,13330400
2013-03-01,12.50067138671875,12.530153973415878,12.36168147561783,12.420646649012088,11010400
2013-03-04,12.538578033447266,12.547001859329642,12.44591755542163,12.462765207186383,9996800
2013-03-05,12.71126651763916,12.740749114327917,12.610182984703204,12.610182984703204,24873600
2013-03-06,12.702839851379395,12.757593921576042,12.681781087974732,12.753382008227042,14349800
2013-03-07,12.73232650756836,12.753386081038755,12.690208163968155,12.70705582274447,10654000
2013-03-08,12.757596015930176,12.791290524913299,12.719689592906603,12.791290524913299,11980400
2013-03-11,12.787079811096191,12.795502836627229,12.694419300189933,12.732325726771487,10737000
2013-03-12,12.740751266479492,12.77444578314978,12.685997978143018,12.753387011483591,9704200
2013-03-13,12.73232650756836,12.782868680556723,12.690208163968155,12.736538422262438,10970800
2013-03-14,12.824984550476074,12.833407574899015,12.774442387236274,12.774442387236274,11512200
2013-03-15,12.771698951721191,12.835134379613386,12.737866669737006,12.826676107461033,19710200
2013-03-18,12.775925636291504,12.830903591578247,12.65328393237322,12.670199667874824,12344800
2013-03-19,12.759011268615723,12.835134103096477,12.653285288864723,12.809760093811297,14551600
2013-03-20,12.822449684143066,12.852052836314012,12.784388258030308,12.830907958084879,14613800
2013-03-21,12.678662300109863,12.729411137321371,12.649059147830402,12.6955788480555,11593600
2013-03-22,12.759011268615723,12.775927005930773,12.69980497807523,12.712491579405215,6818400
2013-03-25,12.729406356811523,12.835132321890315,12.682886674056824,12.813986644899497,9150200
2013-03-26,12.809757232666016,12.813985561081443,12.76323755384599,12.792840692504177,8449600
2013-03-27,12.775925636291504,12.784383907354869,12.6998036165966,12.720948487629887,14460800
2013-03-28,12.801301956176758,12.813988557639874,12.72517912089718,12.746323994419186,14831800
2013-04-01,12.71672534942627,12.813993092651973,12.682893055842307,12.813993092651973,9260000
2013-04-02,12.767468452453613,12.822445602323507,12.737865309706352,12.763239316828985,8435600
2013-04-03,12.665970802307129,12.801299907086522,12.644825125544667,12.78015423032406,16947400
2013-04-04,12.670202255249023,12.695577073620893,12.610995958965242,12.665973925479003,11271400
2013-04-05,12.5729341506958,12.594079832020919,12.46297902768098,12.496811311175904,14025000
2013-04-08,12.627910614013672,12.627910614013672,12.534871240496384,12.581390927255027,12646000
2013-04-09,12.71672534942627,12.750557643010232,12.60254105609583,12.657519037310712,11940200
2013-04-10,12.94085693359375,12.953543531836356,12.74209162379275,12.750549893704497,21103800
2013-04-11,12.898571014404297,12.919715890138445,12.84359385352033,12.873197002198259,12486400
2013-04-12,12.843592643737793,12.877424925700833,12.759011535517583,12.83936350766426,11499000
2013-04-15,12.632143020629883,12.8224493394525,12.632143020629883,12.79707532493456,32840200
2013-04-16,12.788612365722656,12.805528906953645,12.691344673519719,12.725176949356614,16621000
2013-04-17,12.52641487121582,12.682888874976019,12.471436908124218,12.67443060271189,24093000
2013-04-18,12.395315170288086,12.585622279982374,12.361482884856358,12.581393143475244,31544800
2013-04-19,12.4122314453125,12.458750332624628,12.306505454818568,12.369940887789868,17220000
2013-04-22,12.509498596191406,12.543330879351565,12.395314338041397,12.454521438540619,14642600
2013-04-23,12.64482593536377,12.69134562059538,12.530641693408986,12.568703107393913,24907600
2013-04-24,12.665970802307129,12.699803078501978,12.551786567665106,12.564473167097493,11095800
2013-04-25,12.70826530456543,12.775929882310091,12.678662152630316,12.695578700379178,12937600
2013-04-26,12.704036712646484,12.742097331046875,12.653287877070335,12.687120165245975,10734200
2013-04-29,12.885880470275879,12.919712747195414,12.733635627450532,12.733635627450532,16512000
2013-04-30,13.025443077087402,13.029672213947297,12.873198183258065,12.902801334651953,26792000
2013-05-01,12.911258697509766,13.025442158170023,12.898571287825149,13.00852641854919,17378400
2013-05-02,13.076189994812012,13.093105733145073,12.923944316688146,12.928173452927727,12827000
2013-05-03,13.198830604553223,13.22843455573009,13.169227460001547,13.186144003531185,20859400
2013-05-06,13.262269020080566,13.27918475977055,13.21574932433879,13.232665870654099,14483000
2013-05-07,13.253808975219727,13.291870392715989,13.186144412254201,13.2707247126485,12561000
2013-05-08,13.359536170959473,13.363765307357683,13.215748759921503,13.241122771685472,16986800
2013-05-09,13.32147216796875,13.401824130709949,13.2834107543874,13.334159574704245,20527800
2013-05-10,13.359536170959473,13.38068104632523,13.300329874635118,13.346848761764843,9388600
2013-05-13,13.325705528259277,13.363766953907422,13.304559843662869,13.346850406230296,9465800
2013-05-14,13.367993354797363,13.414512238137654,13.31301539272444,13.31301539272444,14746800
2013-05-15,13.410284996032715,13.414514132683705,13.329933819539937,13.359536969471522,12837600
2013-05-16,13.482177734375,13.562529711703263,13.439887984163022,13.444117120509276,18301800
2013-05-17,13.617507934570312,13.621736264371084,13.499094534516335,13.532926819299572,34379200
2013-05-20,13.617507934570312,13.66402762863175,13.570988240508875,13.583674843161779,16182200
2013-05-21,13.575215339660645,13.617506700087425,13.524467320398953,13.587903554413902,16769000
2013-05-22,13.427200317382812,13.655568835945198,13.372223159187385,13.596362541484696,28816800
2013-05-23,13.422972679138184,13.469492376620385,13.283414393316935,13.313017543850934,34028800
2013-05-24,13.401823043823242,13.410280507669205,13.308783681892034,13.334158493305129,10553400
2013-05-28,13.465261459350586,13.592132318184348,13.435658312731057,13.549842569656592,12611800
2013-05-29,13.43143081665039,13.473721376967449,13.334163092558903,13.397598529721815,16462000
2013-05-30,13.516010284423828,13.570988251381445,13.427200839281166,13.444117384998986,17675000
2013-05-31,13.389137268066406,13.58367267283182,13.380678996565694,13.465260098322496,13932600
2013-06-03,13.456809043884277,13.461038181902778,13.313021577757716,13.40606100091349,20009200
2013-06-04,13.397598266601562,13.545614014866308,13.359536843726247,13.46949197574101,18547200
2013-06-05,13.266495704650879,13.397595687862394,13.249579161462206,13.363763408110223,15854600
2013-06-06,13.296098709106445,13.317243581245265,13.156540455764807,13.270723894589663,29453600
2013-06-07,13.418743133544922,13.4314305433695,13.296101398408652,13.363765970889075,13022800
2013-06-10,13.448343276977539,13.50332123396912,13.42719840528856,13.469488955291666,12782000
2013-06-11,13.30878734588623,13.444117290804726,13.291871606912226,13.325703891485528,14615200
2013-06-12,13.219974517822266,13.406052438662957,13.190371377225468,13.380677626758487,17901400
2013-06-13,13.372221946716309,13.397595955380803,13.173456593406401,13.194602272814473,15217200
2013-06-14,13.270726203918457,13.397597878704671,13.258039601077552,13.3553073204426,11558600
2013-06-17,13.3933687210083,13.473720700916472,13.338391559992377,13.355307299295236,13176800
2013-06-18,13.49909496307373,13.532927248931045,13.410284708557453,13.418742981678113,12637600
2013-06-19,13.342623710632324,13.516014322921484,13.334166241871674,13.511785991853927,22447400
2013-06-20,13.046586990356445,13.26649723746665,13.016983842981086,13.203060999804856,31563000
2013-06-21,12.967955589294434,13.08271645193297,12.878696870342727,13.06571448234273,24222200
2013-06-24,12.810689926147461,12.899948640310871,12.725682514852082,12.853194037144394,22370400
2013-06-25,12.916948318481445,12.967953407974148,12.836191408607391,12.942451268576994,16527600
2013-06-26,12.993456840515137,13.048712427189615,12.955203222263105,13.044461935084003,40940600
2013-06-27,13.05721664428711,13.125222917640267,13.04871646814201,13.06996812455285,13088600
2013-06-28,13.001957893371582,13.069964146023468,12.904199006521806,12.950952798533427,18291200
2013-07-01,13.069966316223145,13.171975712139101,13.05721483772167,13.099718955361306,19152800
2013-07-02,13.09121322631836,13.180471922090106,13.01470681512613,13.06146059796055,28990400
2013-07-03,13.16772174835205,13.22722782164145,13.057211395898484,13.057211395898484,23194200
2013-07-05,13.252734184265137,13.261235170400841,13.112471155820646,13.244233198129432,28408200
2013-07-08,13.244233131408691,13.333491863986612,13.21022999773583,13.320740384847293,15658000
2013-07-09,13.295233726501465,13.316485373824815,13.231477163134656,13.29948421810581,24937800
2013-07-10,13.337738990783691,13.380243102405517,13.2867347053963,13.290985197628332,17662800
2013-07-11,13.563010215759277,13.575761692456192,13.46100083427946,13.473752310976375,20648400
2013-07-12,13.571510314941406,13.588511472063125,13.52050522217936,13.575760806896447,14418000
2013-07-15,13.609762191772461,13.622512855308912,13.529004476348788,13.58000956258962,9100000
2013-07-16,13.618268013000488,13.631018681067095,13.575763894481657,13.601266041313503,9948400
2013-07-17,13.63101863861084,13.68202293211567,13.605515681159797,13.660771278271763,10961000
2013-07-18,13.597010612487793,13.665017663849596,13.56725798353482,13.639514715577043,8532400
2013-07-19,13.36749267578125,13.469502059081226,13.33348954801459,13.456750582156786,27199000
2013-07-22,13.405742645263672,13.422743799168066,13.36323854445525,13.392991171811657,10077200
2013-07-23,13.35049057006836,13.44399896779612,13.346240077803666,13.422747317171153,9169000
2013-07-24,13.439748764038086,13.50775501623385,13.41424581144082,13.499254032034761,11583000
2013-07-25,13.448246002197266,13.465247966884435,13.38449025601698,13.426994357036603,9657600
2013-07-26,13.486502647399902,13.486502647399902,13.354740634212371,13.388743760541361,12054000
2013-07-29,13.465250015258789,13.507754122744267,13.435497383228482,13.45674903162201,7955400
2013-07-30,13.533255577087402,13.588510346529302,13.503502946564966,13.516253610675507,11122600
2013-07-31,13.486502647399902,13.609764487029045,13.465250997456213,13.558759392186317,13681800
2013-08-01,13.63101863861084,13.643769306637735,13.571513359288996,13.575763852197502,15494600
2013-08-02,13.690522193908691,13.69902317865519,13.605513967840743,13.631016922080244,8849800
2013-08-05,13.720274925231934,13.737276894843163,13.656519971285418,13.660769652989693,8738200
2013-08-06,13.648019790649414,13.720275733659014,13.609766167468695,13.720275733659014,9372400
2013-08-07,13.614012718200684,13.65226633258307,13.55875794781412,13.618264020574719,10500000
2013-08-08,13.656519889831543,13.686272525775204,13.575762156056943,13.677771541020293,10117000
2013-08-09,13.588512420654297,13.66502047048749,13.546009119533695,13.635267835423665,7339200
2013-08-12,13.677770614624023,13.69052128019426,13.512005476623179,13.512005476623179,9966200
2013-08-13,13.771278381347656,13.796779709825552,13.626764908184741,13.69477115312042,9431000
2013-08-14,13.758524894714355,13.801029807461836,13.711770301390443,13.767025877263851,10591400
2013-08-15,13.537507057189941,13.622514463361462,13.516254597623233,13.622514463361462,14072200
2013-08-16,13.52475643157959,13.59276268507087,13.495003797014466,13.537507908121139,14471200
2013-08-19,13.482251167297363,13.618264473344805,13.482251167297363,13.533256258402456,9623600
2013-08-20,13.503501892089844,13.567257639759067,13.469498772619703,13.520503046475756,6635800
2013-08-21,13.473750114440918,13.575759479290829,13.439746992824281,13.50350274451818,12131600
2013-08-22,13.533255577087402,13.550256732800918,13.448247366424686,13.512003929770913,12098200
2013-08-23,13.63101863861084,13.660771278271763,13.592765013132903,13.648020610244869,10137000
2013-08-26,13.5672607421875,13.686272092896502,13.563010249944483,13.622515519949733,13585400
2013-08-27,13.329238891601562,13.486503051574235,13.299486256509354,13.439749258157267,13703000
2013-08-28,13.337738990783691,13.405746055797712,13.303735863625931,13.312236848089997,9001200
2013-08-29,13.40999698638916,13.478003247039041,13.346241218367217,13.363243188878975,9575400
2013-08-30,13.34623908996582,13.43974829147089,13.312235965063552,13.43974829147089,14343200
2013-09-03,13.358985900878906,13.45674474949838,13.307980825987176,13.401489994838988,14790000
2013-09-04,13.486502647399902,13.50775510804207,13.371741792027626,13.388743760541361,14321200
2013-09-05,13.495004653930664,13.541759260186712,13.47375300237712,13.503505638831498,7428000
2013-09-06,13.503501892089844,13.56300714848801,13.392991551137309,13.537505011559984,10285800
2013-09-09,13.665019989013672,13.69477262302919,13.571510784166646,13.584261449774168,11429200
2013-09-10,13.75002670288086,13.779779337144396,13.699022418628646,13.745777021441908,13548800
2013-09-11,13.686273574829102,13.72027589505797,13.626768298380695,13.635269283787206,18665400
2013-09-12,13.699021339416504,13.745775938546428,13.660767723891734,13.694771658312346,12104600
2013-09-13,13.711772918701172,13.741527174002233,13.665019937849658,13.724525205657896,7982400
2013-09-16,13.690522193908691,13.818033722312087,13.652268573247968,13.818033722312087,16322400
2013-09-17,13.758524894714355,13.788277522939275,13.70752062081401,13.711770301390443,12802800
2013-09-18,13.932793617248535,13.949795585561464,13.767028479689824,13.801032416315682,17652600
2013-09-19,13.941292762756348,13.9880473587522,13.932791779721036,13.954045048007679,13298400
2013-09-20,13.842206954956055,14.000232311709352,13.829394572562398,13.991690180365259,15559200
2013-09-23,13.88491439819336,13.966063822080784,13.812308733920167,13.931895300602967,16087000
2013-09-24,13.82512092590332,13.889186088176254,13.76959952312785,13.859289446914154,9495000
2013-09-25,13.803772926330566,13.859295984541811,13.761063884165315,13.8422117159775,9182600
2013-09-26,13.855023384094238,13.919088573264467,13.81231434414438,13.859295265636488,10130600
2013-09-27,13.769603729248047,13.795228498588864,13.722622813129544,13.773873981056433,12399000
2013-09-30,13.684186935424805,13.735438114233812,13.585954015899075,13.62439280731723,15044200
2013-10-01,13.803772926330566,13.833669581695347,13.684186304871446,13.696998691671917,16354000
2013-10-02,13.8080415725708,13.825124207886754,13.705537614449367,13.726892130528165,16256000
2013-10-03,13.688451766967773,13.820852358137866,13.62011634587078,13.816580477869017,12985200
2013-10-04,13.743976593017578,13.765331109403906,13.667099030630668,13.675641163034232,10681600
2013-10-07,13.684186935424805,13.7653347709762,13.641477076668766,13.64574814400665,9135400
2013-10-08,13.466365814208984,13.69272746890991,13.453552613693674,13.675643201556163,16185400
2013-10-09,13.51761245727539,13.568864427539403,13.40229613514819,13.504800075676211,20539800
2013-10-10,13.743976593017578,13.761060857824708,13.624389183235431,13.632931315638995,16409600
2013-10-11,13.859291076660156,13.859291076660156,13.705535972520503,13.718348354783824,17817200
2013-10-14,13.906272888183594,13.91908527128002,13.756788025330069,13.778142540239129,14279600
2013-10-15,13.820853233337402,13.940439820518671,13.816581352798039,13.872104395094366,14500600
2013-10-16,13.95324993133545,13.974606072064269,13.87210213599823,13.880644266440799,16384400
2013-10-17,13.957527160644531,13.97033954659656,13.833668665623538,13.863565319008547,14842200
2013-10-18,14.196701049804688,14.205241553693932,14.055758296952588,14.102739214569954,15869400
2013-10-21,14.273578643798828,14.31201743273661,14.243681988985609,14.256496004795197,10803000
2013-10-22,14.269307136535645,14.337642574277321,14.192429565420591,14.324830188839929,32716200
2013-10-23,14.200968742370605,14.230865388330733,14.136903570030327,14.200968742370605,10266600
2013-10-24,14.235137939453125,14.277846970195581,14.179614896091863,14.218053675458108,7067200
2013-10-25,14.307741165161133,14.371806329538883,14.265032141739171,14.337637807405466,6762600
2013-10-28,14.35472583770752,14.367538222249395,14.286390404742114,14.346183704931189,10021000
2013-10-29,14.448683738708496,14.48285063127459,14.38034669508672,14.435869728407017,9950000
2013-10-30,14.418785095214844,14.487120507827436,14.358991812834422,14.47858000684002,11149000
2013-10-31,14.371813774108887,14.452961612342948,14.354729504192562,14.388896414779559,57424000
2013-11-01,14.376081466674805,14.457229290456945,14.320558413957885,14.431604519391723,9270400
2013-11-04,14.431601524353027,14.444413907226641,14.376078483158992,14.418787512234388,11953400
2013-11-05,14.393165588378906,14.435874625887088,14.34191441752002,14.376081321677495,9023800
2013-11-06,14.538379669189453,14.542649921557103,14.448689706259605,14.465772344975672,10501600
2013-11-07,14.350457191467285,14.564005671276297,14.333374551309223,14.5383808964164,21070600
2013-11-08,14.478582382202148,14.487122884590724,14.312013259214604,14.380348683038333,17894400
2013-11-11,14.495665550231934,14.50847956277689,14.435872255839065,14.474311034983778,15659800
2013-11-12,14.534103393554688,14.564000038826137,14.431601075265428,14.431601075265428,9419400
2013-11-13,14.657965660095215,14.662237541525794,14.46577172685407,14.474313860469833,13496800
2013-11-14,14.619525909423828,14.632338294379913,14.542648341196738,14.56400285920531,16957000
2013-11-15,14.649419784545898,14.662233796319128,14.602438876282344,14.610981007716171,15412600
2013-11-18,14.593894958496094,14.679314633133657,14.563998316759664,14.67504438256193,10479800
2013-11-19,14.542642593383789,14.649416770470665,14.51701783359951,14.57681111208902,8898200
2013-11-20,14.495665550231934,14.628066151562626,14.4614986516839,14.55546047386988,8652200
2013-11-21,14.619525909423828,14.623797790572716,14.534106208144252,14.534106208144252,10782000
2013-11-22,14.589622497558594,14.619519134765605,14.568267989445662,14.619519134765605,6221800
2013-11-25,14.589622497558594,14.628061263859685,14.55545561042681,14.615248884840833,18360800
2013-11-26,14.64087963104248,14.679318413065149,14.581086332172816,14.593898716431973,10631800
2013-11-27,14.756199836730957,14.764741971553068,14.670780117755463,14.670780117755463,13210800
2013-11-29,14.81599235534668,14.858703027162885,14.777553565334864,14.781825447139255,8466000
2013-12-02,14.769009590148926,14.858699536021453,14.734841060724065,14.828802887397277,9883200
2013-12-03,14.80317211151123,14.820256371170093,14.717752442461599,14.717752442461599,11455800
2013-12-04,14.81599235534668,14.871515414084978,14.717760254037717,14.760470925853923,13147800
2013-12-05,14.769009590148926,14.854427655220768,14.74765344463581,14.854427655220768,8537400
2013-12-06,14.871516227722168,14.90568476704453,14.824535300776732,14.871516227722168,8796600
2013-12-09,14.91849136352539,14.96120039185369,14.884322837466755,14.914219483145564,7997200
2013-12-10,14.888598442077637,14.92276534743778,14.871514174774862,14.914223213786393,16249800
2013-12-11,14.75192928314209,14.939851357659832,14.730574761145055,14.909954701014863,15075400
2013-12-12,14.65368938446045,14.75619168722487,14.649417504785841,14.75619168722487,11008200
2013-12-13,14.606710433959961,14.726297012901902,14.606710433959961,14.726297012901902,9705400
2013-12-16,14.75192928314209,14.79036807443499,14.666509565908356,14.68359383520422,12029000
2013-12-17,14.74765396118164,14.794634876163782,14.726299444165726,14.739111828526232,11153800
2013-12-18,14.862966537475586,14.871508667963885,14.534101845277707,14.734837838640715,34219600
2013-12-19,14.888598442077637,14.914223213786393,14.833075387966325,14.858701788920484,17322600
2013-12-20,15.004911422729492,15.039248391266911,14.910488033805139,14.927654880797073,17653800
2013-12-23,15.202342987060547,15.206635926457484,15.107919604924492,15.142254933716696,14570800
2013-12-24,15.245267868041992,15.245267868041992,15.202346650113912,15.206639590545246,5228200
2013-12-26,15.283897399902344,15.30106588848261,15.249560422741812,15.27531315561221,7160400
2013-12-27,15.271014213562012,15.32251801626348,15.253845733569399,15.32251801626348,7649000
2013-12-30,15.240968704223633,15.266721424464802,15.219508922660852,15.258137184384413,9277600
2013-12-31,15.339689254760742,15.348271859024072,15.258139778769145,15.27530826184913,13689400
2014-01-02,15.189469337463379,15.288185671305735,15.163718246977377,15.288185671305735,17105000
2014-01-03,15.116501808166504,15.228093658290195,15.10791756780677,15.228093658290195,10409600
2014-01-06,15.090750694274902,15.146547443917404,15.034953944632402,15.099334935548873,9049400
2014-01-07,15.228095054626465,15.249554838855333,15.12937873735239,15.159422762728127,14323600
2014-01-08,15.228095054626465,15.27959886423107,15.176591245021857,15.23667929577333,9392800
2014-01-09,15.129378318786621,15.29247562151168,15.0907500533327,15.29247562151168,12683800
2014-01-10,15.159424781799316,15.20234435597348,15.08216823846438,15.172300326596204,25920200
2014-01-13,14.996322631835938,15.219507947801159,14.949111770332383,15.146544367705982,12890600
2014-01-14,15.249555587768555,15.258139829336995,15.039247399810064,15.056415882946947,12838800
2014-01-15,15.434112548828125,15.472740816898714,15.313936442509243,15.335396227598093,19348000
2014-01-16,15.429818153381348,15.45556923541478,15.395481194301672,15.442693694398063,13862600
2014-01-17,15.343976020812988,15.434108074422529,15.309639064803918,15.404064056552683,12677400
2014-01-21,15.421229362487793,15.464148911394618,15.29246907849148,15.464148911394618,12588400
2014-01-22,15.404067039489746,15.429819761483461,15.36543877513742,15.404067039489746,8431800
2014-01-23,15.374022483825684,15.374022483825684,15.271014873968108,15.335394220809983,12836000
2014-01-24,15.077873229980469,15.335393886283283,15.073580291252128,15.30964116574244,30993400
2014-01-27,14.936235427856445,15.107916953517703,14.863271843680051,15.099332713507003,16028000
2014-01-28,14.846105575561523,14.871858299430489,14.760264799941583,14.803186006389861,26291000
2014-01-29,14.730224609375,14.81606540734531,14.674427845102741,14.721640365850265,22438800
2014-01-30,14.910487174987793,14.96199098755062,14.828937698046913,14.906194235529492,16659800
2014-01-31,14.944822311401367,15.017787545760681,14.786017936304027,14.790309238430265,21887000
2014-02-03,14.631507873535156,14.966285175663259,14.575711110754806,14.910490050159908,31951600
2014-02-04,14.687298774719238,14.725927035492909,14.614333554468372,14.657254753814865,11451400
2014-02-05,14.700173377990723,14.743092937322535,14.55853588509851,14.65725381865891,18406200
2014-02-06,14.86327075958252,14.867562060636686,14.713049026266702,14.713049026266702,18279400
2014-02-07,15.064996719360352,15.06928965827913,14.893316819968163,14.957696168261556,20929600
2014-02-10,15.095039367675781,15.120792087013202,15.026367086718983,15.06499534708695,13517400
2014-02-11,15.27960205078125,15.322523265466767,15.142257438341455,15.159425924215661,14082800
2014-02-12,15.339689254760742,15.365440342104057,15.305352288600771,15.318227832272429,16095600
2014-02-13,15.451279640197754,15.464155182636103,15.232387232363282,15.253847015519366,13828600
2014-02-14,15.4813232421875,15.511367265242585,15.399775413506049,15.438403677044938,24752600
2014-02-18,15.489911079406738,15.52853935191506,15.446991504298312,15.498495321883793,11893000
2014-02-19,15.438405990600586,15.52853807327278,15.404069023519728,15.459865776387769,17223400
2014-02-20,15.489911079406738,15.524246412038112,15.369734959281674,15.43840726182126,13394000
2014-02-21,15.429818153381348,15.562869776624279,15.425525214858226,15.537118694590847,12745200
2014-02-24,15.489911079406738,15.567167624423378,15.4126545343901,15.4126545343901,15690400
2014-02-25,15.446991920471191,15.51995552757667,15.40836364692215,15.515664224860947,11223200
2014-02-26,15.45986557006836,15.51995362438125,15.399777515755467,15.45557263060219,11641400
2014-02-27,15.584333419799805,15.59291766079537,15.442695899287791,15.455571442142862,10898800
2014-02-28,15.601503372192383,15.644424585719731,15.425530489922458,15.575752281352857,19402000
2014-03-03,15.434112548828125,15.472740816898714,15.309643503125482,15.408361461632165,18054600
2014-03-04,15.635838508605957,15.678758079821066,15.580041756204961,15.601501541812516,23209800
2014-03-05,15.657299995422363,15.687344025992646,15.627255964852083,15.670175540730522,17861600
2014-03-06,15.678754806518555,15.708798827552085,15.644419484170099,15.678754806518555,17330800
2014-03-07,15.631547927856445,15.730265903645389,15.567168561319193,15.7216816606517,14394800
2014-03-10,15.605798721313477,15.657302548220265,15.545710650376034,15.622967209374785,15115400
2014-03-11,15.571450233459473,15.687334986285801,15.528530682313097,15.63153825997477,18913200
2014-03-12,15.597210884094238,15.614379368200378,15.455573346133725,15.507078798452143,12712200
2014-03-13,15.386896133422852,15.644418400948984,15.331101033810324,15.640125462654952,18794800
2014-03-14,15.292474746704102,15.408359536436663,15.279597567438406,15.356854093926781,17879600
2014-03-17,15.472740173339844,15.515661379008971,15.365439615081902,15.395483640412,32889800
2014-03-18,15.674469947814941,15.691638434684036,15.48132856373019,15.48132856373019,13728000
2014-03-19,15.610078811645508,15.717379329036785,15.51136253211865,15.644415763103177,15578800
2014-03-20,15.730259895324707,15.77317945662268,15.56716261529505,15.592915334439622,11791000
2014-03-21,15.651379585266113,15.83673066605778,15.621206306469366,15.802245979249857,18219400
2014-03-24,15.638440132141113,15.759134838600705,15.509125902088368,15.698786663211086,20708200
2014-03-25,15.733275413513184,15.767760094104109,15.608270912851191,15.668617459565237,15252600
2014-03-26,15.54361629486084,15.836729534503403,15.54361629486084,15.806554613542321,15026800
2014-03-27,15.48757553100586,15.560852999954113,15.405676893183726,15.534991137652296,25854800
2014-03-28,15.54792594909668,15.647066949409181,15.4832679885658,15.5349950147186,12711600
2014-03-31,15.668624877929688,15.728973097535878,15.62552065110326,15.647072764516473,14567000
2014-04-01,15.853963851928711,15.853963851928711,15.6944763618243,15.698786123472706,14048400
2014-04-02,15.86259651184082,15.910012145923384,15.802249939125115,15.897081207290242,21009400
2014-04-03,15.78500747680664,15.918633204221896,15.7375918430683,15.884148509022822,15525200
2014-04-04,15.483271598815918,15.892768274247008,15.440167377958172,15.866906399460609,20191600
2014-04-07,15.362576484680176,15.504823354951858,15.302229925529915,15.41861328002845,22362600
2014-04-08,15.50051212310791,15.522064231003759,15.345334315345113,15.392749939308239,14659400
2014-04-09,15.707414627075195,15.711726035056788,15.504822848589978,15.552238470465356,13313800
2014-04-10,15.345337867736816,15.733282476951619,15.319475990003037,15.707418954897028,16173600
2014-04-11,15.172916412353516,15.362577271441754,15.159983831644421,15.241884146960192,28508800
2014-04-14,15.323780059814453,15.37981684794642,15.216017891117698,15.272054679249667,9984600
2014-04-15,15.401368141174316,15.440162585633502,15.142739607659832,15.349642763335442,17178600
2014-04-16,15.552247047424316,15.556556813462358,15.379826808119866,15.48758904660483,27999400
2014-04-17,15.530681610107422,15.591028155206075,15.3970575871947,15.478956234925725,15763400
2014-04-21,15.591034889221191,15.608277236502342,15.50051503247625,15.543620900679132,7052000
2014-04-22,15.655692100524902,15.690176793393688,15.569482012673598,15.599655296773456,10957000
2014-04-23,15.48757553100586,15.62982070662534,15.483264124409004,15.62982070662534,22848200
2014-04-24,15.6082763671875,15.746211849112818,15.504825577903835,15.741902084692935,10021400
2014-04-25,15.409989356994629,15.552236201871313,15.37550467545357,15.513441757297683,12804000
2014-04-28,15.556550979614258,15.608276374279592,15.353957521054108,15.461719719127268,24138200
2014-04-29,15.664313316345215,15.698796364987126,15.565172290558806,15.595345574740728,10952200
2014-04-30,15.711726188659668,15.750520639271484,15.599652600527586,15.642758459163145,18331200
2014-05-01,15.72896671295166,15.806553960881423,15.690172266826686,15.707412963966531,9955400
2014-05-02,15.685868263244629,15.772078366916935,15.67293732320612,15.767768601677751,13440200
2014-05-05,15.767763137817383,15.767763137817383,15.591031582153818,15.647068376771037,8164400
2014-05-06,15.591034889221191,15.737591552469507,15.586725124561273,15.737591552469507,9399800
2014-05-07,15.599653244018555,15.638447696230655,15.422923327123527,15.61689558818403,13653800
2014-05-08,15.642759323120117,15.7806947897314,15.539306901001423,15.560859009349349,7574800
2014-05-09,15.660002708435059,15.66862223689079,15.547929106663654,15.6298277815577,14877000
2014-05-12,15.871217727661133,15.879838901546279,15.724661060255213,15.73328223414036,11186800
2014-05-13,15.87983512878418,15.922939343648343,15.836730913920016,15.89276606437935,11488200
2014-05-14,15.806553840637207,15.884142732296919,15.772070802299654,15.853969457131495,10223200
2014-05-15,15.711726188659668,15.845350239628965,15.647068222866514,15.832419304198485,14576600
2014-05-16,15.810868263244629,15.819489435553109,15.660001858647451,15.70741583986336,11607400
2014-05-19,15.914320945739746,15.935874701249128,15.754833349758556,15.754833349758556,6597000
2014-05-20,15.823797225952148,15.944491978896938,15.772071842873114,15.931559399886968,8474200
2014-05-21,15.931556701660156,15.93586810870671,15.83672712279599,15.83672712279599,8322800
2014-05-22,15.961736679077148,16.013463719445816,15.910011283029174,15.931563394355772,6350000
2014-05-23,16.095354080200195,16.103975249138518,15.974661003703389,16.00052286619851,6624200
2014-05-27,16.233293533325195,16.23760329670668,16.129841124646816,16.13415253234855,11349000
2014-05-28,16.190195083618164,16.25485142327032,16.177262500231063,16.24192048420406,13553800
2014-05-29,16.285024642944336,16.289336052162394,16.207435720227604,16.24623018158597,9328000
2014-05-30,16.302261352539062,16.323813458212403,16.23329362779221,16.28933041799911,12438400
2014-06-02,16.276403427124023,16.34106141066257,16.20743567869929,16.328130471683192,10923000
2014-06-03,16.250534057617188,16.289328500991786,16.19880868122441,16.250534057617188,11338600
2014-06-04,16.280712127685547,16.302264237172466,16.18157110858928,16.22467532756312,6998400
2014-06-05,16.38847541809082,16.405717764564468,16.237607352927398,16.336750022990543,11335200
2014-06-06,16.461748123168945,16.474680701412815,16.41864391387653,16.474680701412815,9597800
2014-06-09,16.513477325439453,16.539339196697707,16.45312912242259,16.483304046091224,12784000
2014-06-10,16.522092819213867,16.54364491929582,16.48760814362688,16.51347165031712,7189400
2014-06-11,16.483301162719727,16.526405370157004,16.440195310962338,16.4531262443295,8509400
2014-06-12,16.3410587310791,16.543652178246127,16.289333339322614,16.491925142169084,9636000
2014-06-13,16.43589210510254,16.466065391210392,16.36692435909591,16.44020186983762,14663400
2014-06-16,16.43589210510254,16.48330773879224,16.379855297621912,16.405718818994686,14128800
2014-06-17,16.474681854248047,16.504855131728185,16.405714127961975,16.42295482629327,14075200
2014-06-18,16.560895919799805,16.569517094062125,16.388477367515964,16.50917051854674,26070600
2014-06-19,16.53072166442871,16.586758471693294,16.466065327727204,16.586758471693294,11837400
2014-06-20,16.494348526000977,16.55064369317491,16.459704837924104,16.54198277115569,10854400
2014-06-23,16.541976928710938,16.541976928710938,16.464030309969832,16.477020862459554,7534200
2014-06-24,16.45537757873535,16.619931817055324,16.416404249972786,16.533324236260484,16942600
2014-06-25,16.520328521728516,16.54630963152737,16.403408571928587,16.420728761160596,10223800
2014-06-26,16.503007888793945,16.54198120824719,16.40773940748561,16.53332028704627,22704600
2014-06-27,16.60259437561035,16.60259437561035,16.481344867529213,16.490005782663673,21766600
2014-06-30,16.606935501098633,16.6632306624849,16.576623103098754,16.589615310742843,8980800
2014-07-01,16.775819778442383,16.827783649575185,16.654568543263604,16.667560749973063,14977800
2014-07-02,16.793136596679688,16.814789719548482,16.767155492279294,16.806128800781234,9940000
2014-07-03,16.86675453186035,16.875415451116243,16.797468829714667,16.853762327025795,4386000
2014-07-07,16.88408088684082,16.89707144324889,16.823454435832094,16.86675904369547,20964400
2014-07-08,16.732513427734375,16.875416123296496,16.641576249777483,16.875416123296496,13847800
2014-07-09,16.814786911010742,16.823446176430302,16.723848105094625,16.75849177437716,14236200
2014-07-10,16.767166137695312,16.84078151610305,16.55064798675153,16.55064798675153,8843800
2014-07-11,16.853761672973633,16.853761672973633,16.762824502167987,16.806129096766895,6522600
2014-07-14,16.975013732910156,16.996665205339212,16.91438894934821,16.93170913615058,8418200
2014-07-15,16.9446964263916,17.035633575358585,16.849427993054203,17.013982109209444,14829000
2014-07-16,17.100595474243164,17.143898421351388,17.065951795035346,17.104925108193367,16129600
2014-07-17,16.879741668701172,17.104920568078697,16.827777815583623,17.083269100271476,11341400
2014-07-18,17.08327293395996,17.096263487179307,16.93604060716864,16.957692079834707,9541000
2014-07-21,17.061620712280273,17.109253289293935,16.99233501164965,17.074611264929327,12363200
2014-07-22,17.204526901245117,17.21751745778587,17.130911544978304,17.161223944841332,9579600
2014-07-23,17.234838485717773,17.282472726649473,17.16988405418513,17.243499406969157,10946800
2014-07-24,17.22184181213379,17.286796220592894,17.18719813943461,17.286796220592894,23319200
2014-07-25,17.2001953125,17.22184678824238,17.117917392016555,17.169882916080326,9499000
2014-07-28,17.230506896972656,17.2651489261477,17.096265110652983,17.213185056434316,15524400
2014-07-29,17.19586753845215,17.356092125855273,17.187206616005867,17.356092125855273,14624800
2014-07-30,17.21318244934082,17.273807230141195,17.13090619709765,17.273807230141195,15524600
2014-07-31,16.888404846191406,17.122244694364223,16.862422090205097,17.104922857040016,34833000
2014-08-01,16.79747200012207,16.91439195429227,16.715194077612438,16.845106239069384,31014800
2014-08-04,16.918720245361328,16.962023194474018,16.76282698551305,16.84943453564005,12667400
2014-08-05,16.758495330810547,16.871083976069833,16.689209629442963,16.8147904793909,24586800
2014-08-06,16.706533432006836,16.78880969583516,16.624255516276897,16.645906990768392,18281800
2014-08-07,16.637248992919922,16.806134488182146,16.58095547973442,16.77582208818937,13730000
2014-08-08,16.745502471923828,16.75849467610491,16.576618684681982,16.628584197603594,12045600
2014-08-11,16.827783584594727,16.875417821241555,16.7888102684202,16.823452298407737,13015400
2014-08-12,16.819124221801758,16.862427176272043,16.736847947547492,16.81046330052734,13409800
2014-08-13,16.983675003051758,16.983675003051758,16.85809414770737,16.85809414770737,10985400
2014-08-14,17.01399040222168,17.01399040222168,16.940373399150793,16.996668560098907,9229200
2014-08-15,17.01399040222168,17.096266674452163,16.892739159264064,17.05296372104702,17821800
2014-08-18,17.174209594726562,17.182870513913283,17.083272421118142,17.13090665069439,8496000
2014-08-19,17.282470703125,17.286800337292842,17.200194438722935,17.221845913365414,10095600
2014-08-20,17.282470703125,17.312783098004793,17.24349738800789,17.25648794241305,14010600
2014-08-21,17.364744186401367,17.390726942951936,17.282467935176612,17.282467935176612,6909000
2014-08-22,17.36907386779785,17.403715888098166,17.330100562521743,17.377734785848233,8815400
2014-08-25,17.386402130126953,17.455687848237645,17.351758445120698,17.45135656166095,6861400
2014-08-26,17.39505958557129,17.416712712393185,17.37340811065104,17.412381426268148,6704600
2014-08-27,17.390727996826172,17.412379469313038,17.343093766214185,17.39938891620121,8661400
2014-08-28,17.364744186401367,17.390726942951936,17.29978977287699,17.330102162901973,7056600
2014-08-29,17.44268798828125,17.447019272957803,17.34742120011134,17.395053768245745,15368000
2014-09-02,17.447021484375,17.48166350667283,17.395055973076293,17.48166350667283,11377600
2014-09-03,17.35174560546875,17.511968400309172,17.330094144312035,17.511968400309172,13783200
2014-09-04,17.343097686767578,17.46867856824207,17.291133810671933,17.386402293432145,10426400
2014-09-05,17.447021484375,17.45135111769924,17.33443119512911,17.37773578787803,14050400
2014-09-08,17.473005294799805,17.516309894256878,17.399389953575128,17.43836326713571,12772200
2014-09-09,17.347429275512695,17.55528643541721,17.299795033302978,17.481669428756227,17125400
2014-09-10,17.451353073120117,17.473004545969967,17.304120745079043,17.35175497648961,14459600
2014-09-11,17.49032974243164,17.498990663614418,17.356089593853103,17.41671439023074,20644400
2014-09-12,17.416709899902344,17.485995599599708,17.360414752679052,17.477334680649864,11111400
2014-09-15,17.31279182434082,17.447033677830017,17.282479414182365,17.447033677830017,13764400
2014-09-16,17.44268798828125,17.46434110786182,17.23050129236086,17.260813677492344,23821200
2014-09-17,17.477338790893555,17.542293220441007,17.373409390955153,17.438365472404374,15309000
2014-09-18,17.581260681152344,17.589921599253355,17.511974988245484,17.511974988245484,14790600
2014-09-19,17.543867111206055,17.643893918081847,17.478631443716132,17.643893918081847,31452600
2014-09-22,17.426429748535156,17.54820112598098,17.378590519106982,17.54820112598098,12760800
2014-09-23,17.38730239868164,17.46558453409387,17.356859530355983,17.40034886824638,11937000
2014-09-24,17.500375747680664,17.50472401747139,17.313368625456302,17.391650753783328,14289000
2014-09-25,17.117660522460938,17.439485523043427,17.117660522460938,17.43078898487545,18703000
2014-09-26,17.30467414855957,17.3394652914031,17.148109858233422,17.148109858233422,9763000
2014-09-29,17.300315856933594,17.32641044571283,17.108960516253088,17.165497962435786,9652800
2014-09-30,17.352502822875977,17.430784920225157,17.282918920677936,17.330756505492577,13519800
2014-10-01,17.082870483398438,17.317716868010145,17.03503122071697,17.295972201067226,26118400
2014-10-02,17.074167251586914,17.135054623694764,16.90020830831255,17.09156364361773,26753600
2014-10-03,17.213342666625977,17.26553020170944,17.11766413646311,17.178549870562453,13410200
2014-10-06,17.217687606811523,17.330760854126513,17.17419827915457,17.30031799296434,13895600
2014-10-07,16.948041915893555,17.18288649409868,16.948041915893555,17.169840033923588,18013400
2014-10-08,17.269886016845703,17.30032889719573,16.852382235748873,16.96980548524721,17341200
2014-10-09,16.982837677001953,17.28291961523708,16.96544128600055,17.25247510147905,30600200
2014-10-10,16.547941207885742,16.956748184168386,16.547941207885742,16.869767870554327,60365200
2014-10-13,16.365280151367188,16.687105078506587,16.3435354928866,16.52619261493689,57207800
2014-10-14,16.39137840270996,16.578385512612645,16.347889071621186,16.500103389443538,43084200
2014-10-15,16.278303146362305,16.343538793991623,15.908638900493322,16.15653170706644,58134400
2014-10-16,16.1826229095459,16.291347871301532,15.96082471752936,16.004314038627108,54246200
2014-10-17,16.373979568481445,16.491401064841522,16.26525460895371,16.34353671253458,25571800
2014-10-20,16.49139976501465,16.500097960172635,16.200017692771993,16.282648058256232,18442800
2014-10-21,16.813230514526367,16.821928711838936,16.608827025209763,16.608827025209763,23145600
2014-10-22,16.73495101928711,16.90891167476675,16.721904550780256,16.86977061023442,24158400
2014-10-23,16.921955108642578,17.01328368983605,16.81757840227042,16.852371190731628,64432000
2014-10-24,17.069822311401367,17.082868778462682,16.90021160355796,16.99589011937181,13806400
2014-10-27,17.087223052978516,17.13071239358551,17.000242712752517,17.01763911260012,11887000
2014-10-28,17.322063446044922,17.330759983930445,17.135056360289123,17.135056360289123,15490800
2014-10-29,17.30467414855957,17.36120996305682,17.195949131278866,17.30032421882156,26352200
2014-10-30,17.361204147338867,17.391648668270186,17.21768803529017,17.29162022594917,18376400
2014-10-31,17.63083839416504,17.635186662225816,17.539509833788962,17.57430095530843,19925800
2014-11-03,17.704776763916016,17.735219628034816,17.626494639321482,17.652589233856883,19059600
2014-11-04,17.70042610168457,17.74826535569365,17.591701127668095,17.678681438683565,12866400
2014-11-05,17.748262405395508,17.817846310838643,17.669980304395583,17.809148115281857,14556200
2014-11-06,17.73956871032715,17.752615177466605,17.63084372680077,17.73956871032715,17179200
2014-11-07,17.76131820678711,17.7787146070464,17.67433786450269,17.756969936228305,14951400
2014-11-10,17.80914878845215,17.826545180223295,17.722168488607657,17.752611344701545,9641800
2014-11-11,17.817852020263672,17.826550218607647,17.74391816384572,17.82220028992981,6108600
2014-11-12,17.874387741088867,17.88743586805236,17.752616282840876,17.761314481145973,9033200
2014-11-13,17.970067977905273,18.0309537128382,17.887437574640852,17.917880442107315,10792200
2014-11-14,18.096193313598633,18.096193313598633,17.97442181724188,17.97442181724188,8686600
2014-11-17,18.061389923095703,18.08748451088246,17.974411281828996,18.043995190249106,8265400
2014-11-18,18.122276306152344,18.161417359775168,18.043995857918,18.048344126537735,9659800
2014-11-19,18.004863739013672,18.126635228929658,17.92223166313172,18.126635228929658,14334000
2014-11-20,18.096193313598633,18.096193313598633,17.909186139043783,17.94397728414048,9794800
2014-11-21,18.122276306152344,18.248397663271586,18.048344126537735,18.239699467020813,12925600
2014-11-24,18.217960357666016,18.222310286622655,18.10488708997048,18.15707462436751,6226400
2014-11-25,18.226652145385742,18.300585980536308,18.2136056811285,18.24404853706955,9489200
2014-11-26,18.39192008972168,18.40061828818429,18.231005906680938,18.231005906680938,20482000
2014-11-28,18.478897094726562,18.51803815126891,18.391916784742296,18.42670791332915,10865000
2014-12-01,18.270139694213867,18.457146739155576,18.191859257248815,18.43540208116467,23329400
2014-12-02,18.274490356445312,18.304933210659584,18.20055652548842,18.26144389292809,11261200
2014-12-03,18.3397274017334,18.370171920052922,18.235352358108834,18.31363447033296,8543400
2014-12-04,18.3397274017334,18.39626485145336,18.27014348631322,18.32668093603318,7533600
2014-12-05,18.317981719970703,18.38756563151906,18.27449239738222,18.352774505250537,14359000
2014-12-08,18.130977630615234,18.313636465373722,18.052695509863252,18.28319360274924,13379800
2014-12-09,18.12662696838379,18.152721558193615,17.8308949199179,17.891780637129457,16443400
2014-12-10,17.852638244628906,18.130973879038894,17.817847119833278,18.130973879038894,16541200
2014-12-11,17.930917739868164,18.135321167460546,17.883078498600927,17.883078498600927,18076400
2014-12-12,17.665637969970703,17.926578971795763,17.64389330123825,17.791759371235553,17966000
2014-12-15,17.55691146850586,17.856993512036812,17.478629340542284,17.783059653843775,20502200
2014-12-16,17.322063446044922,17.74826513992677,17.322063446044922,17.43078841873962,31303000
2014-12-17,17.64823341369629,17.704769189150692,17.34380324374329,17.374246094837495,30566000
2014-12-18,18.152721405029297,18.161417942547825,17.909176879226607,17.961364399394558,21318600
2014-12-19,18.172836303710938,18.26901254137765,18.150978522688995,18.22966786848143,23388800
2014-12-22,18.39141082763672,18.39141082763672,18.212174419561535,18.24277563550306,12214000
2014-12-23,18.43950080871582,18.50070324683731,18.43075736503541,18.470102027776566,13398800
2014-12-24,18.422016143798828,18.483218589303824,18.417645255252,18.483218589303824,5311200
2014-12-26,18.50070571899414,18.535679498389143,18.44824671754322,18.45699016239197,4557000
2014-12-29,18.408899307250977,18.483216075932333,18.39141242015842,18.430757082296005,9276600
2014-12-30,18.277753829956055,18.400158723344692,18.260266940145794,18.3739283886293,11006800
2014-12-31,18.07665252685547,18.360808564553814,18.059167309915512,18.338950792648042,11910600
2015-01-02,18.04168701171875,18.23403780940759,17.949883335615556,18.19032224963703,16990400
2015-01-05,17.766273498535156,17.97611117753656,17.713814495695214,17.97611117753656,14389400
2015-01-06,17.55206298828125,17.81873052932911,17.46900110303225,17.81873052932911,17491200
2015-01-07,17.70069694519043,17.744412495005786,17.573919516028027,17.68758094613276,13069200
2015-01-08,18.089765548706055,18.129110198721474,17.818723885203905,17.844954207761127,28423400
2015-01-09,18.032939910888672,18.185946006712392,17.901791590519576,18.142230455803148,18339800
2015-01-12,17.823104858398438,18.067916314982863,17.761902411162733,18.024199090070496,11257400
2015-01-13,17.80998992919922,18.194691489714394,17.683212482655065,17.971739486862226,23358400
2015-01-14,17.709434509277344,17.788123814343695,17.54768501225915,17.665718969858677,17661400
2015-01-15,17.48211097717285,17.827467726577364,17.468994981779158,17.783752188974017,18655400
2015-01-16,17.652603149414062,17.670088363118975,17.416535254169467,17.42527869484232,37643000
2015-01-20,17.801244735717773,17.840589399137244,17.578291087126978,17.757527516562032,24031600
2015-01-21,17.831846237182617,17.906163009460048,17.635122916975565,17.722555689027747,27838200
2015-01-22,18.124740600585938,18.137856597824157,17.73129570390244,17.879930887353833,17624400
2015-01-23,18.120372772216797,18.203432986422012,18.05917033357702,18.120372772216797,12957600
2015-01-26,18.046058654785156,18.146605780572674,17.989228758236848,18.098519329872207,19467000
2015-01-27,17.525833129882812,17.74878512403825,17.447143798382896,17.74878512403825,21584000
2015-01-28,17.4952335357666,17.89742200738251,17.4952335357666,17.840592115290033,26094400
2015-01-29,17.661352157592773,17.696324263667876,17.33785142128117,17.503973511151525,33635200
2015-01-30,17.442764282226562,17.700689926199118,17.407790522129627,17.61325719359745,26012600
2015-02-02,17.622013092041016,17.64387087373429,17.21982290478899,17.503979069727112,31247200
2015-02-03,17.823104858398438,17.840591748363384,17.626381515396808,17.674469628979608,19767400
2015-02-04,17.858078002929688,17.989228017605992,17.792504663233245,17.792504663233245,11778800
2015-02-05,18.024198532104492,18.0329419768163,17.87556330728689,17.932394864092856,10183600
2015-02-06,17.967363357543945,18.133485438336244,17.914904367477355,18.05042523176071,9580600
2015-02-09,17.941139221191406,18.028572005114263,17.9017945518082,17.919281442121104,14331400
2015-02-10,18.20780372619629,18.22966149958178,17.997964432300183,18.063539420097868,22491400
2015-02-11,18.277753829956055,18.308355053303217,18.181577603641212,18.2340366054304,12500000
2015-02-12,18.526939392089844,18.540053727905377,18.39141847397575,18.417648813248704,13538400
2015-02-13,18.64496421813965,18.65807854748472,18.535673693221224,18.570645794021765,8631600
2015-02-17,18.65370750427246,18.684310387959403,18.60562107023001,18.662450947091415,10680600
2015-02-18,18.67119789123535,18.6886847801525,18.601252003208277,18.653711002318204,7499600
2015-02-19,18.736766815185547,18.75425369843232,18.623103741722506,18.65807750821605,6250800
2015-02-20,18.832950592041016,18.859179259836118,18.640598134121483,18.73677436308125,13867000
2015-02-23,18.8460636138916,18.859177946876144,18.749887391627542,18.854807058428474,8094000
2015-02-24,18.90289306640625,18.92912172945711,18.73677097397165,18.83294718553505,9311000
2015-02-25,18.784862518310547,18.872293634672747,18.745517848890895,18.850435855582194,11734800
2015-02-26,18.90289306640625,18.92912172945711,18.789229967714714,18.841688961457777,15118800
2015-02-27,18.837322235107422,18.937869356845425,18.81983534411602,18.898524685935623,12112000
2015-03-02,18.985952377319336,18.999066708222074,18.841688066824137,18.90289216886654,13689000
2015-03-03,18.859176635742188,18.968467183392654,18.77611641987874,18.968467183392654,17224200
2015-03-04,18.784862518310547,18.819834631327097,18.684315400380697,18.811091186162546,11765400
2015-03-05,18.762998580932617,18.828573570151512,18.69742525935497,18.828573570151512,15408600
2015-03-06,18.53130340576172,18.78048569965339,18.5007021884516,18.754257037754016,16153400
2015-03-09,18.61873435974121,18.69742367307141,18.540045046411013,18.56627537340145,12498600
2015-03-10,18.238401412963867,18.51818486049329,18.238401412963867,18.513812306077643,17595800
2015-03-11,18.120372772216797,18.28212231257069,18.10725677276443,18.28212231257069,23040400
2015-03-12,18.238401412963867,18.25151574092903,18.05042159647237,18.06790847885318,24669800
2015-03-13,18.13785743713379,18.25588974425189,18.03730868009942,18.212174198477864,30375400
2015-03-16,18.352073669433594,18.365188005156618,18.177209745106374,18.234039645000735,17278800
2015-03-17,18.356443405151367,18.408902407622683,18.27775406762358,18.308355291368652,19067400
2015-03-18,18.60562515258789,18.671198486656042,18.260266589847635,18.33458336865319,31710800
2015-03-19,18.553163528442383,18.64496885963517,18.54004919583262,18.57939386130339,17984800
2015-03-20,18.672998428344727,18.765177847477755,18.6334927237924,18.664219196836743,38592200
2015-03-23,18.672998428344727,18.765177847477755,18.668607975357137,18.67738720686512,7506200
2015-03-24,18.611543655395508,18.738838313598357,18.611543655395508,18.686164604187972,14234800
2015-03-25,18.13309097290039,18.624716289924674,18.13309097290039,18.589599358617786,16348600
2015-03-26,18.146251678466797,18.238431074330922,17.97067044156361,18.032125046606467,18004800
2015-03-27,18.1594181060791,18.207703025752096,18.06284994119974,18.15063887755068,15818600
2015-03-30,18.378894805908203,18.39206448665789,18.260377725961334,18.295494642004876,13210800
2015-03-31,18.190147399902344,18.356949418970977,18.190147399902344,18.321834173858413,15927200
2015-04-01,18.16381072998047,18.22526366256259,18.0365144127936,18.207705203405748,20855600
2015-04-02,18.1594181060791,18.234040711337354,18.12430286643205,18.19453502019278,10938600
2015-04-06,18.33500862121582,18.37012387866181,18.014574152609082,18.032132618565818,14689400
2015-04-07,18.295499801635742,18.44474338797649,18.29110934865876,18.33500550609262,9368600
2015-04-08,18.35256004333496,18.40962252409216,18.260378969675575,18.295495888110928,14407000
2015-04-09,18.400840759277344,18.431568895908075,18.255987676855966,18.352557514781285,14580200
2015-04-10,18.471084594726562,18.488641386571352,18.361346691975957,18.418409195789664,8632600
2015-04-13,18.41840362548828,18.585205656073956,18.414014847471265,18.506194256031637,7774400
2015-04-14,18.361347198486328,18.449136183534524,18.273556538970574,18.427188937272476,11702600
2015-04-15,18.523746490478516,18.56325217722027,18.392061426161483,18.40961820679503,25166200
2015-04-16,18.457910537719727,18.51497470249061,18.405236825721207,18.449131306642123,18228600
2015-04-17,18.203319549560547,18.343783897985478,18.146255384741945,18.30427819533677,20318800
2015-04-20,18.514972686767578,18.536919924838642,18.27793849687945,18.286717727001264,9691600
2015-04-21,18.506195068359375,18.62910095183481,18.484247828376915,18.624712173625152,10002800
2015-04-22,18.694942474365234,18.712500934379943,18.47546674758211,18.53691968316668,12190200
2015-04-23,18.769563674926758,18.844186293778368,18.607152103732453,18.651048254370732,11799600
2015-04-24,18.931978225708008,18.953925465306664,18.826629131380585,18.918808542375174,12457600
2015-04-27,18.984657287597656,19.063668712000553,18.94515157539621,19.002215754013303,18501400
2015-04-28,19.04610252380371,19.11633468652485,18.852964494937282,19.002208050028063,18299600
2015-04-29,18.95392417907715,19.068050821925667,18.83540708392661,18.95392417907715,17142200
2015-04-30,18.6905517578125,18.914416239144245,18.615929147724092,18.857352087249197,17305200
2015-05-01,18.91880989074707,18.92758912210565,18.752009518335523,18.804683232019844,21096800
2015-05-04,18.93636703491211,19.032936898665113,18.92758780416483,18.96270472715394,15397600
2015-05-05,18.64227294921875,18.91881122136155,18.629103264021033,18.88808474667902,16209800
2015-05-06,18.4842472076416,18.747617427520815,18.374509336947426,18.712502179621527,19747800
2015-05-07,18.62032127380371,18.68616466663702,18.475468153824288,18.514973854630863,11280600
2015-05-08,18.88808822631836,18.90125791394225,18.7783503181023,18.80907679844539,19638400
2015-05-11,18.791519165039062,18.896866614511634,18.773960698637794,18.874919368743807,12093000
2015-05-12,18.6905517578125,18.77395192253085,18.528138531224037,18.6905517578125,15301000
2015-05-13,18.769563674926758,18.87930153982206,18.730057976585773,18.769563674926758,18613000
2015-05-14,19.07244110107422,19.08122033113162,18.90125030112217,18.918807086770055,13952400
2015-05-15,19.0109920501709,19.12950916846527,18.967095890913395,19.11195070476227,16936400
2015-05-18,19.103172302246094,19.13828755670931,18.95831748210857,18.98465517880648,6786600
2015-05-19,19.054887771606445,19.147067200328674,19.032940527786966,19.1251199565092,9130800
2015-05-20,19.068056106567383,19.16901476942403,18.99782392047287,19.068056106567383,22021800
2015-05-21,19.15146255493164,19.173409804367765,19.019777383847106,19.04172463328323,7426200
2015-05-22,19.138286590576172,19.18657152818451,19.090003327435085,19.090003327435085,7937000
2015-05-26,18.86174964904785,19.094393447172347,18.80468547564222,19.08122543579696,15848800
2015-05-27,19.217296600341797,19.230466284298885,18.91880943914376,18.93197912310085,25174200
2015-05-28,19.177793502807617,19.2129104321745,19.120731004287467,19.155846259186994,9329600
2015-05-29,19.037321090698242,19.186564628514965,18.989036170453616,19.177785399882612,15476800
2015-06-01,19.090002059936523,19.155843782284883,18.97148495034891,19.14706455107834,13872600
2015-06-02,19.050495147705078,19.138284105264717,18.927587593080926,19.019768677665798,11275600
2015-06-03,19.090002059936523,19.19534948548075,19.054885135110354,19.08122282872998,11314600
2015-06-04,18.91442108154297,19.09439113793331,18.87052659928861,18.984653257830246,16694600
2015-06-05,18.85297203063965,18.931983454590863,18.76957015287586,18.892477742615256,15455000
2015-06-08,18.64227294921875,18.852969493242103,18.607156021314548,18.848579040020436,16759000
2015-06-09,18.59837532043457,18.668607496228734,18.47546943141157,18.611545004592145,15413400
2015-06-10,18.88808822631836,18.927593940254845,18.64227638357365,18.64227638357365,17929600
2015-06-11,18.896862030029297,19.002211128411123,18.870526011284177,18.95392619475558,11289400
2015-06-12,18.730064392089844,18.835413515239427,18.712507600287836,18.80468703650153,12317600
2015-06-15,18.615934371948242,18.642272066629474,18.475470015916073,18.60715514038783,18358200
2015-06-16,18.738842010498047,18.760790928677352,18.576430397668812,18.607156873759006,18346600
2015-06-17,18.747623443603516,18.822246090344695,18.637885537694622,18.752013897541705,22047800
2015-06-18,18.91442108154297,18.945147554014454,18.73445102515263,18.7388398035912,17926400
2015-06-19,18.75700569152832,18.920147955793972,18.75700569152832,18.87605599745203,26869600
2015-06-22,18.91133689880371,18.968657813499853,18.867244922576575,18.91574710562707,10876000
2015-06-23,18.924558639526367,18.955425032290346,18.880466676150256,18.951014826752385,7986600
2015-06-24,18.83637809753418,18.990701679081972,18.83637809753418,18.880470068833294,9693600
2015-06-25,18.79228401184082,18.951017796066736,18.7878754876127,18.937790541381528,9827600
2015-06-26,18.633548736572266,18.801101237847845,18.58063804006445,18.77905525446965,20348600
2015-06-29,18.236713409423828,18.54536217904957,18.232303204171767,18.435130595754693,26214800
2015-06-30,18.25435447692871,18.382221860521074,18.205852301565727,18.373403130273182,22765800
2015-07-01,18.37781524658203,18.45718214506159,18.298448348102472,18.417498695821813,16299000
2015-07-02,18.404273986816406,18.466003431508934,18.333725809739057,18.43072850196965,10321400
2015-07-06,18.329315185546875,18.41309061829492,18.227902288430446,18.276404474442906,15018000
2015-07-07,18.35576629638672,18.382220803608536,18.011842564496696,18.36458502612756,39319800
2015-07-08,18.055938720703125,18.24553723145979,18.04711998973759,18.205853783115348,32320000
2015-07-09,17.985389709472656,18.311674329853872,17.985389709472656,18.26317215282402,17987600
2015-07-10,18.271989822387695,18.333720932659922,18.17057694994162,18.214670600136067,13496600
2015-07-13,18.54977798461914,18.56300524156716,18.382225441272606,18.38663564825604,14143000
2015-07-14,18.62032127380371,18.6688234458914,18.545364594759608,18.554183324411976,12252800
2015-07-15,18.62472915649414,18.68204836908385,18.571816785179887,18.611500222665335,13077000
2015-07-16,18.862829208374023,18.871647937444862,18.734961841848325,18.770235076131094,10413200
2015-07-17,19.15384292602539,19.15384292602539,18.999519353060492,19.0259755435691,15550000
2015-07-20,19.255250930786133,19.316982026362584,19.153838082482515,19.21997770102853,18619000
2015-07-21,19.12738609313965,19.228798954764336,19.109748634943898,19.158250803981918,11950400
2015-07-22,18.818737030029297,18.911331161214402,18.739370151299045,18.752597403753896,17182600
2015-07-23,18.77906036376953,18.946612910631856,18.734968385016845,18.87165452835088,12645200
2015-07-24,18.677642822265625,18.898106025206435,18.664415568329417,18.871649835333265,19492200
2015-07-27,18.510087966918945,18.646775740907824,18.48363178040481,18.527725424595033,17307200
2015-07-28,18.677642822265625,18.71291606009576,18.4615881433033,18.58945720468915,15775000
2015-07-29,18.801101684570312,18.84078512839425,18.611503195411593,18.677642829118405,16752600
2015-07-30,18.83637809753418,18.86724281384374,18.63355065635594,18.72173628095506,13616400
2015-07-31,18.774648666381836,18.889288800969023,18.739373743739076,18.858424084657056,21824000
2015-08-03,18.673227310180664,18.796687812506015,18.558587217307423,18.765823107424747,18396600
2015-08-04,18.562999725341797,18.673231319154993,18.496861778254264,18.655595542465367,14765400
2015-08-05,18.743778228759766,18.876057478162867,18.64236537101777,18.682048809438598,20785600
2015-08-06,18.55860137939453,18.818748150740824,18.492461714034697,18.74378975119957,13019800
2015-08-07,18.57181739807129,18.5982735846015,18.44395003484329,18.51449818358998,15825000
2015-08-10,18.862829208374023,18.884876872051414,18.65559496221136,18.65559496221136,11144000
2015-08-11,18.58063507080078,18.836373146721844,18.527724382748318,18.809916961695386,54689000
2015-08-12,18.66440773010254,18.69968095311948,18.27198198078874,18.443944619746496,20071400
2015-08-13,18.61150360107422,18.734964141217873,18.57623036246231,18.677643236222632,13287800
2015-08-14,18.7040958404541,18.721733298964814,18.549772283486902,18.562999536369627,11906000
2015-08-17,18.809925079345703,18.814333604419108,18.5718243573537,18.633553800388405,11183400
2015-08-18,18.712913513183594,18.792280390000155,18.690867532290223,18.76582588572832,9383800
2015-08-19,18.589460372924805,18.748194175215602,18.48363727739726,18.65560001787965,18455200
2015-08-20,18.135299682617188,18.47040293964033,18.135299682617188,18.39103606892425,27453800
2015-08-21,17.44304847717285,18.077981869002954,17.44304847717285,17.941294083497564,47332800
2015-08-24,16.75520133972168,17.46509303402471,13.809813180178983,16.318683512106585,72207800
2015-08-25,16.622920989990234,17.434225407471995,16.605283535218827,17.403360702622166,37210800
2015-08-26,17.4606876373291,17.487143831198146,16.808116659901756,16.953623203179987,68776800
2015-08-27,17.8663387298584,17.87074725397548,17.473914485406556,17.698786219395533,40211000
2015-08-28,17.901611328125,17.9324760418424,17.74728775953801,17.786971203174772,27672200
2015-08-31,17.738468170166016,17.932475172989864,17.694376204706263,17.756105629150184,22100600
2015-09-01,17.169677734375,17.51360155674694,17.085902302797827,17.363686475713315,42578000
2015-09-02,17.584150314331055,17.601786097036584,17.257863945261196,17.425416495972808,25370200
2015-09-03,17.59737205505371,17.82224377256274,17.544461359522295,17.681147463145177,22062200
2015-09-04,17.32840347290039,17.451863982223088,17.244628080360293,17.363678384706983,27561000
2015-09-08,17.813425064086914,17.826652316236316,17.615007871843268,17.659099833674954,18909200
2015-09-09,17.57973289489746,18.016250716296955,17.540049456588417,17.928065110943464,19304600
2015-09-10,17.756105422973633,17.857518287954033,17.544460963623145,17.55327969301283,28048800
2015-09-11,17.83988380432129,17.83988380432129,17.628239309674974,17.632649516105626,13719400
2015-09-14,17.795787811279297,17.932473903730298,17.751694166939824,17.914838127995058,14890800
2015-09-15,18.025068283081055,18.0735704469989,17.80460512490932,17.853107288827168,17612000
2015-09-16,18.100019454956055,18.11765690593577,17.980969183842838,18.00301683856743,15436200
2015-09-17,17.976573944091797,18.25435811526351,17.914844502053892,18.025076129121906,33565200
2015-09-18,17.74315643310547,17.929179722115713,17.70329405837687,17.765301821380284,36230200
2015-09-21,17.920320510864258,17.973471468095973,17.756442616695026,17.77415960243893,13921200
2015-09-22,17.619140625,17.703295472585673,17.508411985195657,17.63242921069429,24576400
2015-09-23,17.66343116760254,17.729867330486023,17.565989434538366,17.681146463953937,11356400
2015-09-24,17.66343116760254,17.712152034134625,17.371107657994795,17.46411929978254,22056400
2015-09-25,17.63242530822754,17.849452448043312,17.552700570046557,17.827307062900726,21657800
2015-09-28,17.229372024536133,17.58370323106556,17.220513533174838,17.55712775698168,25166600
2015-09-29,17.154077529907227,17.388821662576273,17.03006201673636,17.273664641715413,26206800
2015-09-30,17.495128631591797,17.52170411877657,17.313533693125773,17.362254574838538,24933600
2015-10-01,17.503982543945312,17.55713181481255,17.26923838216223,17.495124050536628,27036000
2015-10-02,17.752012252807617,17.752012252807617,17.23822986053457,17.300239303783936,29834000
2015-10-05,18.101917266845703,18.1462097357959,17.827310717694193,17.862744692854353,17137800
2015-10-06,18.124067306518555,18.163929694008537,18.03548572506114,18.039914128299863,19715800
2015-10-07,18.208208084106445,18.283502707996426,17.99117932247616,18.221494973126074,30437800
2015-10-08,18.29236602783203,18.327799994020484,18.048763423832177,18.137346649718808,30749600
2015-10-09,18.37209701538086,18.385383912431667,18.27022686229283,18.34552153169417,22753000
2015-10-12,18.39423942565918,18.425243306809342,18.314514677105958,18.411956411912072,12687400
2015-10-13,18.3543758392334,18.465104461624108,18.29236808102815,18.296798172091208,17903600
2015-10-14,18.31894874572754,18.42967739947146,18.270227867746588,18.30123175562807,25512200
2015-10-15,18.553688049316406,18.562546542025824,18.385380067006924,18.394238559716342,16843800
2015-10-16,18.5891170501709,18.60240394089028,18.478388455284644,18.60240394089028,14972600
2015-10-19,18.65998649597168,18.65998649597168,18.496106930824496,18.54925788202148,14184200
2015-10-20,18.61126708984375,18.664416355609422,18.535970747889742,18.584691612168566,11857800
2015-10-21,18.469533920288086,18.699849649724886,18.447388534485142,18.65112878720763,18834400
2015-10-22,18.885873794555664,18.92573616668502,18.6024087881179,18.6024087881179,28472000
2015-10-23,19.412944793701172,19.488239453315522,19.293357667032918,19.355365431323523,33383400
2015-10-26,19.337644577026367,19.395223927888303,19.26677833349803,19.395223927888303,16576200
2015-10-27,19.22691535949707,19.346502458476454,19.204769975890027,19.29335319990266,15358000
2015-10-28,19.514802932739258,19.514802932739258,19.25791185055873,19.31549117752744,29559200
2015-10-29,19.46166229248047,19.488237770417896,19.3420751761391,19.39965453354451,15218000
2015-10-30,19.33321189880371,19.497089733910272,19.32878180917199,19.492659644278554,18679000
2015-11-02,19.505956649780273,19.514815143286263,19.31993166532426,19.36865253481476,27486600
2015-11-03,19.607826232910156,19.678692489357157,19.408514358657705,19.443948331673617,13758000
2015-11-04,19.629966735839844,19.683115992551354,19.581245879860788,19.65211211867094,14597200
2015-11-05,19.572385787963867,19.74512381492055,19.53252342629452,19.64768211093231,13457600
2015-11-06,19.638830184936523,19.64768867822227,19.479380684962734,19.550246941663882,13737800
2015-11-09,19.4483699798584,19.581243953356548,19.35535836736812,19.581243953356548,20292400
2015-11-10,19.319927215576172,19.3420725994482,19.240202481969277,19.33764419850759,34546600
2015-11-11,19.311071395874023,19.46166239245697,19.280067516246774,19.364222352021923,16402200
2015-11-12,19.142763137817383,19.3110694129157,19.138333047134267,19.21805778358486,16068000
2015-11-13,18.766286849975586,19.102902815390735,18.761858448402766,19.076327337199626,30089800
2015-11-16,19.054182052612305,19.058610454208935,18.726424578165314,18.735283070943314,18158400
2015-11-17,19.058612823486328,19.204775438116446,19.0187504458222,19.09404679900331,18788800
2015-11-18,19.34650230407715,19.364219286655175,19.12504509060519,19.147190474035494,20333600
2015-11-19,19.435091018676758,19.52810266911472,19.359794666237743,19.36422475792618,18735000
2015-11-20,19.576824188232422,19.585682682317604,19.49266933921568,19.51481641922113,14576400
2015-11-23,19.46166229248047,19.598966394113454,19.3907960408987,19.590107901467643,14454200
2015-11-24,19.466093063354492,19.52810082445577,19.271209597510737,19.315502062286487,22606800
2015-11-25,19.40407943725586,19.47494566989255,19.399649347324917,19.47051557996161,13153200
2015-11-27,19.4483699798584,19.483803940569498,19.395220728375985,19.42622459920608,7601400
2015-11-30,19.470521926879883,19.532529689451984,19.404085762517553,19.474952018254925,34051200
2015-12-01,19.64325523376465,19.647685324443742,19.510381236329145,19.55024360451825,15558000
2015-12-02,19.519241333007812,19.74069857680376,19.497095946545155,19.665403924913786,19394200
2015-12-03,19.266780853271484,19.62997061005143,19.17376921327327,19.572391251659077,23708600
2015-12-04,19.740699768066406,19.776133740212686,19.284498358984152,19.324360732856324,25680400
2015-12-07,19.64325523376465,19.736268552595593,19.55024360451825,19.718551569048316,25629800
2015-12-08,19.59453773498535,19.647687000576777,19.417371263567677,19.474950620216124,22756600
2015-12-09,19.306640625,19.656543440235524,19.213628997532687,19.510380863143023,32507800
2015-12-10,19.35978889465332,19.505951464268595,19.302211236548295,19.35978889465332,18146800
2015-12-11,18.956737518310547,19.195911719193134,18.943450625900788,19.147190860911365,33920600
2015-12-14,19.102903366088867,19.10733176778935,18.757428897984017,18.9523123645008,42068400
2015-12-15,19.18705177307129,19.319925755848587,19.160476300682085,19.24905951906174,34043800
2015-12-16,19.4483699798584,19.483803940569498,19.111755801024138,19.306637516182473,36347600
2015-12-17,19.142763137817383,19.528098237605544,19.138333047134267,19.528098237605544,24217200
2015-12-18,18.771514892578125,19.127627528391297,18.740355291655106,19.08756494176586,45627800
2015-12-21,18.962928771972656,18.976284102330965,18.802680090314183,18.92731851985008,22326600
2015-12-22,19.100921630859375,19.132081236773523,18.94512360128864,19.03415007643125,18965200
2015-12-23,19.26117515563965,19.278981132811065,19.140987356839755,19.20330657886827,16090600
2015-12-24,19.252267837524414,19.301233414698505,19.230011220101026,19.2745244549478,4865600
2015-12-28,19.23891258239746,19.252266212109873,19.074209891613435,19.181044023525484,14354400
2015-12-29,19.501541137695312,19.55050500366713,19.314581865721564,19.354644445568038,13618400
2015-12-30,19.33684730529785,19.492647052750517,19.33684730529785,19.492647052750517,14393000
2015-12-31,19.065309524536133,19.283426744702908,19.065309524536133,19.27007311434564,17669000
2016-01-04,18.816028594970703,18.820479238496446,18.52223687821898,18.72254979829306,43277200
2016-01-05,18.76706314086914,18.918410492733845,18.682487328795347,18.873897264920434,32134400
2016-01-06,18.535593032836914,18.66023144539242,18.424308250749206,18.49107979923024,27716800
2016-01-07,17.988073348999023,18.39314991580518,17.97917036204963,18.157226704895226,33681400
2016-01-08,17.84562873840332,18.20619206417859,17.823372120334227,18.14387115628558,38466200
2016-01-11,17.961360931396484,18.041486100449397,17.738791394709683,17.97026391663245,38270200
2016-01-12,18.17503547668457,18.215096377017172,17.94356287458053,18.152777156849044,31683200
2016-01-13,17.685373306274414,18.308568622151544,17.65421371028762,18.308568622151544,43924600
2016-01-14,18.01923179626465,18.157225538005253,17.547383706697342,17.76105198360893,39591200
2016-01-15,17.51177215576172,17.68092548819612,17.298105592825532,17.431646982401787,40355600
2016-01-19,17.529579162597656,17.747696382239035,17.373779450497103,17.71653677943312,39317600
2016-01-20,17.391584396362305,17.56518837262492,16.928639327614736,17.23133404963654,59263600
2016-01-21,17.48951530456543,17.743244450758603,17.2713964026791,17.48951530456543,44271400
2016-01-22,17.974712371826172,17.979163014446442,17.796656101747413,17.82336505168036,22496400
2016-01-25,17.765504837036133,18.032587669282844,17.73434522987639,17.876789633484133,20961200
2016-01-26,17.93910026550293,17.9791628409806,17.72543376231217,17.836718505520093,22947400
2016-01-27,17.56964874267578,17.89905087428609,17.48952353270102,17.79221839303419,36044800
2016-01-28,17.796659469604492,17.863431008037548,17.58299292391778,17.82781906805438,35133600
2016-01-29,18.35753631591797,18.37088994486952,17.90794489641309,17.943556837711654,32226600
2016-02-01,18.424304962158203,18.5088824682139,18.268506974272515,18.281860602356797,29594600
2016-02-02,18.094907760620117,18.375344212333033,18.037039193632985,18.370893567828404,27902400
2016-02-03,18.072649002075195,18.21954573820426,17.792212557217894,18.21064275134149,43012400
2016-02-04,18.090457916259766,18.210645711336078,17.899047912775792,18.03704168447187,36405800
2016-02-05,17.58300018310547,18.050396050890182,17.51177797180562,18.019236439575966,47554800
2016-02-08,17.329269409179688,17.378234993485194,17.031025258442206,17.289206812754394,49642800
2016-02-09,17.249141693115234,17.49396788075814,17.093343673180037,17.120050934842606,49510600
2016-02-10,17.275846481323242,17.596345430381987,17.26694349689513,17.396034223996764,33950000
2016-02-11,17.240236282348633,17.351521051817503,17.026569728736906,17.06218167004094,49254600
2016-02-12,17.480613708496094,17.493967338913773,17.280300761875846,17.37823191312819,21786800
2016-02-16,17.79221534729004,17.79666599238379,17.578548723290893,17.676478197995888,20586600
2016-02-17,18.157228469848633,18.19283872303653,17.872339652060283,17.89459627256163,22257400
2016-02-18,18.08600616455078,18.24180420526275,18.05039421349017,18.219547584885508,23156800
2016-02-19,18.099355697631836,18.152771914052618,17.974717293293047,18.019230523965213,17158600
2016-02-22,18.3397274017334,18.366434655349973,18.23734563403858,18.264052887655154,13181400
2016-02-23,18.050395965576172,18.2818685757245,18.014785709130287,18.26406259846583,16379000
2016-02-24,18.188383102416992,18.223993345863086,17.76104999263885,17.854528792014538,20288800
2016-02-25,18.415403366088867,18.424306351506655,18.10825801049399,18.250702381036906,18806800
2016-02-26,18.366439819335938,18.535593164773168,18.326377229576355,18.517787191975348,19545200
2016-02-29,18.237346649169922,18.52223535740793,18.237346649169922,18.34863140695481,27203800
2016-03-01,18.780420303344727,18.780420303344727,18.36644075411613,18.39314971467224,24608400
2016-03-02,18.833839416503906,18.833839416503906,18.6824920265823,18.71365163350105,17496200
2016-03-03,18.833839416503906,18.847193048591592,18.686942671254453,18.842742403919438,15767800
2016-03-04,18.88280487060547,18.976285397207427,18.76261877567834,18.838291627897004,15771800
2016-03-07,18.76706314086914,18.851638952942935,18.629069417734303,18.775966126045983,31627000
2016-03-08,18.651329040527344,18.807127046894554,18.584557496043733,18.65577968439316,23401000
2016-03-09,18.81158447265625,18.816036816198125,18.67804303361598,18.67804303361598,24321200
2016-03-10,18.79377555847168,18.976282543040224,18.562302995445776,18.891705017315292,25856800
2016-03-11,19.083110809326172,19.087563150795066,18.93621580419654,18.9807290304611,17640200
2016-03-14,19.105365753173828,19.14097768953056,19.01633930842318,19.02524229251236,20121800
2016-03-15,19.176593780517578,19.194398054482672,19.02079407230859,19.02969705832661,12642200
2016-03-16,19.39916229248047,19.430321892830726,19.08311224910222,19.087564590907036,29513800
2016-03-17,19.470386505126953,19.532705712313422,19.341295748485813,19.36355236561369,18734200
2016-03-18,19.501699447631836,19.55986053387592,19.416696095932572,19.546437694493612,18828800
2016-03-21,19.56881332397461,19.57775961021733,19.4480179798362,19.45696597273406,16007000
2016-03-22,19.573286056518555,19.649341434572293,19.47933469304449,19.47933469304449,26225800
2016-03-23,19.46143913269043,19.5688133409025,19.421174017942796,19.546442505310928,21350200
2016-03-24,19.515117645263672,19.515117645263672,19.349584108785862,19.3764280768584,13486400
2016-03-28,19.465906143188477,19.559859185770325,19.430115889496737,19.533015215510567,12816000
2016-03-29,19.7701358795166,19.783558721300615,19.407751577793718,19.43012070522704,20163000
2016-03-30,19.886457443237305,19.98488194215893,19.841717483132047,19.873034601878242,21976600
2016-03-31,19.846189498901367,19.94461569042502,19.81039753592741,19.859610631689236,29189800
2016-04-01,19.998310089111328,20.0072580835063,19.68961025577874,19.707506244568684,19309800
2016-04-04,19.922250747680664,20.011728974903516,19.881985630763143,19.966990714619705,15292400
2016-04-05,19.72987174987793,19.841719099268747,19.689606635831034,19.792507699127082,21452200
2016-04-06,19.922250747680664,19.922250747680664,19.662765766055152,19.734348006502387,22277000
2016-04-07,19.635923385620117,19.819352998376022,19.559867995610404,19.779087878178125,21261800
2016-04-08,19.635923385620117,19.814879854645312,19.5688159897272,19.738822757980223,17525600
2016-04-11,19.582229614257812,19.837241375449715,19.582229614257812,19.720920909871978,16277200
2016-04-12,19.71645164489746,19.734347631332856,19.48380894120291,19.61802542615798,19184000
2016-04-13,19.917774200439453,19.949091318617185,19.810400004790843,19.832770837764887,15753200
2016-04-14,19.913293838500977,19.97592976417161,19.846186478121282,19.89092471837441,13005400
2016-04-15,19.83724021911621,19.940139545997752,19.796975116714336,19.88645331168013,12921800
2016-04-18,19.922250747680664,19.922250747680664,19.74776914325648,19.779086266786194,14225800
2016-04-19,19.810407638549805,19.980416136065095,19.69856025719999,19.958047001126253,12942000
2016-04-20,19.85066795349121,19.940146178218033,19.77013772190259,19.828298823973302,13755600
2016-04-21,19.779090881347656,19.86409598503634,19.729877759560658,19.819356007659234,22555800
2016-04-22,19.434598922729492,19.564342285037817,19.331699544343554,19.46591605064454,29848800
2016-04-25,19.439077377319336,19.44802537361906,19.331703128378425,19.380916254699017,18715000
2016-04-26,19.345111846923828,19.506170542717882,19.28247591857362,19.461432300550847,14734800
2016-04-27,19.255638122558594,19.278007248830953,19.027468597277686,19.0990508253422,25559200
2016-04-28,19.01405143737793,19.354066665094475,18.951417188060827,19.28695927224985,45339200
2016-04-29,18.8485164642334,18.937994688243617,18.709825131684802,18.906675859183142,23792400
2016-05-02,18.98720932006836,19.009580159867827,18.80825454826084,18.888784792903635,25105400
2016-05-03,18.812721252441406,18.89772631860818,18.750087018416338,18.85746121006994,25062400
2016-05-04,18.754562377929688,18.80825033343067,18.700876129083785,18.727720106834276,22491400
2016-05-05,18.76350975036621,18.852987966588785,18.718771495582434,18.808249711805008,27119800
2016-05-06,18.902204513549805,18.902204513549805,18.682982929209874,18.682982929209874,18459800
2016-05-09,18.902204513549805,18.991682746069273,18.88878337600125,18.911152507467285,15082400
2016-05-10,19.148271560668945,19.148271560668945,18.9379996418971,18.960368777087005,27840400
2016-05-11,19.009580612182617,19.206431377851402,19.009580612182617,19.099057146887652,14304200
2016-05-12,18.955894470214844,19.081164702854505,18.835099088734992,19.081164702854505,18673000
2016-05-13,18.884309768676758,19.067739389420073,18.861940635738392,18.951418874147304,21842600
2016-05-16,19.148271560668945,19.193011537704372,18.902207660268758,18.902207660268758,12788400
2016-05-17,18.955894470214844,19.184064093006448,18.897735058382658,19.090110991862787,19880200
2016-05-18,18.99167823791504,19.139315835869617,18.879830900479327,18.906673169204744,21807000
2016-05-19,18.888776779174805,18.96930698965195,18.776929454251512,18.946936159343505,17269600
2016-05-20,19.1169490814209,19.16168904593872,18.978257751398367,18.991680594081284,11746000
2016-05-23,19.081153869628906,19.18852634332483,19.06325788846135,19.10799613472554,16855400
2016-05-24,19.439077377319336,19.470394511040478,19.15722146717326,19.15722146717326,18923000
2016-05-25,19.573286056518555,19.6359202988346,19.492755828782183,19.519599806912677,19629400
2016-05-26,19.635923385620117,19.66724051170122,19.53302401326001,19.573289133457912,13034200
2016-05-27,19.72987174987793,19.756715728127567,19.609078114392346,19.631447242939487,15576000
2016-05-31,19.7701358795166,19.796979856429605,19.65381539287031,19.74776675208328,24742800
2016-06-01,19.720924377441406,19.774610624328222,19.67171127335557,19.703028392927465,13771000
2016-06-02,19.703027725219727,19.703027725219727,19.54196728336238,19.640393488198526,15529000
2016-06-03,19.658288955688477,19.703028918166005,19.55091645905254,19.676184940679487,16609400
2016-06-06,19.6940860748291,19.76566832685377,19.653820951399258,19.671716941069302,17271200
2016-06-07,19.77461814880371,19.819356420456995,19.75224901297707,19.75672215748013,8818800
2016-06-08,19.81487274169922,19.846189856538416,19.738815672336344,19.77013278717554,16317000
2016-06-09,19.81934356689453,19.841712688213985,19.720919091758017,19.734340223218776,25839000
2016-06-10,19.667234420776367,19.734343502541034,19.600127045666543,19.667234420776367,16565200
2016-06-13,19.448022842407227,19.609083341528248,19.443547991511885,19.49276111142726,23566200
2016-06-14,19.49275779724121,19.524074921561763,19.354066456210703,19.403279567758794,16841200
2016-06-15,19.443546295166016,19.564341658968026,19.421177162607588,19.52407653770069,14156200
2016-06-16,19.48380470275879,19.515121818880505,19.237740916093212,19.345115104692557,19192600
2016-06-17,19.3538875579834,19.488757513952,19.268470319361676,19.44380143361731,22930400
2016-06-20,19.43480110168457,19.605637216777094,19.430306181665923,19.52471493673136,13712000
2016-06-21,19.56967544555664,19.61463323078219,19.47526666902921,19.49324978311943,11487800
2016-06-22,19.502241134643555,19.646102615920956,19.479763099749736,19.574171875282257,12990400
2016-06-23,19.767486572265625,19.785467971666083,19.556189265891593,19.62812000838596,19526800
2016-06-24,19.007719039916992,19.394347480022912,18.96725788420906,19.07065823435946,47246000
2016-06-27,18.625579833984375,18.86834667174669,18.549152474704947,18.86834667174669,36818000
2016-06-28,18.994226455688477,18.994226455688477,18.800912297758916,18.83238188486709,26489400
2016-06-29,19.286453247070312,19.31792284598681,19.12011197855224,19.124608615520035,21008400
2016-06-30,19.497743606567383,19.506735163106327,19.28644803027635,19.331404098007024,26710600
2016-07-01,19.542701721191406,19.601144267241107,19.484257460177623,19.51123213025262,14949400
2016-07-05,19.398839950561523,19.466274052282657,19.34039569043196,19.43930109757983,17361400
2016-07-06,19.533710479736328,19.53820540067266,19.26846555542594,19.335899659255563,15701600
2016-07-07,19.533710479736328,19.623624333139936,19.46177974000626,19.515727366062784,12332200
2016-07-08,19.83942222595215,19.852908707582078,19.60564682623398,19.62812486727206,25496000
2016-07-11,19.956300735473633,20.001258513742048,19.884370005208055,19.90235311651542,11663600
2016-07-12,20.118148803710938,20.145123475360002,20.02823494651157,20.091174132061873,32085600
2016-07-13,20.122638702392578,20.19007450720173,20.109152227416253,20.176588032225403,21218800
2016-07-14,20.253013610839844,20.29797138555357,20.190074441204374,20.235030500954352,30976600
2016-07-15,20.235036849975586,20.32045579125116,20.17659429695621,20.32045579125116,9729600
2016-07-18,20.369901657104492,20.39237968647957,20.230535131037076,20.26650135000817,8214400
2016-07-19,20.324953079223633,20.374405795201444,20.29348348086766,20.333944638034552,8915800
2016-07-20,20.59018898010254,20.626155199482678,20.455319087354486,20.48229375188959,10769800
2016-07-21,20.482297897338867,20.621662738233873,20.43284519316422,20.594689783203396,10946800
2016-07-22,20.603683471679688,20.603683471679688,20.423855749704487,20.46881182271616,9414600
2016-07-25,20.576704025268555,20.61716516757811,20.51376485166788,20.567712469759336,8489600
2016-07-26,20.62166404724121,20.684603232926303,20.52276034757786,20.599186011634277,18115400
2016-07-27,20.792503356933594,20.846450993561536,20.693597927311988,20.846450993561536,21820200
2016-07-28,20.805986404418945,20.86892558926083,20.72506410534676,20.819474597573752,12658600
2016-07-29,20.882408142089844,20.931860835383944,20.81946897424779,20.895894616637797,21179400
2016-08-01,20.922870635986328,20.96333177721478,20.846443273682,20.882409494757873,15683400
2016-08-02,20.765525817871094,20.92737042040334,20.66662211685133,20.88241434857292,22224400
2016-08-03,20.837461471557617,20.837461471557617,20.743052669490353,20.74754930671143,15961800
2016-08-04,20.949846267700195,20.95883782411978,20.823967907754092,20.84195102059326,16752400
2016-08-05,21.15214729309082,21.161138847509662,20.99479937817024,21.017277406735516,12126200
2016-08-08,21.147661209106445,21.228583517722655,21.102703418228344,21.174634168668938,10439200
2016-08-09,21.192617416381836,21.246565050805582,21.147661340189444,21.147661340189444,29836800
2016-08-10,21.12517547607422,21.210592675181914,21.098200811373175,21.201601120281566,7112400
2016-08-11,21.201602935791016,21.260047190166034,21.170133348426905,21.192611380120717,10518600
2016-08-12,21.179122924804688,21.19710603446468,21.134165150654702,21.19710603446468,6937400
2016-08-15,21.282529830932617,21.322990982729543,21.192615969721203,21.206102448665423,16561400
2016-08-16,21.12517547607422,21.24655717981956,21.12517547607422,21.24655717981956,9078000
2016-08-17,21.11618995666504,21.14316291411183,20.99480650326178,21.134171356641488,10575000
2016-08-18,21.12517547607422,21.14765350584322,21.048748116903134,21.111687286241825,7086400
2016-08-19,21.138669967651367,21.156653084272047,21.017286502908362,21.066739216133037,9576200
2016-08-22,21.138669967651367,21.161148005945023,21.044261177839385,21.08022569611635,9257400
2016-08-23,21.2150936126709,21.264546321167874,21.19711221273364,21.201607133976896,16630600
2016-08-24,21.09821319580078,21.215100048189168,21.048760472302515,21.206108488010866,13648800
2016-08-25,21.143165588378906,21.170140264201788,21.026278756408647,21.06224327587471,11825400
2016-08-26,21.15214729309082,21.305000288283807,21.03975543530079,21.129669264525546,24227200
2016-08-29,21.233076095581055,21.264545688239867,21.143162238714087,21.143162238714087,13964800
2016-08-30,21.161149978637695,21.237577373918135,21.08921922041381,21.19261957817536,11436400
2016-08-31,21.12517547607422,21.156645060743568,21.057739671803482,21.134165316010826,22322400
2016-09-01,21.192617416381836,21.210600532844545,21.026277876512736,21.120686665495384,18479200
2016-09-02,21.287023544311523,21.34546780802712,21.19261476713075,21.29601510141886,13814400
2016-09-06,21.39491844177246,21.39491844177246,21.273535005030006,21.30050967373855,30214800
2016-09-07,21.448869705200195,21.453366341563594,21.336477805615246,21.39492207358942,23170000
2016-09-08,21.273536682128906,21.37693701455056,21.219589055422855,21.37244209356011,16605200
2016-09-09,20.752044677734375,21.156656288150472,20.752044677734375,21.08022888842092,33618400
2016-09-12,21.09821319580078,21.143169281727527,20.617175873532677,20.648645476674346,38020600
2016-09-13,20.94535255432129,21.093708956386013,20.85993533585761,21.017283294860214,34717600
2016-09-14,21.044260025024414,21.174633325971453,20.94535460399315,20.94984952541989,34217400
2016-09-15,21.390432357788086,21.430891805119206,21.044265017027087,21.089221101815912,32572600
2016-09-16,21.311878204345703,21.397650476497898,21.217078903390465,21.397650476497898,31766200
2016-09-19,21.27124786376953,21.469876921578845,21.21256357128769,21.36604887865943,14242600
2016-09-20,21.257707595825195,21.38410666480362,21.23062134301918,21.343478146623674,10002200
2016-09-21,21.496957778930664,21.510501762778144,21.257701969670215,21.338958984524275,24095200
2016-09-22,21.62787628173828,21.654962532675572,21.573705501921747,21.623362767611088,20997000
2016-09-23,21.438276290893555,21.623361355062556,21.402161292003054,21.623361355062556,23973000
2016-09-26,21.311878204345703,21.384106489177046,21.271249686499438,21.34799320779045,19240800
2016-09-27,21.546607971191406,21.555636716777226,21.284781237431154,21.33895198888894,17569000
2016-09-28,21.58724594116211,21.59627469071116,21.451818142042153,21.564674928318432,18096800
2016-09-29,21.456336975097656,21.61433754828962,21.3931374346442,21.560165037565238,22813800
2016-09-30,21.56919288635254,21.636907660893957,21.48793584572614,21.505993348544948,18510600
2016-10-03,21.505985260009766,21.560156026033987,21.456328006963563,21.510500495045385,12462800
2016-10-04,21.429248809814453,21.61433388494077,21.35250529365777,21.578218883912204,17804400
2016-10-05,21.505985260009766,21.55564251305597,21.4653567549772,21.48792776398249,18015200
2016-10-06,21.555644989013672,21.57821600061155,21.429245946419314,21.524045228365082,10011800
2016-10-07,21.496957778930664,21.60078580412025,21.39312975374108,21.5737012805407,12147800
2016-10-10,21.645931243896484,21.69558850376241,21.59627398403056,21.60981624688205,13315600
2016-10-11,21.402164459228516,21.67302010275847,21.307365156198852,21.645935571640386,17454600
2016-10-12,21.438276290893555,21.496960581003727,21.31187551683473,21.420218791448306,11040800
2016-10-13,21.302846908569336,21.37056167090971,21.122277079091575,21.29833339470702,19338400
2016-10-14,21.384103775024414,21.52856032635212,21.366047997651897,21.38861901091099,18896600
2016-10-17,21.33896255493164,21.429248333437947,21.32542029087599,21.384104583155796,10150200
2016-10-18,21.456336975097656,21.551138007836162,21.42925244179379,21.49696549711178,10117800
2016-10-19,21.496957778930664,21.51952878926619,21.40215850228683,21.44278700971386,10070000
2016-10-20,21.397645950317383,21.451816721967774,21.293816198405615,21.44278797301641,12296000
2016-10-21,21.456336975097656,21.469880963807913,21.37056641620487,21.42925244179379,16153800
2016-10-24,21.66398811340332,21.677530375861622,21.551131334096706,21.569187110021844,10786200
2016-10-25,21.58724594116211,21.69558921369281,21.546617429220333,21.69558921369281,8724800
2016-10-26,21.465360641479492,21.582732664850468,21.397647602203545,21.406674629794004,12559400
2016-10-27,21.438276290893555,21.564675342894454,21.41119004172568,21.56016010700418,17642200
2016-10-28,21.41570472717285,21.636904802333817,21.36153394793144,21.49696175706398,20837800
2016-10-31,21.40667724609375,21.501478267959214,21.40667724609375,21.46987850135677,11760000
2016-11-01,21.221586227416992,21.474386011613614,21.077129699892534,21.451815002073726,18130600
2016-11-02,21.086156845092773,21.284785846881817,21.036499594645512,21.22158461409416,16334600
2016-11-03,20.883026123046875,21.072626484360697,20.873999092465798,21.027484443221375,20251400
2016-11-04,20.846900939941406,21.01392846332627,20.792730177070705,20.864958434917472,16308000
2016-11-07,21.298330307006836,21.307359055480482,21.10421651996765,21.153873775543865,26452000
2016-11-08,21.402164459228516,21.492450247757894,21.235136869786984,21.257707886404784,19560000
2016-11-09,21.375076293945312,21.41119129494967,20.964277628839895,21.077134423891472,54258800
2016-11-10,21.031993865966797,21.49696334304721,20.73856548948299,21.49696334304721,79031000
2016-11-11,21.095195770263672,21.14033952974929,20.914625898496233,20.914625898496233,28183200
2016-11-14,20.774682998657227,21.126795715259743,20.67536844902745,21.11325344833145,37942000
2016-11-15,21.068105697631836,21.140335699722808,20.90559335910125,20.91462210936262,34741600
2016-11-16,21.262218475341797,21.275762461095447,20.991362869080074,21.018449118529425,20248400
2016-11-17,21.397645950317383,21.415701726162325,21.239645426755224,21.28027393600746,17048200
2016-11-18,21.379589080810547,21.49244586293302,21.338960570364144,21.447302116849333,17646000
2016-11-21,21.596275329589844,21.614332829222136,21.42473252719897,21.456332290526504,17951000
2016-11-22,21.66398811340332,21.70010138731139,21.614330854979162,21.668501626870157,16977600
2016-11-23,21.578216552734375,21.650444824930375,21.501474766926435,21.650444824930375,16233600
2016-11-25,21.66850471496582,21.6730182290759,21.569190183963656,21.591762920688172,6219000
2016-11-28,21.68655776977539,21.785870558360386,21.63690051445405,21.650442776066168,14975600
2016-11-29,21.700103759765625,21.80393180143221,21.62336196803475,21.673017509829915,11856800
2016-11-30,21.442790985107422,21.731704103903795,21.438277471026613,21.731704103903795,23633200
2016-12-01,21.000391006469727,21.469875650886056,20.94170499540321,21.415703153567165,43731200
2016-12-02,21.07713508605957,21.126792352971602,20.932678521619888,20.98233578853192,20105400
2016-12-05,21.280277252197266,21.334448032289302,21.10873443950476,21.194506706880038,18010000
2016-12-06,21.343475341796875,21.379590340792223,21.24416253867554,21.329933078202586,18509600
2016-12-07,21.749757766723633,21.76781526397677,21.316388164994642,21.329930426905634,19945800
2016-12-08,21.803930282592773,21.89872956767717,21.700102248158743,21.75878825790245,19354200
2016-12-09,21.96193504333496,21.96193504333496,21.849078237813316,21.885191520109984,24615000
2016-12-12,21.89421844482422,21.943875710640736,21.826503678336596,21.89421844482422,19170200
2016-12-13,22.16958999633789,22.277931559637445,21.975476163196586,21.989018428094504,27934000
2016-12-14,22.092844009399414,22.268902043697626,22.047701983409866,22.183129783436414,35830000
2016-12-15,22.19215202331543,22.305008777242392,22.08380878184029,22.11992376968447,23140000
2016-12-16,22.031646728515625,22.25835640807242,21.99990751175028,22.253822975530625,21131400
2016-12-19,22.19034194946289,22.262888974913743,22.03164587180712,22.049783060584218,13254000
2016-12-20,22.271961212158203,22.308235595645517,22.217551366585038,22.249290587307534,11413000
2016-12-21,22.22662353515625,22.271964792145724,22.181280548508692,22.262896194816214,9247400
2016-12-22,22.181276321411133,22.240221327990735,22.11326444888798,22.226619299417653,22210400
2016-12-23,22.203954696655273,22.208488130856455,22.117803879908823,22.158611706352346,12717400
2016-12-27,22.294628143310547,22.398916113729594,22.21754768565714,22.226616280026516,13681400
2016-12-28,22.09512710571289,22.353576024770295,22.086058510173963,22.32183680521291,15555200
2016-12-29,22.09966468811035,22.15860797108077,22.04525310891899,22.09512952501544,9593000
2016-12-30,21.927358627319336,22.149533125869592,21.859345037346635,22.149533125869592,17003200
2017-01-03,22.12233543395996,22.19941591041001,21.990843378024998,22.067923854475048,27881200
2017-01-04,22.199413299560547,22.231152519031628,22.126866265104116,22.14047002320439,14446200
2017-01-05,22.235687255859375,22.29009709824545,22.149536464952245,22.176742250974133,11005800
2017-01-06,22.3989200592041,22.430659280258883,22.172210349008342,22.235688791117905,17501200
2017-01-09,22.39438247680664,22.46692950704468,22.38078044915502,22.412519666780558,16627000
2017-01-10,22.3989200592041,22.476000530434906,22.321837858315476,22.3989200592041,15471600
2017-01-11,22.50320816040039,22.50320816040039,22.330908282243318,22.358114072370633,15173000
2017-01-12,22.44879150390625,22.47599728788165,22.235685583233792,22.417052287430405,13725400
2017-01-13,22.516815185546875,22.55762301496128,22.448801559970082,22.448801559970082,9665800
2017-01-17,22.43065643310547,22.494134867157626,22.38078002644803,22.457860487894905,9651600
2017-01-18,22.489601135253906,22.52134035429859,22.435191292556976,22.494136297778983,12315400
2017-01-19,22.457860946655273,22.57121578968044,22.41705313397991,22.48960016432971,14500000
2017-01-20,22.580284118652344,22.63922912063511,22.521339116669576,22.55761349624593,17510800
2017-01-23,22.62109375,22.630162345623372,22.462397650735404,22.55761531029416,23955200
2017-01-24,22.761653900146484,22.79792655220529,22.593889208851852,22.60295607462326,13021800
2017-01-25,22.979293823242188,22.979293823242188,22.86593898067673,22.884076170605034,18395600
2017-01-26,22.91581916809082,22.99289964351401,22.852340722528684,22.974762450593996,14253000
2017-01-27,23.006502151489258,23.047309968510408,22.95662573850143,22.99743355552258,12046000
2017-01-30,22.820606231689453,22.92942595245791,22.716318215603795,22.92942595245791,16893200
2017-01-31,22.70724105834961,22.7707194883124,22.607488251460946,22.74804713790498,19115600
2017-02-01,22.879541397094727,22.95208842838313,22.75258452475443,22.91581577756776,23362200
2017-02-02,22.834197998046875,22.8750058074023,22.716308002283427,22.81152737721775,17197800
2017-02-03,22.983829498291016,23.01556871893334,22.915817623910804,22.920351057006368,13667200
2017-02-06,22.997434616088867,23.001968049452362,22.89314835214944,22.952091634164397,13453000
2017-02-07,23.088115692138672,23.115321479610106,23.024637251029787,23.04277444267741,20106200
2017-02-08,23.128921508789062,23.165195888948023,23.02463526031852,23.088113695939054,12706200
2017-02-09,23.201467514038086,23.260412514362443,23.128920486584096,23.128920486584096,9739200
2017-02-10,23.269481658935547,23.30575603834861,23.196934629767032,23.255879631484454,8355800
2017-02-13,23.37377166748047,23.40097745641928,23.278554000681456,23.31029322294779,13159400
2017-02-14,23.450855255126953,23.450855255126953,23.278555374329642,23.346568985861158,12467600
2017-02-15,23.52793312072754,23.546070312409274,23.41004483411185,23.432715458885124,11895000
2017-02-16,23.58234214782715,23.645822316510515,23.527932304327717,23.55967152384053,14123000
2017-02-17,23.663949966430664,23.663949966430664,23.518855945222583,23.55513031535319,14175400
2017-02-21,23.78638458251953,23.79545317932654,23.67756488015139,23.713837537721442,15237400
2017-02-22,23.813587188720703,23.831724379909517,23.71383436683998,23.763710777780343,13769600
2017-02-23,23.809053421020508,23.863464997774816,23.70476716006153,23.84532780552338,13405400
2017-02-24,23.86345863342285,23.872527227129986,23.65488443747349,23.668488192862892,15544200
2017-02-27,23.849863052368164,23.858931649183482,23.79545320113423,23.858931649183482,15951200
2017-02-28,23.73650360107422,23.831722984410916,23.700230950478336,23.809050631923633,15243000
2017-03-01,24.072036743164062,24.10377596375129,23.827189844641634,23.88159968998291,18190600
2017-03-02,23.913339614868164,24.053898520111034,23.8997358568728,24.049365087217726,14340200
2017-03-03,23.967748641967773,23.967748641967773,23.845325202123384,23.895201610540468,15714000
2017-03-06,23.93147087097168,23.972278678471763,23.82718463617312,23.867992443673202,13430400
2017-03-07,23.93147087097168,24.03122367367353,23.89519822522573,23.913335412927413,13960800
2017-03-08,23.95867919921875,24.031226228079476,23.92693998219578,23.95867919921875,11361800
2017-03-09,23.95414924621582,23.990421901086343,23.83625922615645,23.963216112690063,15300400
2017-03-10,24.08110809326172,24.130984511219893,23.98135525734537,24.067506062785124,14709000
2017-03-13,24.103775024414062,24.130980810853373,24.05843377667294,24.081104400543502,14922400
2017-03-14,24.04936408996582,24.08563674058132,23.958679868940596,24.08563674058132,14479800
2017-03-15,24.212596893310547,24.25340470890379,24.013091248340125,24.085638283877252,17867200
2017-03-16,24.2261962890625,24.312345343882146,24.19899050507113,24.303276749218355,21956000
2017-03-17,24.27854347229004,24.35592082368002,24.269439948070094,24.319508463119945,13790800
2017-03-20,24.301300048828125,24.355919454758215,24.23302622549541,24.283093001411558,9083600
2017-03-21,23.94626808166504,24.424191725924576,23.93716455918246,24.36501969794749,29811000
2017-03-22,24.096473693847656,24.132887786546487,23.918959332739625,23.95082079569135,22766600
2017-03-23,24.032751083374023,24.132888103290597,23.99633872651679,24.060061653256597,22718800
2017-03-24,24.050960540771484,24.196613455439376,23.969030559230834,24.114683473898726,26281800
2017-03-27,24.050960540771484,24.10102905574852,23.818826750619444,23.850688217183063,13690000
2017-03-28,24.223922729492188,24.27854213548475,23.987236321764943,24.028201310339266,16907800
2017-03-29,24.26488494873047,24.278539364590337,24.160197042392856,24.21481644215174,11410200
2017-03-30,24.310405731201172,24.342267198849527,24.22847574687118,24.24668279590446,17508400
2017-03-31,24.26488494873047,24.3468149165285,24.23757438069132,24.287642887270053,12207000
2017-04-03,24.24212074279785,24.324050695282427,24.09646787978507,24.287638347688777,26035800
2017-04-04,24.260339736938477,24.260339736938477,24.132893853094128,24.14199737855729,15041600
2017-04-05,24.16019630432129,24.44694944653494,24.13743663015758,24.28308951594465,20955800
2017-04-06,24.164751052856445,24.237577507369462,24.10557901596473,24.187508994331832,13870200
2017-04-07,24.15110206604004,24.214825011028214,24.064619438138923,24.128342383127098,12938800
2017-04-10,24.10558319091797,24.223927285197938,24.055514669208748,24.164755238057953,9687200
2017-04-11,24.014545440673828,24.101028048864645,23.818825755525314,24.064613953559114,16914200
2017-04-12,23.932613372802734,24.01909423084835,23.88709576094766,23.991783663735305,17368400
2017-04-13,23.8370361328125,24.064619067880116,23.8370361328125,23.905311707860786,19533200
2017-04-17,24.055513381958008,24.064616906901623,23.90986045549982,23.90986045549982,14132000
2017-04-18,24.050960540771484,24.096476425485314,23.955376141080627,23.99178850158775,12487200
2017-04-19,24.032751083374023,24.173853089954694,23.987235203222596,24.08737048681964,14521000
2017-04-20,24.251237869262695,24.292202868487262,24.060069030428085,24.09648139844989,15163800
2017-04-21,24.201162338256836,24.264887002408233,24.155646457325396,24.260334372523356,15233000
2017-04-24,24.487918853759766,24.506125901852712,24.41054150384425,24.465160911803416,16210000
2017-04-25,24.61536407470703,24.665430847643545,24.547088519118002,24.58805350520752,20089600
2017-04-26,24.588054656982422,24.674535526635964,24.565296716159867,24.615365227761238,16294400
2017-04-27,24.688190460205078,24.706395770171742,24.629018427934785,24.651776367632742,17183400
2017-04-28,24.751914978027344,24.801983490375154,24.692742941950872,24.765569395460524,22836800
2017-05-01,24.938541412353516,24.97040288815304,24.79743935072691,24.84295698495495,15126000
2017-05-02,24.993152618408203,25.029566713816294,24.90211911620761,24.98860172464201,15070200
2017-05-03,24.94763946533203,24.965844778708536,24.833848009209714,24.911225365939373,14309000
2017-05-04,24.929426193237305,24.970391176669253,24.847496226373416,24.956736760965068,15159800
2017-05-05,25.020465850830078,25.029569375650237,24.91122528930797,24.970397332479106,13651600
2017-05-08,25.129703521728516,25.14335967649139,24.993154128337988,25.038670014028252,12140200
2017-05-09,25.161563873291016,25.229839435118755,25.111495359459962,25.157012979451675,15388600
2017-05-10,25.257150650024414,25.275355962164845,25.13425567739804,25.188875086458747,10604000
2017-05-11,25.22529411315918,25.238950271272948,25.07964115962687,25.179778216300395,18196000
2017-05-12,25.28900909423828,25.302663510791614,25.22073353883261,25.248044108258778,9307600
2017-05-15,25.43010711669922,25.43010711669922,25.30721216961216,25.32086832127918,19898600
2017-05-16,25.548460006713867,25.548460006713867,25.402807071566833,25.4892879592104,18122200
2017-05-17,24.85205078125,25.370941226615408,24.83839636353395,25.348181548662456,37090000
2017-05-18,24.99770164489746,25.093287770043794,24.747360834785507,24.788325820899793,33644400
2017-05-19,25.143362045288086,25.220739405515328,25.106947944249452,25.13425852002843,20438200
2017-05-22,25.3436336517334,25.37549512105155,25.19798072447331,25.20253161881025,21020600
2017-05-23,25.389144897460938,25.475627500926414,25.320871076972946,25.448316930939495,13221000
2017-05-24,25.493839263916016,25.498391894892567,25.398254849248087,25.45742689770346,18643800
2017-05-25,25.675899505615234,25.730518908632227,25.52569571323862,25.575762486484482,12227000
2017-05-26,25.662242889404297,25.694104349793292,25.598519968626306,25.653139366961817,72564400
2017-05-30,25.771486282348633,25.798796854546836,25.639489524189838,25.671350990261235,11850600
2017-05-31,25.730520248413086,25.87617315492219,25.644039377773183,25.867071367545027,28492200
2017-06-01,25.794248580932617,25.794248580932617,25.63494122366904,25.78514679164896,16872400
2017-06-02,26.030929565429688,26.03548219543443,25.807899312146226,25.88982928903555,16982000
2017-06-05,26.053695678710938,26.121969518770936,25.9990745230789,26.030935995704237,13531600
2017-06-06,26.00362205505371,26.135618814480612,25.971760588676215,26.02182736704107,15370400
2017-06-07,26.08555030822754,26.13106618966054,25.948999191289385,26.06279063119146,17407400
2017-06-08,26.144729614257812,26.16293666763157,25.999076659908088,26.13107519238758,14204800
2017-06-09,25.498390197753906,26.22665483673244,25.13425787826464,26.181138947916228,70285000
2017-06-12,25.348182678222656,25.389147669515935,24.92943097728669,25.234391228665746,71412800
2017-06-13,25.530250549316406,25.61218053465407,25.343632635229458,25.471078507390363,36586800
2017-06-14,25.40735626220703,25.63493917515143,25.197980399014945,25.630388280873266,32361200
2017-06-15,25.293569564819336,25.329983671175416,25.01136718584035,25.120606032268274,29501000
2017-06-16,25.24922752380371,25.304066986858405,25.14411782656759,25.294926785796775,43222600
2017-06-19,25.623966217041016,25.6422466185695,25.42745625889742,25.44116568838626,19858400
2017-06-20,25.41832733154297,25.62854855572672,25.41832733154297,25.614837376841724,21915400
2017-06-21,25.55999183654785,25.573701268869517,25.427461513053746,25.505152363945786,24586400
2017-06-22,25.56913948059082,25.655968816090322,25.486879376089856,25.637688405464353,17585600
2017-06-23,25.729082107543945,25.793061784987696,25.50515323649081,25.546283278178286,32847200
2017-06-26,25.59198570251465,25.921026076550852,25.56456509023974,25.866184852001034,19455800
2017-06-27,25.171541213989258,25.500579772027642,25.171541213989258,25.454880504979762,25791000
2017-06-28,25.48687171936035,25.509721354120405,25.098420955177858,25.26751208769612,25952000
2017-06-29,25.029874801635742,25.368053617206737,24.828795553007467,25.368053617206737,41946800
2017-06-30,25.007020950317383,25.176110329608857,24.984169573581408,25.134980292125494,30743800
2017-07-03,24.833364486694336,25.15783386469247,24.805943876306888,25.11213459069561,33105200
2017-07-05,25.080142974853516,25.130413218680847,24.842502931597775,24.924763013621508,29618800
2017-07-06,24.85164451599121,24.98874407921407,24.79223406604561,24.860784719314804,25514800
2017-07-07,25.139549255371094,25.22180932946706,24.924760611511857,24.94304101538102,17636400
2017-07-10,25.322355270385742,25.381765724119887,25.10756483687313,25.144125652498953,11188400
2017-07-11,25.377195358276367,25.41832540518264,25.198965736121092,25.294935264463827,13713000
2017-07-12,25.70623207092285,25.72908170632281,25.53714267698466,25.550852109561546,33103800
2017-07-13,25.756502151489258,25.847902435825013,25.6970917051737,25.742792718999294,16250200
2017-07-14,25.98500633239746,26.012425201958695,25.829626346059506,25.86618541991306,13379200
2017-07-17,25.98957633972168,26.062696232930072,25.9393060862692,26.00785674885272,19674200
2017-07-18,26.1083984375,26.1083984375,25.875327568819188,25.93930726035797,19840400
2017-07-19,26.240921020507812,26.263772399361926,26.12667109949902,26.149522478353134,13347200
2017-07-20,26.295766830444336,26.32318570055338,26.144956071581593,26.3140472393942,20745800
2017-07-21,26.26377296447754,26.26834219435741,26.154092270890313,26.18151288011599,11610000
2017-07-24,26.3277530670166,26.350602703415195,26.19522273526304,26.25006221128277,10756200
2017-07-25,26.27748680114746,26.332326285473613,26.163236858533775,26.245496956680892,13760600
2017-07-26,26.378023147583008,26.423722420093473,26.291192089171428,26.419153190168625,21205200
2017-07-27,26.27748680114746,26.597386989128932,25.953017382520382,26.565397144662363,46094400
2017-07-28,26.250062942504883,26.300333189971425,26.12210358045591,26.144953217491004,20586200
2017-07-31,26.122102737426758,26.35060258703452,26.094682127880247,26.29119213800816,21965600
2017-08-01,26.254629135131836,26.277478768006183,26.158659631070428,26.254629135131836,16614400
2017-08-02,26.3277530670166,26.528832307965942,26.163232895641908,26.524263078012428,25147800
2017-08-03,26.268341064453125,26.364310577641746,26.190651956628642,26.364310577641746,21375600
2017-08-04,26.3277530670166,26.410013152703947,26.26834261772785,26.323182093747576,9513800
2017-08-07,26.487703323364258,26.487703323364258,26.355172986315818,26.36431318990353,15366000
2017-08-08,26.451148986816406,26.65679924606026,26.37802908834258,26.451148986816406,20921400
2017-08-09,26.437435150146484,26.455715558756584,26.268345728792344,26.282055163592062,13945600
2017-08-10,25.916452407836914,26.32318185938337,25.90274297478292,26.295762993275382,29823800
2017-08-11,26.094682693481445,26.181513753936375,25.925593289235035,25.95758312940826,29936200
2017-08-14,26.51054573059082,26.547106534970624,26.27747670427244,26.332316167527043,19517000
2017-08-15,26.551681518554688,26.611091966890672,26.469421434186547,26.565392694826365,14105200
2017-08-16,26.629369735717773,26.725339243537462,26.542540430068815,26.59280892703486,18111800
2017-08-17,26.1083984375,26.569967457398235,26.1083984375,26.52883740664961,25937800
2017-08-18,26.080968856811523,26.26376940692386,25.980428379918212,26.108389462322947,33393000
2017-08-21,26.07183837890625,26.126677867067166,25.89817796586147,26.099258994644654,15957200
2017-08-22,26.460283279418945,26.478561942466065,26.1906533871745,26.20893205022162,16922400
2017-08-23,26.396299362182617,26.46941923740635,26.304900825639454,26.314041027956836,17847400
2017-08-24,26.373449325561523,26.487699237812247,26.240919008955007,26.46028037459387,16187800
2017-08-25,26.36888885498047,26.537978293149028,26.31404936701259,26.46028916380419,16666200
2017-08-28,26.419158935546875,26.469427448914086,26.34603903763944,26.43286837161831,11986600
2017-08-29,26.533401489257812,26.569960556363384,26.17237133127006,26.20436116873071,17379600
2017-08-30,26.725345611572266,26.743626020269524,26.501416706635887,26.56082541992839,15308000
2017-08-31,26.88529396057129,26.93099323455865,26.757332855438683,26.78932269589295,18851600
2017-09-01,26.862438201904297,26.97668811156645,26.830448366664115,26.953838478297072,12026200
2017-09-05,26.62480354309082,26.83502474412928,26.44657392705121,26.784754494822597,23803400
2017-09-06,26.647655487060547,26.74362501413706,26.53340555197451,26.70706419811801,18227400
2017-09-07,26.739049911499023,26.79389112705915,26.638511169602904,26.734480681860042,15387600
2017-09-08,26.519695281982422,26.734485725156677,26.501416616662947,26.697924907886286,12518400
2017-09-11,26.89443016052246,26.921850768599796,26.729911742004678,26.729911742004678,14074600
2017-09-12,26.958412170410156,27.008680671347584,26.835022046330035,26.972121603091686,15723400
2017-09-13,26.92184829711914,26.930988498972496,26.816738590778424,26.926417526388196,16256600
2017-09-14,26.830453872680664,26.95384400963515,26.771045162651774,26.82131366883415,15253400
2017-09-15,26.9400634765625,26.962994742849553,26.761195400619158,26.807059682736735,26247600
2017-09-18,26.962995529174805,27.06389345368903,26.862095855117058,26.981341242556855,20824000
2017-09-19,27.08224105834961,27.13727645279561,26.935478840131175,27.00427439534641,11232200
2017-09-20,26.9721736907959,27.086831797669557,26.78413446550485,27.077658939174402,17901600
2017-09-21,26.825410842895508,26.96300021810093,26.73826956394847,26.96300021810093,16209200
2017-09-22,26.839168548583984,26.875858231218537,26.724510447342364,26.738268859637348,9649600
2017-09-25,26.5227108001709,26.752026985199343,26.403465404211666,26.752026985199343,27146200
2017-09-26,26.619022369384766,26.72909315511035,26.53646840531878,26.664884905179825,18106600
2017-09-27,26.889617919921875,26.97217189132677,26.696991403462537,26.738268389164986,15271000
2017-09-28,26.921720504760742,26.935478916025097,26.765785428771338,26.820820823372408,11178400
2017-09-29,27.10517120361328,27.12810422076373,26.935477723870093,26.967581848428438,24857400
2017-10-02,27.146451950073242,27.23359322842603,27.01344987968982,27.1739705247442,15143800
2017-10-03,27.21065902709961,27.224417438181426,27.137276169213592,27.169382044310538,12932000
2017-10-04,27.192310333251953,27.233587311518434,27.073064951796145,27.16479176455982,13299200
2017-10-05,27.453731536865234,27.45831709036328,27.261105048620923,27.27486520820205,12845400
2017-10-06,27.49500846862793,27.508766878641595,27.35283181682725,27.36200467335086,11852800
2017-10-09,27.56380844116211,27.62343114714633,27.517945897816634,27.536291614972377,13898400
2017-10-10,27.59132194519043,27.673875907672713,27.449145287683482,27.65094464021509,10945800
2017-10-11,27.683055877685547,27.69222873693426,27.55463934729158,27.55463934729158,9961800
2017-10-12,27.614255905151367,27.747259718734973,27.5821517776717,27.61884320881631,12212800
2017-10-13,27.747257232666016,27.797707071197834,27.715153108062783,27.715153108062783,11900000
2017-10-16,27.84815216064453,27.852737713572893,27.751838053716178,27.816048041516172,16612800
2017-10-17,27.84815216064453,27.84815216064453,27.756425356187815,27.838979305244532,10263400
2017-10-18,27.916950225830078,27.95364165304742,27.829810710504205,27.930710385808354,12182600
2017-10-19,27.83440399169922,27.866508124655578,27.650952053312043,27.797714303839395,13745200
2017-10-20,28.02243423461914,28.054538357264672,27.958225989328074,28.00409027135274,14814800
2017-10-23,27.88943099975586,28.09122858341744,27.85732687848114,28.06829731815598,14109800
2017-10-24,27.96739959716797,28.01326388042493,27.85274151334084,27.944468330311246,16071600
2017-10-25,27.81605339050293,27.98574687417653,27.63259974631163,27.903192909244808,18451800
2017-10-26,27.930706024169922,28.0499496449182,27.912360313426102,27.976568551486196,18872800
2017-10-27,28.682872772216797,28.76083944602536,28.380175436497634,28.380175436497634,29078400
2017-10-30,28.74707794189453,28.857148734205953,28.38017238495029,28.38017238495029,17149400
2017-10-31,28.870908737182617,28.930531436591714,28.742490480798125,28.857148576061324,20222600
2017-11-01,28.875492095947266,29.045187323707253,28.724144331468707,29.00849589623151,19101400
2017-11-02,28.889259338378906,28.916776166188058,28.669114218641795,28.875499174930347,20449200
2017-11-03,29.11857032775879,29.146087150616246,28.87090842477966,29.040601914060765,15319400
2017-11-06,29.182777404785156,29.19195026188265,29.08187772625635,29.100223440451334,12000400
2017-11-07,29.196537017822266,29.224055590247815,29.077293369732242,29.214882732772633,11551200
2017-11-08,29.35706329345703,29.361647098487143,29.118574216098384,29.196540890663993,18201000
2017-11-09,29.123159408569336,29.173609255975766,28.829634932252507,29.13233226714722,20490800
2017-11-10,29.123159408569336,29.146090680242107,29.017674159239466,29.08646797425779,11966400
2017-11-13,29.113985061645508,29.15067649408134,29.008499817708188,29.01308537199077,8600600
2017-11-14,29.054363250732422,29.08646738032753,28.893842602756866,29.026846425104523,14741600
2017-11-15,28.838808059692383,28.953466168669085,28.7608396358254,28.912189179455716,16985000
2017-11-16,29.242399215698242,29.30202191382195,29.049774459589784,29.049774459589784,15282200
2017-11-17,29.054363250732422,29.224058506642404,29.036019283495104,29.20112548589403,16604200
2017-11-20,29.16443634033203,29.187367611959935,29.08188236283647,29.123159351584253,13159800
2017-11-21,29.471717834472656,29.490063549635302,29.25616005517077,29.279091324352233,16348000
2017-11-22,29.416677474975586,29.480885721485894,29.3662276385622,29.471714614450278,24231600
2017-11-24,29.581796646118164,29.59555506144827,29.453380104252712,29.462551214776674,8678200
2017-11-27,29.581796646118164,29.618488086390673,29.480896934912927,29.531346790515546,13778200
2017-11-28,29.678102493286133,29.705619317864784,29.508407243846793,29.62765264883356,22623200
2017-11-29,29.02225112915039,29.63223292257178,28.820453548759044,29.627645619867796,67280400
2017-11-30,29.279096603393555,29.357065032120726,29.04519481630006,29.150680073188816,42095000
2017-12-01,29.12773895263672,29.274502910054572,28.705798042383897,29.100222132124983,38423600
2017-12-04,28.659936904907227,29.324952426314216,28.632418333511175,29.311194015387994,33611000
2017-12-05,28.669109344482422,28.999325218402674,28.485657441949595,28.60948839466969,27854200
2017-12-06,28.852567672729492,28.916775936499477,28.48566205865531,28.554455877175737,26524200
2017-12-07,29.031423568725586,29.086458953580717,28.852557255788895,28.97638818387045,23371000
2017-12-08,29.16901397705078,29.311190621820828,29.100220180840815,29.22405111347084,20118000
2017-12-11,29.421266555786133,29.421266555786133,29.1369132332823,29.155258947549054,22843200
2017-12-12,29.41209602355957,29.517583020434678,29.292852363394104,29.40292491469933,16794000
2017-12-13,29.421266555786133,29.56344146749444,29.384575127252628,29.512991628032676,20712200
2017-12-14,29.38457489013672,29.549682818117947,29.37081647931948,29.45795774661157,21892000
2017-12-15,29.719703674316406,29.761136315865066,29.40206805633385,29.475722768738507,42610400
2017-12-18,29.982101440429688,30.01432527030109,29.880829055215322,29.931463491755483,21521600
2017-12-19,29.797962188720703,29.94066719490827,29.72430572608619,29.92225307924964,23953600
2017-12-20,29.78875732421875,29.92686145390159,29.64605229911135,29.92686145390159,17930400
2017-12-21,29.72891616821289,29.890035322767403,29.701293233050574,29.839397372459675,31883800
2017-12-22,29.71050262451172,29.738122048075052,29.632245249659455,29.678278792976418,10971000
2017-12-26,29.512550354003906,29.544774180218173,29.406671817004618,29.526360063505212,12438200
2017-12-27,29.544771194458008,29.600013539014164,29.49413325664819,29.51715177824658,10693200
2017-12-28,29.595409393310547,29.65065173835396,29.544771455054082,29.632237623339492,19316000
2017-12-29,29.43889808654785,29.62303400075964,29.415881316779746,29.613828697705976,13386400
2018-01-02,29.80256462097168,29.80256462097168,29.484930767841412,29.558583722142043,27445600
2018-01-03,30.0511531829834,30.069567301587103,29.82558637632251,29.857810205845492,22663600
2018-01-04,30.20306396484375,30.281321326873883,30.101788078859503,30.170840138588183,21493200
2018-01-05,30.52070426940918,30.548323691105086,30.299738359439957,30.359581610492416,19356000
2018-01-08,30.63578987121582,30.691028714599028,30.488480435303945,30.50689104167569,13467800
2018-01-09,30.55752182006836,30.70483122141822,30.506883884091863,30.695625920392114,21212800
2018-01-10,30.4516544342041,30.46085973806587,30.304344987476036,30.391807666632726,20815600
2018-01-11,30.57593536376953,30.589745071117612,30.447040079009973,30.520696534377205,15775600
2018-01-12,30.755475997924805,30.796908642090507,30.497685366258914,30.53911449829067,16308600
2018-01-16,30.63578987121582,31.05469965278578,30.55752898953296,30.94421845388537,36443600
2018-01-17,31.096126556396484,31.123745972988907,30.709437163435833,30.810713040452512,29376200
2018-01-18,31.151363372802734,31.234225129348776,31.068501616256693,31.096124543194115,29845800
2018-01-19,31.211214065551758,31.261852007181396,31.05009142647553,31.21121406555176,23894400
2018-01-22,31.515043258666992,31.51964766649927,31.123752884142245,31.188200545257658,18004200
2018-01-23,31.653152465820312,31.71760013725703,31.551876550095564,31.61632422153228,20460200
2018-01-24,31.409156799316406,31.791238240615616,31.303276524556573,31.735999412160957,37019000
2018-01-25,31.353918075561523,31.634727193042263,31.27566071813468,31.607107775628894,25951800
2018-01-26,31.851097106933594,31.851097106933594,31.501235841022332,31.57028791499795,20097200
2018-01-29,31.561079025268555,31.75902643040001,31.51964988826015,31.75902643040001,55179800
2018-01-30,31.275663375854492,31.459797523768763,31.192801604439573,31.303282795614884,29662400
2018-01-31,31.510435104370117,31.561073048102166,31.30328243429079,31.459797160638068,30135800
2018-02-01,31.53805923461914,31.759021622817425,31.390749805109003,31.395350700435,32650000
2018-02-02,30.603565216064453,31.21121706182094,30.598960808528766,31.18359412874072,43929400
2018-02-05,29.32381248474121,30.852147421521888,29.310001018025314,30.276719396923617,98559600
2018-02-06,30.16623878479004,30.21687673290772,28.76219472874675,28.92791828401662,90269400
2018-02-07,29.77955436706543,30.40101597532489,29.77955436706543,30.092587375155745,47425200
2018-02-08,28.54582977294922,29.917649833563623,28.53662447082932,29.862410996577072,55628600
2018-02-09,29.245548248291016,29.457307058939882,28.067072983787174,29.006170021172007,72700400
2018-02-12,29.77033805847168,29.954475695497898,29.342221301109024,29.558581005138183,35629600
2018-02-13,29.843996047973633,29.917648999279674,29.512548986762734,29.6000151590638,19084000
2018-02-14,30.391799926757812,30.442437865437213,29.659857287519213,29.678271402687482,32117600
2018-02-15,30.971834182739258,30.971834182739258,30.32275326543992,30.68181975315448,24305000
2018-02-16,30.92580223083496,31.25724931711473,30.847544866611614,30.87976869377027,20334200
2018-02-20,30.953420639038086,31.19740153842762,30.73705915855797,30.769282984663498,33835200
2018-02-21,30.755475997924805,31.335508431307005,30.750875102455016,31.07311339203738,29102400
2018-02-22,30.79230499267578,31.073114157140665,30.70483880672094,30.861357059896232,21958800
2018-02-23,31.436782836914062,31.436782836914062,30.97183603070781,31.045492500343318,20772400
2018-02-26,31.92934799194336,31.92934799194336,31.570281494851315,31.570281494851315,21594400
2018-02-27,31.607118606567383,32.09047613760264,31.607118606567383,31.943166674029804,25581200
2018-02-28,31.381546020507812,31.920145879226794,31.376945124444315,31.786649650697324,30464000
2018-03-01,30.861358642578125,31.574887341424372,30.626583006842054,31.455200831713935,42973600
2018-03-02,31.15597152709961,31.220419177484217,30.428629744606436,30.511491511120006,38392200
2018-03-05,31.47360610961914,31.579482877860485,30.93960732535302,31.008659376716153,21777800
2018-03-06,31.542659759521484,31.69457359470744,31.40455914655281,31.653144464456975,20303800
2018-03-07,31.71759605407715,31.749819885647156,31.30789154748666,31.30789154748666,22219600
2018-03-08,31.85569190979004,31.883314841377356,31.65774454206052,31.814262780609624,15248000
2018-03-09,32.458744049072266,32.458744049072266,32.039830773547784,32.08126341642114,24685000
2018-03-12,32.56001663208008,32.688911930795975,32.46794605290195,32.5554122250878,27012400
2018-03-13,32.187137603759766,32.840822924953464,32.07665641857591,32.72573733268132,27618800
2018-03-14,32.15952682495117,32.375888358488325,31.99840765491324,32.34826542067147,27762800
2018-03-15,32.17792510986328,32.36666361269657,32.021406913045965,32.168716297744915,23002800
2018-03-16,32.144683837890625,32.34786928887309,32.10312157604363,32.23242365047329,24404600
2018-03-19,31.507431030273438,31.895326756195043,31.248830356537095,31.844530384021223,39736800
2018-03-20,31.493576049804688,31.61364052805826,31.318099907066472,31.428926759157864,18765600
2018-03-21,31.304243087768555,31.719848135194106,31.221122078283443,31.42430755105186,21867000
2018-03-22,30.496124267578125,31.105677177457927,30.473033727617125,30.92558223975174,42390200
2018-03-23,29.68338394165039,30.55615274373208,29.669531027827116,30.47765054998583,41901600
2018-03-26,30.810136795043945,30.851695539509358,29.868099832821752,30.28832018261083,50251600
2018-03-27,29.821918487548828,31.017933623529863,29.591027208189896,30.999461898406587,59497200
2018-03-28,29.62335968017578,30.11284819446153,29.44788176822145,29.75265826710996,53622000
2018-03-29,30.209815979003906,30.509975365009435,29.627972456358588,29.835773211143124,35368200
2018-04-02,29.48943519592285,30.223667790972026,29.16156999406554,30.08975394604669,52034200
2018-04-03,29.78035545349121,29.849623540128093,29.281631219011764,29.71108736685433,36101400
2018-04-04,30.195959091186523,30.279080086785576,29.170801319838574,29.235452353184925,36298400
2018-04-05,30.32065200805664,30.519215175300264,30.117466504485414,30.47303761261286,32738200
2018-04-06,29.577178955078125,30.283705817531924,29.447878620404314,30.006636943272653,40477800
2018-04-09,29.808067321777344,30.389910843221028,29.771123869365244,29.794210884781656,21859400
2018-04-10,30.542299270629883,30.66698253899927,30.11284133436475,30.27908334344296,31297800
2018-04-11,30.362205505371094,30.634655544282904,30.311409138265233,30.352971403679845,17315600
2018-04-12,30.727022171020508,30.86093958067515,30.509983732032726,30.55154600826055,21256000
2018-04-13,30.625415802001953,30.953280960039837,30.477645540307122,30.939428048493593,22421600
2018-04-16,30.860925674438477,30.97637130076232,30.65774024470982,30.83783513992534,19477400
2018-04-17,31.433551788330078,31.535144557471714,31.077980619457154,31.133392294899647,30445600
2018-04-18,31.35042381286621,31.470488288287587,31.161094758472906,31.401220186193637,19764400
2018-04-19,31.00408363342285,31.184178566451823,30.893256795356173,31.151853925218976,25811600
2018-04-20,30.574617385864258,30.93480715430115,30.445318855976215,30.91172014431869,32477000
2018-04-23,30.463804244995117,30.77781661122365,30.320652740270532,30.690076773813207,37920600
2018-04-24,29.93275260925293,30.6900759082469,29.715714190067672,30.639279532560042,34847600
2018-04-25,29.937360763549805,30.038953478752475,29.55408043732917,29.97891949806675,30581600
2018-04-26,30.482269287109375,30.602330222029302,30.18672871587007,30.31140846309354,33086800
2018-04-27,30.426851272583008,30.810131626254407,30.265228088240004,30.78704109001061,26313000
2018-04-30,30.22829246520996,30.694693937734627,30.191349006904183,30.505361356259094,17372200
2018-05-01,30.606950759887695,30.62542248702174,30.112843509197624,30.186730417733795,18547800
2018-05-02,30.574617385864258,30.916335432442757,30.519202220289078,30.800889813168332,26587400
2018-05-03,30.643896102905273,30.759341762267297,30.168260550033246,30.4360953253024,31090800
2018-05-04,31.22573471069336,31.281146357302095,30.491498685038867,30.528442131525335,21682600
2018-05-07,31.442777633666992,31.590551457689887,31.322716686331205,31.373513057558608,26914800
2018-05-08,31.512039184570312,31.53974853237743,31.24882328069013,31.391978262183663,30294800
2018-05-09,31.89995002746582,31.899950027465817,31.48896370288965,31.590556461436105,28826600
2018-05-10,32.31553649902344,32.33862350700662,32.01537721027886,32.047701839951635,23132600
2018-05-11,32.26937484741211,32.39405815337802,32.16316679593858,32.28323128828139,17521200
2018-05-14,32.264739990234375,32.51871821552132,32.23241536072075,32.375566788121034,20261800
2018-05-15,31.959978103637695,32.066189667697806,31.793736060922317,32.03848031183047,28525200
2018-05-16,32.10311508178711,32.177001966514354,31.93687663739196,32.01075999899863,13361000
2018-05-17,31.936880111694336,32.20471129016558,31.807578049355335,31.987672946569173,21600200
2018-05-18,31.802974700927734,31.9738320391317,31.775265344177193,31.83068053455599,15765800
2018-05-21,32.08002471923828,32.23702904819072,31.91840157969306,32.09387762789641,22578400
2018-05-22,32.033851623535156,32.283214583311434,31.96458354752163,32.23703351722195,14782000
2018-05-23,32.26937484741211,32.26937484741211,31.76603337929294,31.77065219291603,29387600
2018-05-24,32.23242950439453,32.29707879179006,31.909179544294982,32.26013533524349,22401400
2018-05-25,32.20933151245117,32.324777145112286,32.13082932779068,32.25550906089139,18782800
2018-05-29,32.033851623535156,32.213946507297905,31.821432107382186,32.04770453411372,58660800
2018-05-30,32.26937484741211,32.31093712377492,32.10313278820591,32.1954914450552,19930400
2018-05-31,32.27859878540039,32.49101832138348,32.204711891256174,32.26936116207185,30568000
2018-06-01,32.828125,32.83274381270721,32.440229287518186,32.49564447063923,25445800
2018-06-04,33.09134292602539,33.1236675672167,32.87891982891492,32.911244470106226,19866000
2018-06-05,33.20677947998047,33.26680993342805,33.082096238739204,33.17445132452328,34549600
2018-06-06,33.423824310302734,33.423824310302734,33.09134378787074,33.26220110013682,35379000
2018-06-07,33.155982971191406,33.4053424062693,32.915854112279895,33.4053424062693,39047200
2018-06-08,33.100582122802734,33.160612601934716,32.837366140266816,32.906634245801996,19809600
2018-06-11,33.13751983642578,33.24372785979164,33.04516120401896,33.119048109944416,14647000
2018-06-12,33.299137115478516,33.32684293871104,33.14212922987867,33.19754439946467,15626800
2018-06-13,33.12828063964844,33.446911740869766,33.114427726225145,33.29914145915232,29278000
2018-06-14,33.36378860473633,33.44690960308474,33.206784231812215,33.25757707007733,22654800
2018-06-15,33.23635482788086,33.2873311141985,33.03708485471201,33.24562163648389,33641200
2018-06-18,33.27342224121094,33.296591025719515,32.90268633307725,33.004638884593994,16580400
2018-06-19,33.10195541381836,33.11585739128597,32.680243240769784,32.86561119007026,25913400
2018-06-20,33.17147445678711,33.32903494224727,33.13440015352584,33.18074126480235,22931200
2018-06-21,32.916595458984375,33.31977058146225,32.83781521046814,33.30123342847012,29634200
2018-06-22,32.81001663208008,33.00928663994015,32.675624902537145,33.000016294122844,31385800
2018-06-25,32.128787994384766,32.57830426080877,31.846102580151125,32.545865124860676,36055400
2018-06-26,32.2585334777832,32.47170537458109,32.15194576158454,32.23072952381809,27719000
2018-06-27,31.81830406188965,32.50879637986702,31.80903371540334,32.36050265649736,44109200
2018-06-28,32.20756149291992,32.314149223308654,31.77658247108707,31.77658247108707,35598000
2018-06-29,32.19365310668945,32.471703234816424,32.17511596006776,32.33267640295334,20019200
2018-07-02,32.4809684753418,32.490238816005586,31.869256808696036,31.915601440816907,25091200
2018-07-03,32.096343994140625,32.60146811100793,32.07317167100354,32.578299323470965,12722800
2018-07-05,32.55049133300781,32.56902848411522,32.202927704843916,32.29561346038099,27320000
2018-07-06,32.930484771728516,32.9814610389466,32.49023904822589,32.569019266435994,25603800
2018-07-09,33.18073654174805,33.190006884043875,32.93512550490349,33.106591481379716,17455200
2018-07-10,33.25952911376953,33.35221489311934,33.185384025890656,33.185384025890656,22986200
2018-07-11,33.1297721862793,33.259528740311076,32.97221166655526,33.023187960725025,25949800
2018-07-12,33.65342712402344,33.671964274184276,33.236350084404336,33.273424384726006,23706600
2018-07-13,33.616363525390625,33.69977895986955,33.50514412461906,33.65806947482959,18516800
2018-07-16,33.53757095336914,33.69513141866056,33.47269269876683,33.62561799284388,13332000
2018-07-17,33.78782272338867,33.84343064471032,33.27805987393833,33.29659702624565,14903200
2018-07-18,33.73221969604492,33.783195993728775,33.61172994373752,33.77856082059356,14164000
2018-07-19,33.611717224121094,33.77854803784367,33.55147413856565,33.64879152397052,14910000
2018-07-20,33.62098693847656,33.80635136305939,33.57927746802559,33.741473107335445,14439600
2018-07-23,33.792449951171875,33.81098710106081,33.417082388820404,33.551474073815335,25151000
2018-07-24,33.97782897949219,34.265149592938215,33.83880207785034,34.13075786417802,21557200
2018-07-25,34.40415573120117,34.40415573120117,33.93610603695678,33.98707877072664,30466200
2018-07-26,33.875877380371094,33.9870967835765,33.75538763113128,33.81563427355172,25094400
2018-07-27,33.296600341796875,33.94075142231688,33.08806354487481,33.91758263132589,63550200
2018-07-30,32.77757263183594,33.32903791574644,32.58756946237064,33.27806162811431,35695400
2018-07-31,32.86561965942383,33.078791618593186,32.684886834571536,32.87952164047393,29954000
2018-08-01,33.16220474243164,33.26879248243028,32.98147193010371,33.101961650189075,29322800
2018-08-02,33.57927703857422,33.62098650849176,32.856345892267534,32.856345892267534,26209800
2018-08-03,33.69976806640625,33.69976806640625,33.43561986520916,33.58854870158638,14491400
2018-08-06,33.8805046081543,33.89904176027494,33.60708603387509,33.6858698142879,15000400
2018-08-07,34.01025390625,34.13074360161595,33.95001082636678,34.00098709996008,20545400
2018-08-08,34.102943420410156,34.167825220742905,33.90367698987484,33.991724043097356,14197200
2018-08-09,34.116859436035156,34.24661600543404,34.08905193144872,34.13539659389233,23446200
2018-08-10,33.84343719482422,34.00563288940445,33.74611977807608,33.861974350719244,23138400
2018-08-13,33.79709243774414,34.153922927440725,33.787825628593836,33.89440984402503,24128800
2018-08-14,34.00563049316406,34.047339974889006,33.72294507298638,33.912948255820865,18359000
2018-08-15,33.69976806640625,33.91757516022838,33.43561986520916,33.79245028115616,35584400
2018-08-16,33.848060607910156,34.05196571631195,33.77391201009142,33.95927996903852,18208800
2018-08-17,33.89904022216797,33.99172244296566,33.63489200373446,33.7461113758117,18048200
2018-08-20,33.848060607910156,33.98708392542068,33.713668926063505,33.977817118493206,21239600
2018-08-21,33.903682708740234,34.11685469104768,33.86197322546222,33.94075348369742,16004600
2018-08-22,34.00563049316406,34.056606784383035,33.75075257266992,33.80172886388889,12742400
2018-08-23,34.07978057861328,34.265148596880266,33.94538885375974,33.94538885375974,18735000
2018-08-24,34.422706604003906,34.4319769488217,34.16782869112444,34.17246032793272,13115200
2018-08-27,34.73783493041992,34.756372086471494,34.515396129003065,34.60807837365992,16415000
2018-08-28,34.798072814941406,34.87685660024047,34.700755411972466,34.80734315937681,14770400
2018-08-29,35.11319351196289,35.13636583491853,34.83514331449565,34.8397784862068,22364600
2018-08-30,35.00660705566406,35.23368095647426,34.90001932677772,35.01587386288903,21040600
2018-08-31,35.034423828125,35.127109612277344,34.913934076527525,34.97418072012684,20537800
2018-09-04,34.9000244140625,34.95100070023014,34.663683671576564,34.87222045273483,22147600
2018-09-05,34.46441650390625,34.88149010016662,34.288315306231226,34.85368613657611,32853200
2018-09-06,34.21416473388672,34.4875797602492,33.94538134364557,34.413434690706865,27957600
2018-09-07,34.09830093383789,34.37171588598004,33.95463893427249,33.99171322677963,28462000
2018-09-10,34.204891204833984,34.26976946049124,34.01952678044169,34.22342835439317,33309000
2018-09-11,34.496856689453125,34.57100177315042,34.02416808042989,34.107583509339825,27189800
2018-09-12,34.35317611694336,34.42732469629658,34.0751260155665,34.42268952618729,32536400
2018-09-13,34.75636672973633,34.84441732351048,34.557096752395154,34.56636356119222,25454800
2018-09-14,34.72856140136719,34.88148672190491,34.570997373212755,34.788804495179,18878400
2018-09-17,34.29295349121094,34.737834625743716,34.25587917943296,34.67759152080524,29584200
2018-09-18,34.51076126098633,34.677592131323394,34.25124814517358,34.25124814517358,19302000
2018-09-19,34.422706604003906,34.62197659037908,34.22807179003763,34.50612202936097,20870600
2018-09-20,34.83050537109375,34.867576131269686,34.52001256347425,34.62660027992861,27401800
2018-09-21,34.692874908447266,35.01836621474665,34.67892578783289,34.96256973228913,46041000
2018-09-24,34.864933013916016,34.86958035715076,34.390641482293,34.52548893549601,34513600
2018-09-25,34.82307815551758,34.89282731964763,34.678932484548035,34.82307815551758,21101000
2018-09-26,34.692874908447266,35.01371887293463,34.63242753658857,34.86027145099814,26641200
2018-09-27,34.8974723815918,34.995119776029476,34.818421450065735,34.818421450065735,28466400
2018-09-28,35.027671813964844,35.06022094814487,34.781227862660444,34.799824327115125,23421200
2018-10-01,35.1950569152832,35.33920252720536,35.08810776774882,35.250853385659056,20668200
2018-10-02,35.19971466064453,35.399660349632164,35.041619884397754,35.15321640572427,28014000
2018-10-03,35.30666732788086,35.46476211974646,35.24156905504328,35.32061645097608,26584800
2018-10-04,34.66962432861328,35.16251572959615,34.44178041210346,35.13461394052103,46584800
2018-10-05,34.2325439453125,34.76263193428071,33.89775078436627,34.65568273936012,44577000
2018-10-08,33.84660339355469,34.176745681227146,33.46066106029062,34.069796480740784,39946000
2018-10-09,33.967491149902344,34.1674368165735,33.76289459398142,33.83264374237165,30277800
2018-10-10,32.32143020629883,33.76754824082312,32.298179305740305,33.762897351193544,88286000
2018-10-11,31.91224479675293,32.77712600285982,31.651851675805545,32.22843796401341,136539000
2018-10-12,32.93521499633789,33.04216062021076,32.293527062743934,32.814316704161044,71818800
2018-10-15,32.395816802978516,32.84220628609847,32.37721679773332,32.8143080520248,38305000
2018-10-16,33.3723030090332,33.479252181106546,32.72596772989953,32.80501866038384,41998600
2018-10-17,33.2188606262207,33.437406322065215,32.92126754392714,33.414155421302844,48329800
2018-10-18,32.56787872314453,33.0933158023243,32.3725839023085,33.070068446085635,45920600
2018-10-19,32.553924560546875,33.111910690156584,32.433026265015364,32.75851758268948,44283400
2018-10-22,32.82361602783203,33.03751437787482,32.51207382953606,32.70736862122106,31962000
2018-10-23,32.69807434082031,32.870121800526675,31.814593234300435,32.140088140697095,48132200
2018-10-24,31.233354568481445,32.69342181509702,31.196154544310325,32.61437442442556,68330800
2018-10-25,32.30748748779297,32.47488052414926,31.628599370905008,31.67974852419917,46754400
2018-10-26,31.661142349243164,32.23773204735515,31.205454496400705,31.503047577160086,85487200
2018-10-29,31.126413345336914,32.32608414038565,30.498674378139583,32.098240168324665,68110600
2018-10-30,31.475147247314453,31.586743758301814,30.8334593270616,31.098503257899786,61121600
2018-10-31,32.223777770996094,32.47951989920441,31.93083207915781,31.944781198276054,42288200
2018-11-01,32.60042190551758,32.62367280509933,31.995933992283874,32.270279707473975,31106200
2018-11-02,31.963376998901367,32.53996652887576,31.69368578707473,32.34931913245157,40426200
2018-11-05,31.93084144592285,31.995939719296793,31.470502642038582,31.944790569133005,28416400
2018-11-06,32.130775451660156,32.284222846253456,31.875033341593195,31.90293157785069,18267600
2018-11-07,33.07472229003906,33.07472229003906,32.46093591277121,32.502786838370895,32629600
2018-11-08,33.04681396484375,33.08866487768662,32.83757004339781,32.94916656499635,20819400
2018-11-09,32.47487258911133,32.791065665129,32.20053042264925,32.763167423818054,25883600
2018-11-12,31.330997467041016,32.233078411763366,31.293800995806887,32.177278383528595,32862200
2018-11-13,31.368194580078125,31.90758416028085,31.275198089223935,31.405394595455288,31407000
2018-11-14,30.991561889648438,31.7820429013136,30.83346355876164,31.716944632004214,38993400
2018-11-15,31.768089294433594,31.842489333192844,30.861360994487132,31.042706654476422,52602200
2018-11-16,31.716941833496094,31.907589282216023,31.330999594079625,31.396097857645138,35945800
2018-11-19,30.50796890258789,31.60069378755465,30.424270630042948,31.568144656431016,38397200
2018-11-20,29.852333068847656,30.25687532735769,29.47104348485644,29.65703827408669,56129600
2018-11-21,30.070873260498047,30.37776806545702,29.945327643298562,30.256869789480266,33006600
2018-11-23,29.796537399291992,30.126679622597923,29.73608824858416,29.750037370364915,10676200
2018-11-26,30.470767974853516,30.470767974853516,30.029029273099535,30.187124034539362,25069200
2018-11-27,30.531221389770508,30.57771964413768,30.08482821459529,30.261526547815727,23076400
2018-11-28,31.60069465637207,31.60069465637207,30.721864544282564,30.8381119511472,33219200
2018-11-29,31.293804168701172,31.549546341964998,31.12640761461349,31.503048087516067,28230800
2018-11-30,31.591405868530273,31.61465322829905,31.158965243818734,31.312409170581887,33019600
2018-12-03,32.28887939453125,32.41442502728459,31.94013718982968,32.381875896749335,32463400
2018-12-04,31.06595802307129,32.13078476928057,30.991561522280847,32.061035610821705,41982200
2018-12-06,31.135704040527344,31.135704040527344,30.18247746305058,30.335921339073025,43155800
2018-12-07,30.038326263427734,31.126403729175433,29.898831517493754,30.98690543565248,39875000
2018-12-10,30.452165603637695,30.56841299483086,29.698883005368398,29.87092864767185,40895600
2018-12-11,30.48936653137207,30.986905238643516,30.24292262229214,30.926457870548667,31626200
2018-12-12,30.72650909423828,31.210098632729323,30.712559975906867,30.982251208020923,33857600
2018-12-13,30.777666091918945,31.103157428128398,30.60096775432853,30.875313492781782,25638600
2018-12-14,30.024377822875977,30.577716572756596,29.996479582575795,30.410320035777403,31032400
2018-12-17,29.38733673095703,30.117368329668047,29.150191092824368,29.91277536219383,46527000
2018-12-18,29.61983871459961,29.87558264709206,29.38269301855063,29.615187825142787,39253200
2018-12-19,29.033950805664062,30.103426561118614,28.717757726827816,29.577989575406722,67212200
2018-12-20,28.51316261291504,29.201347019712845,28.09932214571453,28.908403070089893,79003600
2018-12-21,27.646862030029297,28.87042196339315,27.525439004771894,28.520166114486088,83227400
2018-12-24,26.908985137939453,27.721579379067485,26.88563510753489,27.38533324046373,42234000
2018-12-26,28.5341739654541,28.5341739654541,26.941677544861864,27.09579096370624,58120200
2018-12-27,28.739660263061523,28.749000632783368,27.590821509675216,28.137219777202837,46877600
2018-12-28,28.674280166625977,29.15062656378326,28.426764816600762,28.949814845017258,39685800
2018-12-31,28.945144653320312,29.052556238822042,28.702300371601574,28.921794618470976,33720200
2019-01-02,28.963825225830078,29.13661762050528,28.314684640718262,28.352044339961854,30885800
2019-01-03,27.50208854675293,28.244631006237306,27.46472884982257,28.225950267025453,49893400
2019-01-04,28.72098159790039,28.842402850066897,27.917727558742982,28.00646018676225,41535600
2019-01-07,28.977828979492188,29.173973150365487,28.65559429058481,28.720975087044877,23817200
2019-01-08,29.22067642211914,29.3607783987179,28.87509166527508,29.258037899341897,26005200
2019-01-09,29.598955154418945,29.753066803560653,29.34677051237608,29.379460916178665,28044800
2019-01-10,29.729717254638672,29.743726918927365,29.230019038083196,29.365451731185296,21868200
2019-01-11,29.673673629760742,29.69235436780209,29.491540887590673,29.556921689242163,15451200
2019-01-14,29.39813804626465,29.500878539246308,29.29539577178981,29.412147708604607,14483800
2019-01-15,29.841800689697266,29.902510424189778,29.440173675702038,29.491544821421446,28654000
2019-01-16,29.86981964111328,30.051952405273546,29.8137792017163,29.874490716934208,18937000
2019-01-17,30.061288833618164,30.234079413239392,29.68301193134754,29.762402390253847,20256800
2019-01-18,30.518957138061523,30.579670428634355,30.16403023428144,30.36017620607281,27303200
2019-01-22,30.0052547454834,30.32282023005625,29.767081522800556,30.271449080861586,29985000
2019-01-23,30.10799217224121,30.355505725773504,29.77174600027786,30.131340423469073,19152200
2019-01-24,30.36017608642578,30.467585878115667,30.20139159207629,30.215401255080494,28341800
2019-01-25,30.78982162475586,30.883221751153084,30.47692728204008,30.589008146314036,20061600
2019-01-28,30.37885856628418,30.38819715449349,30.126673928792055,30.33215493627744,19324800
2019-01-29,30.05194664001465,30.444234985016028,30.00524657972516,30.439563910091213,17147800
2019-01-30,30.98597526550293,31.074707911851,30.4162250240868,30.551657750569955,33990600
2019-01-31,30.953285217285156,31.121408358139668,30.729123404804316,30.827194643138156,36501800
2019-02-01,31.135408401489258,31.303531490373672,30.92058524635621,30.967285312604844,19475600
2019-02-04,31.635103225708008,31.63977430073173,31.15408582486694,31.177437636999265,15208600
2019-02-05,31.90130043029785,31.980694461062967,31.705158017085104,31.74251949474085,24121400
2019-02-06,32.00871276855469,32.09744538441491,31.817237873906105,31.938660890927487,20379200
2019-02-07,31.56972885131836,31.849932838992398,31.354905675335363,31.714503702623105,29264000
2019-02-08,31.751863479614258,31.751863479614254,31.26617487649555,31.28485561849864,16977600
2019-02-11,31.737850189208984,31.94800584050233,31.663130792717237,31.84993106544001,14869400
2019-02-12,32.15816116333008,32.20019016002401,31.910647570388942,31.957347643266807,19418200
2019-02-13,32.200199127197266,32.4337031196004,32.1815219432346,32.31695112339884,18241800
2019-02-14,32.2562255859375,32.37297752501545,32.05541210820396,32.07876392121412,19484000
2019-02-15,32.51308059692383,32.545770996662306,32.330947860811385,32.499067371619034,14712000
2019-02-19,32.52243423461914,32.620505479219226,32.34964000575918,32.38233042062588,16638200
2019-02-20,32.55978775024414,32.69522045379583,32.38699356371534,32.5504455980063,19704200
2019-02-21,32.57378387451172,32.70454544758618,32.3729704407229,32.480383768883,19508200
2019-02-22,32.989437103271484,33.0081178464519,32.713904158082144,32.72324274817863,24493200
2019-02-25,33.14820861816406,33.377041397010366,33.1248568076143,33.23693765968387,40341000
2019-02-26,33.21826934814453,33.31167306229242,33.00344615008545,33.031469045823506,28268000
2019-02-27,33.18557357788086,33.227606133203984,32.84465987453024,33.09217344180894,19555000
2019-02-28,33.0921745300293,33.21826507417149,33.00811297960553,33.06415520088368,18876600
2019-03-01,33.31632995605469,33.40506256546448,33.05013569081153,33.353691429804734,24668000
2019-03-04,33.19024658203125,33.54050245713204,32.82130996603331,33.45644090458837,31653000
2019-03-05,33.0921745300293,33.21359756130517,32.98943223917947,33.17156500459983,17907600
2019-03-06,32.91938781738281,33.10619170101182,32.877358814134844,33.06883021168847,26244200
2019-03-07,32.60648727416992,32.8540008595037,32.49907390316374,32.82598152923559,36996600
2019-03-08,32.60181427001953,32.629837161617395,32.14881612154499,32.2142004932821,25781400
2019-03-11,33.30232238769531,33.335012788535124,32.7185626848512,32.7185626848512,29153800
2019-03-12,33.49846649169922,33.610547350772336,33.2929819475766,33.39572421963791,36101200
2019-03-13,33.71796798706055,33.91878152081647,33.624567834936244,33.64324857795859,35667200
2019-03-14,33.78801345825195,33.89075574384589,33.69461332388659,33.774003794395824,21313200
2019-03-15,34.19702911376953,34.35164046538564,33.88312381769926,33.90655107988292,42049000
2019-03-18,34.34225845336914,34.43127415142168,34.131423898567185,34.2204431711167,29675200
2019-03-19,34.41254425048828,34.57652792680702,34.27667757647845,34.482822458268004,32306200
2019-03-20,34.31884765625,34.59995695628201,34.11269916812714,34.37507094605588,27408600
2019-03-21,35.180908203125,35.25587257152774,34.31883941348049,34.32352558013012,54548200
2019-03-22,34.35164260864258,35.14343693647342,34.33758768025481,34.998194335969835,53494800
2019-03-25,34.20170974731445,34.43128186667678,33.98150638661073,34.2391919309444,43893800
2019-03-26,34.389122009277344,34.72176839394802,34.187659711575584,34.50156500175094,27930200
2019-03-27,34.192344665527344,34.5718419857209,33.89249073874077,34.440657903406986,31662400
2019-03-28,34.3328971862793,34.47345360144235,34.122066138032835,34.2954149989694,21079400
2019-03-29,34.670230865478516,34.68428579255831,34.450027475899674,34.618693749853755,28694400
2019-04-01,35.1434326171875,35.18559739716856,34.81078624639933,35.007562368640535,25181000
2019-04-02,35.26525115966797,35.312105690228165,35.06378883155513,35.17154924754522,23574200
2019-04-03,35.55104446411133,35.729083090553665,35.410491604523735,35.47608365389767,27738000
2019-04-04,35.401119232177734,35.630694979245106,35.19028815576744,35.53698949845273,23006200
2019-04-05,35.569786071777344,35.60726826467246,35.457343067590635,35.51824895017121,13419600
2019-04-08,35.705650329589844,35.7243914228826,35.33552177967857,35.485446951522555,14619800
2019-04-09,35.5369873046875,35.68222989732494,35.45734033180469,35.55104223231407,26880200
2019-04-10,35.78529739379883,35.79466972772005,35.5510390887411,35.56978018208549,17234800
2019-04-11,35.73844909667969,35.869633185315905,35.66348829224399,35.86026442519832,15394600
2019-04-12,35.98676681518555,35.98676681518555,35.738453534504345,35.93991585978323,17110000
2019-04-15,35.97270965576172,36.075783895955645,35.780619678171846,35.986764584061156,19821400
2019-04-16,36.15542221069336,36.19290439351107,35.98207337053241,36.085144011534574,19218600
2019-04-17,36.35688400268555,36.40373494334992,36.178848998361886,36.38499742668228,24495800
2019-04-18,36.45996856689453,36.46933732788789,36.188228029604325,36.43654130266312,22983800
2019-04-22,36.5443115234375,36.55836645594965,36.258515980691676,36.2913120147199,16168800
2019-04-23,36.942543029785156,36.98939398735802,36.56304562659635,36.60052782245421,33385600
2019-04-24,36.95658874511719,37.12525500992461,36.900369039846744,36.970647245932845,21876600
2019-04-25,36.94721603393555,37.228325253715006,36.750439937539696,37.12525103907975,22775200
2019-04-26,36.80666732788086,36.81603966271395,36.41311505285286,36.72233418687509,22100400
2019-04-29,36.8160285949707,36.93315772368377,36.773860249895385,36.81134242896293,21226400
2019-04-30,36.8769416809082,36.92847879360014,36.59114626488856,36.797294715656314,37685800
2019-05-01,36.78324508666992,37.340777498223545,36.77855891906904,37.247075593197316,30893600
2019-05-02,36.59115982055664,37.04093550063129,36.39438363074261,36.77388107888386,49977600
2019-05-03,36.93785858154297,36.970658185319984,36.67080417899449,36.72234130707394,26576600
2019-05-06,36.65205764770508,36.71296352296855,35.916486679376895,36.05703952409989,26045000
2019-05-07,35.86493682861328,36.38030422525792,35.536973158387084,36.23974785594714,41251200
2019-05-08,35.82278060913086,36.13200329644539,35.686910359356126,35.747819808098896,27334600
2019-05-09,35.57915496826172,35.69628412886358,34.9794542378999,35.37769266904658,38601800
2019-05-10,35.691593170166016,35.85088709144097,34.838893138435,35.34957449434358,39192400
2019-05-13,34.346954345703125,34.890435373532576,34.248566278492284,34.68428690442508,50922400
2019-05-14,34.899810791015625,35.11532806142146,34.49220351688897,34.520313377311766,36808600
2019-05-15,35.27931213378906,35.38706898282546,34.59996071258517,34.65618400849487,30097200
2019-05-16,35.60257339477539,35.860258939821236,35.25587213148462,35.302723073902655,30889400
2019-05-17,35.31678009033203,35.794669024986625,35.23244695918699,35.237133126055596,27087800
2019-05-20,34.70301055908203,34.99349202188673,34.534344364485314,34.721751644536845,29349200
2019-05-21,35.1293830871582,35.241826092212825,34.98882664996591,35.068473629608825,29682200
2019-05-22,34.9466552734375,35.157489911032876,34.881063228274066,34.8998043232491,23042200
2019-05-23,34.3328971862793,34.492194695097304,34.07989778368467,34.47345360144235,32171400
2019-05-24,34.34225845336914,34.69832839457325,34.304776278138085,34.5202934239712,23500000
2019-05-28,34.24388122558594,34.67023310520653,34.22514370460124,34.45002970140235,51545600
2019-05-29,34.04241943359375,34.20639953621741,33.81284371542248,33.99088231926944,29509600
2019-05-30,34.25325012207031,34.32352832945272,34.01899181379435,34.122066041355474,22841000
2019-05-31,33.68165969848633,34.0002511446993,33.667604771733984,33.84095720884189,24079600
2019-06-03,33.09133529663086,33.92061190903565,32.866449268333916,33.73320450245555,39407400
2019-06-04,34.19702911376953,34.19702911376953,33.34432895796025,33.51299523708721,30192400
2019-06-05,34.64211654663086,34.72176350615029,34.248560766626866,34.65148530531053,28791600
2019-06-06,35.0450439453125,35.11531857738954,34.57652733414253,34.73582126618125,23845000
2019-06-07,35.696285247802734,35.9071163136955,35.15749037724538,35.22776859070911,23984200
2019-06-10,36.061729431152344,36.39906201266868,35.95396902197406,35.95396902197406,26927600
2019-06-11,36.061729431152344,36.46465406190813,35.85558094811489,36.42717186962884,23100200
2019-06-12,35.86026382446289,35.98676174367204,35.77593068682403,35.88837367884309,15193800
2019-06-13,35.968013763427734,36.09451523291733,35.8368297021034,35.98675485425944,19734800
2019-06-14,35.65410232543945,35.77123144186632,35.499491033876716,35.64004740338774,16883400
2019-06-17,35.68223190307617,35.86026695385097,35.60258135121771,35.677545735437775,18702200
2019-06-18,36.32878112792969,36.5068161664342,35.94928378884187,36.061726782923756,32362400
2019-06-19,36.45996856689453,36.55367047482283,36.17417310086495,36.422486373923746,24742400
2019-06-20,36.99407958984375,37.11589493726984,36.68486041499151,36.99407958984375,27783800
2019-06-21,36.819175720214844,37.1388928892434,36.805071131263766,36.856790348836654,41430400
2019-06-24,36.88969421386719,37.01193993668663,36.83327228322876,36.88499148953208,16431800
2019-06-25,36.21263122558594,36.90378436018265,36.17031748450919,36.870872476969765,26245400
2019-06-26,36.60289764404297,36.86149373655407,36.55588115098508,36.56528301474527,18138400
2019-06-27,36.69692611694336,36.82387097889116,36.616994150547505,36.7251352891256,13675000
2019-06-28,36.69221496582031,36.852071687644006,36.57937471587847,36.80975793908839,35566800
2019-07-01,37.27523422241211,37.58084672865736,37.12007660717763,37.53383024780292,28553200
2019-07-02,37.37397003173828,37.3974800658069,37.17179593498185,37.256427035650304,15568400
2019-07-03,37.66078186035156,37.66078186035156,37.39278392556787,37.46801317813153,10683600
2019-07-05,37.59025192260742,37.65607571906489,37.21881917993796,37.355165910365656,11847800
2019-07-08,37.30345153808594,37.35047161633399,37.129490162230155,37.2987523999638,14919800
2019-07-09,37.435096740722656,37.463305913451684,37.05425497324193,37.11067690582775,18499600
2019-07-10,37.731292724609375,37.95697680148485,37.61374975661994,37.641958921056855,20217200
2019-07-11,37.87235641479492,38.01810858837628,37.74540796472984,37.82533634462106,22704400
2019-07-12,38.149776458740234,38.17328650632668,37.924095785280656,37.98991961396717,15506800
2019-07-15,38.276702880859375,38.32371936176213,38.16856174636825,38.25319284684422,12572000
2019-07-16,37.91937255859375,38.23438693802511,37.853548765492505,38.22968421362425,16011400
2019-07-17,37.82063674926758,38.07453005919516,37.8159340248816,37.98989895588597,13416000
2019-07-18,38.10273742675781,38.15915935533443,37.70779110097651,37.736003858828575,16044000
2019-07-19,37.93818664550781,38.49768898680554,37.89116656735599,38.48358439821133,23359400
2019-07-22,38.37542724609375,38.469460180159416,38.07921668824655,38.083919411087784,13849400
2019-07-23,38.587013244628906,38.62462786295449,38.300208057369325,38.59641510564658,11010800
2019-07-24,38.90671920776367,38.920823788823235,38.53528302898061,38.53528302898061,18514200
2019-07-25,38.74687576293945,38.822101416703326,38.53999893761544,38.822101416703326,19846800
2019-07-26,38.83149337768555,38.906722599396446,38.72805857852315,38.76566960225187,22240400
2019-07-29,38.80799102783203,38.87381481020561,38.507081283516506,38.850304779160574,16946400
2019-07-30,38.558799743652344,38.723359196434714,38.45536134843856,38.53999243660193,14728000
2019-07-31,37.975791931152344,38.80799840338076,37.57614643732291,38.765681056882606,33738600
2019-08-01,37.78302001953125,38.84560968240863,37.594950512993954,38.04161603941097,57666000
2019-08-02,37.1671028137207,37.49151909618666,36.828578356253495,37.477414508313544,44743800
2019-08-05,35.61553955078125,36.22676476670226,35.32873425884756,36.17504554441069,55653200
2019-08-06,36.20794677734375,36.339594363595836,35.79419312097699,36.095102914446805,38301600
2019-08-07,36.433631896972656,36.532367599041315,35.59672620475706,35.79419760889438,41164800
2019-08-08,37.32695770263672,37.336363152161375,36.63110509718706,36.72513806966578,31983200
2019-08-09,36.90380096435547,37.20941349576611,36.62169846887174,37.105975077092246,31145200
2019-08-12,36.41951370239258,36.786247197954246,36.25025153719076,36.64989692114574,21786800
2019-08-13,37.33165740966797,37.47270685698422,36.30668230914144,36.38661068800009,52085600
2019-08-14,36.18443298339844,36.80976254026047,36.090400027880726,36.64520307454081,47138600
2019-08-15,36.11862564086914,36.3066952246545,35.81301301560906,36.21736136525244,31324600
2019-08-16,36.8050651550293,36.88029440005755,36.43833155333618,36.49005076251114,21694000
2019-08-19,37.36457824707031,37.47741854935044,37.17180595967691,37.38338556197176,15756200
2019-08-20,37.1765022277832,37.505621213570564,37.157694916148515,37.31755527147945,16675400
2019-08-21,37.61375427246094,37.707787223291234,37.44449209126469,37.53382590554247,16802600
2019-08-22,37.5244140625,37.79711459540662,37.19059248068391,37.71248351923307,15188200
2019-08-23,36.28316879272461,37.660772760042164,36.13271391108124,37.31754924275917,40797800
2019-08-26,36.78626251220703,36.800367100657844,36.48064994296911,36.7298441584038,20717000
2019-08-27,36.729835510253906,37.09186634805382,36.518255971923935,37.02604255936293,20066000
2019-08-28,36.76274108886719,36.8238621429719,36.269059171371154,36.532354280901394,14279000
2019-08-29,37.40218734741211,37.51502763301016,37.12948670234947,37.261134300068534,16241200
2019-08-30,37.39277267456055,37.6936824200189,37.124774820413975,37.64666594487737,20150800
2019-09-03,36.93672180175781,37.41159666281291,36.80507417781273,37.0824776029502,23675000
2019-09-04,37.56674575805664,37.585553069633704,37.29874784555728,37.336362468711414,15458800
2019-09-05,38.351932525634766,38.50709015718185,38.041620849668526,38.06042457428521,20086600
2019-09-06,38.31901168823242,38.45536197622862,38.21557329132999,38.436554668871175,18300200
2019-09-09,38.032203674316406,38.51648014426442,37.83002961930515,38.497672838318394,25221400
2019-09-10,37.839447021484375,37.85825074624475,37.411588747062744,37.85825074624475,19717000
2019-09-11,38.2343864440918,38.243788305644365,37.87705472392431,37.956986689195524,18818600
2019-09-12,38.44126892089844,38.75158061754007,38.28140855398207,38.469478096830905,25542000
2019-09-13,38.15916442871094,38.380142273978805,38.11684707987038,38.380142273978805,33067200
2019-09-16,38.065120697021484,38.149751791629924,37.80652827642099,37.84413930625906,15451800
2019-09-17,38.22028732299805,38.22028732299805,38.004008605088686,38.09333885755741,15402600
2019-09-18,38.215576171875,38.24378534147393,37.698387735506216,38.15915783267714,17261400
2019-09-19,38.30021667480469,38.63874114164709,38.248497459752194,38.33312857646279,16387000
2019-09-20,37.853572845458984,38.44311888081181,37.754529543316124,38.4242529758841,30027200
2019-09-23,37.971492767333984,38.08468463053727,37.778119885986605,37.85829730582625,15648400
2019-09-24,37.60361099243164,38.367660454760674,37.443252577990876,38.22145416965898,35448200
2019-09-25,38.051658630371094,38.155419306087445,37.20742829412841,37.55172475461417,23913200
2019-09-26,38.09410858154297,38.22616992832444,37.796978647468144,38.03751445979754,18178600
2019-09-27,37.584739685058594,38.17428571551413,37.30175471179721,38.09410472066159,25564200
2019-09-30,37.980918884277344,38.07053104650577,37.69322008814774,37.74510043487957,22002800
2019-10-01,37.6271858215332,38.405387312759224,37.61303729232421,38.150702992086885,22044600
2019-10-02,36.91972732543945,37.38664673976123,36.64146334667595,37.37721558721973,39509600
2019-10-03,37.37250518798828,37.38665371859315,36.448097339330346,36.905585686508324,34944400
2019-10-04,37.99034881591797,38.037511780151235,37.59888937600513,37.63662118671316,21876800
2019-10-07,37.82999801635742,38.145993898310635,37.801700951795716,37.86301245778083,21238800
2019-10-08,37.136688232421875,37.69793729085828,37.131974454234516,37.584745443194315,28733600
2019-10-09,37.688499450683594,37.82998833558909,37.46682957286466,37.52342368750553,20503000
2019-10-10,37.947898864746094,38.09882250623396,37.622468300977104,37.6507689575897,18796200
2019-10-11,38.47141647338867,38.81099557019693,38.353507264680445,38.41481875781947,31941200
2019-10-14,38.44783020019531,38.608188582676725,38.42896789477699,38.43368167197997,11325600
2019-10-15,38.872314453125,38.966643997006116,38.56574973254367,38.60348155009612,16205800
2019-10-16,38.603477478027344,38.678941105171994,38.46198857458682,38.66007519838583,20066000
2019-10-17,38.52802276611328,38.84401865220588,38.32521873805451,38.73554057279126,13731800
2019-10-18,38.160125732421875,38.52800176927643,37.91959001666992,38.47140407195175,17452600
2019-10-21,38.570457458496094,38.58932336255183,38.24974428615515,38.386519391831776,12678600
2019-10-22,38.051658630371094,38.78269713778838,38.02336157274058,38.64592202873531,18916000
2019-10-23,38.084678649902344,38.089396026300484,37.85357758264784,37.933754989896805,17617000
2019-10-24,38.64121627807617,38.67423072134514,38.3488000674764,38.4902925948031,14508200
2019-10-25,39.10811996459961,39.155282921769924,38.61761729376177,38.641200571498416,16305400
2019-10-28,39.60334396362305,39.62220986803486,39.43355442222011,39.45242032663192,14459800
2019-10-29,39.24489974975586,39.64107655360412,39.23075122074403,39.570330310241566,15520800
2019-10-30,39.485443115234375,39.53260608709231,39.09870098871271,39.36281650976045,25558600
2019-10-31,39.461849212646484,39.589193160534585,39.207164915173415,39.54674397847084,22461800
2019-11-01,39.93349838256836,39.93349838256836,39.53260770788366,39.593919213982275,19841200
2019-11-04,40.14101791381836,40.26364451860291,40.05612312562969,40.240061233654465,20363200
2019-11-05,40.093849182128906,40.2683525117826,39.95707406534677,40.25420398216782,15799600
2019-11-06,40.074989318847656,40.112721135711794,39.87218530108307,40.089137850595684,17077200
2019-11-07,40.39098358154297,40.6173708754146,40.27779173375914,40.34382061149171,28085000
2019-11-08,40.61736297607422,40.61736297607422,40.126860266666206,40.28721505331521,12573000
2019-11-11,40.63623046875,40.692824584695934,40.33437959105691,40.38625992954295,8488000
2019-11-12,40.773006439208984,40.923930095405574,40.59378572194547,40.6928290339835,16562400
2019-11-13,40.862606048583984,40.90033785062211,40.60320440745028,40.612639157111154,15372200
2019-11-14,40.81544876098633,40.84846319277691,40.58906151563434,40.70225693746193,12182600
2019-11-15,41.145591735839844,41.145591735839844,40.97580220694383,41.10314615276738,14124800
2019-11-18,41.26823043823242,41.32954194235116,40.975814252880596,41.13145529984064,13022200
2019-11-19,41.34839630126953,41.471022873558454,41.197472673184365,41.43329106696138,14087400
2019-11-20,41.09843063354492,41.376698217809626,40.78715221537949,41.254071641779255,24759800
2019-11-21,40.89091873168945,41.06542568409477,40.80602394380363,41.018262712670214,18755400
2019-11-22,40.83903121948242,41.07484963354102,40.67867642510823,41.00882076546889,11780000
2019-11-25,41.43329620361328,41.43329620361328,41.0088223225303,41.02297445048604,14739800
2019-11-26,41.47101974487305,41.57478040603545,41.39084236063041,41.45687121804233,19454400
2019-11-27,41.70213317871094,41.70213317871094,41.47574948532068,41.59837248661376,18697000
2019-11-29,41.57950210571289,41.65967949829468,41.508755865898216,41.593650634015184,11360200
2019-12-02,40.9852409362793,41.59836665165402,40.80601663932235,41.59836665165402,23167600
2019-12-03,40.6220817565918,40.65038241524743,40.16459702158626,40.33910035816141,22494400
2019-12-04,40.78715515136719,40.91921288968895,40.72584005978673,40.88619845510851,13829000
2019-12-05,40.93807601928711,40.971090451629145,40.74470320249572,40.93335864372303,15620600
2019-12-06,41.39085388183594,41.42858209778527,41.21634693964282,41.2493613775384,18407000
2019-12-09,41.17389678955078,41.45216079268168,41.17389678955078,41.32010305571763,11370200
2019-12-10,41.20691680908203,41.42386934897262,41.10315611645959,41.239931247797905,12350800
2019-12-11,41.48517990112305,41.52291171545078,41.23049555186664,41.315390334952106,9879000
2019-12-12,41.92851638793945,41.98982788261626,41.26822408295151,41.36726738895417,24189400
2019-12-13,42.206787109375,42.30111665268401,41.80589644564813,41.88607385873268,26256200
2019-12-16,42.584083557128906,42.73028980149491,42.518054698492456,42.52748585045355,19744600
2019-12-17,42.485050201416016,42.678419447399605,42.42845248150913,42.65955354076398,14919400
2019-12-18,42.48031997680664,42.64539211206182,42.46617145068515,42.53691767959528,12970200
2019-12-19,42.78689956665039,42.79161694311188,42.49448339720485,42.50863192828539,13724000
2019-12-20,43.03532028198242,43.087369887881664,42.92649191331559,43.040053048894194,23400800
2019-12-23,43.15833282470703,43.26716476779418,43.10628323584477,43.16779835543229,15530400
2019-12-24,43.17253112792969,43.234046252671206,43.07316470724246,43.234046252671206,4890800
2019-12-26,43.494293212890625,43.503758744975684,43.23404884123551,43.26243821740519,8269200
2019-12-27,43.48955535888672,43.669360722071126,43.38072342193166,43.669360722071126,19332200
2019-12-30,43.2387809753418,43.48483428590194,42.907559530406594,43.48010151953344,16491200
2019-12-31,43.37599563598633,43.423312462251424,43.035308710809716,43.0920910683533,11601800
2020-01-02,44.18986892700195,44.18986892700195,43.68357118018501,43.76874293245531,26567000
2020-01-03,43.693016052246094,43.995851638834914,43.541600063972645,43.54633282893048,30023600
2020-01-06,43.797122955322266,43.84444339317322,43.17726420793431,43.25770317621284,15630000
2020-01-07,43.7781982421875,43.995862161805945,43.711953957101116,43.87283551377004,15363600
2020-01-08,44.24663543701172,44.44063548594473,43.74506702675834,43.82550959343012,23254400
2020-01-09,44.74819564819336,44.776585015847274,44.42643624462954,44.65356201598586,15554800
2020-01-10,44.64411926269531,45.00373374662223,44.56841304031484,44.94222221531037,15330600
2020-01-13,45.202449798583984,45.25449938647017,44.82391160764338,44.847568213928454,15524400
2020-01-14,44.989532470703125,45.301826458634686,44.91855541570501,45.2592423916616,16134600
2020-01-15,45.04157638549805,45.25923667932237,44.89016037196623,45.01791616680393,14417000
2020-01-16,45.647239685058594,45.65670160635432,45.26869785246525,45.33021297603608,11543200
2020-01-17,45.95479965209961,45.997383708526975,45.61411276051235,45.86016239885755,21661000
2020-01-21,45.935874938964844,46.20085204374956,45.803386386572484,45.81284830743952,17975000
2020-01-22,46.10149383544922,46.42325335283577,46.063638925158344,46.22452048887309,15491600
2020-01-23,46.319156646728516,46.35701155905615,45.950080276641934,46.148813151297304,14956400
2020-01-24,46.10149383544922,46.763940325367756,45.94061227173447,46.65984112708932,23617400
2020-01-27,45.00372314453125,45.35860477781687,44.81445221810372,45.027383364100686,35574600
2020-01-28,45.86489486694336,45.987921490340106,45.30181494643717,45.396452199066225,31184400
2020-01-29,45.98320007324219,46.30969235781279,45.79866189762652,46.24344806964527,21126600
2020-01-30,46.38066482543945,46.423252501246196,45.68509981432954,45.964271650006985,19933600
2020-01-31,45.107826232910156,46.134616314211,44.946944668028,46.11095609259678,26964600
2020-02-03,45.70401382446289,45.817578528815346,45.10781537180194,45.159864958786294,25075600
2020-02-04,46.90116500854492,47.00053144760442,46.38540174671054,46.498962875629516,19097800
2020-02-05,47.175594329833984,47.696090250478136,46.83491101365207,47.672430032251604,32697000
2020-02-06,47.6061897277832,47.62038441588722,47.15667442428981,47.36960196593558,13505600
2020-02-07,47.170875549316406,47.56834131063795,47.07623826563753,47.3838031200182,16598000
2020-02-10,47.80964660644531,47.819108526770506,46.886952337908,46.89641786827528,16347600
2020-02-11,47.64876937866211,48.21658212052882,47.50681890072725,48.17399445011867,15105800
2020-02-12,48.164527893066406,48.183455343644425,47.705547144165195,47.97525699732831,12152800
2020-02-13,48.03676986694336,48.28755588668515,47.715010418073135,47.78598745724374,14802800
2020-02-14,48.24497604370117,48.32541501645405,47.97999890520097,48.13141492863576,12392400
2020-02-18,48.06517028808594,48.16926948030952,47.80492230752699,47.85697190363878,20633200
2020-02-19,48.63771057128906,48.708687619017134,48.344340458699584,48.37746259963367,16615600
2020-02-20,48.131412506103516,48.651904834835726,47.47369884897092,48.53361095966738,26324600
2020-02-21,47.05256271362305,47.9279364775666,46.75919266736466,47.8853488145418,29899000
2020-02-24,45.107826232910156,45.76080719497275,44.38386821604787,44.79552863580872,42365200
2020-02-25,43.664634704589844,45.680363351966115,43.50375676688637,45.514752648435305,62934400
2020-02-26,43.863365173339844,44.814448890741645,43.532143784216025,43.83024303442746,55759600
2020-02-27,41.49748611450195,43.323943666428285,41.46909674230941,42.42491318660363,67825800
2020-02-28,41.81452178955078,42.211987491510705,39.77513285388411,39.84610990353201,111854400
2020-03-02,44.232452392578125,44.24191431524268,41.81925417825777,42.56687242026256,70008600
2020-03-03,42.552669525146484,44.79079105319506,42.10315427938571,44.483226280286075,94989200
2020-03-04,44.37913513183594,44.39332982068561,42.8697039767434,43.47063894502766,44727600
2020-03-05,42.97853088378906,44.019515524085975,42.69935546577367,43.196191177304144,49019000
2020-03-06,42.07003402709961,42.32081645608339,40.9249466118651,41.54007618525519,57631800
2020-03-09,38.8761100769043,40.693102697068845,38.56381243966408,38.60166735509504,59119800
2020-03-10,41.46910095214844,41.4738337180084,39.09376150645516,40.541677395939296,71164600
2020-03-11,39.51016616821289,40.60793351495191,38.94708599814654,40.35715100191035,63304200
2020-03-12,35.653778076171875,38.75307946880333,35.488167350544614,36.64271688356278,65490600
2020-03-13,39.83665084838867,39.92655174837242,36.103296034695965,37.896628198600915,65849600
2020-03-16,34.33360290527344,37.48021976568081,33.68535497365387,33.93613733640085,81244800
2020-03-17,36.671119689941406,37.11590603881425,34.04026374223852,35.14276046799271,100814600
2020-03-18,35.28943634033203,35.876173060649755,33.250047094236834,34.23425318705854,107412400
2020-03-19,35.41718673706055,36.619052983839964,34.125419596850676,34.96293867379665,123454200
2020-03-20,33.794193267822266,36.453440871475486,33.68063215888879,36.08436455990977,90444000
2020-03-23,33.485496520996094,34.351172545546284,32.39150870112928,33.623434368119675,84958400
2020-03-24,36.91490936279297,36.94344697933799,35.369058899121214,35.511754239632836,75329000
2020-03-25,36.86733627319336,38.57014683249012,36.15862085516465,37.195529668369446,57480800
2020-03-26,39.15044403076172,39.24557546381866,37.24310506635725,37.33347539164495,56425800
2020-03-27,37.38104248046875,38.65102091056977,37.219324473825125,37.9375514318383,58485400
2020-03-30,38.95542907714844,39.04579939810637,37.76155595895904,37.880467522913165,47480200
2020-03-31,38.227691650390625,39.56425649470178,38.027917460996385,38.86505590405446,39988800
2020-04-01,36.40597152709961,37.694972681106165,36.134853256757175,36.90539800989167,54984800
2020-04-02,37.25736618041992,37.30493007267986,36.13008342650838,36.27753258118189,44223600
2020-04-03,36.68184280395508,37.49519751580139,36.22046532690288,37.09565274939488,31572000
2020-04-06,39.81159591674805,40.07320284683074,38.05170596731702,38.29428660894884,35987200
2020-04-07,39.45486068725586,41.22902305283905,39.41205426043883,41.21475424390004,44298800
2020-04-08,40.51554870605469,40.682024171827095,39.59755127606057,39.973312258171426,27428600
2020-04-09,40.525062561035156,41.20523690264637,40.239675512077234,40.99595500215361,39259800
2020-04-13,40.61543273925781,40.67251159529677,39.78780928560369,40.3633408089816,25301600
2020-04-14,42.318260192871094,42.39436172877484,41.35269859508721,41.519174106964776,31779000
2020-04-15,41.39550018310547,41.73320864735382,41.086329337868825,41.4763591895677,25858200
2020-04-16,41.899681091308594,42.00432385859629,41.21475288260486,41.93773366648472,23667600
2020-04-17,42.456180572509766,42.65119362631171,41.84259654273635,42.64168229908167,28284800
2020-04-20,41.77601623535156,42.43716431526143,41.71893737180854,41.880659004067084,20407000
2020-04-21,40.02564239501953,41.28610598976427,39.78306173244903,41.186217059551765,32765000
2020-04-22,41.56673049926758,41.795042323455164,40.84850355924719,40.99595638213862,24032000
2020-04-23,41.281341552734375,42.1327488392202,41.248046457906135,41.66185640378669,21169600
2020-04-24,42.15653991699219,42.16605487735147,41.18622080730935,41.45258526395769,16885000
2020-04-27,42.51802444458008,42.660719792775424,42.26117499516453,42.53705073293236,15598600
2020-04-28,41.95199966430664,43.07452515454369,41.89492443425961,43.045987539520176,25267600
2020-04-29,43.67384338378906,43.826050055549715,42.6940131611357,42.84621983289635,22925800
2020-04-30,43.478824615478516,43.764211634193614,43.155385026563316,43.764211634193614,30861200
2020-05-01,42.28495407104492,43.117335042408435,42.12323245244134,42.52277720572021,23990200
2020-05-04,42.846214294433594,42.889020714289224,41.89492181167384,42.089934883615314,21458000
2020-05-05,43.43601989746094,43.98777134639755,43.260029460356684,43.336134610096885,17374600
2020-05-06,43.77372741699219,44.197052324093285,43.57871432543334,43.85458641522651,16941000
2020-05-07,44.43012237548828,44.6822143324504,44.30169584302889,44.36828603434366,21088800
2020-05-08,45.081748962402344,45.143585294606645,44.591833927607205,44.85344080487293,15221600
2020-05-11,45.38141632080078,45.64777709398737,44.68221566229261,44.77258599382756,20768800
2020-05-12,44.44438552856445,45.6953338249675,44.41109043714362,45.56691093774223,27042000
2020-05-13,43.6786003112793,44.810637191396516,43.10306872754996,44.46817127703682,33942200
2020-05-14,44.235111236572266,44.26364885676923,42.89854613357344,43.374192490955934,30475200
2020-05-15,44.45866394042969,44.468175270507956,43.41223981603486,43.535908880413814,28032800
2020-05-18,45.54789352416992,45.80474297753985,45.17688996782231,45.33385049858157,20033400
2020-05-19,45.38141632080078,46.085370829620594,45.36239003287412,45.566918091969065,20092800
2020-05-20,46.37550735473633,46.461123821162325,45.985477591882976,46.00926135490404,18192000
2020-05-21,45.72863006591797,46.465883203060265,45.704846301922586,46.327945355451384,20581600
2020-05-22,45.895103454589844,45.952182308265364,45.47653608098088,45.662037819310406,18489600
2020-05-26,45.84754943847656,46.84640600526405,45.80949686115865,46.813110907334256,26001400
2020-05-27,46.10914993286133,46.12817621886351,44.86771289513998,45.84278555772384,38856800
2020-05-28,46.01878356933594,46.860675997612155,45.90462946339368,45.93792456216408,21147400
2020-05-29,46.59906768798828,46.70846430268666,45.771444158127416,46.15671649241049,35555000
2020-06-01,46.584808349609375,46.68469365550984,46.175752166077594,46.38028025784348,26719400
2020-06-02,47.02239990234375,47.02239990234375,46.23758267484688,46.67993393915284,22415200
2020-06-03,47.388633728027344,47.54084038013167,47.008118912212964,47.21264694118685,22035800
2020-06-04,46.99861145019531,47.53133663196192,46.73700815302177,47.20313951178582,15138800
2020-06-05,48.23529815673828,48.373232404987355,47.25070672724768,47.331569364809745,20756400
2020-06-08,48.477874755859375,48.496901045183286,47.70732999715619,48.1496812444795,16130200
2020-06-09,48.706180572509766,48.944003716292634,48.19248171100441,48.23529176390978,14707800
2020-06-10,49.519535064697266,49.890538586696785,48.967783631749036,49.05815758722339,24389600
2020-06-11,46.679931640625,48.729966210195606,46.66566283101027,48.658622162121965,39742000
2020-06-12,47.28401184082031,48.1687108338346,46.46114194643879,47.93088762641608,43287000
2020-06-15,47.7406120300293,47.95465137577853,46.27086333483525,46.42306997887513,29924000
2020-06-16,48.758514404296875,49.17708193782887,48.00223472693686,48.882179857837215,27935800
2020-06-17,48.74898147583008,49.21035890314199,48.668122487035326,49.03436849027156,17324200
2020-06-18,48.9677848815918,49.02010626463416,48.553974925211804,48.65861769129653,13717200
2020-06-19,48.63007736206055,49.61466507139202,48.397011687958056,49.55758983710188,31280000
2020-06-22,49.54630661010742,49.58923464512034,48.61624163859336,48.692552889102465,14738000
2020-06-23,49.90402603149414,50.47637680328333,49.832485369053025,49.9898784653178,19028000
2020-06-24,48.778411865234375,49.975575471399104,48.51131699427289,49.69893941853488,25425600
2020-06-25,49.403236389160156,49.45570198155331,48.32054131584178,48.849964192612475,20534400
2020-06-26,48.43022918701172,49.37937289151295,48.28237363575366,49.30782859161915,44275600
2020-06-29,48.959659576416016,48.964430167527574,47.843577784475066,48.42546617766109,18547200
2020-06-30,49.83724594116211,50.03757068703747,48.89763987983771,48.96441722105874,16500000
2020-07-01,49.918338775634766,50.209279299318275,49.6417027458239,49.87064014788542,21709200
2020-07-02,50.209285736083984,50.66239728553031,50.10435820270928,50.39053181142046,19144600
2020-07-06,51.086883544921875,51.32536213354016,50.829326232546784,50.857942498734744,16046200
2020-07-07,50.552696228027344,51.54476814838156,50.500230641159916,51.029653462171304,15863600
2020-07-08,51.37782287597656,51.382593466190144,50.681465899453364,50.953331319321286,13327000
2020-07-09,51.563846588134766,51.80709579508825,50.82456142375814,51.797554612677196,17767800
2020-07-10,51.54954147338867,51.5733871530235,50.939036763531305,51.4446102940891,14724600
2020-07-13,50.48115158081055,52.33174796592609,50.35237472955828,51.98833817739352,28910400
2020-07-14,51.06303024291992,51.13457454169731,49.546306392194865,50.08049969898596,30053200
2020-07-15,51.33967208862305,51.783242424750675,50.738705005086835,51.53045569406728,23779200
2020-07-16,50.70532989501953,50.93427100237512,50.31422505074596,50.79118235541595,17180600
2020-07-17,50.95334243774414,51.09642742532661,50.48592274496023,51.005808024859526,12710400
2020-07-20,52.255428314208984,52.379438201887794,50.810248617860324,51.096422202669885,17018400
2020-07-21,51.730777740478516,52.64653469583751,51.53999413172173,52.627455971072365,18794800
2020-07-22,52.14573669433594,52.307900411666516,51.73555317075328,51.77847757631901,15028000
2020-07-23,50.79117202758789,52.21250610760573,50.56223460567966,51.86909633584869,23349600
2020-07-24,50.1759033203125,50.50500500087446,49.350769281456394,49.94219527703417,22911600
2020-07-27,50.967647552490234,51.02011313649674,50.38098858536967,50.4811491624108,16908000
2020-07-28,50.37144470214844,50.967641137275756,50.33328725696567,50.81024440506752,17825400
2020-07-29,51.1011962890625,51.239514319609384,50.56223594015482,50.56223594015482,13187000
2020-07-30,51.38737106323242,51.42075792385584,50.3666828797223,50.63854835591154,21556800
2020-07-31,52.67039108276367,52.68946981009022,51.34922105573242,52.19820440784071,25185800
2020-08-03,53.96770095825195,54.13940581925275,53.36196335447297,53.38581266695971,24327000
2020-08-04,54.10601806640625,54.11078501770907,53.61951975535333,53.853231369380026,17971600
2020-08-05,54.30634307861328,54.430352960359414,54.03447764021617,54.27772681316971,12960200
2020-08-06,55.06948471069336,55.121950300317096,54.144186463396764,54.263425778197046,16399400
2020-08-07,54.249114990234375,54.85485271758463,53.819852750162326,54.85008212633523,27476200
2020-08-10,54.09648513793945,54.44466549754571,53.36674119893839,54.35404246445065,16481200
2020-08-11,53.12348556518555,54.148944155970796,53.01378745948192,53.92000676387107,18844400
2020-08-12,54.330204010009766,54.47328900671834,53.48598760995903,53.55276133620207,14196800
2020-08-13,54.354034423828125,54.80714588337969,54.158483891581305,54.406499999554036,11453600
2020-08-14,54.31589126586914,54.4732880344449,54.015409503138684,54.37789803834176,8334200
2020-08-17,54.678367614746094,54.802377493157806,54.57820704949235,54.64498075966151,8174600
2020-08-18,54.88345718383789,55.03131273071628,54.42080818230909,54.783296622511166,8930000
2020-08-19,54.81669235229492,55.26503329464374,54.72606931784704,55.02178409838058,14239400
2020-08-20,55.54643630981445,55.65613806936614,54.55436443843161,54.611600613705725,12803000
2020-08-21,56.2523307800293,56.314333903213864,55.57028186942109,55.59889813567635,15288600
2020-08-24,56.73883056640625,57.08224034770653,56.26664393656577,57.063161622201534,16440600
2020-08-25,57.02500534057617,57.048854657670184,56.52420243165588,56.61005487874149,18628200
2020-08-26,58.18399429321289,58.3366204162027,57.49240796942334,57.62118478239538,16463000
2020-08-27,58.23170471191406,58.69435379331673,57.707052502479144,58.427258916999634,18174200
2020-08-28,58.74205017089844,58.932830138718195,58.38433227289445,58.460643532243424,13092600
2020-08-31,58.928070068359375,59.30963368745246,58.60850594326391,58.975765065884126,19040000
2020-09-01,60.05368423461914,60.129995496218605,59.085458038796276,59.457487720363424,25612600
2020-09-02,60.58787155151367,60.916973178624495,59.52902600245675,60.912202587811336,40395000
2020-09-03,57.134700775146484,59.66734222525342,56.66251418793381,59.61964723524412,54162000
2020-09-04,56.33818435668945,57.625967308734545,53.92001155907977,56.81514154469053,62544200
2020-09-08,53.79122543334961,55.48442472855334,53.695835461321586,54.19663827280997,47860400
2020-09-09,55.54643630981445,56.09016723878693,54.50189885415403,55.10286595840061,36783800
2020-09-10,54.292030334472656,56.3954093604909,53.96292875424701,56.30955693255787,32109800
2020-09-11,53.87709045410156,55.01224739764069,53.1902708505377,54.80238868235898,37166400
2020-09-14,55.00747299194336,55.30318411760333,54.51620767386156,54.77376135140588,24730200
2020-09-15,55.55120849609375,55.94708386559501,55.17918244336527,55.846919646265185,18260400
2020-09-16,54.692684173583984,55.87553969391249,54.640218587668514,55.7992247911646,19637000
2020-09-17,54.23957443237305,54.61637106444684,53.32858441579691,53.414436859040244,30403600
2020-09-18,53.30473709106445,54.42558577067287,52.64653383357849,54.330195787304135,41837600
2020-09-21,53.74785232543945,53.771750818144746,52.15606610369653,52.342491122788466,38381800
2020-09-22,54.59870910644531,54.73733347571743,53.43235485943442,54.354921171038896,25537400
2020-09-23,52.896995544433594,54.679984527362286,52.734468996924264,54.627402730840586,23707800
2020-09-24,53.193359375,53.85302055828497,52.33771448799683,52.40463610848156,31838600
2020-09-25,54.464874267578125,54.62739715153341,52.88742782694774,53.22203590977015,19326600
2020-09-28,55.50695037841797,55.51172788945721,54.90943327256288,55.36832597222499,17473200
2020-09-29,55.320518493652344,55.669466398035105,55.20101508725601,55.43524074264556,20851000
2020-09-30,55.78419494628906,56.35303239199532,55.26794294404615,55.29184143985135,22318400
2020-10-01,56.37214279174805,56.63505172492328,56.01363259939324,56.5585678000162,27076400
2020-10-02,54.94289779663086,55.89892523058954,54.723011924454994,54.985917280620484,37251600
2020-10-05,56.14748764038086,56.180948452832816,55.30140501297835,55.33486582543031,12270600
2020-10-06,55.277488708496094,56.544225393012034,55.081505042043815,56.01363004080707,26862200
2020-10-07,56.29088592529297,56.40082701757682,55.81287229669119,55.855891772727155,12992400
2020-10-08,56.582481384277344,56.78324625733945,56.3912751802851,56.78324625733945,10109600
2020-10-09,57.44767379760742,57.46201362189596,56.83581698160094,56.85015680588948,14425400
2020-10-12,59.01554870605469,59.402738489996516,58.00215873136112,58.293747270141964,19163800
2020-10-13,58.6379280090332,59.31192894214949,58.41326103132777,59.20676536561041,17613800
2020-10-14,58.32722854614258,59.092053363733505,57.89223798691887,58.78134373745657,14534000
2020-10-15,58.0643196105957,58.17904186734825,57.2086747252911,57.3616389499461,13185000
2020-10-16,57.89700698852539,58.61880487931501,57.844425202182535,58.38457924275864,11544200
2020-10-19,56.8358268737793,58.40849230733515,56.658960500543955,58.18860645374671,16616400
2020-10-20,57.031803131103516,57.63410130601526,56.682855235105876,57.050924113302,14566600
2020-10-21,56.94575881958008,57.49069403148386,56.81669675232049,56.893177031856524,12171800
2020-10-22,56.678077697753906,57.156091342382666,56.027978849302414,56.96966631273382,13486400
2020-10-23,56.615936279296875,56.768900497112774,56.14270015331098,56.759338182087305,10312800
2020-10-26,55.3874397277832,56.439068238042005,54.69909894465845,55.98973426606285,18189200
2020-10-27,55.66468811035156,55.898917424771035,55.349200997617075,55.65512944200707,19064800
2020-10-28,53.303306579589844,54.64174269796909,53.212482813191066,54.608281886183484,32756600
2020-10-29,54.19240951538086,54.81860623796673,53.47538903109299,53.50884984114823,19409000
2020-10-30,52.99259567260742,53.7669791298101,52.37595760154962,53.43236737311295,25848600
2020-11-02,53.12643051147461,53.83389223480268,52.61973726918359,53.39889811400243,24039800
2020-11-03,54.06334686279297,54.54136054618982,53.322427841700836,53.54231369842879,20970200
2020-11-04,56.166603088378906,56.58725378158393,55.14843534104219,55.70771042844033,30763800
2020-11-05,57.911346435546875,58.07865046056919,57.40464955653814,57.643656348556945,22189800
2020-11-06,58.11690902709961,58.303334086381305,56.98401519634872,57.77273856474718,19455200
2020-11-09,57.69623947143555,59.923784575203214,57.643657684216706,59.35016971984856,39768200
2020-11-10,56.62071228027344,57.59586051045904,56.161819639060425,57.1943308170056,23538400
2020-11-11,57.96393966674805,58.12168140894195,57.07961509105606,57.19433735273025,14488600
2020-11-12,57.44767379760742,58.2507367803545,57.17998735234316,57.96392935372075,14352800
2020-11-13,57.93526077270508,58.054764201400396,57.33774362922852,57.88267897232272,11851600
2020-11-16,58.494529724121094,58.59968966019273,57.820528749428135,57.94003215796621,14864200
2020-11-17,58.16947555541992,58.48496263177335,57.920906443670624,58.20293636119914,9939400
2020-11-18,57.548065185546875,58.34634713565437,57.524163043370415,58.06910197996374,9542800
2020-11-19,58.011741638183594,58.11690523336593,57.17999883976291,57.433345511635785,12155200
2020-11-20,57.41421890258789,58.07865757402406,57.39509791924995,58.06431774825927,9915800
2020-11-23,57.39988327026367,57.96871706656719,56.9027486080222,57.59108947065731,9807000
2020-11-24,58.19815444946289,58.31287668965345,57.203885309266695,57.619758444519576,13634000
2020-11-25,58.32243728637695,58.56622158373419,58.10255147958882,58.398917561933885,12186400
2020-11-27,58.63315963745117,58.88172514595906,58.523214886582046,58.63315963745117,7025800
2020-11-30,59.02512741088867,59.111170014210344,57.94959669284515,58.61403537801343,32229200
2020-12-01,59.78038024902344,60.11021080335952,59.264128327526834,59.51269379736191,22681200
2020-12-02,59.6895637512207,59.756485368180314,59.07770323666131,59.527037219351215,16038800
2020-12-03,59.65132141113281,60.052851110372146,59.49357603773682,59.7564849933968,13775400
2020-12-04,60.24883270263672,60.2583913696787,59.60829260219717,59.73735831246639,10358800
2020-12-07,60.420921325683594,60.59778402818835,60.177133362257,60.28229694047845,8905400
2020-12-08,60.616912841796875,60.808119040815875,60.10543835642012,60.36356617805254,7886800
2020-12-09,59.4553337097168,60.76031251820181,59.249787703895485,60.57866865255105,17271800
2020-12-10,59.54137420654297,59.82340413338963,58.95341950743179,59.092043892227004,9997400
2020-12-11,59.417091369628906,59.417091369628906,58.74787160664845,59.18286208206545,13023200
2020-12-14,59.63219451904297,60.16757104526374,59.56049175215428,59.59873371408881,11055800
2020-12-15,60.626468658447266,60.626468658447266,59.89032724165878,60.2775171091234,9099200
2020-12-16,61.037559509277344,61.25266417669192,60.50696410623663,60.707728948750834,10309200
2020-12-17,61.52035140991211,61.654194639944336,61.22876281007569,61.48210944505876,11505000
2020-12-18,61.30524826049805,61.62073900793238,60.913277228414366,61.611176693004595,17693400
2020-12-21,61.36658477783203,61.39533122702995,59.986696729151255,60.528112558704,15232200
2020-12-22,61.898406982421875,62.17630146892021,61.42406870722526,61.70675183092484,14334200
2020-12-23,61.42886734008789,62.01339547273545,61.33783205301014,61.97027580335025,11300800
2020-12-24,61.83612060546875,61.98944473276885,61.49114862994032,61.534268299157176,4384600
2020-12-28,62.535648345947266,62.660218714619866,62.15713398080522,62.44940169771493,8171000
2020-12-29,62.23860168457031,62.957292268969034,62.1284045086808,62.87584154671169,8841400
2020-12-30,62.205047607421875,62.58355464955673,62.114012324771394,62.45419564769217,8141400
2020-12-31,62.296085357666016,62.473359981914854,61.79300062002024,62.23379651740703,11058400
2021-01-04,61.28033447265625,62.62668361835958,60.4849820220989,62.61230308457663,21017200
2021-01-05,61.67800521850586,61.77862508663074,61.10305438736838,61.14138541756374,12361400
2021-01-06,60.614349365234375,61.79778982010251,60.42749015365265,60.796416283956766,27258000
2021-01-07,62.248165130615234,62.3679468539987,61.17492191262479,61.19887971948073,19652000
2021-01-08,62.65062713623047,62.81832446574983,61.94152141288619,62.55480322403193,12387600
2021-01-11,62.1331672668457,62.57397040859233,61.874441981025036,62.042139305226186,17853200
2021-01-12,61.83612060546875,62.13797291178033,61.24679652681467,62.05652221073844,17089200
2021-01-13,62.2290153503418,62.420663220595785,61.79779667592388,61.91757842255703,13605200
2021-01-14,61.68280792236328,62.51169552229403,61.59177262954077,62.38232919507798,15624800
2021-01-15,61.050350189208984,61.86486447662221,60.92577982413522,61.59176593871912,12641200
2021-01-19,61.845699310302734,61.95110781007416,61.256371632238846,61.47198092416624,11569600
2021-01-20,63.072261810302734,63.292663390567476,62.23378977536053,62.32003641490619,11770000
2021-01-21,63.88678741455078,64.09760444775941,63.072273040615165,63.4124564007286,8945200
2021-01-22,63.64242935180664,63.96344350933993,63.489105228920934,63.618471543743674,11243600
2021-01-25,64.17424774169922,64.58150115407332,62.62187420569203,64.3611069099403,18205200
2021-01-26,64.2173843383789,64.50006748344815,63.97303222650674,64.39945491834075,8593400
2021-01-27,63.00521469116211,64.11679309076264,62.435052262996265,63.91076463269036,24484600
2021-01-28,63.263912200927734,64.31799722200908,63.11059539570442,63.32620103696333,16181600
2021-01-29,61.77383041381836,63.196837954025966,61.438443031305724,62.94769721895751,19023200
2021-02-01,63.3213996887207,63.62804054850819,62.04692064517798,62.50688559030659,11232600
2021-02-02,64.17904663085938,64.36590582895197,63.84365926388501,63.93469454439868,8595000
2021-02-03,63.958648681640625,64.44256418973022,63.766993546583464,64.30840925063814,11574800
2021-02-04,64.97917938232422,64.97917938232422,64.11675692327425,64.30361609752111,8134200
2021-02-05,64.83545684814453,65.18521744473384,64.64859033513639,65.17563285950091,9413800
2021-02-08,65.51582336425781,65.54456981221163,65.00794264378371,65.09897793623564,11713200
2021-02-09,65.43917083740234,65.75060048350767,65.32417771792278,65.34334689328519,10552200
2021-02-10,65.34332275390625,65.78411858272332,64.78753384809079,65.70266789476865,9464400
2021-02-11,66.06201934814453,66.10513901455334,65.53018819641356,65.78412486868277,7565800
2021-02-12,66.40220642089844,66.44532609449428,65.7074737618968,65.88954435383147,6755600
2021-02-16,66.18659973144531,66.71364232589454,66.01411372879805,66.66572670425465,9722200
2021-02-17,65.60204315185547,65.74578265967244,64.94084580243445,65.5780853487368,15274800
2021-02-18,65.28102111816406,65.39121822602876,64.45692250523203,64.92167604778885,10954800
2021-02-19,65.18521881103516,65.67393031560795,64.89295109792452,65.61643011390159,11685600
2021-02-22,63.74784851074219,64.59590534378347,63.7095174736157,64.38508829503668,14262600
2021-02-23,63.570560455322266,63.963448065027194,61.62051756317107,62.688968618629325,24198400
2021-02-24,64.54320526123047,64.60069816519437,62.61231660929601,63.096239587319815,16472200
2021-02-25,62.2864990234375,64.39465452756446,62.00860453510227,63.96823186514756,34313800
2021-02-26,62.61709976196289,63.58014226103983,62.061310767566695,62.90457153393222,35511600
2021-03-01,64.63420104980469,64.67253207031392,63.27827866762561,63.68074341663059,24773800
2021-03-02,63.60886764526367,64.76835355667878,63.517839699697056,64.72523390179548,24802800
2021-03-03,62.008602142333984,63.48431386263718,61.941524669179124,63.3022433022613,29889600
2021-03-04,60.63829803466797,62.26733384736715,59.871695741681584,61.816953400979116,76955600
2021-03-05,61.783416748046875,61.95590273692076,59.75191956908031,61.39532510080485,46085800
2021-03-08,60.28853988647461,62.022976958997475,60.2262510487664,61.72592061465947,35242400
2021-03-09,62.33919143676758,62.72249435859972,61.6157125635946,61.69716324646347,22987200
2021-03-10,62.090049743652344,63.019557047407865,62.042141442869664,63.009972462892975,18459000
2021-03-11,63.417236328125,63.81011658168156,62.89019381749226,63.02434876367219,13362800
2021-03-12,62.96206283569336,62.98122469342358,62.257745762052316,62.66021057244842,12442200
2021-03-15,63.632850646972656,63.671181681236405,62.76084337788835,63.00998413425687,16585000
2021-03-16,64.11196899414062,64.72525083815893,63.83887046419161,64.12155357914298,13106800
2021-03-17,64.05926513671875,64.44256811931027,63.11059592074939,63.59451145834719,19366400
2021-03-18,62.281707763671875,63.29266580538067,62.20504570579437,63.18246135559568,17584800
2021-03-19,62.0948600769043,62.569191112289566,61.79779637528886,62.29609253296132,27224800
2021-03-22,63.315834045410156,63.623122258381834,62.326750338855355,62.427582603479465,15984200
2021-03-23,62.92213439941406,63.767175287033304,62.754083040595496,63.48869415528456,12929200
2021-03-24,62.1587028503418,63.311031752841586,62.14909803369456,63.30142693619435,14209400
2021-03-25,62.12030029296875,62.39878140717355,61.32326889641667,61.78900366871942,22573000
2021-03-26,63.69994354248047,63.76716260737584,62.062670279844184,62.08667865866295,14883200
2021-03-29,63.36865234375,63.685545387875806,62.888514031921524,63.50789655692462,17317800
2021-03-30,62.76848220825195,62.98934906496957,62.38917614884833,62.92212999141717,13235400
2021-03-31,63.767181396484375,64.15609233842434,63.195815513355484,63.248631031787504,15430400
2021-04-01,65.04914855957031,65.0539546324351,64.40096611358558,64.46337912385248,14351600
2021-04-05,66.39351654052734,66.50875235786083,65.34201260213513,65.42844129671731,12866800
2021-04-06,66.1102523803711,66.50396202837932,65.88938550978355,66.28790123027346,11315600
2021-04-07,66.46075439453125,66.58078899082096,65.81737071673764,66.05743990931708,10085200
2021-04-08,67.42103576660156,67.435439333033,66.96970448153422,67.08494033931657,14144600
2021-04-09,68.0692138671875,68.08841617702022,67.05612168634867,67.17615627020953,9401000
2021-04-12,67.74271392822266,67.95877470733231,67.41141731463414,67.79073069083785,15907000
2021-04-13,68.38130187988281,68.4341173906266,67.877155154843,68.00199581278086,11315800
2021-04-14,67.65630340576172,68.40531813426567,67.5266639869574,68.37170492977434,11216200
2021-04-15,68.81822204589844,68.87103755089844,68.26605861611137,68.27566343329197,11028800
2021-04-16,68.80384826660156,68.93348771250601,68.5157622371099,68.87106736330534,11695600
2021-04-19,68.23245239257812,68.81342294457339,67.82433191729535,68.49652991621232,10254000
2021-04-20,67.62748718261719,68.38609930213724,67.24817379652761,68.08841587988685,9873400
2021-04-21,68.30928039550781,68.33328877661825,67.32019663492427,67.50745028545873,9254200
2021-04-22,67.5074462890625,68.48212642854523,67.20975556830902,68.1892417795269,11652200
2021-04-23,68.5157470703125,68.73180788143752,67.61789062173521,67.63229418738818,8886000
2021-04-26,68.86624145507812,68.93826660487288,68.49173412040129,68.53975088693112,7735000
2021-04-27,68.69819641113281,69.02949304684196,68.45332848863598,68.9766775349705,10822000
2021-04-28,68.05960845947266,68.39090508027117,67.89636318515527,68.29967762511454,10691200
2021-04-29,68.00199127197266,68.70298910267616,67.31059093252374,68.61656772340964,13416600
2021-04-30,67.07533264160156,67.67550563826286,66.9168860913233,67.31060309377177,10583400
2021-05-03,66.88805389404297,67.56984928359431,66.72000991374898,67.435411168828,10805800
2021-05-04,65.6877212524414,66.40792872000212,64.95790896727436,66.3887264111187,19919600
2021-05-05,65.52928161621094,66.25429523192358,65.40444827952817,66.2254807760768,11245800
2021-05-06,66.18707275390625,66.22547737373561,65.02993760222964,65.50047112160023,14338600
2021-05-07,66.75364685058594,67.14736388875326,66.46556085552051,66.84967307349734,19196600
2021-05-10,65.06834411621094,66.46554099366047,65.0443357360747,66.43193512253293,20281000
2021-05-11,64.87149810791016,65.00593627088344,63.67115213398415,63.824792608954866,27046800
2021-05-12,63.046958923339844,64.26651430658599,62.878914914343696,63.91600807305965,29414600
2021-05-13,63.88239669799805,64.45856114238497,63.45507394139217,63.73835375531922,22610400
2021-05-14,65.28919982910156,65.51486540185164,64.47296623629398,64.59779954887397,16823000
2021-05-17,64.80908203125,64.92431788979763,64.21851382464646,64.90510825020759,16267200
2021-05-18,64.29052734375,65.13076952433248,64.2473166470679,64.99633136154571,11737200
2021-05-19,64.51616668701172,64.56418343687099,63.13817241671429,63.291820155202004,30581200
2021-05-20,65.75013732910156,65.97099683547218,64.76585238843329,64.77545720541902,16828200
2021-05-21,65.3900146484375,66.14863379099663,65.33240041589494,66.08621348819109,14148400
2021-05-24,66.55197143554688,66.78243577295183,65.89898304095853,65.9325962392932,13229000
2021-05-25,66.57117462158203,66.97449637526684,66.42233291574816,66.82084859741943,11245800
2021-05-26,66.56635284423828,66.85923740888502,66.35029214193452,66.6671850793543,13311400
2021-05-27,66.21586608886719,66.78242569245339,66.2014625278491,66.5087507067817,11354600
2021-05-28,66.4511489868164,66.83526115680702,66.41754310984476,66.55198127039192,9222600
2021-06-01,66.1246566772461,66.8208558461084,66.004622085155,66.74883802138578,12907400
2021-06-02,66.5807876586914,66.84966397678791,66.13426248606616,66.25909582623092,10098200
2021-06-03,65.96141052246094,66.30711072924127,65.55808873033055,66.04303316484935,12721200
2021-06-04,67.22897338867188,67.30578995617024,66.36472289892986,66.36472289892986,11182600
2021-06-07,67.21456909179688,67.29138565845801,66.88807120975073,67.17135107303349,11784000
2021-06-08,67.21935272216797,67.81952551433018,67.03209910406648,67.53624571474835,8902600
2021-06-09,67.26739501953125,67.66110471100254,67.22898306708733,67.54586885367077,9763400
2021-06-10,67.76192474365234,67.92996876307274,67.16655057797249,67.40661974256976,11275400
2021-06-11,68.16522979736328,68.16522979736328,67.78591646677617,67.84833678540333,12100600
2021-06-14,68.85664367675781,68.86144242285887,67.95398121932293,68.23246234611305,11426600
2021-06-15,68.4341049194336,68.80381342726568,68.30927161057461,68.80381342726568,15079600
2021-06-16,68.06438446044922,68.69337161836111,67.39699269603815,68.5637322608634,19202800
2021-06-17,68.85181427001953,69.13510137323289,67.86753683079468,67.86753683079468,15864200
2021-06-18,68.22286987304688,68.78943704768398,68.14124721657898,68.52056069077061,20816600
2021-06-21,68.95398712158203,68.99246213266728,67.80916103821062,68.25169706327033,12276000
2021-06-22,69.57933807373047,69.61782044278922,68.83376510997144,68.91072250832754,9253200
2021-06-23,69.50236511230469,69.74768190289099,69.34843567053775,69.58894491847876,8271000
2021-06-24,69.94009399414062,70.15174332977618,69.80060184461387,69.94971642024058,12279000
2021-06-25,69.85830688476562,70.0555262092449,69.74286715512625,70.00261388657385,14385800
2021-06-28,70.5894546508789,70.6712269032639,70.13248861001748,70.14691857574665,12557400
2021-06-29,71.10417175292969,71.1378392376751,70.4644161451546,70.62796070480083,9829200
2021-06-30,71.02719116210938,71.20035811006929,70.80591942980965,70.99351634511959,11013600
2021-07-01,71.14745330810547,71.14745330810547,70.66643477287079,70.93099643520193,11636600
2021-07-02,72.0854263305664,72.15757616328375,71.46972329218109,71.48896080098598,12780000
2021-07-06,72.35960388183594,72.70113022013473,71.66694346036218,72.23934926605963,11870600
2021-07-07,72.75404357910156,72.90315813042285,72.17200800097463,72.8213858713034,14883800
2021-07-08,72.06620788574219,72.268234810553,71.28695278745924,71.60923435844988,17086200
2021-07-09,72.72999572753906,72.79733802394449,71.87378338477293,71.97960804194716,9775800
2021-07-12,72.7876968383789,73.05225104669087,72.55199521559781,73.01858358044053,9619600
2021-07-13,73.08595275878906,73.61506870996057,72.60011937172662,72.66265412604395,15202800
2021-07-14,73.62466430664062,73.99985801630561,73.30238290678774,73.67276907547243,12886800
2021-07-15,73.01860809326172,73.59582881207113,72.62898429155936,73.53810894211809,12506200
2021-07-16,72.29708862304688,73.50925740892392,72.22493143759867,73.1629234701019,15080400
2021-07-19,71.30137634277344,71.6332803107299,70.88770010354314,71.43606094719628,24254000
2021-07-20,72.35960388183594,72.7588500869844,71.24364486410661,71.65732103596748,14715600
2021-07-21,73.05709075927734,73.07152072682608,72.19606355015169,72.33074814044626,12234000
2021-07-22,73.59581756591797,73.65353742705086,73.21100136559545,73.21100136559545,9577800
2021-07-23,74.32698059082031,74.36546295154784,73.65836517016915,73.9229194730612,12576200
2021-07-26,74.28849029541016,74.42317487369107,73.86038417021177,74.13937575086766,8993400
2021-07-27,73.5862045288086,74.22115244129569,72.65784239163031,74.1971000495028,18089800
2021-07-28,73.49481201171875,73.8844431548339,72.79252912511153,73.61025909187431,13941200
2021-07-29,73.83631896972656,74.08645057446302,73.40821291880184,73.41783534122649,12030600
2021-07-30,73.78822326660156,73.86518797594286,73.34568719752707,73.36493204474172,10148800
2021-08-02,73.5236587524414,74.22113390165691,73.42264166804799,74.1201168172635,12205200
2021-08-03,73.99507141113281,74.03355376913483,73.06189441392206,73.65835995331432,10824800
2021-08-04,74.14418029785156,74.32696964945971,73.7016442242686,73.93734589661813,11322800
2021-08-05,74.55305480957031,74.57709986110218,74.05760637596084,74.27887076041746,6674600
2021-08-06,74.49051666259766,74.5770964595858,74.2740598303683,74.29329733866822,7602800
2021-08-09,74.25003051757812,74.71181159764984,74.17788066433002,74.57711963865125,7198200
2021-08-10,73.71607208251953,74.45202967012682,73.50442280560478,74.38468738563198,10421400
2021-08-11,73.7257080078125,74.10570939567717,73.35051416266413,73.97102480202186,10831600
2021-08-12,74.14900207519531,74.19229932030241,73.34570202590791,73.64874604285687,6947800
2021-08-13,74.55305480957031,74.57229231874767,74.11532624325226,74.19709850183486,5630800
2021-08-16,74.88977813720703,74.89940056320037,73.74495165609514,74.37508477309018,9493800
2021-08-17,74.2692642211914,74.55307075551517,73.807490504574,74.43281611309759,19052600
2021-08-18,73.24468994140625,74.42799135553967,73.16291767618239,74.09608741213935,13481200
2021-08-19,73.9614028930664,74.23558696476698,72.73481157369837,72.8406288925148,19291000
2021-08-20,74.91381072998047,74.98115301461199,74.06240607875735,74.24038054390668,14769400
2021-08-23,75.88068389892578,75.98650857775654,75.10624366189779,75.1110512055678,10802400
2021-08-24,75.79408264160156,76.06345180617751,75.72673301069833,75.97686466627282,9537000
2021-08-25,75.75079345703125,76.17409209766902,75.62573128582464,75.97206520275373,9430400
2021-08-26,75.27458953857422,75.81332792295736,75.21205478332975,75.65939847612789,12056600
2021-08-27,76.00091552734375,76.05382785073164,75.21204555849839,75.34192259586122,14088800
2021-08-30,76.81866455078125,76.91005925390668,76.2270137618126,76.2270137618126,10026800
2021-08-31,76.41460418701172,76.89081517538162,76.27029715964869,76.86676278086107,21971000
2021-09-01,76.43382263183594,77.02548056245523,76.37129522939274,76.67914671908342,20289800
2021-09-02,76.35206604003906,76.81865458193741,76.04421448721789,76.7176448050992,21769600
2021-09-03,76.65511322021484,76.85714012200624,76.23662944791552,76.26067450260285,21204800
2021-09-07,76.67432403564453,76.83787585708704,76.31356026382106,76.74648119386386,19721800
2021-09-08,76.38093566894531,76.68878726083256,75.8373896746862,76.66474220408834,11466400
2021-09-09,76.09233093261719,76.69841170578712,76.02979616801038,76.43385001679033,11161000
2021-09-10,75.34193420410156,76.70321751576547,75.26496947826836,76.51562058389717,17080200
2021-09-13,75.365966796875,76.11154685811208,74.87051838335647,75.9143348729438,22637800
2021-09-14,75.26976013183594,75.84217322466927,75.0677332766757,75.68825114730086,18431600
2021-09-15,75.92875671386719,75.99128411428636,75.10140448590035,75.52469568317396,16339200
2021-09-16,75.9720687866211,76.04903351396048,75.19282110665087,75.65940233421499,16148600
2021-09-17,74.78874206542969,75.77963883863943,74.67810988369736,75.77483129674103,22663000
2021-09-20,73.42652130126953,74.06740202478551,72.44833686871078,73.6915409173728,35669400
2021-09-21,73.45543670654297,74.05776742297333,73.17113837302861,73.87465653232414,18455000
2021-09-22,74.4625244140625,74.75164606995165,73.5277060597126,73.85537775989825,27990600
2021-09-23,75.4599838256836,75.63827133826578,74.61672094862051,74.84801385043913,19534000
2021-09-24,75.51299285888672,75.63827498827811,74.96848359342462,75.0022102867469,11652400
2021-09-27,74.78057098388672,75.05041399260138,74.30352236676369,74.87694243661758,15015000
2021-09-28,72.5639877319336,73.99031017097236,72.50616633328008,73.82165462133929,38190600
2021-09-29,72.47242736816406,73.243413610394,72.34714522868633,72.86274384061991,25012000
2021-09-30,71.95201873779297,73.20967816526161,71.91346869114982,72.89646914620667,33415600
2021-10-01,73.03621673583984,73.19522557431245,71.47978887374981,72.21222508222336,45483800
2021-10-04,71.34487915039062,72.70374099739276,70.77628239069769,72.61700153670253,50773000
2021-10-05,72.36160278320312,72.77600661431698,71.4219683268025,71.48942907360383,32967000
2021-10-06,72.83383178710938,72.88683718753508,71.29186652836678,71.52798283074858,40004800
2021-10-07,73.49879455566406,74.0673985119424,73.36387307844596,73.46506786269407,19895600
2021-10-08,73.2241439819336,73.83610669767423,73.10367783829915,73.78310130036827,18426400
2021-10-11,72.81937408447266,73.79755860853919,72.76636868575955,72.8964741830863,14970600
2021-10-12,72.4435043334961,73.19521174768437,72.3230382132052,73.1036636725048,17853400
2021-10-13,72.88682556152344,73.04584173743623,72.28449490397614,72.75672743341502,19521600
2021-10-14,74.52998352050781,74.56371756577909,73.52288845058503,73.62889923191048,15197200
2021-10-15,75.12749481201172,75.1419501585774,74.56371423794414,74.79019113769803,12779200
2021-10-18,75.76355743408203,75.80210747851787,74.50107472765224,74.70827294474206,11630200
2021-10-19,76.51526641845703,76.51526641845703,75.81174831355558,75.96594114165165,13201400
2021-10-20,76.30325317382812,76.69837827491659,75.97076546339025,76.58755148899377,12025400
2021-10-21,76.59721374511719,76.63575644965795,75.9129594204373,76.07197564918644,10023200
2021-10-22,76.33216857910156,76.88630989557184,76.01413619709103,76.56827751356131,12490000
2021-10-25,76.58273315429688,76.85739949053519,76.28397947151404,76.62128320250594,10336800
2021-10-26,76.79955291748047,77.42115477848176,76.76100288190922,77.09830650232338,13189600
2021-10-27,76.73213195800781,77.32000743795398,76.65503184690999,76.92969088277297,17448000
2021-10-28,77.50310516357422,77.5609339188702,77.054974587887,77.19953544712088,12756800
2021-10-29,77.8355712890625,77.88376067962993,76.6501887488581,76.74173682666631,20131800
2021-11-01,77.71993255615234,77.87413274643714,77.32480743571962,77.83558269886595,24421200
2021-11-02,78.40419006347656,78.59693295690747,77.82594667784372,77.82594667784372,26814600
2021-11-03,78.86196899414062,79.02580120761294,78.08134327507847,78.53912056664954,25978600
2021-11-04,80.09552764892578,80.28827053161129,79.02097174024826,79.1607092272948,28691400
2021-11-05,80.50994110107422,80.96289501753998,80.00879778183402,80.68341265732343,24223600
2021-11-08,80.94361877441406,81.08336363510303,80.58222030063818,80.77014721289481,12781000
2021-11-09,80.61112976074219,81.15082313975262,80.20154924170599,81.06408368399335,16823000
2021-11-10,79.28118133544922,80.38947137599739,79.04024903762006,79.98952287928056,25788800
2021-11-11,79.6521987915039,79.88349167960531,79.52209332515446,79.84976498991078,10103800
2021-11-12,80.6207504272461,80.75567190256153,79.78231088102433,79.91723235633977,12244200
2021-11-15,80.53886413574219,81.05927888418842,80.08109414996233,80.94362871142091,12490200
2021-11-16,81.38693237304688,81.49776653092623,80.394292420125,80.44248182378304,13538800
2021-11-17,81.14116668701172,81.65194190466974,80.88577907818271,81.22790612448958,15417800
2021-11-18,81.95071411132812,82.06635690688162,81.02071163195478,81.6085870182521,19964000
2021-11-19,82.5482177734375,82.86143415350246,81.96998176373191,82.24464074345741,17714600
2021-11-22,81.62785339355469,83.96489944691842,81.57967134923287,82.8710648387046,28451600
2021-11-23,81.43993377685547,81.700144779558,80.40874382217838,81.31465162723556,29239800
2021-11-24,82.03262329101562,82.0518946377593,80.55811159802744,80.95324405663284,18241000
2021-11-26,79.98470306396484,81.48811817783168,79.66667068136383,80.86169276283054,24767800
2021-11-29,81.98443603515625,82.20609696817657,80.91951212120134,81.17490710274049,24979800
2021-11-30,81.30020141601562,82.42294689250859,80.60631516851176,81.67605524130175,54066800
2021-12-01,80.18707275390625,82.77949874935773,80.11478866771581,82.1578967830648,39084200
2021-12-02,80.92433166503906,81.29536941794053,79.27153247678297,79.4450040045202,46872400
2021-12-03,79.57030487060547,81.40620784601391,78.56802560618048,81.15563619174007,48470000
2021-12-06,80.32682800292969,80.56776030488969,78.97278964234174,79.80159734929777,37800400
2021-12-07,83.13128662109375,83.23247407418765,81.91698571527253,81.92662506645739,28691000
2021-12-08,83.51193237304688,83.56975375815347,82.58675344799884,83.16017335920091,23261600
2021-12-09,82.6108627319336,83.84925084856893,82.54340198650603,83.30474888642848,17201000
2021-12-10,84.26847839355469,84.37448918721746,83.23246515597208,83.4782207924948,24776600
2021-12-13,83.01560974121094,84.60576395197619,82.89514362452672,84.44193179792605,20974000
2021-12-14,81.6519546508789,82.53858374645286,80.66895410625044,82.01335309933603,27094800
2021-12-15,83.81553649902344,83.89745260534752,80.94362001489647,81.71942237793155,28270800
2021-12-16,81.43993377685547,84.26366064006214,80.95806917462,84.12873913964984,31275600
2021-12-17,80.89542388916016,81.68568146567252,80.1244376596834,80.54365746990148,44821600
2021-12-20,79.9332504272461,80.18428872047912,79.34908804638204,79.65806448669757,32649600
2021-12-21,81.9560775756836,82.02366594284811,80.03945564738586,80.78776016236566,16810800
2021-12-22,83.02784729003906,83.08578544225061,81.62779928235794,81.84504709505603,13376200
2021-12-23,83.4913101196289,83.82442684800567,83.12922800036365,83.13888558618635,9792600
2021-12-27,85.28240203857422,85.30171720942559,83.8051082313524,83.82442340220378,13266600
2021-12-28,84.83824157714844,85.47067708641553,84.62581891553046,85.4417116992092,11422200
2021-12-29,84.91065979003906,85.25342668350225,84.47133178676465,84.86720434399265,9687800
2021-12-30,84.35063934326172,85.22928799966104,84.2492531226956,84.94445187349599,10526400
2021-12-31,83.94029235839844,84.47134910492271,83.90166937987122,84.26858399258978,10243000
2022-01-03,84.73687744140625,84.81411603184723,83.68442153509129,84.0513361476506,20302800
2022-01-04,83.83891296386719,84.96860745408436,83.2064773484015,84.88171127787376,16648000
2022-01-05,81.26090240478516,83.41408036692235,81.23192964168999,83.35131709675434,23628400
2022-01-06,80.85053253173828,81.68573331295063,80.36775632141756,80.61396953671219,23767200
2022-01-07,80.1070327758789,81.18362875645856,79.58080860774069,80.79740641259824,30488600
2022-01-10,80.12152862548828,80.22290748604809,77.86695764817601,78.91458831782087,32501400
2022-01-11,81.0822525024414,81.19812142981446,79.3201225106301,79.9139351094358,19207600
2022-01-12,81.46366119384766,82.24575630506061,81.05812357453314,81.68573412752471,18144000
2022-01-13,79.35393524169922,82.12024864591348,79.15117008692533,81.88368561538654,20942600
2022-01-14,80.02496337890625,80.07324393535363,78.81319802449488,78.81319802449488,22351400
2022-01-18,78.1035385131836,79.32979427229483,77.88629068129434,78.86150073619228,24694200
2022-01-19,77.01244354248047,79.31528017597394,76.93519760049979,78.34972800095089,24961400
2022-01-20,76.01792907714844,78.57181144281215,75.91654285334691,77.69798786747711,37609000
2022-01-21,74.50685119628906,76.70830947091224,74.48753602316843,75.83448573499719,48016600
2022-01-24,74.89308166503906,74.94618734695074,70.60120111753284,73.26612070097089,67413400
2022-01-25,73.15990447998047,74.55030233839004,72.31987857934172,73.42543287191013,48886200
2022-01-26,73.58956909179688,76.02759025789092,72.71574539046384,75.14894144675876,53596200
2022-01-27,73.08265686035156,75.17790360963512,72.81712850120743,74.78202362571488,39446800
2022-01-28,76.27865600585938,76.29796381671677,72.88956429029791,73.99029367371415,44236000
2022-01-31,78.19525909423828,78.29663796757073,75.92621250326405,76.29794486092297,29121000
2022-02-01,78.39801788330078,78.52836950507873,77.26349099604329,78.30146412762723,23389800
2022-02-02,79.03528594970703,79.16563020493714,78.03593579346665,78.56699249966869,25504800
2022-02-03,76.74210357666016,78.44630287525425,76.45726003645242,77.91524613918536,27865400
2022-02-04,77.05107116699219,77.72695478369711,76.00827298700837,76.33173210118707,29721400
2022-02-07,76.53932189941406,77.56763737990406,76.24482817510645,77.10900154475715,14622600
2022-02-08,77.48558044433594,77.69317067529994,76.11932290827484,76.29794774576295,21139800
2022-02-09,79.2042465209961,79.22838679953544,78.16144836735805,78.48491483994346,17795600
2022-02-10,77.13314819335938,78.94838388057518,76.7276106253667,77.63040704269258,31692200
2022-02-11,74.77720642089844,77.5483445015414,74.49237022669693,77.2103952633169,34878800
2022-02-14,74.7530517578125,75.35652190058723,73.8840532789011,74.57925206203022,41030400
2022-02-15,76.71796417236328,76.77106984657769,75.61240260005799,75.87793097112998,24437400
2022-02-16,76.64071655273438,76.90624491804404,75.36618776582768,76.19656336284352,20318200
2022-02-17,74.3475112915039,76.00342959794821,74.20750947906741,75.9261910289718,24906400
2022-02-18,73.59439086914062,74.70960249673985,73.02954370840513,74.60339116396099,25310800
2022-02-22,72.91366577148438,74.08198292095304,72.1170882407578,72.82193714392406,26893600
2022-02-23,71.08879089355469,73.86957897535083,71.01154493852653,73.6716463446383,37879400
2022-02-24,73.51714324951172,73.57024891469149,68.41902885856797,68.64593421282893,50967800
2022-02-25,74.51651000976562,74.54064292669356,72.7254070522136,73.62819619609391,28301600
2022-02-28,74.38133239746094,74.69513397967924,73.10679616221324,73.72475647320312,34822200
2022-03-01,72.8943862915039,74.48271686154735,72.32470650423149,74.10132687762774,29925000
2022-03-02,74.4730453491211,74.78202178673264,72.86057479554148,73.43025447629424,25592400
2022-03-03,73.58474731445312,75.10549676015307,73.20818246883147,75.10066428355523,23450600
2022-03-04,72.29573059082031,73.31438859197185,71.72122577675471,73.0102372512125,26731200
2022-03-07,69.6501235961914,72.56608856770988,69.61150061666784,72.23297181507668,32864200
2022-03-08,69.31219482421875,71.46537293161151,68.28870408999306,69.46185429402541,36898400
2022-03-09,72.05435180664062,72.38263610470884,70.6253309348751,71.195010712779,35327400
2022-03-10,70.79430389404297,70.99224391023128,69.722540107097,70.77982119691508,27448400
2022-03-11,69.54875183105469,71.60055108338884,69.44254045690144,71.42192621166822,21457800
2022-03-14,68.25971984863281,70.01702474755898,68.0617798582989,69.23009726235503,27852400
2022-03-15,70.55290985107422,70.69291170039266,68.57352458887145,68.8004299802267,22993800
2022-03-16,72.84607696533203,72.87504234931195,70.31150273499884,71.44602938473149,27176000
2022-03-17,73.36266326904297,73.4109364616434,72.06399431285253,72.45504179583766,18518800
2022-03-18,74.86409759521484,74.99927432153044,72.74470332448459,73.10196031064956,27897800
2022-03-21,74.72191619873047,75.11852035575066,73.74007016807019,74.4607311912509,22341400
2022-03-22,75.79564666748047,76.18741672760683,74.67353290397637,74.77510647298999,17485800
2022-03-23,74.62999725341797,75.78112243547291,74.5574426025779,75.08948052131063,12360600
2022-03-24,76.56952667236328,76.5888775370892,74.79446491367318,75.04597449376274,14263400
2022-03-25,76.52599334716797,76.79684639427165,75.56833225056795,76.6904387857392,14874600
2022-03-28,77.43529510498047,77.46914804710997,75.97944884898881,76.17292059041563,18593000
2022-03-29,79.07974243164062,79.15228970197887,77.77867392884619,78.33973075342949,18829800
2022-03-30,78.02536010742188,78.89595699162041,77.61423917195712,78.67347374528214,18680200
2022-03-31,76.869384765625,78.16078537573259,76.75330911901122,78.0156834372742,19424000
2022-04-01,76.64208221435547,77.12575051529622,75.78598725523642,76.94678822541718,28209600
2022-04-04,78.09791564941406,78.13660999639042,76.81135628817022,76.84037520335447,23048200
2022-04-05,76.45343017578125,77.93828760058742,76.18741120971778,77.75933274168585,23588200
2022-04-06,74.64452362060547,75.35551655483229,73.98190046456504,75.18139568562997,34225400
2022-04-07,74.76060485839844,75.26361659053143,73.74006455687284,74.24791031463117,23200200
2022-04-08,73.71586608886719,74.60097970791466,73.5562547103317,74.42685887498418,26354600
2022-04-11,71.85859680175781,72.88397114945658,71.76185724577782,72.79207299939075,21595400
2022-04-12,71.53936767578125,73.29991968868332,71.26851465536421,72.7485382170654,22172200
2022-04-13,72.69049835205078,72.91298899527433,71.31688228749861,71.58290130215988,14446800
2022-04-14,70.92510986328125,72.89847715265925,70.89125692444587,72.7678846624277,17407000
2022-04-18,71.15728759765625,71.61677844921017,70.55754354753292,70.57688703487507,14060600
2022-04-19,72.49217987060547,72.61793092438784,70.71711876358194,70.97829629995756,13562200
2022-04-20,72.42446899414062,73.3869638568426,72.21165383449093,73.19349955544654,15652600
2022-04-21,71.19596099853516,73.81744188337542,70.97831177407372,73.13063389186595,18509200
2022-04-22,69.20323944091797,71.53451607453944,69.10650728744065,71.11856117241575,22094800
2022-04-25,70.24314880371094,70.29151858830906,68.46808693581549,68.89855145004417,28707600
2022-04-26,67.62650299072266,69.71111211329536,67.59264266836068,69.60470450043246,25953200
2022-04-27,68.62769317626953,69.94810553773259,68.23108901730589,68.38102500594552,40048600
2022-04-28,71.37491607666016,71.78119557212648,69.33383578919135,69.70625496994016,27762400
2022-04-29,68.40036010742188,71.4184525153628,68.26976761904687,70.59621800152571,29589800
2022-05-02,69.44025421142578,69.53214497958642,67.54910958223219,68.32297435430026,37004400
2022-05-03,69.56114959716797,69.9867725061048,68.91787013935276,69.43055714387884,27469800
2022-05-04,72.00367736816406,72.13426983917878,68.6760454112036,69.83201203044673,28650400
2022-05-05,68.54063415527344,71.03152280700819,67.72323359377442,70.944458680243,36442200
2022-05-06,67.9892349243164,69.0774882543947,66.9686948395687,67.91668027419705,34862200
2022-05-09,65.35808563232422,67.19118484634274,65.05820633252587,66.76072044747141,41124600
2022-05-10,66.35442352294922,67.29274075701738,65.3677365299375,66.91548025386263,36370400
2022-05-11,64.26016235351562,67.00256037554433,64.06185660482039,65.75469543670417,34781800
2022-05-12,63.597530364990234,64.5213309612512,62.11749956461978,63.307326510755104,36506600
2022-05-13,65.71117401123047,66.03523087910168,64.04735391693643,64.46330894050993,24495400
2022-05-16,65.1307601928711,66.00619843535218,64.57453734663041,65.16461312844908,17423400
2022-05-17,67.01707458496094,67.11864816936165,65.77888498951839,66.53340631297918,18602200
2022-05-18,63.95061111450195,66.32542378934234,63.70877701026626,66.13195207783909,23670200
2022-05-19,63.249305725097656,64.33755940126153,62.949426360246,63.47178901042776,20874800
2022-05-20,63.389556884765625,64.30368954197652,61.445212228660324,64.12956868440342,20252600
2022-05-23,64.84539031982422,64.92761301704729,63.389544511996206,63.58785021834069,17219600
2022-05-24,63.88290023803711,64.26499488966572,62.76562781571756,63.94093806355248,17122000
2022-05-25,64.62775421142578,65.10658847290031,63.413749466720056,63.46211924754501,13656600
2022-05-26,66.18033599853516,66.46569853129107,64.1150702404044,64.25049677731205,15556600
2022-05-27,68.41970825195312,68.43421770784165,66.79458277071629,66.92033384848068,16281800
2022-05-31,67.93121337890625,68.59867801539758,67.26859014888923,68.1537040511343,19420800
2022-06-01,67.72808074951172,69.12588203305417,67.22506889579336,68.661564534267,13304800
2022-06-02,69.36768341064453,69.37251743515222,66.93483326887298,67.24921460624454,13868400
2022-06-03,67.70872497558594,68.52128414111169,67.3943361663922,68.05212532047162,11263800
2022-06-06,67.71354675292969,68.98559645716367,67.37981452024542,68.55996608734131,12589600
2022-06-07,68.52125549316406,68.65184794023588,66.85743612963438,66.99286260060175,11016600
2022-06-08,67.74739837646484,68.64701401148812,67.55876072115872,68.31812322623531,8814200
2022-06-09,65.93848419189453,67.91185126169984,65.92397473683786,67.2540622384314,9765200
2022-06-10,63.4040641784668,65.00500478033167,63.38472069725915,64.80186501679084,20886400
2022-06-13,60.59394836425781,61.99174909458503,60.371461446603504,61.40651104573656,36332600
2022-06-14,60.976051330566406,61.382334547438354,60.410160408229814,61.04860230037521,18250400
2022-06-15,62.262611389160156,63.18158548686013,60.898670769896995,61.73541477101273,25069600
2022-06-16,59.728187561035156,60.73421834605131,59.2348475993979,60.68101454654882,32690800
2022-06-17,60.27473831176758,60.845466991230936,59.29772638568997,59.71851908930905,27684200
2022-06-21,61.808555603027344,62.244988952742254,61.153907428297515,61.153907428297515,17245000
2022-06-22,61.54670333862305,62.40016899693206,60.96479459889549,61.1345176730089,15163400
2022-06-23,62.46806716918945,62.58929846793478,61.50790995557917,62.07527154578274,16042200
2022-06-24,64.71326446533203,64.7278116289339,63.18575309216628,63.18575309216628,25492200
2022-06-27,64.27682495117188,65.11574332148592,63.98586692478654,64.92177623680902,13917200
2022-06-28,62.35166549682617,64.97511186385661,62.322571176941345,64.33500722891354,15260800
2022-06-29,62.47773742675781,62.851131761744675,61.769747345760244,62.27406980750186,13607200
2022-06-30,61.64368438720703,62.41956386193734,60.668983831619336,61.64853097477538,15720400
2022-07-01,61.78430938720703,61.939485272777716,60.727172510605236,61.25573909906366,13930600
2022-07-05,62.56017303466797,62.57472019305531,60.59622895900773,60.945375559040905,14341000
2022-07-06,63.098445892333984,63.602772094008195,62.38560546836482,62.69595720809928,16167000
2022-07-07,64.40290832519531,64.54838735083202,63.374869369605,63.374869369605,13082200
2022-07-08,64.4320068359375,64.64052851274877,63.51549853407189,63.7143196353784,12627000
2022-07-11,63.54458999633789,64.14589986121452,63.10816031012424,63.86949636644473,11416600
2022-07-12,62.67657470703125,64.13619672308893,62.30803426227584,63.77735685301328,16553400
2022-07-13,62.51169204711914,62.91418073990851,61.226639882010645,61.49819673512894,15162600
2022-07-14,63.08390426635742,63.30697306731354,61.212096790500176,62.01222024300255,13728800
2022-07-15,64.19438171386719,64.22347603352428,63.423345246108425,63.69005550858038,13529200
2022-07-18,63.57368087768555,65.0575504369511,63.331218337952755,64.8247810712616,9897600
2022-07-19,65.51338195800781,65.58127117394832,63.89372655022203,64.28166809818335,12330600
2022-07-20,66.53658294677734,66.81298643402121,65.34851041228868,65.52308376189501,12537200
2022-07-21,67.47248077392578,67.48702793554881,65.92556846013593,66.61901522810419,12957600
2022-07-22,66.54141998291016,67.71978437407851,66.15832502656204,67.44338092651056,10583600
2022-07-25,66.1195297241211,66.58505360169798,65.62005754329974,66.51231780812928,13951200
2022-07-26,65.04784393310547,66.08558321257601,64.80538141547807,66.0661894668881,10167800
2022-07-27,67.84588623046875,68.1998795531975,66.02256275032555,66.11955370942609,17076200
2022-07-28,68.8787612915039,69.0339408827335,67.31730920113462,67.92346560555615,12408000
2022-07-29,69.93592071533203,70.15413559973109,68.80119739695922,69.09214810970057,10177400
2022-08-01,69.78556823730469,70.48386151837907,69.13577042272631,69.30548975672372,12515800
2022-08-02,69.29095458984375,70.09107812993176,68.69449872542596,69.18427046458261,15921800
2022-08-03,71.13368225097656,71.33250336854982,69.61586393294276,69.63041109770454,14243200
2022-08-04,71.45855712890625,71.49249803543015,70.65357975355529,71.10941049379907,11679800
2022-08-05,71.29368591308594,71.49249956840428,70.25594655853492,70.31413519917743,7921000
2022-08-08,70.68753051757812,71.7834585273827,70.30443556325588,71.23064423580065,11102200
2022-08-09,69.97954559326172,70.2559564740634,69.60130457696393,70.11532404017014,8565600
2022-08-10,71.89014434814453,71.94833299094846,71.07061976493095,71.64283521685822,19273200
2022-08-11,71.60889434814453,72.7630185461174,71.47796248886407,72.34112864385153,11025800
2022-08-12,73.03457641601562,73.03942300369434,71.85620446548327,72.07927328800278,8093600
2022-08-15,73.4952621459961,73.60194628197178,72.6611902098433,72.7436266059388,7162600
2022-08-16,73.29643249511719,73.64073260279491,72.61269366616531,73.16065404685934,10990600
2022-08-17,72.77271270751953,73.33037360816475,72.24899271592162,72.62723369884738,12632800
2022-08-18,73.15093994140625,73.44189050469538,72.56417742981537,72.84543482055273,9976800
2022-08-19,71.82225799560547,72.6369286248233,71.66223182214412,72.54964565713708,10146200
2022-08-22,69.81953430175781,70.86697460078348,69.64496091858688,70.84272685879853,10744200
2022-08-23,69.63524627685547,70.37232709027032,69.54310932533619,69.6837343465074,14777200
2022-08-24,69.67889404296875,69.97469867218898,69.29579904151173,69.5867570831406,8983200
2022-08-25,70.85725402832031,70.86210801497072,69.76617254124622,69.85830949516499,7126600
2022-08-26,67.83134460449219,70.9979058141267,67.78284912098256,70.82817902121491,14321800
2022-08-29,66.93421173095703,67.58886358323505,66.67720201695037,67.09908449100472,13231600
2022-08-30,66.23591613769531,67.42883511248465,65.63461376286803,67.31245042733921,13268800
2022-08-31,65.59098052978516,66.84694243359219,65.55703961312626,66.63357415960579,14171400
2022-09-01,65.27091979980469,65.35335617683434,63.90342750004664,64.95086746589924,15988600
2022-09-02,64.42230987548828,66.31836161019423,64.0828563471019,65.94497456796226,16606600
2022-09-06,63.99556350708008,64.78599375660646,63.573681054569434,64.50958290884465,14990000
2022-09-07,65.01874542236328,65.28060166879364,63.90341643332188,64.1216312052419,11657000
2022-09-08,65.2418441772461,65.58129779410613,64.24775326875555,64.5387039982994,11210600
2022-09-09,66.53173065185547,66.71115799311227,65.65886388162335,65.78494915916123,11418600
2022-09-12,67.59854888916016,67.62765060757803,66.93420393964833,66.94390451245428,10181000
2022-09-13,64.01011657714844,66.03710005039378,63.83554323596323,65.66855961872287,20148800
2022-09-14,64.24288940429688,64.7132674474229,63.627039718448536,64.31077863735777,13229200
2022-09-15,62.76385498046875,64.11680021431725,62.385613977308346,63.72885863689449,14885200
2022-09-16,62.41470718383789,62.54563162134992,61.52728974417051,62.215886135123725,20762200
2022-09-19,62.92367935180664,62.98201166125717,61.75212268608504,61.791013364931565,15683000
2022-09-20,62.55423355102539,62.94799896788825,62.009778778533466,62.33547993119488,12109400
2022-09-21,61.577117919921875,63.80355919963331,61.56739710468621,62.87992969065592,16808800
2022-09-22,60.95003128051758,61.62088263334289,60.604884787012075,61.23198319086967,16033800
2022-09-23,60.15279006958008,60.48821574213507,59.360411822517314,60.39585129112545,19396200
2022-09-26,59.73471450805664,60.974328014698294,59.564572423118584,59.96805487369975,17193600
2022-09-27,59.812503814697266,61.09586672423231,59.25832454507167,60.52710437521969,18714800
2022-09-28,60.4444694519043,60.73614591694417,58.95693579901035,59.41389213267385,18933400
2022-09-29,58.869422912597656,59.7152748647028,58.17426772026686,59.5791611837686,31096600
2022-09-30,57.741615295410156,59.50137963376356,57.63466777915395,58.63122013464739,19513000
2022-10-03,59.530548095703125,59.885419076226185,57.97495791394892,58.198573770774864,17332200
2022-10-04,61.52851104736328,61.59656788558227,60.69237993916483,60.736132883059625,17779000
2022-10-05,61.7326774597168,62.17991284963239,60.34236721337103,60.69723816806177,14600400
2022-10-06,61.227108001708984,62.24796789547331,61.154192616856534,61.572258131166706,14348200
2022-10-07,58.7089958190918,59.982637738199394,58.39301925196545,59.9777754761272,15749000
2022-10-10,57.722164154052734,58.791635500310534,57.1436811060724,58.708991885897035,16706200
2022-10-11,56.837432861328125,57.790232366259765,56.414508726558836,57.391612127371836,21044800
2022-10-12,56.66242599487305,57.27007899742211,56.56520299799303,56.881183301082466,14111600
2022-10-13,58.42219161987305,58.72844740424413,54.91724947456978,55.1311445226624,38114600
2022-10-14,56.77909851074219,59.02498165307134,56.68673406676947,58.8985924978472,22484000
2022-10-17,58.50968551635742,58.80135818047421,58.01383864942165,58.16940135969102,14599600
2022-10-18,59.00552749633789,60.240278668303766,58.26176091960382,60.026387363592335,13998000
2022-10-19,58.83539581298828,59.418744941425444,58.24232586804604,58.49024934035233,10984000
2022-10-20,58.869422912597656,60.14792722027172,58.577750209335846,58.85483983375752,12429600
2022-10-21,60.4444694519043,60.570862339500216,58.52428707370695,58.72359907756284,17126000
2022-10-24,61.280582427978516,61.50419826455442,59.9631913008005,60.7020993518349,13385200
2022-10-25,62.4521484375,62.4958976754495,61.43129208832765,61.43129208832765,10265000
2022-10-26,61.06184387207031,62.35006545301769,60.779891948805556,60.87711866828657,15169400
2022-10-27,60.366676330566406,61.664622174275735,60.22570039756443,61.29030957954727,11694800
2022-10-28,62.99173355102539,63.12298865943844,60.70209778036459,60.70209778036459,14935400
2022-10-31,62.16046142578125,62.534773974473126,61.791007429864074,62.364628198067,13292200
2022-11-01,61.64031982421875,63.04521321840118,61.372951029276294,62.93340714693031,9413200
2022-11-02,59.51110076904297,62.388944363669204,59.49165542881746,61.59656622078154,18092400
2022-11-03,57.76105880737305,58.78677728617404,57.71730957509986,58.679829773302764,16010600
2022-11-04,58.81594467163086,59.12220413922817,57.46938733486126,58.961782866564754,17896200
2022-11-07,59.79792022705078,59.89514322801777,58.49997054034101,58.91803612037461,10427600
2022-11-08,60.371551513671875,61.10073522806332,59.48194649199747,60.29377013723644,12722000
2022-11-09,58.801368713378906,59.83680815455523,58.71386652758797,59.81250425833652,11962600
2022-11-10,63.6334228515625,63.70147969476987,61.3924018708285,61.703519928010735,27932200
2022-11-11,64.72232818603516,64.93622320290389,63.26396116299008,63.57507916453416,15977800
2022-11-14,64.16815948486328,64.97025851136829,63.86189998640453,64.2119087224604,14526600
2022-11-15,64.94596862792969,65.89390601445173,64.29455884392421,65.6265371573197,12716200
2022-11-16,64.05634307861328,64.6348298523823,63.78897430700093,64.44524243571868,10095800
2022-11-17,64.13898468017578,64.43551961331413,63.011177256554994,63.035484857823086,8149600
2022-11-18,64.2119140625,64.8827654320035,63.67231783434285,64.86331637969437,11912400
2022-11-21,63.521610260009766,64.10982160130703,63.39522111204619,63.84731136323959,8363800
2022-11-22,64.75149536132812,64.78552748620251,63.341743517196676,63.79869971178282,9019200
2022-11-23,65.32512664794922,65.51957262947032,64.56677693532272,64.61052616851916,9480600
2022-11-25,64.94596862792969,65.14527321448206,64.75638115062527,64.88277032961467,3263000
2022-11-28,63.555641174316406,64.62510890226739,63.29799691223491,64.21190192168604,13030200
2022-11-29,62.933406829833984,63.66259040274538,62.67575514317752,63.47300297049397,11570200
2022-11-30,66.09320831298828,66.10292542080931,62.84104809572076,62.90423896711568,23334400
2022-12-01,66.1855697631836,66.50155381181872,65.3688875933034,66.1564036024936,15165800
2022-12-02,65.80152130126953,66.02027487427299,64.82441805244696,65.07719633262775,8934400
2022-12-05,64.70775604248047,65.66055925561996,64.27996593646199,65.29596743825589,11526200
2022-12-06,63.32229232788086,64.7369100949469,62.91395134902823,64.63968711202553,11799200
2022-12-07,63.001461029052734,63.487583390642214,62.549363375602454,63.09381804693833,10413800
2022-12-08,64.03205108642578,64.21677999504894,62.972300265429894,63.35148260882481,8965800
2022-12-09,63.63829040527344,64.53275391470511,63.400087739305754,63.74523793549241,10402800
2022-12-12,65.0285873413086,65.0285873413086,63.72091706305226,63.74035869284437,14806200
2022-12-13,65.79666900634766,67.73143405786371,65.13067628245778,67.39600841912338,18607600
2022-12-14,65.24249267578125,66.5015479522286,64.47927692265455,65.733473645295,19541000
2022-12-15,62.80215835571289,64.41122242339188,62.56395569300441,64.1730197606834,19223800
2022-12-16,61.97087860107422,62.95770266601892,61.65489833287505,62.588252351613576,23999200
2022-12-19,61.144535064697266,62.07569666250108,60.73989404409763,61.97819078553611,14276600
2022-12-20,61.2371711730957,61.54918257333566,60.53027115806094,60.82278138085225,12622000
2022-12-21,62.25120544433594,62.5437119258589,61.36879489802495,61.519928082121524,14670600
2022-12-22,60.681400299072266,61.53943350473162,59.65273644101541,61.47117752430336,15323600
2022-12-23,60.74477005004883,60.803273576018086,59.80385972765603,60.247503097451236,8231600
2022-12-27,60.16950225830078,60.642395561700106,59.81361601435037,60.535140950273146,9530200
2022-12-28,59.1993408203125,60.583890855004874,59.13108856336113,60.02324784711421,10362600
2022-12-29,60.74964904785156,60.95440581889076,59.774612553986,59.779488777906664,10954200
2022-12-30,60.666770935058594,60.7008970630569,59.74536175963535,60.120749167616715,8905800
2023-01-03,60.091495513916016,61.7198045474744,59.6624771093138,61.31516354112232,15196200
2023-01-04,60.24750900268555,60.63264888426146,59.58448385458894,60.40351470109243,11813000
2023-01-05,59.077457427978516,60.101244935333476,58.9750790491899,59.945239255350515,11341000
2023-01-06,60.80815124511719,61.081160267192004,58.89707693218657,59.5991043826292,13825400
2023-01-09,61.51506042480469,62.63635030466886,61.334677311329585,61.35417849004064,21427200
2023-01-10,61.89531326293945,61.9928191394054,61.037280147383534,61.36392018420835,17209000
2023-01-11,62.96786117553711,62.96786117553711,61.90019498016203,62.090326806808385,13758000
2023-01-12,63.43587112426758,63.72351253998611,62.295080225927926,63.06535993920815,15358600
2023-01-13,63.61627197265625,63.70889421016031,62.68998264715888,62.83623963949421,10153200
2023-01-17,63.90388870239258,64.27927981194667,63.450492892864574,63.5284975928385,10425800
2023-01-18,63.07998275756836,64.60591718040068,63.04098040694382,64.26465591110816,13936000
2023-01-19,62.34382247924805,62.93859896350831,62.114692062824425,62.58758528464965,14645000
2023-01-20,64.0306625366211,64.07941735042007,62.43160283802494,62.655864566983986,14127800
2023-01-23,65.48833465576172,65.86372583266879,64.14278681501159,64.28903635503087,23472600
2023-01-24,65.4590835571289,65.70771520957831,65.02031262823493,65.11782223839282,12575600
2023-01-25,65.32257080078125,65.488325214867,63.752761493409345,64.35240683785952,14342200
2023-01-26,66.36585235595703,66.39510225658532,65.27868145635838,65.96121137307917,11161800
2023-01-27,66.64373779296875,67.11175854751696,65.91734042127482,65.94659032363329,13549400
2023-01-30,65.37133026123047,66.16598750958512,65.31770294804814,65.87835348385232,9705600
2023-01-31,66.2829818725586,66.31223177615,65.32744286792496,65.37131772331206,8871600
2023-02-01,67.84303283691406,68.38417832322725,65.91733748183216,66.2342213285016,18852800
2023-02-02,69.69561004638672,70.08561868266368,68.68644373072846,69.00332760743795,18824000
2023-02-03,69.1154556274414,70.24649395587412,68.39392335283486,68.4963054454943,16145400
2023-02-06,68.27204895019531,68.88632667456444,68.0136648860818,68.3500536515339,12977400
2023-02-07,69.97836303710938,70.2416270455196,68.34518143986656,68.3744313432593,15708200
2023-02-08,69.13497161865234,70.49027195019043,68.99359457929299,70.11488820064285,12577000
2023-02-09,68.75468444824219,70.3196209908147,68.48167547308681,70.20261395620382,12624000
2023-02-10,68.43781280517578,68.67181947710905,67.78941265431209,68.24280104611641,9861600
2023-02-13,69.62247467041016,69.77360412591084,68.66206319758729,68.70593805132538,8411800
2023-02-14,69.91986846923828,70.31475707250381,68.86195472995337,69.29584568697749,12622000
2023-02-15,70.24650573730469,70.25138568092518,69.32997644820436,69.49573087465524,10491000
2023-02-16,69.02770233154297,70.01249120953071,68.97407503029271,69.22758658519737,13001200
2023-02-17,68.16481018066406,68.61332611019981,67.57003727783786,68.53532139925306,10606600
2023-02-21,66.54624938964844,67.65779054258019,66.48774957284331,67.2531494521536,12277800
2023-02-22,66.4487533569336,66.98501908473673,66.13186196242562,66.68276008472151,14338400
2023-02-23,67.55052185058594,67.80403340217511,66.59986283079844,67.68702635399453,13120000
2023-02-24,66.34636688232422,66.63400090794158,65.96123067976157,66.35124682648201,14347400
2023-02-27,66.7022476196289,67.35552026072425,66.58036806245718,67.014258988431,9389000
2023-02-28,66.55599975585938,67.19952003739365,66.37074042318885,66.48774749207637,10485800
2023-03-01,66.0684814453125,66.69250426802417,65.86372465401075,66.58524964797009,15069400
2023-03-02,66.88263702392578,67.09226632303967,65.7759683957755,65.88809552230295,10969400
2023-03-03,68.32079315185547,68.32566565533176,67.24825471108058,67.31163445095532,14439600
2023-03-06,68.64745330810547,69.57861508274014,68.59382599545795,68.75958043857241,15999200
2023-03-07,67.79428100585938,68.8570745705507,67.62365409593963,68.59381057168162,14120000
2023-03-08,68.35494232177734,68.4378195379291,67.63340990068197,68.0331784668785,13247000
2023-03-09,67.3750228881836,69.23246629182069,67.24339087343199,68.4621865386992,15624600
2023-03-10,66.19035339355469,67.44815134287806,65.92708937868296,67.2775169836487,30556800
2023-03-13,66.55110931396484,67.47251844915839,65.366443613975,65.77595713207486,34439400
2023-03-14,68.08680725097656,68.32568645595974,67.13126811422727,67.40915711464304,21202200
2023-03-15,68.12580108642578,68.20867829400676,67.01426010166983,67.34089642764357,23060000
2023-03-16,70.03687286376953,70.13437502498432,67.66265395208319,67.88691561792146,26086800
2023-03-17,69.93936920166016,70.7778937212631,69.52984823104543,70.17337587134149,23078600
2023-03-20,70.12797546386719,70.21592636002973,69.29248295480964,69.8152752487493,11981600
2023-03-21,70.69474792480469,70.82177982619707,69.77618776829593,70.50907960669471,13066400
2023-03-22,69.99116516113281,72.10189707126683,69.95207670479395,70.69474246451082,14224400
2023-03-23,71.12958526611328,72.09211698777767,70.46021321448194,70.88528802620577,17595800
2023-03-24,71.31525421142578,71.34945194854076,70.4357826485812,70.90482917852486,11872600
2023-03-27,70.76315307617188,71.66704856522676,70.59703271023031,71.42275127812627,10810600
2023-03-28,70.4308853149414,70.66541601323797,69.79571850929342,70.64098480024548,9968000
2023-03-29,71.90644073486328,72.06767778998568,71.21263754501976,71.31524565477375,14256600
2023-03-30,72.741943359375,72.84454401782654,72.25334891436115,72.57093232147632,11202400
2023-03-31,73.78266143798828,73.85106437781812,72.5611750443402,72.65400920311527,15069800
2023-04-03,73.66539001464844,73.76799067790847,72.98135328635516,73.33314189968087,21142200
2023-04-04,73.2598648071289,74.02695434020124,72.98625306398563,73.77289055320297,15824800
2023-04-05,72.42436218261719,72.98135962620897,71.90156993332342,72.91295669297351,15737600
2023-04-06,72.83477783203125,72.9276045145091,71.58396978453654,71.8966699325703,15696000
2023-04-10,72.79569244384766,72.81034968145335,71.71589538961575,72.11165571568918,9517200
2023-04-11,72.11164855957031,72.67841987527886,71.98949995473791,72.66864589939169,12791600
2023-04-12,71.70122528076172,72.7956793761314,71.58395994560685,72.60023715087328,13235800
2023-04-13,73.03510284423828,73.14748494566942,71.86247904128625,71.97974440372558,13641800
2023-04-14,72.62957000732422,73.22565589838577,71.99440311667611,72.62468674621601,13003600
2023-04-17,72.89341735839844,73.05465444403728,72.32664592803656,72.72240629489524,8306000
2023-04-18,73.11814880371094,73.64583164909722,72.80056542661087,73.45039687170625,9212800
2023-04-19,72.9080581665039,73.04486400433079,72.36083481519638,72.45855220573573,8623200
2023-04-20,72.42925262451172,73.14748714844093,72.10677845961277,72.23870106440971,11416200
2023-04-21,72.1947250366211,72.3266476471632,71.7256784630327,72.1116648612015,12237600
2023-04-24,71.87712860107422,72.2582316690886,71.33967173317725,71.90644307471231,9079800
2023-04-25,70.34295654296875,71.662160310323,70.31852532488865,71.52535443550767,11022600
2023-04-26,71.38853454589844,72.1263094727691,71.21752350827114,71.57908608093706,13603400
2023-04-27,72.9031753540039,72.95692103743441,71.54976674787862,71.7256610340731,12084800
2023-04-28,73.6947021484375,73.70935938558038,72.82500461961432,72.90318152128283,11792000
2023-05-01,73.73866271972656,74.0953345285851,73.51879674044004,73.63606207522685,8194400
2023-05-02,73.04975891113281,73.90968997784331,72.66865580851709,73.82662980987428,12058800
2023-05-03,72.43412780761719,73.61164223107794,72.39992261726353,73.1377050142553,11630200
2023-05-04,72.08723449707031,72.57582903263646,71.78919153216053,72.1458709109837,10861000
2023-05-05,73.89501190185547,74.1441923354956,72.68329255052463,72.78590064399886,12230000
2023-05-08,73.85594940185547,73.91946161978385,73.40155262165635,73.75334127233931,6795600
2023-05-09,73.28915405273438,73.58719691076315,73.21097716579214,73.45039108629338,12473200
2023-05-10,74.18330383300781,74.35430743479932,73.46506932154641,73.92923260549537,10551800
2023-05-11,73.8510513305664,74.0611508299435,73.33803310015809,74.0611508299435,8956800
2023-05-12,73.75333404541016,74.08558216310367,73.18167940790573,73.97809078285223,7908000
2023-05-15,74.36407470703125,74.37873194428147,73.56278009746056,73.82662527868393,6796600
2023-05-16,74.4422607421875,74.84779508503567,74.23705194014879,74.26148315701639,9398200
2023-05-17,75.43409729003906,75.56112916387204,74.40804595673687,74.75495129867724,11916600
2023-05-18,76.97805786132812,77.09043249845551,75.526931733832,75.526931733832,15491200
2023-05-19,76.94384765625,77.12951592272839,76.68000994815476,76.99759334100115,9805000
2023-05-22,77.0904312133789,77.29075672583686,76.58717952964477,76.71421140187294,10794200
2023-05-23,75.95201110839844,77.02203422208488,75.92269663219227,76.7044507893711,11691000
2023-05-24,75.39501190185547,75.697938089264,74.9845943340065,75.35104018859165,10925600
2023-05-25,78.28749084472656,78.59530775048985,76.9927184647636,77.39825277470824,18078000
2023-05-26,80.51058197021484,80.65227851652486,78.47802754421778,78.4878015193947,15160000
2023-05-30,80.94054412841797,82.10339364507838,80.76953311887698,81.69297616861,18123600
2023-05-31,80.26628875732422,81.23370359775424,80.22231704988626,80.47638822957056,19301000
2023-06-01,81.08226013183594,81.42427480910385,79.75328242414278,80.01223692659997,17419400
2023-06-02,81.54641723632812,81.92263708037916,80.96987931785013,81.56107447457009,14270600
2023-06-05,81.0773696899414,82.03990141773852,80.93567311489058,81.49756124347395,10909000
2023-06-06,81.05781555175781,81.23370985040742,80.47639442393229,80.8819212531082,9975600
2023-06-07,79.84611511230469,81.53176470570185,79.67999476573051,80.9014810588242,13703800
2023-06-08,80.7109146118164,80.837946478943,79.9047293338228,79.96336573472371,10665200
2023-06-09,81.11156463623047,81.94218119291807,80.83795292806228,81.10179811476725,14413600
2023-06-12,82.87539672851562,82.90960192209863,81.50244737597187,81.66856771673395,13787200
2023-06-13,83.37864685058594,83.77441465053076,82.70439152310718,83.61317757396664,16595800
2023-06-14,84.23857116699219,84.26788564122276,82.99265382467526,83.28092276175542,16769000
2023-06-15,85.32324981689453,85.70435288533618,83.87700698779734,83.89655494048434,17732600
2023-06-16,84.61968231201172,86.1392114991953,84.53662214198462,86.13432078278404,17366600
2023-06-20,84.04779815673828,84.65491948210081,83.59735065144586,84.13592577971988,14137800
2023-06-21,82.8041763305664,83.88623516991294,82.55936738212365,83.72466036742357,12058000
2023-06-22,83.4798583984375,83.51413524015383,82.4173883698837,82.43207631034018,15224200
2023-06-23,82.57405090332031,83.06366877400939,82.22642639887754,82.45164643564804,14729000
2023-06-26,81.98162078857422,83.37213380469392,81.9228690324209,82.64750141855741,10890200
2023-06-27,83.59735107421875,83.78830172928639,82.23131314329433,82.30965378921316,13833000
2023-06-28,83.64630889892578,84.09675640931933,83.06856344134772,83.13220867945235,11371600
2023-06-29,83.79319763183594,83.94497796831644,83.28889184954087,83.73444588119199,9128200
2023-06-30,85.12496948242188,85.34040255653558,84.56191187860536,84.62555712615615,11398400
2023-07-03,84.94381713867188,85.14945577220615,84.51295097070863,85.11028544139343,6182200
2023-07-05,84.41990661621094,85.05151781011497,84.27792073061389,84.35136041782351,9395600
2023-07-06,84.19469451904297,84.2730277024474,83.33296226281027,83.58756565405866,12116400
2023-07-07,83.82747650146484,84.84098157954723,83.77851172742292,84.05759002073017,11622200
2023-07-10,84.04779815673828,84.05269164546776,83.20565489480785,83.52390349465271,16877200
2023-07-11,84.22894287109375,84.32197144108814,83.40638861825221,84.22404938303188,9996000
2023-07-12,85.1837158203125,85.5852060639737,84.6059703137474,85.07110580090972,16104400
2023-07-13,86.29515075683594,86.48120794066935,85.59500077931699,85.76636255355353,9349200
2023-07-14,86.16785430908203,87.18626040685277,85.91814440619615,86.51058533453948,11543800
2023-07-17,87.26948547363281,87.5240813683621,86.23149058467207,86.32942012831055,11858800
2023-07-18,88.25851440429688,88.68448703072511,86.61339806509764,87.06874656831904,16406000
2023-07-19,88.03819274902344,88.84606676060213,87.70035520517928,88.4788533383326,20990000
2023-07-20,86.28045654296875,87.84723214005123,86.01116523621035,87.47512527042394,24356000
2023-07-21,86.23640441894531,87.2645975418741,86.13358137116424,86.82883790313791,14871400
2023-07-24,86.38816833496094,86.82882137936197,86.05522433638966,86.61828930531868,11308200
2023-07-25,87.37721252441406,87.66608528842303,86.65257266323663,86.66726060235735,10802200
2023-07-26,86.20211791992188,86.67215434557362,85.59499656421714,86.46161478408125,15501600
2023-07-27,85.95243835449219,87.63182444903146,85.56074247414894,87.36743402561183,13857000
2023-07-28,87.12261962890625,87.38211654595092,86.56934895208641,86.75050520372743,11287400
2023-07-31,87.3233642578125,87.43108080435117,86.82395185758564,87.200959770471,10138400
2023-08-01,87.47021484375,87.65627199391449,86.80923531248985,87.03935627054344,8845800
2023-08-02,85.30610656738281,86.75537853182797,84.99765243594078,86.70152027538974,15818600
2023-08-03,84.95848846435547,85.45789327485642,84.55699825527309,84.61085651573596,11321000
2023-08-04,83.80298614501953,85.17881099563854,83.67078724445858,84.66960428953887,14431800
2023-08-07,84.03801727294922,84.44440103234557,83.43088837861436,84.15552826020071,9536000
2023-08-08,83.3917007446289,83.49940977888838,82.55445108503568,83.45045248531119,11461800
2023-08-09,82.3145523071289,83.5043275929151,82.03057305155431,83.5043275929151,14301800
2023-08-10,82.32435607910156,83.66101089761102,81.91797231239471,82.94127196357289,12731400
2023-08-11,81.71722412109375,82.1970550398449,81.43325231494468,81.66826681391946,10772000
2023-08-14,83.01959991455078,83.0293943632427,81.43813638018538,81.63398052817153,10328000
2023-08-15,82.20195007324219,83.06857586014554,82.01099938843056,82.77480212767705,9366400
2023-08-16,81.41854858398438,82.49571382540285,81.41365509505991,82.02567740451337,9779400
2023-08-17,80.64494323730469,81.93263284509227,80.52253879927713,81.78085253729395,12614800
2023-08-18,80.76736450195312,81.09540756769276,79.77833434476872,79.82729164759485,13658600
2023-08-21,82.30965423583984,82.47612250608923,81.10519107897167,81.18353172531559,13132800
2023-08-22,82.21662902832031,83.0979426584415,82.03547281331434,83.04897788472206,11361800
2023-08-23,83.70018005371094,83.94498900822369,82.41249003323787,82.41738352277662,10113200
2023-08-24,81.77108001708984,84.7577520942205,81.70743477251152,84.75285860493787,13929000
2023-08-25,82.60344696044922,83.0587880641799,81.36960764460251,82.09913360274868,15686600
2023-08-28,83.27910614013672,83.45536888154112,82.63770789171342,83.23014883312095,8963800
2023-08-29,84.9487075805664,85.03194172894085,82.95106560665032,83.03920071556095,13713800
2023-08-30,85.59009552001953,85.67823061829428,84.66961156746933,84.96338526708445,12266600
2023-08-31,86.00626373291016,86.33430675931086,85.69290864269347,85.78593721917531,11963400
2023-09-01,86.27066040039062,86.65746267095129,85.83000734051097,86.54484519062466,9244600
2023-09-05,86.57913970947266,86.84843106594887,85.77616660078333,86.05524493678469,10060400
2023-09-06,85.6635513305664,86.45672994025527,85.13476310044841,86.24129686824686,18143200
2023-09-07,84.4248046875,84.61086186649707,83.76382505381031,84.07228669878425,12513600
2023-09-08,84.60106658935547,85.14454271181282,84.38074004694857,84.4199103721949,8584800
2023-09-11,85.04173278808594,85.42363414585911,84.29751150097427,85.34529349016816,8272800
2023-09-12,83.49942779541016,84.630451344402,83.34764745191546,84.33178414653395,12243000
2023-09-13,83.70996856689453,84.1604161147342,83.23014514195293,83.46515962974411,10008800
2023-09-14,84.3171157836914,84.52764792942338,83.69529885603288,84.22408717195775,9473200
2023-09-15,82.69646453857422,84.03802034253602,82.4761379665343,84.01353795209232,13116800
2023-09-18,83.09388732910156,83.36865775934245,82.431488445038,82.45602312350937,9943800
2023-09-19,83.04972839355469,83.26071766055301,82.2892057101265,82.74061537887955,8236600
2023-09-20,81.74456787109375,83.38338268099395,81.71021782153542,83.27543607800094,10760400
2023-09-21,80.49828338623047,81.4599875081353,80.45902939279215,80.88591189210041,14741200
2023-09-22,80.67001342773438,81.41091285252,80.488462784017,80.85155658451852,12537800
2023-09-25,80.93006134033203,81.05272724936323,80.2578545546596,80.46393238340006,10577400
2023-09-26,79.4728012084961,80.44431325185262,79.19803073053134,80.40015531509414,14926000
2023-09-27,79.59547424316406,80.01254142606257,78.80550530500355,79.85552543209876,11665200
2023-09-28,80.15972137451172,80.67001578400992,78.8447463325999,79.21764802651516,12829400
2023-09-29,80.43448638916016,81.70039947057174,80.15971595045369,80.94968470520124,15883800
2023-10-02,81.29806518554688,81.53358165226945,80.35108040335516,80.47374632161764,13656200
2023-10-03,79.91930389404297,81.39129495798373,79.50714070606993,80.83684259474725,14838800
2023-10-04,80.91535186767578,81.13124509172768,79.98308635353658,79.98308635353658,15194200
2023-10-05,81.02330780029297,81.15578162280002,80.05178818029977,80.91044974668885,12023000
2023-10-06,82.5394515991211,82.892730076569,80.2333336118998,80.46885010122031,16625600
2023-10-09,82.96631622314453,83.09389356599834,81.65624515331452,82.03405826672015,13139200
2023-10-10,83.09388732910156,83.76119015408632,82.79458222038929,83.02519472154134,20402800
2023-10-11,83.8642349243164,83.9034889169786,83.08408147335592,83.34903656515877,10389200
2023-10-12,83.9427490234375,84.80141052226121,83.30488469835308,83.93784508159764,15405800
2023-10-13,82.74063873291016,84.25188413065,82.45114140173811,84.10958743640799,15183200
2023-10-16,83.5354995727539,83.9133127391162,82.86329266217246,82.8780119750367,14544200
2023-10-17,83.14788818359375,83.5796672226715,81.89178260673202,82.48548907999982,15317800
2023-10-18,82.29412078857422,83.23619424480505,81.95556161945774,82.56398733547391,12862800
2023-10-19,81.82307434082031,83.1773109183759,81.68078516481167,82.6228585522356,19991800
2023-10-20,80.43939971923828,81.84269805318554,80.35598779743952,81.78381332426109,15350400
2023-10-23,80.53263092041016,81.3520383546173,79.49241884414866,79.9389245827502,15159000
2023-10-24,81.08708953857422,81.20975547744914,80.21370865273964,80.85157303227612,11180400
2023-10-25,80.13027954101562,81.57283187095872,79.88985914398053,81.47470063827502,15529600
2023-10-26,78.59942626953125,80.6258699260145,78.26086708860518,80.27259143173814,20646400
2023-10-27,79.05574035644531,79.85552465821145,78.70737328948303,79.08027504113122,16231600
2023-10-30,79.90458679199219,80.18916515038863,79.2323724297553,79.4728003388104,14180800
2023-10-31,80.47374725341797,80.542439868963,79.32069210055965,79.94382958195618,10893600
2023-11-01,82.0291519165039,82.1370985270165,80.61604558358805,80.61604558358805,20945800
2023-11-02,83.41773986816406,83.491343921436,82.65721705956237,82.77006762359125,16192600
2023-11-03,84.2763900756836,84.61494920915406,83.15277355481125,83.33431671864123,15661800
2023-11-06,84.83084869384766,84.8602873185977,84.12429175211041,84.38925434872891,11099200
2023-11-07,85.75819396972656,86.00842974124616,84.92897118570286,85.05654852905008,13029800
2023-11-08,86.24395751953125,86.38624669312324,85.66006653978427,86.05259898294418,10722400
2023-11-09,85.84162139892578,87.00449957529004,85.72877083298596,86.37153914633203,14374600
2023-11-10,88.08394622802734,88.14282347400784,86.26358067481624,86.36171191376161,13346400
2023-11-13,87.56876373291016,87.78956093228048,87.20076590498128,87.7159643614687,11725000
2023-11-14,89.32039642333984,89.54610496846945,88.63347039369707,88.90824080555419,16508400
2023-11-15,89.43327331542969,89.85524439039624,89.08981022811594,89.71785915547073,13147800
2023-11-16,89.8797836303711,89.97792237155566,89.09472610943796,89.25664604807076,11553600
2023-11-17,89.69332885742188,90.03679196152314,89.30570032877361,89.67860954488425,13277800
2023-11-20,90.99356842041016,91.22908486578125,89.79634796879681,89.80616333770935,11116200
2023-11-21,90.25758361816406,90.72371262286904,89.92883984669983,90.58142344806029,13350800
2023-11-22,90.6599349975586,91.43518455098837,90.41460314471122,90.82675886063065,11213400
2023-11-24,90.48330688476562,90.5863420829419,90.13984374595321,90.50784157045257,4193800
2023-11-27,90.4783935546875,91.00340736700579,90.19381516488917,90.35572761576469,8420000
2023-11-28,90.65013122558594,90.89055916743482,90.1741867712113,90.1741867712113,11012400
2023-11-29,90.71881866455078,91.70505008747436,90.66484535362852,91.3125250846956,10765400
2023-11-30,90.8512954711914,91.21929325827148,90.0907652138391,91.09662732924478,13744000
2023-12-01,91.057373046875,91.21929297111261,90.17908080512565,90.61577121160859,13992200
2023-12-04,89.948486328125,90.14965278468925,88.9671587835647,90.14965278468925,18221800
2023-12-05,90.48820495605469,90.59124763448023,89.46762349056186,89.46762349056186,10841400
2023-12-06,89.7227554321289,91.18493101431382,89.65406282053452,91.05245721926741,14731400
2023-12-07,90.81202697753906,90.96413150733956,89.95826955251742,90.14962807177174,13928800
2023-12-08,91.5873031616211,91.6608997339997,90.50293291132061,90.61578348461283,12808800
2023-12-11,92.3870620727539,92.40669281286192,91.10642955378597,91.31741883181178,37795400
2023-12-12,93.00040435791016,93.02985047208635,91.97001496978429,92.04852296705141,15055400
2023-12-13,93.81980895996094,94.04551006828852,93.00039399605129,93.22119864963044,29395000
2023-12-14,93.58918762207031,94.246675118495,92.89735007629814,93.89339669031062,15427400
2023-12-15,94.06023406982422,94.59996715914113,93.49106235507809,93.49106235507809,18131200
2023-12-18,94.3415298461914,94.55297715171805,93.64324350314948,94.04156430562934,10138000
2023-12-19,94.70048522949219,94.71032225457633,94.26774616721003,94.3218385499953,9003600
2023-12-20,93.2695083618164,94.92669078811572,93.254756574905,94.59230694685444,13734800
2023-12-21,94.31692504882812,94.52837231852531,93.52521334664365,94.21857730702824,11336000
2023-12-22,94.43985748291016,94.71523414931988,93.97270010214713,94.58738284090148,10215000
2023-12-26,94.83325958251953,95.02995506510284,94.49886825798588,94.49886825798588,6207600
2023-12-27,94.8283462524414,95.02504925700875,94.42511822412007,94.88243864076587,11764600
2023-12-28,94.94145965576172,95.2610917423547,94.89719678711032,95.16274398520707,9615400
2023-12-29,94.65130615234375,95.18239294694733,94.17923400388602,94.99061222973921,12190600
2024-01-02,92.17291259765625,93.5104629151759,91.58773339580992,93.36293754861309,23545400
2024-01-03,91.23367309570312,91.83360406793578,91.07139594713675,91.33202083631714,18190000
2024-01-04,90.56489562988281,91.30251492073064,90.47638491663777,90.67308039281662,12127200
2024-01-05,90.5403060913086,91.32218823594195,90.19608525903837,90.66816490290282,16350600
2024-01-08,92.81218719482422,92.87610910309546,90.90420939987037,90.99764238517304,16434600
2024-01-09,92.95970916748047,93.22525634832442,91.90245771579146,92.09915321730723,10633800
2024-01-10,93.75141143798828,93.95302918384758,92.807259620209,93.00396260523696,9785400
2024-01-11,94.22840118408203,94.68572903606051,92.9056027512777,94.21364939886833,13296600
2024-01-12,94.53330993652344,94.74967200224305,94.06123019437852,94.38086228300428,8834600
2024-01-16,94.76933288574219,95.16764612661386,93.86943639544418,94.41527500420028,11775600
2024-01-17,94.30218505859375,94.41528460063819,93.27935190833918,94.06614144460623,14109000
2024-01-18,96.21508026123047,96.3035909911834,95.20208411113165,95.5610567994733,18918800
2024-01-19,98.43283081054688,98.45250485945178,96.63303801175628,96.84449276850273,18333200
2024-01-22,98.86559295654297,99.47043879136675,98.49186097449503,98.91476308339729,14969000
2024-01-23,99.26388549804688,99.32781490339052,98.3836631258101,98.95900526354889,13263800
2024-01-24,99.9474105834961,100.95056948414403,99.66219690011306,99.9474105834961,17651200
2024-01-25,100.36540985107422,101.3734836329371,99.9031671883038,100.86698560971898,17071400
2024-01-26,99.20980834960938,100.10479014802637,98.98360176759056,99.66221401019453,10553000
2024-01-29,100.11953735351562,100.1392039015747,99.1360448746145,99.33274036901386,7639600
2024-01-30,99.29340362548828,100.23755554148511,98.98852334629363,100.08511540188779,12251600
2024-01-31,97.20838165283203,98.75247186757328,97.15921153670445,98.34923639669024,16295200
2024-02-01,98.43283081054688,98.57051913907664,97.53293441115157,97.5968638149158,14303400
2024-02-02,99.45075988769531,99.76547717359031,97.73456285011598,97.76406642325426,12872200
2024-02-05,99.67695617675781,99.96216988157715,98.74264137060447,99.85398511411286,10086200
2024-02-06,99.21964263916016,99.9572620117492,98.5803710155592,99.78514782343085,12677200
2024-02-07,100.5325927734375,100.55718158374745,99.51959681765953,99.91791003294588,11365800
2024-02-08,100.8473129272461,101.11777484150555,100.58176577380894,100.70470232543127,9948200
2024-02-09,102.20453643798828,102.33731002338752,101.15219978743801,101.27022158595423,11612200
2024-02-12,101.42757415771484,102.51433662173878,101.28005629226305,102.19961933635503,10753200
2024-02-13,99.70645904541016,100.37523419253701,98.9294991315825,99.22946462044348,19459400
2024-02-14,100.74895477294922,100.82762845523234,99.74087365315381,100.44898931785792,11791600
2024-02-15,100.53750610351562,100.98008217244279,99.97691575230228,100.88172693260255,10796400
2024-02-16,99.613037109375,101.00959459749315,99.48026352671282,100.80797684297872,11090400
2024-02-20,98.60002899169922,99.38191116129057,97.61162181960475,99.02785329295341,17447600
2024-02-21,97.98042297363281,97.98042297363281,96.90841993999433,97.64603918446333,15954400
2024-02-22,101.18663024902344,101.46200695469115,100.28181142596206,100.5129327689587,18551600
2024-02-23,100.95056915283203,102.11601269210615,100.63093713986534,101.98815388415854,12324000
2024-02-26,101.0489273071289,101.64393599523031,100.945657305687,101.39314813951626,18248800
2024-02-27,101.13744354248047,101.3243095060312,100.38507243080237,101.3243095060312,9984400
2024-02-28,100.66045379638672,100.93583049014977,100.29656638110788,100.80306440787611,8329000
2024-02-29,101.78162384033203,102.02258217357392,100.63093956181628,101.1964446763527,11986800
2024-03-01,103.64043426513672,103.78795963700722,101.99308887236374,102.04225899401918,13136800
2024-03-04,103.64043426513672,104.23545051374865,103.2617950649267,103.49291639671833,20443800
2024-03-05,101.09319305419922,102.6667795236037,100.43916965371426,102.61760189815736,18042800
2024-03-06,101.89472961425781,102.6618524571778,101.21120272181487,102.15043222626365,14303200
2024-03-07,103.50273895263672,103.81745622316716,102.25370689556482,102.76511964638242,12120800
2024-03-08,101.96358489990234,104.42231607662097,101.899655488203,103.68961148471607,14912200
2024-03-11,101.68328094482422,101.90948750347977,100.95057638894286,101.49641498347624,15648400
2024-03-12,103.76828002929688,103.77810955031961,101.6881883049618,102.66185113469568,17382800
2024-03-13,102.64710998535156,103.51258064244954,102.2192856660972,103.45357349639457,12815400
2024-03-14,102.66677856445312,103.4437385178431,102.0422587436896,103.07984360191551,16023200
2024-03-15,101.1177749633789,101.6537765282699,100.70470244680676,101.19153389306055,19633400
2024-03-18,101.61476135253906,102.65898236424457,101.53595023426342,102.0038790357819,14176600
2024-03-19,102.14180755615234,102.15658370320355,100.60995101315281,101.11728543749207,13390200
2024-03-20,103.2845458984375,103.31902106945296,101.86105278416751,102.22061822052035,13357400
2024-03-21,103.3584213256836,104.38786626387828,103.26976444833129,104.38786626387828,12312000
2024-03-22,103.39289093017578,103.7721553231018,102.99392000088076,103.36333864146377,11507000
2024-03-25,102.708251953125,103.1466285101804,102.11718353581385,102.41271398654807,8777800
2024-03-26,102.2846450805664,103.2451321374947,102.20091108235648,103.07766414107485,8538400
2024-03-27,102.80677032470703,102.98409161566482,102.01867402804054,102.92990990132095,12495000
2024-03-28,102.58512115478516,102.88065163077974,102.37824756683594,102.56541461354617,8854400
2024-04-01,102.87079620361328,103.47171788556385,102.49644711370416,102.80183834744729,11654800
2024-04-02,101.88074493408203,102.02851390979626,101.05325069543008,101.72805308165285,11418200
2024-04-03,102.15164947509766,102.67869038083593,101.34385429074075,101.36848370503691,10670000
2024-04-04,100.53606414794922,103.48649075471279,100.48188244011742,103.12691782280976,16464800
2024-04-05,101.68864440917969,102.20583205043464,100.69367468671076,100.97443648356193,12808800
2024-04-08,101.57044982910156,102.08763002877483,101.19610071288163,101.75269399409716,8125800
2024-04-09,102.08270263671875,102.30435235761061,100.80697850648436,102.09255590666855,9400800
2024-04-10,100.83160400390625,101.20594557317568,100.39815033307872,100.92026088247958,13836800
2024-04-11,102.84616088867188,103.01362888463541,100.7921939522705,101.27982179439034,10563600
2024-04-12,101.18132019042969,102.09747888475309,100.80697860623839,101.61969675559372,16186800
2024-04-15,99.2603530883789,101.8659832505675,99.10766121427123,101.80194826497006,17189000
2024-04-16,99.3785400390625,99.99423779100023,98.98449949049571,99.4770576920459,14914000
2024-04-17,97.94520568847656,99.91050818888198,97.87131744549224,99.74304019679809,13090400
2024-04-18,96.82709503173828,98.16685398092078,96.72365449937733,97.91564448054785,15280600
2024-04-19,94.83224487304688,96.77292569521919,94.59088861058649,96.45768869723159,21880000
2024-04-22,95.67942810058594,96.25572027913636,94.6105777336155,95.5612114296622,13293400
2024-04-23,97.09800720214844,97.24084578322714,95.93556946773447,96.07840804881317,12151600
2024-04-24,97.54131317138672,98.22104598602192,97.00442646328575,97.8171445988205,9160200
2024-04-25,97.32951354980469,97.51175769787824,95.89616723344434,96.32469050738699,11568000
2024-04-26,98.42791748046875,99.14704832741792,97.71370951039039,98.09790434990406,10104200
2024-04-29,98.85152435302734,99.08302735043178,98.27523205603431,98.93525836036721,7494800
2024-04-30,96.67440032958984,98.91061125781692,96.64484804002939,98.51164031706747,14929000
2024-05-01,95.6843490600586,97.77279844282741,95.66465003988665,96.15720821843993,20453600
2024-05-02,97.06352996826172,97.19652280352135,95.68436533062537,96.90591523256072,13340000
2024-05-03,99.76768493652344,100.10262097214104,99.33423122846003,99.68887380490406,13316400
2024-05-06,100.9399642944336,100.9399642944336,99.99425330265439,100.14695268212954,8021000
2024-05-07,100.60994720458984,101.28475712970285,100.60010145082364,101.23549829750158,10020800
2024-05-08,100.89562225341797,101.00398566122988,100.22574278505427,100.25037219880095,7176000
2024-05-09,100.86607360839844,100.94488472889918,100.36366211000883,100.7330807820337,9589600
2024-05-10,101.24042510986328,101.84627720295111,100.92026523563732,101.393124489286,8753800
2024-05-13,101.71820068359375,102.06792034525135,101.39804083000604,101.98418634532598,6582000
2024-05-14,102.61958312988281,102.76242923004172,101.62462088473733,101.6837254691659,9825200
2024-05-15,104.9296875,104.96417018645298,103.1909574107662,103.26483814481868,14308600
2024-05-16,104.56519317626953,105.3188142536381,104.52086473520163,104.99372398745446,12066600
2024-05-17,104.33369445800781,104.87058115872328,103.7623250714161,104.80654617972034,7616000
2024-05-20,105.56016540527344,105.75719322980478,104.34354583372328,104.4371331108953,6276800
2024-05-21,105.73255157470703,105.90494244589595,104.96908481417859,105.15625934685892,6140400
2024-05-22,105.9689712524414,106.3580889249585,105.34342023161452,106.03300622375552,11783000
2024-05-23,105.10700988769531,107.19052928425108,104.77207386866289,107.1806835301686,9400400
2024-05-24,105.99360656738281,106.22017914399304,105.02326625437814,105.37297838831543,5906400
2024-05-28,106.44184112548828,106.67826698170576,105.7768844798137,106.59453298087544,8786400
2024-05-29,105.76702880859375,106.27436319470783,105.31880652207357,105.31880652207357,8569000
2024-05-30,103.35350036621094,104.7474411407899,103.03333298842249,104.5898188903385,10450600
2024-05-31,103.51604461669922,103.6785897426594,101.23549749225528,103.65888320359862,12081000
2024-06-03,103.777099609375,104.40265069561681,102.5358507063951,104.30906342493782,9628000
2024-06-04,103.99382781982422,104.16129582439133,103.19095545110163,103.72291927370532,6405400
2024-06-05,106.30392456054688,106.30392456054688,104.64892854866359,104.81639654897594,8788800
2024-06-06,105.94928741455078,106.43691529415632,105.66852559163857,106.36303455962299,7057600
2024-06-07,106.19556427001953,106.64871696905807,105.67344619910736,106.06257143487305,6398600
2024-06-10,106.46647644042969,106.75216116411727,105.76704453726771,105.83600240051344,6734800
2024-06-11,108.44654846191406,108.47610075423248,106.14630234774113,106.19556117883343,12719200
2024-06-12,110.84529876708984,111.96340803339957,109.32329566772428,109.5252463421732,17821200
2024-06-13,111.72205352783203,112.18505191836519,111.04232081286978,111.87474536592549,12693600
2024-06-14,112.14073944091797,112.20477442052342,111.49056643848492,111.56444717199685,7864600
2024-06-17,113.8400650024414,114.23903599876466,112.0323770527262,112.41657190221103,11602600
2024-06-18,113.98290252685547,114.35724407831282,113.52974985429904,113.95335023540386,8677800
2024-06-20,112.70225524902344,114.5641248867617,112.32298328108634,114.49516703039521,13243000
2024-06-21,112.5052261352539,113.17017523043963,111.99296137165747,112.72687583364915,13560200
2024-06-24,109.74700164794922,111.83911518844182,109.7173975106591,111.33582226742642,13748600
2024-06-25,111.76016998291016,111.81937825970483,109.92956962538462,110.55128664784102,9126200
2024-06-26,111.63188171386719,112.15983974420074,110.76345350841686,111.59240702007145,9459600
2024-06-27,111.6861572265625,112.23878787546109,111.28154726645609,111.41477341539697,7923600
2024-06-28,111.62693786621094,113.67957668106004,111.47397813997951,112.07595401865187,12488200
2024-07-01,112.47068786621094,112.65819076216896,110.17133798587903,111.7947016788236,9281600
2024-07-02,113.03319549560547,113.04306605096495,111.493720136746,111.493720136746,7076600
2024-07-03,114.55786895751953,114.6121457185364,112.77661392836505,112.87036538185124,6249200
2024-07-05,114.90819549560547,115.41641989705737,114.21246819803558,114.68614942219106,6671800
2024-07-08,115.6927490234375,116.02827263655372,115.08090254601424,115.27827602051926,7671000
2024-07-09,115.59898376464844,116.56115580978881,114.93779964429835,116.28484050749489,8678600
2024-07-10,117.27662658691406,117.36051501628793,115.74209022708047,116.39340384760155,8749400
2024-07-11,114.34075927734375,117.50359835389511,114.01016720569106,117.45425310718916,14106000
2024-07-12,115.36214447021484,116.58582976393377,114.25687571938741,114.65654660970098,9767600
2024-07-15,115.56938171386719,116.7091861209027,114.91312909456818,115.94931902588817,8628000
2024-07-16,115.18451690673828,115.89997782283146,114.36050246913827,115.8407695489287,7652200
2024-07-17,110.70423889160156,112.66312622597961,110.64996213186964,112.54964119345925,12440400
2024-07-18,110.71411895751953,111.93780438410779,109.31773268175924,111.91807080115898,10837200
2024-07-19,108.9822006225586,110.80293044216899,108.74042847058558,110.12694417869288,8472800
2024-07-22,111.56279754638672,111.69108464831642,109.95423584951018,110.42298558124573,10601600
2024-07-23,111.11871337890625,112.1203601620901,110.97068516588307,111.09897979738274,5530800
2024-07-24,106.52002716064453,110.01345855903062,106.2634454116481,109.66805686540815,14300800
2024-07-25,105.38021087646484,107.99534320830891,103.84566712544435,106.40652269970141,21158000
2024-07-26,106.7173843383789,107.56607137540614,105.81442054215711,106.80126523367458,11697800
2024-07-29,106.24369812011719,108.02988451870695,105.93283964757894,107.56606633080135,7343800
2024-07-30,103.57429504394531,106.74206586444556,102.77988469985371,106.63844385042138,10694600
2024-07-31,107.96080780029297,108.35060812999191,106.02165411948883,106.77165817262389,14614000
2024-08-01,103.93448638916016,108.913116231953,102.82921758401628,107.66475825410757,16991400
2024-08-02,101.01343536376953,102.00521168746599,99.30125901593034,101.17132661829015,18621600
2024-08-05,97.64828491210938,99.53316199682911,94.1203179456781,94.69268970712442,31430000
2024-08-06,98.97557830810547,100.97887166085282,97.84564454293964,98.89662893237481,24575800
2024-08-07,97.3719711303711,101.86704933494332,97.23875250803079,101.37362695257107,17653600
2024-08-08,101.00850677490234,101.26014949831304,97.69763902838987,99.13350007562248,14477200
2024-08-09,101.46243286132812,102.04466757805415,100.33743058746175,100.94926943839052,9535600
2024-08-12,102.2913818359375,103.08086057406872,101.30453717778707,101.77822592647126,8580200
2024-08-13,105.43447875976562,105.46902193643808,103.43118532552371,103.5594799485618,9999600
2024-08-14,106.01180267333984,106.54963126726342,104.58581227856243,106.0858130196493,8922400
2024-08-15,109.06114959716797,109.16970312463108,107.15160736875156,107.38351649296567,9518800
2024-08-16,109.24370574951172,109.45588127602107,108.18778221711906,108.48383864000685,6706400
2024-08-19,111.04469299316406,111.04962450584198,108.54303825352167,108.98712285242475,13004200
2024-08-20,110.65489959716797,111.41970578761106,110.00358597437766,110.75359009582743,7221600
2024-08-21,111.30621337890625,111.69108220530482,110.37364544893627,110.72397109728568,7538800
2024-08-22,108.745361328125,112.18944753694622,108.51838371366252,111.92793426992993,9083600
2024-08-23,110.50686645507812,110.9904182221044,109.09567831418228,109.82594124200135,10681000
2024-08-26,109.12035369873047,110.82266689197616,108.56279154249071,110.4081863806919,6268800
2024-08-27,109.78153228759766,110.01344137525065,107.91145751941939,108.44435451685433,7656000
2024-08-28,108.26673126220703,109.85062032036183,107.35883594409448,109.6384447945153,9002200
2024-08-29,107.28976440429688,109.82102364404123,107.01344907384292,108.29634275509741,13314800
2024-08-30,108.71575164794922,109.13515614488732,107.28976130030397,108.45916990751024,10048400
2024-09-03,103.72230529785156,107.64501108847065,103.13019251290567,107.5660617132743,14765800
2024-09-04,103.45586395263672,104.63514307631525,102.3456636572856,102.67132421755521,12330000
2024-09-05,103.2979736328125,104.58086724587177,102.61704836965568,102.71079982229642,8874800
2024-09-06,100.61868286132812,103.46079283470188,100.15486465619864,103.21408166423109,12441000
2024-09-09,102.2667007446289,102.38019329181712,100.92459151836673,101.86702989582042,10922000
2024-09-10,103.79633331298828,104.01837188065348,101.99040557512551,102.97231883270216,10123000
2024-09-11,107.33909606933594,107.50192635038704,102.50356300115115,104.15159186411299,12768800
2024-09-12,108.22725677490234,108.68614347690804,106.50521758668359,107.2601531821833,10604200
2024-09-13,108.77002716064453,109.0414109667395,107.92134009196266,108.36048569490626,8047400
2024-09-16,108.35554504394531,108.70093916392602,107.35389833148771,107.98547830203161,6897800
2024-09-17,108.14337158203125,109.60883651013697,107.595672492446,109.44107472425287,6990000
2024-09-18,107.15652465820312,109.17462014620045,107.05291018694183,108.41475308385152,12741600
2024-09-19,110.3390884399414,111.02494511168273,109.56441937125338,110.16639515842508,13934000
2024-09-20,109.80126953125,110.29469185693002,108.819356392697,109.90489153241477,14492800
2024-09-23,109.78101348876953,110.04299648709649,109.44488720508663,109.89965028789099,7490600
2024-09-24,110.53235626220703,110.75479364364904,109.0543707003168,110.24071597225971,7025800
2024-09-25,110.84872436523438,111.33314477228492,110.26544372812994,110.31487007188085,6111600
2024-09-26,112.31680297851562,113.13735708140754,111.13540570220289,113.01377992889553,9244800
2024-09-27,111.26889038085938,112.5096024913213,110.85366534427443,112.47499726220919,6093800
2024-09-30,111.59512329101562,111.66432620352727,110.2308340689783,110.7844573690714,5500400
2024-10-01,108.87643432617188,111.32820885948583,108.22889111944919,111.26394631322857,11295400
2024-10-02,109.6821517944336,110.18140084177706,108.28325733652164,108.9011431814005,4532400
2024-10-03,110.13691711425781,110.9426426860062,109.34602774223634,109.36085639941129,5784800
2024-10-04,111.36279296875,111.63961214980807,110.19128387630178,111.56052095522006,5009200
2024-10-07,110.59661865234375,111.6000645956106,110.31979947613968,110.86354200120851,4430400
2024-10-08,112.66282653808594,112.85066623859434,111.14035499185555,111.39245723044344,7864800
2024-10-09,113.92332458496094,114.08149944390776,112.40085291201855,112.75181540124913,7579800
2024-10-10,113.89366149902344,114.19024217297722,112.84572199857544,113.16207924299047,5692200
2024-10-11,114.09138488769531,114.34842751245218,113.45373001109769,113.62179315158986,8849000
2024-10-14,115.57926177978516,115.81652783961164,114.76364791389406,114.81802217162014,9810200
2024-10-15,113.03849792480469,115.94998310032867,112.61834009983069,115.66822355074194,14179400
2024-10-16,113.38946533203125,113.56247638328101,112.1685223156391,113.39440570340489,5758800
2024-10-17,113.73548126220703,115.0355154915499,113.73548126220703,114.97125295015978,6051200
2024-10-18,114.14081573486328,114.56097357491174,113.89860177350475,114.32864789877544,4537000
2024-10-21,114.67466735839844,114.68949601461453,113.57730154309881,113.78491027267557,6322400
2024-10-22,114.5560302734375,114.94653079038267,113.74042401343037,114.06666199190235,6169200
2024-10-23,112.91493225097656,114.30394602794367,111.95103179849573,114.13093496664233,6083600
2024-10-24,113.24612426757812,113.52787629967548,112.57386414527038,113.37464181208105,4832800
2024-10-25,113.83434295654297,115.11460817410948,113.67122772907555,113.88871721321608,8314800
2024-10-28,113.79974365234375,114.64995517592935,113.77502671010718,114.64995517592935,5899200
2024-10-29,115.33210754394531,115.66329346220937,113.59213883760766,114.01724461408357,7451600
2024-10-30,113.49821472167969,114.5856922938886,113.42407143774227,114.27922333021155,8341200
2024-10-31,109.85516357421875,112.25255614266561,109.81561797477887,112.25255614266561,12110200
2024-11-01,110.6806411743164,111.50613563671537,109.82548185997707,109.97377594947613,11565800
2024-11-04,110.59661865234375,111.39245587037105,110.12701940680643,110.78445080800735,6311800
2024-11-05,112.1536865234375,112.24266600036394,110.93768395578445,110.93768395578445,7273000
2024-11-06,115.34693145751953,115.55948056574015,113.97769432619137,114.3187685161749,10967800
2024-11-07,117.3587646484375,117.49223010252814,116.09333564794619,116.14770990386816,10463000
2024-11-08,117.23025512695312,117.61581531620814,116.80514933590882,117.21047855478233,7236400
2024-11-11,116.58270263671875,117.28956041318249,115.88572560300082,117.21541712983024,7267200
2024-11-12,116.7309799194336,116.87927401689548,115.81156556623121,116.50360217353632,7530800
2024-11-13,116.3256607055664,117.18576051030331,115.9648174868629,116.48383555850492,6329600
2024-11-14,115.93022155761719,116.71617059904844,115.74238183354468,116.51350975958071,6602000
2024-11-15,113.0533447265625,114.64501178213821,112.67766529187885,114.49672520797581,11229800
2024-11-18,113.41912841796875,113.8986084549257,112.56397648859848,113.0533448113577,6166800
2024-11-19,114.34841918945312,114.4423390383485,112.70731087571578,112.70731087571578,6906800
2024-11-20,114.24956512451172,114.48683117381054,112.72709351828685,114.44728557516879,8874400
2024-11-21,115.41118621826172,115.9499884011745,113.59213393216329,115.35681196283205,10591800
2024-11-22,115.47050476074219,115.73742811557095,114.78835640360545,115.20357386336194,7090800
2024-11-25,115.46556091308594,116.54315774046047,114.94159492743438,116.34048937467396,11137200
2024-11-26,116.04389190673828,116.40474263927537,115.54958327399822,115.98951765543484,6229400
2024-11-27,114.47199249267578,115.3271443035808,113.45865830105598,115.25794139765584,6369400
2024-11-29,115.53475952148438,115.7769734771245,114.62523340885647,114.73892228729709,4168400
2024-12-02,116.63213348388672,117.06712754316264,115.58914184997883,115.61879916446547,9398200
2024-12-03,117.05229187011719,117.08194918282625,115.91044007550943,116.13781783464651,5576000
2024-12-04,119.19264221191406,119.25195683382127,118.16941972870814,118.51543426075202,10840000
2024-12-05,118.58958435058594,119.14320759844773,118.42646159879429,119.00480178648228,5638000
2024-12-06,119.04930114746094,119.56338640050434,118.66868889300693,118.79720643499182,6654200
2024-12-09,118.27323913574219,119.02953080736816,117.97171054138104,118.60442504388445,8032400
2024-12-10,116.63213348388672,118.19415074896665,116.26140196769981,117.87285311862547,11234400
2024-12-11,118.3226547241211,118.6983341113433,117.15114568092818,117.5564823792361,8689600
2024-12-12,117.66029357910156,118.09528762772467,117.27967378655633,117.56637372382595,7218200
2024-12-13,118.16448974609375,119.18770477670391,117.22529874220498,118.72305341744497,8677000
2024-12-16,119.34589385986328,119.44969446314283,118.06563613573431,118.31773085767968,9442600
2024-12-17,118.62419128417969,119.08884263596806,118.0458510513851,118.50061411796158,8145000
2024-12-18,114.79824829101562,119.35082692006372,114.53131738525902,119.02458138749529,16927200
2024-12-19,114.92181396484375,116.34047729292016,114.7735198700939,115.96480545643138,13383400
2024-12-20,116.63706970214844,117.57625309862391,113.78490674503843,114.14080956829363,14924800
2024-12-23,117.87289428710938,117.92240161649792,116.34792802060446,116.97177476625667,7973400
2024-12-24,119.09088134765625,119.09582981410021,118.11549705954188,118.29374006536254,4653400
2024-12-26,119.17010498046875,119.6058117950616,118.32840481538683,118.7096407232448,7150800
2024-12-27,117.58572387695312,118.52149776729988,116.42714056350094,118.36801220376367,8726400
2024-12-30,116.0904541015625,117.01632342894678,115.15468028719964,115.87260071749327,7950400
2024-12-31,115.12498474121094,116.4865609592612,114.7486897512615,116.40734016612336,9381200
2025-01-02,114.85266876220703,116.36278208886074,113.76835775790632,116.0360019811434,12766600
2025-01-03,116.72420501708984,116.84798466185876,115.32796699773967,115.55572486827485,9117600
2025-01-06,118.2095718383789,119.35329465450066,117.7441591216222,118.05608627325928,8975400
2025-01-07,115.83795166015625,118.82846469755073,115.43195077941598,118.82846469755073,10006800
2025-01-08,115.79834747314453,116.12512002684883,114.68433055688389,116.10531860583158,10023800
2025-01-10,113.27323913574219,114.60016098764379,112.60482596582274,114.5803520117692,11665800
2025-01-13,112.47115325927734,112.55037405568972,111.1293784065951,111.45121005892872,10656000
2025-01-14,112.76821899414062,113.65448559259313,111.8720554624005,113.34255843108168,7220200
2025-01-15,115.01110076904297,115.34778535876733,113.93174580517584,114.3080332361284,10465400
2025-01-16,114.12483978271484,116.02114496855702,114.10008234119421,115.9468726439951,5368400
2025-01-17,115.91221618652344,116.32316553266669,115.40224463098778,116.18453292853528,6742600
2025-01-21,116.87770080566406,117.16487051327164,115.49136715183495,116.29841292399227,6744200
2025-01-22,119.51667785644531,119.79394306204652,118.28878585096417,118.4571243608063,10243800
2025-01-23,119.7295913696289,119.75434125733193,118.48189030001915,118.59576547014969,7604400
2025-01-24,118.48189544677734,120.10588402796493,118.10065196771413,120.10588402796493,6607600
2025-01-27,112.67414855957031,114.36249732072639,111.63439643025559,113.17421564857581,20705600
2025-01-28,115.67950439453125,115.93696817076162,112.23843178446266,113.43661783800907,11260600
2025-01-29,114.7387924194336,115.50622024119285,113.62477551762878,115.45175689046374,9050000
2025-01-30,114.95167541503906,115.34777177487014,113.74854093801649,114.5357776369258,8840200
2025-01-31,114.27832794189453,116.71431065569149,113.9713568138075,116.02114760681413,10741800
2025-02-03,112.7385025024414,113.42671704687943,111.15412451038017,111.74826531303937,13752800
2025-02-04,114.36249542236328,114.54073842571817,113.0850884908049,113.1246988865405,8371200
2025-02-05,115.95182800292969,115.97658544430891,114.10503771067765,114.46647217910103,5398000
2025-02-06,116.26870727539062,116.50636209932078,115.43690405926912,115.95183165851353,6808000
2025-02-07,115.27351379394531,117.29854701463613,114.8873143430813,116.73906059015236,8552800
2025-02-10,116.95691680908203,117.24903497118409,116.149871069973,116.18453299848188,6054200
2025-02-11,117.0113754272461,117.48173656931121,116.22908716085222,116.30830794717541,6456200
2025-02-12,116.75888061523438,116.8975132292152,115.23391430653439,115.3626424323992,8555600
2025-02-13,118.41255950927734,118.4868242731238,116.80342415005205,116.9668141854241,7829600
2025-02-14,118.8136215209961,118.91264373874382,118.09570099868631,118.3135544106779,4557000
2025-02-18,119.8979263305664,119.91277928471139,118.87302716509886,119.42756515451714,6024000
2025-02-19,119.90782165527344,120.38313884627013,118.92748892029891,119.76424058216064,5604200
2025-02-20,119.5265884399414,119.95239075737753,118.26403444191133,119.79394917186148,5987400
2025-02-21,116.28850555419922,119.61075475263316,116.22909373854958,119.5612398696515,9057600
2025-02-24,114.62490844726562,117.06584716072462,114.48132737231417,116.73906705991168,7447600
2025-02-25,113.13955688476562,114.48628018017565,112.3671730207621,114.38230949728101,10433600
2025-02-26,114.37240600585938,115.4517610162674,113.49604389641345,114.24862634567987,7630600
2025-02-27,110.20845031738281,115.11507758819133,110.15894298900085,114.99624640123575,10100000
2025-02-28,111.66410064697266,111.77797581305833,108.77755821466415,109.71333209490501,14172200
2025-03-03,108.26758575439453,112.46618946005195,107.46549602219318,112.23843912975524,12516200
2025-03-04,108.18341827392578,110.09457644585838,106.0841126091628,107.46549778720907,17721000
2025-03-05,109.70343780517578,110.05991626607985,107.06445461681052,108.52009703399162,11931000
2025-03-06,106.65845489501953,109.1489010118322,106.143534841436,107.45064772889812,16432000
2025-03-07,108.2032241821289,108.47554094491147,105.27707876360597,106.53467678412339,11263400
2025-03-10,103.60356903076172,106.26235354602284,102.52916255480974,106.0643091242006,21561800
2025-03-11,103.1827163696289,104.92058754385269,102.13801578952337,103.28669460296533,14832800
2025-03-12,104.80670166015625,105.71772562622283,103.55405220608877,105.02455505302194,10981600
2025-03-13,102.81632995605469,104.7373849804915,102.41528510013971,104.5046861897629,12383000
2025-03-14,105.92567443847656,106.03460113481354,104.12839150382676,104.16305343216592,10040800
2025-03-17,106.66339874267578,107.42093716803265,105.53452891397482,105.84150759013768,10148800
2025-03-18,105.03941345214844,106.01479774946613,104.65322152837817,105.90587104738623,11486600
2025-03-19,106.40594482421875,107.65363831161913,105.13844236119643,105.57909763240201,8838600
2025-03-20,105.64839935302734,106.81192342069235,105.03939809274725,105.19783965620829,7145200
2025-03-21,105.93558502197266,106.07916610000098,103.94520602108072,104.33139794671354,10425400
2025-03-24,107.94185638427734,108.19976466059887,107.41611038570043,107.69881957233083,8200200
2025-03-25,108.2989730834961,108.4428062605577,107.81786416132788,107.87242313914619,7481800
2025-03-26,105.88349914550781,108.22456273563905,105.46687110866455,107.96664689789915,7873000
2025-03-27,104.90641021728516,105.75455295501978,104.35090612643128,105.15936891936553,6577800
2025-03-28,102.36199188232422,104.78240784541015,102.01479427519969,104.36082264389145,10667600
2025-03-31,102.41158294677734,102.64469787313872,99.55965242503804,100.5764291681627,14219000
2025-04-01,103.1605224609375,103.24979664711154,101.17160620741622,102.00486978591297,9480200
2025-04-02,103.92434692382812,104.78240389520666,101.6080842756604,101.68744415819279,9292000
2025-04-03,96.83171081542969,99.54476509988694,96.75235850716167,98.94462400870555,19451400
2025-04-04,90.45332336425781,94.55514598151467,90.41860814192546,93.81116402900543,33804600
2025-04-07,90.99394226074219,95.13543663007245,85.53311071032144,86.76315856696702,44557800
2025-04-08,89.1438980102539,95.64629930722604,87.51210124329663,94.381528721484,25811400
2025-04-09,101.11209106445312,101.66759507672504,89.21333891690523,89.32742158013393,36988800
2025-04-10,96.40516662597656,98.30480120938029,93.11180724111112,97.63522207886201,19747600
2025-04-11,98.37921142578125,98.8007966360166,95.2048840527587,95.9240650557752,14423200
2025-04-14,99.27693176269531,101.49399809986443,98.20559616993424,101.42951725632098,11904400
2025-04-15,99.63900756835938,100.39291128515872,99.17277773781471,99.43069356138349,7200000
2025-04-16,96.17700958251953,97.99728415524109,94.50552531609526,96.9656284785923,13222400
2025-04-17,95.6562271118164,96.86643880397594,95.24951339932764,96.86643880397594,7480800
2025-04-21,93.18621826171875,94.3815434667617,91.8520094682615,94.14347137037737,8973400
2025-04-22,95.45783233642578,96.00837919530541,93.87562976143955,94.42617662031918,9312800
2025-04-23,98.22545623779297,100.1647710561248,97.823707184866,99.11823611550625,13413800
2025-04-24,101.89079284667969,102.02967642437521,99.0339052060308,99.1926249701543,9317000
2025-04-25,103.39859771728516,103.59203269480767,101.48408412798615,101.58328019396633,6518400
2025-04-28,103.22996520996094,103.77554736519288,101.68744252088344,103.26468042790056,5574400
2025-04-29,103.71107482910156,104.14258188824013,102.73397804263557,102.73397804263557,9144400
2025-04-30,104.14258575439453,104.52945573243423,101.08234114955482,101.67256799425452,10203800
2025-05-01,105.67023468017578,107.40619251205982,105.57599575839399,106.41917376310255,11532800
2025-05-02,107.4359359741211,107.9368810129692,106.59275808402869,106.880431965246,8125400
2025-05-05,106.86556243896484,107.62938051910334,106.45884870474,106.51340767961955,6757000
2025-05-06,105.97774505615234,106.75644977543065,104.956011083429,105.27840022575123,7958200
2025-05-07,107.03913879394531,107.50536859298423,105.24862231765123,105.97772507688457,8169400
2025-05-08,108.0608901977539,109.08758886753004,107.13835232550196,108.10057014118334,8704400
2025-05-09,107.92697143554688,108.74039129913227,107.37145983414538,108.54199159571215,7330000
2025-05-12,112.93643951416016,112.97611945300524,111.36911598656494,112.50493247750353,13478200
2025-05-13,115.376708984375,115.75366465196335,113.21420132316207,113.34316302762132,12757200
2025-05-14,116.12566375732422,116.58197177336757,115.44615510423924,115.91734972183761,10248000
2025-05-15,116.28436279296875,116.93907046017641,115.35686783259936,115.49574384052072,9536400
2025-05-16,116.50260162353516,116.6613213898383,115.4957467565965,116.6613213898383,8111600
2025-05-19,116.3339614868164,116.59683446390682,114.74183702480545,114.78151696431385,11863000
2025-05-20,115.89749145507812,115.91733520921665,115.01959075472945,115.60981756546741,10273200
2025-05-21,113.72010040283203,116.41331852388547,113.25883530763485,114.81127222406381,18643600
2025-05-22,113.74987030029297,114.7716042274346,113.49691917997909,113.77467121048261,11372000
2025-05-23,112.49501037597656,113.22907032270751,111.64687533540301,111.77087230598069,12004000
2025-05-27,115.16838836669922,115.32710812673449,113.86394534171747,114.24585057397472,14208400
2025-05-28,114.69224548339844,115.76853832537624,114.52360384446393,115.3072656398573,10789200
2025-05-29,114.88568115234375,116.54723609746081,114.29545433296828,116.42820384358666,14011800
2025-05-30,114.52857971191406,114.8856916424939,112.7975790364139,114.83113266509488,13494000
2025-06-02,115.54037475585938,115.60981275610612,114.08713390491872,114.22600990541221,12878800
2025-06-03,117.27633666992188,117.36561842678545,115.60981703415725,115.69413406842163,14312400
2025-06-04,117.44994354248047,117.81696976768848,116.86963857154939,117.42514263230218,10899200
2025-06-05,117.11762237548828,118.82382192053687,116.61171261081118,117.79712336000169,15885200
2025-06-06,118.22367858886719,118.7692683174073,117.88640287444923,118.24847949801445,9026000
2025-06-09,118.8039779663086,119.53803791997139,118.5956639619519,118.6849381488871,11100600
2025-06-10,119.46861267089844,119.6471686320029,118.33776077329526,118.78415446014411,9831600
2025-06-11,119.20573425292969,120.24234718394565,118.5907140789786,119.75628114397705,9599600
2025-06-12,120.3117904663086,120.58954248385758,119.16109488712006,119.18093107344147,11210400
2025-06-13,118.62541961669922,119.82570937068415,118.18894786318673,118.91805064772491,13193800
2025-06-16,120.5448989868164,120.90201088945648,119.33965199153735,119.33965199153735,13866200
2025-06-17,119.69181060791016,120.88713576447677,119.40909385577676,120.03900064442692,10525400
2025-06-18,119.83563232421875,120.5895360230132,119.22556934920374,119.98443020226922,11066000
2025-06-20,119.304931640625,120.6688984285572,118.74447043412465,120.26219226724301,11490600
2025-06-23,120.66520690917969,120.76953275678656,118.61337932476845,119.4231819947842,12277000
2025-06-24,122.83129119873047,122.98032811482626,121.74824159722027,121.89232072373689,11329400
2025-06-25,123.87956237792969,124.06337963109682,123.35791042138933,123.46720921535848,9228600
2025-06-26,124.73408508300781,124.932806042347,123.94415145494565,124.43599606328036,11288400
2025-06-27,124.58503723144531,125.5488497778976,124.01867417372942,125.07190887527021,12196600
2025-06-30,125.80718231201172,126.14998239259589,125.07190570395997,125.6780144532529,13365200
2025-07-01,124.68438720703125,125.66806873374746,123.82987353147,125.40476008053916,15144800
2025-07-02,126.00094604492188,126.08540283273594,124.28198774100049,124.37140989960875,11950200
2025-07-03,127.6602783203125,128.0428316785797,126.63685105375603,126.68653508019237,7112800
2025-07-07,126.64678955078125,127.50131083850601,126.08042651992503,127.16844150621363,11560800
2025-07-08,127.32742309570312,127.57085511335859,126.80079819427972,127.31251940403924,15715200
2025-07-09,128.09249877929688,128.574405022363,127.14359756546462,127.77952125607479,12933600
2025-07-10,127.67023468017578,128.52474845599252,126.99953817193771,128.41047670197236,9988600
2025-07-11,127.10881805419922,127.85403291655165,126.90512417245066,127.0640994011127,9239000
2025-07-14,127.00450134277344,127.31748647124023,125.79228379432317,126.79584206355605,8125200
2025-07-15,128.13226318359375,128.7880559929826,128.08755210496778,128.48499402260128,15657000
2025-07-16,128.52967834472656,128.6041967935904,126.59212286709604,128.1769475791483,17782600
2025-07-17,129.69720458984375,129.9008984891178,128.43034527942012,128.68370804464297,11955000
2025-07-18,129.61276245117188,130.23873271373856,129.26498940196137,130.19402163508644,10281000
2025-07-21,129.7816619873047,130.66598304613055,129.6077754815068,129.75681239422747,9246600
2025-07-22,128.57937622070312,129.77171701531864,127.65531703234272,129.68229486704553,13448800
2025-07-23,129.31466674804688,129.48358031248088,128.14716032768595,128.91225189954068,10091800
2025-07-24,129.8611602783203,130.11452304337584,129.13084904440495,129.6326167847863,12159600
2025-07-25,130.15924072265625,130.4871371260932,129.55313194565537,129.82141357781964,8002000
2025-07-28,131.19757080078125,131.23235113758366,130.38778328162073,130.65604975040105,11517600
2025-07-29,131.2025146484375,132.78236637100065,130.97895930737693,132.05205526733522,13739000
2025-07-30,131.49563598632812,131.94276184803613,130.46227810234888,131.34162613575575,13934600
2025-07-31,130.53184509277344,133.1500433064347,129.89592894529594,133.1500433064347,16414400
2025-08-01,127.7149429321289,129.15568881628764,127.07405382409357,129.11097773825315,19438000
2025-08-04,130.3082733154297,130.33310774593178,128.91719649430686,128.91719649430686,12377000
2025-08-05,129.23020935058594,130.9044565544904,128.93212033080866,130.79019996260587,11176000
2025-08-06,130.6858673095703,130.85479605535096,129.2699709075812,129.3544201190332,10167000
2025-08-07,130.8050994873047,132.3551441470282,129.71708445472242,132.14151950154616,10318000
2025-08-08,132.11170959472656,132.2607465163023,130.95413391188748,131.29693399294828,11015800
2025-08-11,131.21743774414062,132.62341835207098,130.91439096096173,132.02724036487064,9425400
2025-08-12,133.24940490722656,133.28418524572436,131.14293537386638,131.87324667513045,11153800
2025-08-13,133.299072265625,134.1635166996897,132.81219307187027,134.01945273496955,13990200
2025-08-14,133.01092529296875,133.4679819288042,132.31537927606476,132.62341416196236,15484400
2025-08-15,132.00242614746094,132.8320903764323,131.47580874807696,132.8320903764323,13373200
2025-08-18,132.2855987548828,132.40484346963018,131.7092973114929,131.83847276853643,12233800
2025-08-19,129.97540283203125,132.26570434123056,129.73197083415155,132.23589696032425,17367000
2025-08-20,129.0960693359375,129.64752110634888,127.10385657249164,129.64752110634888,23064200
2025-08-21,128.62905883789062,129.29975526546954,128.07263415058935,128.78306870093166,15148600
2025-08-22,130.3728790283203,131.2224198320127,128.1322612114468,128.48996499638628,13756000
2025-08-25,130.07972717285156,130.89450267210228,129.72202344464498,130.36788540021962,10691800
2025-08-26,130.6759033203125,130.84978981218336,130.00024915484622,130.189024175361,11081000
2025-08-27,131.3813934326172,131.53043034860778,130.20394115054748,130.80509208839356,11538600
2025-08-28,132.4197235107422,132.70289364927007,130.88458264034742,131.54036022784788,12380600
2025-08-29,130.3877716064453,131.8632976983642,129.91082315955734,131.83844810511448,17481200
2025-09-02,129.0712127685547,129.19045746062486,127.32244728636125,128.08256586702734,18226000
2025-09-03,129.84129333496094,130.09962907048177,128.87250779424198,129.73199453119489,15636600
2025-09-04,130.48216247558594,130.53680428837947,128.78306590668092,129.30968320012454,24397400
2025-09-05,130.59144592285156,131.76889814748102,129.2649719509373,131.71921412409594,38561800
2025-09-08,131.57017517089844,132.04712364922278,131.24725172885414,131.2770591135698,20556000
2025-09-09,131.8235626220703,131.96266881460127,130.88955740303186,131.86331591218652,19355000
2025-09-10,134.2132110595703,135.1174088484066,133.57232194974273,134.49142343129884,25957200
2025-09-11,134.66531372070312,135.24658807591013,134.4467161137396,135.05779785522003,23429200
2025-09-12,134.57589721679688,135.0627613206794,134.28773892212848,134.9336010285464,15612200
2025-09-15,135.7880859375,135.81789331867975,134.62555258718433,134.78949318367302,16268000
2025-09-16,135.31613159179688,136.19549495818978,135.15219096971398,136.10109984923872,16081400
2025-09-17,134.84912109375,135.39064211989367,133.45308634712356,135.22670150742087,18948600
2025-09-18,137.17916870117188,137.5815835704417,135.937143756157,136.5979095173098,20882600
2025-09-19,138.57025146484375,138.6994117546873,137.28350022655016,137.73064135438983,15670800
2025-09-22,140.60877990722656,140.7231985152144,138.31057051011064,138.36528255246014,15771200
2025-09-23,139.39500427246094,140.64360473095442,138.77817305675347,140.41476751532207,16456400
2025-09-24,138.53440856933594,139.76808614226155,137.60916177533272,139.76808614226155,13471000
2025-09-25,138.29066467285156,138.63390530683702,136.42523304507029,137.27586561668053,21349600
2025-09-26,138.70852661132812,138.83288872619062,137.48480765173935,138.4399001925669,16534000
2025-09-29,139.44972229003906,140.24067871300335,139.1263838221738,139.50444951557333,16107400
2025-09-30,140.21080017089844,140.35010029800645,139.1562119810619,139.4497047183526,18215200
2025-10-01,141.58377075195312,141.6832665110485,139.4546920632366,139.4944964392433,17411200
2025-10-02,142.34983825683594,142.9318443928879,141.70812555984983,142.9019987028812,17607800
2025-10-03,141.63351440429688,143.2054532293746,141.14600948875398,142.4791827886033,17458000
2025-10-06,143.06617736816406,143.98148069516984,142.99156313679003,143.5437236298797,17945600
2025-10-07,142.11106872558594,144.01132543694897,141.35993189348397,143.80239040955917,15588400
2025-10-08,144.60328674316406,144.6082660854075,142.36476878630586,142.4393830153502,14037800
2025-10-09,144.3595428466797,144.66795844943476,143.60839084705768,144.5386169976001,11989400
2025-10-10,138.48468017578125,144.92662844325372,138.42995295263916,144.66298137409728,44574600
2025-10-13,141.85739135742188,142.32995831031886,140.83263351035308,141.63851280922344,22030400
2025-10-14,140.03671264648438,141.4643872142804,138.41004656158282,139.99690827069472,26956800
2025-10-15,141.42459106445312,142.558772945686,139.68352145496007,142.00163309959578,20937600
2025-10-16,141.529052734375,143.0761100108027,140.56400159940515,142.444355991898,23166200
2025-10-17,141.7777862548828,142.20060528865645,139.79295663508051,140.68837294518644,25511600
2025-10-20,143.35964965820312,143.97151662992985,142.50403783849117,142.5886107425847,13805200
2025-10-21,143.4342803955078,143.94665167799744,142.74283496267455,143.27012909102615,12503800
2025-10-22,142.0165557861328,143.68301116095432,140.2307176389757,143.36961620265114,20723200
2025-10-23,143.80735778808594,144.03617980405969,141.45940070584743,141.45940070584743,11923400
2025-10-24,146.04092407226562,146.53340841070457,145.28978715966676,145.5036863714236,14359600
2025-10-27,148.73707580566406,148.86641725121584,147.85161823586384,148.0903989397469,15167000
2025-10-28,150.20953369140625,150.79653441546054,148.9460255251912,149.4583968350305,15055200
2025-10-29,151.28900146484375,152.21424830684987,150.16476309555182,151.57255072839612,21506200
2025-10-30,149.4285430908203,151.20442247119405,149.37879521099808,150.42840412491609,19218600
2025-10-31,149.57278442382812,151.04524264915244,148.7072290474637,150.93580339160698,16303800
2025-11-03,150.1846466064453,151.33375118327618,149.36385979169756,151.00543342119303,13983600
2025-11-04,146.22000122070312,148.43861709669588,145.97625633374196,147.468601710413,16722600
2025-11-05,146.79205322265625,147.98096223966897,145.73746499555273,145.96132285812067,14447000
2025-11-06,143.84217834472656,146.7174294331013,143.10098510115714,146.55824230480232,24797400
2025-11-07,143.34474182128906,143.37956685490997,140.08148132561135,142.6134920198567,25547000
2025-11-10,147.01092529296875,147.28949518296545,145.1504731317222,145.90658923586744,18286400
2025-11-11,145.7573699951172,146.30455112586878,144.78733947983685,146.04090406400653,14871600
2025-11-12,146.21006774902344,146.97612749801462,145.32957420058125,146.97612749801462,13179200
2025-11-13,142.5637664794922,145.5932260798628,141.78774801934424,145.39424971229838,22385800
2025-11-14,143.33975219726562,144.63810040423436,139.42981509356454,139.93222765023955,27429600
2025-11-17,141.09628295898438,143.5487001273798,139.9571217795109,141.99666342187132,24675400
2025-11-18,138.8030242919922,140.59882088221883,137.5295576222167,139.87751464103778,36747600
2025-11-19,139.76808166503906,141.33504113493055,138.45481056358125,138.81297402934968,27668800
2025-11-20,135.38059997558594,143.51886495315856,135.06720500613704,142.98659143936197,56551800
2025-11-21,135.90292358398438,137.7136280608503,133.05751782240475,135.6044514756661,44959000
2025-11-24,139.1412811279297,139.63376534364681,136.73363280759165,136.81820571119388,20124800
2025-11-25,139.51438903808594,139.8725525318945,135.95763563123205,137.91758375277865,21303400
2025-11-26,141.16592407226562,141.76783246119507,140.0715313824645,141.16094472974578,13358800
2025-11-28,142.37969970703125,142.4045660578158,141.08135132433986,141.46439635669378,6792200
2025-12-01,142.4443817138672,142.87218013913426,140.56402698182828,140.99680475001543,12846600
2025-12-02,143.9118194580078,144.77241067553317,142.9119584733393,143.32981331753103,15719000
2025-12-03,144.25506591796875,144.35456167672365,142.49907356048683,143.21540051694214,11623200
2025-12-04,144.7923126220703,145.05098033063896,143.75761142595417,144.449072004033,9995200
2025-12-05,145.8518829345703,146.558251190227,144.94652316601554,145.4638737738927,6628000
2025-12-08,146.87660217285156,147.6227746851202,146.17021884829973,146.6776106915117,8272800
2025-12-09,147.2646484375,147.4934704816868,146.21006011629186,146.58811062822608,6978200
2025-12-10,147.9709930419922,148.45849792669844,146.0707517399233,146.9363070759683,8961100
2025-12-11,147.2148895263672,147.37407666732094,144.36948390073462,146.30952974072926,9769300
2025-12-12,142.9567413330078,146.3294412956419,142.52892776192394,146.1901563336216,14873200
2025-12-15,141.57383728027344,143.8919489669787,141.29526735217277,143.68301393044197,10790300
2025-12-16,141.83250427246094,142.24041565821943,140.5789396026058,141.18582733868573,10790900
2025-12-17,138.6786651611328,142.11105610515443,138.6090302788015,141.99167334634618,18178700
2025-12-18,140.8177032470703,141.69321739375638,140.07153055775981,141.1360775480188,12319500
2025-12-19,143.86209106445312,143.88197807125653,141.84245166665897,141.86233867346238,14265900
2025-12-22,144.63827514648438,145.4852109867295,144.1300984383908,145.4852109867295,8864500
2025-12-23,145.42544555664062,145.45533651886484,143.8411637429646,144.21980286973556,7546100
2025-12-24,145.77420043945312,145.9734785981147,145.15641838246867,145.26602365032488,3676300
2025-12-26,146.00335693359375,146.45173655278825,145.71440590911877,146.08307123095352,5052900
2025-12-29,145.34573364257812,145.8539104166302,144.5187148649165,144.827613486219,9822300
2025-12-30,144.88739013671875,145.73432605605694,144.857499175092,145.3258111791752,6387400
2025-12-31,143.4525604248047,145.2759850689737,143.38280471304168,145.18631218580498,9528400
2026-01-02,143.7813720703125,145.99339434862094,142.89457144190575,145.1065937202142,15299500
2026-01-05,144.10020446777344,145.86384702192908,143.73153918054538,145.48520794600006,17476300
2026-01-06,146.12290954589844,146.24248858472043,144.11018070707672,144.6880979155526,14985700
2026-01-07,146.00335693359375,146.85030803958708,145.51511256374556,146.00335693359375,13957100
2026-01-08,143.72158813476562,145.40550128342846,142.98424231768556,145.40550128342846,16870100
2026-01-09,145.62472534179688,146.05318781173682,143.5123495665023,144.05041730047822,15652600
2026-01-12,146.26242065429688,146.7606236222921,144.52868405620026,144.66818027908099,12867200
2026-01-13,145.9535369873047,146.9898076731034,145.3258115874313,146.32221752165037,16552200
2026-01-14,144.179931640625,145.40550664860703,142.80490182823573,144.97705940667458,22104200
2026-01-15,144.9372100830078,147.03962715727187,144.7877400744232,146.4019127802936,17370900
2026-01-16,145.0966339111328,146.42185568872165,144.49879944563057,146.19268657047655,14156700
2026-01-20,141.33021545410156,143.58210261816538,141.10104634407716,142.57572288415523,20029200
2026-01-21,143.2931365966797,144.5187116525987,141.44979471978408,142.2668396890807,27892800
2026-01-22,144.3592987060547,145.17634367789677,143.64188520670893,145.0866707914656,12971600
2026-01-23,144.5685272216797,145.3058730551825,143.23334697534384,144.01054235478992,14654500
2026-01-26,145.5549774169922,146.18271800667551,144.36925194934486,144.7478910610837,10195600
2026-01-27,147.51788330078125,148.08582670677382,146.50154511685977,146.89014277483767,12436200
2026-01-28,148.6936492919922,149.36123942542167,148.07588249471812,148.46448019041432,19497400
2026-01-29,146.34213256835938,147.3983204106623,142.7550803796295,147.30864752683232,25581000
2026-01-30,143.36288452148438,146.22256456457092,142.47608388628643,145.51510969193228,18342600
2026-02-02,144.7379150390625,145.6247156787093,142.87464087803937,143.01413709537886,16337600
2026-02-03,141.56935119628906,145.44536951448507,139.666212290443,145.35569663300265,30464500
2026-02-04,137.62359619140625,140.50320901398803,135.6208255417184,140.32386322623216,45649500
2026-02-05,135.1425323486328,137.98227994179663,134.594506082039,136.72681402519288,42950900
2026-02-06,140.62277221679688,140.9615465803168,136.92609956748933,137.5139754107647,37131900
2026-02-09,142.83477783203125,143.5123264796573,139.4071394397099,140.09466187588373,24629500
2026-02-10,142.0376739501953,143.6319143785456,141.87824534617573,143.30311378818442,22564300
2026-02-11,142.45614624023438,144.2397060301286,140.8120826618182,143.990604566493,18905700
2026-02-12,138.70968627929688,143.25329521746016,138.4207200243989,142.7949417666336,32154700
2026-02-13,139.0583953857422,140.4035493395965,137.43424901543528,139.0583953857422,26637100
2026-02-17,138.97869873046875,139.94521372580633,136.52754858860416,138.14172137490272,25743800
2026-02-18,140.403564453125,141.6092071245862,138.7694593220249,139.5566133237596,13705800
2026-02-19,139.70608520507812,140.20428818102613,138.77941976376175,139.5865061521658,13484000
2026-02-20,140.37367248535156,141.24054078043375,138.47053350736965,138.6997026144935,14942400
2026-02-23,138.0221405029297,140.14447459251355,137.3943999617004,139.67616263381018,22021900
2026-02-24,139.81568908691406,140.43345590572417,137.69333956507563,138.73956884502195,13030600
2026-02-25,142.49600219726562,142.82481796853554,140.70248374153513,140.85193854486354,13296000
2026-02-26,140.50320434570312,142.4960163422867,138.7594938486925,142.42627582845972,19364900
2026-02-27,138.2612762451172,139.26765592761615,137.44423131887518,137.81289663403766,15328600
2026-03-02,139.03846740722656,139.4569712490814,136.06918219314815,136.53749416498613,20156700
2026-03-03,137.0058135986328,137.83283233428375,134.50484022018077,135.86991146131842,34153000
2026-03-04,139.33741760253906,140.12458689184152,137.5438836817958,138.03212811698273,15201400
2026-03-05,139.67617797851562,140.75229822286758,137.59369320381003,138.65985486213998,19422500
2026-03-06,136.7965545654297,139.32743397765236,136.29835163275007,137.32466366170124,19677200
2026-03-09,139.2576904296875,139.7060852714122,134.97315699765886,135.48131855994575,22760900
2026-03-10,139.2576904296875,140.8818369973126,138.52035975546121,139.3374047303508,24338500
2026-03-11,139.92527770996094,141.08111223983923,139.0185598669898,140.07474772210523,14009200
2026-03-12,137.34457397460938,139.2477127313698,137.15525443701225,138.76944219698237,32372800
2026-03-13,136.30833435058594,139.20787925765848,136.02934190632615,137.9523980545416,15701800
2026-03-16,138.28121948242188,139.57655028591773,138.0221594033021,138.2214375567749,16626400
2026-03-17,139.03846740722656,139.765854633922,138.43065922275258,138.88901260938331,12034600
2026-03-18,137.46417236328125,139.56658953835117,137.43426619697235,138.8093112813536,12634500
2026-03-19,137.9324493408203,138.66979511556758,134.9532056916611,135.51119051408773,18087900
2026-03-20,134.8037567138672,137.48409120027748,133.83725691259082,137.48409120027748,27251800
2026-03-23,136.62744140625,138.87214202701924,135.89916502279854,137.1761490470081,21818500
2026-03-24,135.82933044433594,136.59752118584393,134.55234634624154,135.72957510024023,16843900
2026-03-25,136.43789672851562,137.67498175494603,135.9590314891577,136.96664725221012,13872400
2026-03-26,132.18792724609375,135.2008186049689,132.10811384063706,134.86160782606532,15434600
2026-03-27,129.61399841308594,131.73898650877322,129.27480286643495,131.22020699910988,15895200
2026-03-30,127.19970703125,131.2401713579893,126.38163863166291,130.96083204272915,18830000
2026-03-31,132.5869903564453,132.90624400549538,128.6762244926932,128.8458222851816,19405300
2026-04-01,134.59225463867188,135.72956902585238,133.44495406153285,133.80410677447674,17050100
2026-04-02,135.6697235107422,135.71959357307793,131.04065219038503,131.5993308496408,12266200
2026-04-06,136.45785522460938,136.92674950083745,135.3903831990285,136.15855873850717,10147600
2026-04-07,137.1063232421875,137.1661947198654,133.79415028473002,135.84929622229103,8585500
2026-04-08,141.35629272460938,143.22188361051582,140.40853321872086,142.79290365780312,13359000
2026-04-09,141.7353973388672,141.85510983789226,140.0194471462037,141.426114678301,8235100
2026-04-10,142.28408813476562,143.22187662725608,141.58573986041657,142.16437563712026,9310100
2026-04-13,145.26705932617188,145.326915578264,141.7952596991667,141.99478561375753,10407700
2026-04-14,147.59158325195312,147.59158325195312,145.73596320057376,146.55402407115363,10183300
2026-04-15,149.94601440429688,150.0158416234453,147.61152925816867,147.9207967062218,10622500
2026-04-16,151.66197204589844,151.8215836500959,149.3973140085456,150.63439908390154,11778000
2026-04-17,153.98648071289062,154.44538879533008,153.148447512918,153.69715519657524,10630400
2026-04-20,154.19598388671875,154.38553884179314,152.6795594689759,153.93660170879454,8131600
2026-04-21,154.32566833496094,155.70242295700717,153.78693164683384,154.6349357708465,12657300
2026-04-22,157.7176513671875,157.78749380510294,155.15371233257872,155.8520605974809,13830400
2026-04-23,155.47296142578125,157.42835192488417,153.58741336939877,156.4007790023655,12151400
2026-04-24,159.8426513671875,160.0222201245483,157.22882685770284,158.05685864711316,11059800
2026-04-27,160.19183349609375,160.24170355801581,158.43596889830982,159.64312580928626,8963900
2026-04-28,157.47824096679688,158.26637367674553,155.7922187849053,156.7399783195796,9253000
2026-04-29,158.73526000976562,158.77515910252274,157.3784625132571,158.4559206919125,7506900
2026-04-30,159.1243438720703,159.42364035339057,156.51051939576632,159.27398450130474,9276400
2026-05-01,161.48876953125,161.90777854808016,159.76284817607637,160.01225939248857,10161800
2026-05-04,161.66835021972656,162.855550021248,160.50110757750906,162.32679947108585,10740000
2026-05-05,165.2399139404297,165.62899480550558,163.13488279274947,163.48404934082433,9813500
2026-05-06,169.62953186035156,169.6794171413147,166.44704274281938,167.48460178459092,11304700
2026-05-07,169.29034423828125,171.54501594866085,168.30267043119645,169.85899384392317,11031500
2026-05-08,175.1066131591797,175.1864265670051,170.89655103920703,171.18586132257957,11222200
2026-05-11,177.46107482910156,177.88008384889775,175.45579889232724,175.73513823885804,10461800
2026-05-12,174.787353515625,176.57314610573377,170.79677459872556,175.73511296381852,15950700
2026-05-13,176.43348693847656,177.32139019134317,173.84957536684894,176.85249592291177,9817900
2026-05-14,179.07723999023438,179.7955454576055,176.4534293185079,176.94228074634006,11424900
2026-05-15,175.84486389160156,178.27911959667375,174.21871324758797,175.79499383075523,14519000
2026-05-18,173.94935607910156,177.4311420743029,171.50512924926298,177.20167279910882,19162600
2026-05-19,172.8319854736328,174.7674035406702,170.42765792391148,172.27329161511307,15751400
2026-05-20,176.72279357910156,176.83253511248597,173.5403043338046,174.24863881707694,12630300
2026-05-21,178.1793670654297,178.55846173724444,175.41588671174168,175.41588671174168,10873200
2026-05-22,179.96514892578125,181.3019893344759,179.13710189634597,179.60599618075935,10739900
2026-05-26,184.70396423339844,185.5619394008325,182.15996685833275,182.76853081689472,12500300
2026-05-27,183.99562072753906,185.83129870466783,182.11007268935006,185.74149910448637,12297400
2026-05-28,186.40992736816406,187.138203772256,183.3571216502024,184.39468071356018,11167600
2026-05-29,190.5701141357422,191.17867807322256,188.75439329108372,188.88409198651692,15031700
2026-06-01,195.2989501953125,196.03721286393278,190.69980683167714,191.86706470132816,18968800
2026-06-02,197.74319458007812,197.91279237969144,195.28898152417136,195.9873298822416,10175200
2026-06-03,195.76783752441406,198.2619495585935,194.0718443857424,197.9027968167576,11582100
2026-06-04,192.71505737304688,194.2813671231681,189.24325749393674,191.06894942957595,13142600
2026-06-05,179.8753662109375,188.7743562834964,179.3765437950574,188.44513166227327,26816100
2026-06-08,183.74620056152344,186.2702557540109,182.73858485623995,184.78375961397333,14685000
2026-06-09,180.34425354003906,186.63938974985447,172.47283673013038,185.47214716848225,29884400
2026-06-10,176.21400451660156,181.98039019765682,175.73512405589523,177.7403998308308,20059800
2026-06-11,182.77850341796875,183.2274405159888,176.08430037151288,177.37125541555054,18238400
2026-06-12,184.36476135253906,185.40230524236475,181.21220014357212,182.8084379063748,15014300
2026-06-15,191.33828735351562,191.62761286707592,189.3030986823372,189.92163358010538,13097800
2026-06-16,186.0009002685547,191.79721416206138,185.99091407785878,190.77961219643637,10077200
2026-06-17,185.36241149902344,189.54254575074086,184.86358908660563,188.5648428619486,14396100
2026-06-18,190.98912048339844,191.54779912853377,188.9339746575714,189.97151853812971,12101600
2026-06-22,191.926025390625,194.0735285123133,190.63753571041485,192.72509596518336,11313000
2026-06-23,183.97531127929688,187.0317421164443,183.4858769346608,184.46473038292945,14633600
2026-06-24,182.83663940429688,185.44359778989664,180.57926391301686,183.8554547566356,12323700
2026-06-25,184.35487365722656,188.19039411896924,180.16975505693293,187.93068741913018,13218200
2026-06-26,180.89889526367188,182.8965640246904,179.55046275358313,180.78902287217574,13433900
2026-06-29,185.19387817382812,185.44358675820328,178.46172925231315,182.90653900599034,11857000
2026-06-30,190.2979278564453,190.71743646163878,185.38366460003232,185.54346651558015,10729900
2026-07-01,185.40362548828125,187.76087514254127,185.1639150006971,186.61222174686054,9960300
2026-07-02,180.37950134277344,187.16159548022816,178.5116858845983,185.27379906649404,14173100
2026-07-06,183.3560333251953,185.49353827561598,181.82780271146646,182.44709038714183,8923100
2026-07-07,178.97113037109375,180.50934379520373,176.1544254474548,179.6303646957123,12254800
2026-07-08,181.1885528564453,181.41829574043715,176.94350668472757,177.27312386345193,10528300
2026-07-09,185.1339569091797,186.1827208067653,183.34603484869942,184.54463304665654,7756600
2026-07-10,185.56344604492188,186.01291845839043,182.87657917993928,183.79550496154252,6162000
2026-07-13,181.06869506835938,183.68563626512196,180.32955214088304,182.88658095444853,8595100
2026-07-14,183.4059600830078,184.21501347506333,181.11863610743106,183.49586675846058,6399600
2026-07-15,181.36834716796875,185.0740141545836,178.0122630670895,184.89423128323438,9256800
2026-07-16,177.31307983398438,179.2707866443943,176.20437308487368,178.79135041913105,8666500
2026-07-17,175.3853302001953,177.71261620184328,171.14028396238763,172.64853367406275,12036700
2026-07-20,175.50518798828125,178.49169290044398,175.31540702576874,176.98345853895387,7638600
2026-07-21,180.56927490234375,180.8090006361962,177.96231660558428,179.3506957603487,7506800
2026-07-22,180.05987548828125,181.21851177007787,177.9423362677504,177.95233436565567,5357600
2026-07-23,178.2419891357422,180.17973023968148,176.99344618124553,178.59158725940242,7177000
2026-07-24,175.67498779296875,178.80132889899045,174.84595346563958,177.61272884226796,7739600
2026-07-27,174.09683227539062,178.09216972179775,171.52982065039268,177.62271635256468,8376600
2026-07-28,170.89056396484375,171.9693068834391,167.34469900150776,171.0104344498005,10049300
2026-07-29,166.3758544921875,172.30891806741425,166.2659820977757,170.9205388513034,14372900
2026-07-30,175.52516174316406,175.88474273045077,171.9593309234905,172.6085671756178,15098400
2026-07-31,175.14561462402344,178.4117920730009,172.49869437250285,177.25315577539885,9146200
2026-08-03,177.83245849609375,178.71143758899683,172.83828681551256,173.8071573408255,9343400
2026-08-04,186.68214416503906,187.49121283538872,181.65800832805908,182.3072598357962,13495800
2026-08-05,185.69329833984375,188.40013090319985,185.49353451731974,187.12162414984294,7571400
2026-08-06,185.11398315429688,186.692143352041,181.8477903639972,182.9764781251505,6706000
2026-08-07,187.7509002685547,188.51000891318392,185.52350386103487,187.77088122370373,6361200
2026-08-10,186.1028289794922,188.61988064332934,186.05288421229633,187.86077200136302,6486800
2026-08-11,185.87307739257812,187.49119937611516,184.8542773463168,187.47121842197208,5759200
2026-08-12,188.63986206054688,189.3690068921826,188.11048105718083,189.2491516434214,5887200
2026-08-13,190.54763793945312,191.51650850224553,188.63986062583075,188.9095501744954,4873900
2026-08-14,189.78851318359375,191.12696282274396,189.0294045490482,190.91720089897322,3634400
2026-08-17,190.09815979003906,191.5264855872116,189.8883978716208,190.5675979103036,6099500
2026-08-18,185.40362548828125,187.28143892637047,184.11513589450894,186.07284266779118,8436300
2026-08-19,183.4259490966797,186.69214186089158,182.19738704887655,186.1727437040222,7310400
2026-08-20,182.88658142089844,184.49470538538532,182.44709185430528,183.25614526507763,5012100
2026-08-21,183.09632873535156,184.34487171700772,181.68796859420266,184.20503551270235,5781100
2026-08-24,179.8401336669922,181.66800241639237,178.61157164365878,181.46822334703467,6540100
2026-08-25,181.52816772460938,182.80667452593244,180.37949903024662,181.89773157219398,5363500
2026-08-26,182.6268768310547,183.1362921259298,180.49936993699916,180.49936993699916,4662700
2026-08-27,188.39015197753906,188.5200053233405,185.45357647805062,186.25264702582345,8136000
2026-08-28,185.4735565185547,188.45007867230487,185.29375840671585,187.85078719518228,6300200
2026-08-31,186.28260803222656,186.43242708973878,185.06402889445135,185.5634460741624,4874800
2026-09-01,183.4259490966797,184.70445591281702,182.41713183674423,183.48587672227933,7648700
2026-09-02,183.38600158691406,183.5657844628898,182.05755000852534,183.24616538082068,5698700
2026-09-03,185.75323486328125,186.10283300020208,182.2772954135975,183.30609362784585,6091100
2026-09-04,187.06170654296875,187.9806323685831,186.20270834322002,186.97181510417033,5103800
2026-09-08,187.6510009765625,188.85959722368491,186.80200093941255,188.42010767927675,8421300
2026-09-09,187.6510009765625,188.60988864081688,186.93183903862231,187.31140096170253,5990000
2026-09-10,185.0041046142578,186.30259235316933,184.35486836530362,185.02408556928808,5568800
2026-09-11,187.4512481689453,188.42011874666287,186.66217570677492,187.13162908942172,6534700
2026-09-14,184.06520080566406,185.3836695206995,181.86776818827497,182.78669400132847,8532300
2026-09-15,183.5258331298828,184.85428467451752,183.24616072480214,184.28494176638705,6147600
2026-09-16,183.71559143066406,185.9130391546026,182.20735707559933,184.71442576299887,8061600
2026-09-17,187.84078979492188,188.31024316962984,186.5123382495784,187.0816811580126,7390700
2026-09-18,189.37899780273438,189.5887444801059,187.30142053737328,189.00941873140886,6996200
2026-09-21,194.85000610351562,195.08999633789062,190.97000122070312,191.7899932861328,9038700
2026-09-22,196.27000427246094,196.50999450683594,194.47000122070312,194.58999633789062,8730500
2026-09-23,195.33999633789062,196.67999267578125,193.82000732421875,196.66000366210938,5852800
2026-09-24,194.7100067138672,195.1999969482422,192.61000061035156,193.0,6356900
2026-09-25,196.27000427246094,196.94000244140625,195.0500030517578,195.52999877929688,6000400
