Price,Close,High,Low,Open,Volume
Ticker,XLU,XLU,XLU,XLU,XLU
Date,,,,,
2012-01-03,10.826096534729004,11.104866940844882,10.79239882048443,11.083423153343567,38369800
2012-01-04,10.764829635620117,10.859795828797374,10.761766737788117,10.79546445693485,11550200
2012-01-05,10.78626823425293,10.81996593717922,10.694366151743838,10.75257053132664,24220000
2012-01-06,10.728068351745605,10.813843508896875,10.715814423981461,10.804653647373202,14611000
2012-01-09,10.743387222290039,10.783211910805203,10.694372670501796,10.76176811743529,9054600
2012-01-10,10.758700370788574,10.835285654800508,10.749510510658725,10.81996883171786,9017200
2012-01-11,10.709686279296875,10.764827779556997,10.691306558275997,10.752573853143916,12326000
2012-01-12,10.694365501403809,10.774013656441934,10.660667800526726,10.724999137511169,12015200
2012-01-13,10.688238143920898,10.688238143920898,10.605525927181738,10.666794365721664,12033800
2012-01-17,10.679049491882324,10.798522317784192,10.654541646262249,10.74950779514244,13276400
2012-01-18,10.675987243652344,10.694368130995342,10.61778285329741,10.685178271623142,11886400
2012-01-19,10.58714771270752,10.694366618885168,10.57795668603627,10.68517676081235,15258200
2012-01-20,10.60246753692627,10.617784360920979,10.553452998983941,10.58715071293156,12673600
2012-01-23,10.645358085632324,10.706626567327005,10.584089603937644,10.587153670751878,48796000
2012-01-24,10.559579849243164,10.605530320735312,10.538136062160412,10.59327756282999,9992800
2012-01-25,10.734193801879883,10.749510625125632,10.45848630906156,10.541198556907057,25864600
2012-01-26,10.770954132080078,10.804651843506113,10.70355870922801,10.75563730923152,14701000
2012-01-27,10.639226913452148,10.743382940566164,10.599402240808917,10.743382940566164,16195600
2012-01-30,10.571832656860352,10.599403407324786,10.507501295309588,10.599403407324786,18950200
2012-01-31,10.623909950256348,10.626972847219662,10.55651453107731,10.59633920319207,14719800
2012-02-01,10.66066837310791,10.685176218188756,10.626970670420933,10.648414450567488,16393000
2012-02-02,10.642291069030762,10.709685321075295,10.62084611542723,10.672924713723855,16077200
2012-02-03,10.669862747192383,10.715813218239276,10.605530217968749,10.654544754911345,18463000
2012-02-06,10.623909950256348,10.660670556809182,10.59633920319207,10.65454359428394,12154000
2012-02-07,10.700498580932617,10.73419630107819,10.56877176687209,10.617786313829567,13857800
2012-02-08,10.712747573852539,10.725000328497137,10.639225202992753,10.725000328497137,12836600
2012-02-09,10.682113647460938,10.71274845809717,10.64841594006035,10.69436757171543,13716800
2012-02-10,10.66066837310791,10.679049256918544,10.620843709150723,10.636161696625438,9117200
2012-02-13,10.648415565490723,10.72500083648953,10.639225706922383,10.706621119352853,13429800
2012-02-14,10.651479721069336,10.679050465606643,10.6024651939584,10.645352759105656,11173200
2012-02-15,10.630038261413574,10.68824265988983,10.587150686894358,10.66373597527832,14695200
2012-02-16,10.743387222290039,10.774020878933031,10.623914325343641,10.645358118713554,14764400
2012-02-17,10.737256050109863,10.804651470636106,10.709685302494458,10.764826797725268,9259200
2012-02-21,10.697432518005371,10.761765048367687,10.682115694051966,10.761765048367687,11839400
2012-02-22,10.709686279296875,10.749510955840018,10.669862771352475,10.685179595069457,9135000
2012-02-23,10.700498580932617,10.740323265522747,10.663737962864253,10.721942372189076,9678000
2012-02-24,10.74644660949707,10.780143149691325,10.68517815429178,10.715811797595133,6650400
2012-02-27,10.743387222290039,10.758704050611534,10.682118740404963,10.73419735901696,9379200
2012-02-28,10.691306114196777,10.755637472295241,10.660671299436537,10.740320649214468,13654800
2012-02-29,10.688238143920898,10.74031672568923,10.626969705380972,10.697428000692494,12283400
2012-03-01,10.715813636779785,10.75257424877285,10.675988958771338,10.691306951650668,11064000
2012-03-02,10.709686279296875,10.743383992633477,10.675988565960274,10.718877308406057,9731000
2012-03-05,10.734193801879883,10.755637588143674,10.648417488226013,10.712750015616091,9338000
2012-03-06,10.691306114196777,10.70355887150218,10.630037653274991,10.694369011373455,14676200
2012-03-07,10.697432518005371,10.712750510557536,10.614721434937232,10.712750510557536,12488400
2012-03-08,10.731128692626953,10.752572476805652,10.691305189779994,10.697430983603686,11045800
2012-03-09,10.774015426635742,10.786269350531358,10.697430155185906,10.76176267133863,7781600
2012-03-12,10.896554946899414,10.917998734570553,10.777082081703416,10.801588766785239,16048200
2012-03-13,10.933313369750977,10.942504397340366,10.862855057424587,10.933313369750977,12321600
2012-03-14,10.770954132080078,10.94863254919965,10.758700206361762,10.911870772044697,17269600
2012-03-15,10.761761665344238,10.810776187746384,10.706620181567024,10.792395303621182,12788000
2012-03-16,10.75310230255127,10.762378351254092,10.703634367301106,10.743827433257055,15197600
2012-03-19,10.678901672363281,10.784021188919008,10.678901672363281,10.743828120392461,22928000
2012-03-20,10.691272735595703,10.722189765768094,10.647987242181616,10.67272180984681,13867800
2012-03-21,10.669629096984863,10.72837310382132,10.666537865818817,10.697454895115534,8715400
2012-03-22,10.694361686706543,10.703636557898946,10.626342819538651,10.663444663125965,20501600
2012-03-23,10.697454452514648,10.725280249494046,10.672721065982419,10.703638093999961,10354800
2012-03-26,10.771657943725586,10.802574974535268,10.709822702697094,10.731464860145698,14005400
2012-03-27,10.824217796325684,10.845861134511784,10.756200088487937,10.774749836348596,9208600
2012-03-28,10.734557151794434,10.83040065388674,10.694364068660404,10.821125780628545,13336600
2012-03-29,10.777839660644531,10.78402330158378,10.632527047094511,10.706729558956562,13463000
2012-03-30,10.83349323272705,10.839676874798196,10.774749222755746,10.808758664442474,10740800
2012-04-02,10.88914680480957,10.926247484549053,10.79948574764725,10.830402784195263,24147800
2012-04-03,10.882959365844727,10.895326647914192,10.808756852836867,10.886050596657626,11515400
2012-04-04,10.867502212524414,10.88914436914902,10.818034257466872,10.82421671986612,15941200
2012-04-05,10.787117004394531,10.83967737471875,10.753107561139306,10.821126447649759,9394800
2012-04-09,10.731463432312012,10.756197997196097,10.700546405615876,10.716004918963943,10053000
2012-04-10,10.59233570098877,10.70982253920852,10.564509901921175,10.685089150820161,15282400
2012-04-11,10.61706829071045,10.66035259688257,10.592333727521302,10.657261366188369,9841800
2012-04-12,10.651077270507812,10.651077270507812,10.570691122985082,10.63252634890822,11687800
2012-04-13,10.61397647857666,10.712912367095708,10.607792838118115,10.632526220543467,10694800
2012-04-16,10.71291446685791,10.750015137472188,10.623253431748443,10.64489558789086,14579000
2012-04-17,10.76856517791748,10.787114921996354,10.660353226685244,10.76856517791748,11185600
2012-04-18,10.750015258789062,10.79948321330271,10.719097050087367,10.756198900529402,7177000
2012-04-19,10.722189903259277,10.765474217819301,10.681996819992492,10.740740829246052,10031400
2012-04-20,10.827308654785156,10.845859579395118,10.716005465943441,10.74383126315387,15567800
2012-04-23,10.780928611755371,10.790204660907255,10.731460674110428,10.777837381643852,11181000
2012-04-24,10.855134010314941,10.861317651599991,10.768565391142202,10.768565391142202,12486600
2012-04-25,10.910782814025879,10.926241323583316,10.839672726534728,10.886048255207037,12474000
2012-04-26,10.972617149353027,10.98807565766744,10.88604737985686,10.88604737985686,8532000
2012-04-27,11.009725570678711,11.02518408989648,10.957165190046991,10.991174639971737,10086800
2012-04-30,11.025179862976074,11.040638376267237,10.963344630402455,11.003537708486652,14092600
2012-05-01,11.080831527709961,11.11174855449697,10.997354140094275,11.037547218444562,18520800
2012-05-02,11.015905380249023,11.074648204595341,11.000446866411465,11.062280921761694,11011400
2012-05-03,10.981894493103027,11.083921614495656,10.966435981305217,11.006627876097754,11720000
2012-05-04,10.997353553771973,11.049913911798402,10.969527759383604,10.969527759383604,13746600
2012-05-07,10.97571086883545,10.991169380656265,10.938610204583725,10.963343587615258,7753200
2012-05-08,10.994264602661133,11.006630707635344,10.92315448657052,10.932429360153465,10825200
2012-05-09,11.000448226928711,11.043732542790805,10.910787184409143,10.926245700158583,10545200
2012-05-10,11.102476119995117,11.142669207170172,11.031365999244931,11.049916927035548,8930000
2012-05-11,11.108657836914062,11.17358430381242,11.071557167173435,11.087015681281278,6259400
2012-05-14,11.096291542053223,11.136484625840263,11.028272658630405,11.053007226932932,10098600
2012-05-15,11.018998146057129,11.108659189976192,10.994264756353797,11.07155851571661,11448800
2012-05-16,11.034457206726074,11.06846665122994,11.003540173218504,11.049916902889088,14291600
2012-05-17,10.972617149353027,11.062276969340058,10.969524740044994,11.049910870333678,12689600
2012-05-18,10.95097827911377,11.04991536728907,10.93861217507479,10.994263771181929,13781000
2012-05-21,10.963345527648926,10.98189645276192,10.913877573423338,10.96025429650129,10930600
2012-05-22,11.04063892364502,11.068464720712258,10.991170971015373,11.006629485072946,13908800
2012-05-23,10.981894493103027,11.065371872101824,10.92624290710383,11.018995157299543,11472400
2012-05-24,11.025179862976074,11.087015095549692,10.966437040706067,10.991170426090136,12908400
2012-05-25,11.062280654907227,11.09319886124551,11.028271217639606,11.034454858907262,9711600
2012-05-29,11.096291542053223,11.102475184128854,11.04373235352405,11.102475184128854,8195800
2012-05-30,11.02827262878418,11.142668237760075,11.006630471282605,11.053007197019767,7922000
2012-05-31,11.087018013000488,11.151944493553582,11.009724246796534,11.022091532447392,12034600
2012-06-01,11.04063892364502,11.108657800789166,10.994263381472301,11.00353825402504,22322000
2012-06-04,11.077739715576172,11.090105817996777,11.025179357505191,11.053005151917144,11532400
2012-06-05,11.117935180664062,11.170495555604077,11.04682505643522,11.068467216878377,8597600
2012-06-06,11.272521018981934,11.272521018981934,11.136484433890177,11.167401464326314,17798400
2012-06-07,11.359090805053711,11.368365678284697,11.315805311354525,11.315805311354525,14748200
2012-06-08,11.38382625579834,11.402377185030156,11.294165200291872,11.349816808578002,13459200
2012-06-11,11.37454891204834,11.488943335625336,11.362181628578107,11.439475381153468,14834000
2012-06-12,11.386917114257812,11.396191987904286,11.284888786509955,11.365273776734105,9471600
2012-06-13,11.390009880065918,11.436386613364212,11.31271611084164,11.349816789834684,13327400
2012-06-14,11.467302322387695,11.501311765616574,11.39619220445876,11.40855948916184,11687000
2012-06-15,11.524092674255371,11.545936242185448,11.471043159007202,11.508490295788912,11906600
2012-06-18,11.567782402038574,11.586505974624707,11.477286920117093,11.477286920117093,10345400
2012-06-19,11.542818069458008,11.630192355006516,11.542818069458008,11.598986402749647,11170400
2012-06-20,11.430479049682617,11.555299287855163,11.389911906843492,11.542818097307663,14779400
2012-06-21,11.31190013885498,11.502252304067047,11.299417756457515,11.442961582871844,19179200
2012-06-22,11.315018653869629,11.355585796143139,11.296296273116738,11.343103415384313,6910600
2012-06-25,11.293176651000977,11.311900224739329,11.233887119741127,11.233887119741127,10650000
2012-06-26,11.30877685546875,11.355583990292702,11.274450909033424,11.299414476195834,7963200
2012-06-27,11.436718940734863,11.477284888579613,11.339982285074214,11.36806704378955,10449400
2012-06-28,11.477282524108887,11.477282524108885,11.34934113640446,11.383667077805523,8461600
2012-06-29,11.542818069458008,11.602107593168014,11.474166164878259,11.57714283136252,15240200
2012-07-02,11.614587783813477,11.639551350526027,11.517851135637644,11.580261837996725,23177200
2012-07-03,11.586503028869629,11.639551352131829,11.549055893217933,11.602105406865268,5525200
2012-07-05,11.517854690551758,11.592747794574972,11.50849349894342,11.57090422056518,17703000
2012-07-06,11.492890357971191,11.514733930540006,11.436720831255549,11.46480559461337,10942000
2012-07-09,11.455446243286133,11.492893397925224,11.40863908556588,11.467928628165831,17403000
2012-07-10,11.474164009094238,11.517851143660485,11.458561631089884,11.467922819815469,8059200
2012-07-11,11.533454895019531,11.558419655107306,11.467924185367044,11.49600894527315,8226200
2012-07-12,11.549059867858887,11.57714463407054,11.492891525821124,11.524096292551608,10535200
2012-07-13,11.65203857421875,11.66764095870001,11.558423076945555,11.574025461426816,14127600
2012-07-16,11.645792961120605,11.66451652962125,11.620829393504927,11.639551771620392,10278800
2012-07-17,11.670762062072754,11.70508683151918,11.598988951304495,11.655158487323188,11463200
2012-07-18,11.708203315734863,11.720685694362148,11.623949045578414,11.66139499107512,10879200
2012-07-19,11.730052947998047,11.751896526697134,11.636437440661132,11.73629414053861,10811400
2012-07-20,11.755008697509766,11.78933463842473,11.680116817681634,11.705080380829356,18033000
2012-07-23,11.676998138427734,11.755011224409914,11.639552190464151,11.717565276446331,9031200
2012-07-24,11.574024200439453,11.673880878702915,11.514734669715992,11.661398496323608,20044400
2012-07-25,11.567782402038574,11.633313120511879,11.514734065289359,11.595867165725053,7147800
2012-07-26,11.748771667480469,11.767494046974656,11.639552628761546,11.639552628761546,12253600
2012-07-27,11.886076927185059,11.917281693560565,11.767496672264182,11.767496672264182,10489400
2012-07-30,11.92976188659668,11.96408783754064,11.823664033854126,11.8423876044741,13570400
2012-07-31,11.833023071289062,11.970326850086384,11.829903071945987,11.970326850086384,8384600
2012-08-01,11.742535591125488,12.026503310839685,11.742535591125488,11.857994679698745,31389800
2012-08-02,11.676998138427734,11.751891224740126,11.574021483931574,11.711324086721529,15895200
2012-08-03,11.814301490783691,11.823662679828994,11.73316721777381,11.748770786696218,13638600
2012-08-06,11.78622055053711,11.876716041901616,11.77061816694664,11.864233658875015,12650800
2012-08-07,11.664519309997559,11.823665513839291,11.661398119310888,11.795580749586577,18437600
2012-08-08,11.680122375488281,11.686363566841228,11.608350460507689,11.667639992782387,9829400
2012-08-09,11.680122375488281,11.705085950514537,11.652037609592785,11.66451999229868,9093600
2012-08-10,11.714446067810059,11.733168447863493,11.639552976440413,11.680120117198358,12268000
2012-08-13,11.701967239379883,11.714449623461114,11.661400086308712,11.68948485529865,7597000
2012-08-14,11.689484596252441,11.73941294108526,11.658279827126545,11.723810556522311,13323600
2012-08-15,11.633310317993164,11.686359832347945,11.633310317993164,11.676997453117599,11043800
2012-08-16,11.605226516723633,11.664517225319315,11.592745327363977,11.655154845318009,15764200
2012-08-17,11.574024200439453,11.645796113542223,11.552180626468415,11.645796113542223,12808200
2012-08-20,11.595867156982422,11.595867156982422,11.530336438558525,11.561541202459779,10656400
2012-08-21,11.511610984802246,11.614588831541923,11.511610984802246,11.59274526230355,16145600
2012-08-22,11.492890357971191,11.53657750310882,11.471045595016951,11.499130358374773,11214000
2012-08-23,11.374307632446289,11.496007850319478,11.361825253591304,11.492887850798313,15948800
2012-08-24,11.42735481262207,11.442957189435734,11.343100549366223,11.343100549366223,6554000
2012-08-27,11.452320098876953,11.471042475767492,11.411752964972287,11.421114153417555,8140600
2012-08-28,11.430479049682617,11.45544262116298,11.396153097309924,11.439840240189584,6348200
2012-08-29,11.411754608154297,11.433598177928587,11.383669848389456,11.421115797947486,10777400
2012-08-30,11.355589866638184,11.393035831952096,11.336867479174115,11.393035831952096,4171200
2012-08-31,11.343106269836426,11.396155806218488,11.308781499689973,11.389914614268502,12295800
2012-09-04,11.386795043945312,11.402397429217277,11.308781927199796,11.32438431247176,25937400
2012-09-05,11.336867332458496,11.39927687704542,11.330626139922652,11.383674490898688,7073400
2012-09-06,11.46480655670166,11.46792655716527,11.352467493843255,11.352467493843255,11066000
2012-09-07,11.42735481262207,11.483524321459301,11.40863243659969,11.467921944645637,10229600
2012-09-10,11.414874076843262,11.458561209803303,11.414874076843263,11.430476454273979,7423000
2012-09-11,11.386795043945312,11.424241006675166,11.377432660473579,11.4086386214032,6759400
2012-09-12,11.321261405944824,11.402395701683803,11.308780213849646,11.402395701683803,7674000
2012-09-13,11.480406761169434,11.48976795116933,11.311898198859469,11.311898198859469,16900400
2012-09-14,11.402395248413086,11.492890732222428,11.371189293451865,11.47104596855684,18208200
2012-09-17,11.330621719360352,11.430478380203969,11.315018148915485,11.383670049639957,10366400
2012-09-18,11.296298027038574,11.33998517609221,11.271333261644765,11.33998517609221,20739200
2012-09-19,11.30877685546875,11.346222801404943,11.27757090853429,11.28693209742205,25114200
2012-09-20,11.355589866638184,11.371192252986832,11.29630032235901,11.302541514975623,9522800
2012-09-21,11.362208366394043,11.39374449964874,11.324366209468884,11.39374449964874,15178800
2012-09-24,11.469429016113281,11.488350696400364,11.343288089807572,11.343288089807572,16430400
2012-09-25,11.44420051574707,11.526192051991716,11.441046301095113,11.491502908702683,13455800
2012-09-26,11.469429016113281,11.560881999696758,11.44420131204434,11.463121789350922,12659200
2012-09-27,11.422127723693848,11.494659033999625,11.406359053773821,11.485197591451486,14004200
2012-09-28,11.475735664367676,11.494657343700888,11.365362209041699,11.415818817616493,15932000
2012-10-01,11.422127723693848,11.538808422622218,11.418973508517595,11.488351806627737,14387600
2012-10-02,11.48204517364502,11.500966856740197,11.425281327340167,11.453663250492594,12397000
2012-10-03,11.538804054260254,11.567185965198611,11.494654682351737,11.50726913231993,9406800
2012-10-04,11.605031967163086,11.65548858081673,11.56088258058872,11.56088258058872,13373200
2012-10-05,11.586112022399902,11.652336105310809,11.567190340290809,11.633414423201716,9188600
2012-10-08,11.605031967163086,11.623953648400914,11.538807887301534,11.567189807667994,10853600
2012-10-09,11.582955360412598,11.630258954202498,11.557727659243584,11.582955360412598,10977200
2012-10-10,11.56403636932373,11.617647201608005,11.532501434789905,11.58295805183241,7639400
2012-10-11,11.576654434204102,11.642878539163762,11.551426719306571,11.586115879899065,11852600
2012-10-12,11.510424613952637,11.617645055736071,11.485195708601044,11.605030603060273,8362600
2012-10-15,11.557724952697754,11.567185188048226,11.450504541132112,11.510421369985234,9685600
2012-10-16,11.60187816619873,11.630260084635252,11.557728782626473,11.576649259597167,16713000
2012-10-17,11.74378776550293,11.75955523064823,11.605031185071141,11.630260091688005,19708000
2012-10-18,11.797398567199707,11.800551579351842,11.71540701845763,11.746941951901368,10890200
2012-10-19,11.702790260314941,11.806856482579397,11.683868582184875,11.784781792917833,15678200
2012-10-22,11.67125415802002,11.693330050714758,11.614491529454751,11.690175836195353,9488000
2012-10-23,11.56403636932373,11.62080021386913,11.519886979784118,11.589265279335304,13784200
2012-10-24,11.478891372680664,11.582957615103041,11.472584145415583,11.554575693900466,11551200
2012-10-25,11.535653114318848,11.545113352003362,11.447353151668661,11.513577221421018,11300400
2012-10-26,11.535653114318848,11.567188041920813,11.485195305387096,11.532498899770424,14972200
2012-10-31,11.636567115783691,11.683869510396194,11.548267147142193,11.601877971279581,22139200
2012-11-01,11.513575553894043,11.696481475839992,11.500962306468278,11.683867025434022,16870000
2012-11-02,11.434737205505371,11.573493755978605,11.42527696905682,11.510422706034428,8595200
2012-11-05,11.24868392944336,11.412668260612792,11.232916459769164,11.412668260612792,16572200
2012-11-06,11.254986763000488,11.311750594046796,11.217144609963068,11.261293989003452,16531200
2012-11-07,11.018472671508789,11.220300321592626,10.955402809024388,11.19191840228244,24006200
2012-11-08,10.999553680419922,11.150923536203324,10.996399465081137,11.027935603565602,19347600
2012-11-09,10.93332576751709,11.015318504920932,10.920712518130674,10.97432213621901,19359400
2012-11-12,10.841873168945312,10.939632159885926,10.813491254773455,10.91440446005555,14239800
2012-11-13,10.8828706741333,10.949095956776484,10.800879128310127,10.804032140350014,24911800
2012-11-14,10.807182312011719,10.90178827656003,10.778800402349216,10.895481051859461,20745000
2012-11-15,10.744111061096191,10.870253146718335,10.674732793706005,10.804027890127664,30604200
2012-11-16,10.835565567016602,10.854486040487364,10.696809012336319,10.753572838709117,24675000
2012-11-19,10.845030784606934,10.908101865430394,10.781959703783475,10.870259698128642,33073000
2012-11-20,10.8261079788208,10.867103150023501,10.734654991404533,10.857642910973732,22659400
2012-11-21,10.77880573272705,10.845029820362257,10.674738278173985,10.835569580123142,29878600
2012-11-23,10.750423431396484,10.810340289107334,10.690506573685637,10.778805354097551,7440200
2012-11-26,10.886030197143555,10.936486835248115,10.725198836135737,10.725198836135737,32368000
2012-11-27,10.914405822753906,10.977476884674914,10.876563666793482,10.876563666793482,27325800
2012-11-28,10.958556175231934,10.974323641362774,10.83872126727254,10.879717641597171,21058200
2012-11-29,11.021628379821777,11.034242835220088,10.936482610354197,10.968017545869296,19131600
2012-11-30,11.138307571411133,11.147767810184137,11.018472667370846,11.050008801581718,58126400
2012-12-03,11.068926811218262,11.15722676434098,11.01531719948326,11.147765324696968,25005400
2012-12-04,11.012165069580078,11.097310824610497,10.999551819301125,11.078390347701832,11106600
2012-12-05,11.179304122924805,11.239220974411541,10.990090923579439,11.053161990027894,37338000
2012-12-06,11.172998428344727,11.245529743664841,11.138309276891475,11.138309276891475,12977400
2012-12-07,11.182454109191895,11.2234504717378,11.144611960754247,11.176146883955585,14832600
2012-12-10,11.1856107711792,11.198224021431914,11.147767411479634,11.157228852894761,8722400
2012-12-11,11.21083927154541,11.258142873042027,11.17299711213645,11.18876457830847,12899200
2012-12-12,11.191915512084961,11.283367270263069,11.182454072771208,11.210835984752057,20284400
2012-12-13,11.147767066955566,11.191917651907241,11.106771899685377,11.176148984362854,16719800
2012-12-14,11.103616714477539,11.15407331846031,11.087849251291734,11.15407331846031,12584200
2012-12-17,11.273911476135254,11.277064488495402,11.132001860315038,11.132001860315038,17190000
2012-12-18,11.352747917175293,11.374822608553586,11.251834698594394,11.254987710371097,20221000
2012-12-19,11.26760196685791,11.359054945532703,11.261294740434087,11.349594707387185,13614600
2012-12-20,11.302289962768555,11.318057425736455,11.229758670731957,11.270755036832751,19356000
2012-12-21,11.26082992553711,11.302287781798594,11.184290192375208,11.23212767767112,17338200
2012-12-24,11.212995529174805,11.26721144188265,11.1619694318629,11.241697784947634,11731600
2012-12-26,11.117326736450195,11.257648262872104,11.10775971908649,11.228945994222318,11601400
2012-12-27,11.098186492919922,11.139645577111084,10.980188871130746,11.094997894085889,35448000
2012-12-28,10.986564636230469,11.126886065697352,10.983374821607455,11.056724742684997,17018400
2012-12-31,11.136454582214355,11.152401224369916,10.913216190732411,10.967430881075742,32625000
2013-01-02,11.340564727783203,11.36288857591093,11.25445793505119,11.276781783178919,25591200
2013-01-03,11.340564727783203,11.382022607701279,11.30867264720182,11.340564727783203,16283000
2013-01-04,11.397965431213379,11.407532443897948,11.334182508014088,11.340560921989825,12358600
2013-01-07,11.286343574523926,11.391585566887299,11.260831138427237,11.362883315929826,16739200
2013-01-08,11.251262664794922,11.283154729916996,11.20661499018191,11.267209305634905,12853200
2013-01-09,11.228939056396484,11.276776546775844,11.190669794027748,11.270398133621402,15160800
2013-01-10,11.276778221130371,11.283156635231867,11.22894072364819,11.251264564724382,12603000
2013-01-11,11.289531707763672,11.30866572784662,11.254451048867953,11.260829461081514,16221000
2013-01-14,11.26721477508545,11.305484055251126,11.254457942844063,11.27359197464766,11288000
2013-01-15,11.299104690551758,11.305483106136974,11.225754736159361,11.254456998013637,12496600
2013-01-16,11.244889259338379,11.295915369698726,11.235322243820324,11.27040292279777,9441200
2013-01-17,11.289531707763672,11.330989562315217,11.254451048867953,11.283153295550111,11062600
2013-01-18,11.378829956054688,11.38839696854316,11.286344780139284,11.315047034162752,13333400
2013-01-22,11.474505424499512,11.490450853186875,11.353317976670745,11.359696391457335,13349200
2013-01-23,11.445798873901367,11.47450112139816,11.391584193383965,11.433042049112176,12347200
2013-01-24,11.496828079223633,11.531908748643493,11.455368995676695,11.468125823930846,12679200
2013-01-25,11.554230690002441,11.563797701340945,11.448989915605194,11.509583015012222,16063000
2013-01-28,11.547856330871582,11.576558591521104,11.484073394255052,11.560613161506554,15416200
2013-01-29,11.627584457397461,11.640341287769008,11.51915383235591,11.51915383235591,17423600
2013-01-30,11.637151718139648,11.662664160197192,11.6020710458221,11.611638059523903,16399600
2013-01-31,11.665850639343262,11.69136307410419,11.586122303808848,11.586122303808848,13664600
2013-02-01,11.697744369506836,11.739203454837332,11.684987540703892,11.704122783908309,14225600
2013-02-04,11.618012428283691,11.67860552155765,11.614822613788455,11.67860552155765,12590400
2013-02-05,11.649906158447266,11.713689082009338,11.6467175597203,11.67222999921028,12824200
2013-02-06,11.684993743896484,11.68818356106967,11.573374474010969,11.637157435327891,14998600
2013-02-07,11.700933456420898,11.771094801205052,11.653097171252053,11.697744857366258,16087400
2013-02-08,11.700933456420898,11.713690285755874,11.64352894097172,11.713690285755874,9686200
2013-02-11,11.729633331298828,11.739201559635399,11.684985654254692,11.70730949277676,9646000
2013-02-12,11.780662536621094,11.787040951679328,11.710502404097074,11.723258017655263,10411600
2013-02-13,11.780662536621094,11.828500041278714,11.7487716778882,11.793419366737563,9484000
2013-02-14,11.684993743896484,11.767911958576123,11.649913054344236,11.72964145185069,20507600
2013-02-15,11.71049976348877,11.72963378779065,11.684986109008921,11.707309948399786,10485000
2013-02-19,11.812554359436035,11.831688387643498,11.69774532395825,11.69774532395825,18934000
2013-02-20,11.790231704711914,11.88909410457758,11.787041888650094,11.818933966476418,16345600
2013-02-21,11.739205360412598,11.806176897662032,11.72963712897814,11.76152920616241,18075800
2013-02-22,11.85720157623291,11.863579990901396,11.751959559040225,11.780661816769303,12183000
2013-02-25,11.751959800720215,11.981577867274948,11.73920418767913,11.889092677517267,19625000
2013-02-26,11.787039756774902,11.85082268433301,11.732825059113313,11.764715914613289,19338400
2013-02-27,11.895469665527344,11.93055033443863,11.793417474089834,11.79979588812444,12015400
2013-02-28,11.936930656433105,11.984768161059788,11.876337538256479,11.911416996216666,17955200
2013-03-01,11.95925521850586,11.96563363394273,11.838067758321994,11.89228368125623,11437000
2013-03-04,12.08044147491455,12.096386903638647,11.927363169358415,11.940118782402752,15280600
2013-03-05,12.14422607421875,12.176116936046732,12.093198748800543,12.105955580155094,11628000
2013-03-06,12.137845993041992,12.179303864418031,12.102765319909782,12.166548251372143,10835200
2013-03-07,12.08362865447998,12.169735419344358,12.080440055733042,12.137844565642627,16005800
2013-03-08,12.109138488769531,12.13146232262645,12.019841936784143,12.118705498548866,22876800
2013-03-11,12.137845993041992,12.15698002088994,12.08681989118375,12.1155221495139,6522600
2013-03-12,12.105955123901367,12.16335964627497,12.06449724839915,12.16335964627497,10055800
2013-03-13,12.160168647766113,12.166547061944605,12.074061881193643,12.074061881193643,9278200
2013-03-14,12.185681343078613,12.192059757390663,12.131466646263396,12.147412073764452,14657400
2013-03-15,12.26578140258789,12.275431506414078,12.14675772881917,12.185360598372094,26305400
2013-03-18,12.198225021362305,12.252911797487954,12.17892481683175,12.198225021362305,10046200
2013-03-19,12.23039436340332,12.272213519415148,12.169275002404433,12.204659120588682,15577400
2013-03-20,12.320469856262207,12.339771295575318,12.246482846248515,12.28508449775036,12853400
2013-03-21,12.259350776672363,12.314036348729966,12.243266857074506,12.285084802604057,12010000
2013-03-22,12.278648376464844,12.314033728324835,12.246480544114386,12.288299707869298,4663600
2013-03-25,12.252911567687988,12.362283890764148,12.201442311365316,12.352633788679855,13278000
2013-03-26,12.368718147277832,12.37836824971016,12.272213441582826,12.272213441582826,11751400
2013-03-27,12.426627159118652,12.43306097285846,12.314037259358752,12.323688593530713,10813400
2013-03-28,12.577814102172852,12.59068172618958,12.426623814910876,12.43305762691924,14394400
2013-04-01,12.548859596252441,12.577811129886404,12.516691770936426,12.577811129886404,8508800
2013-04-02,12.590676307678223,12.635711745231196,12.55850848860428,12.5938938258598,16060600
2013-04-03,12.555294036865234,12.642148642126184,12.535993831556539,12.609980815195732,11327200
2013-04-04,12.67431926727295,12.683969371123512,12.57781332027096,12.584247131879367,10543400
2013-04-05,12.729001998901367,12.74830342944088,12.584244337664572,12.616413388563759,14905800
2013-04-08,12.825512886047363,12.835164219536088,12.677538861880638,12.745092060679655,11686400
2013-04-09,12.786908149719238,12.860895143959574,12.777258045682185,12.844811228189782,14806400
2013-04-10,12.889843940734863,12.922011765430382,12.815856962236094,12.819073253856104,9666000
2013-04-11,12.918801307678223,12.95096914690008,12.886633468456363,12.918801307678223,15184000
2013-04-12,12.973489761352539,12.973489761352539,12.867333669558887,12.893068925917795,10673800
2013-04-15,12.786908149719238,12.992785216670455,12.786908149719237,12.922014514734432,21289000
2013-04-16,12.941314697265625,12.941314697265625,12.741871461352446,12.844809984864021,11141000
2013-04-17,12.867329597473145,12.912365054724432,12.7804749754353,12.88019722158042,17785600
2013-04-18,12.909147262573242,12.941315091980242,12.848026668726298,12.87697820604221,12552200
2013-04-19,13.102157592773438,13.105375112209453,12.915581960580498,12.915581960580498,23339200
2013-04-22,13.08607006072998,13.14397312333599,13.015299378184018,13.115021592032985,14002600
2013-04-23,13.118243217468262,13.124677030054292,13.015304670340328,13.105376819420476,23561600
2013-04-24,13.16006088256836,13.211530150253488,13.053906054834593,13.1182417190979,21106000
2013-04-25,13.163274765014648,13.217961542175432,13.115023025651041,13.195443818380966,19908400
2013-04-26,13.182578086853027,13.240481164089314,13.124675009616741,13.124675009616741,11886200
2013-04-29,13.291950225830078,13.311251660320785,13.166493969450665,13.230830857295615,11671600
2013-04-30,13.3273344039917,13.330550695895395,13.250129899939434,13.27908143556854,15636600
2013-05-01,13.195448875427246,13.324121456833478,13.176147436010337,13.308037537548246,20734800
2013-05-02,13.179364204406738,13.224399666686368,13.1053771982153,13.182580497230576,17668800
2013-05-03,13.153624534606934,13.269430671351278,13.131106811031522,13.243695428908579,29973800
2013-05-06,12.97026538848877,13.147190887549657,12.96704909670537,13.137540785075547,29478800
2013-05-07,13.095718383789062,13.095718383789062,12.973479692330258,12.98634608339924,14582400
2013-05-08,12.9799165725708,13.102156531632682,12.938098640282382,13.066771183447083,14345000
2013-05-09,12.783693313598633,13.005654321603103,12.74187414613428,12.99278669667188,39403000
2013-05-10,12.81264591217041,12.822296018102078,12.693622212432846,12.78369436725105,21057600
2013-05-13,12.745084762573242,12.786903911412752,12.700049322495481,12.770820000974082,24650400
2013-05-14,12.831940650939941,12.886627424517824,12.729002141159746,12.754737382166711,24695200
2013-05-15,12.954179763793945,13.044250647315758,12.802988300347684,12.825506021228138,21546800
2013-05-16,12.848027229309082,12.934881845046442,12.828727021672393,12.918797929641173,20111200
2013-05-17,12.97026538848877,12.983133009870194,12.838375337138952,12.860893060994488,18103400
2013-05-20,12.905928611755371,12.992783216087622,12.883410887720038,12.986349405345537,22675400
2013-05-21,12.931665420532227,12.976700874055933,12.838376994162221,12.922014089688522,18028600
2013-05-22,12.712919235229492,13.041036221293426,12.667883787026902,12.899494838800791,49925600
2013-05-23,12.626062393188477,12.677531643031175,12.439485595556372,12.62927868443702,48092600
2013-05-24,12.490959167480469,12.597113984717009,12.449140008145338,12.597113984717009,19937000
2013-05-28,12.346202850341797,12.494176843302133,12.291516062520017,12.416972327296133,48073600
2013-05-29,12.162846565246582,12.281869048038622,12.0502566688762,12.269001420946385,63078200
2013-05-30,12.195009231567383,12.397669977346496,12.1885754207511,12.281863836901287,34267400
2013-05-31,12.121021270751953,12.359066116145158,12.117803752041217,12.159622905413908,57017200
2013-06-03,12.146759033203125,12.236831178041625,11.99235121978255,12.124241303774555,63987600
2013-06-04,12.104941368103027,12.159626933060704,12.021303033654023,12.127459098041394,29119800
2013-06-05,11.998784065246582,12.082422391062753,11.966616233547512,12.079204871618373,30872200
2013-06-06,12.140326499938965,12.146759085125293,11.97948487354781,11.99556879076208,37523400
2013-06-07,12.21430778503418,12.281860941996571,12.111369290484728,12.121019390872597,30750600
2013-06-10,12.21109390258789,12.265780684356937,12.159624639988563,12.256129353971803,19863000
2013-06-11,12.130675315856934,12.236831379589404,12.092073668647052,12.140326648002583,22360000
2013-06-12,12.011649131774902,12.220743674679841,11.9826975985592,12.19179214146414,20184000
2013-06-13,12.207878112792969,12.217528216451107,11.969831996524983,11.982699619485212,33471000
2013-06-14,12.22396469116211,12.28830159285625,12.191796853877205,12.195013146755963,22849000
2013-06-17,12.262564659118652,12.355853092421393,12.204661578249652,12.272215990679596,24857600
2013-06-18,12.346202850341797,12.362286766598503,12.230396689894874,12.288299770118336,23373200
2013-06-19,12.063119888305664,12.368719170900878,12.059903596270015,12.32046620049805,45555000
2013-06-20,11.722134590148926,11.989132217491367,11.696400573957188,11.979482114809958,51298600
2013-06-21,11.87520980834961,11.9434578413324,11.634715145784075,11.813460525392173,40140200
2013-06-24,11.86545467376709,11.956453256081874,11.693209349691301,11.777707944716044,40811000
2013-06-25,12.021455764770508,12.05720384677166,11.855709134804764,11.969457089432398,18957400
2013-06-26,12.174201011657715,12.213200947443784,12.063703673089572,12.092953005056028,22423800
2013-06-27,12.200196266174316,12.317193548942495,12.174196319005514,12.216445613281959,16357200
2013-06-28,12.229451179504395,12.294449837405155,12.112453843232283,12.16120190684814,19521000
2013-07-01,12.076704025268555,12.333448031611152,12.037705328022284,12.226200064501118,25117600
2013-07-02,12.07345199584961,12.161198735424627,12.024702705200413,12.089701346150688,20186200
2013-07-03,12.027955055236816,12.086453722590809,11.985706981950473,12.014956315627469,11410600
2013-07-05,11.992205619812012,12.06695363306145,11.865457695001787,12.06695363306145,27263200
2013-07-08,12.164450645446777,12.196949349511652,12.005204020138276,12.027953360932907,20796200
2013-07-09,12.252192497253418,12.278191199533898,12.18069389642752,12.206693838453473,14982600
2013-07-10,12.320446014404297,12.349695342436751,12.196948713851043,12.229448655968229,17668200
2013-07-11,12.518692016601562,12.525192005385545,12.414694675550038,12.430944027636945,21706400
2013-07-12,12.557693481445312,12.573942837118974,12.434196146782018,12.492694819004296,15647400
2013-07-15,12.76243782043457,12.778687174817458,12.525193775154836,12.554443108942545,24713800
2013-07-16,12.69418716430664,12.7754351591735,12.62918852046395,12.759184568403315,20737000
2013-07-17,12.687686920166016,12.76893491339493,12.635688254089352,12.73643497225577,17620400
2013-07-18,12.798182487487793,12.82093182329607,12.700685156917208,12.70718390450887,15259200
2013-07-19,12.801434516906738,12.84043320927598,12.755935835851608,12.788434539534965,14032400
2013-07-22,12.788434982299805,12.83718427925873,12.775436244224064,12.778685618806469,10515200
2013-07-23,12.820934295654297,12.863183601622273,12.75918502391355,12.788434352699678,9999600
2013-07-24,12.625937461853027,12.817682772577315,12.577189410496937,12.817682772577315,17695200
2013-07-25,12.742938995361328,12.746189610377503,12.619442899167142,12.625941649706723,20812800
2013-07-26,12.788434982299805,12.791685596628332,12.632438967675816,12.70393760594994,14019400
2013-07-29,12.811184883117676,12.863184796676117,12.736436866996678,12.742936856191484,13016800
2013-07-30,12.853433609008789,12.937932224955846,12.814434915358056,12.830684267733684,17715800
2013-07-31,12.759187698364258,12.830686348105178,12.697439653426574,12.801437013188103,32163200
2013-08-01,12.866432189941406,12.882681540552896,12.759184244362803,12.788433571361878,19349600
2013-08-02,12.85018253326416,12.889181221752061,12.77868390458138,12.8729318715276,15608400
2013-08-05,12.765685081481934,12.827434353556333,12.765685081481934,12.804685013238208,11088600
2013-08-06,12.700689315795898,12.775437335034669,12.674689357932207,12.775437335034669,21129800
2013-08-07,12.759187698364258,12.781938283074266,12.60969164867535,12.629191618535508,15427800
2013-08-08,12.807934761047363,12.850184068475254,12.729936135007113,12.76893606790029,15371000
2013-08-09,12.720183372497559,12.827431299675242,12.713683385418992,12.788431377203844,12649400
2013-08-12,12.651935577392578,12.694184874230306,12.60968628055485,12.661684938299057,11240000
2013-08-13,12.58368968963623,12.661687069508124,12.567439099062419,12.642188344413151,19680400
2013-08-14,12.50244140625,12.58043878431582,12.437442764697836,12.557689445734459,17312200
2013-08-15,12.343192100524902,12.4569400083337,12.320442766912285,12.391941380978059,20204800
2013-08-16,12.200196266174316,12.330192282781178,12.135197637998026,12.326942909257937,33884200
2013-08-19,12.096200942993164,12.252196932380874,12.076700979414982,12.206698257111032,24428200
2013-08-20,12.209952354431152,12.307449730545839,12.096205622255082,12.122204344004013,27167000
2013-08-21,12.070205688476562,12.190452411302585,12.018207005112897,12.187203035981408,24639400
2013-08-22,12.138450622558594,12.18069992940368,12.057202623104397,12.102702544185458,16337000
2013-08-23,12.2391939163208,12.271692607798846,12.112447283912571,12.17094592036954,15159200
2013-08-26,12.148200988769531,12.258698315463649,12.13520101157115,12.222948998041131,13152400
2013-08-27,12.141704559326172,12.209952600004456,12.053956547134197,12.070205903522394,18233800
2013-08-28,12.183952331542969,12.226200404841556,12.086453726093877,12.141703018498113,16509800
2013-08-29,12.112451553344727,12.187199561888114,12.08970221334222,12.170950210421474,12186000
2013-08-30,12.122200965881348,12.190448986168152,12.076702285690146,12.125451580035607,15734200
2013-09-03,11.982452392578125,12.229446959419946,11.966203043646761,12.17094831147035,23938400
2013-09-04,11.982452392578125,12.018201704074642,11.878455071722366,11.985703006211912,14636800
2013-09-05,11.933704376220703,12.011701747188527,11.904455052171306,11.962953700270102,17545600
2013-09-06,12.018206596374512,12.096205238640481,11.992207875450095,12.011706606206818,21866800
2013-09-09,12.060452461242676,12.076701812138642,11.975953852990042,12.034452508012325,13015600
2013-09-10,12.154702186584473,12.154702186584473,12.053954212893155,12.099452897867884,16688800
2013-09-11,12.034455299377441,12.161202001409002,11.975956630786522,12.151452636559279,49506000
2013-09-12,12.001955032348633,12.14170169587337,11.98895505440537,12.099452387430835,37638200
2013-09-13,12.092948913574219,12.122198235644571,12.034450269433515,12.034450269433515,20765000
2013-09-16,12.125447273254395,12.307441929377365,12.102697941239022,12.232693947077486,50430600
2013-09-17,12.196950912475586,12.209950891665839,12.125453506421696,12.125453506421696,19447000
2013-09-18,12.560940742492676,12.612939410611892,12.151450146276064,12.174199486094093,59007600
2013-09-19,12.50244140625,12.642188051676063,12.456942729087277,12.593438760575447,40038600
2013-09-20,12.3137845993042,12.52377167322237,12.307222346791546,12.51064841981875,37680400
2013-09-23,12.461426734924316,12.510642981564555,12.254720251304917,12.317060997265372,30776200
2013-09-24,12.45486831665039,12.49424182672318,12.412215558170494,12.467992820007986,23943400
2013-09-25,12.369553565979004,12.500794760000256,12.362991318534833,12.467984774400124,27723800
2013-09-26,12.353157043457031,12.428621063377872,12.30722127985073,12.389247551715327,17135400
2013-09-27,12.274406433105469,12.37611942070544,12.231752438096308,12.333465425696279,15275600
2013-09-30,12.261286735534668,12.297378495319373,12.198947219665722,12.228476727523976,19191600
2013-10-01,12.297375679016113,12.340029680958798,12.254721677073427,12.300657430038552,15713600
2013-10-02,12.310501098632812,12.340030601932193,12.212069838175333,12.258004342947398,19228200
2013-10-03,12.166132926940918,12.290811914768895,12.120197179633566,12.290811914768895,18608000
2013-10-04,12.189102172851562,12.235036676067475,12.149728668705343,12.179258171004337,8914000
2013-10-07,12.13004207611084,12.235035574471523,12.11035532581025,12.139884825450519,10272200
2013-10-08,12.215347290039062,12.310498027110036,12.136602801968724,12.15300779934829,24513200
2013-10-09,12.264568328857422,12.43518312187624,12.208789814013981,12.235038821380673,28637600
2013-10-10,12.448308944702148,12.46799570429278,12.20551183452677,12.333472642811337,23396800
2013-10-11,12.507365226745605,12.530332482082933,12.399091201815569,12.431901208977024,13817200
2013-10-14,12.438462257385254,12.467991761622374,12.264566983334113,12.467991761622374,52681600
2013-10-15,12.264568328857422,12.438463621986296,12.241601073222347,12.438463621986296,23992200
2013-10-16,12.376120567321777,12.38268281728663,12.264564821161674,12.317061569259298,25750200
2013-10-17,12.576268196105957,12.60251595141006,12.27769137462368,12.340032140261316,32164400
2013-10-18,12.609076499938965,12.655011004232584,12.563141995645344,12.618919250395777,21954200
2013-10-21,12.582829475402832,12.62876523854193,12.527052211880566,12.609078482910888,14803800
2013-10-22,12.743597984313965,12.792814233936124,12.589388237011006,12.641884985851407,39260400
2013-10-23,12.75344181060791,12.894527069710003,12.72063180916984,12.72063180916984,28342600
2013-10-24,12.72719669342041,12.799378961845107,12.661575425343935,12.799378961845107,15733200
2013-10-25,12.861717224121094,12.871559974347518,12.664853458243234,12.717350212153063,13100200
2013-10-28,12.835468292236328,12.910932298172103,12.789533788764235,12.85515504441923,19642400
2013-10-29,12.851879119873047,12.884690388386794,12.802664094535302,12.832193610386716,15844000
2013-10-30,12.769847869873047,12.943744396449546,12.756724619182773,12.874842636745246,24635600
2013-10-31,12.723910331726074,12.809218324804709,12.576264096573516,12.723910331726074,33806000
2013-11-01,12.81578254699707,12.855154798989838,12.730474540787862,12.73703679139021,24713800
2013-11-04,12.84202766418457,12.868276661210906,12.730471930064772,12.858432661515497,12430800
2013-11-05,12.750161170959473,12.92733818066866,12.750161170959473,12.825625174734576,21466400
2013-11-06,12.924057960510254,12.930620211827332,12.763287183916947,12.763287183916947,20235400
2013-11-07,12.802657127380371,12.996239125588215,12.779689877730393,12.93718012602506,24793400
2013-11-08,12.779694557189941,12.782975057646324,12.553301225427097,12.71079278301068,39977200
2013-11-11,12.776409149169922,12.848592654772103,12.71078914584576,12.779690900308932,14919400
2013-11-12,12.668134689331055,12.776408692240734,12.605793936132756,12.743598691752053,22484400
2013-11-13,12.730474472045898,12.730474472045898,12.527049710956838,12.589389213910545,19193000
2013-11-14,12.84202766418457,12.887962157359592,12.740315929760182,12.769844173983211,37658600
2013-11-15,12.917494773864746,12.917494773864746,12.796096262342658,12.812501263636772,15583400
2013-11-18,12.901092529296875,12.950308795317197,12.851876263276552,12.94046479114015,24412600
2013-11-19,12.805940628051758,12.891248648135534,12.779692872994731,12.845314138069591,20159200
2013-11-20,12.664855003356934,12.864999293187445,12.651731751994445,12.792817030018528,30488000
2013-11-21,12.69438648223877,12.766570008248042,12.632046960808198,12.67470097632474,15936200
2013-11-22,12.684537887573242,12.723910132890582,12.625478893786676,12.6779756380835,13729800
2013-11-25,12.635321617126465,12.723910107630443,12.632041118198662,12.694380610795783,13934800
2013-11-26,12.510645866394043,12.641887134995692,12.504083615220745,12.622201633097232,23437800
2013-11-27,12.484395980834961,12.540174486061689,12.431899226774046,12.52376823347531,16938600
2013-11-29,12.477828979492188,12.556574706413695,12.445018990053732,12.474548481196688,5887000
2013-12-02,12.425335884094238,12.51720613434306,12.359714634379717,12.494238884686162,14358800
2013-12-03,12.48768138885498,12.507366895129126,12.36300109209131,12.408935608893264,19736400
2013-12-04,12.543453216552734,12.550015466337516,12.389243475663278,12.422054724587188,14787800
2013-12-05,12.44173812866211,12.507359363846216,12.425333132771321,12.484392119274922,19452600
2013-12-06,12.612358093261719,12.638607098917959,12.467992317016835,12.484397319741245,14830600
2013-12-09,12.536894798278809,12.63204557180626,12.484398035577723,12.63204557180626,14483800
2013-12-10,12.412211418151855,12.543452653088506,12.392524669681858,12.540172154154062,19196000
2013-12-11,12.310501098632812,12.412214110357658,12.29409609716013,12.395807857263591,17436000
2013-12-12,12.326909065246582,12.408935343962154,12.303941807335956,12.320346812754734,15514800
2013-12-13,12.307219505310059,12.523768781744149,12.27769000163171,12.343311259985972,12392400
2013-12-16,12.372841835021973,12.45814985375571,12.336750077220893,12.336750077220893,19348400
2013-12-17,12.349871635437012,12.39580613382261,12.294094387860559,12.340028886246158,11379200
2013-12-18,12.51392650604248,12.527051008535773,12.221913209484693,12.356436230987319,38494400
2013-12-19,12.4220552444458,12.487676493418679,12.310499496678274,12.487676493418679,32146400
2013-12-20,12.545083999633789,12.598142720980869,12.435649675281852,12.435649675281852,30735800
2013-12-23,12.495344161987305,12.614726632487189,12.49202727946229,12.614726632487189,33831200
2013-12-24,12.545083999633789,12.578245226093326,12.435649675281852,12.485392779990859,9874400
2013-12-26,12.4887056350708,12.568294332002266,12.465492528678169,12.558344954248694,20616400
2013-12-27,12.538455963134766,12.568301583576764,12.47876472225077,12.47876472225077,25595200
2013-12-30,12.5683012008667,12.594829937662801,12.511925579517296,12.511925579517296,11328800
2013-12-31,12.591508865356445,12.611405093079531,12.545082647309824,12.558346377452027,14043600
2014-01-02,12.39918041229248,12.598151708047755,12.382599787234692,12.574937314942126,40830400
2014-01-03,12.359380722045898,12.432336955278743,12.306321988336558,12.419071955596408,27533600
2014-01-06,12.379281044006348,12.415757903919381,12.32290541501296,12.362699158112815,22472200
2014-01-07,12.4887056350708,12.49865374780495,12.389220712671033,12.429014428627056,17296400
2014-01-08,12.42238998413086,12.47876561121301,12.389228743508589,12.462184990901875,28752800
2014-01-09,12.495344161987305,12.501976662017302,12.402491691607409,12.465498544362333,18738600
2014-01-10,12.674418449401855,12.763955306385867,12.555035973423173,12.574932209406226,53048200
2014-01-13,12.545083999633789,12.67773017049164,12.531819003042093,12.664465173899945,24834000
2014-01-14,12.56166934967041,12.614728091025103,12.521874344889255,12.56498496755875,15348200
2014-01-15,12.538455963134766,12.598147204018762,12.525190961822732,12.551719699426647,11903800
2014-01-16,12.624675750732422,12.627992633520353,12.5218738896488,12.5218738896488,16715000
2014-01-17,12.62136173248291,12.651207356255997,12.591516108709822,12.627994233879184,8632600
2014-01-21,12.76063346862793,12.767265966386848,12.654516034524464,12.667781030042297,11455400
2014-01-22,12.773902893066406,12.813696628397444,12.737424775254608,12.767270393007895,14949400
2014-01-23,12.73742389678955,12.767269512484468,12.66446766619754,12.750688895991726,18847800
2014-01-24,12.594825744628906,12.787164398703291,12.594825744628906,12.714208183017188,30035200
2014-01-27,12.624675750732422,12.677734490158132,12.578249511862442,12.618043250176692,16843600
2014-01-28,12.671101570129395,12.67773407046556,12.60809471446598,12.657836569457068,15803200
2014-01-29,12.664469718933105,12.724160959998066,12.611410978544269,12.618043479220393,22085200
2014-01-30,12.860119819641113,12.876701698372282,12.684363037264418,12.684363037264418,16803800
2014-01-31,12.966241836547852,12.992771839854841,12.730793749789148,12.783852491382943,28027200
2014-02-03,12.86344051361084,13.135366707129645,12.846859894985569,12.992771109916111,41110800
2014-02-04,12.78717041015625,12.926449143739939,12.73079478107217,12.926449143739939,21823800
2014-02-05,12.730792045593262,12.780535162624957,12.68768142850046,12.760637662808277,15622400
2014-02-06,12.823644638061523,12.830277138064224,12.707579050564366,12.750689668071894,21078200
2014-02-07,12.893282890319824,12.903231005988886,12.813694169907938,12.86343727829284,20122000
2014-02-10,12.989459037780762,12.996091540691218,12.810386519280781,12.846864652777997,14652800
2014-02-11,13.112154006958008,13.15526336375695,12.969558405188822,12.992771525009838,20196400
2014-02-12,13.128732681274414,13.151945797656731,13.04914395009221,13.108835182223872,11637800
2014-02-13,13.271329879760742,13.284594880744839,13.069043042323674,13.075675542815723,16418200
2014-02-14,13.357548713684082,13.367498096081272,13.214953127851127,13.241483127550287,14478800
2014-02-18,13.403979301452637,13.44708993245514,13.364185553999782,13.3907155623153,19472400
2014-02-19,13.327698707580566,13.47361112783542,13.297853100257491,13.394022419967355,20743400
2014-02-20,13.430500984191895,13.476927204943983,13.317751048785547,13.324383546752937,19243400
2014-02-21,13.447086334228516,13.569784427304668,13.43382133362026,13.440453833924387,18419400
2014-02-24,13.413928031921387,13.576419897346065,13.40729553016645,13.463669897552867,14203400
2014-02-25,13.397343635559082,13.520041720906299,13.374130518466906,13.440452987290264,13142200
2014-02-26,13.354230880737305,13.473613329537708,13.340965883088415,13.463663948791138,19662000
2014-02-27,13.321069717407227,13.413923445205858,13.277960368271359,13.33765159863479,13822800
2014-02-28,13.413928031921387,13.44045677392077,13.337656159270159,13.344288661025095,17664000
2014-03-03,13.28128433227539,13.400666868029534,13.261388086330182,13.360873111118394,28474400
2014-03-04,13.37744426727295,13.42718737696211,13.347598654463418,13.367496151343047,19471600
2014-03-05,13.287909507751465,13.390711360183268,13.274644507756388,13.357548860195577,18069200
2014-03-06,13.221590995788574,13.340973512864492,13.181797245103443,13.31444476741458,27529000
2014-03-07,13.261382102966309,13.261382102966307,13.105521499940604,13.171845241548573,27624800
2014-03-10,13.228214263916016,13.281272982796581,13.178472426539036,13.22158176592849,21968800
2014-03-11,13.191741943359375,13.264698188200942,13.132050700310854,13.24480068551137,15842000
2014-03-12,13.357548713684082,13.360865596156483,13.17184377587001,13.17184377587001,15596000
2014-03-13,13.496828079223633,13.526673695042117,13.34760000013122,13.36749749901686,42867400
2014-03-14,13.559834480285645,13.602945093937285,13.443768903169593,13.453717019773851,25632400
2014-03-17,13.649370193481445,13.662635191200954,13.516722746325977,13.589678968763465,19267800
2014-03-18,13.629475593566895,13.68585121334638,13.596314357240194,13.656005594644318,15949000
2014-03-19,13.413928031921387,13.65600865338494,13.357552399514606,13.632795529752844,51130200
2014-03-20,13.443774223327637,13.443774223327635,13.281281086041195,13.377450468006224,25207400
2014-03-21,13.545755386352539,13.679508115264486,13.495599069680978,13.51566108612538,27598000
2014-03-24,13.582536697387695,13.639382050469218,13.492253801712682,13.555786918425,19989000
2014-03-25,13.639385223388672,13.659447243387584,13.508976991152604,13.609290917829519,20895200
2014-03-26,13.582536697387695,13.689538364359457,13.579193453352541,13.659444065801118,15633000
2014-03-27,13.692885398864746,13.702916408373046,13.539070633787446,13.575851427171454,26842600
2014-03-28,13.712945938110352,13.722978222096785,13.636038563870816,13.666132864708946,15402800
2014-03-31,13.86341381072998,13.91691463425408,13.736350152085398,13.789850975609498,17405800
2014-04-01,13.766444206237793,13.870102617679912,13.716287897909291,13.870102617679912,20275600
2014-04-02,13.746384620666504,13.796540937852335,13.689539263849879,13.746384620666504,23314600
2014-04-03,13.78985595703125,13.83332451489941,13.733010593999541,13.749729368222734,10953600
2014-04-04,13.86341381072998,14.017228518916736,13.816600749591423,13.846695042546246,27240200
2014-04-07,13.840012550354004,13.990484072426762,13.8333247854218,13.853388080218412,26768800
2014-04-08,14.0372953414917,14.05735863370145,13.746384620033453,13.84335528570639,23726400
2014-04-09,14.007195472717285,14.067384049859374,13.860068548347769,14.023914238465629,36243400
2014-04-10,13.953702926635742,14.117549989417478,13.906889844572625,14.017234784355573,32002400
2014-04-11,13.940323829650879,14.037294489437766,13.91022953094324,13.950356112927086,35646800
2014-04-14,14.02392292022705,14.070737279087773,13.926953508631973,14.003860899133308,19273400
2014-04-15,14.217860221862793,14.217860221862793,14.023918903105013,14.023918903105013,30050000
2014-04-16,14.321516990661621,14.321516990661621,14.187764284515069,14.214514060408176,24827600
2014-04-17,14.144293785095215,14.351609321671873,14.124231773027969,14.278046484824834,35978600
2014-04-21,14.127575874328613,14.244608537027903,14.060699520403151,14.144294643919888,22112600
2014-04-22,14.147642135620117,14.16101638876688,14.057359230186192,14.150985380016651,21521600
2014-04-23,14.154330253601074,14.30814501089701,14.130922439998022,14.147642489080297,34032200
2014-04-24,14.251296043395996,14.288078101170795,14.087450318566871,14.164357677750386,22518600
2014-04-25,14.415139198303223,14.415139198303223,14.244604480578609,14.244604480578609,32912600
2014-04-28,14.485366821289062,14.50877336016372,14.364989606756131,14.395083910389364,37239600
2014-04-29,14.42517375946045,14.532175411433613,14.381703939733756,14.468643579187143,34932800
2014-04-30,14.448582649230957,14.545553310770618,14.415145105867186,14.415145105867186,43656400
2014-05-01,14.508769035339355,14.5522388555321,14.351609799261189,14.448580446014113,37807800
2014-05-02,14.211175918579102,14.431867070056956,14.147644061909695,14.408460529412396,55864200
2014-05-05,14.338233947753906,14.348264953000905,14.19110573447695,14.19779349649501,29828400
2014-05-06,14.26801872253418,14.36164615222491,14.257987713323299,14.311488555049138,21089400
2014-05-07,14.49874496459961,14.508775975765483,14.284741555988106,14.298115812355627,27319800
2014-05-08,14.34157943725586,14.505426443460676,14.311485141241112,14.495394161082174,30322200
2014-05-09,14.13092041015625,14.371674796078386,14.12423392215661,14.324861726718074,24348200
2014-05-12,14.000505447387695,14.177727907230986,13.98378668434282,14.161007868626253,27231400
2014-05-13,14.033952713012695,14.10082780552504,13.973764109303085,14.030608193050703,17256600
2014-05-14,14.104170799255371,14.19445369505015,14.01723114750018,14.060700973377775,40224000
2014-05-15,14.047323226928711,14.177732683959656,14.033948977322703,14.107511814616752,23125000
2014-05-16,14.090798377990723,14.104173908218407,13.997172217518472,14.060704072758817,20182000
2014-05-19,13.873453140258789,14.077424256620784,13.863420853803618,14.054017714160212,26918000
2014-05-20,13.873453140258789,13.960391544317925,13.786513460638755,13.873453140258789,21571800
2014-05-21,13.883480072021484,13.920262135241344,13.836667000854577,13.91357437142314,13807800
2014-05-22,13.99716854095459,14.037293845537366,13.883479115003025,13.890166878360228,10420000
2014-05-23,13.963726997375488,14.040635623184617,13.960383754129964,13.96372699737549,17818400
2014-05-27,14.074081420898438,14.16101982748645,14.054018122965386,14.090800198062178,18907200
2014-05-28,14.157671928405762,14.171047455964361,14.057358022837303,14.074076794505293,25056000
2014-05-29,14.197795867919922,14.20114038726767,14.094138728226833,14.154327320882352,19632600
2014-05-30,14.291421890258789,14.298108377185038,14.154325948185855,14.154325948185855,16557200
2014-06-02,14.288080215454102,14.3215190345431,14.224548372525794,14.251298152236467,14490200
2014-06-03,14.34157943725586,14.368330489518025,14.247953305459038,14.261328831590122,16007200
2014-06-04,14.334891319274902,14.344923601405016,14.254640715596077,14.318172549805176,14061400
2014-06-05,14.45527172088623,14.478678258470728,14.311487975403951,14.321520259769187,16829000
2014-06-06,14.405112266540527,14.535520454864193,14.395079984358462,14.468644101078622,16174200
2014-06-09,14.308147430419922,14.428524661028538,14.284740888419455,14.378367056421324,16995200
2014-06-10,14.274700164794922,14.351607510990279,14.244605874930642,14.274700164794922,17844400
2014-06-11,14.094139099121094,14.257984835781384,14.087451335810002,14.257984835781384,20601600
2014-06-12,14.137613296508789,14.181083137620664,13.920266642071288,14.060705901040665,33293800
2014-06-13,14.22789192199707,14.25129845808143,14.06070164964561,14.124234769497917,16833000
2014-06-16,14.324860572814941,14.441893236788445,14.214514396302464,14.241265448388049,39471400
2014-06-17,14.304800033569336,14.331551090797287,14.221204893072908,14.294769024889161,22852600
2014-06-18,14.629152297973633,14.629152297973631,14.291428429027187,14.298114919012711,71718800
2014-06-19,14.749528884887695,14.76959090509301,14.62246389615726,14.632494906259918,44431200
2014-06-20,14.659826278686523,14.787976579239825,14.646336367111827,14.767742998346554,19201600
2014-06-23,14.609233856201172,14.713778699000262,14.541785612023316,14.700288792871039,18760400
2014-06-24,14.653081893920898,14.700295299803443,14.605868488038356,14.622730234929431,18392200
2014-06-25,14.70703411102295,14.727267684250807,14.612607338710857,14.622724125324785,24282200
2014-06-26,14.750871658325195,14.764360274658285,14.659816744120157,14.707030117455819,25894200
2014-06-27,14.808206558227539,14.845303159577519,14.690173087085201,14.737386475542136,15382200
2014-06-30,14.926234245300293,14.959959000035377,14.774477351629889,14.821690721791157,25319200
2014-07-01,14.777846336364746,14.932976318850992,14.774474504774872,14.909369638319067,19635000
2014-07-02,14.491202354431152,14.744132339468875,14.440615842836236,14.737387385491656,34737600
2014-07-03,14.332695960998535,14.460847485096192,14.26862084218378,14.366419436907746,24402600
2014-07-07,14.40014934539795,14.460852652902293,14.322584293913199,14.325956128121838,24500800
2014-07-08,14.497943878173828,14.518177448849759,14.400143998346412,14.413633903109117,26636400
2014-07-09,14.457477569580078,14.528298943033342,14.39002931634615,14.497947293401493,20881000
2014-07-10,14.555280685424805,14.568770596343082,14.417012314684241,14.430502225602519,20881200
2014-07-11,14.443988800048828,14.575512184949163,14.42375393834554,14.545160535628439,18266000
2014-07-14,14.278738975524902,14.521552141689968,14.271994022412732,14.487827376129117,16613600
2014-07-15,14.35292911529541,14.390024419806526,14.275364100733636,14.275364100733636,17890800
2014-07-16,14.40014934539795,14.417011089378356,14.2821145645979,14.40014934539795,14987400
2014-07-17,14.268619537353516,14.45747304352393,14.261874585494853,14.45747304352393,16122800
2014-07-18,14.413637161254883,14.423753948879709,14.228154145010313,14.285485609977295,10431800
2014-07-21,14.40014934539795,14.443990908921887,14.319211173235955,14.396776224720705,11157000
2014-07-22,14.369789123535156,14.457470911833408,14.369789123535156,14.42711927617866,9367400
2014-07-23,14.383283615112305,14.410262140710177,14.346187016755517,14.369793709079246,14994200
2014-07-24,14.4271240234375,14.450730715995903,14.33269725320388,14.356303945762285,12080600
2014-07-25,14.31246566772461,14.460852096568146,14.292232090313984,14.427127323436181,11894800
2014-07-28,14.51143741607666,14.541789068848374,14.255135571035506,14.278742269139222,17213200
2014-07-29,14.376543045043945,14.60586637164631,14.356308179825392,14.545163062459295,16371200
2014-07-30,14.133721351623535,14.41025791180626,14.069646246472665,14.336064736865769,29498200
2014-07-31,13.911147117614746,14.137097253293067,13.901030331380863,14.046043604251638,30104400
2014-08-01,13.965105056762695,14.073021728407685,13.833581693599628,13.86730517106311,31075400
2014-08-04,13.890913963317871,13.981968910001449,13.654847012436447,13.961735335050696,60365000
2014-08-05,13.722297668457031,13.901035776230476,13.66159435434058,13.894290820609898,29531800
2014-08-06,13.546929359436035,13.681825865827648,13.513205876072346,13.6683359578948,99782400
2014-08-07,13.702054977416992,13.756013300035386,13.607626947983887,13.607626947983887,25176400
2014-08-08,13.975224494934082,13.98196944900048,13.752646156616725,13.756019276884148,40020200
2014-08-11,13.924641609191895,14.035930153818526,13.904406743592206,13.99883354345343,17141200
2014-08-12,13.914517402648926,13.981965638462636,13.8875388802043,13.921262354877106,13760200
2014-08-13,13.978593826293945,14.00894546813168,13.887538900780738,13.931380447094822,13586600
2014-08-14,14.10000228881836,14.110119075301363,13.958360845714946,13.958360845714946,12037400
2014-08-15,14.153960227966309,14.238270210193475,14.076395198693506,14.110118676997077,19427800
2014-08-18,14.116864204406738,14.22815271651176,14.093257511339967,14.167449423920553,16381600
2014-08-19,14.295598983764648,14.298972103146355,14.126979035786357,14.133723988081663,15437400
2014-08-20,14.325953483581543,14.339443390863103,14.238271659188147,14.288856881791443,11174000
2014-08-21,14.359682083129883,14.440618975477484,14.315840516001517,14.32595730592779,17098200
2014-08-22,14.315839767456055,14.417011520834851,14.234901592871832,14.417011520834851,13779800
2014-08-25,14.413637161254883,14.45073247803538,14.336070834569837,14.346188908663077,13757200
2014-08-26,14.241640090942383,14.460846529267638,14.241640090942383,14.420376817089767,13068800
2014-08-27,14.396773338317871,14.40014645831884,14.255133173517512,14.292229774718086,10484400
2014-08-28,14.501321792602539,14.501321792602539,14.336073606128995,14.376543337389046,20624400
2014-08-29,14.595744132995605,14.60248908614475,14.477710669056277,14.491200575354563,11713000
2014-09-02,14.464221000671387,14.619351066248512,14.37653918122684,14.575510799760385,25563400
2014-09-03,14.53504467010498,14.589003023044166,14.467597693782457,14.467597693782457,16934000
2014-09-04,14.528297424316406,14.56876585743902,14.450731105001312,14.487827704725497,18473400
2014-09-05,14.710407257080078,14.717152210914008,14.538415436954269,14.578883873489447,18108400
2014-09-08,14.622721672058105,14.723893380628581,14.555273437521763,14.723893380628581,13576800
2014-09-09,14.454103469848633,14.585626835478143,14.43049677788786,14.582255002255845,26829000
2014-09-10,14.390031814575195,14.470969989801135,14.342818415055334,14.423756590281275,21080800
2014-09-11,14.51143741607666,14.535044114180376,14.366424106886086,14.403520714325799,18721000
2014-09-12,14.251755714416504,14.450727280439178,14.21803224348437,14.43049371246708,34885000
2014-09-15,14.295598983764648,14.376537124840196,14.251757437079222,14.312460721268856,21656400
2014-09-16,14.477709770202637,14.514806366985635,14.282110000426174,14.298973025486221,24455600
2014-09-17,14.450727462768555,14.551900449777392,14.376535568488167,14.508058907838093,31086800
2014-09-18,14.34618854522705,14.50131862173036,14.295602035447615,14.464222019421225,24995200
2014-09-19,14.475494384765625,14.489105880196744,14.366605017443963,14.407438205673673,19314800
2014-09-22,14.366604804992676,14.455076927859343,14.335979589757361,14.438063207853865,24621400
2014-09-23,14.32577133178711,14.383619541570557,14.284938141275319,14.36660582036262,19615800
2014-09-24,14.27472972869873,14.349590359321718,14.227090791557643,14.329174413726212,16693600
2014-09-25,14.189657211303711,14.325768249748053,14.186253688956123,14.281532843736949,19290400
2014-09-26,14.210073471069336,14.267921669701638,14.087573923147676,14.176046035212789,13619400
2014-09-29,14.301957130432129,14.312166405368329,14.13522078388988,14.17945621571134,11150000
2014-09-30,14.322368621826172,14.475494703640301,14.274729684831483,14.318966396925271,23220800
2014-10-01,14.404033660888672,14.540144699086452,14.33257397041664,14.383616421030457,35271400
2014-10-02,14.38361930847168,14.49250868011429,14.35979983955384,14.393827281418268,26489400
2014-10-03,14.475494384765625,14.49931385273826,14.295145315462406,14.383618737701036,18352400
2014-10-06,14.475494384765625,14.557160761225045,14.410840430499627,14.492508105022699,11044200
2014-10-07,14.455078125,14.615009962036725,14.421050682170957,14.478897594593079,24451600
2014-10-08,14.781744003295898,14.79875902018895,14.455075928740568,14.47889539471459,35153000
2014-10-09,14.54014778137207,14.860010151909323,14.52993980831075,14.795357492414775,31548200
2014-10-10,14.60820198059082,14.747716551763219,14.574174542963814,14.574174542963814,36548800
2014-10-13,14.594592094421387,14.795357113894546,14.587786346533385,14.638828806661556,34227000
2014-10-14,14.727300643920898,14.90084396649837,14.59459180786969,14.642230744086673,44017000
2014-10-15,14.533346176147461,14.832792685921513,14.25772044041297,14.68647230603556,45711400
2014-10-16,14.546957015991211,14.577582240579016,14.27132999470096,14.390428667237549,41751200
2014-10-17,14.632025718688965,14.659248715189765,14.42105268806344,14.611608471313366,31231400
2014-10-20,14.836188316345215,14.846397585841865,14.6184096053481,14.676257805617432,20948600
2014-10-21,14.88723373413086,14.911053204260366,14.78855233041503,14.870220012333176,20176000
2014-10-22,14.979106903076172,15.094802009385015,14.866814021336612,14.870217543969446,27897200
2014-10-23,15.006328582763672,15.101607745459514,14.951883903250426,15.019940077157871,18925000
2014-10-24,15.1526460647583,15.196882764223618,15.013131518503046,15.03014523427792,21233000
2014-10-27,15.118619918823242,15.224107042498867,15.081188962097588,15.149245129047559,16625600
2014-10-28,15.224113464355469,15.230917915663653,15.043764351153422,15.135640020581492,21548200
2014-10-29,15.135637283325195,15.288763371346029,14.98251119530436,15.234318684279035,30615400
2014-10-30,15.469111442565918,15.479320714000327,15.145845539169704,15.15265128743806,67734800
2014-10-31,15.472514152526855,15.526958837748435,15.346609763275207,15.50654159401646,32197800
2014-11-03,15.574602127075195,15.622241077697883,15.472518476017429,15.489532201516383,26257000
2014-11-04,15.49293327331543,15.65967088613853,15.418072627083628,15.58140671622204,30372400
2014-11-05,15.843416213989258,15.860429931767767,15.482719425992949,15.482719425992949,43090200
2014-11-06,15.574602127075195,15.823006153939243,15.482726451703991,15.823006153939243,74182200
2014-11-07,15.737934112548828,15.741336337965597,15.56098853540764,15.615433228523091,23574000
2014-11-10,15.816193580627441,15.833207298786254,15.663067521071161,15.71751219801745,18869800
2014-11-11,15.758347511291504,15.84341740464061,15.70049930882106,15.81279219111239,11126000
2014-11-12,15.482719421386719,15.778762264447773,15.411261027900164,15.778762264447773,36118800
2014-11-13,15.35681438446045,15.567787313558048,15.312577685466932,15.503134675077751,30232600
2014-11-14,15.29216480255127,15.367026730156118,15.258137361674702,15.319387793703456,15695600
2014-11-17,15.49293327331543,15.520156270537141,15.26834873849212,15.309183234324689,17124800
2014-11-18,15.537164688110352,15.615428831296027,15.441886826504051,15.5303589411294,13373400
2014-11-19,15.523552894592285,15.567789600083083,15.42146928797493,15.496331205257283,24266800
2014-11-20,15.489529609680176,15.56439154702591,15.424876944376756,15.475918112332982,16630200
2014-11-21,15.550775527954102,15.629039667847724,15.411260965871826,15.557581274648781,29753400
2014-11-24,15.421468734741211,15.595012028022115,15.404455017259252,15.57119126587125,23462600
2014-11-25,15.421468734741211,15.448691721163092,15.326190878391499,15.428274481346682,26221200
2014-11-26,15.489529609680176,15.537168552331522,15.414667672334444,15.414667672334444,13653000
2014-11-28,15.652856826782227,15.724315209456266,15.503134315741868,15.503134315741868,15589200
2014-12-01,15.683483123779297,15.812789704796282,15.526954856163838,15.622232706353534,38350600
2014-12-02,15.788975715637207,15.836614657246518,15.588210677380973,15.65626556650067,26666200
2014-12-03,15.744732856750488,15.805983271513574,15.652857234605857,15.799177525643977,16355000
2014-12-04,15.731122970581055,15.812790631288205,15.659664578751944,15.737928717145271,27733200
2014-12-05,15.608624458312988,15.676680636049852,15.530360308237867,15.571193495654535,34148800
2014-12-08,15.734528541564941,15.795777672490788,15.605221936135715,15.608624160829084,24212000
2014-12-09,15.812787055969238,15.850218004577455,15.642647324523262,15.642647324523262,21023200
2014-12-10,15.61543083190918,15.921682994970768,15.608625084056293,15.805987877599021,18828800
2014-12-11,15.77195930480957,15.894460171327218,15.448694715799178,15.567792059322619,19433600
2014-12-12,15.622237205505371,15.860433197642612,15.622237205505371,15.734530102480365,21926200
2014-12-15,15.489529609680176,15.717516348958425,15.407861923660846,15.6596694323286,22074200
2014-12-16,15.475915908813477,15.72091763392336,15.356818569142643,15.465707936288448,29683400
2014-12-17,15.751543045043945,15.78897400885178,15.496333344241796,15.526958560260601,37394800
2014-12-18,16.06119728088379,16.068003028609592,15.7583486464356,15.82300130273526,29327400
2014-12-19,16.087635040283203,16.194061150421437,16.001806856166997,16.121965790076022,35964000
2014-12-22,16.128829956054688,16.142562777913213,15.99150566637138,16.132263816336305,22601400
2014-12-23,16.170028686523438,16.25585686704561,16.036136934450305,16.036136934450305,19162200
2014-12-24,16.468706130981445,16.509903277009222,16.135692484036642,16.135692484036642,28824800
2014-12-26,16.66782569885254,16.739921027213263,16.461838672212302,16.461838672212302,39708200
2014-12-29,16.86008644104004,16.935615652037587,16.667830862879907,16.67813113414665,49041800
2014-12-30,16.509906768798828,16.84978689690404,16.485874986063845,16.846353036722505,26030800
2014-12-31,16.21122932434082,16.578573881336826,16.1906300867921,16.55110823127187,30313000
2015-01-02,16.28675079345703,16.365712541674775,16.104795517548048,16.365712541674775,33829400
2015-01-05,16.087635040283203,16.341685731872044,16.015539679937785,16.341685731872044,47823600
2015-01-06,16.097932815551758,16.38288299441768,16.087633853300623,16.0945002646794,38787400
2015-01-07,16.255855560302734,16.324518361127765,16.067033840259395,16.197493030863555,28644600
2015-01-08,16.369152069091797,16.430948469029854,16.310788220423984,16.351986693472163,28055400
2015-01-09,16.266157150268555,16.41378172563733,16.180328969688293,16.372583256022253,17845400
2015-01-12,16.2283878326416,16.338247767137993,16.121960448133468,16.283317799889797,21750000
2015-01-13,16.273029327392578,16.52708009852504,16.190633668603805,16.31422650196968,31959000
2015-01-14,16.41377830505371,16.437810085837302,16.16659277741239,16.273020170621034,30926000
2015-01-15,16.544239044189453,16.588870063242986,16.393181923068187,16.44124549298704,29080400
2015-01-16,16.691864013671875,16.698730425200804,16.492743317869298,16.54080688893771,25977400
2015-01-20,16.733060836791992,16.791423364595556,16.57170345582033,16.739925938011503,22477600
2015-01-21,16.894418716430664,16.918450502173084,16.575137780556688,16.715895944034045,27644400
2015-01-22,16.82231330871582,16.987103159481936,16.702154451792605,16.93903961671265,35062200
2015-01-23,16.870380401611328,16.95277599915,16.81545043979674,16.87724681054235,14190600
2015-01-26,16.86008644104004,16.873819262973043,16.70559546837868,16.856652580739798,16258200
2015-01-27,16.88411521911621,16.97337592652376,16.784554242275437,16.81888629099661,17492000
2015-01-28,16.739925384521484,17.09010446866639,16.695295679900504,16.89441634953158,27390600
2015-01-29,16.96308135986328,16.99397955689755,16.643800427053872,16.698730409599897,24089600
2015-01-30,16.588863372802734,16.942474902848744,16.568264147016485,16.942474902848744,29831800
2015-02-02,16.660961151123047,16.722757527944786,16.41377695346981,16.585433264722703,44798600
2015-02-03,16.722761154174805,16.78112499366617,16.55453866606382,16.630066568841933,32319000
2015-02-04,16.520206451416016,16.75365918786415,16.479009294876345,16.674697425482282,27718000
2015-02-05,16.6712646484375,16.705595393482117,16.47214266020359,16.5682697940357,26330600
2015-02-06,15.98463249206543,16.599160949425933,15.885071540168072,16.56483021893953,64368400
2015-02-09,15.843873977661133,16.063593790014416,15.768344801052173,15.950300025100976,39484400
2015-02-10,16.170028686523438,16.194060472298915,15.809550590257137,15.830149825050736,41782200
2015-02-11,15.819849014282227,16.104797859316324,15.782084409722948,16.104797859316324,39086200
2015-02-12,15.74775218963623,15.864478552663696,15.692822213484126,15.850745731217186,41164000
2015-02-13,15.507431983947754,15.737452143602985,15.383840528349992,15.713420362545046,65308600
2015-02-17,15.493701934814453,15.655058007193002,15.356376336127123,15.459369880325637,52747400
2015-02-18,15.861043930053711,15.881641849898656,15.455934917742105,15.483399247413287,64208000
2015-02-19,15.682523727416992,15.871345444309274,15.627593749600436,15.826714428072705,28572800
2015-02-20,15.685955047607422,15.737452470735679,15.483400524741556,15.737452470735679,27740200
2015-02-23,15.792381286621094,15.802680246638257,15.668788527880047,15.713419537344041,17977000
2015-02-24,15.90910530090332,15.994933447474954,15.744315416641815,15.812978195825838,28665000
2015-02-25,15.648191452026367,15.909108493729239,15.631024771559963,15.895375673209653,23783800
2015-02-26,15.545199394226074,15.723722164079176,15.510868646407205,15.723722164079176,28517800
2015-02-27,15.528033256530762,15.58296323611953,15.45593790387688,15.541766078836458,24968800
2015-03-02,15.229349136352539,15.517731810435848,15.122921744972027,15.517731810435848,55060000
2015-03-03,15.322042465209961,15.33920783413524,15.126354378267635,15.219048942024585,37113600
2015-03-04,15.236218452453613,15.287714573227108,15.184721022046059,15.287714573227108,24124000
2015-03-05,15.356377601623535,15.4250404066256,15.273983283328318,15.273983283328318,23115800
2015-03-06,14.896336555480957,15.146954647655756,14.837974030151468,15.109190044379543,53594000
2015-03-09,14.92380142211914,14.99932931511237,14.892903231011145,14.934100382610527,26060200
2015-03-10,14.896336555480957,15.07485930120148,14.8551394017405,14.88260373435617,27244000
2015-03-11,14.800211906433105,14.98216723310181,14.765879847869305,14.844842927748983,19976400
2015-03-12,15.08172607421875,15.143522461131525,14.879171541478867,14.899770773661103,34158000
2015-03-13,14.927233695983887,15.061125418427864,14.789909423317626,15.061125418427864,27968200
2015-03-16,15.184721946716309,15.294581915950532,15.013065581083564,15.037097367501419,25615800
2015-03-17,15.160691261291504,15.249952001663765,15.109193824008203,15.143525885408481,18376800
2015-03-18,15.56922721862793,15.665355645405887,15.112622102559193,15.157253111076324,47453000
2015-03-19,15.42503833770752,15.672223878707007,15.383841184085574,15.483400862869122,26323000
2015-03-20,15.563787460327148,15.608769875052635,15.40115964397404,15.54994651426619,27758400
2015-03-23,15.574172019958496,15.646836347848454,15.518809539627739,15.553411914800492,20520400
2015-03-24,15.40116024017334,15.646832422457237,15.363099616950224,15.567248959443837,21258600
2015-03-25,15.221235275268555,15.504968119195166,15.207394326797623,15.435764696786006,28315800
2015-03-26,15.093213081359863,15.283521561020835,15.048231965039966,15.183177953891455,25400200
2015-03-27,15.183173179626465,15.273136703923624,15.075907809935767,15.12089023205709,13556800
2015-03-30,15.370022773742676,15.428846152128013,15.179714328276065,15.266218287119585,16955000
2015-03-31,15.3734769821167,15.515343360094805,15.259291172552691,15.325034997433212,20419400
2015-04-01,15.387322425842285,15.42884395057766,15.145111111652565,15.328499055850488,34579400
2015-04-02,15.415006637573242,15.48421007508232,15.345803200064164,15.36310504940077,22537200
2015-04-06,15.629538536071777,15.722962993243343,15.463451052193212,15.480752904220013,24990200
2015-04-07,15.449603080749512,15.632990997739226,15.439221711146788,15.626070524652501,13840000
2015-04-08,15.404623031616211,15.470365556119404,15.325039558813774,15.449605453616016,17916000
2015-04-09,15.338876724243164,15.404619232532957,15.245452326181784,15.39769876009006,22818200
2015-04-10,15.453059196472168,15.5153421203586,15.325033772903385,15.39423716832664,18541400
2015-04-13,15.300810813903809,15.453057208291053,15.286969872610928,15.42191575035448,16952800
2015-04-14,15.376938819885254,15.428841708220247,15.2938957824836,15.33887819771091,22051200
2015-04-15,15.415006637573242,15.549952614745761,15.394246530282567,15.418467535418877,19362200
2015-04-16,15.314656257629395,15.38040009379288,15.186630801859135,15.363099570571816,27135800
2015-04-17,15.25929069519043,15.383856549019745,15.207389136058243,15.248910647353,17001000
2015-04-20,15.487664222717285,15.60877052588248,15.31119677289042,15.321576822896319,18538800
2015-04-21,15.349262237548828,15.605313209369013,15.293899758240766,15.487667775846175,23398200
2015-04-22,15.380400657653809,15.421922178895649,15.283515348162366,15.394241604716209,17496600
2015-04-23,15.466906547546387,15.54302912609937,15.328499699357373,15.328499699357373,18436400
2015-04-24,15.622618675231934,15.729882761267172,15.428849292798642,15.466911253628925,29082400
2015-04-27,15.43576431274414,15.688355676299432,15.387322314246614,15.664134677050669,21013200
2015-04-28,15.546487808227539,15.54994738496386,15.31465656853383,15.370019035932346,19495600
2015-04-29,15.48074722290039,15.532648800095329,15.3527204286061,15.432303902928076,26662000
2015-04-30,15.300810813903809,15.44959763294024,15.183165452803951,15.446136737644613,35176400
2015-05-01,15.387322425842285,15.39424289995576,15.20393316169889,15.266216108774689,25014800
2015-05-04,15.501504898071289,15.619150302545451,15.366558970574957,15.390779966795051,26646200
2015-05-05,15.15549087524414,15.477285655713906,15.11396935129672,15.477285655713906,37242400
2015-05-06,15.072447776794434,15.22469424405462,14.92366088654099,15.152031247403992,33952200
2015-05-07,15.127812385559082,15.23161686971618,15.08628953593974,15.12435148811799,25374000
2015-05-08,15.235071182250977,15.404619459739784,15.172788249291427,15.321575109145328,28766400
2015-05-11,15.131269454956055,15.35963981022617,15.11742850737716,15.231614344984923,25278600
2015-05-12,15.113970756530762,15.131271283121931,14.961724274604677,15.051687804846098,27070400
2015-05-13,14.965178489685059,15.214310207155888,14.913275608563602,15.165868222079915,27959200
2015-05-14,15.138191223144531,15.179712749486125,15.027466272936602,15.041307221698974,24485400
2015-05-15,15.335415840148926,15.366557306193956,15.155487516327096,15.17970850992377,35583400
2015-05-18,15.39423942565918,15.421919995920431,15.25929219082062,15.25929219082062,20487200
2015-05-19,15.428849220275879,15.466911180927253,15.273141799404767,15.325044713010445,25816000
2015-05-20,15.453059196472168,15.563784101171384,15.39423716832664,15.428838206065777,18137400
2015-05-21,15.446142196655273,15.5084251345406,15.373479209104154,15.491124611782515,16125200
2015-05-22,15.421921730041504,15.466904146712416,15.325037743315226,15.390780260030155,17847800
2015-05-26,15.325040817260742,15.415004348702412,15.224695913769413,15.397703821880429,21127800
2015-05-27,15.387322425842285,15.41500300235071,15.307738953455537,15.338880426993436,15275600
2015-05-28,15.421921730041504,15.459983673382634,15.325037743315226,15.380400210008146,19973800
2015-05-29,15.39770221710205,15.46690563712306,15.338880168048737,15.390781743105405,18321000
2015-06-01,15.418465614318848,15.5118900453238,15.370022290136355,15.439225719022868,17678200
2015-06-02,15.214310646057129,15.349256556931707,15.107045304619453,15.33541561224069,24302600
2015-06-03,14.989405632019043,15.217776026747204,14.906362572088243,15.155493071826283,46725000
2015-06-04,14.96864128112793,15.072447065668866,14.940960706543626,15.006703226133556,26601800
2015-06-05,14.781793594360352,14.844076536354764,14.72297022916769,14.774873120811487,31837600
2015-06-08,14.695297241210938,14.7956408596074,14.684915865555684,14.7956408596074,15835400
2015-06-09,14.66069507598877,14.750659959974454,14.66069507598877,14.671076451800081,20536800
2015-06-10,14.733354568481445,14.844079527685476,14.729893671036903,14.792176625582373,22182000
2015-06-11,14.850993156433105,14.882134622117691,14.788711545009074,14.854454052589805,17953800
2015-06-12,14.71950912475586,14.837154522986424,14.71604822836792,14.788712533117113,17258600
2015-06-15,14.695297241210938,14.764499372533725,14.633014267063594,14.677995388434196,20152200
2015-06-16,14.764494895935059,14.764494895935059,14.605327930238438,14.667610885501576,16073600
2015-06-17,14.889058113098145,14.913279111325044,14.726431599281149,14.77141269887659,36583800
2015-06-18,15.086288452148438,15.124350401592336,14.906361396506338,14.906361396506338,41434000
2015-06-19,14.940686225891113,15.125742203740051,14.933702805525893,15.115267739167846,26751000
2015-06-22,14.919737815856934,15.000045162093652,14.884822041650157,14.965129387886874,20547600
2015-06-23,14.717220306396484,14.895292842154005,14.69627004785692,14.863868120320198,32553800
2015-06-24,14.601995468139648,14.766102492166636,14.59501204882456,14.734677771224256,24459800
2015-06-25,14.504232406616211,14.647389193868943,14.50074003046667,14.612472092129716,23374600
2015-06-26,14.591524124145508,14.615965430997237,14.42392602061166,14.472808634315117,17541400
2015-06-29,14.5147066116333,14.755628615545602,14.50423214727444,14.567081597330034,32343000
2015-06-30,14.476302146911621,14.598510033957687,14.44487741389424,14.584543189960728,22217400
2015-07-01,14.563587188720703,14.567079564320398,14.455347520248706,14.493754328188137,22503600
2015-07-02,14.745161056518555,14.790552643249722,14.629937898757087,14.661362638501458,19150800
2015-07-06,14.80451774597168,14.842924572732525,14.671835379133402,14.724209051235473,27996400
2015-07-07,15.17113971710205,15.230496815547045,14.853401291665561,14.853401291665561,52236600
2015-07-08,15.090826034545898,15.2130325578254,15.06289235382418,15.11875838331641,30993600
2015-07-09,14.923227310180664,15.171132722242072,14.874343371000633,15.136215622827764,31152000
2015-07-10,15.003536224365234,15.111775914095222,14.881328361444186,14.93021097383209,24810200
2015-07-13,15.010516166687012,15.108281368808266,14.919733051616433,15.045431929744321,17169400
2015-07-14,14.989572525024414,15.094321192376016,14.944180947456477,14.993063570090454,13642400
2015-07-15,15.062895774841309,15.066388151700302,14.909264491833433,14.97211395578018,19801600
2015-07-16,15.28635311126709,15.310794410549857,15.041940118439426,15.062889042424132,25185400
2015-07-17,15.13621711730957,15.307307591454505,15.129235028688479,15.286357329737385,20984600
2015-07-20,15.059402465820312,15.143200850516259,14.982586169889604,15.073367975302098,19625000
2015-07-21,14.923227310180664,15.066384087901449,14.86037786318606,15.031466988487141,20569600
2015-07-22,14.989572525024414,15.066388835992989,14.9092651689898,14.947673324474087,16504400
2015-07-23,14.766104698181152,14.986076445689928,14.692780782344894,14.97560198112796,27894600
2015-07-24,14.780073165893555,14.832446826419947,14.727698173415774,14.773089744766423,17178200
2015-07-27,14.968620300292969,15.03496213543175,14.738172729490362,14.780073256510033,23905600
2015-07-28,15.038450241088867,15.05241708069923,14.91275134849788,14.968617374988193,17485200
2015-07-29,15.094322204589844,15.10828904969375,14.926724059197962,15.038456156125884,27001600
2015-07-30,15.206048965454102,15.254931574212364,15.017500618571212,15.080350067532175,22630800
2015-07-31,15.3596830368042,15.48188957057882,15.32825830926911,15.345716195243867,24108400
2015-08-03,15.439992904663086,15.527283680773662,15.363176595461287,15.380634484293093,26394600
2015-08-04,15.192082405090332,15.422529944874986,15.160657680031004,15.401581016136246,24067200
2015-08-05,15.230486869812012,15.33872785929267,15.185096647212836,15.251437125439173,22313200
2015-08-06,15.310803413391113,15.324770258894112,15.094322635901408,15.268904208833812,34290200
2015-08-07,15.499347686767578,15.565689519188888,15.216526466702298,15.296833808940052,42326600
2015-08-10,15.436495780944824,15.57616151255462,15.405071057930178,15.502837602837486,24179000
2015-08-11,15.513309478759766,15.6320249312399,15.398085069609527,15.49585159820846,30244600
2015-08-12,15.789155960083008,15.817088315736868,15.460941790477303,15.495858899984045,46919600
2015-08-13,15.792642593383789,15.838034157086655,15.607586626523803,15.726302101780494,21557800
2015-08-14,15.911362648010254,15.921837114975071,15.694881895044219,15.729797672894643,20668600
2015-08-17,15.988176345825195,16.058009222069828,15.883427697433914,15.963735038932276,18319400
2015-08-18,15.949769973754883,15.977702328193002,15.883429466506808,15.935803130560085,23482600
2015-08-19,16.0161075592041,16.064990169516822,15.827560538276636,15.911358918255234,18491200
2015-08-20,15.921834945678711,16.110383317065637,15.865968909558664,15.949768629714418,25552000
2015-08-21,15.729790687561035,15.939289257483455,15.719316225247749,15.86945640084265,37494800
2015-08-24,15.139703750610352,15.56219054534191,15.066379860341394,15.419033807790274,70201000
2015-08-25,14.675315856933594,15.426016604055766,14.661350353600481,15.328251420970355,57265400
2015-08-26,14.937199592590332,14.972116707840897,14.654378284795415,14.776584858293003,43739800
2015-08-27,15.111777305603027,15.118760726865952,14.905771040176676,15.020995493087824,34091000
2015-08-28,15.066386222839355,15.136217767660945,14.860379968932456,15.09082752991718,19361400
2015-08-31,14.825457572937012,15.045430590074051,14.703251081166913,15.045430590074051,24156800
2015-09-01,14.423929214477539,14.69278498133015,14.343621855332207,14.664851291913536,38812400
2015-09-02,14.434404373168945,14.570577785716024,14.312197805998924,14.525186204216435,18243400
2015-09-03,14.500741004943848,14.574066257548198,14.402975777406482,14.402975777406482,17170400
2015-09-04,14.301718711853027,14.41694316174638,14.245852675164203,14.385518432861955,26859200
2015-09-08,14.605488777160645,14.605488777160645,14.420431483361996,14.43439832288475,22413800
2015-09-09,14.423929214477539,14.682309181823108,14.395995525060926,14.640409979649808,23085000
2015-09-10,14.39948844909668,14.542645282914771,14.357587913380405,14.416946339669291,13532800
2015-09-11,14.50772476196289,14.514708182941868,14.31568534687075,14.382025848244002,14955800
2015-09-14,14.542646408081055,14.640411668413126,14.51122166983835,14.560104300004385,16745200
2015-09-15,14.61945629119873,14.654373394797856,14.469316075600773,14.560099213007186,13158200
2015-09-16,14.766104698181152,14.811494932583841,14.612472114199,14.661356056707747,17239600
2015-09-17,14.968620300292969,15.160659720636573,14.724205887150472,14.724205887150472,45446200
2015-09-18,14.884387969970703,15.057093988613735,14.84914250226155,14.90553605731324,28717400
2015-09-21,14.944305419921875,15.021845710219637,14.873813146855321,14.873813146855321,17541800
2015-09-22,14.75749683380127,14.940776158013975,14.715202018837699,14.877333263304656,21944400
2015-09-23,14.796262741088867,14.831509528992664,14.708147788120595,14.76101729771255,10533000
2015-09-24,14.91610050201416,14.944297934929143,14.74339593125651,14.792740094330124,22652000
2015-09-25,15.060611724853516,15.2086455855386,14.873808403647143,14.94430065423395,19010000
2015-09-28,14.986604690551758,15.152261379707989,14.958407235151261,15.060620994185049,19014000
2015-09-29,14.990121841430664,15.078236832446887,14.930204292913103,15.014793931352962,17362800
2015-09-30,15.257987976074219,15.275610700531336,15.018315158779881,15.021839165860229,19276000
2015-10-01,15.07823657989502,15.314385451017728,14.96544950084562,15.29323736949795,31292000
2015-10-02,15.279139518737793,15.279139518737791,15.053565347790979,15.191024524178685,26396800
2015-10-05,15.47651481628418,15.5011869027758,15.265039405062327,15.321432937690012,24022400
2015-10-06,15.370773315429688,15.490609710740342,15.275609000518797,15.444789556628978,23043800
2015-10-07,15.317912101745605,15.420125829933665,15.293240007979973,15.388404374445242,19056800
2015-10-08,15.5082368850708,15.532908972552997,15.261514665720906,15.307334832985527,21060800
2015-10-09,15.434225082397461,15.518814736913773,15.384880893174891,15.504717357513265,26190200
2015-10-12,15.571676254272461,15.66331522352559,15.437741135030848,15.490610650252638,14986000
2015-10-13,15.536436080932617,15.624551073194183,15.504714629937332,15.557582818577423,19146800
2015-10-14,15.532909393310547,15.64922181847267,15.51176131295526,15.606925657762098,15691000
2015-10-15,15.762003898620605,15.790199985635109,15.518805757416887,15.592823342950975,16568200
2015-10-16,15.783153533935547,15.881843217977096,15.733809364178665,15.776104174752023,18817400
2015-10-19,15.793733596801758,15.800782958374011,15.63512632274665,15.76906150356299,20432400
2015-10-20,15.846599578857422,15.913567832177737,15.73381249850832,15.74438586712603,19526200
2015-10-21,15.814873695373535,15.977006254389677,15.804300329719668,15.892415295575704,16822000
2015-10-22,15.99815845489502,16.043978629272186,15.825453815711157,15.881847359356847,26220000
2015-10-23,15.716194152832031,15.991112569796652,15.705620781265216,15.984063207242631,25170400
2015-10-26,15.659789085388184,15.762002750491368,15.536428692696365,15.751428042169612,22227000
2015-10-27,15.603402137756348,15.680943756955182,15.554057959912729,15.645696955261164,16992400
2015-10-28,15.437745094299316,15.666844592979984,15.265040476733372,15.606925704059575,34842200
2015-10-29,15.349627494812012,15.409546373526297,15.145201463703376,15.360202205483791,32579600
2015-10-30,15.42011833190918,15.480035860625627,15.310855295127423,15.367248816960158,23263400
2015-11-02,15.437745094299316,15.469466542662364,15.31790866098647,15.409548998269925,34873600
2015-11-03,15.483566284179688,15.501189013426384,15.339057753111888,15.38135257220957,24866400
2015-11-04,15.564632415771484,15.613976597063141,15.465944053188167,15.465944053188167,21437800
2015-11-05,15.43069076538086,15.578724591583246,15.43069076538086,15.532904437695896,27525800
2015-11-06,14.891429901123047,15.215692344720933,14.764544129444662,15.180446894600376,64718000
2015-11-09,14.930206298828125,15.00069857001755,14.792747109499283,14.82446856430811,26666600
2015-11-10,15.064133644104004,15.109952453695708,14.909050459247341,14.937247890867658,17009200
2015-11-11,15.194549560546875,15.222745659064127,15.074713116660357,15.10643456782232,21946800
2015-11-12,15.05003833770752,15.300284549654311,15.03946362619055,15.155776041182293,17679200
2015-11-13,14.99363899230957,15.173392884062817,14.94781884557744,15.067655221588712,19032800
2015-11-16,15.247418403625488,15.250943756421448,14.968976036511211,15.021844227697299,18351200
2015-11-17,14.972498893737793,15.33200821318339,14.930204075134794,15.240369215455551,26988000
2015-11-18,15.067663192749023,15.099384642725406,14.849138395427296,14.983072211302657,30925000
2015-11-19,15.2297945022583,15.261515952342249,15.088811325407017,15.102908701922516,24729600
2015-11-20,15.293231964111328,15.402494996552475,15.226265079760177,15.254461167292611,25040000
2015-11-23,15.152247428894043,15.328477329304626,15.127574005871319,15.310853263641617,23794000
2015-11-24,15.131108283996582,15.152256368552859,15.011271827234141,15.085288106388763,17583400
2015-11-25,15.039463996887207,15.127578976042708,14.983070464008804,15.127578976042708,15356400
2015-11-27,15.067663192749023,15.138155453199655,15.046515111255422,15.081761913744756,7960600
2015-11-30,15.092331886291504,15.201594932631032,15.060610443452784,15.085282527379817,22746000
2015-12-01,15.21217155456543,15.243893004193426,15.067663027266335,15.127580574048096,25103000
2015-12-02,14.873804092407227,15.191017111310456,14.870278741409408,15.152247662026669,25132200
2015-12-03,14.761017799377441,14.852656761986776,14.711673639162607,14.84913275534037,29758400
2015-12-04,14.968977928161621,14.99012466949714,14.768075818304292,14.813894654216796,21923000
2015-12-07,15.03593921661377,15.042988575927287,14.863233274752112,14.93372552335948,27030200
2015-12-08,15.014788627624512,15.035936702028296,14.894952228391576,14.976019174675622,21275800
2015-12-09,15.018320083618164,15.176927344798425,14.898483635673982,14.947827818146035,21351600
2015-12-10,14.77159595489502,15.025367540625876,14.757497234681535,14.99717010019891,19367200
2015-12-11,14.729299545288086,14.849135965082226,14.627085851590296,14.73634890463219,28705400
2015-12-14,14.803315162658691,14.806839169914731,14.630609227502127,14.785692437322984,32809200
2015-12-15,14.91963005065918,15.011269044358015,14.81741634437849,14.824465704590398,20221800
2015-12-16,15.29675579071045,15.32142786904003,14.930197277631805,14.976017427898492,36601000
2015-12-17,15.328485488891602,15.413075133181676,15.212173047332557,15.324960136071425,26323400
2015-12-18,15.137969017028809,15.326704918313569,15.02045549210427,15.30890000343748,36814400
2015-12-21,15.127284049987793,15.234114881501394,15.048940806278214,15.17357790840052,18063000
2015-12-22,15.255480766296387,15.294652386033128,15.031135081349008,15.170015290650072,16251600
2015-12-23,15.490509033203125,15.526118855425638,15.259041113473861,15.280407821863955,17163400
2015-12-24,15.47982406616211,15.526116556511433,15.437090655709355,15.437090655709355,5431600
2015-12-28,15.50831127166748,15.529677976375313,15.387235995177916,15.387235995177916,10073000
2015-12-29,15.593788146972656,15.647202910201582,15.554616505547736,15.583104107584148,18447800
2015-12-30,15.579530715942383,15.647189903160658,15.547481341275354,15.60445785641371,15663000
2015-12-31,15.4121675491333,15.597341634316349,15.273287324852964,15.554609571098045,20863400
2016-01-04,15.380114555358887,15.383676352208026,15.194940513600558,15.323138031619976,29693400
2016-01-05,15.490509033203125,15.529680652704476,15.155772085657516,15.372994174699075,21896000
2016-01-06,15.462018013000488,15.526116771138256,15.337382293525643,15.397920613290182,25437600
2016-01-07,15.358748435974121,15.437090303160133,15.266160740535092,15.294649680186303,24547400
2016-01-08,15.351632118225098,15.476267881170482,15.323143167593049,15.369437033156162,23361600
2016-01-11,15.4335298538208,15.504750844470214,15.355186628263708,15.362308863171389,32779200
2016-01-12,15.372995376586914,15.490510244278482,15.251921428193537,15.444216385027767,28720200
2016-01-13,15.365873336791992,15.497631309469696,15.319579481040718,15.429972103700637,34957800
2016-01-14,15.597341537475586,15.686367461043858,15.312458853742676,15.362313153592462,46166000
2016-01-15,15.458462715148926,15.554610884328469,15.273288614332168,15.440657800507065,37878200
2016-01-19,15.689929962158203,15.732662027027068,15.479828718780162,15.5403656974754,35769200
2016-01-20,15.337383270263672,15.650754845735186,15.116599399521887,15.625827700252769,39800200
2016-01-21,15.32314395904541,15.440658848830452,15.18782551183767,15.383682303051401,28175800
2016-01-22,15.597341537475586,15.608025572034675,15.340947801329861,15.415729251104539,30121000
2016-01-25,15.465584754943848,15.629392141039135,15.408608213761665,15.590220514271156,27042800
2016-01-26,15.572412490844727,15.725537169405927,15.501191488979206,15.501191488979206,22919200
2016-01-27,15.608024597167969,15.7219776635437,15.476265260448518,15.543925827528156,27463800
2016-01-28,15.857295036315918,15.960565420425088,15.501191387741637,15.586656861107615,31127800
2016-01-29,16.174224853515625,16.188469323532537,15.960563236971659,15.960563236971659,35880800
2016-02-01,16.327350616455078,16.402133409897367,16.088761840428674,16.09944451445149,59221800
2016-02-02,16.398574829101562,16.416379742107413,16.18847359540583,16.26681684274492,31940200
2016-02-03,16.60155487060547,16.676337683420403,16.45199196183134,16.455552401285445,65904800
2016-02-04,16.53032684326172,16.676330609072643,16.48759479580066,16.58730471777952,55205200
2016-02-05,16.5837459564209,16.647844718556925,16.28818064961815,16.434183083721866,54772600
2016-02-08,16.526771545410156,16.73687276854388,16.373646856087557,16.548138254999724,58024800
2016-02-09,16.5837459564209,16.647844718556925,16.430621286699004,16.469792903385194,45241800
2016-02-10,16.56594467163086,16.65497059869782,16.281061976702162,16.544577960100767,51841200
2016-02-11,16.2739315032959,16.597985659478844,16.26680926972376,16.462665938462525,50780000
2016-02-12,16.22408676147461,16.35584476392433,16.092327400596936,16.263257031500668,42037400
2016-02-16,16.327350616455078,16.36296179391034,16.156421039952388,16.305985268409444,29277200
2016-02-17,16.295305252075195,16.380770740603992,16.188474410235088,16.380770740603992,38160600
2016-02-18,16.562379837036133,16.619356365574948,16.249009609286432,16.263252722600445,37768600
2016-02-19,16.45198631286621,16.53745041469845,16.345155506362207,16.49115792555074,34040200
2016-02-22,16.644283294677734,16.644283294677734,16.448425222840914,16.54101292196877,24873200
2016-02-23,16.658531188964844,16.697702814577575,16.516090519424193,16.590871972815123,23577600
2016-02-24,16.736875534057617,16.76892492452378,16.58731261750081,16.658532277711895,33501800
2016-02-25,16.90780258178711,16.90780258178711,16.740433417308108,16.790289073641656,24323800
2016-02-26,16.441308975219727,16.850828818382006,16.437748535538542,16.811657189749166,65907200
2016-02-29,16.487606048583984,16.644292593591842,16.40214189533263,16.416385015255706,40275600
2016-03-01,16.405696868896484,16.612237660880844,16.302426472904305,16.573066037681894,47283400
2016-03-02,16.491159439086914,16.49828167463117,16.0531521413216,16.362961916145352,60448400
2016-03-03,16.590864181518555,16.590864181518555,16.295297587735764,16.516082763245997,42548200
2016-03-04,16.776046752929688,16.829461496784788,16.44487017900199,16.484041806219146,44256800
2016-03-07,16.868629455566406,16.90424063548666,16.69413942845383,16.747554160692783,36985600
2016-03-08,17.035999298095703,17.050243770643224,16.811653609969067,16.900679525749577,32749600
2016-03-09,17.114343643188477,17.16775838104741,16.986146098842624,17.000390572309442,28513200
2016-03-10,17.12858772277832,17.185564261426318,16.9647803439688,17.107222369802717,38942800
2016-03-11,17.146387100219727,17.253217897424292,17.11077592886668,17.210485850227926,31390800
2016-03-14,17.167757034301758,17.19980641787407,17.071608883584826,17.142829886904146,23449600
2016-03-15,17.199806213378906,17.256782743671412,17.128585210906362,17.149951919176416,27474000
2016-03-16,17.463327407836914,17.463327407836914,17.021758180816843,17.13571126680371,55736400
2016-03-17,17.559473037719727,17.59864330163648,17.331565540299746,17.39566431169478,35069800
2016-03-18,17.447532653808594,17.6125717011205,17.4403568645374,17.558753965907467,33981400
2016-03-21,17.429594039916992,17.515700774751988,17.260966411955806,17.39371509320085,31486400
2016-03-22,17.372188568115234,17.501350045276855,17.350662567682924,17.40806751657232,22914800
2016-03-23,17.501340866088867,17.5695101480826,17.29324854874681,17.372179456670448,30479200
2016-03-24,17.547988891601562,17.57310346676049,17.443942012433613,17.494171162751467,30147000
2016-03-28,17.483407974243164,17.669974365281103,17.447530401161195,17.576691854082974,22489200
2016-03-29,17.741729736328125,17.75608131209238,17.469055271373648,17.537224571933063,35107200
2016-03-30,17.698673248291016,17.781192741382434,17.634092537412283,17.741726599329724,29033800
2016-03-31,17.80272102355957,17.820659808080737,17.659209378748685,17.723790097938117,29406800
2016-04-01,17.870895385742188,17.89600996491801,17.673564594157963,17.730969542080125,35745200
2016-04-04,17.795549392700195,17.89600907303883,17.705854080501826,17.874481705400154,30572200
2016-04-05,17.461875915527344,17.784779461036628,17.447525711336844,17.75607768401431,37316800
2016-04-06,17.44035530090332,17.4654698767799,17.332721208769165,17.43676672226853,40589000
2016-04-07,17.433181762695312,17.547991658277923,17.38653981491428,17.415242973130887,30560400
2016-04-08,17.52646255493164,17.641272439150928,17.469057612822,17.486997769252707,32873800
2016-04-11,17.45111846923828,17.637684869451338,17.43676689184303,17.52646219760074,22250000
2016-04-12,17.573108673095703,17.594636044741936,17.42600838845171,17.454711550646685,26854400
2016-04-13,17.46546745300293,17.62333067498271,17.372183582428228,17.62333067498271,26641000
2016-04-14,17.443941116333008,17.504934630472643,17.386536180541274,17.422415120812126,24181600
2016-04-15,17.540813446044922,17.58027959882087,17.418827777756416,17.47982129622153,21925800
2016-04-18,17.608985900878906,17.608985900878906,17.411655101724055,17.530053581216965,18248000
2016-04-19,17.637685775756836,17.66280035316816,17.52287588797884,17.62692277647822,20990800
2016-04-20,17.19639015197754,17.67356863403502,17.185627149482492,17.652042629044928,52137400
2016-04-21,16.83759880065918,17.178441153156044,16.76584229982172,17.131799222315482,64131400
2016-04-22,16.98828887939453,17.009816243607336,16.873479007542834,16.88424337397005,24618000
2016-04-25,17.020580291748047,17.024168870325784,16.90577041281133,16.916534779902825,25485800
2016-04-26,17.045696258544922,17.117452780897775,16.99905568236112,17.031346048987814,26043000
2016-04-27,17.29325294494629,17.393711236191383,17.042105848191987,17.095923572011326,49118400
2016-04-28,17.26814079284668,17.311194156752588,17.042108237217576,17.142566542545282,40316000
2016-04-29,17.372188568115234,17.39012872666475,17.067225033760696,17.196386510922316,40354400
2016-05-02,17.51211166381836,17.598218389308226,17.36142284124851,17.382950206941835,32733200
2016-05-03,17.49775505065918,17.591037537865848,17.400883985882256,17.49775505065918,31493400
2016-05-04,17.702266693115234,17.813489371839562,17.45111954774401,17.504937281981356,35207800
2016-05-05,17.634092330932617,17.8493604522469,17.569511620810065,17.65203111293525,31653000
2016-05-06,17.519287109375,17.608982411711818,17.361422501331514,17.547988894429096,40107200
2016-05-09,17.619747161865234,17.64486173952522,17.494172904923488,17.530051850610487,22463600
2016-05-10,17.637685775756836,17.70226650871219,17.573105042801487,17.637685775756836,26515800
2016-05-11,17.702266693115234,17.71661827139744,17.5444034379365,17.641273169736788,24347800
2016-05-12,17.806310653686523,17.835012436887858,17.608981275011928,17.67356062937533,35455400
2016-05-13,17.72020149230957,17.799133786449882,17.634094779285167,17.759667639379725,25253200
2016-05-16,17.741729736328125,17.745316945948392,17.594629506348493,17.659210228646046,22174200
2016-05-17,17.44035530090332,17.72738000280831,17.347071417383113,17.684326639682997,35066000
2016-05-18,17.11386489868164,17.476233337804267,17.056459956781765,17.339897456193174,54513000
2016-05-19,17.28607940673828,17.28966661676033,16.952412760376045,17.04928385467235,39165600
2016-05-20,17.325538635253906,17.34706462406586,17.192788650587914,17.325538635253906,30371400
2016-05-23,17.17127227783203,17.365014497484093,17.149744908323367,17.321959758466768,25380400
2016-05-24,17.34348487854004,17.36501224525662,17.174857260864627,17.199971837713075,26766600
2016-05-25,17.29325294494629,17.34706930012406,17.171267290445147,17.25019958707576,28699800
2016-05-26,17.490581512451172,17.5121088747159,17.27172478633837,17.27172478633837,26309000
2016-05-27,17.519287109375,17.551576104320223,17.429591807038182,17.486996745788076,30211000
2016-05-31,17.634092330932617,17.648442535349922,17.48699212868488,17.490579337628873,31172400
2016-06-01,17.680736541748047,17.70226390578173,17.59462982289654,17.630507394311064,22566200
2016-06-02,17.687910079956055,17.687910079956055,17.51210808628765,17.666384087301974,15407400
2016-06-03,17.96776580810547,18.064635542015573,17.835015759066547,17.921123861993365,37437800
2016-06-06,17.942642211914062,18.03592606436938,17.867298509374884,17.974932565665323,21685600
2016-06-07,17.92829704284668,18.050282705870508,17.89241810157987,17.956998827218463,15808000
2016-06-08,18.035938262939453,18.050289845122517,17.899600969484766,17.924715553984022,13530200
2016-06-09,18.190208435058594,18.222498800149822,18.02158082084421,18.046695397177192,19405000
2016-06-10,18.143564224243164,18.265549880599856,18.071807714273064,18.17226737568784,25822600
2016-06-13,18.122037887573242,18.24043634102938,18.10768767967932,18.172268405447817,26143400
2016-06-14,18.218908309936523,18.229672676265388,18.032341927721802,18.129213012831848,23212800
2016-06-15,18.10409927368164,18.247612303121315,18.039518547297956,18.211733361440558,21782600
2016-06-16,18.218908309936523,18.25837445964524,18.068220867748646,18.082572443759382,20054200
2016-06-17,18.284740447998047,18.288358380098142,18.100265926160418,18.201545947574267,38422600
2016-06-20,18.216022491455078,18.310068067614502,18.078569991064498,18.25581148208162,31875800
2016-06-21,18.241336822509766,18.328147884243062,18.11111885007287,18.226867852275234,17338200
2016-06-22,18.15452003479004,18.27026900928237,18.13643451624498,18.241332455577595,15960600
2016-06-23,18.205167770385742,18.212400876458148,18.082184269598343,18.121971872344975,16850400
2016-06-24,18.23409652709961,18.396868940778315,18.009833079273676,18.16537101014038,48382000
2016-06-27,18.45836639404297,18.509006411501126,18.187079403514005,18.212399412243084,33574600
2016-06-28,18.5270938873291,18.53794492573778,18.313681392990542,18.465601450060177,26414600
2016-06-29,18.577735900878906,18.66454697714254,18.51262690376259,18.613906952682555,28026800
2016-06-30,18.979238510131836,19.000940586519953,18.577733538907594,18.660928051348392,34744800
2016-07-01,18.982852935791016,19.0841329604853,18.787525991163317,19.0841329604853,34961600
2016-07-05,19.123926162719727,19.152864107506588,18.98285713147667,19.040731641213235,25106800
2016-07-06,19.16370964050293,19.17817860873894,18.990086161181114,19.102218595255035,30205400
2016-07-07,18.809234619140625,19.10945960326801,18.773063566038708,19.098607183467653,45437200
2016-07-08,19.004554748535156,19.015405784576313,18.606666409039825,18.64645538097303,32184800
2016-07-11,18.990089416503906,19.004558387220218,18.769442442509657,18.94668388419197,29012000
2016-07-12,18.729652404785156,18.939448328807785,18.71880136727947,18.863488306594178,36004600
2016-07-13,18.87795639038086,18.87795639038086,18.765825320324414,18.809230851319267,29209400
2016-07-14,18.754972457885742,18.84178489765346,18.668161397954936,18.68986347301918,34722600
2016-07-15,18.809234619140625,18.8562580920429,18.718805606548603,18.733274579724263,25903400
2016-07-18,18.863492965698242,18.921367479751197,18.82732053201686,18.830938465303625,22336200
2016-07-19,18.8309326171875,18.885189181103822,18.74412018314982,18.845400206329757,21364000
2016-07-20,18.722415924072266,18.849017327436464,18.69347936719604,18.805611802203742,23199200
2016-07-21,18.834550857543945,18.849019827819795,18.61752182275396,18.639223898330787,26518400
2016-07-22,19.08413314819336,19.102220049783963,18.769440654200263,18.787526175954007,26441400
2016-07-25,19.05158233642578,19.076903727575434,18.93583331904364,19.058816822491806,14310600
2016-07-26,18.885189056396484,19.073281512372034,18.830932492838443,19.058812543488497,25018200
2016-07-27,18.66816520690918,18.86349220136236,18.50539271153153,18.841788742032936,45119600
2016-07-28,18.740510940551758,18.773065443534154,18.61390948235917,18.657316406227274,18231600
2016-07-29,18.852632522583008,18.914124943753475,18.711563540853316,18.744118027393757,30949400
2016-08-01,18.863492965698242,18.906898506278644,18.794766031622242,18.805618451645287,23317000
2016-08-02,18.740510940551758,18.812853053990533,18.653698472652916,18.765830956222803,27411000
2016-08-03,18.628372192382812,18.773059130277826,18.570497693192184,18.740504638243294,22810600
2016-08-04,18.617517471313477,18.758586448938853,18.566877467020948,18.650071956906768,24544000
2016-08-05,18.349853515625,18.5524149834185,18.3390024765808,18.512626000473606,53904200
2016-08-08,18.342615127563477,18.50900413008462,18.29559304848369,18.342615127563477,27053400
2016-08-09,18.33899688720703,18.43666034835025,18.29197343261881,18.367933442451307,20188400
2016-08-10,18.342615127563477,18.425809628824048,18.29559304848369,18.382404102043928,16981600
2016-08-11,18.386022567749023,18.39687360479975,18.28474116254043,18.33899910746778,18963000
2016-08-12,18.41134262084961,18.54517713755027,18.407724688598943,18.45113021674894,24322800
2016-08-15,18.129199981689453,18.47644828402294,18.129199981689453,18.411339313575198,25268800
2016-08-16,17.91579246520996,18.09665045942314,17.91579246520996,18.08579942131819,40363200
2016-08-17,18.1834659576416,18.21963701062428,17.75664090922733,17.89409339426851,56913200
2016-08-18,18.407730102539062,18.407730102539062,18.147294097367922,18.179848598014313,27889000
2016-08-19,18.1834659576416,18.35708949566546,18.085802458783704,18.2811294564995,29396000
2016-08-22,18.230484008789062,18.310060577652965,18.1762260656137,18.2123971078394,18203600
2016-08-23,18.150903701782227,18.346230616030972,18.14005266649173,18.259418194197096,19157400
2016-08-24,18.143678665161133,18.172616614118397,18.002609613587854,18.121975203443185,16096600
2016-08-25,18.15452003479004,18.21601245364719,18.121965549474282,18.125583481085265,14445600
2016-08-26,17.778337478637695,18.28835685511567,17.76386851111742,18.165373390866677,41822000
2016-08-29,17.923025131225586,17.966430659076376,17.814510621680185,17.832596143298275,26031400
2016-08-30,17.734935760498047,17.99537173264908,17.71323368271019,17.90855928198637,24523000
2016-08-31,17.807275772094727,17.814510256561057,17.6770578113744,17.716846786020813,23004200
2016-09-01,17.716854095458984,17.821752093743303,17.695150633105797,17.76025964032797,31964000
2016-09-02,17.95195770263672,17.970043218847835,17.745779782189842,17.781950814612074,32542000
2016-09-06,18.147293090820312,18.168996549993203,17.99537301612164,18.046013041021197,30518200
2016-09-07,18.150903701782227,18.190692670962893,18.046005761185313,18.15813818525477,22981400
2016-09-08,18.2123966217041,18.23410007436229,18.027922103538227,18.027922103538227,25683200
2016-09-09,17.528757095336914,18.053245573294042,17.521522609729026,18.031542116470376,51518200
2016-09-12,17.839826583862305,17.875997618899,17.49981416307316,17.49981416307316,51064600
2016-09-13,17.593868255615234,17.803664224604564,17.51429028395208,17.781960765104465,44593800
2016-09-14,17.66259002685547,17.80365902279606,17.58301207844311,17.65897209474392,30459600
2016-09-15,17.796428680419922,17.828983177816674,17.60110169603941,17.644507232622704,50523600
2016-09-16,17.970069885253906,17.995607197498682,17.689174758197726,17.820501753666733,43448400
2016-09-19,18.148822784423828,18.156118960575792,17.9846623000129,18.028437965321377,25061600
2016-09-20,18.115995407104492,18.25097122207134,18.10505183582719,18.22178790146398,25715800
2016-09-21,18.484439849853516,18.499032203193234,18.112344580914492,18.148824072660386,38810200
2016-09-22,18.597524642944336,18.63765291050262,18.46254888155993,18.634005518726013,24070600
2016-09-23,18.582937240600586,18.634010480293906,18.455257620376017,18.542810353961073,22006800
2016-09-26,18.53551483154297,18.612122606383526,18.473498019812375,18.58293789695653,16105600
2016-09-27,18.29474639892578,18.68873023181572,18.27650525987797,18.59753010299077,35879200
2016-09-28,18.269208908081055,18.364056421622777,18.112344588620836,18.30568839984247,33238400
2016-09-29,17.995607376098633,18.23637562425297,17.90440726101588,18.22907944805395,38494600
2016-09-30,17.8715763092041,18.141527887850774,17.78037618827688,18.010199491059026,29672600
2016-10-03,17.61985969543457,17.87886765505988,17.51406724152458,17.87886765505988,38985400
2016-10-04,17.251413345336914,17.623509965524043,17.145620882502648,17.608917613766916,51383600
2016-10-05,17.214929580688477,17.426514470894972,17.149265400390117,17.29153871877191,56343800
2016-10-06,17.21128273010254,17.29883404551669,17.069010798852247,17.156562114266396,40391400
2016-10-07,17.189395904541016,17.495828321986117,17.182099728934798,17.33166784985424,34431600
2016-10-10,17.331668853759766,17.346261205817434,17.20034186005059,17.20034186005059,19549600
2016-10-11,17.134674072265625,17.32072165135366,17.105489374273702,17.32072165135366,28694000
2016-10-12,17.3024845123291,17.335316606704804,17.116435513665706,17.145620216045536,30854600
2016-10-13,17.517717361450195,17.630805999251226,17.29518886955962,17.33166835705505,61084200
2016-10-14,17.41922378540039,17.594327857507288,17.39368786186002,17.42651996235528,35896600
2016-10-17,17.514068603515625,17.55784565849847,17.45205319636147,17.47394172385289,22879800
2016-10-18,17.663637161254883,17.700118041299927,17.437461271388745,17.590678184371363,29522200
2016-10-19,17.623512268066406,17.6782315068999,17.543255714519823,17.652695583790248,17005000
2016-10-20,17.612564086914062,17.75118863816706,17.579731992975276,17.65634113990123,17861600
2016-10-21,17.510425567626953,17.601625700791676,17.433817789753448,17.535961493584786,36307200
2016-10-24,17.57608413696289,17.641748323106714,17.470291682441935,17.587027704119144,21489400
2016-10-25,17.685523986816406,17.685523986816406,17.53230848018609,17.554195614502905,19772600
2016-10-26,17.72930145263672,17.751189980785853,17.550550010030317,17.63810133942027,21702000
2016-10-27,17.623512268066406,17.69647125317773,17.499480045132337,17.627159660680597,31109800
2016-10-28,17.67823028564453,17.762134226009017,17.583382776590046,17.612566090297832,32927800
2016-10-31,18.032093048095703,18.137885551849227,17.674588641387327,17.722013107139563,45431600
2016-11-01,17.703767776489258,18.01749642838031,17.65634471355947,17.981016935110706,48308800
2016-11-02,17.481237411499023,17.66728642578288,17.335318062158272,17.61986197623556,52983400
2016-11-03,17.546899795532227,17.61621276655146,17.375444542954995,17.437459946916228,23641000
2016-11-04,17.4921817779541,17.784021858334317,17.481236818212594,17.6162139860661,29114400
2016-11-07,17.798620223999023,17.802267617409715,17.397338760239574,17.565148080809976,35456200
2016-11-08,17.937240600585938,18.00655358885355,17.791321229987297,17.820504547465617,37695800
2016-11-09,17.276945114135742,17.638096687932794,17.247760417633433,17.623505731284563,85620400
2016-11-10,16.8610782623291,17.20399020505581,16.63854975173704,17.185750459775207,106246800
2016-11-11,16.791767120361328,17.02159183254724,16.726102916879636,16.824599222102172,61903000
2016-11-14,16.780824661254883,16.817304158224864,16.536408970028077,16.664088601026616,56381600
2016-11-15,17.05077362060547,17.090900501100585,16.868373395869696,16.875668180248244,50383600
2016-11-16,16.934038162231445,17.134679546014212,16.824598293006673,17.09090248504155,33634800
2016-11-17,16.93768310546875,17.028883207741746,16.853779178369972,16.853779178369972,38399600
2016-11-18,16.886611938476562,17.021587705528084,16.813651575453004,16.985108219817892,21397000
2016-11-21,17.06536865234375,17.06901743700681,16.908504310318744,16.934040236545734,24596600
2016-11-22,17.131032943725586,17.15656887007702,16.985113563375062,17.072664913264653,21286000
2016-11-23,16.959575653076172,17.116438585912018,16.890262668284628,16.890262668284628,28306800
2016-11-25,17.203990936279297,17.26235895862006,16.9851112004023,16.9851112004023,15732400
2016-11-28,17.53595733642578,17.576085608161833,17.25141343372035,17.25506082587669,46863400
2016-11-29,17.608915328979492,17.69281925329139,17.46299461354823,17.492179313275713,28895400
2016-11-30,17.054424285888672,17.39004009584448,17.054424285888672,17.34991320764819,46934800
2016-12-01,16.919443130493164,16.988754706289665,16.79541093744467,16.91214695541936,36732200
2016-12-02,17.072662353515625,17.19304718106872,16.95957509423007,17.01794311593973,32798800
2016-12-05,17.094547271728516,17.09819466348825,16.842834100610425,16.999698386738096,29776600
2016-12-06,17.061723709106445,17.156571249910662,17.021595421672576,17.087259639000035,16844000
2016-12-07,17.28424644470215,17.28424644470215,17.105493604305163,17.12373334925914,25804800
2016-12-08,17.313432693481445,17.346264796606018,17.050777260088445,17.17480949504754,28791000
2016-12-09,17.495832443237305,17.503128620562183,17.29883983027623,17.29883983027623,32037800
2016-12-12,17.67823028564453,17.69647003066232,17.419222288223292,17.422869680585514,43960200
2016-12-13,17.860626220703125,17.875218569846904,17.70011455493056,17.765778734474566,40434000
2016-12-14,17.4921817779541,18.03573366673664,17.470293250074356,17.940886162464295,56707800
2016-12-15,17.616212844848633,17.63445258776517,17.364499661149576,17.455699767335453,35643200
2016-12-16,17.830947875976562,17.89356503190918,17.620998797691726,17.661515532987877,40238000
2016-12-19,17.897254943847656,17.945138505315537,17.742554747211155,17.93777169546853,23300400
2016-12-20,17.919355392456055,17.970921656364652,17.823588269418387,17.84568869898292,17326200
2016-12-21,17.845685958862305,18.007751535558548,17.842001851962902,17.92303534284857,16888400
2016-12-22,17.90830421447754,17.94145415580418,17.801488985825287,17.834637522076637,14930400
2016-12-23,17.90461540222168,17.974597963329696,17.84568234942682,17.930398525002254,15557000
2016-12-27,17.919355392456055,17.96355484650981,17.816221459563543,17.834637781662998,26268800
2016-12-28,17.749916076660156,17.941448858319426,17.724132952693992,17.930399349498177,17658600
2016-12-29,17.989334106445312,18.018799934447163,17.775700881863106,17.819901731478396,29355600
2016-12-30,17.88988494873047,18.0298515007521,17.834634587252832,18.022484692216747,28055400
2017-01-03,17.845685958862305,17.911985832300562,17.731502531257505,17.86410227813402,37761400
2017-01-04,17.911985397338867,18.00406839653647,17.838318716965773,17.871468652879912,29101000
2017-01-05,17.930402755737305,17.959868586549884,17.738869937692538,17.952503182653096,32612800
2017-01-06,17.985652923583984,18.01880145598205,17.808852320343533,17.842002257816727,21934400
2017-01-09,17.749916076660156,18.059314969328998,17.746233375411364,18.05194816175654,27694400
2017-01-10,17.694673538208008,17.753606615064076,17.6246895434521,17.746239804822643,22448400
2017-01-11,17.878833770751953,17.897250087834962,17.68730098192381,17.69098368331044,26795400
2017-01-12,17.893569946289062,17.923035776822253,17.7867533248216,17.889885839300458,18820800
2017-01-13,17.867780685424805,17.919348334096426,17.753598690338823,17.856731177532552,24346600
2017-01-17,18.06299591064453,18.121928955823037,17.91197989455745,17.926712102046103,30652000
2017-01-18,18.040903091430664,18.129303398973878,18.011437258966406,18.011437258966406,26461800
2017-01-19,17.882516860961914,18.04089972045442,17.838317417986666,17.937767218487192,27601000
2017-01-20,17.915666580200195,17.967232830567106,17.80148457012345,17.908299772279932,23748400
2017-01-23,17.823585510253906,17.981968384926464,17.805169191005373,17.941451639534634,21251000
2017-01-24,17.819902420043945,17.897251802246988,17.78675248408906,17.819902420043945,22098800
2017-01-25,17.819902420043945,17.83831873889109,17.72045261217929,17.738868931026435,38460000
2017-01-26,17.8272647857666,17.91198095541093,17.74623131694389,17.812531172330708,22976400
2017-01-27,17.823585510253906,17.915668511571667,17.78675287175684,17.860419553826066,14457600
2017-01-30,17.838321685791016,17.89725475888269,17.731505051726327,17.830954876020144,18639800
2017-01-31,18.11457061767578,18.129304237126682,17.834637468409767,17.85305519526104,31833000
2017-02-01,17.801488876342773,18.02617024942452,17.749921208426592,18.01880343972221,48759000
2017-02-02,17.989334106445312,17.989334106445312,17.74991775545836,17.85673436774946,31322200
2017-02-03,18.011432647705078,18.085097912543656,17.970915908998943,18.04089847262554,22673200
2017-02-06,17.97459602355957,18.092462116429495,17.956179710000143,18.08141260930877,14084000
2017-02-07,18.0188045501709,18.048271790796132,17.956188771455334,18.004072334933653,12218200
2017-02-08,18.19560432434082,18.228754265940754,18.029854616341147,18.063004557941085,31764000
2017-02-09,18.040903091430664,18.22138640867192,17.996703640196667,18.1771855523627,28992000
2017-02-10,18.155075073242188,18.180858187282205,17.98932547936039,17.993008179191392,18959200
2017-02-13,18.24347496032715,18.2618926757555,18.107192577618733,18.16980971891141,26085600
2017-02-14,18.110885620117188,18.22506905763659,18.01511990854382,18.21770224827322,37568600
2017-02-15,18.066680908203125,18.074047715421365,17.919348979062747,17.981964732805576,37850800
2017-02-16,18.24716567993164,18.25453248775852,18.07036650731127,18.07036650731127,28002200
2017-02-17,18.258216857910156,18.313467219124107,18.155084349057503,18.295049495336087,19947000
2017-02-21,18.449752807617188,18.490269558734994,18.16982106228324,18.232436837592367,22717000
2017-02-22,18.527099609375,18.56393365299737,18.376083543211006,18.449750225380658,32037200
2017-02-23,18.7186279296875,18.784927787224863,18.5676118997579,18.60812863548348,30007200
2017-02-24,19.002241134643555,19.002241134643555,18.781242575776613,18.781242575776613,37259400
2017-02-27,18.895435333251953,18.9801515426406,18.869652200180425,18.965419327367847,27965800
2017-02-28,19.06854820251465,19.11643175692482,18.858599070583665,18.891749007471457,28820800
2017-03-01,18.899120330810547,19.039085515482363,18.777570064827962,18.795986388592627,58243200
2017-03-02,19.035400390625,19.153266533811667,18.807034913835242,18.83281804484012,34745600
2017-03-03,18.97646141052246,19.04644397216376,18.818078566477833,19.035394463766405,35150000
2017-03-06,18.939626693725586,18.980143429826885,18.873328240648185,18.943310799775578,15233600
2017-03-07,18.928579330444336,18.998563302576095,18.902796205472086,18.917529821191923,35903400
2017-03-08,18.656015396118164,18.78493102741355,18.619181354980196,18.766514709382065,36787800
2017-03-09,18.615501403808594,18.7665174820991,18.600767785176544,18.700217603330078,25685600
2017-03-10,18.770198822021484,18.807032865928477,18.65233269166932,18.714949863773654,22983600
2017-03-13,18.825443267822266,18.836492774983547,18.73336029461247,18.755459308935038,28116000
2017-03-14,18.807031631469727,18.8585978844797,18.744414463475465,18.803347524783295,23341000
2017-03-15,19.10906410217285,19.204829801678375,18.836497810376297,18.87333185255153,45238400
2017-03-16,18.899120330810547,19.072235460288937,18.862286278205776,19.072235460288937,37456800
2017-03-17,19.01305389404297,19.120682297039487,18.94253946574527,18.96480643481119,30257000
2017-03-20,18.88686752319336,19.094701515667435,18.834909379013155,19.057587544286395,14296000
2017-03-21,19.15407943725586,19.22459384814357,18.88686454841312,18.897998030197225,50834200
2017-03-22,19.246868133544922,19.384186308780677,19.16893090563437,19.23202254277526,50505600
2017-03-23,19.187488555908203,19.361919304766307,19.13553040025883,19.24315740163815,45130600
2017-03-24,19.257999420166016,19.32851526039479,19.150371023003473,19.19861847962001,24814200
2017-03-27,19.183774948120117,19.37676337953213,19.10954982629149,19.335938713074317,23642800
2017-03-28,19.168930053710938,19.20233192358148,19.083568618455807,19.180063538416654,16955600
2017-03-29,19.116966247558594,19.180059283652803,19.0353183515732,19.161503008008534,13911000
2017-03-30,18.968517303466797,19.08727918325335,18.91655915802934,19.08727918325335,39422400
2017-03-31,19.042747497558594,19.13553032248496,18.975943750351327,18.990787926366846,19982000
2017-04-03,19.03903579711914,19.042747903017222,18.864605045256006,19.042747903017222,30951600
2017-04-04,19.098411560058594,19.16892739542493,18.983361792045226,19.020474346419885,20268600
2017-04-05,19.20604133605957,19.224597614586262,19.035321308408722,19.076145970619425,25299000
2017-04-06,19.157787322998047,19.191189179216433,19.083560818540203,19.18376638719537,18777600
2017-04-07,19.07614517211914,19.257998676123215,19.06129958361788,19.232019604122634,39836000
2017-04-10,19.10954475402832,19.13181171836519,18.97964799379994,19.08727637393838,16969600
2017-04-11,19.102123260498047,19.139235814086923,18.97593859624143,19.120679537292485,19688400
2017-04-12,19.243152618408203,19.254287517389262,19.016763770173725,19.07614470697761,21042000
2017-04-13,19.18006134033203,19.269132039276805,19.09470133061277,19.265421350051287,21712200
2017-04-17,19.26542091369629,19.272843707732438,19.17263811187426,19.224596254374084,14545200
2017-04-18,19.309955596923828,19.350780254839606,19.23573049062585,19.295111425116126,29414800
2017-04-19,19.176345825195312,19.295109095590554,19.1095435207429,19.28768630270629,25034000
2017-04-20,19.102123260498047,19.154081401823742,18.964803697562232,19.154081401823742,26964600
2017-04-21,19.198610305786133,19.280259595182084,19.0761377874449,19.0761377874449,26517400
2017-04-24,19.298828125,19.321096513277062,19.08728339150548,19.217178783737698,36213400
2017-04-25,19.272844314575195,19.30253407590142,19.165215921291985,19.243153137495725,21783200
2017-04-26,19.21346092224121,19.358201852634313,19.194904646813157,19.26912974852537,19194800
2017-04-27,19.280263900756836,19.37304669006197,19.191191800092586,19.20603738616213,18933000
2017-04-28,19.187488555908203,19.280271381211673,19.128107604344127,19.254292303386986,18811400
2017-05-01,19.072433471679688,19.23202001207025,19.024186015903798,19.23202001207025,21385000
2017-05-02,19.094701766967773,19.165216189889897,19.016764549671752,19.094701766967773,18877200
2017-05-03,19.027894973754883,19.142946144420673,19.016761491860887,19.120677764879638,21014400
2017-05-04,19.094701766967773,19.116968734336197,18.968517094118052,18.97222778342837,28078200
2017-05-05,19.198610305786133,19.269124700240013,19.13180659914448,19.150362869711007,21570600
2017-05-08,19.191194534301758,19.235731298855633,19.09470104260812,19.213462916578695,17579400
2017-05-09,19.050168991088867,19.19119785599302,19.016767119768733,19.17635226523886,15517800
2017-05-10,19.079853057861328,19.120677712364582,18.975936785127985,19.065007471541414,16879600
2017-05-11,19.1058349609375,19.1058349609375,18.953671217963134,19.03160843407734,15398400
2017-05-12,19.198610305786133,19.23943495048411,19.12438380776733,19.150362869711007,15046200
2017-05-15,19.280263900756836,19.313665761536804,19.180058318416933,19.20232669752125,12702200
2017-05-16,19.139236450195312,19.30624577840229,19.116968067849978,19.250575530415556,15306200
2017-05-17,19.187488555908203,19.27655927537754,19.10212852651944,19.187488555908203,30065600
2017-05-18,19.254287719726562,19.354493317089872,19.090989079984922,19.228308648086433,33752000
2017-05-19,19.328521728515625,19.328521728515625,19.142956050242258,19.250583067667947,19802600
2017-05-22,19.495521545410156,19.525212721066794,19.287688978826427,19.298822461821075,15558600
2017-05-23,19.547481536865234,19.662532729792403,19.49552339030242,19.528925258200417,30580400
2017-05-24,19.65882682800293,19.692228704035504,19.547486297391913,19.566043996329523,15204600
2017-05-25,19.818403244018555,19.851805102914486,19.65139394953889,19.699641393666997,33554600
2017-05-26,19.818403244018555,19.862938583962155,19.78128928093811,19.829536725066223,15299200
2017-05-30,19.881494522094727,19.929741965408585,19.777578258729097,19.833247078780868,12584600
2017-05-31,19.981704711914062,20.052219133232942,19.881499113774666,19.903767496390053,25241400
2017-06-01,20.122730255126953,20.12644094348341,19.90747352087707,19.92974189827451,22237200
2017-06-02,20.145002365112305,20.274899142831647,20.08562142596306,20.274899142831647,19913200
2017-06-05,20.081907272338867,20.163556580491274,20.05221610000962,20.144998889908987,14700000
2017-06-06,20.037370681762695,20.12644136169748,20.01139019971604,20.12644136169748,15002400
2017-06-07,20.104175567626953,20.1524230179816,20.003971393760306,20.03737325696689,15762600
2017-06-08,19.937171936035156,20.078200796877688,19.81469793947076,20.063356622304497,26585200
2017-06-09,19.91861343383789,19.933459023563472,19.777584578704964,19.874078080414513,27876400
2017-06-12,19.881494522094727,20.026235436283397,19.77015546623828,19.94458755039022,25642200
2017-06-13,19.92974853515625,19.944594125031664,19.81098664765969,19.859232691124724,17829800
2017-06-14,20.037370681762695,20.14499763537115,19.974277652368702,20.055926955436366,31664200
2017-06-15,20.152423858642578,20.174692240293602,19.981703846577577,19.981703846577577,31099000
2017-06-16,20.244840621948242,20.28599650440555,20.17375266961666,20.211167756959505,35391600
2017-06-19,20.177492141723633,20.274768501076704,20.10640562632098,20.26354469002351,35644600
2017-06-20,20.18871307373047,20.21490291394604,20.15129942406229,20.19993831042232,15177000
2017-06-21,20.06899070739746,20.21490596123424,19.964231330743253,20.184975322435665,20153200
2017-06-22,19.975460052490234,20.11389232384855,19.960494015792086,20.03906499483745,15862400
2017-06-23,19.908105850219727,20.054021077888052,19.866949980418056,19.97919378069142,17286200
2017-06-26,20.042800903320312,20.155043296708516,19.881919616142746,19.953007559505533,20710000
2017-06-27,19.818321228027344,20.009133203277013,19.762199303238702,19.95301270572821,20957600
2017-06-28,19.627500534057617,19.923073230626887,19.608793708490808,19.878176563818677,18577600
2017-06-29,19.470365524291992,19.537711252089835,19.39553677926777,19.511521405417295,41191400
2017-06-30,19.440431594848633,19.597572087084405,19.440431594848633,19.492811283180735,30225800
2017-07-03,19.35063362121582,19.522738678053326,19.32444378331616,19.47035900225401,25409400
2017-07-05,19.257102966308594,19.414242033594796,19.204723277213194,19.414242033594796,28005200
2017-07-06,19.24962043762207,19.27206806080939,19.17853249155684,19.17853249155684,28073600
2017-07-07,19.264583587646484,19.358119142898286,19.22716850920218,19.245875334804676,26526000
2017-07-10,19.24962043762207,19.365603630061933,19.23465440400418,19.32070695644778,32627600
2017-07-11,19.238391876220703,19.279547747942317,19.14485632312222,19.279547747942317,18111800
2017-07-12,19.40302085876465,19.459141350175585,19.369347993022217,19.40676165396284,24286000
2017-07-13,19.335668563842773,19.444170141875585,19.320702533650827,19.39179046344297,13842000
2017-07-14,19.425466537475586,19.515261312868766,19.403018914056943,19.462881621905883,25215000
2017-07-17,19.515260696411133,19.515260696411133,19.395535284495196,19.436691162448703,15338000
2017-07-18,19.57137680053711,19.593824416586116,19.507771891507105,19.56015156527354,15780800
2017-07-19,19.653690338134766,19.661173353795203,19.54893097336727,19.605052877200887,21338800
2017-07-20,19.795867919921875,19.79960871472556,19.65743567635306,19.706073144998612,16925000
2017-07-21,19.938045501708984,19.938045501708984,19.732267501595963,19.799611809264437,18504000
2017-07-24,19.7509708404541,19.949265787486198,19.72103877368122,19.949265787486198,21069600
2017-07-25,19.63873291015625,19.76594136838774,19.616283854971932,19.709819444046854,21136200
2017-07-26,19.825796127319336,19.825796127319336,19.605052168651977,19.63498280297269,17262400
2017-07-27,19.874435424804688,19.874435424804688,19.747227005887048,19.769676054133473,19173800
2017-07-28,19.844501495361328,19.900621965807503,19.750965950711894,19.844501495361328,19278000
2017-07-31,19.911855697631836,19.956752378593013,19.792130263575526,19.822060908469727,23722600
2017-08-01,20.02409553527832,20.06150919338849,19.92307694569338,19.941783774748465,21646200
2017-08-02,20.110145568847656,20.113886363293737,19.86321174546394,19.98293714909002,16031800
2017-08-03,20.211164474487305,20.211164474487305,20.04654239863381,20.13633573919411,20929400
2017-08-04,20.121368408203125,20.166266502825298,20.01286824763118,20.106403803901724,34930800
2017-08-07,20.184972763061523,20.192455778622215,20.091437209411783,20.14381689109735,10322800
2017-08-08,20.267284393310547,20.267284393310547,20.140077402252093,20.16626724479229,15137400
2017-08-09,20.162525177001953,20.353338519524403,20.147559144796393,20.300957406804937,17704400
2017-08-10,20.226131439208984,20.263545094960254,20.08769777300242,20.132595872591324,19229600
2017-08-11,20.106403350830078,20.222386524558857,20.03531541623317,20.18123065236892,18672600
2017-08-14,20.222393035888672,20.233618276525302,20.106409824814907,20.110150620200617,23655600
2017-08-15,20.33462905883789,20.349595090155255,20.072730646980506,20.083954456848883,19164600
2017-08-16,20.416940689086914,20.4281644988922,20.3009560878882,20.3009560878882,14263600
2017-08-17,20.27103042602539,20.439394750608255,20.25606439112033,20.372049020775112,17912600
2017-08-18,20.390748977661133,20.488025317275753,20.203677886122957,20.203677886122957,29697600
2017-08-21,20.46558380126953,20.49925666487509,20.37204822761404,20.45061776694715,11312000
2017-08-22,20.51047706604004,20.514219287618086,20.40571769768437,20.47680420803438,16300600
2017-08-23,20.577829360961914,20.58531237927104,20.43565486756812,20.503000605110454,14092600
2017-08-24,20.56285858154297,20.61149747571388,20.52544492586656,20.566600803454296,14034800
2017-08-25,20.630210876464844,20.705039638898043,20.562865132998958,20.611504042666528,15723600
2017-08-28,20.667617797851562,20.701290656267854,20.570340016986993,20.701290656267854,15745400
2017-08-29,20.622722625732422,20.73496502728755,20.61898183081773,20.701293591336626,15860600
2017-08-30,20.56285858154297,20.630204303552084,20.53292794244974,20.61149747571388,11502200
2017-08-31,20.56659698486328,20.62271745795803,20.551630954475662,20.581561588011688,20939000
2017-09-01,20.50299835205078,20.630206794847478,20.443135639395845,20.596533929776598,22537400
2017-09-05,20.555377960205078,20.570343995115373,20.439394757749415,20.54041335253443,18080800
2017-09-06,20.461841583251953,20.61149907202717,20.424427924677943,20.577826208414724,22857400
2017-09-07,20.615236282348633,20.637685329933284,20.461838025285207,20.480546278558755,24703400
2017-09-08,20.71251678466797,20.727482818358858,20.547893268547238,20.58530835277446,18039800
2017-09-11,20.888364791870117,20.914554638061283,20.671361578012366,20.675102372937,20183200
2017-09-12,20.540416717529297,20.873403199016156,20.428172864553606,20.873403199016156,37790600
2017-09-13,20.43939208984375,20.536668449584113,20.42442605688694,20.521702416627303,21458200
2017-09-14,20.611495971679688,20.622719782115706,20.368302945810555,20.428165646868276,20390800
2017-09-15,20.640527725219727,20.700847018124577,20.54627874017306,20.670688090734842,17030200
2017-09-18,20.42940902709961,20.64052726663876,20.293691699673033,20.625447084216244,31607000
2017-09-19,20.387937545776367,20.478415750139945,20.357777185571752,20.46333557003764,31560000
2017-09-20,20.237138748168945,20.46710646273623,20.157969959322052,20.421865922145027,39494000
2017-09-21,20.233366012573242,20.36531541925308,20.206976418862276,20.255986280664786,21424600
2017-09-22,20.067493438720703,20.316310698187145,20.067493438720703,20.289921097798686,22483800
2017-09-25,20.252220153808594,20.2748389873477,20.063722204314843,20.09765189274873,23446600
2017-09-26,20.214519500732422,20.28614964123042,20.176820486457316,20.244679862652674,20022200
2017-09-27,19.94308090209961,20.15419765623713,19.845061176428594,20.07502887343556,24701600
2017-09-28,20.014713287353516,20.067492485623706,19.818675237974734,19.871454436244928,28365000
2017-09-29,19.999629974365234,20.082569523304898,19.928001279087844,20.022250243564706,24254200
2017-10-02,20.0335636138916,20.127812596973985,19.965704231022254,19.988324504687156,33228600
2017-10-03,19.977012634277344,20.04864133490075,19.852603301582548,20.044870570690204,19115000
2017-10-04,20.17682456970215,20.184364661708123,19.92800728600699,19.98832658392929,24281000
2017-10-05,20.15796661376953,20.199436383366294,20.067486985728884,20.169276027977777,25278400
2017-10-06,20.142900466918945,20.150440561018243,19.988332133198124,20.063731636065185,20836400
2017-10-09,20.169281005859375,20.218290876399152,20.142891407443784,20.18059042285884,14681400
2017-10-10,20.365318298339844,20.369087624492145,20.15420008068089,20.218290130271637,16653600
2017-10-11,20.452028274536133,20.55381734359273,20.338929788292788,20.34269911464661,30938200
2017-10-12,20.557586669921875,20.61036586762702,20.440718857324843,20.474648547010336,27336400
2017-10-13,20.41432762145996,20.648064666036074,20.354008337758863,20.61413497907138,25425400
2017-10-16,20.369091033935547,20.452030604420898,20.203213331090286,20.406791492394998,22492800
2017-10-17,20.489723205566406,20.531192977817092,20.30122528669965,20.357775237609673,19199200
2017-10-18,20.452028274536133,20.49349805505459,20.372859477978317,20.40301840318475,17382000
2017-10-19,20.666913986206055,20.666913986206055,20.46710663039615,20.489725462751895,20571800
2017-10-20,20.68199348449707,20.723463259948595,20.576435101984178,20.583973753770724,22462800
2017-10-23,20.69330406188965,20.734773839669014,20.606595180226055,20.678223881219843,21222000
2017-10-24,20.712158203125,20.734778479191117,20.61036911801573,20.65937899709623,22671400
2017-10-25,20.621679306030273,20.66314909174323,20.376631356703978,20.625448632856244,36662600
2017-10-26,20.625444412231445,20.8290225341862,20.617904321996992,20.71969338297437,34659200
2017-10-27,20.753623962402344,20.802633831971203,20.565126012810815,20.602826465604256,20732200
2017-10-30,20.757396697998047,20.79886504282109,20.602828422179222,20.602828422179222,20114800
2017-10-31,20.78001594543457,20.821485729204664,20.689537724595635,20.742316926439244,19064000
2017-11-01,20.663145065307617,20.813942557094673,20.62544461376697,20.813942557094673,21758400
2017-11-02,20.73854637145996,20.825256704652094,20.610367692203624,20.663148332706566,29453800
2017-11-03,20.813941955566406,20.915731014596656,20.66691379411998,20.712152896536157,23264400
2017-11-06,20.734779357910156,20.851648632016307,20.723469938460568,20.840337774441153,23993000
2017-11-07,20.983591079711914,21.013751441068038,20.69330407322255,20.768703538487674,22649000
2017-11-08,20.99867057800293,21.055219096520247,20.85164241648271,20.97228098173649,19169800
2017-11-09,21.025060653686523,21.062759666891022,20.889341905150058,20.93835177281604,21525200
2017-11-10,20.92704200744629,20.97605187766286,20.85541330337995,20.91196326425486,22073000
2017-11-13,21.175853729248047,21.194704670044853,20.949656820935083,20.949656820935083,19645600
2017-11-14,21.439754486083984,21.45483466586651,21.107999159619023,21.115537811385188,24747600
2017-11-15,21.255023956298828,21.575469816319902,21.232403690201803,21.522690633551715,24130400
2017-11-16,21.18716812133789,21.251256728755475,21.1230780757952,21.20224830124501,22882200
2017-11-17,21.040143966674805,21.19471224482564,21.021293019140856,21.14193304323151,33300800
2017-11-20,20.976051330566406,21.077840394611236,20.942121642551463,21.051450797057967,18583800
2017-11-21,21.032604217529297,21.09292351149345,20.97605425025804,21.036373544222194,15512000
2017-11-22,21.032604217529297,21.074074001778165,20.953435413849864,21.01752403450691,11157800
2017-11-24,21.0665340423584,21.149472173250764,21.03260434940798,21.04391376768298,10004400
2017-11-27,21.157011032104492,21.194711487700253,21.040143215070962,21.092922414779697,14393600
2017-11-28,21.255023956298828,21.29649372508094,21.164544330035596,21.209783424104778,18371000
2017-11-29,21.266338348388672,21.356817995831715,21.108000763019852,21.183398791409648,31138800
2017-11-30,21.337966918945312,21.383207461450287,21.25125803633191,21.292727814565538,31783000
2017-12-01,21.266338348388672,21.45106696944417,21.149469103384156,21.409597190954656,48151800
2017-12-04,21.145702362060547,21.360589933114728,21.1117726698875,21.27765036599719,26111600
2017-12-05,20.878032684326172,21.17962910716197,20.776243621970618,21.17962910716197,39752000
2017-12-06,20.957202911376953,20.998672692006295,20.844104424831194,20.911963804383706,18889600
2017-12-07,20.994901657104492,20.99867242154511,20.82902397484889,20.919503625795294,22950400
2017-12-08,21.062759399414062,21.06653016356173,20.885572313852823,20.968510429474517,19950600
2017-12-11,21.190940856933594,21.202251712746435,20.98359338328583,21.04391267449473,30870800
2017-12-12,20.829021453857422,21.138157946810367,20.8177120381549,21.111768351421098,43101000
2017-12-13,20.88557243347168,21.002440236465958,20.825253149889907,20.88557243347168,34770200
2017-12-14,20.859182357788086,20.95343132610314,20.69707401723618,20.866721009703177,26287200
2017-12-15,20.935665130615234,21.01176743821122,20.867173198931926,20.928054754702558,27275200
2017-12-18,20.703550338745117,21.01556844216653,20.673110291634284,20.954686896414316,38807000
2017-12-19,20.32685661315918,20.730197995846908,20.315441770286874,20.7035623947906,29775000
2017-12-20,20.167030334472656,20.383920921947375,20.155615498773088,20.311624543299295,31512000
2017-12-21,19.92731475830078,20.030052665814203,19.847407980745096,20.026248203253378,39869800
2017-12-22,19.957754135131836,20.033856442005487,19.938728921296114,19.950143759291393,22943400
2017-12-26,19.839797973632812,20.04146787832425,19.835993511001124,19.980586315500556,16487400
2017-12-27,19.923511505126953,19.96156193916864,19.87024031685619,19.912096665220652,21232800
2017-12-28,20.03386116027832,20.041470086380006,19.927317324950238,19.96156329853228,9821600
2017-12-29,20.04526710510254,20.132784231743965,20.003410772463056,20.094733811997422,14060200
2018-01-02,19.858821868896484,20.068103587992336,19.79794031012247,20.041466545218526,24540000
2018-01-03,19.70281410217285,19.931121051500032,19.63432216252779,19.78652679541258,41615800
2018-01-04,19.539194107055664,19.771305512805526,19.501143675618042,19.641932013774337,29943600
2018-01-05,19.531585693359375,19.638128065398885,19.43265224658187,19.60768655822705,46832600
2018-01-08,19.714229583740234,19.7294488851791,19.527778988687896,19.565829419581405,28601000
2018-01-09,19.52016830444336,19.718033735337976,19.489728250514656,19.71042335897308,30877400
2018-01-10,19.30708885192871,19.436462382447722,19.26523249624149,19.406020868663827,31124000
2018-01-11,19.234785079956055,19.37557340917524,19.170099060312126,19.288056261199486,33091000
2018-01-12,19.124435424804688,19.28044449499706,19.067359785386433,19.177708053738062,37270600
2018-01-16,19.08258628845215,19.253814709849912,18.972237986838937,19.20054351639006,54585600
2018-01-17,19.200538635253906,19.253809815171227,19.086385899498108,19.113021489456766,46903200
2018-01-18,19.078773498535156,19.204342510610054,18.97984152512242,19.200536597288046,42659400
2018-01-19,19.02170181274414,19.196736122109712,18.998870682662613,19.154879776059044,37263800
2018-01-22,19.04833984375,19.23478901625788,19.017898333077866,19.113025876631596,41073000
2018-01-23,19.23098373413086,19.367967623258988,19.06355833562712,19.120635439940862,53347800
2018-01-24,19.113019943237305,19.215757832565394,19.082579893546022,19.200537081954415,39062800
2018-01-25,19.409818649291992,19.42503940094341,19.109216787595688,19.12063162556887,52570000
2018-01-26,19.421236038208008,19.520168026481116,19.227175072493782,19.463092381853464,47900000
2018-01-29,19.173900604248047,19.3641556234631,19.151070930921826,19.329909661943166,36121800
2018-01-30,19.208145141601562,19.288051895379944,19.151069510987217,19.158678433844734,26178200
2018-01-31,19.421236038208008,19.440261253083893,19.12443717032699,19.230980986387472,54822800
2018-02-01,19.116830825805664,19.474509848953215,19.059753721943448,19.398407527647276,57039200
2018-02-02,18.979839324951172,19.162483951908072,18.957008202257636,19.021695657457425,43612800
2018-02-05,18.66782569885254,19.151073691501438,18.633579732396136,18.94940235502225,66944600
2018-02-06,18.390058517456055,18.546067640162356,18.024767625178075,18.447134176086433,83343200
2018-02-07,18.302539825439453,18.59553285019825,18.294930898875872,18.378642154856095,55760400
2018-02-08,18.097063064575195,18.496598427530667,18.07803639605221,18.249266252041988,52083800
2018-02-09,18.477569580078125,18.61835789999394,18.09325359530777,18.146524773031015,72845000
2018-02-12,18.618358612060547,18.721096509397793,18.34819679954267,18.5156207147233,53008800
2018-02-13,18.702072143554688,18.774368540575484,18.416689566297176,18.61074908015871,50134400
2018-02-14,18.49279022216797,18.667825970789817,18.439519040577732,18.542256941443547,40682200
2018-02-15,18.903745651245117,18.91135602894541,18.511820634632496,18.53845623081795,33008200
2018-02-16,19.071170806884766,19.116833075961658,18.842865267625182,18.915161683033432,40133000
2018-02-20,18.82383155822754,19.074968118760754,18.732508512792478,19.0064761975671,33546600
2018-02-21,18.576501846313477,18.960817837008882,18.57269738421633,18.835248814841844,44922800
2018-02-22,18.6716365814209,18.812424957916342,18.56889864672488,18.63739060318889,40257800
2018-02-23,19.15868377685547,19.181514906386692,18.702072798478174,18.724902476478498,41284800
2018-02-26,19.101606369018555,19.269030282217148,19.063554489975168,19.234784316843484,27209800
2018-02-27,18.797199249267578,19.230980524760845,18.789588873193736,19.11682778671485,36402400
2018-02-28,18.66782569885254,18.915156388565848,18.66782569885254,18.865691121541673,23892200
2018-03-01,18.6716365814209,18.97224000684281,18.584119404057173,18.705882559652906,43182600
2018-03-02,18.62216567993164,18.846666720000744,18.466156581004363,18.66021756474987,33714200
2018-03-05,19.0026798248291,19.044536181187283,18.538458344433376,18.576508785741925,31000800
2018-03-06,18.747730255126953,19.021697954410328,18.705873917566365,18.97984161684974,41416000
2018-03-07,18.606945037841797,18.770564501952176,18.534647187658074,18.69065627535275,33357600
2018-03-08,18.743928909301758,18.785785257061885,18.618361317552363,18.648801374040005,24517600
2018-03-09,18.797199249267578,18.80100371153909,18.652605006926215,18.705876187912292,26197000
2018-03-12,18.877107620239258,18.899937298864366,18.781980088552125,18.804809767177236,32463600
2018-03-13,18.918968200683594,19.033120973950513,18.774373913728823,18.945603799394835,37745000
2018-03-14,19.113019943237305,19.177707407568622,18.964621253606953,18.97603609079985,38264600
2018-03-15,19.101606369018555,19.276640658025826,18.987453634949933,19.101606369018555,42135600
2018-03-16,19.269180297851562,19.319031323133668,19.088950680698552,19.100455663645345,39512600
2018-03-19,19.15031623840332,19.32287645375752,19.039112066560474,19.257687851739597,43379200
2018-03-20,19.06210708618164,19.234667192598835,19.016091545406276,19.154139630540033,29936400
2018-03-21,18.996923446655273,19.257680683280146,18.93173340609503,19.077451029575528,38471800
2018-03-22,19.08128547668457,19.38805973568216,18.962411840990676,19.01609689747283,50664800
2018-03-23,18.812856674194336,19.253842029076328,18.77450916759081,19.08128190637998,34668600
2018-03-26,19.008420944213867,19.03526346334594,18.83586084778797,18.874208348553495,27519200
2018-03-27,19.28068733215332,19.48009000681779,18.973914549134147,19.03526910573798,42912000
2018-03-28,19.273014068603516,19.38038561881271,19.146470960281466,19.303692072322637,46346200
2018-03-29,19.376554489135742,19.468587058156928,19.296026905497246,19.330538936029182,30929000
2018-04-02,19.22699737548828,19.50309354121072,19.088949292627063,19.41106099836736,35585200
2018-04-03,19.292190551757812,19.384221646837737,19.142637462339138,19.192488492145362,27597600
2018-04-04,19.33437156677246,19.384222599027463,19.13113488091369,19.288356016972124,32714600
2018-04-05,19.487756729125977,19.545277257714716,19.11579395994983,19.33053560883227,28572600
2018-04-06,19.33437156677246,19.556782739288657,19.292191499426792,19.514601209135037,28624000
2018-04-09,19.37272071838379,19.506933359507517,19.28452363095847,19.349712210130548,23512200
2018-04-10,19.223167419433594,19.3995615791223,19.18098588933239,19.376553072846747,28182400
2018-04-11,19.19632339477539,19.284520467733813,19.13113336348831,19.21549641710412,16048200
2018-04-12,18.9432315826416,19.250004261699832,18.904884083504623,19.20015324422552,24157600
2018-04-13,19.09278678894043,19.17714837740708,18.977747195352965,18.977747195352965,20874600
2018-04-16,19.353544235229492,19.36504775589687,19.123463582227213,19.13496856570241,30795200
2018-04-17,19.54910659790039,19.61813063056286,19.319027464230466,19.399555014734194,26389000
2018-04-18,19.476253509521484,19.74468020907091,19.47241802739213,19.57212008344572,28240000
2018-04-19,19.46474838256836,19.51076539093468,19.30752726100298,19.40722931632219,30335400
2018-04-20,19.28835678100586,19.487759455116482,19.227002224572438,19.441743903493418,28160000
2018-04-23,19.29985809326172,19.411062199954685,19.226998565681665,19.315195632345336,23874000
2018-04-24,19.43023681640625,19.549111896613915,19.2845206748963,19.31519721839024,33808800
2018-04-25,19.434070587158203,19.503094632450857,19.288352995672856,19.36121252281939,26815000
2018-04-26,19.6296443939209,19.65648692476569,19.365053105818692,19.45325020185276,23534200
2018-04-27,19.829038619995117,19.901898140692136,19.568281463706793,19.606628964812483,34314600
2018-04-30,19.771522521972656,19.92490816093158,19.752348037145953,19.859719593505794,25492000
2018-05-01,19.71017074584961,19.806037332234467,19.67565871623874,19.771525302623598,21942600
2018-05-02,19.690994262695312,19.783026819933042,19.614302171606386,19.714002767706713,25960600
2018-05-03,19.66415023803711,19.756182788253504,19.441740557793118,19.65264671781297,32960200
2018-05-04,19.752347946166992,19.840546480101708,19.69866289963825,19.69866289963825,23486800
2018-05-07,19.64881134033203,19.783023943027935,19.62196735698519,19.740842421378463,17044000
2018-05-08,19.157974243164062,19.6027950519319,19.123462220811053,19.56828302957889,46295800
2018-05-09,19.023765563964844,19.196325711363414,18.950906022392108,19.1618136818837,44301000
2018-05-10,19.292190551757812,19.29602457121619,19.08128291134989,19.18481899042072,27922800
2018-05-11,19.31903076171875,19.372715804551188,19.242337216469107,19.311361260913014,12957800
2018-05-14,19.246170043945312,19.384218124286626,19.161808465920434,19.349706104201296,17025600
2018-05-15,19.085115432739258,19.21932803507894,18.993082889129436,19.13113097314034,22141400
2018-05-16,18.935569763183594,19.119633445275756,18.86271021667487,19.092790916396154,27082600
2018-05-17,18.78217887878418,18.993085047632917,18.74383283455998,18.93940000059591,22552000
2018-05-18,18.78601837158203,18.897222508696686,18.640300739366243,18.83586794715448,23620800
2018-05-21,18.881879806518555,18.935564850349163,18.724658694097027,18.80902027891324,21484000
2018-05-22,18.950904846191406,19.062110430147104,18.874212752381332,18.874212752381332,22051400
2018-05-23,19.123462677001953,19.165644201196063,18.97007704506889,19.016092588368036,27165800
2018-05-24,19.28068733215332,19.296026337006285,19.085120140106103,19.15030871651917,25795200
2018-05-25,19.365049362182617,19.41490039388931,19.269182781181712,19.3075288284589,27743200
2018-05-29,19.365049362182617,19.495427970856163,19.227001251492045,19.330537334509973,34561400
2018-05-30,19.52227020263672,19.55678222978984,19.261512989214886,19.311364020171155,27771800
2018-05-31,19.552953720092773,19.667993355417696,19.380393535701227,19.49926719165337,30216400
2018-06-01,19.253835678100586,19.51075876776949,19.161804618224654,19.50308926897861,34360000
2018-06-04,19.100454330444336,19.372715015321553,19.085115329457764,19.292187454353527,28729000
2018-06-05,19.00075340270996,19.16180999691214,18.927895337956432,19.134967475013067,29829200
2018-06-06,18.548263549804688,19.019926898560723,18.548263549804688,18.996919857962915,52255800
2018-06-07,18.678646087646484,18.862709765334436,18.540597963678504,18.578945477451875,43051600
2018-06-08,18.670974731445312,18.755337790564028,18.613455660707228,18.747668288570697,22482400
2018-06-11,18.632625579833984,18.782177186766756,18.578940537633265,18.713153143135063,34670400
2018-06-12,18.84736442565918,18.870371461597333,18.605780308656243,18.61728382662532,33322600
2018-06-13,18.797517776489258,18.981581420790288,18.739997247666768,18.870375845230974,33451400
2018-06-14,19.031429290771484,19.073610809868658,18.805184157911018,18.828191195376696,32277200
2018-06-15,19.166847229003906,19.17458533379563,18.857330416797847,19.008219770505015,43422400
2018-06-18,19.228748321533203,19.290651676666858,19.11654802913708,19.15523707263596,34453400
2018-06-19,19.418323516845703,19.487964964438298,19.22874516853755,19.263565892333844,33294800
2018-06-20,19.433805465698242,19.484102409578565,19.348687787730405,19.449281675491047,24635400
2018-06-21,19.49958038330078,19.600172804268404,19.391248380844036,19.453151749722434,25407400
2018-06-22,19.634992599487305,19.68528954550441,19.472496817437268,19.511185867670324,25953400
2018-06-25,19.95998191833496,20.002540751192665,19.638857252875827,19.638857252875827,42932400
2018-06-26,19.98320198059082,20.099270618947013,19.863263551283495,19.905822396389087,39817400
2018-06-27,20.079923629760742,20.118612679171328,19.905819955627848,19.95998521515972,43529400
2018-06-28,20.07218360900879,20.261761999276956,20.041231191720318,20.099266236189955,30075600
2018-06-29,20.10313606262207,20.184383950277276,19.925164077503254,20.037364384775266,28741400
2018-07-02,20.246292114257812,20.257898535573762,20.021891462863817,20.11474726106995,31405600
2018-07-03,20.304325103759766,20.424263532128975,20.161173833436564,20.25402815303812,21211200
2018-07-05,20.412647247314453,20.428123452852848,20.23080699786102,20.31592317653779,22062000
2018-07-06,20.571277618408203,20.617706241690577,20.4203882824715,20.45520901198708,24793400
2018-07-09,19.9367733001709,20.571283232606135,19.867131822133587,20.56741491755642,55873600
2018-07-10,20.12635040283203,20.23468091984288,19.68915706849273,19.747192117401458,54218200
2018-07-11,20.308197021484375,20.34301776395481,20.103140882094948,20.118617095613576,43544600
2018-07-12,20.323665618896484,20.3662244552683,20.215335108780963,20.308190885946058,34273400
2018-07-13,20.327533721923828,20.39717518004447,20.19211911962596,20.35074655736912,21918600
2018-07-16,20.308197021484375,20.362362292906614,20.207603109506252,20.312065336917552,20986400
2018-07-17,20.292713165283203,20.373961041816827,20.27336864361697,20.339140312460646,22107000
2018-07-18,20.188249588012695,20.304318185915537,20.103131927467537,20.269497458955456,20722600
2018-07-19,20.37396240234375,20.493900806111455,20.207596848298305,20.207596848298305,22238800
2018-07-20,20.23080825805664,20.3662213752221,20.0953936649989,20.312056128355916,27657000
2018-07-23,20.08765983581543,20.273371401573897,20.018019843521756,20.234680877085633,29527400
2018-07-24,20.157299041748047,20.219202398089255,19.801355111759207,20.03349232906563,31397600
2018-07-25,20.2153377532959,20.315930172149173,20.091531018141385,20.15343438571864,26937400
2018-07-26,20.432003021240234,20.490036605946642,20.27724384357068,20.31206458475169,38142000
2018-07-27,20.366222381591797,20.532587919982827,20.284974507277767,20.44360194203522,31495800
2018-07-30,20.242416381835938,20.339140466793445,20.17664471249319,20.339140466793445,18952800
2018-07-31,20.424259185791016,20.478424440014212,20.257893633024068,20.331403410056623,30439600
2018-08-01,20.292713165283203,20.350746730281905,20.1186095185023,20.30818937297315,39970800
2018-08-02,20.393306732177734,20.455210090592665,20.165037821292835,20.284976223924726,34583800
2018-08-03,20.621578216552734,20.675743477438843,20.331405911040566,20.4010473824349,30833200
2018-08-06,20.637052536010742,20.75699094262006,20.598363489178077,20.640920850336997,24398200
2018-08-07,20.606103897094727,20.64092463598744,20.44360809952393,20.59836726702328,26216400
2018-08-08,20.497764587402344,20.567406035364463,20.424254826061073,20.536455100654727,34012000
2018-08-09,20.590627670288086,20.602234090447748,20.424262093833715,20.493903566577064,17362200
2018-08-10,20.501638412475586,20.7608582607799,20.493900308301843,20.61770702329681,26601000
2018-08-13,20.528722763061523,20.567411811286735,20.431998666605907,20.536460867885083,34546800
2018-08-14,20.571277618408203,20.652526971206154,20.513244053143843,20.53645836478503,19887600
2018-08-15,20.760854721069336,20.88466141495535,20.594489199430214,20.637048027183322,38545400
2018-08-16,20.985254287719727,21.000729016807426,20.671867778392564,20.714426604141057,26545800
2018-08-17,21.093595504760742,21.186449830106593,20.93496801272643,20.97365706897172,28230200
2018-08-20,21.020082473754883,21.1477575204368,20.969785527659504,21.136151100527353,19149200
2018-08-21,20.869186401367188,21.000731205621904,20.807283050888046,20.989124788623403,23701600
2018-08-22,20.714431762695312,20.89240373660777,20.637052194418263,20.888535422345544,25305200
2018-08-23,20.698955535888672,20.845976567898155,20.660266489729995,20.70669364029891,22336200
2018-08-24,20.787940979003906,20.807285501577237,20.594492801485657,20.67574068182913,15692600
2018-08-27,20.66026496887207,20.861449765158444,20.55580278086238,20.803416200192437,24768200
2018-08-28,20.617708206176758,20.687349671843457,20.555804845127753,20.609970101559064,20132200
2018-08-29,20.768592834472656,20.768592834472656,20.637048037665426,20.667998973206544,23822400
2018-08-30,20.776336669921875,20.888536978487604,20.702825410430652,20.803419299452553,26951400
2018-08-31,20.687347412109375,20.892401996455693,20.60996785027736,20.807284330851235,24265000
2018-09-04,20.78020477294922,20.892405080372853,20.69121878026956,20.710563304609902,25930200
2018-09-05,21.07037925720215,21.08198715372774,20.756994092973525,20.756994092973525,29669600
2018-09-06,21.190319061279297,21.25609075033675,21.020085152048676,21.08198852594098,24705600
2018-09-07,20.93109130859375,21.085850434247945,20.884664161254456,20.985258035697402,32367000
2018-09-10,21.035554885864258,21.12067255818306,20.958175317928305,20.973651526693995,19864800
2018-09-11,20.98139190673828,21.11293674372913,20.938833065962907,21.027819062178388,18093400
2018-09-12,20.962045669555664,21.0935904958026,20.915618517907493,20.977521878735903,19619800
2018-09-13,21.120670318603516,21.128408422165833,20.85758070105409,20.954304781744543,17548400
2018-09-14,21.008472442626953,21.054899593438495,20.830500467938936,21.035555070258063,26135000
2018-09-17,21.0781192779541,21.109071703644158,20.946574420557138,20.96978873982468,28518200
2018-09-18,21.039424896240234,21.10906636052234,20.938831014102735,21.04716300070408,19535000
2018-09-19,20.5828857421875,21.031685441018915,20.486161656440277,21.031685441018915,51020000
2018-09-20,20.625444412231445,20.64478893404875,20.385567618841126,20.555802952975213,35629000
2018-09-21,20.71327781677246,20.787448458272095,20.49857058502959,20.592261148804752,40685200
2018-09-24,20.529808044433594,20.717187744660553,20.510289604877727,20.64301707868368,27053600
2018-09-25,20.248733520507812,20.482959213743936,20.213599740980452,20.471246961127367,40048000
2018-09-26,20.049644470214844,20.354136254215174,20.041836797655698,20.346328581656024,48164400
2018-09-27,20.25653839111328,20.365842806010296,20.053543414046704,20.100389439711968,32913600
2018-09-28,20.553226470947266,20.56884032560476,20.272156238856276,20.299482345958328,30854800
2018-10-01,20.48295783996582,20.529802379806743,20.404882614123565,20.49076551146615,25157400
2018-10-02,20.760128021240234,20.81478024454446,20.521999200419213,20.521999200419213,31666400
2018-10-03,20.51028060913086,20.834290733300495,20.334611751852947,20.72498632839905,49352600
2018-10-04,20.61958885192871,20.662530301607152,20.307289430396125,20.459535305320692,48151800
2018-10-05,20.935794830322266,21.002157812154937,20.57274625315427,20.58836159799534,60780000
2018-10-08,21.111461639404297,21.251995261527806,20.92408049825075,21.017771068827525,42978600
2018-10-09,21.19734001159668,21.291030568747598,21.06070950029418,21.09193869323723,36227600
2018-10-10,21.080232620239258,21.42766584552926,21.07242494797686,21.162210945252607,61168000
2018-10-11,20.693758010864258,21.189533958398528,20.58835817362087,21.138786329847562,85789600
2018-10-12,20.67034149169922,20.732801386637366,20.49857566374829,20.66643691061232,43738200
2018-10-15,20.767929077148438,20.900656501093962,20.64300932392452,20.666430846928428,36706000
2018-10-16,20.98263931274414,21.09975142037837,20.68205062668083,20.7445105166965,35875000
2018-10-17,20.9435977935791,21.045094533902034,20.830388802678243,20.95530855499612,28517000
2018-10-18,20.97482681274414,21.10365114390423,20.86552240266472,20.998249824544402,33038000
2018-10-19,21.30274200439453,21.415950996864126,20.912367400701523,20.97873185769302,59579200
2018-10-22,21.16611671447754,21.34959181088206,21.115367586502913,21.326170281940925,24500000
2018-10-23,21.04899787902832,21.341778831279232,20.963116478997485,21.20514831589318,37849200
2018-10-24,21.560392379760742,21.66189062569895,21.052905617553176,21.142691611014722,58326800
2018-10-25,21.22467041015625,21.419857745333015,21.119269070461453,21.419857745333015,59822400
2018-10-26,20.834293365478516,21.400336870815746,20.68985517087335,21.3378769902437,73786000
2018-10-29,21.127079010009766,21.22076959618078,20.881144013488377,20.881144013488377,49946400
2018-10-30,21.209054946899414,21.337877803984096,20.959213925922292,21.209054946899414,50131000
2018-10-31,20.959217071533203,21.162212093890005,20.834297286876907,21.033389217471267,50286000
2018-11-01,20.86552619934082,21.00215673680129,20.728894172719176,20.990445973350727,54054800
2018-11-02,20.748416900634766,20.978738044301547,20.611784855553,20.92408433277202,48273200
2018-11-05,21.041194915771484,21.1153655655885,20.791353880741262,20.842103003858778,42506600
2018-11-06,21.18172836303711,21.22857439435942,20.994348705231314,21.02167481225542,26136200
2018-11-07,21.42375946044922,21.45498865553665,21.170015362994285,21.337876567927058,41450800
2018-11-08,21.388620376586914,21.513540104253487,21.209048454211295,21.443272571295964,41168200
2018-11-09,21.419862747192383,21.513553345186313,21.27152141001417,21.31446138288479,40030200
2018-11-12,21.408145904541016,21.630659336313222,21.107557244794446,21.26370770074317,55327800
2018-11-13,21.4979305267334,21.54477506487098,21.240283333235162,21.40424145045823,47516000
2018-11-14,21.275413513183594,21.454985453327478,21.20124288290523,21.31445037350678,55155600
2018-11-15,21.099750518798828,21.18563342233612,20.91237085675843,21.166114986757965,68562400
2018-11-16,21.42375946044922,21.5252562059346,21.26370592657855,21.42375946044922,42812800
2018-11-19,21.517454147338867,21.53697258550469,21.302748349192054,21.392534356083946,29144000
2018-11-20,21.427661895751953,21.732153612052183,21.29883905007145,21.57990775390207,48856800
2018-11-21,21.111461639404297,21.38081960992573,21.052904846648676,21.3534935037494,37819400
2018-11-23,21.1231746673584,21.173923793911097,20.982639541004012,21.1387900123225,16235800
2018-11-26,21.248092651367188,21.259803414519016,21.033386888337226,21.146594406847555,32202000
2018-11-27,21.408145904541016,21.43156891968166,21.146594114201072,21.23247701388898,26366800
2018-11-28,21.392534255981445,21.494032516626987,21.318363595633834,21.431572621291796,24124400
2018-11-29,21.384721755981445,21.423760112480096,21.16611291623313,21.423760112480096,34979200
2018-11-30,21.700923919677734,21.72044235170714,21.380816869080597,21.435469074427292,36333600
2018-12-03,21.919536590576172,21.919536590576172,21.505738936853852,21.630658702286805,35813000
2018-12-04,21.93514633178711,22.177179634950818,21.88049413080201,21.974184681891316,44536000
2018-12-06,21.958574295043945,22.03274494323142,21.509642847125264,22.024937271449406,49395800
2018-12-07,22.040552139282227,22.169376487163234,21.779001841455106,21.927343134628206,39458800
2018-12-10,22.0834903717041,22.153757916828674,21.65798201029902,22.040548928665654,42296200
2018-12-11,22.17327880859375,22.247450941766342,21.99370683520092,22.11081892701533,52186800
2018-12-12,22.03274917602539,22.294301018906737,22.02103841068313,22.14986278609366,36594800
2018-12-13,22.22403335571289,22.321627037587913,22.044461338461588,22.048364430505572,36144000
2018-12-14,22.181087493896484,22.2942964997953,22.052264633760092,22.243547378330124,50311200
2018-12-17,21.466705322265625,22.239647046470957,21.380822412077936,22.224031701134777,60421600
2018-12-18,21.32225799560547,21.73995865460242,21.259798125731926,21.58771281485821,47270800
2018-12-19,21.287128448486328,21.53696797754151,21.162208683958738,21.365203673606338,55856800
2018-12-20,21.275413513183594,21.57990519335459,21.03338170302615,21.306644192770754,78047600
2018-12-21,21.184478759765625,21.818318976275233,21.121488362394068,21.436440349251846,71291600
2018-12-24,20.29867172241211,21.302581653110963,20.215995620832075,21.14510493771107,45330600
2018-12-26,20.574254989624023,20.60181469305536,20.003405240189203,20.302609215717606,61678200
2018-12-27,20.747478485107422,20.77503668513217,20.235681410893008,20.582127783149655,59461200
2018-12-28,20.79866600036621,21.00732144630863,20.71992761452442,20.794728255078734,42175200
2018-12-31,20.834095001220703,20.893149161247546,20.617565584138397,20.806536793690753,32604400
2019-01-02,20.475830078125,20.771097777686446,20.35378705679748,20.751413564744183,50347800
2019-01-03,20.47189712524414,20.64512032949866,20.377410785408404,20.47583336774131,43175000
2019-01-04,20.775039672851562,20.786849902615128,20.34985337964939,20.377411583637365,38007000
2019-01-07,20.63331413269043,20.73567297752511,20.519143554436955,20.64512436429951,32535400
2019-01-08,20.88920783996582,20.91282829678673,20.53882221175942,20.65299275909153,33287000
2019-01-09,20.76323127746582,20.964012710232378,20.704177119811742,20.87740034615563,36149400
2019-01-10,21.034879684448242,21.07424812651733,20.759296084535237,20.786854294345556,50916200
2019-01-11,20.956134796142578,21.050621130324487,20.82621777617795,21.007314956399835,49685000
2019-01-14,20.483707427978516,20.960073869552694,20.290800006927732,20.70811079635726,46979600
2019-01-15,20.735671997070312,20.849842569925404,20.377413804374058,20.397099525204666,54186200
2019-01-16,20.81046485900879,20.818338843470556,20.578187573718033,20.69629433702661,36696400
2019-01-17,20.897085189819336,20.94432761287472,20.76323040632112,20.794724854421528,41571800
2019-01-18,20.920703887939453,20.991568267457204,20.82621904978873,20.92464163225123,28309400
2019-01-22,20.96007537841797,21.074244441177026,20.755356211477245,20.916769198629225,33828800
2019-01-23,21.17266082763672,21.184472556179035,20.928573297025867,20.964005479034626,28422200
2019-01-24,21.282899856567383,21.302584072775893,20.99944233737461,21.15691907066158,43848200
2019-01-25,20.99156379699707,21.314389678578827,20.960069358257172,21.21596711707685,36308200
2019-01-28,20.893144607543945,21.074241789501574,20.798659774265765,20.99550492903954,28367600
2019-01-29,20.952199935913086,21.050622518848705,20.88133555605469,20.991568368363563,25237000
2019-01-30,21.11361312866211,21.20416172567555,20.865587796610843,20.897083744342186,37157800
2019-01-31,21.558481216430664,21.62147160742396,21.011251913087126,21.105738250481764,46163200
2019-02-01,21.47580909729004,21.55848371345532,21.29077564708339,21.467935109777695,31124800
2019-02-04,21.511240005493164,21.52305023515157,21.23172022364146,21.381322973822297,36131400
2019-02-05,21.554546356201172,21.593914789917932,21.38919713241941,21.51124017802705,24592200
2019-02-06,21.542734146118164,21.62934499269517,21.43643758268292,21.523048429259926,18408400
2019-02-07,21.826190948486328,21.826190948486328,21.444312356721344,21.511238990707692,32150800
2019-02-08,21.920673370361328,21.93248359735257,21.72776448591937,21.77500839750258,29267400
2019-02-11,21.912799835205078,22.02697037116264,21.837999226375548,21.920673820630682,29458200
2019-02-12,21.9639835357666,22.074216345904443,21.790758832053534,21.916739615585183,29506600
2019-02-13,21.90099334716797,21.956109752748183,21.8104447520277,21.897055602878286,26763600
2019-02-14,21.865556716918945,21.979727249182094,21.786818367019908,21.916735367815576,38188000
2019-02-15,21.93248748779297,22.015162095014926,21.853749122996597,21.936425232027954,18689000
2019-02-19,22.062408447265625,22.086028908042014,21.88131123953535,21.948237880814535,28978600
2019-02-20,22.160825729370117,22.200194155771925,21.936422394899587,22.054529175914205,28716800
2019-02-21,22.322240829467773,22.357673017364124,22.019099111201065,22.09389972928921,38200000
2019-02-22,22.460031509399414,22.463969253446773,22.259250115454442,22.361608933545945,30495000
2019-02-25,22.31437110900879,22.495468325407177,22.223822500809593,22.479720349596107,26160200
2019-02-26,22.28680992126465,22.39310649105718,22.17263936461977,22.361610543647792,27405400
2019-02-27,22.31437110900879,22.385235498348965,22.212010768046476,22.23563273176308,23912600
2019-02-28,22.44428253173828,22.49940043326779,22.208068960991707,22.326175746364996,25616200
2019-03-01,22.49152183532715,22.507268302154568,22.302550717117583,22.45215191373623,26836000
2019-03-04,22.53089141845703,22.578133824996474,22.31042435159125,22.519081192274427,24675200
2019-03-05,22.503337860107422,22.586012464040532,22.463969430180036,22.53089606141846,24091000
2019-03-06,22.503337860107422,22.586012464040532,22.424599498443317,22.526959819149454,22608600
2019-03-07,22.578136444091797,22.719865181959882,22.515146060795892,22.542704259624774,30257000
2019-03-08,22.656877517700195,22.67656173325323,22.44428438538491,22.6056973558148,36031800
2019-03-11,22.818288803100586,22.826162789102217,22.649001858588694,22.66474983059196,28917600
2019-03-12,22.975767135620117,22.999387593477195,22.81435416575614,22.857660340906612,34204200
2019-03-13,22.999387741088867,23.054505647331002,22.91671313443974,22.932461107651775,31775200
2019-03-14,22.995454788208008,23.125373333078198,22.90884242496121,22.987580800475605,30310800
2019-03-15,23.078739166259766,23.154096046989345,22.900265847146684,23.031146382026098,35429800
2019-03-18,22.991491317749023,23.12237188301019,22.89233877835966,23.09064385713839,30017600
2019-03-19,22.729721069335938,22.991483625225055,22.64643181427567,22.95578866246985,45271600
2019-03-20,22.789216995239258,22.971657286236262,22.674199698022548,22.77335222742712,37761000
2019-03-21,23.031147003173828,23.078739788691067,22.769384413407955,22.80507938078273,30743600
2019-03-22,23.19772720336914,23.360337296389375,23.031150161792453,23.118404874663458,40905000
2019-03-25,23.21755599975586,23.288945939968237,23.1223689084902,23.21755599975586,27526000
2019-03-26,23.38413429260254,23.39999906185361,23.197728549219306,23.229456574773778,31399400
2019-03-27,23.221519470214844,23.427756889716576,23.114434568957368,23.4079266886572,34647000
2019-03-28,22.947860717773438,23.296878030763015,22.86853839487388,23.217555707863458,49497600
2019-03-29,23.07080841064453,23.098572509098723,22.860605545251257,22.916130716264767,43670200
2019-04-01,22.91216278076172,23.070805893067497,22.777315303180806,23.070805893067497,53363800
2019-04-02,22.943891525268555,22.98751887424331,22.801113173552064,22.95975629088616,49956200
2019-04-03,22.9081974029541,23.00338448721875,22.73765646159838,22.896299584776287,30901000
2019-04-04,22.82887840270996,22.967691335583726,22.69403090522652,22.947861132737117,32529200
2019-04-05,23.043041229248047,23.054940558482958,22.757483047711524,22.82887297133244,30838600
2019-04-08,22.880434036254883,23.02321390129629,22.820943434452516,22.991485882924493,29363400
2019-04-09,22.935958862304688,22.959754495923466,22.83283940679931,22.90026389892932,25987800
2019-04-10,22.864572525024414,23.138232945232257,22.81301278917745,22.983555250638805,33782400
2019-04-11,22.979591369628906,22.987523754121625,22.8328460388827,22.8606086281334,34840000
2019-04-12,23.086673736572266,23.11047088741753,22.781283775655,22.89630106865257,31853200
2019-04-15,23.082706451416016,23.18582440425346,23.023214335544225,23.106502087406852,30506200
2019-04-16,22.79714584350586,23.134265298965616,22.72179047750646,23.0827055680464,39377400
2019-04-17,22.709890365600586,22.8328400234244,22.690060166067003,22.7733479118764,30389600
2019-04-18,22.721790313720703,22.88043342725178,22.70989098331909,22.765417661649618,32078800
2019-04-22,22.701967239379883,22.78922044967761,22.65437292872902,22.71386506056872,21371000
2019-04-23,22.765419006347656,22.83680894118502,22.598841987411348,22.709892324737304,34136400
2019-04-24,22.91216278076172,22.991485093388246,22.785247685738184,22.820942650772757,32856800
2019-04-25,23.007354736328125,23.09857640460308,22.785254014817475,22.809049656152077,30506600
2019-04-26,23.043041229248047,23.27307576379258,23.019245596672498,23.134262863944766,29034800
2019-04-29,22.9081974029541,23.031147071598568,22.81301183163683,23.023214688497568,41551800
2019-04-30,23.28497886657715,23.30084363386079,22.872503994887367,22.91216591309647,44033400
2019-05-01,23.047008514404297,23.281008486825062,23.02717831598501,23.21755094411505,52825400
2019-05-02,22.995452880859375,23.126334937025785,22.824910420795682,23.003385264228317,46927600
2019-05-03,23.12236785888672,23.162029775508472,22.959757783106067,22.995452751591937,32142600
2019-05-06,22.995452880859375,23.18582554287171,22.94786009359315,23.122367988867598,26779000
2019-05-07,22.924062728881836,23.015282867349573,22.816977823824736,22.959757697234206,25084400
2019-05-08,22.610740661621094,22.92009756194452,22.590910459626016,22.89630041178197,57384800
2019-05-09,22.582979202270508,22.70989431690415,22.471928855202947,22.610741789037398,32347600
2019-05-10,22.987518310546875,22.999417640941946,22.535383092163542,22.579010440068476,50316000
2019-05-13,23.233417510986328,23.284975728288057,22.884400242523277,22.91612825986686,40192600
2019-05-14,23.078739166259766,23.25721399832018,23.035113329931516,23.237383797635093,35218800
2019-05-15,23.039081573486328,23.17789450815134,23.011318986553327,23.09064131191084,29155000
2019-05-16,23.193756103515625,23.265146035278367,22.95182372509159,23.01528127410877,27816600
2019-05-17,23.312742233276367,23.403962378789803,23.058912000030713,23.090641535660186,20954200
2019-05-20,23.34446907043457,23.491214373389234,23.28497695447998,23.36429927143698,18237400
2019-05-21,23.388099670410156,23.578472349792655,23.32464211061599,23.380167286317437,23008800
2019-05-22,23.562604904174805,23.58640205374887,23.35240204491977,23.423791980694574,18515800
2019-05-23,23.764877319335938,23.768844267728994,23.56260682676798,23.586403978283773,30329000
2019-05-24,23.72917938232422,23.903687254990448,23.70141528765616,23.780737598121622,17424800
2019-05-28,23.340503692626953,23.780741144053934,23.3008432879541,23.76091094171751,32795800
2019-05-29,23.031147003173828,23.419824696283918,22.975621834579155,23.396029059998984,40238200
2019-05-30,22.995452880859375,23.162029905712313,22.92406294348632,23.03511479770409,33645200
2019-05-31,23.102537155151367,23.165994707420154,22.90026668009067,23.00338463517218,36514000
2019-06-03,23.33257293701172,23.364300958316836,23.058910999399316,23.177893726951574,40670800
2019-06-04,23.352401733398438,23.384129752793214,22.920096689394594,23.35636716846752,37057800
2019-06-05,23.85212516784668,23.93144747046908,23.356362667640532,23.439650404567864,63510600
2019-06-06,23.998870849609375,24.04249819243589,23.816430609559504,23.883855097458785,51022400
2019-06-07,23.82040023803711,24.26856850691545,23.808500907687815,24.121823211483925,37986200
2019-06-10,23.657791137695312,23.79660405617741,23.538806907056554,23.74901127169031,27400600
2019-06-11,23.5150146484375,23.713319710718913,23.380167145568237,23.649862151306763,36072200
2019-06-12,23.82040023803711,23.856095203190428,23.606230447117188,23.63399302968674,24700400
2019-06-13,23.867992401123047,23.939382329576834,23.70934777945969,23.87592478350094,32424000
2019-06-14,24.11785888671875,24.16148472351649,23.88782432004368,23.895756702992546,28485400
2019-06-17,24.050432205200195,24.1892466247849,23.899719968745767,24.117856697672128,22924200
2019-06-18,23.951276779174805,24.197174546527826,23.788666745658723,24.157514153161767,46290600
2019-06-19,24.13372802734375,24.236847517888734,23.83627040245645,23.844202787340503,43191800
2019-06-20,24.288402557373047,24.343927727855913,24.0107751920113,24.260638459184193,38275600
2019-06-21,24.38235092163086,24.426325022271765,24.094511571834868,24.26641545851579,30116400
2019-06-24,24.390344619750977,24.46230445577261,24.298396279284475,24.426324537761793,19774400
2019-06-25,24.24242401123047,24.410330776987454,24.186455597653108,24.410330776987454,24290800
2019-06-26,23.714725494384766,24.23443428077052,23.706729786898798,24.182464469649634,33777000
2019-06-27,23.746702194213867,23.858639020070843,23.654752344374355,23.790676286497053,28271000
2019-06-28,23.838653564453125,23.9705789082061,23.70672669567508,23.75469940931025,32266400
2019-07-01,23.7786865234375,23.878630566420185,23.56280702458888,23.854643447095317,35846800
2019-07-02,24.102506637573242,24.142483646192428,23.86264001078274,23.866638626659736,42719000
2019-07-03,24.27040672302246,24.418324978393972,24.15447128773932,24.174461312806947,31573200
2019-07-05,24.2584171295166,24.294397044352085,23.886625184558298,24.11849608572584,31892800
2019-07-08,24.294395446777344,24.37035236197962,24.14248009134789,24.27440694541094,18836400
2019-07-09,24.326385498046875,24.334381206475747,24.122500270699664,24.25442564721246,34965400
2019-07-10,24.38235092163086,24.51427627360391,24.270412549473996,24.35436518482277,22972000
2019-07-11,24.390344619750977,24.482294485242612,24.182462343494187,24.35436470174016,39996000
2019-07-12,24.23043441772461,24.410334003016285,24.142483170465326,24.382349792529258,22490600
2019-07-15,24.326385498046875,24.36236542346408,24.142488779259125,24.234437138653,18690600
2019-07-16,24.18645668029785,24.35036483812201,24.05852843638753,24.266412213998045,28749200
2019-07-17,24.278409957885742,24.418332551631536,24.186461609151504,24.270414250383816,26709400
2019-07-18,24.49028778076172,24.494286396521073,24.146481551686072,24.282405512027637,29466400
2019-07-19,24.134489059448242,24.502283960918174,24.12249626131097,24.434321213081528,30616600
2019-07-22,24.082515716552734,24.218439667253005,23.942593150376734,24.194452549473557,26353000
2019-07-23,23.93059730529785,24.12648673795344,23.88662169081707,24.110496853162516,33581200
2019-07-24,23.95058822631836,24.058527965949228,23.76669156992129,23.998560935590437,27121400
2019-07-25,23.890625,24.046538998753647,23.770692445210802,23.874635111046565,28296600
2019-07-26,23.97857666015625,24.070525004561137,23.85864410332488,23.910615437127714,27758000
2019-07-29,24.102506637573242,24.13848655534056,23.910614251155916,24.04653821549633,33243400
2019-07-30,23.918607711791992,24.158472791032676,23.798673647146668,24.046535957390354,37991200
2019-07-31,23.806673049926758,24.04254107531752,23.66275337002389,23.92660560817074,48762000
2019-08-01,24.050533294677734,24.186457247648995,23.686737056581865,23.766692592157607,58986200
2019-08-02,24.046539306640625,24.246427408857006,23.99456797305731,24.086516317073823,29878600
2019-08-05,23.70273208618164,24.162473817113575,23.574803819746215,24.098509683895863,53153600
2019-08-06,23.998559951782227,24.090508276211388,23.462859890959162,23.7267120686765,54071800
2019-08-07,24.058528900146484,24.202448558576073,23.666748454990934,24.006557573485804,49909400
2019-08-08,24.30638885498047,24.370352975979433,23.914608423233698,24.04653528062059,34115000
2019-08-09,24.334373474121094,24.442313216074385,24.24642375940079,24.32637776823289,23627000
2019-08-12,24.28640365600586,24.40233911765373,24.162472487517597,24.338374987955792,27249600
2019-08-13,24.302391052246094,24.390340762901033,24.13848290167679,24.28240255096201,35494400
2019-08-14,24.102506637573242,24.458307199369433,24.038542508767467,24.334376032609754,40581000
2019-08-15,24.414329528808594,24.498282154888237,24.04253758471303,24.18645724372099,44171600
2019-08-16,24.538265228271484,24.61422216235525,24.390346926335592,24.426326847749017,32243000
2019-08-19,24.694169998168945,24.778122613564722,24.44630924198983,24.48628624217121,28468000
2019-08-20,24.654191970825195,24.754135998321697,24.55025085323976,24.750138908232763,31048800
2019-08-21,24.818103790283203,24.818103790283203,24.594228600284655,24.614217102510874,28795800
2019-08-22,24.842092514038086,24.874075341651118,24.630211618689806,24.802115504546954,29834200
2019-08-23,24.578237533569336,24.970017977798623,24.454306377986864,24.89006244274622,42595800
2019-08-26,24.86208152770996,24.87007723477689,24.578240789447303,24.638207829936682,25701400
2019-08-27,24.90605926513672,25.08196178546853,24.878075050543078,24.982017726198297,38448800
2019-08-28,24.838090896606445,25.021987546792584,24.750139661723995,24.934036311910134,31791600
2019-08-29,25.00999641418457,25.01799212016237,24.77812551590337,24.978013590273378,35467000
2019-08-30,25.01799201965332,25.105941735005803,24.94203357568189,25.085953232654102,24166000
2019-09-03,25.461746215820312,25.465744831926568,24.982015984783875,25.010000197426827,42728200
2019-09-04,25.48573112487793,25.597667965732114,25.32582004506474,25.533703838811856,31633200
2019-09-05,25.209882736206055,25.373790884795145,25.12193150158878,25.317822471865924,58664800
2019-09-06,25.10994529724121,25.329821916476366,25.03398683830569,25.27385348885563,25326400
2019-09-09,24.986013412475586,25.10194888071553,24.9380406937307,25.057973253105533,33649800
2019-09-10,25.01799201965332,25.01799201965332,24.802112534195004,24.946032191167216,38336000
2019-09-11,25.265850067138672,25.28583856732527,24.870071053334836,24.982009399424452,45377000
2019-09-12,25.321819305419922,25.493723157688727,25.20588386551308,25.41776624448676,47199400
2019-09-13,25.16191291809082,25.345811125010563,25.08595599079309,25.17790433174039,49998200
2019-09-16,25.18189811706543,25.221875118495486,25.041975562010528,25.20188661778046,23926000
2019-09-17,25.401779174804688,25.461744687572423,25.21388387974384,25.225876677292362,34658200
2019-09-18,25.50971794128418,25.589673480240844,25.337814066286118,25.49772361917439,41925400
2019-09-19,25.62964630126953,25.653631891521563,25.49372236475036,25.58966930083293,30041400
2019-09-20,25.731176376342773,25.759377010818014,25.533771935016084,25.66268956027985,36989200
2019-09-23,25.73520278930664,25.83189176491469,25.670743984507656,25.72311570684368,17616600
2019-09-24,26.0373477935791,26.12597921152576,25.807713244189,25.827857865954236,53815800
2019-09-25,26.02123260498047,26.049436304792103,25.88022947411095,26.017206139554006,32467600
2019-09-26,26.158212661743164,26.23072900611151,26.037351063249883,26.085696317374822,26746800
2019-09-27,26.0655517578125,26.210584446909365,25.92051906871563,26.194469362161033,33229600
2019-09-30,26.081666946411133,26.214614090885647,26.009150601573957,26.085696486023796,21670400
2019-10-01,26.02123260498047,26.065548313773423,25.88022947411095,25.993031978806567,47566800
2019-10-02,25.67477798461914,26.009157632363028,25.610319164763723,25.964841905558774,29720600
2019-10-03,25.73520278930664,25.747288334950476,25.549882380792813,25.682829530151487,59569200
2019-10-04,26.09375,26.150154328276948,25.731169847254847,25.767428016211255,37167000
2019-10-07,25.993038177490234,26.10181424269973,25.928580905280338,26.06958406977555,25731800
2019-10-08,25.75131607055664,25.997065741557527,25.739230525038273,25.976924190239657,43191800
2019-10-09,25.87620735168457,25.976924329729425,25.759373751496828,25.819803016232267,17954000
2019-10-10,25.848005294799805,25.90440655350233,25.62239718635163,25.81577512593034,31210600
2019-10-11,25.75131607055664,25.91246384929073,25.662686175390093,25.82383241730507,32154600
2019-10-14,25.586139678955078,25.835917346901073,25.5095953311317,25.82383180167082,19892000
2019-10-15,25.505569458007812,25.662687706396532,25.44111065003246,25.602256901561237,31726600
2019-10-16,25.561967849731445,25.574053394612413,25.372619450228115,25.489451506807576,32355000
2019-10-17,25.626426696777344,25.678799952721246,25.501537097778506,25.56196789593063,25999600
2019-10-18,25.711027145385742,25.767428400866795,25.501535670156873,25.56599446739507,29105800
2019-10-21,25.811748504638672,25.819804510947794,25.634487166272905,25.715061060737057,22924800
2019-10-22,25.920522689819336,26.037354765337625,25.79563460762052,25.872180502459056,31182600
2019-10-23,26.025270462036133,26.089730813114638,25.912467921287462,25.980954739079337,25821800
2019-10-24,26.1138973236084,26.158213038785487,25.997065263017717,26.037351438550118,22922400
2019-10-25,25.848005294799805,26.17029776258022,25.743258782793085,26.13404112783063,33850200
2019-10-28,25.493486404418945,25.783551854565026,25.461257763746854,25.715065032624672,50137200
2019-10-29,25.517656326293945,25.574057594092075,25.404853790697683,25.477370145529363,39544800
2019-10-30,25.743261337280273,25.80771860777718,25.533769829298162,25.537797832397025,39360600
2019-10-31,25.884262084960938,25.916492254023915,25.682828138774468,25.767430027336214,34491800
2019-11-01,25.81980323791504,25.980951018898033,25.775489058122897,25.900378665225674,31381800
2019-11-04,25.489450454711914,25.811744445060064,25.396791028538004,25.795629361337916,48685600
2019-11-05,25.22759246826172,25.445141546220512,25.159105649359535,25.364567642885472,43993800
2019-11-06,25.324277877807617,25.42902286155466,25.231618439964688,25.271904617524513,35543800
2019-11-07,24.98183822631836,25.320247329528197,24.816662445990886,25.191329722288174,45689400
2019-11-08,24.87708854675293,25.01406367066934,24.768314048041177,24.905289171957588,31943000
2019-11-11,24.7240047454834,24.913353166752636,24.69983365294296,24.885152534242646,18546400
2019-11-12,24.784433364868164,24.832777082505082,24.711917020003245,24.72803210482191,25337000
2019-11-13,25.151046752929688,25.20744802118561,24.840838240702823,24.87306841503152,33593800
2019-11-14,25.239673614501953,25.368591214779542,25.159099730123707,25.231616072382227,33672000
2019-11-15,25.320241928100586,25.332329007764002,25.17521080350858,25.25175513622259,19931600
2019-11-18,25.372621536254883,25.58211304005632,25.328305818955847,25.372621536254883,32981600
2019-11-19,25.30816078186035,25.4491639289392,25.1752151770173,25.300103239624555,36104800
2019-11-20,25.46125602722168,25.497514206017037,25.283993136746897,25.344423947012274,39359000
2019-11-21,25.372621536254883,25.48139605958366,25.288019641494447,25.457223431015322,28418000
2019-11-22,25.380678176879883,25.441108977742953,25.199387311109778,25.429021895478876,22970400
2019-11-25,25.29607582092285,25.477366683366117,25.239674560789183,25.404850338388812,40797400
2019-11-26,25.380678176879883,25.416936350033904,25.279961199987504,25.336362461156178,32300200
2019-11-27,25.42499542236328,25.453196054644383,25.30010581024755,25.320248899474166,25056400
2019-11-29,25.40081787109375,25.57002316881138,25.376646783433305,25.47333420771289,10243000
2019-12-02,25.235652923583984,25.344427475112138,25.18327964985127,25.2799686523717,37401200
2019-12-03,25.30413246154785,25.352476177536808,25.243701663947387,25.30010292207101,25801800
2019-12-04,25.497509002685547,25.537795176761612,25.275931971629113,25.296075058667146,39195400
2019-12-05,25.541824340820312,25.545852343441098,25.392762117928065,25.45722091759371,24899400
2019-12-06,25.465282440185547,25.614344686378026,25.44513935029499,25.44513935029499,19164400
2019-12-09,25.37664794921875,25.525708631641887,25.332332237380232,25.521679092300765,23166400
2019-12-10,25.372621536254883,25.424994796410033,25.308162730225146,25.372621536254883,25197600
2019-12-11,25.44110870361328,25.485422882040393,25.31219109752566,25.404850530849945,23980200
2019-12-12,25.332338333129883,25.509599686319593,25.223563797029602,25.408882694021482,48234200
2019-12-13,25.52973747253418,25.57405318582798,25.24772964533464,25.34441861405012,38669200
2019-12-16,25.848005294799805,25.864117305596462,25.529737756080475,25.529737756080475,41547800
2019-12-17,25.9326114654541,26.093756189137263,25.839950483061557,25.864121576886316,33694600
2019-12-18,26.0373477935791,26.07360749802898,25.815772322350192,25.952745914713034,25615800
2019-12-19,26.04541015625,26.081666791634355,25.884262382719452,26.0373510770725,33803200
2019-12-20,26.224456787109375,26.366564241162372,26.037690619021106,26.037690619021106,45942200
2019-12-23,25.980854034423828,26.28130527819906,25.91183080256374,26.269122247977776,32956000
2019-12-24,26.01740074157715,26.029580676664892,25.879355798235874,26.009278719756175,9025600
2019-12-26,26.062061309814453,26.086421178813318,25.95243570403243,26.041759353886356,13317000
2019-12-27,26.139198303222656,26.139198303222656,26.013334867321895,26.062057696207578,20603400
2019-12-30,26.135141372680664,26.139199285341252,25.997094901139356,26.029576788283578,23868600
2019-12-31,26.236644744873047,26.269123534124077,26.098598274394057,26.131080161288317,21616800
2020-01-02,25.90777015686035,26.28942299880394,25.81032605422504,26.281304076670676,38215400
2020-01-03,25.960554122924805,26.053937227283836,25.867171018565777,25.928073783888546,35978600
2020-01-06,25.98491668701172,26.06206039967219,25.887472567953864,25.928074929570357,20889000
2020-01-07,25.948375701904297,25.960555636150147,25.802210295667084,25.919954822782813,26140600
2020-01-08,25.93619155883789,26.049876605697232,25.895589203237588,25.96055142337657,25482800
2020-01-09,26.07830047607422,26.106721353848663,25.899653188552946,25.903712650168575,23286200
2020-01-10,26.147321701049805,26.240703255946418,26.10265987996245,26.114839813414765,21165800
2020-01-13,26.305667877197266,26.382811588400575,26.139200520946634,26.139200520946634,25342200
2020-01-14,26.382816314697266,26.390935239499925,26.187928045349928,26.305672589674202,22990000
2020-01-15,26.752281188964844,26.796943008457063,26.435590539942353,26.439651550162516,31771800
2020-01-16,26.918746948242188,26.947167822822784,26.76445954539636,26.772581565358248,21797600
2020-01-17,27.105514526367188,27.142054325138258,26.837543611473336,26.910626306658642,26517600
2020-01-21,27.353181838989258,27.365361771178687,27.056790065926872,27.166415650917703,47753000
2020-01-22,27.43844985961914,27.515590477874877,27.365367154462835,27.40596796896221,21683200
2020-01-23,27.682050704956055,27.690169626704595,27.405960900863864,27.434381773447935,25938600
2020-01-24,27.75513458251953,27.85663814576817,27.56430738798922,27.608969203630053,28803000
2020-01-27,27.68611717224121,27.933786152570754,27.60897346103068,27.73889791811803,22544400
2020-01-28,27.799793243408203,27.917537735131997,27.645505862287507,27.714530631672194,35056800
2020-01-29,27.87287712097168,27.91347792387787,27.706409802120785,27.816035377374472,21599600
2020-01-30,28.132732391357422,28.148973335751577,27.787620841500996,27.8566425319436,28808600
2020-01-31,28.006872177124023,28.19363841274968,27.860706758348503,28.079954886511782,40949000
2020-02-03,28.096193313598633,28.128675206805006,27.9865707960819,28.051531484850823,27095800
2020-02-04,27.816036224365234,28.16520871574755,27.787615351701223,28.079946097755514,41384200
2020-02-05,27.929725646972656,27.998747338438555,27.69423659623123,27.755139364201387,32610200
2020-02-06,27.93783950805664,28.096184817500376,27.868817829097658,27.95814145958241,29908200
2020-02-07,27.848520278930664,28.04340851239359,27.840401355622927,28.002807700568134,21392800
2020-02-10,27.954084396362305,27.954084396362305,27.791678054155984,27.893181630829517,16279600
2020-02-11,28.055587768554688,28.148972421376776,27.986566080354145,28.00280702422074,20539400
2020-02-12,28.07588768005371,28.161150305917314,27.921600273368362,28.01092390931397,16094800
2020-02-13,28.38851547241211,28.404756414046787,28.055583913008412,28.100245728093057,27175200
2020-02-14,28.579343795776367,28.603703660371142,28.40069652836668,28.441300432881977,21108200
2020-02-18,28.818891525268555,28.867611250574832,28.607762390132155,28.688967095047214,30069600
2020-02-19,28.506258010864258,28.745808011408037,28.506258010864258,28.705204111299057,22391000
2020-02-20,28.607759475708008,28.624000415036466,28.376331511151708,28.514377946622407,28810200
2020-02-21,28.55498695373535,28.741753163231554,28.52656607615209,28.55498695373535,23457200
2020-02-24,28.222055435180664,28.59152684493173,28.2098755015555,28.43318151251794,40884200
2020-02-25,27.629276275634766,28.29919743911222,27.58055344109458,28.25047770221553,56276600
2020-02-26,27.349123001098633,27.876942820608317,27.345061990831972,27.62927385427689,52384600
2020-02-27,26.118900299072266,27.389723925241185,26.110778278505023,27.23949752117953,87206200
2020-02-28,25.245969772338867,25.550480503061365,24.645068782905074,25.522059625433,180526200
2020-03-02,26.731983184814453,26.768526086908278,25.31499397766842,25.375896749395697,84351600
2020-03-03,26.403104782104492,27.30039585531705,26.297540215361035,26.74821625677967,126558000
2020-03-04,27.901302337646484,27.937842136659334,26.736040217160134,26.752281160380242,62856400
2020-03-05,27.47092628479004,27.844458660097786,27.14611363813106,27.44250231288763,67070200
2020-03-06,27.247617721557617,27.357240210746546,26.23258205348482,26.744160897533558,70997800
2020-03-09,25.765666961669922,26.492432926308055,25.359652663948726,25.802208310417694,74339400
2020-03-10,26.00521469116211,26.488369556006173,24.844012106503882,26.187919869801203,81616800
2020-03-11,24.697851181030273,25.44085656174855,24.348678627180135,25.424615617657455,64307800
2020-03-12,22.204919815063477,23.768075680078844,21.928829988224958,23.345820468582108,77766400
2020-03-13,23.414840698242188,23.455443051918042,21.782664801008416,23.455443051918042,54277200
2020-03-16,20.755451202392578,22.94386809695939,20.67424803020233,21.299510442599043,56293400
2020-03-17,23.410785675048828,23.60973337371961,21.128985625854714,21.36041366480175,77946000
2020-03-18,22.39168357849121,22.740854486814236,21.20612131815999,22.010029242160844,85692800
2020-03-19,21.088380813598633,22.282063769250517,21.02341859177429,22.184619662103234,65459000
2020-03-20,19.41560173034668,21.283266701147678,19.277556820412936,21.283266701147678,56358400
2020-03-23,18.42485237121582,19.35163036254933,17.813833880849774,19.35163036254933,64018000
2020-03-24,20.405529022216797,20.491646795494677,18.998959583039923,19.130184729344048,54902800
2020-03-25,20.926334381103516,21.803903338077685,19.819122146761902,20.434240749986134,61255000
2020-03-26,22.710180282592773,22.956227109132396,20.938638751390293,21.151880064410832,61794400
2020-03-27,22.833206176757812,23.657464543118465,21.914628233503716,22.02534978677504,50186200
2020-03-30,23.677967071533203,23.821494125645096,22.931621697168662,23.030041365936505,59519000
2020-03-31,22.722476959228516,23.49342590474757,22.648662615278436,23.49342590474757,67456400
2020-04-01,21.35692024230957,22.123767719984826,20.946841143011714,21.824410165216705,53420600
2020-04-02,22.025346755981445,22.177077140137992,21.008350837092635,21.127274144352352,53121600
2020-04-03,21.23799705505371,22.05405359151207,21.073964788622796,21.783401446930398,31872000
2020-04-06,22.878313064575195,23.107956356395608,22.01714602726584,22.01714602726584,41379600
2020-04-07,22.591257095336914,23.530338585406668,22.562551684228023,23.49343140479129,49163200
2020-04-08,23.821491241455078,24.018328990831048,22.537943421968105,22.726579402912485,64925600
2020-04-09,24.94510841369629,25.334682244918564,24.092143271258017,24.18236115941174,87722800
2020-04-13,24.153657913208008,24.817985570369693,23.91171119868904,24.817985570369693,27830400
2020-04-14,24.86309814453125,24.900005328885438,24.43661547295569,24.674460555427768,34175600
2020-04-15,24.042938232421875,24.47352097744703,23.907611377636112,24.17826352288001,25671600
2020-04-16,24.04703712463379,24.247976563171775,23.80919207046036,24.145456792644296,20800000
2020-04-17,24.822086334228516,24.953311515329467,24.22747291675814,24.559635972026616,21555000
2020-04-20,23.883007049560547,24.66625805412343,23.84609986864072,24.66625805412343,28761000
2020-04-21,23.489330291748047,23.772285871247153,23.226879918662444,23.45242311026241,40783200
2020-04-22,24.17416000366211,24.37099775744549,23.772282727480114,23.93221330465865,31190800
2020-04-23,23.768184661865234,24.313590624951168,23.632859370030754,24.247978030416466,24830400
2020-04-24,23.915807723999023,24.018327476438774,23.501628612446428,23.809187869765683,23973800
2020-04-27,24.16596031188965,24.34229444145295,24.0306334645993,24.055238772559605,25481000
2020-04-28,24.256175994873047,24.768774798109355,24.145454465654716,24.50632289681735,28643400
2020-04-29,24.034738540649414,24.662159121522407,23.936318859175334,24.64985724796106,23575600
2020-04-30,23.481124877929688,23.89940568174325,23.263783489759575,23.862498505985368,38733800
2020-05-01,22.915218353271484,23.22277764884136,22.783993178974534,23.206374110972376,26918600
2020-05-04,23.087451934814453,23.144862755830665,22.656869212865328,22.796296162902216,24027600
2020-05-05,23.276092529296875,23.554946484393223,23.140767219389215,23.16947263556138,23653600
2020-05-06,22.484638214111328,23.37450912646984,22.451831134635505,23.358105586731927,48150400
2020-05-07,22.574853897094727,22.94392570881967,22.537946715922235,22.742986263696622,42266200
2020-05-08,23.030040740966797,23.120258637861767,22.74298507620532,22.849606511504376,26553200
2020-05-11,22.931621551513672,23.017739347761378,22.52564413570293,22.84960698644356,31326400
2020-05-12,22.730684280395508,23.091554320727628,22.685575329813044,22.989034547341156,43734400
2020-05-13,22.537946701049805,22.685575425642366,22.27959799734043,22.685575425642366,39645000
2020-05-14,22.779891967773438,22.84550455623368,22.00484277773447,22.312402079453268,46233200
2020-05-15,22.476438522338867,22.62816736812378,22.131971977632716,22.619965597496517,69347600
2020-05-18,23.39911460876465,23.546741774512423,23.005437473787605,23.005437473787605,45994600
2020-05-19,23.013633728027344,23.36630192883278,23.009533626209105,23.30068934944995,32655800
2020-05-20,23.140762329101562,23.39911258438231,23.050544432010103,23.251483867079024,23583200
2020-05-21,22.907018661499023,23.243283396667696,22.861909710432656,23.07925113175866,33868200
2020-05-22,23.161264419555664,23.181768059069142,22.833201494357766,22.90701584806822,23838000
2020-05-26,23.31299591064453,23.76408385346296,23.288392166129366,23.57954794796122,35071800
2020-05-27,23.591848373413086,23.764082396094732,23.267887097319228,23.723073550538384,32984600
2020-05-28,24.288982391357422,24.391502155746572,23.874803231529352,23.89530687154169,42582000
2020-05-29,24.477617263793945,24.604742328984894,24.08804342838026,24.231570466235052,29511800
2020-06-01,24.76877784729004,24.920506673715014,24.329993342849026,24.469418732739072,29112800
2020-06-02,24.92870330810547,24.94510684388793,24.596538747983345,24.863090729302893,27998600
2020-06-03,25.228063583374023,25.40439770169531,25.043527696255534,25.064031336084824,25682800
2020-06-04,24.7769775390625,25.14604934090981,24.457116353679876,25.092738621903518,43679200
2020-06-05,25.09273910522461,25.5725324568676,24.977917459917187,25.00252276862346,44260000
2020-06-08,25.765268325805664,25.84728288709214,24.957412069648548,25.137846294537262,31919000
2020-06-09,25.248563766479492,25.543821145446056,24.969709922861565,25.53151771177096,37283600
2020-06-10,25.100940704345703,25.416701791124545,25.018924573542645,25.248569426925688,25052000
2020-06-11,24.120849609375,24.740069851245472,23.94451549262996,24.67035559925613,69420400
2020-06-12,24.059341430664062,24.60884751885956,23.764085525415773,24.58014210535386,46404800
2020-06-15,24.223369598388672,24.399703716782202,23.427816796663237,23.63285632369502,33434000
2020-06-16,24.334091186523438,24.9451096667838,24.20286601406828,24.80978282775523,34226600
2020-06-17,24.260276794433594,24.440711015202062,24.02653185858429,24.436610912962358,24374400
2020-06-18,24.256175994873047,24.321788579114198,23.98142222288814,24.108547289248605,26507600
2020-06-19,23.575443267822266,24.551430197503365,23.538536093887952,24.448910443722195,58531600
2020-06-22,23.805349349975586,23.95421056833675,23.34222678637562,23.56138270374758,25906400
2020-06-23,23.565519332885742,24.07826179245368,23.499358964638667,24.049316729932308,25244400
2020-06-24,23.350500106811523,23.495225434077007,23.06931811893479,23.387715416306612,28538400
2020-06-25,23.061046600341797,23.31328350882466,22.792269204689113,23.30087735475346,43502400
2020-06-26,22.817081451416016,23.288474325361562,22.664085878399323,23.027967155985632,57463400
2020-06-29,23.24712371826172,23.25952829525512,22.755054465687294,22.9990211366797,29730600
2020-06-30,23.333961486816406,23.462147913648113,23.11480552301538,23.2512606171633,33743800
2020-07-01,23.879785537719727,23.983161232688207,23.313287170961054,23.354636817993278,39777400
2020-07-02,23.941808700561523,24.19817995152087,23.87978266009968,24.049318716322627,24295200
2020-07-06,23.64822006225586,24.18577486183257,23.453874855876972,24.02864338607687,30775400
2020-07-07,23.553115844726562,23.639951042117204,23.276069764274194,23.3877156940855,22681000
2020-07-08,23.764001846313477,23.84256679533044,23.470413716012832,23.515899267639174,24359400
2020-07-09,23.445606231689453,23.660627850895395,23.11893868073882,23.648221695776332,35750400
2020-07-10,23.888051986694336,23.954212357865494,23.437333965157173,23.445604208727026,27166400
2020-07-13,23.91286849975586,24.14856497763342,23.80122255064732,23.88805776304683,35531600
2020-07-14,24.13615608215332,24.27674708611057,23.888055052764233,23.91700012028003,67894200
2020-07-15,24.041048049926758,24.541385965915,23.995562498039153,24.36357966892948,26940400
2020-07-16,24.347042083740234,24.413202459889483,23.999699714609733,24.061724179969023,30126400
2020-07-17,24.89699935913086,24.963159733803703,24.458687468443674,24.479362289768734,45901600
2020-07-20,24.570329666137695,24.880456691002433,24.528980027110777,24.81016198917915,24255200
2020-07-21,24.68198013305664,24.967298058041965,24.553795282017234,24.632360241602285,30216000
2020-07-22,25.06239891052246,25.153370009326938,24.330498941910612,24.570329687775658,29694200
2020-07-23,25.091344833374023,25.269151126738546,24.942483603823472,25.054129525986383,38277400
2020-07-24,24.92594337463379,25.397336221497174,24.785352387201932,25.140964977611205,35397000
2020-07-27,24.624086380004883,24.950753903656533,24.446280086239437,24.934213416471916,22638600
2020-07-28,24.996238708496094,25.207124392947428,24.541384788824136,24.562061185881486,37792000
2020-07-29,25.11202049255371,25.178180865965604,24.9259439493991,25.041725785910707,18205600
2020-07-30,25.11202049255371,25.11615640317255,24.80602935704411,24.93007986001794,25475800
2020-07-31,25.153371810913086,25.219532184585663,24.801893544149987,25.045860217827816,24228000
2020-08-03,24.88045883178711,25.140965996756794,24.74813808265058,25.136831663453417,19303800
2020-08-04,25.153371810913086,25.26501615985803,24.801893544149987,24.86391958457516,41663600
2020-08-05,24.830841064453125,25.22366901208614,24.731601282824755,25.20712852268545,23658600
2020-08-06,24.975568771362305,25.016918418785288,24.67784626227543,24.80603269310738,27576000
2020-08-07,25.426280975341797,25.52552073710981,24.872187310409732,24.876321643238576,30942200
2020-08-10,25.418014526367188,25.616495656917476,25.335313660957617,25.50898405866869,21208600
2020-08-11,24.868053436279297,25.49657776269195,24.801893063887846,25.446957877745284,50996000
2020-08-12,25.227802276611328,25.397338342313905,24.934215700436496,24.942485944786355,34570600
2020-08-13,25.186452865600586,25.240208665678807,24.99210606504782,25.12442682109588,31627200
2020-08-14,24.967294692993164,25.165775809447545,24.901134320841706,25.132694834677967,17336600
2020-08-17,24.93421745300293,25.153375000208726,24.839112002376538,24.987973256361474,19020400
2020-08-18,24.82257080078125,25.016917607621107,24.694385951493587,24.9176762486807,24294600
2020-08-19,24.748138427734375,24.896999666935606,24.698518540463226,24.88459508946476,18042800
2020-08-20,24.528982162475586,24.772948839703147,24.46282178784037,24.648898334435586,25932000
2020-08-21,24.570329666137695,24.615815215499875,24.32222867720095,24.549654846624236,18933400
2020-08-24,24.785350799560547,24.79362104269004,24.413199323058866,24.64062548826338,14985800
2020-08-25,24.549654006958008,24.83497186960298,24.466953154345152,24.83083595940918,23573200
2020-08-26,24.276744842529297,24.47936187380252,24.185775314767284,24.462821386068434,23329800
2020-08-27,24.355316162109375,24.528986585321093,24.206454897991883,24.347045916615286,38907200
2020-08-28,24.42560386657715,24.450414595932635,24.173366972319585,24.404929047474702,16995800
2020-08-31,24.500038146972656,24.648899390627456,24.384257880746848,24.38839221423156,19975600
2020-09-01,24.218854904174805,24.4380108475257,24.12374946503408,24.421471937048686,26620400
2020-09-02,24.97142791748047,25.08307383628947,24.173367576554657,24.272608919069643,37298400
2020-09-03,24.690248489379883,25.240207896574212,24.458687962045673,24.979700725935434,38871400
2020-09-04,24.549654006958008,24.880455840021867,24.23125674970043,24.739866441183846,35792200
2020-09-08,24.41320037841797,24.603411246456186,24.181638292944704,24.57446618294549,28990800
2020-09-09,24.735734939575195,25.05413225357989,24.570333204870366,24.59514393829244,30869400
2020-09-10,24.309825897216797,24.669572830972964,24.28088083228169,24.640627766037856,36280400
2020-09-11,24.36771583557129,24.446280785865152,24.177504959667594,24.36357992496293,25332600
2020-09-14,24.70265769958496,24.83084255667392,24.462825321025775,24.487636056617823,20927200
2020-09-15,24.868053436279297,25.236070606293485,24.735732691496395,24.954888629282884,23342600
2020-09-16,24.834976196289062,25.008646597383663,24.673708795773994,24.781220396117373,23082200
2020-09-17,24.632356643676758,24.768813296979573,24.43800986256827,24.677842194777696,22775400
2020-09-18,24.198183059692383,24.64476524526129,24.144427256213223,24.6282263327498,31969600
2020-09-21,24.047624588012695,24.160230721624814,23.734830302741482,24.022600472447557,30371200
2020-09-22,24.1977596282959,24.360412358586117,24.043448267629998,24.06012941592505,21247400
2020-09-23,23.826581954956055,24.268663492321597,23.805729322412116,24.226958227233713,21576400
2020-09-24,24.093503952026367,24.264498116223685,23.655592223321452,23.801562269238367,31328200
2020-09-25,24.489700317382812,24.514722834399,23.90164730319957,23.98922929466327,22576000
2020-09-28,24.552263259887695,24.798328137287687,24.510557995631636,24.598140005141673,20359600
2020-09-29,24.543920516967773,24.794156861378767,24.431315991579655,24.627332631771438,18435800
2020-09-30,24.764963150024414,24.885909047405463,24.55643365604869,24.69823377559033,24208200
2020-10-01,25.015199661254883,25.077759150217723,24.777476148722318,24.827522785320255,26142000
2020-10-02,25.311309814453125,25.44059867554764,24.760792068750366,24.815010183525978,33890000
2020-10-05,25.62826919555664,25.699168443439316,25.20703882429499,25.37803290613643,22076800
2020-10-06,25.845144271850586,26.13708427121806,25.532350051710857,25.6449561618756,32776800
2020-10-07,26.003625869750977,26.1120620917451,25.811779127396687,25.978603350024404,24403600
2020-10-08,26.479076385498047,26.52078164876289,26.09955276235426,26.11623391308791,27235600
2020-10-09,26.47490119934082,26.6375539306452,26.295565728683787,26.625042671607506,17091200
2020-10-12,26.641727447509766,26.821061340921865,26.424856592207995,26.491585963765946,14970200
2020-10-13,26.458219528198242,26.52912037783273,26.162108052024777,26.458219528198242,20210400
2020-10-14,26.42485809326172,26.604193587814617,26.28722786169395,26.491587468610206,22338800
2020-10-15,26.408178329467773,26.55414835732908,26.10789531106282,26.174624693935698,19124000
2020-10-16,26.691781997680664,26.791875289237623,26.412353168550453,26.44154717783408,16081000
2020-10-19,26.46656608581543,26.821065630610924,26.391495331936905,26.6792670854559,26603000
2020-10-20,26.62504768371582,26.771019294099986,26.47490618318532,26.575001047190284,24979400
2020-10-21,26.554147720336914,26.729311749568573,26.47907855849045,26.56666057310628,14200000
2020-10-22,26.92949867248535,26.97537541562358,26.516611166148845,26.59168032015694,15212000
2020-10-23,27.004568099975586,27.108832841674335,26.8544266173768,27.062956100774294,14485000
2020-10-26,26.99622917175293,27.046274212925294,26.620875453422684,26.796039461340964,20763200
2020-10-27,26.975379943847656,27.250637266975563,26.84609265434122,27.0462792199055,19601800
2020-10-28,26.191303253173828,26.94200908830245,26.137085141078163,26.60002085684437,34026600
2020-10-29,26.262205123901367,26.58334073729308,25.757562536597938,26.09538089142777,29847800
2020-10-30,26.01613998413086,26.27888599974318,25.7659036380357,26.116233249805905,34824600
2020-11-02,26.58751106262207,26.62504643599569,26.107892579620692,26.370640193236028,29911800
2020-11-03,26.97120475769043,27.26314796674137,26.812723483228023,26.92115971412738,30157400
2020-11-04,26.56665802001953,27.22978187872688,26.537464017953166,26.81272288811732,36662200
2020-11-05,26.804380416870117,27.292341863061175,26.783529376102685,26.84608886222027,31525200
2020-11-06,26.74599266052246,27.05878691211309,26.675093393819758,26.821063408180517,18955400
2020-11-09,27.24229621887207,28.330820561964927,27.21727369481732,27.521725010509932,46072200
2020-11-10,27.63433265686035,27.71357171011928,27.2756616308212,27.388266170667013,31172000
2020-11-11,27.738595962524414,27.98465925391622,27.630159727753018,27.776129746536952,19459000
2020-11-12,27.292341232299805,27.638497774589393,27.079640257178866,27.575941471825203,53020200
2020-11-13,27.56342887878418,27.638499629045782,27.37575359408406,27.425801821561056,26324800
2020-11-16,27.842857360839844,27.9220964003975,27.51338039705731,27.905416841896063,27375000
2020-11-17,27.2965145111084,27.796987297879657,27.254809241021164,27.663528524455618,16811200
2020-11-18,26.762672424316406,27.471674558169475,26.754332645241405,27.43830907805484,25581400
2020-11-19,26.495758056640625,26.754335785013627,26.308082777308854,26.73348156201779,26996200
2020-11-20,26.499935150146484,26.683440578316727,26.366476367667364,26.449886913501178,18632200
2020-11-23,26.50409507751465,26.65423654910033,26.3831476041869,26.604189922222965,16930600
2020-11-24,26.787700653076172,26.85442843769464,26.583341045474555,26.7167982056653,21807000
2020-11-25,26.858598709106445,26.866938488592847,26.520780365572616,26.754333965035308,22985200
2020-11-27,26.5916805267334,26.87528235842322,26.483245889253762,26.85025665530315,12073200
2020-11-30,26.20798683166504,26.533292332729484,26.103722084815793,26.516611182358478,26889400
2020-12-01,26.391494750976562,26.762677030897272,26.374813599001627,26.404007603650182,30174800
2020-12-02,26.56665802001953,26.579169280632605,26.09955239600389,26.266375037675438,24397600
2020-12-03,26.291397094726562,26.549973203225218,26.220496244569098,26.52494909300135,18753600
2020-12-04,26.028654098510742,26.378983748692804,25.88268407383236,26.316424257571242,21005000
2020-12-07,26.174625396728516,26.30391427555852,25.936901864426343,25.941073345879516,17391400
2020-12-08,26.095378875732422,26.26637298488049,25.895190766799583,26.003625395863914,21005400
2020-12-09,26.049503326416016,26.157939551390193,25.874339319701367,26.116232699110224,22969800
2020-12-10,25.91604232788086,26.120401908901286,25.79509485321476,26.036989802546955,21602800
2020-12-11,25.95775032043457,25.991114209874414,25.782584730275964,25.8076088405711,13351400
2020-12-14,25.82429313659668,26.358129751267107,25.799270614206133,26.141258875143787,27208800
2020-12-15,26.333105087280273,26.39983446384949,25.815952816607314,25.945240088798638,22357200
2020-12-16,26.028654098510742,26.516613992778662,25.995290203278802,26.383153638989064,24312800
2020-12-17,26.203821182250977,26.39566796567034,26.1162375715995,26.120409053082636,25389800
2020-12-18,25.978609085083008,26.303914640972707,25.853491685968052,26.20799124861944,20877400
2020-12-21,25.66400718688965,25.77335819872758,25.369598395081443,25.77335819872758,27915400
2020-12-22,25.613540649414062,25.722891674217244,25.53783547670454,25.655598365630894,24177000
2020-12-23,25.563068389892578,25.937387503441084,25.55886326020731,25.735507586169945,11543400
2020-12-24,25.74391746520996,25.756536062090863,25.47895099669362,25.61774272719282,7272400
2020-12-28,25.85747528076172,26.02570933483934,25.76074126120668,25.878504136421707,11739000
2020-12-29,25.8532772064209,26.04253856340669,25.781777152386855,25.92057052553567,15165000
2020-12-30,25.983652114868164,26.06776914869155,25.82803664515423,25.870094359866435,11847200
2020-12-31,26.37059211730957,26.408444705595244,25.920567792357197,25.987861104376268,18184000
2021-01-04,25.706064224243164,26.416851397952577,25.55886063439738,26.416851397952577,25260600
2021-01-05,25.701860427856445,25.83644703252317,25.491568657514826,25.760741866848278,16666600
2021-01-06,26.34115219116211,26.513591408707224,25.790187079298853,25.849068528548525,35961800
2021-01-07,25.99627113342285,26.534617591564665,25.971035541547828,26.48414801221362,24758800
2021-01-08,26.214975357055664,26.26965006738335,25.983653104134554,26.029917554718775,26930600
2021-01-11,25.971033096313477,26.2233825737084,25.77756505668411,26.11823669072737,16657200
2021-01-12,25.83224105834961,26.017298848507856,25.521010127554444,25.928976687422654,24619000
2021-01-13,26.336944580078125,26.421061620949356,25.865891397357988,25.912155850057122,26687400
2021-01-14,26.236005783081055,26.366385674083713,26.084595428265846,26.345356814670296,26067000
2021-01-15,26.492557525634766,26.57246781955051,26.084590984046336,26.181325004386085,27564800
2021-01-19,26.391618728637695,26.660791953787694,26.353766143576042,26.635557966679244,18993200
2021-01-20,26.547239303588867,26.665003815537126,26.227596438356244,26.383211938245857,44796200
2021-01-21,26.391618728637695,26.538822334766923,26.34535427974023,26.484147626432623,13975600
2021-01-22,26.429468154907227,26.517790308028694,26.2149712681267,26.315910413294436,18760000
2021-01-25,26.959402084350586,26.997256268453366,26.307497971135632,26.33693868819446,37848600
2021-01-26,26.690235137939453,26.95099812771535,26.58088410678117,26.92155740377277,19473600
2021-01-27,25.971033096313477,26.673406824515283,25.853270220782356,26.47573365550217,39287400
2021-01-28,26.282264709472656,26.681817767502036,25.992061055638054,26.059354354249205,25465800
2021-01-29,26.139272689819336,26.404239215911414,25.975243729915757,26.147682950368985,27760600
2021-02-01,26.265445709228516,26.50097149454241,26.04674204829484,26.307503426777686,16109400
2021-02-02,26.479938507080078,26.88790504217404,26.244412758488785,26.35376376970634,28698600
2021-02-03,26.395824432373047,26.572470367968524,26.33694298864089,26.45050074629534,16266800
2021-02-04,26.601911544799805,26.639764131332,26.30750271670482,26.383207889769217,22702200
2021-02-05,26.744911193847656,26.892114812119228,26.61032457017104,26.719675600258626,11920000
2021-02-08,26.538827896118164,26.81220791267378,26.43788871773407,26.80379604707522,21531400
2021-02-09,26.576675415039062,26.673409444354878,26.357971764429777,26.58508727903161,12386800
2021-02-10,26.68181800842285,26.791170622402603,26.500966965947637,26.732289186136033,19621200
2021-02-11,26.530414581298828,26.757528508722153,26.488355258147006,26.669206336702022,17422600
2021-02-12,26.336944580078125,26.572471973637747,26.198152826379836,26.45050234459442,20216000
2021-02-16,26.04253387451172,26.34114942844285,26.004682893448965,26.307501972743964,31723200
2021-02-17,26.063562393188477,26.109826839125407,25.886916472738275,26.071974256485998,20358200
2021-02-18,26.219181060791016,26.332738822601645,26.021506260113355,26.021506260113355,15419600
2021-02-19,25.828033447265625,26.235999967937495,25.807004592513202,26.223381371567022,17935400
2021-02-22,25.32333755493164,25.785980466316907,25.083605037115273,25.75653974338501,35602800
2021-02-23,25.533628463745117,25.62195062947585,25.293895954247976,25.424277440135498,26213200
2021-02-24,25.235015869140625,25.516806109567792,25.209780275687805,25.470543261502947,23673600
2021-02-25,25.007898330688477,25.306512276076354,24.88592871207124,25.18454426185809,31360400
2021-02-26,24.545251846313477,25.247625479126196,24.536839984289546,25.092010042680027,38014800
2021-03-01,25.087810516357422,25.36960073729336,24.852283140286364,24.856488270038085,31427400
2021-03-02,25.012107849121094,25.19295893012742,24.873314487437526,25.12566561657152,29306200
2021-03-03,24.717695236206055,24.974251456439635,24.50740346282101,24.974251456439635,45849800
2021-03-04,24.696664810180664,25.159306040465598,24.562078212119637,24.734517391160253,44172600
2021-03-05,25.100427627563477,25.218190513951026,24.583110028133746,24.801813677424192,33606600
2021-03-08,25.453718185424805,25.67662696706397,25.104633047598398,25.171926355512053,38423800
2021-03-09,25.79018211364746,25.874299141122144,25.55886149139123,25.59250733974179,22224400
2021-03-10,25.96683120727539,26.04674151072922,25.71027496408276,25.78177340332055,27421200
2021-03-11,25.8995361328125,26.227590792884975,25.886917535148907,25.9205649897199,17168800
2021-03-12,26.248624801635742,26.328535115327515,25.891129350847137,26.01309738660842,20043800
2021-03-15,26.58509063720703,26.652383953248783,26.28647664754671,26.28647664754671,24417200
2021-03-16,26.61873435974121,26.68602766633393,26.45050029105992,26.522000331789116,29243400
2021-03-17,26.185531616210938,26.601910044583434,26.160297629545237,26.5977049149388,34407000
2021-03-18,26.08879852294922,26.265444457918143,25.907947458185344,26.16029856465538,29627600
2021-03-19,26.160295486450195,26.387410974229514,25.81962225478122,26.097207316156336,38712600
2021-03-22,26.122591018676758,26.24123324765109,25.936151382998084,26.10140352089208,25641000
2021-03-23,26.512413024902344,26.614107505599424,26.059028431901528,26.114113009628234,26117200
2021-03-24,26.520889282226562,26.711565434674874,26.334451275598788,26.42766947072316,22058400
2021-03-25,26.80478286743164,26.893766146962726,26.4869898278493,26.60563366176442,28309600
2021-03-26,26.893766403198242,26.919188812124496,26.54207466018106,26.800546593457977,20770200
2021-03-29,27.181896209716797,27.309011474566468,26.825967972449657,26.838679175658857,32775600
2021-03-30,26.936138153076172,27.097153747196142,26.73698732920092,27.097153747196142,22111200
2021-03-31,27.135282516479492,27.18613055496644,26.893759990991644,26.948842941451247,22259200
2021-04-01,27.109865188598633,27.156473477481118,26.927663713328595,27.09291583825281,21046600
2021-04-05,27.406469345092773,27.58019450973706,27.181896134993792,27.207318541342303,29288200
2021-04-06,27.550537109375,27.554775255170416,27.177661098329786,27.37681192485961,17258600
2021-04-07,27.516639709472656,27.664942474320025,27.37681000286322,27.529350913208457,15798400
2021-04-08,27.495452880859375,27.673416202987642,27.436131773483286,27.58867268752406,19909800
2021-04-09,27.46579360961914,27.63528388121814,27.410710645271635,27.520876573966646,15751200
2021-04-12,27.4912166595459,27.686129344961653,27.398000079114286,27.470032395576126,14201400
2021-04-13,27.81748390197754,27.868328717866284,27.330200608910506,27.381048657557127,18250800
2021-04-14,27.940364837646484,27.940364837646484,27.67765476335982,27.749687075859114,15125400
2021-04-15,28.24968147277832,28.262392676962868,27.927653524243336,27.944599641317446,23863400
2021-04-16,28.478487014770508,28.588656149740224,28.296285582333276,28.35560667821914,22376000
2021-04-19,28.334426879882812,28.54205074816486,28.266629483765865,28.495440846523902,21503400
2021-04-20,28.694591522216797,28.7666238306852,28.31747739816718,28.334426747117,29548800
2021-04-21,28.45306968688965,28.83442196614865,28.34713867780425,28.72425281152764,19230200
2021-04-22,28.24968147277832,28.529340895870096,28.224259064409225,28.431882942525345,17983600
2021-04-23,28.2115478515625,28.355612475953716,28.13951553936689,28.26239266828508,16881600
2021-04-26,28.050535202026367,28.241212993989723,27.965791671881625,28.224263641409085,12578400
2021-04-27,27.834430694580078,28.02086705697539,27.787820795791855,28.00815585417089,20942000
2021-04-28,27.796297073364258,27.92341558164998,27.664943652158176,27.84714512323014,15158200
2021-04-29,28.050535202026367,28.06748455460701,27.796301378833682,27.796301378833682,19223600
2021-04-30,28.270872116088867,28.279345175569357,27.940367839458773,28.109854891134923,20484600
2021-05-03,28.266633987426758,28.5293440901003,28.220024078359543,28.33443139434572,21544000
2021-05-04,28.160696029663086,28.287814519956548,27.974256439301342,28.236966477287666,23445600
2021-05-05,27.686132431030273,28.160704608914006,27.52935657569789,28.160704608914006,23562800
2021-05-06,27.897987365722656,27.923413004688125,27.575959444564866,27.76239581135157,23305400
2021-05-07,27.98273277282715,28.19459476847294,27.872563629919235,27.88103992008927,18110800
2021-05-10,28.266633987426758,28.55052835519375,28.042060734334708,28.042060734334708,26442000
2021-05-11,27.919179916381836,28.2751098315488,27.72426722371636,28.23697298257173,28210000
2021-05-12,27.26663589477539,27.889510626713523,27.253924693349262,27.889510626713523,29553800
2021-05-13,27.79205894470215,27.957314298677954,27.275118318159986,27.296302581048607,28222800
2021-05-14,27.927656173706055,28.10561951468875,27.859858767946033,27.859858767946033,18910600
2021-05-17,27.69883918762207,28.07595329095967,27.656464201195977,27.914936101158727,25124000
2021-05-18,27.694599151611328,27.787818942972123,27.567480666527093,27.639516198878756,19532400
2021-05-19,27.647991180419922,27.673413586103397,27.325960033146355,27.563247672969947,26238000
2021-05-20,27.889516830444336,28.059007096927587,27.690366009783364,27.698842301124397,25679600
2021-05-21,28.033580780029297,28.139511777717875,27.834429987133568,27.95731033238322,20487800
2021-05-24,27.98273277282715,28.215779028383018,27.965783425244584,28.169172363477845,19343000
2021-05-25,27.643753051757812,28.01239409817668,27.580193804753513,28.01239409817668,20427400
2021-05-26,27.647991180419922,27.766633383952925,27.567482585412133,27.66070238326166,16841600
2021-05-27,27.461551666259766,27.74544920585107,27.453078608592648,27.74544920585107,16996200
2021-05-28,27.609859466552734,27.711552329022645,27.525112720529634,27.626805582999545,19565000
2021-06-01,27.440370559692383,27.736976103497227,27.376811305231925,27.67341684903677,22052200
2021-06-02,27.584434509277344,27.73697542313758,27.37257248811122,27.482741644289813,20491400
2021-06-03,27.749691009521484,27.838672684532693,27.364103751139588,27.457323572415632,23707200
2021-06-04,27.707311630249023,27.864090671375905,27.673412934963615,27.8217189186479,14469600
2021-06-07,27.75816535949707,27.800537120905023,27.686129809069563,27.73273971644576,13822400
2021-06-08,27.520872116088867,27.83866511157607,27.402229915014846,27.81748085153144,18363600
2021-06-09,27.766632080078125,27.817480121814928,27.529347684154605,27.588668783135486,18760800
2021-06-10,27.948833465576172,27.97849401500671,27.72002212735884,27.787819516204316,16654400
2021-06-11,28.012392044067383,28.0335795357677,27.817479404902432,27.948832801723793,18198400
2021-06-14,28.071714401245117,28.14374670384689,27.90222415830874,28.01663144621273,13733000
2021-06-15,28.156457901000977,28.308998796339072,28.02510449830998,28.105613091059947,32781000
2021-06-16,27.732736587524414,28.330189024071462,27.72002538381198,28.228496161614153,46277600
2021-06-17,27.885278701782227,28.037819618434398,27.63104491828126,27.711553522280447,25708800
2021-06-18,27.160709381103516,27.745450605110044,27.118337625115824,27.724263110737315,36079800
2021-06-21,27.512569427490234,27.580890115637686,27.094095031758783,27.247820652421872,27886600
2021-06-22,27.346033096313477,27.59370250670067,27.33322317127017,27.512568637606424,16608600
2021-06-23,27.055665969848633,27.328955261837784,26.974532091398142,27.328955261837784,25666400
2021-06-24,27.030044555664062,27.098366878832696,26.91048089735212,27.089826384820032,15215800
2021-06-25,27.320411682128906,27.341762100229246,27.01296044890001,27.042852988959474,18273600
2021-06-28,27.4954891204834,27.63213375802026,27.393006456797035,27.431436233979994,16735200
2021-06-29,27.051395416259766,27.57235415697768,26.97026316521874,27.410089654895625,24688000
2021-06-30,27.00014877319336,27.132523963124534,26.89766612138348,27.030039682382274,19077400
2021-07-01,27.294790267944336,27.388734062528187,26.94463819768224,27.05139191737026,22993200
2021-07-02,27.337488174438477,27.36737908243306,27.200845187129183,27.36737908243306,18629400
2021-07-06,27.452789306640625,27.469870294203336,27.0215033298116,27.333225651566895,18156400
2021-07-07,27.632139205932617,27.636410267972288,27.311877968138496,27.465603622908937,24199200
2021-07-08,27.55100440979004,27.717543245198623,27.435711801439442,27.478412646833526,20513000
2021-07-09,27.585161209106445,27.662024019528204,27.358843838938228,27.589432270203506,21484200
2021-07-12,27.674835205078125,27.696187253670587,27.422897972586167,27.555271551836842,17323000
2021-07-13,27.465593338012695,27.71753377815813,27.367378495072884,27.627857798234384,22493200
2021-07-14,27.704729080200195,27.824296004089152,27.34603808213,27.474140613784115,20720000
2021-07-15,28.016448974609375,28.037801023612808,27.60224398371885,27.610786106466332,28574600
2021-07-16,28.298276901245117,28.443463666012576,28.01644875225513,28.04633966590354,33106600
2021-07-19,27.849910736083984,28.40929918116949,27.533920640022284,28.182981818130774,45585000
2021-07-20,27.9694766998291,28.251308105159943,27.875532898052153,27.875532898052153,33779200
2021-07-21,27.66202163696289,28.050606716699413,27.640672849046517,27.98655383722073,22456800
2021-07-22,27.704729080200195,27.828563807971733,27.615056330682645,27.691919152821338,22875400
2021-07-23,28.059152603149414,28.084772458207304,27.72181039413624,27.773053362117622,16216800
2021-07-26,28.06769561767578,28.153097309156657,27.871265863111503,28.003642720132273,17936800
2021-07-27,28.550214767456055,28.597186664276563,27.884072605805176,28.04633708527105,34285800
2021-07-28,28.33243751525879,28.588645799633007,28.12320112977077,28.537406097477216,24948200
2021-07-29,28.409303665161133,28.490437546929847,28.24703915948918,28.383683811072267,30247800
2021-07-30,28.170177459716797,28.63135439885079,28.106124564081696,28.392223805670792,25265200
2021-08-02,28.387954711914062,28.49043738555453,28.200067095352,28.23422907252064,23564200
2021-08-03,28.550214767456055,28.682588336023873,28.298274297431078,28.430651123863843,25994400
2021-08-04,28.507518768310547,28.54167748808604,28.153095580482596,28.434923751357054,32378000
2021-08-05,28.819236755371094,28.857669793216928,28.473355704085456,28.54594746040324,31790800
2021-08-06,28.80215072631836,29.01139035136482,28.721020119048216,28.789340801900167,20000800
2021-08-09,28.79361343383789,28.900367153634434,28.635616755707616,28.823504345066326,16865200
2021-08-10,28.823511123657227,28.921726002428393,28.691137522495247,28.819240061658718,15834200
2021-08-11,29.092531204223633,29.22490807151564,28.887565825619813,28.887565825619813,18488800
2021-08-12,29.122413635253906,29.224899552547445,29.02847309786567,29.041283023061112,18920200
2021-08-13,29.327383041381836,29.361545014779146,29.122414458863062,29.18219628337581,23580800
2021-08-16,29.506729125976562,29.715965516104262,29.29749273584886,29.327383648724247,25796600
2021-08-17,29.523807525634766,29.528078586489848,29.229166226066774,29.42559593102202,23037200
2021-08-18,29.374364852905273,29.583601309308076,29.27614996071103,29.519548402039323,31411200
2021-08-19,29.49391746520996,29.733044754146675,29.357272834693983,29.387163745811073,27723000
2021-08-20,29.861154556274414,29.88250660618589,29.288952848874146,29.442678486213595,23581600
2021-08-23,29.476837158203125,29.848341283100766,29.421326395668324,29.839799160947692,21830800
2021-08-24,29.284683227539062,29.489648559359576,29.0882567604339,29.464028707348316,25331000
2021-08-25,29.340200424194336,29.434144245981635,29.11388299417908,29.280418584487133,16329800
2021-08-26,29.26760482788086,29.353006514045827,29.203551934324384,29.34019658690763,16631800
2021-08-27,29.25905990600586,29.391436742125272,29.203549141094616,29.297492941609942,21005000
2021-08-30,29.301761627197266,29.38716329826979,29.15230381602296,29.250518669834797,23691400
2021-08-31,29.26760482788086,29.434140396408395,29.143770102435806,29.28895362048935,22580200
2021-09-01,29.651912689208984,29.750124281837223,29.310299500732505,29.348732531921893,26667400
2021-09-02,29.920940399169922,29.920940399169922,29.686080850109263,29.71597176927463,20598800
2021-09-03,29.67326545715332,29.873962987961296,29.600673703672,29.831262148140826,18942000
2021-09-07,29.28041648864746,29.651920686978556,29.2291735191952,29.64764962505778,26290200
2021-09-08,29.805639266967773,29.886769877022584,29.19500787177832,29.26332855697526,29176200
2021-09-09,29.64337158203125,29.81844924302921,29.61775173227152,29.71169552521043,16355000
2021-09-10,29.22916603088379,29.65618089332396,29.22062716709552,29.622022180306036,24654400
2021-09-13,29.177927017211914,29.51099809647384,29.092522088000567,29.4768361247893,26236400
2021-09-14,29.0797119140625,29.36581109427442,29.00712016825319,29.271870559743792,28103200
2021-09-15,29.04128074645996,29.23343612505816,28.87901301906484,29.037009685774628,19812800
2021-09-16,28.79789161682129,29.15658264027014,28.75518751204956,29.03701896578719,31464000
2021-09-17,28.353792190551758,28.891831918102156,28.328169079234332,28.738106281659185,25108000
2021-09-20,28.301734924316406,28.551279746188527,27.991955598204022,28.293131401939636,45678600
2021-09-21,28.224285125732422,28.577088566709065,28.207074801473354,28.38347816322853,26417600
2021-09-22,28.207080841064453,28.435111941888266,28.099518753314776,28.32754985413859,24787600
2021-09-23,28.056486129760742,28.417896342733613,28.03067228688176,28.207072350777175,19333200
2021-09-24,28.02637481689453,28.237195570934407,27.9575367938043,28.052188665236606,23660200
2021-09-27,27.695083618164062,28.263011229850374,27.65635956513361,27.979045782740243,21783400
2021-09-28,27.346580505371094,27.712292517937048,27.26483228403898,27.669265065109336,40471600
2021-09-29,27.703683853149414,27.897294247731708,27.355183829887856,27.428325242727073,30867600
2021-09-30,27.484254837036133,27.824149659777003,27.445532434285074,27.806939338272844,27142600
2021-10-01,27.484254837036133,27.70368069178108,27.389599710029856,27.652049727268604,29001200
2021-10-04,27.862878799438477,27.94032361910393,27.441234051807943,27.454142615930117,40402600
2021-10-05,27.794038772583008,27.99625599332516,27.759618121704783,27.897297442683747,26130400
2021-10-06,28.224285125732422,28.24579885168969,27.54449208890089,27.707988528095193,33152400
2021-10-07,28.073692321777344,28.499637079274397,28.043575082005493,28.275909481331052,27540200
2021-10-08,27.86717987060547,28.125331466664274,27.845669425956505,28.06939708900238,17795800
2021-10-11,27.488557815551758,27.80694057116201,27.449835411083843,27.75100948569354,25420200
2021-10-12,27.673564910888672,27.755313121716263,27.454139044558495,27.527280452912994,20996000
2021-10-13,27.996253967285156,28.017767693160618,27.535888463340036,27.682171295185356,26205400
2021-10-14,28.340456008911133,28.396387104829635,28.022069911281022,28.090911213212056,21398000
2021-10-15,28.258703231811523,28.482430861983197,28.211375664990577,28.383475609563707,29602400
2021-10-18,27.987653732299805,28.142543385693354,27.837064198559233,28.06939867864956,20702000
2021-10-19,28.340456008911133,28.379176779346878,28.125331864177575,28.20277668758301,21413600
2021-10-20,28.78790855407715,28.89977072232859,28.426498360208615,28.45661560281989,27799600
2021-10-21,28.78790855407715,28.904074123425413,28.749184509272222,28.805115593397943,17372800
2021-10-22,28.934194564819336,28.98582553608948,28.80081865887182,28.865353269792475,21399800
2021-10-25,28.809423446655273,28.985826811020424,28.740585431134217,28.89117166746193,15160200
2021-10-26,28.964311599731445,29.188039241871465,28.78791152694417,28.835235813763315,19391400
2021-10-27,28.77070426940918,29.106297409650193,28.740587020478163,29.033155988322573,22263600
2021-10-28,28.96000862121582,28.96431202281991,28.710467131250503,28.7448844964823,15443600
2021-10-29,28.78790855407715,29.07187065833583,28.64592586068118,28.951401687890737,26666800
2021-11-01,28.891172409057617,28.96431382821798,28.68895519399816,28.77930693811399,16182800
2021-11-02,28.916982650756836,29.054661950705185,28.710465342101028,28.998730863472037,19864800
2021-11-03,28.809423446655273,28.981523409258557,28.577088989520906,28.869657941186357,20992200
2021-11-04,28.650230407714844,28.8266337720856,28.353361336811844,28.7663992775526,32183000
2021-11-05,28.921287536621094,29.046059921499698,28.71476693483116,28.744884180661607,21584400
2021-11-08,28.49103546142578,28.960004409525965,28.353356172920545,28.955704291080888,19670200
2021-11-09,28.637319564819336,28.719067774438138,28.452312704783797,28.542664434215112,16489400
2021-11-10,28.86965560913086,28.89547273508282,28.641624572178426,28.6588348953019,25833200
2021-11-11,28.69325828552246,28.865354968148054,28.542668764424352,28.852448045204515,15747400
2021-11-12,28.676044464111328,28.75348927486306,28.55127208664835,28.684647984180007,18179000
2021-11-15,29.05466651916504,29.06757344266879,28.740587105460605,28.800821603500744,19003800
2021-11-16,28.916982650756836,29.12350324194608,28.89977232794661,29.067568872179493,13213400
2021-11-17,28.94279670715332,28.985824155762916,28.701858751100193,28.84814485479921,19001800
2021-11-18,28.792213439941406,28.951406481549977,28.69325817606257,28.89547538816341,15305000
2021-11-19,28.95570945739746,29.02024407091961,28.753492248271403,28.830937067031726,20606000
2021-11-22,29.13211441040039,29.28700407382354,28.8567557382113,28.934200569922876,23154000
2021-11-23,29.162229537963867,29.3343295161772,28.9858294401324,29.12780888581439,19036400
2021-11-24,29.1794376373291,29.239672132727108,28.99873415113508,29.1493203896301,15931600
2021-11-26,28.723373413085938,29.16222517344247,28.650228717581875,28.972914897487243,21854600
2021-11-29,29.149324417114258,29.231072650392406,28.71477268381595,28.947107176395217,22821800
2021-11-30,28.297422409057617,29.01593939116514,28.271608567706014,29.011635990095463,48623000
2021-12-01,28.34905433654785,29.033150698384745,28.331844014218202,28.48673363265171,46024600
2021-12-02,28.710468292236328,28.977220116871198,28.417899339466572,28.417899339466572,35050200
2021-12-03,28.998735427856445,29.007338949349027,28.43080781586134,28.85244930221091,42771400
2021-12-06,29.44188690185547,29.747362755315077,29.17513181399487,29.188038735861205,47222000
2021-12-07,29.66131591796875,29.734457333924585,29.36874697161171,29.44619178925133,21789000
2021-12-08,29.631202697753906,29.829116529163866,29.472009639158568,29.68713379710863,25994400
2021-12-09,29.592472076416016,29.76026861978357,29.390254887605522,29.700034131525136,23783400
2021-12-10,29.751665115356445,29.89364781598327,29.59677549331507,29.71294106857939,23403600
2021-12-13,30.11737823486328,30.26366106781643,29.721550623013172,29.721550623013172,27500000
2021-12-14,29.93667221069336,30.173306764349302,29.794689508979722,30.113072275598086,35005000
2021-12-15,30.427162170410156,30.452976019585066,29.902258686958785,29.902258686958785,45364600
2021-12-16,30.582046508789062,30.767053388261793,30.37122250209977,30.397039629316335,30209200
2021-12-17,30.12168312072754,30.61646930118605,30.057145221966188,30.465879776564933,43674000
2021-12-20,30.150293350219727,30.180647317865766,29.590910253598956,29.833745303101633,30091200
2021-12-21,30.106948852539062,30.445179923403444,29.946504466572183,30.2457104023382,32355800
2021-12-22,30.237031936645508,30.280394290152618,30.015879632923085,30.059241986430195,18967800
2021-12-23,30.23268699645996,30.388794075931173,30.202333025914708,30.254366513515336,14505400
2021-12-27,30.380125045776367,30.380125045776367,30.15463883980656,30.245700767698324,15707400
2021-12-28,30.653308868408203,30.661980013620767,30.401802648892957,30.423485474426393,16104000
2021-12-29,30.81809425354004,30.86579383412704,30.635970386754465,30.68800388678723,13755400
2021-12-30,30.93083953857422,30.961193516883167,30.705350006848736,30.90048556026527,18672400
2021-12-31,31.039241790771484,31.14764931031874,30.80508115154921,30.86578909782888,18618800
2022-01-03,30.73137092590332,31.0349107174898,30.380128243255413,31.02623956987402,43299600
2022-01-04,30.635971069335938,31.03057278949656,30.62729661358024,30.73137023263547,29321800
2022-01-05,30.618619918823242,30.96552530281895,30.588265945848736,30.614282691731187,44486400
2022-01-06,30.30207061767578,30.744375178483853,30.267382723528904,30.618622050737837,36259600
2022-01-07,30.531902313232422,30.679334985230984,30.0505725526842,30.2370336608996,39272000
2022-01-10,30.332426071166992,30.549241134744555,30.184993415935203,30.505878783696108,31169800
2022-01-11,30.059234619140625,30.41914835087499,29.85976519522795,30.306403612720974,33653800
2022-01-12,30.154634475708008,30.232688018081195,29.87711150467774,29.963836192499155,28113600
2022-01-13,30.30207061767578,30.419152598968864,30.12428399454187,30.141629595782888,33949000
2022-01-14,30.09392547607422,30.35844006547858,29.942155623547457,30.30206604287245,32547200
2022-01-18,29.73402214050293,29.92482048369785,29.499861439764384,29.872783669644015,35534800
2022-01-19,29.868438720703125,30.13295333418147,29.734014454564445,29.742685600497442,32051200
2022-01-20,29.907461166381836,30.341091159669475,29.872769972918594,29.9594946482424,29529600
2022-01-21,29.85109519958496,30.2110089850685,29.794724476256953,30.05490188072227,48542600
2022-01-24,29.564897537231445,29.911802907557423,28.806044934436322,29.81640376530104,57602000
2022-01-25,29.10091209411621,29.452151365978914,28.966487841099056,29.10524932082682,52218600
2022-01-26,28.862417221069336,29.473837225152288,28.701976207942447,29.157285809385623,49234200
2022-01-27,29.118263244628906,29.48251095774023,28.97516451090577,29.131271618906414,44982000
2022-01-28,29.469501495361328,29.495518242955733,28.819056338820094,29.040208618377953,50050400
2022-01-31,30.028884887695312,30.05490163542895,29.235340998467688,29.29604894873629,52580000
2022-02-01,29.629941940307617,30.106934330900856,29.352418974568472,29.946490022321935,41020200
2022-02-02,30.067913055419922,30.1112787171495,29.556232653700096,29.60826615443879,45723800
2022-02-03,29.933488845825195,30.119949943410223,29.85109805832573,29.981188427184307,34289800
2022-02-04,29.694990158081055,29.959501470552883,29.39578433591113,29.67330733014539,37029200
2022-02-07,29.651620864868164,29.773040054744424,29.469497042555744,29.64294971975861,27543600
2022-02-08,29.673309326171875,29.86844155737857,29.599592999568035,29.773045709715806,38853200
2022-02-09,29.80339813232422,29.95516800516658,29.712332900283698,29.885785601390015,35231800
2022-02-10,29.048879623413086,29.65162520087418,28.988171673764853,29.50852978146628,45060000
2022-02-11,29.066226959228516,29.39144955532611,28.94047382507054,29.17463449126105,36059800
2022-02-14,28.81905746459961,29.209325235436687,28.541534451634412,29.161625657426864,37112200
2022-02-15,28.684633255004883,29.109588922238427,28.55454289496629,28.99684747242928,34174400
2022-02-16,28.749675750732422,28.871091644319964,28.46781553585564,28.723655696152967,32184600
2022-02-17,28.767026901245117,28.905791746173794,28.415787485443392,28.61959421601239,29159800
2022-02-18,28.71498680114746,28.953481379865703,28.58489644305734,28.671624451229167,33686800
2022-02-22,28.684633255004883,28.888439941842215,28.489497714946992,28.819057534265557,34421400
2022-02-23,28.198965072631836,28.823393479704897,28.16861109775107,28.736665474091897,34583600
2022-02-24,28.424453735351562,28.480824456075773,27.87374166814142,28.016840391904847,57320000
2022-02-25,29.30472755432129,29.339418761769984,28.610919947025508,28.675961825572273,42528000
2022-02-28,29.45648765563965,29.499849996362418,29.09223671523242,29.12692791114445,36705200
2022-03-01,29.20064926147461,29.65162496116942,28.97950029311603,29.395784790910835,33464600
2022-03-02,29.556232452392578,29.664639989307158,29.196318635835652,29.21366423874224,29259800
2022-03-03,30.07658576965332,30.224018424323877,29.647292871737832,29.6733096206008,41471200
2022-03-04,30.74004554748535,30.76606230160849,29.937830314774192,29.998538279952164,48683600
2022-03-07,31.13897132873535,31.208353721386892,30.549234224535553,30.809414888644255,61944000
2022-03-08,30.65765380859375,31.381818756738348,30.644645431930915,31.221374391779676,53129800
2022-03-09,30.440839767456055,30.922169570737996,30.384469030511102,30.87880721090834,50953800
2022-03-10,30.644638061523438,30.705346010239584,30.189328446152334,30.21100796593091,34039800
2022-03-11,30.54056739807129,30.896143939852685,30.51021342407782,30.692337268038646,24988400
2022-03-14,30.505878448486328,30.891808992746817,30.34977133975902,30.73570188401951,41004600
2022-03-15,30.896146774291992,30.961191955483887,30.62296098328845,30.800747616321928,29004400
2022-03-16,30.839767456054688,30.99153729766071,30.40180022027638,30.857113053428865,40011800
2022-03-17,30.969863891601562,31.191016189955324,30.796411173448327,30.85712243688707,31830000
2022-03-18,30.70534896850586,31.10862512859342,30.635969866861057,30.96986361696842,37038000
2022-03-21,30.910511016845703,31.054565890254707,30.7402655593407,30.748997974333033,36294400
2022-03-22,30.954166412353516,31.028375287541323,30.70970874932235,31.028375287541323,29286400
2022-03-23,30.997821807861328,31.176796368932923,30.770825620110948,30.92360959430398,27990000
2022-03-24,31.31648063659668,31.355769841818777,31.00218031658144,31.063297228086967,26591400
2022-03-25,31.77047348022461,31.783568773410593,31.35577365394475,31.429982535625854,28922000
2022-03-28,31.97564125061035,31.975641250610355,31.61332260505193,31.80102957427997,30959800
2022-03-29,32.27248001098633,32.27248001098633,31.905795158673925,31.962545868326004,38114600
2022-03-30,32.538761138916016,32.54749022376075,32.20699929732584,32.303035882820936,35229200
2022-03-31,32.50383758544922,32.80067642172713,32.486376085616335,32.51693287771374,35701200
2022-04-01,32.95783233642578,32.97966004763298,32.28557946262588,32.47765266383761,38013800
2022-04-04,32.704647064208984,32.822511381513834,32.36852227686815,32.822511381513834,28391000
2022-04-05,32.909812927246094,33.285226900360854,32.71337685476463,32.71773973250616,38140600
2022-04-06,33.56460189819336,33.58642960711868,32.86615850831318,33.01457627159487,56489200
2022-04-07,33.481658935546875,33.564600228808956,33.17609100843491,33.55150493628139,42033800
2022-04-08,33.59515380859375,33.71301809095096,33.31141028601712,33.60388622307074,34388600
2022-04-11,33.13681411743164,33.660645943239274,33.08879581151443,33.616993846162224,46335800
2022-04-12,33.263397216796875,33.438008898890146,32.927272476381006,33.04513344679049,45313800
2022-04-13,33.19792556762695,33.35507577127149,32.97966176594746,33.26776825233491,35313000
2022-04-14,33.215370178222656,33.43800009755338,33.167355225465,33.26338846142026,28427000
2022-04-18,33.036407470703125,33.44237825434177,32.879257275072604,33.25467126125205,29878000
2022-04-19,33.25030517578125,33.31578497927611,33.03640759277645,33.132444193843426,33030400
2022-04-20,33.52095031738281,33.68682958422353,33.42054751742604,33.60389161602359,36652400
2022-04-21,32.96656036376953,33.50785694426338,32.94036977551503,33.41182034674218,36817000
2022-04-22,32.41217041015625,32.95782984467067,32.39034270059932,32.92290684155593,54683400
2022-04-25,32.18953323364258,32.54312273287665,31.656969211719776,32.52566123522211,59671800
2022-04-26,31.866518020629883,32.473291179518874,31.853422724176998,32.07605275520094,41106200
2022-04-27,31.713726043701172,32.18517658021029,31.608960367957184,31.88833772356834,49067800
2022-04-28,32.06731033325195,32.18080841783841,31.700628825198034,31.866508079254725,39902600
2022-04-29,31.106952667236328,31.98437060312159,31.058934372583018,31.927623223277106,54338200
2022-05-02,30.788280487060547,31.399419582581487,30.399771323356262,31.255364724909526,65832200
2022-05-03,30.906147003173828,31.412517149570217,30.76209213506264,30.901780795838235,42152800
2022-05-04,31.595853805541992,31.652604502243022,30.967256578579363,31.098212807744932,56580200
2022-05-05,31.272829055786133,31.648242962884552,30.9934517291697,31.3863271354867,54849200
2022-05-06,31.521656036376953,31.6220588448023,31.080762249672713,31.089494666287674,55359800
2022-05-09,31.28592872619629,31.604595303263466,31.024012862142133,31.32958081513183,51419400
2022-05-10,30.906147003173828,31.7573742593938,30.539462187112658,31.329575862395828,65578400
2022-05-11,31.128782272338867,31.648251185118582,30.85813729023822,30.884327880650204,72101800
2022-05-12,30.814477920532227,31.172433706021483,30.487082260532823,31.09385861440399,49892000
2022-05-13,31.181163787841797,31.229182085944565,30.683522635177656,31.085127191636264,30208800
2022-05-16,31.27720069885254,31.412523178263637,31.063303124522506,31.19425939576005,23213600
2022-05-17,31.600223541259766,31.604589748518197,30.941066123729993,31.425611885766013,29901800
2022-05-18,31.294666290283203,31.718098616539322,31.21172497635303,31.652618807144,37456600
2022-05-19,31.229185104370117,31.368873804050278,30.788291293012833,31.150610002647447,36552200
2022-05-20,31.31648063659668,31.403788131290018,30.884319361795917,31.312117759692303,31358000
2022-05-23,31.69189453125,31.8359493996345,31.3775942112985,31.674433032314877,27082200
2022-05-24,32.32486343383789,32.38597701877648,31.512921999150237,31.753010131283094,32311400
2022-05-25,32.30303955078125,32.407805233017065,32.09350485586863,32.35978693481711,27723800
2022-05-26,32.394710540771484,32.63043582801138,32.36851995233629,32.503842433172856,23290000
2022-05-27,32.90107727050781,32.90107727050781,32.22882455361753,32.36851321359211,23241200
2022-05-31,32.44709396362305,32.71773891625058,32.30740527923566,32.595511733716734,31041000
2022-06-01,32.394710540771484,32.56495602648234,32.0978716602221,32.56495602648234,22422200
2022-06-02,32.61296844482422,32.64352523596898,31.89269741876575,32.5518548625347,25038200
2022-06-03,32.45582580566406,32.656628098371655,32.39471220920702,32.477653517444956,17691200
2022-06-06,32.599876403808594,32.8530631730788,32.56058719388146,32.748294166900294,20345800
2022-06-07,32.796302795410156,32.82685958059541,32.31612331516769,32.51692552216218,19820000
2022-06-08,32.15461730957031,32.6522583940785,32.10659901804404,32.6522583940785,19971400
2022-06-09,31.381961822509766,32.28993982511228,31.360134115254304,32.13715586564564,25767600
2022-06-10,31.14187240600586,31.421253089340695,30.879956553972754,31.07202973300272,32800600
2022-06-13,29.710058212280273,30.81447216623607,29.561640472741036,30.744629503641207,52721400
2022-06-14,28.959238052368164,29.854120923352408,28.631842367438487,29.744989028375848,51342600
2022-06-15,29.14693832397461,29.59219821785386,28.793352131524898,29.216784319265617,51664800
2022-06-16,28.58382225036621,28.78462450131028,28.356826084644716,28.78462450131028,48754400
2022-06-17,28.317546844482422,28.828283341388357,28.081821538885535,28.627481043385373,43129400
2022-06-21,28.8565673828125,29.01497515317557,28.346141598955363,28.416546544491208,37266400
2022-06-22,29.160179138183594,29.375791763551863,28.693758129274954,28.702560425910516,28582200
2022-06-23,29.846614837646484,29.899415190711697,29.292187630813284,29.331791252704832,41140200
2022-06-24,30.365842819213867,30.42744547577455,29.88621829931368,30.005025820604285,30075200
2022-06-27,30.612253189086914,30.682658142905503,30.181031239680493,30.29983875997612,23276800
2022-06-28,30.497846603393555,30.951067579864127,30.45824633496857,30.71345925512831,26371800
2022-06-29,30.51984977722168,30.638653942651736,30.32623950768363,30.54624995685213,30329400
2022-06-30,30.85865592956543,31.087468613926315,30.29102872351784,30.330632339196196,37737800
2022-07-01,31.615497589111328,31.668301299978733,30.8938636593869,31.017068960984822,34255800
2022-07-05,30.537452697753906,31.567100045162192,30.057828146464487,31.545101013289642,44053600
2022-07-06,30.854263305664062,31.135876381964742,30.445043779618903,30.68705323360932,28518200
2022-07-07,30.823461532592773,31.113873544581104,30.788259059293388,31.012670630211165,16799400
2022-07-08,30.722257614135742,30.858663012252297,30.621051334921827,30.792662566126793,12564600
2022-07-11,30.915861129760742,30.97306262295352,30.533041840292334,30.603446776922357,13232800
2022-07-12,30.766265869140625,31.157884269632206,30.638659383112838,30.735464535071408,19140800
2022-07-13,30.638647079467773,30.968662679295658,30.453839149266305,30.480239322983003,38159200
2022-07-14,30.638647079467773,30.682651845118652,30.075420992896277,30.145825932263858,18925000
2022-07-15,30.695858001708984,30.739859418968322,30.16783092331807,30.66945446567902,17484200
2022-07-18,30.2690372467041,30.669454508544565,30.255837157217144,30.62545309122373,15422000
2022-07-19,30.462648391723633,30.629855125211865,30.36144210757743,30.467046183617736,22715400
2022-07-20,30.057819366455078,30.528641481791876,30.01821910639595,30.515441395105498,34085200
2022-07-21,30.13701629638672,30.15021638003017,29.855403321688183,30.14141744329836,26029400
2022-07-22,30.550647735595703,30.669451887919756,30.30863492537103,30.379039872742815,19543000
2022-07-25,30.933467864990234,30.942266805087677,30.418640906332048,30.502245944175115,17292000
2022-07-26,31.11827850341797,31.215083638298644,30.871867874334818,30.907066994851668,17934400
2022-07-27,31.144672393798828,31.22827742196606,30.885061727310383,30.97306454647099,20684200
2022-07-28,32.2623291015625,32.328332901532285,31.668301616019882,31.694701793170708,29715600
2022-07-29,32.53953552246094,32.67594424785618,32.19631984925177,32.2007209970625,24547600
2022-08-01,32.57474136352539,32.60114153893888,32.23152565477994,32.438335981098994,23148800
2022-08-02,32.50874328613281,32.909163921497495,32.48234310607557,32.71995479787004,22916600
2022-08-03,32.71115493774414,32.79035884091201,31.954321743920783,32.4603431372281,21960400
2022-08-04,32.781551361083984,33.019163008699984,32.62314359600665,32.72874765369405,17328200
2022-08-05,32.66274642944336,32.843153217103726,32.3547298460565,32.69354775207281,22050200
2022-08-08,32.71115493774414,33.098375511939665,32.557148280776985,32.94436885497251,16899000
2022-08-09,33.07636260986328,33.1379652530716,32.79034841948623,32.81235080224303,16213600
2022-08-10,33.22157287597656,33.2963756118494,32.97956007510263,33.225974024290416,15778600
2022-08-11,33.21717071533203,33.551587478049946,33.120365597932704,33.26997442221142,16048200
2022-08-12,33.75840377807617,33.762804927035226,33.37558438887071,33.44158819488449,15798800
2022-08-15,34.040008544921875,34.07521101378466,33.63078907639556,33.69239171835933,15571000
2022-08-16,34.136817932128906,34.2600232314906,33.930007598017795,33.96521007129046,15577600
2022-08-17,34.07960510253906,34.22921390040794,33.96959991711177,33.996003444436774,21286000
2022-08-18,34.20722198486328,34.31282941228612,34.08841782537867,34.11041685493878,16559000
2022-08-19,34.18962478637695,34.343634796957936,34.03561813288923,34.16322460494856,17286600
2022-08-22,33.72319030761719,34.088408339026884,33.63518749968104,34.026805702053196,26453000
2022-08-23,33.52079391479492,33.7364032262193,33.384388503478526,33.661600475309875,15747000
2022-08-24,33.62639236450195,33.67039377783899,33.39318185243227,33.4767868877375,15002200
2022-08-25,33.83320999145508,33.83320999145508,33.45039056302606,33.70560351531208,14601800
2022-08-26,33.3139762878418,33.960807438307974,33.283174964347815,33.84640108371925,17732400
2022-08-29,33.41518783569336,33.66159846258764,32.94876340423818,33.14237367227969,22477400
2022-08-30,32.92676544189453,33.43279015890477,32.8035601244506,33.406386621528846,20560600
2022-08-31,32.71115493774414,33.1467780837141,32.69795484673172,32.94436885497251,22012800
2022-09-01,33.181976318359375,33.23037552684709,32.583547650356074,32.583547650356074,28160000
2022-09-02,32.8255615234375,33.57799692961048,32.7287563792936,33.265582464387315,25536800
2022-09-06,32.9091682434082,33.36679044802676,32.825563186123084,33.01037118498053,32900400
2022-09-07,33.938812255859375,33.98721482549108,33.03237023747147,33.0675727166751,31509800
2022-09-08,33.91240692138672,34.13681849583993,33.73200011779731,33.811200648329724,25150600
2022-09-09,34.04880905151367,34.242419282082395,33.81559855946991,34.11481284439777,21181400
2022-09-12,34.374427795410156,34.418429206156105,34.035609882772235,34.14121393998099,22680600
2022-09-13,33.45918655395508,34.167620406205785,33.29637762741236,34.0268138654717,35156200
2022-09-14,33.73200225830078,33.92120801381361,33.437185717431696,33.472388193519485,22297400
2022-09-15,32.89155578613281,33.4635841861199,32.80795075735669,33.4635841861199,36110000
2022-09-16,32.76836013793945,33.023573090391785,32.711155266852295,32.77276128735232,32222400
2022-09-19,33.207366943359375,33.2117979013647,32.57830609982965,32.66690498095219,21462800
2022-09-20,32.7244873046875,32.99028724673659,32.48526634289443,32.99028724673659,23408400
2022-09-21,32.27706527709961,33.158636652506,32.26377578287113,32.937136069149474,30461200
2022-09-22,32.16188430786133,32.37895393509104,31.993545079781452,32.25048656987498,34700800
2022-09-23,31.789752960205078,31.891641298314227,31.382189468280185,31.84734187392636,32420600
2022-09-26,31.023374557495117,31.749896279985396,30.713275058809405,31.710027792939112,35939000
2022-09-27,30.50062370300293,31.275875593535908,30.350004958017788,31.227145204316002,38286000
2022-09-28,30.828454971313477,31.018945641573,30.451904589590583,30.85503734425915,45882600
2022-09-29,29.59247589111328,30.7398471588618,29.530456005279866,30.66896873783659,40662000
2022-09-30,29.0210018157959,29.84941167569139,28.95898193472875,29.73423382789813,45553000
2022-10-03,29.871570587158203,30.03548224535108,29.291240105719147,29.495020248973848,50894000
2022-10-04,30.50505256652832,30.531631547976815,29.893712334404483,30.079771964203506,33993000
2022-10-05,29.827268600463867,30.115220027403517,29.495017733955944,30.115220027403517,34411400
2022-10-06,28.84380531311035,29.74752806989808,28.81279536762487,29.69879767273081,51342000
2022-10-07,28.24574851989746,28.86595240661985,28.050828650288167,28.759629712426545,42166800
2022-10-10,28.29448699951172,28.63116717780959,28.254616822747384,28.303347226561073,33035600
2022-10-11,28.19259262084961,28.560284382664587,28.04197216382779,28.18816335295864,34320000
2022-10-12,27.25343132019043,28.201453523653743,27.235710868370575,28.14829385810948,41833000
2022-10-13,27.935657501220703,28.046407806060742,26.735122912418884,26.841443948628157,61429800
2022-10-14,27.532520294189453,28.427381069796393,27.395189338569,28.223600960100363,39305800
2022-10-17,28.10841941833496,28.374221085526084,27.90906859042038,27.90906859042038,28247400
2022-10-18,28.622304916381836,28.77735464478189,28.338784447355856,28.66660435594891,32083800
2022-10-19,28.25018310546875,28.440672042328217,28.00653281468477,28.25018310546875,25686800
2022-10-20,27.53695297241211,28.25904536089109,27.40405295788549,28.25904536089109,31037000
2022-10-21,28.046403884887695,28.254613279734606,27.44835130841601,27.63884194130159,31087200
2022-10-24,28.281192779541016,28.502691659111562,27.97552260202012,28.1970231715059,20061000
2022-10-25,28.848237991333008,28.9235473805987,28.30777601221542,28.37422686502723,28403600
2022-10-26,28.834941864013672,29.149475639851385,28.71090208866773,29.0032844561235,27068800
2022-10-27,29.065303802490234,29.393123685489314,28.981132508002908,29.043152394520835,24514600
2022-10-28,29.86270523071289,29.924725113199578,29.145042245013972,29.184910720971082,27185800
2022-10-31,29.5836238861084,29.911443875303554,29.40642270444052,29.787404062085464,21789600
2022-11-01,29.698793411254883,29.871563565573332,29.464003374864692,29.76081329332663,21479000
2022-11-02,29.410842895507812,30.21710476606739,29.397553403218783,29.601333504587668,42680400
2022-11-03,29.539318084716797,29.800687152113404,28.972277129158122,29.131757820387836,28656400
2022-11-04,29.720943450927734,29.840555645760848,29.2026329528651,29.60133463592494,24298400
2022-11-07,29.15390396118164,29.71208634430422,28.69318236969655,29.663355948485474,28592800
2022-11-08,29.357681274414062,29.539313346894467,29.100743206270543,29.193773031261667,24827800
2022-11-09,29.12732696533203,29.464008801321928,29.069738029896286,29.23807725797588,25781800
2022-11-10,30.50062370300293,30.55378504937828,29.561463575848475,30.004464656153033,35830400
2022-11-11,30.159521102905273,30.58037087137776,29.871569660346363,30.500630523897303,30624000
2022-11-14,29.800689697265625,30.34115171038818,29.787400201833265,30.177243426947754,20490600
2022-11-15,30.12850570678711,30.33671676421049,29.765244940589984,30.11521621458224,27241600
2022-11-16,30.398733139038086,30.553782829915686,30.14179171996676,30.14179171996676,26462200
2022-11-17,29.867136001586914,30.1506564603633,29.720944814453023,30.066488542177808,23247200
2022-11-18,30.50062370300293,30.531633643431046,30.132931995190937,30.146224866657292,23483000
2022-11-21,30.637954711914062,30.726553571345907,30.429743674436402,30.45189169937944,22876400
2022-11-22,30.899333953857422,31.08982460661566,30.70441234271012,30.784152694558475,14904800
2022-11-23,31.244873046875,31.25816254165615,30.810733778146897,30.810733778146897,14333400
2022-11-25,31.4265079498291,31.523968759999068,31.33790567702408,31.360057090183115,8983000
2022-11-28,31.10311508178711,31.32904664911342,30.970216744407157,31.209434427657285,18262600
2022-11-29,30.87274932861328,30.939196793167145,30.6911172459518,30.912617807345597,19004400
2022-11-30,31.64357566833496,31.71002652391715,30.784152263755402,30.815162212382965,32946400
2022-12-01,31.616994857788086,32.1220159234083,31.537254511646434,31.953673314981078,30706200
2022-12-02,31.46637535095215,31.550546662252085,31.151844897977387,31.28031565423429,20708200
2022-12-05,31.289169311523438,31.40878151206697,31.16956049081038,31.22714942228993,22903000
2022-12-06,31.484092712402344,31.501813164610752,31.12526284971638,31.24487167733481,25649600
2022-12-07,31.337892532348633,31.7233046527694,31.222714695760114,31.51066266706112,28297800
2022-12-08,31.54168128967285,31.65686253780657,31.22715087115787,31.34233211929159,19920000
2022-12-09,31.37777328491211,31.652431843742363,31.346763338598027,31.4309312615473,23837200
2022-12-12,32.095428466796875,32.10429038153593,31.42649923669585,31.546108047031673,22763800
2022-12-13,32.19289016723633,32.68905263202536,31.84291888133562,32.54729241063282,27388400
2022-12-14,32.153018951416016,32.64475041683803,31.918228921586223,32.303637695144566,26637400
2022-12-15,31.76318359375,32.082144987533965,31.612564813258025,32.028987008457186,26308000
2022-12-16,31.222734451293945,31.52397548341733,30.832891127468482,31.52397548341733,39263400
2022-12-19,31.09855842590332,31.39780035161434,30.89757814530018,31.0628309456191,19664600
2022-12-20,31.107492446899414,31.27720905036783,30.879712299690127,31.08069257767864,15964000
2022-12-21,31.54071807861328,31.55411630862894,31.19234706078239,31.29507250337703,16484800
2022-12-22,31.348670959472656,31.491591101818432,30.83058331379111,31.491591101818432,14103800
2022-12-23,31.670242309570312,31.6925715587431,31.28614378595444,31.290607591298,11349400
2022-12-27,31.86676025390625,31.93375482664807,31.540725224707188,31.741705535447128,12211400
2022-12-28,31.563053131103516,32.072206410248654,31.51392400702062,31.93822067796515,14431200
2022-12-29,31.79082679748535,31.969477811441884,31.69703578184222,31.719365028908864,11555200
2022-12-30,31.487125396728516,31.813163797293065,31.19235067231521,31.759567463540154,14700200
2023-01-03,31.487125396728516,31.683641879670716,31.05836494916064,31.576449212164896,25774200
2023-01-04,31.772958755493164,32.05879899144064,31.58090952751429,31.630038637519423,20872600
2023-01-05,31.085166931152344,31.652383823080925,30.99137588604695,31.531792902598454,19572800
2023-01-06,31.71044158935547,31.86229277264104,31.393337582360175,31.4379994946509,19620400
2023-01-09,31.924821853637695,32.165996848773986,31.612181669134745,31.705972702240036,23438800
2023-01-10,31.933740615844727,31.951606054457965,31.55857662741873,31.839949618738228,17215000
2023-01-11,32.19279098510742,32.23745288708344,31.9292799707249,31.933747183167913,21371800
2023-01-12,31.97394561767578,32.2776513571631,31.94714915484855,32.232989449956015,25797800
2023-01-13,31.857818603515625,31.965007839642524,31.621107478638386,31.839953162913748,23793600
2023-01-17,31.813159942626953,32.107931223838925,31.75956361536808,31.880151092344633,19530400
2023-01-18,31.04942512512207,31.951611178614318,31.009230437409165,31.951611178614318,29020400
2023-01-19,30.736791610717773,31.0672937936867,30.660866032161447,31.036030119723222,28394000
2023-01-20,30.919906616210938,30.933304845439345,30.299093599590133,30.718922955331173,26621000
2023-01-23,30.928842544555664,31.228081069789603,30.678733139283725,30.81271886032866,19652600
2023-01-24,31.085166931152344,31.17895797625774,30.56261536235697,30.96011220434515,20658800
2023-01-25,30.665328979492188,30.736787335404305,30.35268887585895,30.629598097793917,25983000
2023-01-26,30.76805877685547,30.817187899729223,30.446487575312823,30.504551124610142,20360000
2023-01-27,30.76805877685547,30.90204791332667,30.580476711784023,30.70106420861987,15425800
2023-01-30,30.629600524902344,30.97796813035429,30.60726787020016,30.6563969845572,15561000
2023-01-31,30.857378005981445,30.86631243107597,30.352692027653838,30.714457871832092,19442400
2023-02-01,30.910968780517578,31.129814451227872,30.491139471107317,30.70998854930178,30944600
2023-02-02,30.977970123291016,31.321870538430076,30.687662630909518,30.928841005773304,24997000
2023-02-03,30.330368041992188,30.821655875397767,29.923936816797923,30.701064968093487,25362200
2023-02-06,30.58940887451172,30.616208747299225,30.16511560563003,30.218711943719626,31414200
2023-02-07,30.576004028320312,30.674262256488763,30.151710851212552,30.4509493406458,21124400
2023-02-08,30.062389373779297,30.410757043736247,29.9105381976382,30.397358811427953,22471400
2023-02-09,29.651487350463867,30.299093414092148,29.60235823860412,30.133844044640746,20715200
2023-02-10,30.24103546142578,30.267831921646803,29.647022271638136,29.68275315692268,30963400
2023-02-13,30.424152374267578,30.500077946592928,30.2544323802643,30.2544323802643,16183800
2023-02-14,30.294626235961914,30.602795694466597,30.133840689140275,30.39288444874004,14150400
2023-02-15,30.491153717041016,30.51348637871434,30.12045674865845,30.12045674865845,11020000
2023-02-16,30.25890350341797,30.40182364934873,29.937332323202483,30.191908939625566,18399600
2023-02-17,30.584945678710938,30.727865842315335,30.10705606220696,30.26783826471211,21873200
2023-02-21,30.01325225830078,30.44647982749614,29.990923012894637,30.361623242977718,16969000
2023-02-22,29.897130966186523,30.241031319363696,29.816738189049946,30.00878741179375,26750200
2023-02-23,29.74081802368164,30.031125549727864,29.611299507008322,30.031125549727864,21406600
2023-02-24,29.74974822998047,29.856937480204962,29.36118251262504,29.48177340067682,23150400
2023-02-27,29.548768997192383,30.182976910554874,29.48623824092437,29.897136628265162,21720600
2023-02-28,29.03067970275879,29.557698332123646,29.03067970275879,29.414778199117148,41151800
2023-03-01,28.552791595458984,28.905626436591433,28.41880417713118,28.87882997517135,47276000
2023-03-02,29.09320831298828,29.111073756326498,28.47239863879607,28.512595034435833,30688600
2023-03-03,29.588964462280273,29.606829906325515,28.92349285714895,29.209333146902743,30175200
2023-03-06,29.731882095336914,29.821205900531798,29.566629307493155,29.606827405070177,24243200
2023-03-07,29.245059967041016,29.834605908588717,29.102139842044135,29.75867693008681,24055200
2023-03-08,29.468374252319336,29.526434384489544,29.124470449313858,29.236126908669064,27407400
2023-03-09,29.231658935546875,29.82120488930209,29.1334041161582,29.5487662704506,34067200
2023-03-10,28.77164077758789,29.374585084506982,28.62425340706746,29.374585084506982,41666400
2023-03-13,29.21379852294922,29.856937430714964,28.69571090066741,28.73590559162816,67671200
2023-03-14,29.5978946685791,29.83907304534588,29.307590581391906,29.43264527879284,35118400
2023-03-15,29.999855041503906,30.191904277393867,29.370114417063974,29.51303454092502,48336800
2023-03-16,30.200841903686523,30.37502571662495,29.772081486646936,29.888201756949293,31646800
2023-03-17,29.910537719726562,30.191910816160924,29.68722476486223,30.129383461397733,35814600
2023-03-20,30.14449119567871,30.243473656283545,29.94652627446904,29.955526552305976,38838000
2023-03-21,29.5371036529541,30.229977462707854,29.14117380018034,30.19398321561927,51865000
2023-03-22,28.95671272277832,29.654086754219236,28.943215736670556,29.496612762693342,35793200
2023-03-23,28.659767150878906,29.244660007774318,28.515793577375433,28.965709707348505,33769000
2023-03-24,29.55510139465332,29.56409824031347,28.66426263988049,28.691258325761556,36112000
2023-03-27,29.59109115600586,29.856544433631665,29.510105817547174,29.64508252584508,28273800
2023-03-28,29.672075271606445,29.987019767121836,29.519104878933362,29.519104878933362,22038800
2023-03-29,30.104001998901367,30.153489799489705,29.82955186307282,29.82955186307282,19807800
2023-03-30,30.234468460083008,30.382942126837445,30.06350096759588,30.17598039405839,20585600
2023-03-31,30.454936981201172,30.468433965985447,30.15798958554548,30.333457252941876,23444000
2023-04-03,30.247974395751953,30.472933289738325,30.07700343945811,30.342456719314193,24071400
2023-04-04,30.400943756103516,30.4549351245495,30.148990901889313,30.229976238258192,21613800
2023-04-05,31.188304901123047,31.273790390168404,30.526925119268615,30.53142525885015,37674400
2023-04-06,31.408756256103516,31.476244603462643,31.089315073376916,31.440250360524452,33350400
2023-04-10,31.34577178955078,31.354772067659816,30.91835125958093,31.228795634936088,20463000
2023-04-11,31.372760772705078,31.46274293404753,31.219786979303603,31.30077229755158,17274000
2023-04-12,31.341279983520508,31.566238915015425,31.22880051777305,31.431262183078122,25109200
2023-04-13,31.34577178955078,31.43125726858489,30.751880440567227,31.201798233209324,32892400
2023-04-14,30.99483871459961,31.179306670646433,30.850865147787705,31.116318449703762,18129400
2023-04-17,31.165809631347656,31.219801011980827,30.85536863235957,31.0488334555439,15613800
2023-04-18,31.003835678100586,31.24229155082824,30.886856094886937,31.179303336620944,15566200
2023-04-19,31.242292404174805,31.336774728066423,31.035330632897878,31.080321725331938,20634600
2023-04-20,31.23328971862793,31.35476943469644,31.048825224086944,31.269283962840827,14737400
2023-04-21,31.323280334472656,31.54373910845481,31.138812377854503,31.435759791161598,14075600
2023-04-24,31.480743408203125,31.534731337723116,31.125307997597428,31.314272616116977,13579000
2023-04-25,31.44925308227539,31.620220600622105,31.354770761667975,31.36376760680193,20503200
2023-04-26,30.711393356323242,31.30528478013344,30.675399104552735,31.206302304064945,29513800
2023-04-27,31.080322265625,31.107316235034627,30.77437802611449,30.801371995524118,24933400
2023-04-28,31.03533363342285,31.21979816001679,30.841868827911753,30.99033910403836,24246800
2023-05-01,31.089324951171875,31.390769108205134,30.93635451898223,30.963348493462515,21016200
2023-05-02,30.711393356323242,31.143314079766952,30.535925669693007,31.062328729583708,22931000
2023-05-03,30.625900268554688,31.06682116185358,30.589906025713976,30.88235324174488,23714400
2023-05-04,30.85986328125,30.981343021421598,30.391951744043123,30.679898889678466,29262200
2023-05-05,31.05782699584961,31.13431220248557,30.756382876095685,30.756382876095685,22833200
2023-05-08,30.96333885192871,31.251285932059293,30.859856260975555,31.02632706116978,16573400
2023-05-09,30.9228572845459,31.003842639940384,30.702395052715858,30.891363170370322,20562200
2023-05-10,31.206295013427734,31.287280344690608,30.891353965516544,31.11631283762453,21416600
2023-05-11,30.886856079101562,31.23329125706464,30.742882527758432,31.224294411868293,29748200
2023-05-12,31.05782699584961,31.255791937825606,30.873362472045194,31.05782699584961,23748200
2023-05-15,30.66640281677246,31.21979985927571,30.54042293327985,31.174808760043057,26370200
2023-05-16,29.987016677856445,30.688887221532315,29.969019557172476,30.630399153759253,28008000
2023-05-17,29.879043579101562,30.0905020676157,29.75306370820311,30.081505221708916,34176600
2023-05-18,29.78905487060547,29.82054897691687,29.528101742539477,29.73956364174467,32335600
2023-05-19,29.744064331054688,30.094999645762847,29.726067208172193,29.928528833549912,24945000
2023-05-22,29.753061294555664,29.973523476293103,29.645081989431343,29.820549647483446,18989400
2023-05-23,29.649585723876953,29.942033000295137,29.568600377062698,29.640585445008348,24128000
2023-05-24,29.456117630004883,29.717070766443232,29.40662639955622,29.60908802768238,23127600
2023-05-25,29.060184478759766,29.4156198967077,28.85322273525841,29.402122914048896,32252200
2023-05-26,29.060184478759766,29.082681738257683,28.763240562466468,29.015193392363795,33187800
2023-05-30,28.947708129882812,29.25815249450227,28.90271703869454,29.10967880424077,31165800
2023-05-31,29.213167190551758,29.343643783665804,28.77674631110844,28.961214283904443,34266200
2023-06-01,28.9971981048584,29.307642456040615,28.81723374789487,29.267151505503847,37306400
2023-06-02,29.298648834228516,29.411128286004054,28.781242669540948,28.848731027126362,46091600
2023-06-05,29.438121795654297,29.757563021789455,29.298648376065817,29.361636593467093,24089000
2023-06-06,29.41562843322754,29.622590236789947,29.33464308117261,29.573102430212746,25723200
2023-06-07,29.91503143310547,29.987019923633337,29.25815190373939,29.438119697458898,38529600
2023-06-08,30.045501708984375,30.090492789847236,29.681069491615922,29.906028328529672,29318200
2023-06-09,29.870040893554688,30.07700265873793,29.8520437705909,30.05450882948336,26632600
2023-06-12,29.816051483154297,29.9735254612812,29.69457518591973,29.89254011892467,22967400
2023-06-13,29.811552047729492,29.915031211346015,29.58659316539776,29.63608439411875,23737200
2023-06-14,29.793556213378906,30.148991674742597,29.735064704579642,29.919532643715346,28047200
2023-06-15,30.117494583129883,30.18947963650405,29.843044487403485,29.90603269633086,27402400
2023-06-16,30.27947235107422,30.52242496676206,30.1669928897888,30.189486722485437,27370800
2023-06-20,29.92435073852539,30.25543056691416,29.89260331032085,30.191935710505078,25850800
2023-06-21,30.164722442626953,30.196469868542174,29.49348670300669,29.820033632540333,21445400
2023-06-22,29.933420181274414,30.33706754023539,29.84724710681864,30.278109018887335,20000800
2023-06-23,29.493484497070312,30.123900093242597,29.4526678640364,30.01958861312728,25439200
2023-06-26,29.78375244140625,29.87446185199821,29.42999439062313,29.54337855870542,20535200
2023-06-27,29.792823791503906,29.89713528379654,29.697581509763214,29.806429337436853,17020800
2023-06-28,29.35289192199707,29.783750346317678,29.275791523575062,29.783750346317678,29447600
2023-06-29,29.35289192199707,29.51616538936719,29.058092413678253,29.12158726652108,29307800
2023-06-30,29.679439544677734,29.711186971835023,29.380103694157555,29.3937092400521,27858600
2023-07-03,29.901668548583984,29.91527409311978,29.516163125827664,29.615941732703117,16329200
2023-07-05,30.241823196411133,30.4685915156823,29.756539131579235,29.79735576814727,38338000
2023-07-06,29.874460220336914,30.08761953811287,29.711186750399147,30.001449928019618,30845600
2023-07-07,29.656761169433594,29.865387612524266,29.579660769636828,29.679439385943244,25787600
2023-07-10,29.52977180480957,29.706650822969223,29.293930807123324,29.60687220550274,24820200
2023-07-11,29.897138595581055,29.90621126734806,29.479885659770197,29.588733499501195,22871800
2023-07-12,30.332530975341797,30.368814739070963,29.933419954951432,29.987845600545185,26655000
2023-07-13,30.43684196472168,30.445911174367062,30.22367920585321,30.332527022646364,19835400
2023-07-14,30.318925857543945,30.450451907763632,30.146583167709633,30.359745957368776,20285600
2023-07-17,29.96969985961914,30.287174100844247,29.95609431502517,30.219142917664666,21260800
2023-07-18,29.73839569091797,30.201001515473294,29.47534362391113,29.94248578347272,36264600
2023-07-19,30.04227066040039,30.219149700241328,29.76108011512018,29.76108011512018,27154000
2023-07-20,30.591041564941406,30.636397992040163,29.969698652119497,30.123899431584633,33329000
2023-07-21,31.049118041992188,31.171574872836395,30.65907625373503,30.713501896355787,36746000
2023-07-24,30.967485427856445,31.148900800516518,30.822353821770477,31.094475150655366,26484600
2023-07-25,31.02190589904785,31.117148175247685,30.83595422155542,30.931196497755256,16701600
2023-07-26,31.02190589904785,31.36659470354001,30.87677431718955,30.94026916798944,23158200
2023-07-27,30.473129272460938,31.030977426173372,30.409634416919847,30.89945137963537,32130200
2023-07-28,30.40509796142578,30.795139764044087,30.25543003386548,30.672682928691078,26432200
2023-07-31,30.418701171875,30.650005818506894,30.278105925985923,30.52754899255655,25047000
2023-08-01,30.04680061340332,30.541153860708064,30.028658733656847,30.38241673818864,26919600
2023-08-02,30.04680061340332,30.187395856176273,29.87445794612648,29.924347250376837,30335000
2023-08-03,29.361957550048828,29.978767582591793,29.334746462210315,29.95609282946288,41266400
2023-08-04,29.02181053161621,29.629549702122112,28.89481909517133,29.439065142612275,36497800
2023-08-07,29.01727294921875,29.26671774599641,29.008202009140753,29.13065883514123,25131800
2023-08-08,29.15333366394043,29.166939209039388,28.745151740027392,29.012738417638072,30350200
2023-08-09,29.21683120727539,29.47534696861091,29.08984149436814,29.13973080446887,26387400
2023-08-10,29.12612533569336,29.511630810962924,29.03995226161528,29.334751787483828,27384400
2023-08-11,29.28485870361328,29.32567879773079,29.062626734070413,29.15333267178309,24336200
2023-08-14,29.05355453491211,29.284859178099783,28.92656483597293,29.26671729822136,21549600
2023-08-15,28.581878662109375,28.89935464948466,28.563736781663945,28.885747374098116,30379000
2023-08-16,28.7088680267334,28.835859458250106,28.595483870442898,28.704333421727945,25028400
2023-08-17,28.64537239074707,29.021808609762317,28.631766845998765,28.74061466419495,23752800
2023-08-18,28.795040130615234,28.863069584053424,28.613624794570335,28.64083761400853,25675600
2023-08-21,28.613630294799805,28.785974724160727,28.386861946205766,28.70887258598405,24162000
2023-08-22,28.69526481628418,28.77690155386377,28.48663836696081,28.59548619699689,27057800
2023-08-23,28.80864715576172,28.88121294788787,28.60909165994104,28.849465521964238,26772000
2023-08-24,28.640840530395508,29.153335706213774,28.613627708186335,28.758759299758506,25933800
2023-08-25,28.85853385925293,29.003665430414618,28.663512986109765,28.681654865031174,24981000
2023-08-28,28.8539981842041,29.067159211037712,28.795039671518655,28.90842382221275,17326400
2023-08-29,28.962852478027344,29.049025553948393,28.772366173980124,28.890286678891528,23746200
2023-08-30,28.831321716308594,29.058090017824377,28.722473900439724,28.86760547500144,22480800
2023-08-31,28.55466651916504,28.971921128788484,28.54559557872703,28.94470830747446,27542200
2023-09-01,28.40953254699707,28.804108907342908,28.187300580292742,28.704332031112425,28775400
2023-09-05,27.974138259887695,28.409532990522127,27.819935743191557,28.391391110886143,37650600
2023-09-06,28.03763771057129,28.069385140092812,27.85622234464389,28.014961222356654,38940200
2023-09-07,28.404998779296875,28.631767087574598,28.20544156074535,28.278007350190023,33748600
2023-09-08,28.654443740844727,28.70433304577591,28.364180581359527,28.454888251224876,32521400
2023-09-11,28.77235984802246,28.92202774901788,28.613622737971024,28.622693677131785,27023600
2023-09-12,28.80864715576172,28.89028388816676,28.57734250391245,28.7678287895592,22094800
2023-09-13,29.15333366394043,29.284859700246763,28.82225213572805,28.82225213572805,30120800
2023-09-14,29.579666137695312,29.59780802215338,29.293935782744075,29.334755887827388,26201000
2023-09-15,29.45267105102539,29.756539774968548,29.42092362404939,29.529771450794247,34802000
2023-09-18,29.43072509765625,29.526739157966393,29.22497769277803,29.47187248568235,19135000
2023-09-19,29.27069664001465,29.513021813703173,29.261553939238222,29.407861569404453,24889000
2023-09-20,29.298133850097656,29.604464928002947,29.2112624892815,29.38957481750991,18736000
2023-09-21,28.991798400878906,29.330135879668493,28.978082605834903,29.27526921124348,25628600
2023-09-22,28.936933517456055,29.128961624841374,28.744903665946236,28.863779703577194,24595400
2023-09-25,28.895784378051758,28.918644617857577,28.59402467789127,28.76776389571508,24729800
2023-09-26,28.031654357910156,28.80891297469738,27.953927449756737,28.776908290200236,46833400
2023-09-27,27.492143630981445,28.04536944226981,27.41898981910963,27.976786980585537,52042200
2023-09-28,26.897768020629883,27.652166359718603,26.856618893470543,27.597301438214284,77189800
2023-09-29,26.943490982055664,27.350409196969057,26.797183348471627,27.130947746592998,45737800
2023-10-02,25.69072914123535,26.788038104517625,25.38439808759272,26.788038104517625,111645400
2023-10-03,25.987916946411133,26.074786554391252,25.114642539849683,25.489556049842065,115236400
2023-10-04,25.96048355102539,26.170802289208932,25.55356535778627,26.12050871581992,58997200
2023-10-05,25.80960464477539,25.96962806587817,25.558138521274817,25.891902902520957,56290000
2023-10-06,26.175376892089844,26.239386268311858,25.041491779247114,25.489559156925917,68207400
2023-10-09,26.435985565185547,26.435985565185547,26.01992290594169,26.129654502985204,40487600
2023-10-10,26.79718017578125,26.810895969766925,26.43598248508067,26.43598248508067,61414400
2023-10-11,27.231534957885742,27.25439519865955,26.75603427564237,26.948062391091863,53347400
2023-10-12,26.810897827148438,27.254393800735908,26.568576147950903,27.094368635278048,55086600
2023-10-13,27.112659454345703,27.2864004271054,26.920631335078102,26.989212058763126,39568800
2023-10-16,27.391557693481445,27.49214484328739,26.957206153284744,27.167523153674885,39554800
2023-10-17,27.318405151367188,27.49214612436676,27.11723258650558,27.15838171842325,36960400
2023-10-18,27.080657958984375,27.455571540507727,26.906916965751055,27.290974993668243,46727000
2023-10-19,26.810897827148438,27.245249356070502,26.79260893781763,26.993783232207566,39363800
2023-10-20,26.531999588012695,27.007500267708533,26.527428237532256,26.74688968720928,40044800
2023-10-23,26.307966232299805,26.687451102647007,26.07936034236489,26.289677342515123,41041200
2023-10-24,26.984642028808594,27.09437188972471,26.62344426969993,26.705742537449364,47194400
2023-10-25,27.135515213012695,27.19038187584673,26.82918419408211,26.93891403150154,41309400
2023-10-26,27.368694305419922,27.61101596303637,27.199526454487177,27.20866915421385,47174600
2023-10-27,26.852048873901367,27.405274734737098,26.76975061015932,27.24982265257152,40502400
2023-10-30,27.05779457092285,27.23610689457064,26.760606202093463,26.966351861734992,28539200
2023-10-31,27.290973663330078,27.318407001174318,26.97549812668259,27.16752625921809,21364600
2023-11-01,27.601877212524414,27.766473747544552,27.06236712290271,27.32755081690731,46523000
2023-11-02,28.11852264404297,28.2648302646121,27.61559041635213,27.66131089373333,51100200
2023-11-03,28.28312110900879,28.6443188353203,28.27397666407532,28.607741055586434,45147200
2023-11-06,28.20996856689453,28.42485692809389,28.182535230855954,28.3334159628812,38240000
2023-11-07,28.00422477722168,28.26026403164118,27.95850429156182,28.22368624781351,37684600
2023-11-08,27.798479080200195,27.894493146480247,27.48757489442454,27.885350444655725,43295600
2023-11-09,27.43270492553711,27.935637151522194,27.418989131194152,27.848767547142778,32195600
2023-11-10,27.57901382446289,27.65674073230084,27.396128418829058,27.556153584789783,28030200
2023-11-13,27.249820709228516,27.58358683511546,27.208671580292076,27.519575722450845,31159600
2023-11-14,28.337984085083008,28.360844323781823,27.807618524298157,27.862483446000198,57318200
2023-11-15,28.251121520996094,28.662611152497647,28.18711213903751,28.260265967579443,49662800
2023-11-16,28.401994705200195,28.63060059053145,28.37913446549197,28.484292963449406,34650400
2023-11-17,28.47972297668457,28.589452830187405,28.32427089745174,28.5574481442387,23879000
2023-11-20,28.392850875854492,28.502582470606498,28.017937355315638,28.34713039544713,28316600
2023-11-21,28.45229148864746,28.511729513893464,28.18710953869359,28.369993221114438,20288400
2023-11-22,28.589454650878906,28.598599096607263,28.319699606328868,28.55287861209018,17919600
2023-11-24,28.662607192993164,28.667180287715528,28.475150424242276,28.58488202395908,9798600
2023-11-27,28.708332061767578,28.76776834563165,28.4797261400987,28.685471818425643,24833200
2023-11-28,28.799768447875977,29.010085430984997,28.598594164793965,28.712897100499877,29415200
2023-11-29,28.571163177490234,28.923214692040773,28.470576033833265,28.808911753930374,35806400
2023-11-30,28.694608688354492,28.731186465567056,28.456860112970464,28.65345956105256,30483600
2023-12-01,29.04666519165039,29.05123828637525,28.520872666391554,28.708329435244636,29342800
2023-12-04,28.932361602783203,29.174685038239215,28.786053969059548,28.90950136203724,30515800
2023-12-05,28.726621627807617,28.964370257089296,28.612318664292467,28.959798905963606,22536600
2023-12-06,29.110673904418945,29.119818349536605,28.813487286655597,28.85463641762278,26817800
2023-12-07,29.04666519165039,29.256983945878535,28.914075094747925,29.15182369670216,21876600
2023-12-08,28.991798400878906,29.12439023338594,28.776908309858854,29.000942845616407,24002800
2023-12-11,29.179256439208984,29.215834219765448,28.84092068968454,28.84092068968454,22448800
2023-12-12,29.060379028320312,29.234118234982557,28.836344506717204,29.220402440805113,21768200
2023-12-13,30.15768814086914,30.15768814086914,28.936933543637807,29.0923856162866,43452000
2023-12-14,29.76449203491211,30.496030329153086,29.705055747590876,30.34057996773614,64968200
2023-12-15,29.24783706665039,29.618177478813262,29.032946979704406,29.46729675969175,53129000
2023-12-18,29.181842803955078,29.49567582872089,29.121844847897037,29.329528726132512,32507000
2023-12-19,29.347984313964844,29.38490490719605,29.15876165219876,29.28337195539419,25377800
2023-12-20,28.752626419067383,29.39413739278692,28.748012004823686,29.311063851961602,36651800
2023-12-21,28.803394317626953,29.001847584362405,28.600326636561437,28.84954550314711,31753600
2023-12-22,28.900312423706055,29.186455403351697,28.84493064981377,28.909543012780578,26447400
2023-12-26,29.0756893157959,29.186454621166853,28.844929876781645,28.854160465608793,19075000
2023-12-27,29.05722999572754,29.112613532231006,28.90954408616146,29.020309398613477,18984400
2023-12-28,29.26491355895996,29.30645033063818,28.96492556788895,28.96492556788895,17346400
2023-12-29,29.227991104125977,29.287987290082157,29.034152261765467,29.200299337915965,22478000
2024-01-02,29.652591705322266,29.72182025010145,29.04338684926355,29.103384804035173,30758600
2024-01-03,29.763355255126953,29.818738795155237,29.4402934077371,29.643362866730754,32866400
2024-01-04,29.671051025390625,29.95257784103093,29.634128667674887,29.795659581293954,26622400
2024-01-05,29.781814575195312,29.924884309945785,29.49567334513945,29.62951249046168,27190400
2024-01-08,29.99872589111328,30.00795471902238,29.62489674137905,29.71719910490792,23434400
2024-01-09,29.754119873046875,29.887960757807445,29.689507517798226,29.84180957850259,28805400
2024-01-10,29.74950408935547,29.887961150197068,29.64335672767166,29.754120263679344,21853800
2024-01-11,29.05722999572754,29.657205983964023,28.96492586211001,29.652589808977943,44353600
2024-01-12,29.223373413085938,29.343369299881306,29.107993700696763,29.25106517785903,19537400
2024-01-16,28.90492820739746,29.158763241570117,28.835699670552724,29.08030411577576,30454000
2024-01-17,28.484947204589844,29.001847882051806,28.26803275719786,28.738782248665945,39178000
2024-01-18,28.180343627929688,28.369566299525072,28.018810962557403,28.341874532747156,39464000
2024-01-19,28.143423080444336,28.25418839411787,27.96343098621041,28.208035446522675,28257600
2024-01-22,28.000354766845703,28.341879575655366,27.88036061056698,28.134195689254568,41676200
2024-01-23,28.051116943359375,28.138806657252985,27.88496986498707,28.0095801737663,41100200
2024-01-24,27.668060302734375,28.291110156199473,27.626523528466368,28.244958967259468,50878200
2024-01-25,28.16649627685547,28.171112451499596,27.774205938734305,28.037271555696456,50516800
2024-01-26,28.24957275390625,28.35572189455243,28.15726861752328,28.240342164212457,36653200
2024-01-29,28.4295597076416,28.54032500337083,28.10188175529772,28.268028818614237,26054400
2024-01-30,28.42033576965332,28.59109727608243,28.175729546330597,28.360337817454734,36109000
2024-01-31,28.360334396362305,28.78031648998029,28.19880173847555,28.65570618608642,59642400
2024-02-01,28.900312423706055,28.900312423706055,28.111115543660315,28.24034026959393,51507200
2024-02-02,28.378799438476562,28.655710088918735,28.18034616012285,28.572636541675088,51839600
2024-02-05,27.788053512573242,28.120347695503668,27.774208508469457,28.101886516328655,39895000
2024-02-06,27.889585494995117,27.981889621238626,27.686517825703223,27.774205777329428,27557000
2024-02-07,27.90804672241211,28.060347034515512,27.76036082437951,28.0003490882664,23748600
2024-02-08,27.709592819213867,27.843433711351224,27.46960280038111,27.783435766504354,41755400
2024-02-09,27.815746307373047,27.84343807715703,27.57575625091024,27.631138029923193,29647800
2024-02-12,28.138809204101562,28.161884798063,27.746517064537233,27.815745606976517,25219000
2024-02-13,27.67267417907715,28.124962511999648,27.29422880335516,27.98189277273583,45402200
2024-02-14,27.824975967407227,27.889588334188865,27.61729210235556,27.774208604777378,34871800
2024-02-15,28.291109085083008,28.314184678679357,27.912663716327092,27.912663716327092,34680800
2024-02-16,28.25880241394043,28.392643319264888,27.981891774456297,28.15265327678635,29914200
2024-02-20,28.240339279174805,28.5634028432335,28.180343093126815,28.208033098824416,22764000
2024-02-21,28.614171981811523,28.65109433911247,28.286493983262663,28.424949302031415,31565000
2024-02-22,28.39264678955078,28.51264094517886,28.175732313757774,28.388030614014053,31841600
2024-02-23,28.59571075439453,28.729551658549866,28.383412481940834,28.452641021484595,24572800
2024-02-26,28.032657623291016,28.475715326781913,27.98189026466199,28.457254148997755,25587000
2024-02-27,28.56340217590332,28.57263276443846,28.083422135404504,28.198801851261635,27487600
2024-02-28,28.65109634399414,28.692631358031804,28.4664880656811,28.53110043492416,22983600
2024-02-29,28.660322189331055,28.900312221928516,28.52648305007205,28.76185690788705,30675400
2024-03-01,28.484947204589844,28.577249576577593,28.134191853038768,28.572635162200164,42511000
2024-03-04,28.964923858642578,29.006460627869675,28.351104669569704,28.351104669569704,33020800
2024-03-05,28.881853103637695,29.523364081766978,28.76185720581856,29.052614600705848,49602800
2024-03-06,29.158761978149414,29.306447873834593,29.024921085011357,29.08953344430428,32652200
2024-03-07,29.347984313964844,29.472594617160276,29.292602543840673,29.398751670143138,21384200
2024-03-08,29.42182731628418,29.509515265858496,29.177222883934153,29.431057904748013,27511600
2024-03-11,29.569517135620117,29.634129502888793,29.269529132667024,29.380294448381157,20968200
2024-03-12,29.28337287902832,29.523362904542285,29.098764625385336,29.509516141158453,29489000
2024-03-13,29.481828689575195,29.744892568890847,29.417216323369075,29.514134872678255,25877800
2024-03-14,29.2464542388916,29.532597244438897,29.038770367302437,29.417217511395474,31869800
2024-03-15,29.287986755371094,29.444903239920095,29.126455856815397,29.154145861965088,35445000
2024-03-18,29.42293930053711,29.60907279257036,29.153047689699484,29.325220016014892,26843800
2024-03-19,29.68352699279785,29.711445775122026,29.408981057639625,29.492740954813364,19985400
2024-03-20,29.720748901367188,29.874307510199603,29.55322912802245,29.632336476590968,32620800
2024-03-21,29.67421531677246,29.99994800004456,29.660255927879476,29.799855142110285,40327800
2024-03-22,29.716094970703125,29.916187826699176,29.67886756721535,29.86034672146751,21059400
2024-03-25,29.855697631835938,29.874307784422165,29.674216692313035,29.79985652347486,23194200
2024-03-26,29.516002655029297,29.976680243471787,29.492736414973674,29.888269596320615,29830400
2024-03-27,30.339635848999023,30.339635848999023,29.70213347298862,29.734706561177468,34600400
2024-03-28,30.549039840698242,30.600226633539464,30.255878472571133,30.334987593453427,27492200
2024-04-01,30.362905502319336,30.586266369252222,30.1674669626284,30.553693279303733,22702600
2024-04-02,30.414093017578125,30.590917860049867,30.279146341665236,30.293105730518185,30212400
2024-04-03,30.293109893798828,30.49320277865865,30.181431217426237,30.40944288382893,26574200
2024-04-04,30.23261260986328,30.618838919733772,30.027865447965578,30.53042472705968,29356800
2024-04-05,30.32103157043457,30.400137149897642,29.892923478220535,30.03717879687788,32322400
2024-04-08,30.521120071411133,30.572306868543624,30.283803339470598,30.325681509742125,20142600
2024-04-09,30.68863868713379,30.749134108829214,30.49785444614256,30.58626864695846,24024200
2024-04-10,30.16281509399414,30.27914807469455,29.89757604000524,30.074400892597566,38280600
2024-04-11,30.10232162475586,30.372211427506777,29.897574453523553,30.334987573810515,25621200
2024-04-12,29.87430763244629,30.246574585891416,29.730055874331672,30.158160385653023,39844800
2024-04-15,29.599763870239258,30.2046967894878,29.488083427810174,30.079055182317326,29407800
2024-04-16,29.20888328552246,29.539268505212622,29.10650970050849,29.506695414544595,32907600
2024-04-17,29.81846809387207,29.892919349495187,29.343829357347857,29.399668686615332,28152800
2024-04-18,29.98598861694336,30.088362202445875,29.702135875395708,29.92084243529642,22288600
2024-04-19,30.446664810180664,30.511810988850616,30.032519724264354,30.06509281359933,37004600
2024-04-22,30.725860595703125,30.80962046828015,30.255874446787583,30.46527590333023,23458600
2024-04-23,30.8701171875,31.065559287739838,30.637451232634188,30.711906042287595,22338000
2024-04-24,31.05624771118164,31.15862128962953,30.437359028183707,30.59091584565515,26127000
2024-04-25,31.140010833740234,31.265652438636323,30.711906324895928,30.981799687071984,31562400
2024-04-26,30.800317764282227,31.181889757568644,30.78635837614499,31.140008042956488,24547400
2024-04-29,31.219118118286133,31.274959229100848,30.986452148526237,31.014374479034075,29368200
2024-04-30,31.05624771118164,31.29822226936763,30.842195479063502,31.04694263595928,29724800
2024-05-01,31.41455841064453,31.698411161319143,30.930612795563235,31.051600086883745,42371800
2024-05-02,31.582080841064453,31.66118642080799,31.29357375292791,31.54485343287889,28609400
2024-05-03,31.83335304260254,31.93572306576211,31.549500334723216,31.828698730122493,29817000
2024-05-06,31.9962215423584,32.028794632438526,31.73563327151683,31.931075362198143,21221400
2024-05-07,32.35917663574219,32.38709541012654,32.06136454164173,32.131165027802815,28808200
2024-05-08,32.69887161254883,32.71748531489261,32.21027523927707,32.289380811587634,27708200
2024-05-09,33.19677734375,33.229353986220154,32.605807369662784,32.67560786744021,48549200
2024-05-10,33.16419982910156,33.43409315774414,33.07113487794221,33.3829063695464,39129200
2024-05-13,33.16419982910156,33.4387474703622,33.099053653249946,33.27588203073317,21219200
2024-05-14,33.25261688232422,33.35499046753847,33.06648341377109,33.30845798795035,23566400
2024-05-15,33.75052261352539,33.84359112495439,33.541124675661365,33.59696223231806,29176600
2024-05-16,33.634193420410156,33.92735482663846,33.583006620916365,33.769140114511885,25322400
2024-05-17,33.662113189697266,33.74122232318257,33.47598324084085,33.59231623397671,21715600
2024-05-20,33.606266021728516,33.736558368775896,33.53181122330133,33.736558368775896,13830400
2024-05-21,33.90873718261719,33.92269657172981,33.57835195621603,33.587657032224215,16263400
2024-05-22,33.50855255126953,33.838937788425845,33.47597945887949,33.72260480843274,21128800
2024-05-23,32.94084548950195,33.45736418036163,32.92223178755558,33.45736418036163,28718600
2024-05-24,33.2712287902832,33.40152114618511,32.964108051199766,33.0246034665831,16366800
2024-05-28,33.238651275634766,33.438744095613636,33.16885079420958,33.30379744491161,17765200
2024-05-29,32.8105583190918,32.99203750404129,32.68957101239173,32.950155780483065,28118600
2024-05-30,33.25261688232422,33.275884897218596,32.85708548052421,32.91757734896871,18129600
2024-05-31,33.83893585205078,33.871508942576874,33.22004358185433,33.36429533272696,24777600
2024-06-03,33.452701568603516,33.81565979101589,33.331714311066136,33.78308670824041,36915800
2024-06-04,33.43874740600586,33.555080369831316,33.07113481429337,33.36894691767052,29419600
2024-06-05,33.247962951660156,33.42944210928132,33.19212539559252,33.401523331247496,17920400
2024-06-06,32.90361785888672,33.368949753737674,32.85708537944175,33.173511209948416,18184800
2024-06-07,32.545318603515625,32.88035818465282,32.536009976150076,32.61976987143437,16286800
2024-06-10,32.964111328125,33.01995243629139,32.4569012421999,32.5406611293491,19591400
2024-06-11,32.764015197753906,32.8105476697813,32.48481326518945,32.68490609008728,22694800
2024-06-12,32.549964904785156,33.182816571243194,32.442940556161005,33.178165808399115,24912200
2024-06-13,32.624420166015625,32.74540745545507,32.28472631304357,32.601152150669336,22974000
2024-06-14,32.545318603515625,32.58719677605721,32.2986932313455,32.433636376335805,20280600
2024-06-17,32.187007904052734,32.44759619217245,32.15443481181287,32.37314138122373,21026400
2024-06-18,32.20096206665039,32.210270691608386,31.898499209319596,31.926417983793154,24573600
2024-06-20,32.48017120361328,32.5453173919424,32.19631843295028,32.303342792261965,27948000
2024-06-21,32.28938674926758,32.638385744439255,32.26611872950892,32.601158332905946,18990800
2024-06-24,32.713897705078125,32.821788535606224,32.258885923032054,32.28234154061527,17956800
2024-06-25,32.40430450439453,32.737353518888774,32.30110551252945,32.648226466128065,25099400
2024-06-26,32.268272399902344,32.33863567992912,32.07594633975082,32.282344340142686,13882000
2024-06-27,32.324562072753906,32.36677789129791,32.10409214349105,32.29641461489967,10899600
2024-06-28,31.96337127685547,32.36678364922431,31.81326459728745,32.32456782317028,23063000
2024-07-01,31.742897033691406,32.352707350405296,31.710061313796047,32.296416011088226,16757800
2024-07-02,31.907072067260742,31.968055239411736,31.766349102932733,31.817948596833734,16724200
2024-07-03,32.09940719604492,32.32456901309835,31.893009161981418,31.95399235140509,13241200
2024-07-05,32.15568923950195,32.29172036386803,32.00558259784748,32.15099740040582,13830600
2024-07-08,32.18852615356445,32.291721565747764,32.066563384298114,32.1838343142937,13634400
2024-07-09,32.2823486328125,32.554418109720466,32.15569757498324,32.188533299518646,21601200
2024-07-10,32.58725357055664,32.59663367227989,32.16038557622507,32.40431116693612,13800000
2024-07-11,33.1829833984375,33.272110455961425,32.73735526846788,32.75142720832429,29766400
2024-07-12,33.426910400390625,33.64268850479671,33.15484095529486,33.300255778545115,16524200
2024-07-15,32.615386962890625,33.15483389850058,32.56378747294732,33.05163491861396,29827600
2024-07-16,32.86869812011719,32.92498945832424,32.71389962416652,32.81240678191013,15009200
2024-07-17,32.88746643066406,33.304950738117526,32.751431695373256,32.83586692490461,27516000
2024-07-18,32.859317779541016,33.17829486939847,32.803026441745594,32.84524226097344,13542600
2024-07-19,32.896846771240234,33.000045783508895,32.69983242717762,32.920302393601474,12985400
2024-07-22,33.173606872558594,33.24865841948783,32.95782875425215,33.07040786405869,12965400
2024-07-23,32.96720886230469,33.16891503927976,32.9437568196206,33.10793543371069,12686400
2024-07-24,33.33778762817383,33.46913052785625,33.000046698232964,33.201752888124005,25284800
2024-07-25,33.06102752685547,33.67083431454641,32.92030095648237,33.492583760389124,26666000
2024-07-26,33.38468551635742,33.450356946962216,33.20174316269771,33.3237059247457,16706400
2024-07-29,33.53479766845703,33.64268851008962,33.239276182146256,33.511345627284825,15151200
2024-07-30,33.70835494995117,33.736498826711966,33.42690544586935,33.497268716595954,16696400
2024-07-31,34.14460754394531,34.219659085048825,33.81624676249528,34.182135103909616,21765400
2024-08-01,34.75910949707031,34.80601716215925,34.168062896238425,34.21028229999628,32567400
2024-08-02,34.815399169921875,35.44396972533278,34.34162354398549,35.20004773129317,48257200
2024-08-05,33.895999908447266,34.99834623710481,33.85847234163385,34.99834623710481,41099800
2024-08-06,34.18213653564453,34.57616519529853,34.003882407760365,34.02733802842678,29286400
2024-08-07,34.37446212768555,34.77787450354203,34.24311922928122,34.46358919967087,24758800
2024-08-08,34.411983489990234,34.62306974168897,34.14460590105354,34.243113057101276,23360400
2024-08-09,34.52926254272461,34.57617021203814,33.93821588866199,34.49642681632256,16708400
2024-08-12,34.590232849121094,34.60430478824679,34.33223894789203,34.53863335311032,15027000
2024-08-13,34.79194259643555,34.82477831740381,34.580856330043154,34.73565483410433,17075000
2024-08-14,34.76849365234375,34.974888097319656,34.510496122591995,34.71220230617278,16166000
2024-08-15,34.76380157470703,34.86700058590294,34.44951627975618,34.56678723269236,18807600
2024-08-16,34.91859817504883,35.03586912154878,34.651220560181955,34.80132722854888,13522800
2024-08-19,35.14844512939453,35.17190074815676,34.923283357282,34.951430815561665,11505400
2024-08-20,35.07339096069336,35.26571701903366,35.0358669800142,35.148446079701785,15989800
2024-08-21,35.32201385498047,35.42990113181281,35.07808825906928,35.12499592633663,13451800
2024-08-22,35.279781341552734,35.43457980696483,35.139058392034336,35.35952470416226,14648000
2024-08-23,35.378299713134766,35.5471701692358,35.27510070342576,35.401755334914235,15050400
2024-08-26,35.608150482177734,35.753565304770135,35.495567801307686,35.50025964105022,13336400
2024-08-27,35.326698303222656,35.65974735734346,35.31262636244399,35.533096311510285,16666800
2024-08-28,35.326698303222656,35.63160347578614,35.29855442166534,35.43458914723443,10482800
2024-08-29,35.51901626586914,35.55185197980185,35.096840244716894,35.443961160409,12758200
2024-08-30,35.78640365600586,35.838003160491475,35.4533545863058,35.58469747815085,17007400
2024-09-03,35.734806060791016,35.99280359700359,35.622226944455335,35.795785669884175,23627000
2024-09-04,36.03970718383789,36.311776631438136,35.86145305942558,35.90836429984472,27303200
2024-09-05,35.950584411621094,36.358688631720604,35.84269713496329,36.31178096452914,15545400
2024-09-06,35.608150482177734,36.105378130132486,35.6034586424352,36.030323009552454,19605800
2024-09-09,35.96934509277344,35.97403693273571,35.556552646726104,35.76294708033712,14366200
2024-09-10,36.13821029663086,36.2883169442034,35.91304853585966,36.03501130539509,23255400
2024-09-11,36.25079345703125,36.28832101784333,35.72073008115499,36.14290619322798,20766600
2024-09-12,36.330535888671875,36.391519068101545,36.105377687343335,36.330535888671875,19335000
2024-09-13,36.84184265136719,36.85122275282912,36.31177923754475,36.452502232426376,16238800
2024-09-16,37.123287200927734,37.226486197183796,36.86060144960319,36.95910860634989,19910600
2024-09-17,37.09514236450195,37.235865336727464,36.97317959217996,37.14205002191046,27963000
2024-09-18,36.81369400024414,37.13267109101923,36.654203665444115,37.02947209417656,47034800
2024-09-19,36.59790802001953,36.76677843519108,36.29769474389779,36.6823432276053,41536400
2024-09-20,37.56422424316406,37.6439676147072,37.00601348471273,37.057612978964094,44279200
2024-09-23,37.93684387207031,37.969902099794794,37.658207150041186,37.7951636943502,23340600
2024-09-24,37.66765213012695,38.144634586469614,37.58736477931881,37.72432131531344,28105200
2024-09-25,37.866004943847656,37.979346927651854,37.53542265647012,37.87544860788271,16359200
2024-09-26,37.60625457763672,37.960451386704385,37.502359873560934,37.795160263088064,19794600
2024-09-27,37.97935104370117,38.0832493747304,37.72432885019592,37.762110716584196,14804000
2024-09-30,38.149356842041016,38.17297140373359,37.71487629027708,38.0549058014232,19014200
2024-10-01,38.456336975097656,38.51300977435101,37.87545249275125,38.10686372072798,24362400
2024-10-02,38.475223541259766,38.54606363151687,38.14463765441884,38.21075771424835,16491600
2024-10-03,38.46105194091797,38.75385233004394,38.366597296783574,38.687735880687995,24205400
2024-10-04,38.399662017822266,38.44216751564279,38.00768688834898,38.13047254188188,25082800
2024-10-07,37.516536712646484,38.29576700834992,37.41736201324927,38.27215604358516,35284000
2024-10-08,37.53542709350586,37.79989295467021,37.5307034593916,37.68182732335368,26022200
2024-10-09,37.21428298950195,37.54486526760875,37.00176272236764,37.43152328698307,34288000
2024-10-10,37.10093688964844,37.544864745281544,37.082045959294206,37.252060729405756,26326600
2024-10-11,37.42679977416992,37.42679977416992,36.86008626613869,36.97815188056825,19332600
2024-10-14,37.89906311035156,37.93212133903503,37.41263334411907,37.483473435034135,18041800
2024-10-15,38.06908416748047,38.347717340481324,38.02657866468872,38.0643605331531,26427600
2024-10-16,38.824703216552734,38.9002669528882,38.08797480266824,38.25798960634578,19099600
2024-10-17,38.47994613647461,38.961652251687234,38.45160793929041,38.952208588010215,23527200
2024-10-18,38.701904296875,38.720795226248725,38.276870996733344,38.44688575802055,14035200
2024-10-21,38.550785064697266,38.90498192579433,38.39966121475225,38.79163993910477,14811600
2024-10-22,38.4138298034668,38.49411716635161,38.106862062662856,38.29104414837599,17119200
2024-10-23,38.78219985961914,38.79636715888028,38.37133016566061,38.44217026504341,19645000
2024-10-24,38.531890869140625,38.86720037328363,38.40438159530042,38.78691301989751,13092000
2024-10-25,37.9604606628418,38.75858548729096,37.932126064176856,38.725527254489485,17518200
2024-10-28,38.25798416137695,38.4516099027941,38.073802084119066,38.163529504400636,14622800
2024-10-29,37.44097137451172,37.837673758188,37.4315277096257,37.83295012420648,27733000
2024-10-30,37.35123825073242,37.65820958693934,37.285121791005004,37.58736949349515,20910600
2024-10-31,37.73849868774414,38.01713183757362,37.417360038657705,37.445694636111014,27516000
2024-11-01,36.89786148071289,37.84710995128447,36.86480325552265,37.733767979643126,30861000
2024-11-04,36.45866394042969,36.72313339329055,36.260314553091774,36.529504036786655,27956200
2024-11-05,37.006492614746094,37.006492614746094,36.33115704404191,36.43977901269214,19016200
2024-11-06,36.62395477294922,36.78452227793776,36.27920159594943,36.52950012024132,32958800
2024-11-07,36.6900749206543,37.05843909559437,36.49644556542444,36.8081405461134,37703200
2024-11-08,37.393741607666016,37.47402536087158,36.845915426336376,36.87425362393811,28857200
2024-11-11,37.497642517089844,37.719606464417694,37.3134604337916,37.398467826319774,26011000
2024-11-12,37.0678825378418,37.4693049413785,36.88842408532855,37.38430115051191,18703200
2024-11-13,37.00176239013672,37.322901001589855,36.845914916252866,37.308733704523426,16411800
2024-11-14,36.8742561340332,37.237896666473404,36.81758333804854,37.0489909496014,17707400
2024-11-15,37.42679977416992,37.47402529932642,36.831748068583494,36.902588157856556,23931400
2024-11-18,37.752662658691406,37.856560977631204,37.346516649968564,37.39374217592029,14660200
2024-11-19,37.99351119995117,37.99823483313092,37.431521356158655,37.610979783148714,11750400
2024-11-20,38.01240921020508,38.19187127370014,37.82350348166785,38.064358375629745,12196800
2024-11-21,38.6735725402832,38.72079806564239,37.88489509724722,38.06907716830169,21764000
2024-11-22,38.46577835083008,38.85303344832137,38.45161105262917,38.79636425551772,15761400
2024-11-25,38.536617279052734,38.843588608734066,38.25326051437641,38.7727485167958,14253800
2024-11-26,39.15056228637695,39.17417324972122,38.546066857993814,38.64524155142446,17374800
2024-11-27,39.15056228637695,39.391417172181065,39.11278042133377,39.26862791232919,17156600
2024-11-29,39.16472244262695,39.30640260916257,39.07971506332085,39.278064414009656,9234800
2024-12-02,38.3240966796875,39.174166886619616,38.30992938336676,39.15999959029887,22084200
2024-12-03,37.99351119995117,38.67829388795878,37.98406753666808,38.555504646820104,18853600
2024-12-04,37.98878860473633,38.2060288763429,37.8423848106609,38.111574234507756,24169400
2024-12-05,38.10685729980469,38.319373955811294,37.93211890052436,38.031293580199204,14226000
2024-12-06,37.63460159301758,38.215482478309085,37.56376149398573,38.125755049074044,14228600
2024-12-09,37.16233444213867,37.68654606538241,37.13871987770992,37.63459690610048,21053800
2024-12-10,36.89315414428711,37.100947229943976,36.59562641213055,37.100947229943976,20319000
2024-12-11,36.6617317199707,37.020652181272915,36.595615266977724,36.99231758801205,14759600
2024-12-12,36.64284133911133,36.954536281956635,36.609783112119544,36.83647067083217,15425000
2024-12-13,36.66645812988281,36.86008747336573,36.60506530547631,36.69479272528939,13808400
2024-12-16,36.3736572265625,36.793974178664286,36.3594899276412,36.699519514060555,16121000
2024-12-17,36.222530364990234,36.37365421275752,36.076130150831005,36.146970242644954,15876800
2024-12-18,35.367733001708984,36.25086504060065,35.34411843904035,36.198915885190765,29811800
2024-12-19,35.52831268310547,35.929735123902866,35.39135611331299,35.40079977881577,27076400
2024-12-20,36.09502410888672,36.175307871572144,35.278008373865916,35.325237507753386,25188600
2024-12-23,36.217872619628906,36.24644559260859,35.65122678866819,36.00359530338127,20114400
2024-12-24,36.417869567871094,36.427391470421085,36.10835505755002,36.21787328504792,9010200
2024-12-26,36.332157135009766,36.43215345781585,36.184540401691706,36.26549291980571,10114000
2024-12-27,36.22739791870117,36.33215700877994,35.99406953337038,36.14168626617557,13805400
2024-12-30,36.07501983642578,36.16549061808991,35.74645791642804,36.065494301770386,16870000
2024-12-31,36.041690826416016,36.25596814651428,35.87026751716647,36.146449919060444,12605400
2025-01-02,36.317867279052734,36.503578879667955,36.05597319707244,36.303582609680895,24103400
2025-01-03,36.70357131958008,36.89880118815841,36.37024662667678,36.52738525477717,17767000
2025-01-06,36.294063568115234,36.732143750370355,36.17501980339847,36.70357440937509,25623800
2025-01-07,36.203590393066406,36.57500637052458,36.108356831179314,36.41787135670363,22856400
2025-01-08,36.194068908691406,36.23216015413032,35.598850057693646,36.1416893591694,26845800
2025-01-10,35.98931121826172,36.58928916667699,35.81788790930669,36.30834763045628,31217000
2025-01-13,35.570274353027344,35.98931071704932,35.194099265038204,35.951215841606,24891600
2025-01-14,36.03693389892578,36.14645577705638,35.61790109336578,35.708371897461916,19675000
2025-01-15,36.56548309326172,36.92737715410107,36.5273882167676,36.665479419363244,21360400
2025-01-16,37.489261627197266,37.50354629679722,36.53214880180154,36.54643347140149,30415000
2025-01-17,37.54164123535156,37.71306455328785,37.34641134337983,37.46545511233961,14668800
2025-01-21,38.11781311035156,38.30352108388104,37.870200057027446,37.96543724404719,21633400
2025-01-22,37.294029235839844,38.22256911685249,37.274981798161726,38.22256911685249,23644800
2025-01-23,37.47021484375,37.74163446966549,37.365455754286614,37.432119968867454,21585000
2025-01-24,37.85115051269531,37.96067236343984,37.332121495805765,37.41307037557123,16769600
2025-01-27,36.97499465942383,37.17975008344177,36.108356183262934,37.089275658223215,42448200
2025-01-28,36.465484619140625,36.9559443180976,36.14168545386896,36.9559443180976,28540200
2025-01-29,36.54167556762695,36.960711973944655,36.417872659330946,36.45596390569175,19130800
2025-01-30,37.303550720214844,37.360693032608886,36.93213477197164,36.96546687930302,18712600
2025-01-31,37.084510803222656,37.37021873353268,36.998799150715094,37.33688662605348,19669600
2025-02-03,37.284507751464844,37.42259531855657,36.53691307062202,36.59405175136968,28118800
2025-02-04,36.95594787597656,37.132133961650034,36.58453189859831,37.070228876801984,20498200
2025-02-05,37.327369689941406,37.57974193798412,37.01785511608733,37.3226069212251,15992600
2025-02-06,37.284507751464844,37.48926316764102,37.017847253908954,37.48926316764102,12820800
2025-02-07,37.20832061767578,37.53688258679993,37.16546660410006,37.27498483852307,14330400
2025-02-10,37.61307144165039,37.62735611387942,37.1083269806096,37.313082426057285,10664200
2025-02-11,37.80353927612305,37.822586715256996,37.15117810926349,37.46545540558238,10835600
2025-02-12,37.73686981201172,37.82734422709452,37.15117294704086,37.317837108072766,14888800
2025-02-13,37.82258224487305,37.894009224951276,37.58925750068281,37.80829757544283,17020800
2025-02-14,37.665443420410156,38.108286335091414,37.641636849125334,37.8035346123997,13972000
2025-02-18,38.0178108215332,38.079715897526995,37.69401530432811,37.82258095775207,15509000
2025-02-19,38.217811584472656,38.33209258240549,37.936866408100464,37.97496128505389,12513200
2025-02-20,38.21304702758789,38.30352144788463,37.75591942433063,38.09400326737733,17390800
2025-02-21,38.222572326660156,38.34637886550114,38.03686433486247,38.21781319153642,15547400
2025-02-24,38.032100677490234,38.33685240384075,37.860677377302174,38.33208963635577,14974000
2025-02-25,37.84163284301758,37.91781896398567,37.29403079390773,37.80830073392015,21837800
2025-02-26,37.998775482177734,38.332096608208424,37.78925726985684,37.91306381649444,15421800
2025-02-27,37.155941009521484,37.97972549859101,37.117846131118,37.89401383864694,25074600
2025-02-28,37.722591400146484,37.73687607164966,37.198799525106594,37.39879219200639,21770000
2025-03-03,37.774967193603516,37.89401095485935,37.52259500100951,37.68449277251235,19276400
2025-03-04,37.160701751708984,37.974960660323895,37.103559437218905,37.77496800899968,22561800
2025-03-05,36.898807525634766,37.160705284117114,36.5988185201322,36.913092197383314,20666800
2025-03-06,36.132164001464844,36.64643396316799,36.02740853483131,36.61310185266469,25405800
2025-03-07,36.80356979370117,36.96546756576662,36.10835466150243,36.21311375303998,23234400
2025-03-10,37.20832061767578,37.317842485026354,36.675003217969966,36.675003217969966,37366000
2025-03-11,36.860713958740234,37.332126261411844,36.66548043599016,37.18927228706167,32640000
2025-03-12,36.746429443359375,37.07022863771597,36.522626578196025,36.855951308434356,17432000
2025-03-13,36.83689498901367,36.98927083003944,36.603570277145664,36.8702270907091,16801200
2025-03-14,37.55592727661133,37.59878128704976,36.81309173266603,36.94642016459979,18269400
2025-03-17,37.71306610107422,37.932109841926234,37.36069754771137,37.54640554427609,19290400
2025-03-18,37.45116424560547,37.55592332622768,37.208313979883705,37.48925911727299,19285200
2025-03-19,37.58926010131836,37.641639648137826,37.33688790278494,37.4702163372609,16163400
2025-03-20,37.741634368896484,37.79877304814052,37.513068753138704,37.594017637352565,16415200
2025-03-21,37.49878692626953,37.774969339978306,37.265462158170216,37.594020487514456,15627600
2025-03-24,37.486793518066406,37.942372720794765,37.45322483228325,37.64504746192086,13996800
2025-03-25,36.88734817504883,37.45801946249346,36.7147081831952,37.448426319217056,22396000
2025-03-26,37.131919860839844,37.21823985154592,36.892142515402085,36.892142515402085,15164000
2025-03-27,37.122337341308594,37.42925210835168,37.01203813188094,37.09835813878135,13971800
2025-03-28,37.39568328857422,37.63066410592211,37.28058750730322,37.34772488368833,19078600
2025-03-31,37.812889099121094,37.96634646381733,37.44363357300309,37.453223057610025,21470000
2025-04-01,37.90880584716797,38.01910139485122,37.544343199305324,37.78891715525246,18084800
2025-04-02,38.086238861083984,38.17255886581893,37.6882075248777,37.88003016414564,12951200
2025-04-03,37.846466064453125,38.46509223025846,37.798511313501166,38.038288726973946,38650200
2025-04-04,35.7412223815918,38.023904491807045,35.50624152955458,38.023904491807045,66165400
2025-04-07,35.19452667236328,36.27352497828215,34.42244314743098,35.19452667236328,73162600
2025-04-08,35.05065155029297,36.07690198260789,34.64303078373871,35.82273491623421,39600400
2025-04-09,36.4317741394043,36.527683623804094,34.05797598403013,34.74853597958804,70054800
2025-04-10,36.15842819213867,36.58043504695381,35.40552739534629,36.15842819213867,44167800
2025-04-11,36.5996208190918,36.724306086862235,35.693262573729555,36.13924866737706,28840000
2025-04-14,37.25660705566406,37.37649573466032,36.671549716768396,36.887347875476806,19415600
2025-04-15,37.25181579589844,37.58270976789902,37.20386104920437,37.33813580343282,15257200
2025-04-16,36.9161262512207,37.48679391558585,36.79144099182721,37.34292968586633,17500800
2025-04-17,37.29497528076172,37.764940595787365,37.05999445260529,37.05999445260529,18928800
2025-04-21,36.412601470947266,37.17029904458523,35.981001355665306,37.12713720370038,20780000
2025-04-22,37.4052734375,37.4867968733112,36.772261264136965,36.80103338060852,21700800
2025-04-23,37.56352615356445,37.9855330356162,37.22304270462852,37.77452776523405,27903600
2025-04-24,37.62106704711914,37.79370704235044,37.266197571904684,37.534747049503494,16828000
2025-04-25,37.50597381591797,37.67861380599106,37.3381303974336,37.65463460675953,14074600
2025-04-28,37.73616409301758,37.812890949764785,37.26619883260865,37.52515883421614,11084800
2025-04-29,38.0286979675293,38.09103877580914,37.52516395260347,37.6834179182902,13168000
2025-04-30,37.83687210083008,37.966350278951616,37.18467732065577,37.88003027396641,18077200
2025-05-01,37.94715881347656,38.42671347202089,37.822477236527455,38.07184404913736,17967000
2025-05-02,38.24448776245117,38.359579867328264,37.88002516184299,38.08623383155014,16074000
2025-05-05,38.148582458496094,38.26367457596488,37.77452667397577,38.11980668509457,14895800
2025-05-06,38.613746643066406,38.88229978948093,38.1198058387375,38.15337452470027,20635000
2025-05-07,38.72404098510742,38.9494322734487,38.41232970673569,38.546604433735965,19575000
2025-05-08,38.412330627441406,38.83913401651316,38.359579317896625,38.743224540274646,22437800
2025-05-09,38.47947311401367,38.52263494516406,38.230106247376625,38.5130418010362,17420400
2025-05-12,38.249290466308594,38.75761736483325,38.07665045195821,38.65691129958097,27460200
2025-05-13,38.196537017822266,38.49385862473808,37.985531754556256,38.19174044582647,24064000
2025-05-14,38.0286979675293,38.129404038771895,37.45802657177508,38.115017979839074,22912600
2025-05-15,38.839141845703125,38.944644486059886,38.158174914489294,38.18215411773864,26629200
2025-05-16,39.40980911254883,39.42419516951292,38.80077619589073,38.89668568145957,20076800
2025-05-19,39.57765197753906,39.59683460612189,39.069325125587284,39.078914610522546,16306400
2025-05-20,39.69274139404297,39.82701978500136,39.515308494451176,39.515308494451176,18075200
2025-05-21,38.96862030029297,39.63999768704647,38.891889783538325,39.563267170291816,22704000
2025-05-22,38.412330627441406,38.63772192118509,37.966344611379554,38.63772192118509,30637600
2025-05-23,38.87270736694336,38.906276053529,38.22051260581169,38.67129524742952,21730200
2025-05-27,39.16523361206055,39.265939665520676,38.86791202338175,39.17482675546373,18494200
2025-05-28,38.6185417175293,39.160440902546114,38.45069829422365,39.141258274352296,20954600
2025-05-29,38.88709259033203,38.949437048877314,38.465085731060384,38.637725732287954,20867400
2025-05-30,39.28512191772461,39.35225928605564,38.738429827764975,38.810363767751696,20680400
2025-06-02,39.40980911254883,39.4625604272254,38.959026481208085,39.117280425237794,26799200
2025-06-03,39.515316009521484,39.884571593424404,39.19880808727949,39.884571593424404,28547800
2025-06-04,38.82475280761719,39.44817545712813,38.82475280761719,39.44817545712813,33001800
2025-06-05,38.762413024902344,38.935053035189995,38.6856825053467,38.935053035189995,21175000
2025-06-06,38.93505096435547,39.00218833603956,38.604157019117935,38.959026506407014,21267200
2025-06-09,38.6856803894043,39.01657433414256,38.62333958970952,38.8679135340253,24866400
2025-06-10,38.776798248291016,38.86791482362467,38.489066123573494,38.78638773367286,28052800
2025-06-11,38.800777435302734,38.94464166825145,38.67609217311053,38.89189035188985,21394800
2025-06-12,39.27073669433594,39.2947158944108,38.805568019096796,38.824750647414234,19568600
2025-06-13,39.045352935791016,39.280337434087954,38.93026080234153,39.21319639263672,25325400
2025-06-16,38.8535270690918,39.448177636737746,38.666500995647354,39.237172360559335,27266600
2025-06-17,38.5322265625,38.891892654232194,38.25888047913204,38.79598315992202,28335800
2025-06-18,38.63292694091797,38.8247495600075,38.43151483729443,38.62333745638396,22324000
2025-06-20,38.73843002319336,39.05493789724681,38.685678710851114,38.71445448221828,31688200
2025-06-23,39.229522705078125,39.29230002703985,38.85770338471501,38.939792838233274,25573000
2025-06-24,39.398529052734375,39.509594064955316,39.20537827618216,39.27298178479842,20389600
2025-06-25,38.8721923828125,39.3067890593192,38.799758989375476,39.3067890593192,26771800
2025-06-26,39.19572067260742,39.21503648814305,38.87218905164472,38.94462243887453,18746200
2025-06-27,39.27298355102539,39.591685293961476,39.1522624681936,39.297125557122705,25307800
2025-06-30,39.43233871459961,39.475796538743985,38.95911041948528,39.08466138498342,22018000
2025-07-01,39.56754684448242,39.59651872804943,38.9591115007674,39.417850183116926,39690200
2025-07-02,39.22469711303711,39.60134631409672,39.03636882839211,39.422677779492595,21891000
2025-07-03,39.51925277709961,39.6786054941319,39.17640533640644,39.24400884955072,14900200
2025-07-07,39.60135269165039,39.63032457820835,39.350250727762095,39.4323438798693,20215600
2025-07-08,39.181236267089844,39.326103047225295,38.79975718457406,39.326103047225295,44289800
2025-07-09,39.54823303222656,39.625492620360255,39.06051875747081,39.33576271765661,40230400
2025-07-10,39.871761322021484,39.949024587733646,39.292301565641395,39.413022655230186,29074000
2025-07-11,39.81381607055664,39.96833892639572,39.44199671510855,39.55306174467203,22199800
2025-07-14,39.97316360473633,40.10354443484282,39.56754254243838,39.78483901379585,23883400
2025-07-15,39.5916862487793,39.968335446839575,39.39370558390038,39.968335446839575,26253000
2025-07-16,39.611000061035156,39.77035277034359,39.301954391893624,39.61582993577283,22625000
2025-07-17,39.775184631347656,39.89590571701315,39.52408271005894,39.58686003243871,19757000
2025-07-18,40.441566467285156,40.58160337834035,39.85244693943758,39.90556451549698,28627400
2025-07-21,40.57194137573242,40.81821342523682,40.41259234051448,40.54296949371374,19895600
2025-07-22,41.06931686401367,41.09345887188095,40.61540438037077,40.72646572161403,23518200
2025-07-23,40.76027297973633,41.537713455416885,40.59609037199457,41.436308175980294,40333000
2025-07-24,40.7071533203125,40.900304118437404,40.60091817087461,40.813384785635066,22137600
2025-07-25,40.813377380371094,40.856838880944174,40.615396742980494,40.769919563912666,16320400
2025-07-28,40.378787994384766,40.81821080799171,40.27738272970624,40.80855474264303,22413600
2025-07-29,40.84236145019531,40.866503458552025,40.44639640881405,40.53331574395215,18395400
2025-07-30,41.146575927734375,41.51356907337033,40.92444956393546,40.96308119697405,27424400
2025-07-31,41.36870193481445,41.431479258989654,40.98722285110732,41.02102460869578,30179600
2025-08-01,41.431480407714844,41.653606775757034,41.00171361326784,41.32041538163607,35852000
2025-08-04,42.165462493896484,42.28135370964038,41.5473710977753,41.63429043061205,25730800
2025-08-05,41.71638107299805,42.33447248667294,41.590830103309266,42.17994963325422,21454400
2025-08-06,41.34455871582031,41.79364130154361,41.31075695922244,41.77915167661724,23020600
2025-08-07,41.793643951416016,41.90953516936879,41.13209103420964,41.20935061813969,25702800
2025-08-08,41.61497497558594,41.986794317881404,41.51356970041444,41.90953473475256,18445200
2025-08-11,41.48460006713867,41.75018427343479,41.28178582168087,41.72121238870463,19548800
2025-08-12,41.66326141357422,41.672921163744824,41.29144208254117,41.61980359015221,20756800
2025-08-13,41.75501251220703,41.783984395801546,41.36870353840823,41.72121075330829,22425400
2025-08-14,41.46528244018555,41.72604044372703,41.421820930870936,41.60048947518141,18747800
2025-08-15,41.34455871582031,41.57151126205453,41.08862691973336,41.40250247906515,29576600
2025-08-18,41.1658935546875,41.56185860045888,41.10794610258115,41.40733574562409,16080000
2025-08-19,41.56668472290039,41.586000538525205,41.107942391070054,41.18037577863433,16436800
2025-08-20,41.610145568847656,41.875733447845676,41.460452592020815,41.63429126116217,20169000
2025-08-21,41.32524490356445,41.82744508601997,41.209350003225644,41.61497478618082,16230000
2025-08-22,41.54737091064453,41.78881309142411,41.42664982025474,41.610144551365714,19234800
2025-08-25,41.07897186279297,41.528054459545686,41.03551403929202,41.4073333710005,16982200
2025-08-26,41.17072296142578,41.26246848773886,40.92928077323745,41.117605385295114,17263000
2025-08-27,41.180381774902344,41.27696086708929,41.05483079711715,41.17072570774148,16821400
2025-08-28,40.86650085449219,41.223837922909695,40.80372721582623,41.20934829788045,16078800
2025-08-29,40.71680450439453,40.92927477779391,40.654030870942385,40.842355455413696,19469400
2025-09-02,40.581600189208984,40.629887886164056,40.325672079643475,40.56228437360393,20655000
2025-09-03,40.480194091796875,40.55745366852057,40.26289393377417,40.4415624613775,17268000
2025-09-04,40.43191146850586,40.87133434628329,40.219441158657354,40.76509919135904,22362200
2025-09-05,40.306358337402344,40.63471985134898,39.98765288969738,40.53814076835567,27006800
2025-09-08,39.89590835571289,40.349817162638175,39.741385503205585,40.330501345560336,28469400
2025-09-09,40.17115020751953,40.30635723589988,39.813813136382635,39.88624652561931,25741400
2025-09-10,40.86167526245117,40.929278777117645,40.316013585923585,40.316013585923585,32168800
2025-09-11,41.07897186279297,41.10794374512693,40.75061035458544,40.80855780336862,24265200
2025-09-12,41.28661346435547,41.40733455635651,40.89064842995667,40.96308182198037,18727000
2025-09-15,41.3831901550293,41.576344645078414,41.29144462744546,41.29144462744546,22818400
2025-09-16,40.62989044189453,41.32524511095571,40.61057462507446,41.3107591693695,21652800
2025-09-17,40.73129653930664,41.07897388085537,40.64920707925081,40.895479143533734,20168200
2025-09-18,40.76027297973633,41.02102730736442,40.47536927493451,40.658864016184225,25303000
2025-09-19,41.02102279663086,41.18520538631885,40.64437360467885,40.86167376596162,20974000
2025-09-22,41.41868591308594,41.511052717372394,40.942275858050785,41.039501340204865,19477000
2025-09-23,41.6325798034668,41.700638371933806,41.27770351201935,41.35548314359002,17900600
2025-09-24,41.92912673950195,42.00204770170132,41.58883386112385,41.71036756181806,17317600
2025-09-25,41.52562713623047,41.9777325768432,41.52562713623047,41.89022817837256,18689600
2025-09-26,42.20136260986328,42.21594606106204,41.627723372921004,41.66661504872727,16233800
2025-09-29,42.32289505004883,42.39095362621837,41.88537669150584,42.18191551115071,17130800
2025-09-30,42.395816802978516,42.56110456883831,42.094411882242596,42.37637096529417,21960000
2025-10-01,42.804168701171875,42.89653178696208,42.424980458713826,42.478455581025315,29195400
2025-10-02,42.72639083862305,42.74097429041302,42.41040245048711,42.692361548141605,22648600
2025-10-03,43.22224807739258,43.620878476371885,42.82361396949898,42.857646967024394,25133200
2025-10-06,43.64031982421875,43.6889362718627,43.178493242914946,43.475035770754815,20024200
2025-10-07,43.83963394165039,44.02922620625225,43.70351679874792,43.820188105676614,32901800
2025-10-08,44.14104080200195,44.20423699004613,43.81532767107575,44.150761865964846,19790400
2025-10-09,44.029232025146484,44.41814137819226,43.94172760615691,44.28688289525066,21557400
2025-10-10,43.84935760498047,44.41813814142265,43.800744866620796,44.17507074071009,23183800
2025-10-13,44.184791564941406,44.3889672902921,43.85908213989423,43.878527976915365,18760600
2025-10-14,44.57855987548828,44.72440179970518,44.034091270762175,44.10701223287062,17571800
2025-10-15,45.161922454833984,45.29803960176999,44.777875528027906,44.777875528027906,19087600
2025-10-16,44.670928955078125,45.5848610946036,44.66120789046073,45.29804332696046,29119000
2025-10-17,44.51536560058594,44.81677052610137,44.32577331629999,44.75357062539648,21825800
2025-10-20,44.50078201293945,44.96260860987924,44.330635567167654,44.8556583557043,25420000
2025-10-21,44.04867172241211,44.59800267625551,43.83477123716755,44.544527554944366,22107800
2025-10-22,43.94658660888672,44.170208171547856,43.73754849678176,44.14589994801144,19108600
2025-10-23,43.912559509277344,44.25771478898995,43.6694920974588,44.23340656424235,16134000
2025-10-24,44.427860260009766,44.64661944227757,44.12159666305198,44.16534701593983,21737600
2025-10-27,44.54939270019531,44.59314676075694,44.00492038990396,44.42785900040017,16042800
2025-10-28,43.81532287597656,44.70981272815083,43.76184775774754,44.70981272815083,20661400
2025-10-29,43.800743103027344,44.097285616669815,43.62087560744732,43.81046787565624,24271800
2025-10-30,43.61601257324219,44.16534353336521,43.601429123429526,43.75212971671239,18870800
2025-10-31,43.31460952758789,43.54795586129797,43.08612558032768,43.42155977600026,18434000
2025-11-03,43.33891677856445,43.460450474685544,42.83333615763102,43.28057926921726,22339600
2025-11-04,43.183353424072266,43.353499855394006,42.99861983385378,43.319470569129656,17156200
2025-11-05,43.19307327270508,43.39724898454756,42.993759947024735,43.17362743697047,16858200
2025-11-06,43.003482818603516,43.441004868743846,42.984036982051265,43.11529545155041,23668200
2025-11-07,43.6014289855957,43.61115004913542,42.82847276774199,42.82847276774199,24337600
2025-11-10,43.58684539794922,43.92713825447252,43.212519546859625,43.72782121785604,17947200
2025-11-11,43.61115264892578,43.7812990878686,43.368085247889134,43.60629026240907,14435400
2025-11-12,43.71324157714844,43.75213325240111,43.47017417019065,43.64032061327824,15018400
2025-11-13,43.110435485839844,43.601432686839885,43.07640619719118,43.601432686839885,20675400
2025-11-14,43.149322509765625,43.47989429625269,42.88680929323939,42.988897148180605,20168200
2025-11-17,43.538230895996094,43.68407281753466,43.188213251434824,43.23196731146205,24201400
2025-11-18,43.37294387817383,43.78615768236769,43.35836042880087,43.57711958722295,25158800
2025-11-19,43.00834274291992,43.5285067869445,42.91597595181289,43.40697309713582,25095600
2025-11-20,42.789581298828125,43.61601264235734,42.76041439915657,43.34863703232148,25543200
2025-11-21,42.852783203125,43.02292964071221,42.54651590655384,42.96945451619706,28589400
2025-11-24,43.33891677856445,43.45072570200398,42.64860627473602,42.91597818085398,23572800
2025-11-25,43.17363357543945,43.5187888637469,42.998624737859,43.4507302834561,22195600
2025-11-26,43.74726867675781,43.8007438003259,43.32433378351906,43.40697580761007,16759200
2025-11-28,44.05839157104492,44.092420855585175,43.7764362315316,43.82018657926314,7882600
2025-12-01,43.02779006958008,43.81046735578642,43.00348184721034,43.81046735578642,26339000
2025-12-02,42.72152328491211,43.22710390300098,42.66804816220657,43.22710390300098,17384200
2025-12-03,42.58540725708008,42.87708739200179,42.42012320722629,42.7555536933749,21728000
2025-12-04,42.49789810180664,42.8381946453242,42.35205990508231,42.56109799174287,15535200
2025-12-05,42.099273681640625,42.565962652812104,42.07982784422753,42.50762884948707,13474700
2025-12-08,41.53535842895508,42.20622311661701,41.47702091784414,42.17705621551863,21607900
2025-12-09,41.56452560424805,41.97287705797588,41.54507976708279,41.758980266986434,24347200
2025-12-10,41.545082092285156,41.64231128355319,41.24367716272586,41.61314067171558,25940200
2025-12-11,41.84648132324219,41.95343156461547,41.46729680121976,41.46729680121976,18703300
2025-12-12,41.642311096191406,42.17705866455917,41.583973581693066,41.97287921827217,17179800
2025-12-15,42.02149200439453,42.08955057758487,41.64230746550145,41.91454175826283,19176400
2025-12-16,41.84648132324219,42.10899454054554,41.59368916928463,42.00204429917226,19067900
2025-12-17,41.574241638183594,41.94370508179264,41.360344873074155,41.86592545145659,19444600
2025-12-18,41.982601165771484,42.21594379022871,41.77842544214288,41.83675924380012,21935800
2025-12-19,41.447853088378906,42.167330498061034,41.41868247901973,41.924263103914406,22612000
2025-12-22,41.60164260864258,41.66041343318382,41.170636632937786,41.42532266161797,17894900
2025-12-23,41.748573303222656,41.87591631724713,41.51348253223947,41.53307405260481,15097300
2025-12-24,41.9346923828125,41.983669317132744,41.68000634562631,41.73878090883095,5761000
2025-12-26,41.905303955078125,41.993463933054194,41.758373149585104,41.91510158413137,8436700
2025-12-29,41.98366928100586,42.22855768909694,41.89550930462505,41.93469234672776,12838700
2025-12-30,42.08162307739258,42.15998916146359,41.93469227481025,42.00326073002211,9255300
2025-12-31,41.81714630126953,42.130603187783784,41.80735240837258,42.09142387949513,10129000
2026-01-02,42.297122955322266,42.50282830580093,41.787754656493945,42.0130515265468,20495400
2026-01-05,41.826942443847656,42.404879258443074,41.20002869310701,42.30692164945191,27884400
2026-01-06,42.03264236450195,42.08161929429308,41.65061708075086,41.87591394715022,21861800
2026-01-07,41.01390838623047,42.09141959351841,40.886569108032255,42.07182807301858,27613300
2026-01-08,41.1314582824707,41.4253236220917,40.955138331358,40.96493222344181,22853300
2026-01-09,41.64081954956055,42.013050942898694,41.62123176695874,41.65061717756168,21518300
2026-01-12,41.70939636230469,41.83673564684334,41.435118798350764,41.51348488425207,16810600
2026-01-13,41.973873138427734,42.08162463967539,41.55266476266002,41.748576243410234,22207400
2026-01-14,42.28732681274414,42.43426134636232,41.89550761759635,41.934690658121255,21403100
2026-01-15,42.71833038330078,42.92403572944022,42.434258960517624,42.434258960517624,21762700
2026-01-16,42.50283432006836,42.630177346969894,42.062034409025195,42.28733131095819,27803600
2026-01-20,42.08162307739258,42.47344602434655,41.95428379582801,42.23835150883406,25300900
2026-01-21,42.14039611816406,42.42446755760886,41.817141638099216,42.42446755760886,33736500
2026-01-22,41.836734771728516,42.38528615146145,41.72898327421842,42.31671769608241,26170700
2026-01-23,41.68980407714844,41.8759179227038,41.43511803933522,41.836734880470914,26527200
2026-01-26,41.993465423583984,42.29712841110222,41.787760046572,41.8269430907745,19254000
2026-01-27,42.542015075683594,42.659560466736686,41.7289837572066,41.9444867547211,31070500
2026-01-28,42.444061279296875,42.7771059317396,42.24814980273598,42.61058360551824,25183600
2026-01-29,42.444061279296875,42.875063538370355,42.199172867770905,42.62037749783101,27417900
2026-01-30,42.36569595336914,42.49303897592136,41.8955106432156,42.34610443169183,27998400
2026-02-02,41.748573303222656,42.590989995429986,41.68000485029419,42.41467004884239,32847600
2026-02-03,42.355899810791016,42.53221602311898,41.78775692243258,41.78775692243258,35525500
2026-02-04,42.19917297363281,42.75751825437665,42.11101299579428,42.58119829869958,30994300
2026-02-05,42.2187614440918,42.483241381903504,41.993464549667166,42.33631057425301,31475400
2026-02-06,42.46364974975586,42.96322420988984,42.101215941119904,42.60079040125388,30530100
2026-02-09,42.59099197387695,42.65956042999058,42.17958123719522,42.48324047521252,21173900
2026-02-10,43.29627227783203,43.619523040744575,42.669358536801084,42.85547238595069,34683600
2026-02-11,43.67829895019531,43.717481994391456,43.23749904474062,43.453002051118645,25614800
2026-02-12,44.32480239868164,44.80478532847309,43.82523168430333,43.8742086191717,45623300
2026-02-13,45.54924774169922,45.647201618506394,44.27582865970157,44.27582865970157,42451800
2026-02-17,45.431697845458984,46.11738612534389,45.2945609368221,45.84310857136962,32424000
2026-02-18,44.67744064331055,45.65699425097199,44.579483040524124,45.65699425097199,32841500
2026-02-19,45.16721725463867,45.2357857079467,44.7460089062034,44.84396277187188,24172500
2026-02-20,45.382720947265625,45.53944937678711,44.941921071517534,45.353331797748744,22623200
2026-02-23,45.725563049316406,45.999836865785326,45.421900083439745,45.51985768696472,33130900
2026-02-24,46.23493194580078,46.26431735886919,45.343538294620515,45.68638056942041,29503300
2026-02-25,46.391658782958984,46.46022723556341,45.647195959396065,46.24472424926355,22356600
2026-02-26,46.21533966064453,46.421045022122954,45.95085973730064,46.30349963509249,30578600
2026-02-27,46.754093170166016,46.822661623656124,46.16636250119353,46.234930954683634,39759600
2026-03-02,46.40145492553711,46.76389246311313,46.39166103327587,46.44063796798326,33087300
2026-03-03,46.10758972167969,46.479821152655965,45.020284579025706,45.74515591969523,60946600
2026-03-04,46.30350112915039,46.450431933504305,45.80392667892552,46.12718117456521,24020800
2026-03-05,45.941070556640625,46.05861595572547,45.519862161827305,45.990047494867575,29794500
2026-03-06,45.784339904785156,45.99983916993353,45.39251694445972,45.67658840386063,25001700
2026-03-09,45.89208984375,45.99004745682373,45.09865372970752,45.60802210758833,27759000
2026-03-10,45.6080207824707,46.07820610146103,45.51986080161622,45.68638313395205,24935900
2026-03-11,45.225990295410156,45.608019358317534,45.05946796827414,45.54924479401625,20026100
2026-03-12,45.54924774169922,46.078207644540065,45.02028783885837,45.05947088426159,27419900
2026-03-13,45.99983596801758,46.352475860424086,45.901882103104846,46.009633596529106,31521000
2026-03-16,46.293701171875,46.52879567839825,45.99004194946214,46.47981874607686,19775400
2026-03-17,46.16636276245117,46.66593346023483,46.11738582920971,46.548388073115234,18502300
2026-03-18,45.77454376220703,46.185958257580275,45.77454376220703,45.990046771054956,31063500
2026-03-19,45.58842849731445,45.941068414829495,45.09865166447704,45.69617999841079,29544000
2026-03-20,43.7370719909668,45.705973184389315,43.521568992105394,45.51006170694264,47128300
2026-03-23,44.171085357666016,44.575510072948575,43.963941817287854,44.31904717955067,31574300
2026-03-24,44.476871490478516,44.92075319454027,43.88503172694648,43.95407957393103,24183800
2026-03-25,44.63469696044922,45.02925932268838,44.59523997166019,44.90102599053682,22297400
2026-03-26,44.7136116027832,44.86156966870341,44.40782557936046,44.62483525810083,19988000
2026-03-27,44.970069885253906,45.453408548355284,44.68401238592503,44.753060228821624,26172900
2026-03-30,45.29558181762695,45.7098726489039,45.13775763495605,45.542182338226816,28363600
2026-03-31,45.2659912109375,45.325176690827654,44.64455684197958,45.226534224344064,42852800
2026-04-01,45.48299789428711,45.65068443208422,45.07857321526603,45.15748342045729,31185100
2026-04-02,45.70987319946289,45.95647372303297,45.28571999789632,45.41395332374387,17331800
2026-04-06,45.54218292236328,45.8676974198864,45.463272711428374,45.52245819174858,12939500
2026-04-07,45.64082336425781,45.798647541949585,45.41395134400247,45.433679836567094,13657000
2026-04-08,46.143890380859375,46.143890380859375,45.35476943038962,45.660555444932804,18879700
2026-04-09,46.50886154174805,47.061244321673485,45.986065858543,46.02552284648781,23274600
2026-04-10,46.321441650390625,46.81464269972483,46.23266531099745,46.4200841179527,15052100
2026-04-13,45.759193420410156,46.242532111427494,45.49286439835882,46.20307512382905,17795700
2026-04-14,45.83810806274414,45.92688440471999,45.27585915117228,45.76906021485465,25118600
2026-04-15,45.39422607421875,45.690145958046614,45.25613037928745,45.68028359247672,24843900
2026-04-16,45.71973419189453,45.739462684726774,45.21667079456068,45.37449497439338,26945000
2026-04-17,45.532318115234375,45.65068530670159,45.019388601776186,45.60136595715902,17601500
2026-04-20,45.12789535522461,45.70987273545527,45.02925665192802,45.49286307281238,14376100
2026-04-21,44.338775634765625,45.32517774560435,44.29931864725397,45.285720758092694,19596900
2026-04-22,44.25986099243164,44.99966256440661,44.10203680759,44.72347118164008,21731700
2026-04-23,45.46327590942383,45.51259526508056,44.58537858512682,44.75306514692483,23864300
2026-04-24,45.55204772949219,45.67041492387461,45.118032174873136,45.40408591439521,24158700
2026-04-27,45.56190872192383,45.867694707927065,45.542180229650214,45.73946138956117,14543100
2026-04-28,45.621097564697266,45.8874265858032,45.41395402477891,45.80851261088644,13016000
2026-04-29,45.0588493347168,45.640826738510846,44.940482133403314,45.44354556110472,12655100
2026-04-30,46.21294021606445,46.25239720599102,45.22653804485432,45.22653804485432,22378500
2026-05-01,45.91701889038086,46.6568204957989,45.88742803026832,46.20307641422063,15507000
2026-05-04,45.739463806152344,46.21293635725891,45.463272425379856,45.630958974327335,18054200
2026-05-05,45.739463806152344,46.183345498697676,45.72960144090705,45.89728798985453,17499600
2026-05-06,45.08843994140625,45.74933131758554,45.019392094125266,45.650688848023094,26315500
2026-05-07,44.50646209716797,45.05884863273426,44.38809489769856,44.99966315158684,23499400
2026-05-08,44.111900329589844,44.89115507961763,44.082305709738044,44.743197031659264,18158100
2026-05-11,44.52619171142578,44.6938820308175,44.220409458199065,44.4867347230012,22669300
2026-05-12,44.57551193237305,44.76293074962166,44.190815694816244,44.44728236173784,28240500
2026-05-13,44.06258010864258,44.21054192913472,43.75679786510273,44.19081343554741,27268600
2026-05-14,44.28945541381836,44.309180144362195,43.94421242409551,44.023126397572284,18472900
2026-05-15,43.27345657348633,44.16121991733009,43.234003351512854,44.102034440132115,21857600
2026-05-18,43.342506408691406,43.608835424092376,42.93808170296963,43.47073973377158,31554300
2026-05-19,43.73706817626953,43.80611602052549,43.02685747783651,43.224138645492935,22307100
2026-05-20,43.90475845336914,44.250001466808264,43.806119742572605,44.05272028238957,17584800
2026-05-21,44.38809585571289,44.397958221370935,43.835709308224615,43.94421414459066,18781100
2026-05-22,44.73332977294922,44.82210610460946,44.30917660644198,44.44727604899962,15187100
2026-05-26,44.7136116027832,45.01939386338034,44.7136116027832,44.9700745080736,13738200
2026-05-27,44.52619171142578,44.753063750628854,44.33877666064729,44.63469654818062,16869400
2026-05-28,44.02312469482422,44.654421406919376,43.97380534472151,44.41768325847109,19383000
2026-05-29,43.81597900390625,44.111902640979196,43.648292454868574,44.06257952625014,23048500
2026-06-01,42.5139274597168,43.36223383693748,42.484336601896395,43.303052121296666,31206300
2026-06-02,43.30305099487305,43.36223270897439,42.59284032305567,42.62243118010634,27366300
2026-06-03,43.11563491821289,43.875164987285544,43.08604405929623,43.36223544338614,21948600
2026-06-04,43.342506408691406,43.51019672038476,42.75066666079503,43.27345856353101,18216500
2026-06-05,43.74693298339844,44.0132620101777,43.37210288303549,43.4411507311458,21351600
2026-06-08,42.928218841552734,43.776525229804506,42.87889949026898,43.717339750568804,20843500
2026-06-09,43.381961822509766,43.480604285466484,42.87889843131873,43.04658497410734,20424800
2026-06-10,43.40169143676758,43.67788281453382,43.194547903442896,43.61870109805551,17778000
2026-06-11,43.451011657714844,43.914621847808334,43.411554670722765,43.618701971018496,19146300
2026-06-12,43.92448425292969,44.00339822698533,43.58910738884399,43.58910738884399,17942600
2026-06-15,44.131629943847656,44.38809282452402,43.5891057990655,43.875163300346046,18437600
2026-06-16,44.44728088378906,44.88129646199115,44.151357237515555,44.23027121327529,16396600
2026-06-17,43.855438232421875,44.555782848601616,43.63843232038728,44.2105436048019,22210400
2026-06-18,44.1513557434082,44.723470759829105,43.924483715014674,43.99353156005508,36828300
2026-06-22,44.393577575683594,44.641752756608746,44.10569345696577,44.15532773578025,21868600
2026-06-23,44.741024017333984,44.870076179530706,44.13547593339508,44.42336006950586,22295600
2026-06-24,45.20759201049805,45.26715163052448,44.760875926036064,44.95941682878058,18884500
2026-06-25,45.51532745361328,45.85284585697922,45.16788370905399,45.32671567611721,19262800
2026-06-26,45.86277389526367,45.89255370498892,45.55503530964287,45.66423299443905,19479300
2026-06-29,45.68408966064453,45.971973791345036,45.43591446938952,45.86277610129637,17917800
2026-06-30,45.00905227661133,45.6146003416241,44.989197807135994,45.52525712241151,18906800
2026-07-01,44.443214416503906,45.028908028724686,44.31416225466462,44.90978499533233,29493100
2026-07-02,45.42598342895508,45.46569236672908,44.67153254551273,44.70131235541687,24327900
2026-07-06,44.96934509277344,45.495479087272244,44.780733305675675,45.37635226577082,19176600
2026-07-07,45.366424560546875,45.981897958826984,45.19766346563856,45.2969358117178,18962700
2026-07-08,45.028907775878906,45.48554922369628,44.97927349448187,45.406135130831615,14863200
2026-07-09,44.80058670043945,45.32671689545494,44.71124347988466,45.227448333439796,19667800
2026-07-10,45.07854080200195,45.14802955139337,44.76087686568322,44.790656676321596,14050300
2026-07-13,45.38628005981445,45.54511203029317,45.098395929930255,45.118250399596704,15732100
2026-07-14,45.35649490356445,45.94218848461682,45.2274465354456,45.59474474452336,17386900
2026-07-15,44.889930725097656,45.61460184397721,44.84029265634802,45.39620645940834,15909500
2026-07-16,45.13810348510742,45.28700632276038,44.79065595687832,44.90978277122401,15615700
2026-07-17,44.84029006958008,45.81314011552664,44.73109617044784,45.56496493350722,20924600
2026-07-20,44.611968994140625,45.32671472434323,44.48292062707283,44.99912545590219,17830900
2026-07-21,44.59211730957031,44.71124412994396,44.314162302404384,44.5424830278411,15891700
2026-07-22,45.59474563598633,45.654309044103826,44.879999885987736,44.93956329410523,18366900
2026-07-23,45.852848052978516,45.99182934431117,45.26715443634776,45.3167925052502,13696700
2026-07-24,45.952117919921875,46.28963632120731,45.76350235673565,46.06131560663963,16109000
2026-07-27,45.3465690612793,45.94218797681401,45.2274460355429,45.79328514135669,16609100
2026-07-28,45.187740325927734,46.09109789156851,45.16788585574461,45.52525874533489,16412000
2026-07-29,44.582191467285156,45.46569454744293,44.40350502558438,45.42598560776433,23653200
2026-07-30,44.334014892578125,44.909783139411005,44.03620542797789,44.87007420097023,23428600
2026-07-31,44.026275634765625,44.41343209843461,43.986570483777534,44.284379943878285,20778500
2026-08-03,44.03620529174805,44.334014755426985,43.61926901311531,43.91708226364703,25872600
2026-08-04,43.78803253173828,43.966718977208664,43.2718276655853,43.92701003669236,26772300
2026-08-05,43.34131622314453,43.807886804980335,42.97401799215304,43.77810320630055,26062300
2026-08-06,43.063358306884766,43.94686134205435,42.84496293662614,43.82773831593724,27020100
2026-08-07,43.29167938232422,43.54977990555802,42.63649705288931,42.884672235051816,18693800
2026-08-10,42.815185546875,43.202338243778364,42.74569679547455,43.11299502242736,25438200
2026-08-11,43.3115348815918,43.39094897260943,42.76555022521723,42.81518450545986,19690800
2026-08-12,43.52000045776367,43.639123485874514,43.321459553010406,43.44058258112125,15979000
2026-08-13,43.718544006347656,43.8773759823849,43.55971203031041,43.56963737206454,17855900
2026-08-14,43.986572265625,44.08584082739559,43.658979195446825,43.68875900660743,17154200
2026-08-17,43.857521057128906,43.927009809246144,43.500148168038564,43.87737552728426,16377500
2026-08-18,43.69868850708008,44.324091054749516,43.62919975587824,44.20496423538672,19424700
2026-08-19,43.69868850708008,44.05606139146261,43.480293125101205,43.936934572099815,15856400
2026-08-20,43.45051193237305,43.93693317532232,43.430657463110435,43.510075340160896,17077400
2026-08-21,42.45781326293945,43.639125840334884,42.43795879270764,43.57956621649243,22073000
2026-08-24,42.9045295715332,42.94423472532477,42.38832470371276,42.55708202117269,20055700
2026-08-25,42.99386978149414,43.16262708712735,42.75561994117654,42.9243810336625,13430200
2026-08-26,43.19240951538086,43.3909504298721,42.96408878911448,42.99387238774259,12240200
2026-08-27,42.86481857299805,43.01372519983986,42.60671425805261,42.90452751173624,16033500
2026-08-28,42.4181022644043,43.06335926164571,42.24934495590126,43.023650323108704,20360500
2026-08-31,41.9217529296875,42.09051402921565,41.55445470627151,41.69343220773416,31622300
2026-09-01,42.24934387207031,42.29897815054188,41.78277332336162,41.991239565053824,30615800
2026-09-02,42.35853958129883,42.398248520515196,41.71328635987077,42.09051370872053,29769100
2026-09-03,42.715911865234375,42.8151842118918,42.457811337630716,42.50744561753302,22875900
2026-09-04,42.76554870605469,42.91445154149308,42.437955651755345,42.45781012051768,18858100
2026-09-08,43.13284683227539,43.390947352009,42.72583969052255,42.73576503145924,19711400
2026-09-09,42.62656784057617,43.212261420794285,42.51737394159716,43.08321305285925,16901700
2026-09-10,42.20963668823242,42.934307787212745,42.199707560013955,42.67620725632569,20625300
2026-09-11,42.08058547973633,42.64642462167629,42.00117138645942,42.576935869989136,15174000
2026-09-14,41.51474380493164,42.13021719097552,41.445255057484076,42.070657571364876,23581300
2026-09-15,41.018394470214844,41.643796999727556,40.98861465966518,41.61401340232507,24210500
2026-09-16,41.018394470214844,41.355912874904725,40.849637161296315,41.326133064355055,23577400
2026-09-17,41.38569259643555,41.455181345470514,41.01839438198605,41.19708081860533,20994900
2026-09-18,40.79999923706055,41.197081051089285,40.78014855452666,41.0779580216218,22574400
2026-09-21,40.65999984741211,40.93000030517578,40.58000183105469,40.77000045776367,20935300
2026-09-22,40.529998779296875,40.81999969482422,40.45000076293945,40.59000015258789,18870400
2026-09-23,39.75,40.40999984741211,39.709999084472656,40.380001068115234,27874300
2026-09-24,39.36000061035156,39.88999938964844,39.36000061035156,39.880001068115234,25586500
2026-09-25,39.5099983215332,39.599998474121094,39.130001068115234,39.40999984741211,30274100
